replicate,solar_reference_median_retention_pct,all_pair_median_retention_pct,same_integer_frequency_all_pct,same_integer_frequency_S10MW_8H_pct,same_integer_frequency_S50MW_6H_pct,same_integer_frequency_difference_S50_minus_S10_pct,integer_reclosure_changed_frequency_pct
1,47.33237134868208,48.21284329126638,1.0546875,0.0,2.109375,2.109375,0.9765625
2,46.7303816215983,47.47340602176225,1.2109374999999998,0.234375,2.1875,1.953125,0.6640625
3,47.47549590258751,48.427333646609895,1.19140625,0.35156249999999994,2.03125,1.6796875,1.0286458333333333
4,46.26205400990423,47.33527695906425,1.8619791666666667,0.8203124999999999,2.903645833333333,2.083333333333333,0.5208333333333334
5,46.64863443017522,47.631359733171266,1.34765625,0.46875,2.2265624999999996,1.7578124999999996,1.015625
6,46.71569487495293,47.736919353220806,0.9440104166666666,0.1171875,1.7708333333333333,1.6536458333333333,0.7942708333333333
7,46.957979440756425,48.33511582740243,2.194010416666667,0.9375,3.450520833333333,2.513020833333333,0.9765625
8,47.23312823645573,48.4958214740489,0.8463541666666667,0.35156249999999994,1.3411458333333335,0.9895833333333335,0.8333333333333334
9,46.95371260547146,47.97794473869342,1.8619791666666667,0.35156249999999994,3.372395833333333,3.020833333333333,0.9765625
10,46.14643385960744,47.49003575425881,2.3046875,1.0546875,3.5546875,2.5,0.703125
11,46.353855383853826,47.59419804014391,1.7968750000000002,0.5859375,3.0078124999999996,2.4218749999999996,0.9244791666666666
12,47.19868280885897,48.175705679502286,0.8072916666666665,0.234375,1.3802083333333333,1.1458333333333333,0.78125
13,46.95371260547146,47.98751116223216,1.3216145833333335,0.46875,2.1744791666666665,1.7057291666666665,0.7161458333333333
14,46.90558691337884,48.13152327846162,1.09375,0.234375,1.953125,1.71875,0.9765625
15,46.98406591986824,48.0307891700656,1.015625,0.234375,1.7968749999999998,1.5624999999999998,0.8203125
16,46.86023930146003,47.965166365203245,1.7187500000000002,0.35156249999999994,3.0859375,2.734375,1.0286458333333333
17,47.031767358467604,48.055213184822136,1.9856770833333335,0.7031249999999999,3.268229166666667,2.565104166666667,1.0286458333333333
18,46.75519130680157,47.81336094211233,1.2630208333333333,0.234375,2.2916666666666665,2.0572916666666665,0.8333333333333334
19,46.9220668799135,47.97361073033869,1.484375,0.234375,2.734375,2.5,0.8854166666666666
20,46.899163055670726,48.12070632941283,0.41015624999999994,0.0,0.8203124999999999,0.8203124999999999,0.7291666666666666
21,46.69661795125456,47.71468454146513,1.015625,0.0,2.03125,2.03125,0.8333333333333334
22,46.914508396486895,48.08040110709378,0.7486979166666667,0.234375,1.2630208333333333,1.0286458333333333,0.9114583333333334
23,47.077525724868664,48.02868716269395,1.7708333333333333,0.8203124999999999,2.7213541666666665,1.9010416666666665,0.8463541666666667
24,47.26408717888675,48.236692037908355,1.809895833333333,0.7031249999999999,2.9166666666666665,2.2135416666666665,0.7552083333333334
25,47.11349412888577,48.25025201861872,1.2369791666666667,0.234375,2.239583333333334,2.005208333333334,1.1848958333333333
26,46.98663403206206,47.93101377302313,1.6471354166666667,0.234375,3.059895833333333,2.825520833333333,0.9375
27,46.748351902163584,47.94786008093472,0.8593749999999999,0.0,1.7187499999999998,1.7187499999999998,0.8593750000000001
28,46.74201756141871,47.72680694040667,2.7408854166666665,1.0546875,4.427083333333334,3.372395833333334,0.8854166666666666
29,46.28140760855888,47.292897028234435,2.2200520833333335,0.8203124999999999,3.619791666666666,2.799479166666666,0.9765625
30,46.988243034821195,48.00609124631668,1.4322916666666667,0.1171875,2.7473958333333335,2.6302083333333335,0.8333333333333335
31,46.988243034821195,48.00203965783677,2.3567708333333335,0.7031249999999999,4.010416666666666,3.307291666666666,0.8984374999999999
32,46.78752416305616,48.04624938518044,1.4257812500000002,0.46875,2.3828125,1.9140625,0.8723958333333334
33,47.01472502285951,48.05204803704836,1.7187500000000002,0.35156249999999994,3.0859375,2.734375,0.8854166666666666
34,47.012012212676844,47.90499396180245,2.1223958333333335,0.5859375,3.658854166666667,3.072916666666667,0.8072916666666665
35,47.06496874347449,48.11878831224477,1.40625,0.234375,2.578125,2.34375,0.8723958333333334
36,46.56676681664144,47.49680880357981,1.1588541666666665,0.1171875,2.200520833333333,2.083333333333333,0.8072916666666665
37,46.55641039066591,47.64710631061602,1.3736979166666667,0.35156249999999994,2.395833333333333,2.044270833333333,0.9505208333333335
38,46.9382620058247,47.98383711758836,0.8658854166666667,0.1171875,1.614583333333333,1.497395833333333,0.8984374999999999
39,47.59673761476157,48.300403136756145,1.38671875,0.35156249999999994,2.421875,2.0703125,1.0026041666666665
40,47.506286765791614,48.3591352437725,0.7291666666666666,0.0,1.4583333333333333,1.4583333333333333,1.1067708333333333
41,46.7069000918512,47.83188711133842,1.7317708333333335,0.234375,3.229166666666667,2.994791666666667,0.9375000000000001
42,46.630514877445464,47.66067666249728,1.953125,0.5859375,3.3203125,2.734375,0.8203125
43,47.11349412888577,48.39489574114168,0.48177083333333337,0.234375,0.7291666666666666,0.49479166666666663,0.9895833333333333
44,46.825828618822904,47.910656766621415,0.9244791666666666,0.0,1.8489583333333333,1.8489583333333333,0.9114583333333336
45,47.05800915140726,48.343452168487886,0.703125,0.234375,1.171875,0.9375,0.8723958333333334
46,46.97995610978055,48.010088892520685,2.005208333333333,0.7031249999999999,3.307291666666666,2.604166666666666,0.8333333333333335
47,47.32620469048111,48.3052953397957,1.3736979166666667,0.1171875,2.6302083333333335,2.5130208333333335,0.6510416666666667
48,46.914508396486895,47.94553392764595,0.9635416666666667,0.0,1.9270833333333335,1.9270833333333335,0.7942708333333333
49,47.07178878841933,48.15676415743797,0.78125,0.1171875,1.4453125,1.328125,0.8854166666666666
50,46.848122393870625,47.81994472183747,1.7447916666666667,0.35156249999999994,3.1380208333333335,2.7864583333333335,0.9244791666666665
51,46.39386118105223,47.46377776878045,1.77734375,0.7031249999999999,2.8515625000000004,2.1484375000000004,0.8593750000000001
52,47.690109235113,48.61316710547686,1.0546875,0.234375,1.875,1.640625,0.9114583333333333
53,47.71996501153838,48.5624332093912,0.8268229166666666,0.234375,1.419270833333333,1.184895833333333,0.8203125
54,47.59673761476157,48.46632687239604,1.6731770833333333,0.46875,2.877604166666667,2.408854166666667,0.8072916666666667
55,46.64679936341571,47.9089630004925,1.5885416666666665,0.46875,2.7083333333333335,2.2395833333333335,0.6380208333333334
56,46.773994290228124,47.63891847733653,1.9270833333333335,0.46875,3.3854166666666665,2.9166666666666665,0.9635416666666667
57,47.29413167106106,48.12422248139663,0.8658854166666667,0.46875,1.2630208333333333,0.7942708333333333,0.9895833333333333
58,46.89679282943031,47.86019713325893,1.3671875,0.234375,2.5,2.265625,1.0807291666666667
59,47.21146580736829,48.05013638684682,1.0221354166666665,0.0,2.044270833333333,2.044270833333333,0.703125
60,46.9382620058247,48.01226400237778,1.1653645833333333,0.234375,2.096354166666667,1.861979166666667,1.2239583333333335
61,46.65106336776126,47.80883008016513,1.5299479166666667,0.5859375,2.4739583333333335,1.8880208333333335,0.9244791666666666
62,47.28342652173368,48.08040110709378,1.4583333333333333,0.46875,2.447916666666667,1.979166666666667,0.8593750000000001
63,47.01861037586623,48.12358478265488,0.8268229166666666,0.1171875,1.5364583333333335,1.4192708333333335,0.8463541666666667
64,47.19171543451232,48.2514887560515,1.4257812500000002,0.234375,2.6171875,2.3828125,0.8593750000000001
65,47.09024404693102,48.09740455771659,1.4257812500000002,0.46875,2.3828125,1.9140625,0.6380208333333334
66,46.98655733230692,48.14718747819028,1.4648437499999998,0.234375,2.6953125,2.4609375,0.8723958333333334
67,46.55630917783519,47.64649583775766,1.8359374999999998,0.5859375,3.0859375,2.5,0.8723958333333334
68,46.6288029104252,47.93421938596225,1.6666666666666667,0.5859375,2.7473958333333335,2.1614583333333335,0.7942708333333333
69,47.15106578118258,47.988408518990525,2.1028645833333335,0.9375,3.268229166666667,2.330729166666667,0.78125
70,46.787971850999675,47.68573803223413,1.8359374999999998,0.234375,3.4375000000000004,3.2031250000000004,0.8072916666666667
71,46.66164261203004,47.92140187747209,0.9309895833333334,0.1171875,1.7447916666666667,1.6276041666666667,0.8333333333333334
72,47.509190897470354,48.36111291718982,0.6380208333333334,0.1171875,1.1588541666666667,1.0416666666666667,1.09375
73,46.818966340647194,47.9952171982654,1.5755208333333333,0.35156249999999994,2.7994791666666665,2.4479166666666665,0.8593750000000001
74,46.98768735922543,47.94467038903447,1.6471354166666667,0.35156249999999994,2.942708333333333,2.591145833333333,0.9375000000000001
75,47.07612094115205,48.42720935528218,0.7812499999999999,0.0,1.5624999999999998,1.5624999999999998,1.09375
76,46.7303816215983,47.58024632708501,1.8229166666666667,0.46875,3.177083333333334,2.708333333333334,0.9765625
77,46.38958730370379,47.72783538592778,2.4674479166666665,0.703125,4.231770833333333,3.528645833333333,0.9635416666666667
78,47.3477679864843,48.05897047737215,1.0351562499999998,0.234375,1.8359374999999998,1.6015624999999998,0.6770833333333334
79,46.5369284602758,47.46182343787044,1.6731770833333333,0.0,3.3463541666666665,3.3463541666666665,0.9505208333333335
80,46.80256901740373,47.92140187747209,0.48177083333333337,0.0,0.9635416666666667,0.9635416666666667,0.8203125
81,46.6288029104252,47.6365602178469,1.5950520833333335,0.35156249999999994,2.8385416666666665,2.4869791666666665,0.6770833333333333
82,47.10311984152341,47.99469313770513,1.2434895833333333,0.0,2.4869791666666665,2.4869791666666665,0.8723958333333334
83,47.074004718403,48.14528406691731,1.3216145833333335,0.234375,2.408854166666667,2.174479166666667,1.3020833333333335
84,47.058854746716996,48.04745403187405,1.1132812499999998,0.234375,1.9921874999999998,1.7578124999999998,0.8723958333333334
85,46.787297561584964,47.903444283204664,1.1848958333333335,0.35156249999999994,2.0182291666666665,1.6666666666666665,0.9635416666666667
86,46.78741086232057,47.9384715698358,0.5859375,0.0,1.171875,1.171875,1.0677083333333333
87,47.07035662296808,48.01309410583383,0.5208333333333333,0.0,1.0416666666666665,1.0416666666666665,0.7942708333333333
88,47.053528624105276,48.03603101031511,1.2630208333333333,0.234375,2.291666666666667,2.057291666666667,1.0286458333333335
89,46.45819432557147,47.624035113434985,1.7447916666666667,0.35156249999999994,3.1380208333333335,2.7864583333333335,0.6380208333333334
90,47.61838773780776,48.621025722040955,0.9960937499999999,0.1171875,1.875,1.7578125,1.015625
91,46.787297561584964,47.912029556666894,1.5690104166666667,0.35156249999999994,2.7864583333333335,2.4348958333333335,0.8984375000000001
92,46.524020625404376,47.587585306279934,1.998697916666667,0.8203124999999999,3.177083333333333,2.356770833333333,0.7942708333333333
93,46.66437859033726,47.68589520682095,1.6015624999999998,0.46875,2.734375,2.265625,0.9505208333333335
94,46.41507297541027,47.713045496634884,2.311197916666667,0.703125,3.9192708333333335,3.2161458333333335,0.9505208333333335
95,46.90647704225039,47.89288639146177,1.03515625,0.1171875,1.953125,1.8359375,0.7291666666666666
96,47.03719331444244,48.14903831489927,1.7513020833333337,0.5859375,2.9166666666666665,2.3307291666666665,0.9375
97,46.41013264511481,47.64975478932967,1.6341145833333335,0.35156249999999994,2.9166666666666665,2.5651041666666665,0.8203125
98,46.86891125950914,47.88593423930122,1.8033854166666665,0.46875,3.1380208333333335,2.6692708333333335,0.7682291666666667
99,47.33299036381698,48.23405533054243,1.58203125,0.234375,2.9296875,2.6953125,0.9114583333333334
100,46.77549636025838,47.73094521683679,1.7447916666666667,0.234375,3.255208333333333,3.020833333333333,0.8333333333333334
101,46.16219241962322,47.59223491578407,1.30859375,0.234375,2.3828125,2.1484375,0.78125
102,47.43146934084422,48.23405533054243,1.34765625,0.1171875,2.578125,2.4609375,0.8203125
103,46.71251239530927,47.86811458518852,1.7903645833333333,0.5859375,2.994791666666667,2.408854166666667,0.8854166666666666
104,46.95181715038937,47.97794473869342,1.6276041666666665,0.234375,3.0208333333333335,2.7864583333333335,0.8593750000000001
105,47.06137979451755,48.04745403187405,2.5651041666666665,1.0546875,4.075520833333333,3.020833333333333,1.0026041666666665
106,47.771402854440566,48.72779058304721,1.07421875,0.0,2.1484375,2.1484375,0.8203125
107,47.31922426811377,48.20394318017137,1.07421875,0.234375,1.9140625000000002,1.6796875000000002,0.6770833333333334
108,46.76364477267873,48.05005304954061,2.389322916666667,0.8203124999999999,3.958333333333333,3.138020833333333,0.9375
109,47.51731924834654,48.5539954556611,1.0611979166666667,0.1171875,2.005208333333333,1.888020833333333,1.0026041666666665
110,47.219433666919265,48.05402324440755,1.5234375000000002,0.46875,2.578125,2.109375,0.7552083333333333
111,46.97524714977437,47.8996851995651,0.7617187500000001,0.0,1.5234375000000002,1.5234375000000002,0.6901041666666666
112,46.95044010218633,47.96338722003507,2.018229166666667,0.7031249999999999,3.3333333333333335,2.6302083333333335,0.9765625
113,47.068552752417496,48.06469154532936,1.7968749999999998,0.5859375,3.0078124999999996,2.4218749999999996,0.7682291666666667
114,46.608878481258046,47.767475797795,1.3736979166666667,0.46875,2.2786458333333335,1.8098958333333335,0.8203125
115,46.62723433288038,47.78024904732015,1.6341145833333335,0.46875,2.799479166666667,2.330729166666667,0.7031250000000001
116,46.78991827535605,47.84594068351673,1.2890625,0.234375,2.34375,2.109375,1.1197916666666667
117,46.72649999514593,47.874706021028715,1.4127604166666667,0.234375,2.5911458333333335,2.3567708333333335,0.9765625
118,47.01417293862282,48.145141493129,0.44921875000000006,0.0,0.8984375000000001,0.8984375000000001,0.625
119,46.8591767607772,48.02536756679695,0.8528645833333335,0.1171875,1.5885416666666665,1.4713541666666665,0.8593750000000001
120,47.075315841048436,48.1240239836695,1.3541666666666667,0.35156249999999994,2.3567708333333335,2.0052083333333335,0.6640625000000001
121,47.21154125776626,48.357033268300974,0.6575520833333333,0.0,1.3151041666666665,1.3151041666666665,0.9895833333333333
122,47.81145487758367,48.655361093571095,1.510416666666667,0.5859375,2.4348958333333335,1.8489583333333335,1.1197916666666667
123,47.03120554433175,48.115491310956045,1.85546875,0.8203124999999999,2.890625,2.0703125,0.8072916666666667
124,47.415771751606776,48.20394318017137,1.0221354166666667,0.0,2.0442708333333335,2.0442708333333335,0.6901041666666666
125,46.58425632103884,47.69425608902685,1.0221354166666667,0.35156249999999994,1.6927083333333335,1.3411458333333335,0.8984374999999999
126,46.96877327672176,47.99042970634152,1.7643229166666667,0.234375,3.2942708333333335,3.0598958333333335,0.8984374999999999
127,46.553975006890816,47.723652886908255,1.8945312499999998,0.8203124999999999,2.96875,2.1484375,0.8723958333333334
128,47.21469831909341,48.39545698565798,1.4322916666666667,0.234375,2.630208333333333,2.395833333333333,0.9895833333333333
129,47.60066773620012,48.438046934615606,1.6210937500000002,0.1171875,3.1249999999999996,3.0078124999999996,1.0416666666666665
130,47.10466104802159,48.09960357265298,1.3151041666666665,0.46875,2.1614583333333335,1.6927083333333335,0.8203125
131,46.616172210987685,47.747206757193325,1.54296875,0.5859375,2.5,1.9140625,0.703125
132,46.28140760855888,47.24645415369926,2.1549479166666665,0.46875,3.8411458333333335,3.3723958333333335,0.7942708333333333
133,46.70072506242886,47.852890258818434,1.2239583333333335,0.7031249999999999,1.7447916666666667,1.041666666666667,0.8072916666666665
134,47.07612094115205,48.152436523989586,1.0872395833333333,0.35156249999999994,1.8229166666666665,1.4713541666666665,0.7421875
135,47.08203753356685,48.14903831489927,1.764322916666667,0.7031249999999999,2.825520833333334,2.122395833333334,0.8203125
136,46.33392004684357,47.47843123000054,2.08984375,0.46875,3.7109375,3.2421875,0.78125
137,47.06945468769279,48.12232654421189,0.46875,0.0,0.9375,0.9375,0.8333333333333334
138,47.18703406556867,48.14528406691731,1.7382812500000004,0.46875,3.0078125,2.5390625,0.9244791666666669
139,46.80256901740373,47.94095678968963,1.2109374999999998,0.234375,2.1875,1.953125,0.8593750000000001
140,45.77925396541265,47.23167475460514,1.9921874999999998,0.46875,3.515625,3.046875,0.5729166666666666
141,46.77773410312225,47.705151340709016,1.73828125,0.703125,2.7734375,2.0703125,0.8463541666666667
142,47.21161670816423,48.17516658576333,1.3997395833333335,0.234375,2.5651041666666665,2.3307291666666665,0.8593750000000001
143,46.2688534706053,47.50924991990174,1.4453125,0.5859375,2.3046875,1.71875,0.8723958333333334
144,46.84516318887674,47.92256231802302,1.5364583333333335,0.35156249999999994,2.7213541666666665,2.3697916666666665,0.8333333333333334
145,46.773994290228124,47.719965011538534,1.7122395833333335,0.46875,2.9557291666666665,2.4869791666666665,0.8203125
146,47.1551412221172,48.37675104300232,1.1653645833333333,0.234375,2.0963541666666665,1.8619791666666665,0.9895833333333333
147,47.278463375017246,48.2962416348095,1.328125,0.0,2.65625,2.65625,1.1848958333333333
148,46.79758285522014,47.94786008093472,0.8658854166666667,0.0,1.7317708333333335,1.7317708333333335,0.9505208333333335
149,47.09038448289654,48.176854526289084,1.2369791666666667,0.234375,2.2395833333333335,2.0052083333333335,0.9895833333333333
150,47.09661909519342,48.22014736477312,0.8072916666666667,0.46875,1.1458333333333335,0.6770833333333335,1.09375
151,46.492765478416985,47.71962673000732,1.3151041666666667,0.46875,2.1614583333333335,1.6927083333333335,0.7942708333333333
152,46.87293986820879,47.93101377302313,0.9570312500000001,0.1171875,1.7968749999999998,1.6796874999999998,0.7682291666666667
153,46.75912276116648,47.680866073358565,1.0742187499999998,0.0,2.1484374999999996,2.1484374999999996,0.8072916666666665
154,47.774299418001384,48.54560922673517,1.0026041666666665,0.1171875,1.8880208333333333,1.7708333333333333,0.9114583333333334
155,46.72756918094234,47.71524956261568,1.2565104166666665,0.234375,2.278645833333333,2.044270833333333,0.8333333333333334
156,46.30989100552894,47.40979642497412,1.5364583333333335,0.5859375,2.486979166666666,1.901041666666666,0.6510416666666667
157,47.08562751134405,48.21724743670316,1.3802083333333333,0.1171875,2.643229166666667,2.526041666666667,1.1197916666666667
158,46.80256901740373,47.69891850070637,1.3671875,0.1171875,2.6171874999999996,2.4999999999999996,0.78125
159,46.55673145301677,47.690890248685356,1.3541666666666667,0.35156249999999994,2.3567708333333335,2.0052083333333335,0.8333333333333334
160,46.35941886602387,47.52799756572571,1.315104166666667,0.46875,2.1614583333333335,1.6927083333333335,0.7552083333333335
161,46.66273292643698,47.590851365524664,1.3541666666666667,0.1171875,2.591145833333333,2.473958333333333,0.8593750000000001
162,46.553975006890816,47.631082492340724,1.09375,0.0,2.1875,2.1875,0.9375
163,46.87072515685903,47.84749572029623,1.608072916666667,0.234375,2.981770833333333,2.747395833333333,0.8333333333333334
164,46.74374401239215,47.73479581985992,1.6210937500000002,0.46875,2.7734375,2.3046875,1.0026041666666665
165,46.77675618316132,47.82812012064718,1.3671875,0.234375,2.5,2.265625,1.0156249999999998
166,46.9953542474785,48.19933962444684,1.4127604166666665,0.35156249999999994,2.473958333333333,2.122395833333333,0.8854166666666666
167,46.7303816215983,47.985612600899344,2.5,0.9375,4.062499999999999,3.124999999999999,0.703125
168,47.4236205462255,48.35676971850957,1.2760416666666667,0.35156249999999994,2.200520833333333,1.848958333333333,0.8854166666666666
169,46.8216204666997,47.75883851716535,1.7252604166666667,0.35156249999999994,3.098958333333333,2.747395833333333,0.8203125
170,46.62606673450362,47.63061171344259,1.9791666666666665,0.46875,3.4895833333333335,3.0208333333333335,0.7421875
171,47.33299036381698,48.52010858938517,1.4322916666666665,0.35156249999999994,2.5130208333333335,2.1614583333333335,1.0286458333333333
172,47.51986500089433,48.40504102267656,0.9570312500000001,0.1171875,1.7968749999999998,1.6796874999999998,0.8333333333333334
173,46.20847972575994,47.33545200125517,1.4453125,0.46875,2.421875,1.953125,0.7031250000000001
174,47.54712738156764,48.2314329163967,2.3697916666666665,0.8203125,3.9192708333333335,3.0989583333333335,0.8072916666666665
175,46.90467626792578,48.053863439021434,1.7578125,0.5859375,2.9296875,2.34375,0.8463541666666666
176,46.37888380307987,47.61034652508585,1.6015625000000002,0.8203125,2.3828125,1.5625,0.8984374999999999
177,47.54820344709617,48.216437640768916,1.4518229166666667,0.234375,2.669270833333333,2.434895833333333,0.9635416666666667
178,46.99392424417918,48.21860193835361,0.39713541666666663,0.0,0.7942708333333333,0.7942708333333333,1.171875
179,46.762030711439564,47.79736462855497,1.5625,0.35156249999999994,2.7734375,2.421875,1.0677083333333333
180,46.19538317444067,47.67525184933582,0.7877604166666666,0.1171875,1.4583333333333333,1.3411458333333333,0.6640625
181,47.12257577156278,47.95618538533672,1.09375,0.1171875,2.0703125,1.953125,0.8593750000000001
182,46.8591767607772,47.9089630004925,0.7161458333333334,0.1171875,1.315104166666667,1.197916666666667,0.7291666666666666
183,46.55641039066591,47.7401704228446,2.2526041666666665,0.9375,3.567708333333334,2.630208333333334,0.8463541666666667
184,46.76894469899035,47.96313992878025,1.3541666666666665,0.234375,2.4739583333333335,2.2395833333333335,0.7682291666666667
185,46.91495226770398,48.12729959445918,1.15234375,0.35156249999999994,1.953125,1.6015625,0.78125
186,46.34981493555086,47.48806910778347,1.5299479166666667,0.5859375,2.4739583333333335,1.8880208333333335,1.1067708333333333
187,46.83119158766621,47.97207735775085,1.93359375,0.35156249999999994,3.515625,3.1640625,0.9114583333333334
188,47.13663111346986,48.13811027257207,0.7552083333333334,0.0,1.5104166666666667,1.5104166666666667,0.8463541666666667
189,47.49835790930483,48.535505247844,0.5794270833333334,0.0,1.1588541666666667,1.1588541666666667,0.8463541666666667
190,47.49118925252344,48.38952512632907,0.8333333333333334,0.0,1.6666666666666667,1.6666666666666667,1.1067708333333333
191,46.78422464393792,47.85492369135721,1.2565104166666667,0.234375,2.278645833333333,2.044270833333333,0.9244791666666666
192,46.78928220788522,47.88146369618199,2.01171875,0.35156249999999994,3.6718749999999996,3.3203124999999996,0.6119791666666667
193,46.73907439911529,48.30153087405591,0.6510416666666667,0.0,1.3020833333333335,1.3020833333333335,0.9635416666666667
194,46.97712469702371,47.88787802232159,2.34375,0.5859375,4.1015625,3.515625,0.7942708333333333
195,46.79740030988978,47.75883851716535,1.93359375,0.5859375,3.28125,2.6953125,0.7682291666666667
196,46.599878886863245,47.545117029416815,1.5299479166666665,0.1171875,2.9427083333333335,2.8255208333333335,0.6901041666666666
197,46.55620796500447,47.719830258543574,1.022135416666667,0.35156249999999994,1.6927083333333335,1.3411458333333335,0.7552083333333334
198,47.01615007418961,48.01802542420275,1.484375,0.46875,2.5,2.03125,0.7161458333333333
199,46.51872457773562,47.761978451326684,1.54296875,0.5859375,2.5,1.9140625,1.0286458333333335
200,46.73901267560985,47.7199650115399,1.6341145833333335,0.46875,2.7994791666666665,2.3307291666666665,0.7942708333333333
201,47.102713271524784,48.133998991987106,0.91796875,0.1171875,1.7187500000000002,1.6015625000000002,0.8854166666666666
202,46.86891125950914,47.61382301168475,1.2890625,0.35156249999999994,2.2265625,1.875,0.7942708333333333
203,47.195545157045885,48.35805117816846,1.0611979166666667,0.46875,1.6536458333333333,1.1848958333333333,1.0546875
204,46.39436429472756,47.44264344819343,1.6666666666666667,0.46875,2.864583333333333,2.395833333333333,0.7942708333333333
205,46.78864614041439,47.94786008093472,2.0052083333333335,0.7031249999999999,3.3072916666666665,2.6041666666666665,0.703125
206,46.555570100074526,47.756534875535,1.7773437500000002,0.5859375,2.96875,2.3828125,0.6640625000000001
207,46.63645486584734,47.74045125824189,1.3020833333333335,0.1171875,2.4869791666666665,2.3697916666666665,0.8333333333333334
208,47.06676074794599,48.043014711479806,1.9401041666666667,0.35156249999999994,3.5286458333333326,3.1770833333333326,0.7552083333333334
209,46.86131611474687,47.912029556666894,1.9205729166666667,0.703125,3.1380208333333335,2.4348958333333335,0.8984374999999999
210,46.183467975378846,47.204828670477525,1.0872395833333333,0.1171875,2.0572916666666665,1.9401041666666665,0.8333333333333335
211,46.76364477267873,47.86765635001647,0.7291666666666666,0.0,1.4583333333333333,1.4583333333333333,0.8854166666666666
212,47.215808155440584,48.29570612205101,1.3346354166666665,0.234375,2.4348958333333335,2.2005208333333335,0.7291666666666666
213,47.11206479991112,48.06504105672358,2.141927083333334,0.35156249999999994,3.9322916666666665,3.5807291666666665,0.78125
214,46.967332259703234,47.99257974032793,1.7838541666666665,0.35156249999999994,3.216145833333333,2.864583333333333,0.8723958333333334
215,46.99463924582884,47.95270771484886,1.3020833333333335,0.46875,2.1354166666666665,1.6666666666666665,0.7552083333333334
216,46.9956867952519,48.17474147365423,1.614583333333333,0.1171875,3.1119791666666665,2.9947916666666665,0.9765625
217,46.92144588159367,47.88996106772139,1.5299479166666667,0.1171875,2.9427083333333335,2.8255208333333335,0.7161458333333334
218,46.78258464248761,47.95139863528684,1.09375,0.0,2.1875,2.1875,0.8984375000000001
219,46.24856473824759,47.18297211303168,0.9309895833333334,0.0,1.8619791666666667,1.8619791666666667,0.6510416666666666
220,46.45819432557147,47.43297356842609,2.2656250000000004,0.8203124999999999,3.7109375,2.890625,0.8072916666666665
221,46.616172210987685,47.64981421140327,1.614583333333333,0.5859375,2.6432291666666665,2.0572916666666665,0.8854166666666666
222,47.07287180596118,48.20620733730551,1.4908854166666665,0.234375,2.7473958333333335,2.5130208333333335,0.8593750000000001
223,47.01417293862282,48.107266878046026,1.8164062500000002,0.8203124999999999,2.8125,1.9921875,0.9244791666666666
224,46.79223160237583,48.06848796812082,1.03515625,0.234375,1.8359375,1.6015625,0.7552083333333334
225,46.86025357406404,47.85798136234637,0.9049479166666665,0.1171875,1.6927083333333333,1.5755208333333333,1.1458333333333335
226,46.72824325000549,47.81674762885243,1.2369791666666667,0.0,2.4739583333333335,2.4739583333333335,0.7552083333333334
227,47.50638763293223,48.37383282840599,1.6080729166666665,0.7031249999999999,2.5130208333333335,1.8098958333333335,0.9375000000000001
228,47.11349412888577,48.19830389517053,1.764322916666667,0.35156249999999994,3.177083333333334,2.825520833333334,0.9505208333333335
229,47.71714267272388,48.579117424864236,1.3151041666666667,0.234375,2.3958333333333335,2.1614583333333335,0.9375
230,46.98650905851391,48.01426655720704,1.2174479166666667,0.46875,1.9661458333333333,1.4973958333333333,0.9114583333333334
231,46.62817757933257,47.868353182016214,1.0611979166666665,0.1171875,2.005208333333333,1.888020833333333,0.6901041666666667
232,47.09661909519342,48.12232654421189,1.7838541666666665,0.703125,2.864583333333333,2.161458333333333,1.0546875
233,46.91473033209544,47.81583554583448,1.8880208333333335,0.8203125,2.955729166666667,2.135416666666667,0.8723958333333334
234,46.486295924451895,47.45441843349111,2.1484375,0.46875,3.8281250000000004,3.3593750000000004,0.8203125
235,47.08073010382604,48.09059287440106,0.8268229166666666,0.1171875,1.5364583333333333,1.4192708333333333,0.5989583333333334
236,46.79130176071611,47.93052343043614,0.9049479166666665,0.1171875,1.6927083333333335,1.5755208333333335,0.6510416666666666
237,46.8591767607772,47.910656766621415,1.1067708333333335,0.234375,1.9791666666666665,1.7447916666666665,0.7942708333333333
238,46.68391998124455,47.78567583791439,1.4453125,0.35156249999999994,2.5390625,2.1875,0.8333333333333334
239,47.1029165565241,48.08565490462176,2.1158854166666665,0.8203124999999999,3.411458333333334,2.591145833333334,0.8984374999999999
240,47.53364211410141,48.37301886453833,0.6705729166666665,0.0,1.341145833333333,1.341145833333333,0.8072916666666667
241,46.804793791383894,47.872128701416926,0.72265625,0.0,1.4453125,1.4453125,0.8723958333333334
242,47.272592518017795,48.3591352437725,2.40234375,0.5859375,4.21875,3.6328125,1.015625
243,46.787971850999675,47.93114570537814,1.8229166666666665,0.1171875,3.5286458333333335,3.4114583333333335,0.8333333333333335
244,46.90558691337884,47.99707247535173,1.8294270833333335,0.5859375,3.0729166666666665,2.4869791666666665,0.7682291666666667
245,46.596592616605975,47.58573755309937,2.03125,0.7031249999999999,3.359375,2.65625,0.7291666666666666
246,47.53853037979222,48.36555282948359,1.2044270833333335,0.1171875,2.291666666666667,2.174479166666667,1.0026041666666667
247,46.55003211598234,47.7139858918299,1.8815104166666665,0.35156249999999994,3.411458333333334,3.059895833333334,1.0677083333333333
248,46.9511648899873,48.00475239880767,0.8723958333333334,0.234375,1.5104166666666667,1.2760416666666667,1.0156249999999998
249,47.42858717207859,48.363718860265195,1.26953125,0.35156249999999994,2.1875,1.8359375,0.8854166666666666
250,46.55673509347415,47.70906924061688,1.1263020833333335,0.35156249999999994,1.901041666666667,1.549479166666667,0.9114583333333334
251,47.33411805667866,48.28554917605836,0.8203125,0.0,1.640625,1.640625,0.9505208333333335
252,46.96674442731686,48.175974343858066,1.9205729166666665,0.46875,3.372395833333333,2.903645833333333,0.9375
253,46.78535694669399,48.27346846957168,1.5494791666666667,0.35156249999999994,2.7473958333333335,2.3958333333333335,0.8463541666666666
254,46.70882167655866,47.834543361887086,1.1393229166666667,0.5859375,1.6927083333333335,1.1067708333333335,0.9765625
255,46.865392657430775,47.97432463215525,1.5950520833333333,0.234375,2.9557291666666665,2.7213541666666665,0.8463541666666667
256,46.632559874422284,47.53364211410141,1.7578125,0.8203125,2.6953125,1.875,0.6770833333333334
257,46.50357812229925,47.5567570164964,2.734375,0.9375,4.53125,3.59375,0.7291666666666666
258,47.075315841048436,48.08818013938845,0.6510416666666666,0.0,1.3020833333333333,1.3020833333333333,0.9765625
259,46.20302654190763,47.501359964177844,1.3151041666666665,0.234375,2.395833333333333,2.161458333333333,0.7942708333333333
260,46.710463558762285,47.64815351878907,1.7447916666666667,0.35156249999999994,3.138020833333334,2.786458333333334,0.8984374999999999
261,46.95276487793041,48.15342064181968,0.7942708333333333,0.1171875,1.4713541666666667,1.3541666666666667,0.7421875
262,46.33644369487112,47.71504874902089,1.0221354166666667,0.234375,1.809895833333333,1.575520833333333,0.8593750000000001
263,47.2501989888782,48.22893002112117,0.8203124999999999,0.234375,1.40625,1.171875,0.9505208333333335
264,47.3734787057773,48.22349246130002,1.19140625,0.0,2.3828125,2.3828125,0.9895833333333335
265,46.762030711439564,47.97207735775085,0.83984375,0.234375,1.4453125,1.2109375,0.9375
266,46.78741086232057,47.67132978708064,1.2369791666666667,0.35156249999999994,2.1223958333333335,1.7708333333333335,0.8723958333333334
267,46.87293986820879,47.719965011539486,1.4062499999999998,0.234375,2.578125,2.34375,0.9895833333333333
268,47.68139823485157,48.73166606111357,0.9309895833333335,0.1171875,1.7447916666666667,1.6276041666666667,0.7161458333333334
269,47.26408717888675,48.38456474845487,1.5104166666666665,0.234375,2.786458333333333,2.552083333333333,0.9635416666666667
270,46.78864614041439,47.87222053849616,1.7187500000000002,0.46875,2.96875,2.5,0.9765625
271,46.74374401239215,47.80764382206028,0.8138020833333334,0.234375,1.3932291666666667,1.1588541666666667,0.7552083333333335
272,47.64422296284416,48.735837195185226,2.180989583333333,0.8203124999999999,3.5416666666666665,2.7213541666666665,0.8333333333333335
273,46.7303816215983,47.64815351878907,1.38671875,0.1171875,2.65625,2.5390625,0.6901041666666666
274,47.14198708152044,48.08574650378548,1.100260416666667,0.35156249999999994,1.8489583333333333,1.4973958333333333,1.0416666666666667
275,46.78864614041439,47.99926492950344,1.4322916666666667,0.35156249999999994,2.5130208333333335,2.1614583333333335,0.8333333333333335
276,46.69924574826626,47.72024331225786,0.8658854166666667,0.234375,1.4973958333333333,1.2630208333333333,0.8723958333333334
277,46.70742256256999,47.994749588267474,1.6992187499999998,0.5859375,2.8124999999999996,2.2265624999999996,0.9895833333333333
278,47.15552360348803,48.31956856969923,1.0546875,0.1171875,1.9921874999999998,1.8749999999999998,1.0677083333333333
279,46.68864671969816,47.886458406579926,1.38671875,0.35156249999999994,2.421875,2.0703125,1.0416666666666667
280,46.26928430961538,47.28061150308326,1.0677083333333333,0.234375,1.901041666666667,1.666666666666667,0.9765625
281,46.43570795547708,47.490382619445946,1.6861979166666665,0.7031249999999999,2.6692708333333335,1.9661458333333335,0.8984375000000001
282,46.97995610978055,48.12612022095835,2.12890625,0.46875,3.7890624999999996,3.3203124999999996,0.7552083333333334
283,46.62629108642818,47.70342960056932,1.0221354166666667,0.0,2.0442708333333335,2.0442708333333335,0.78125
284,46.55994882606442,47.68414253387645,1.0481770833333335,0.234375,1.8619791666666667,1.6276041666666667,0.8333333333333335
285,47.670748871951865,48.85878075545128,0.5729166666666667,0.1171875,1.0286458333333335,0.9114583333333335,1.09375
286,46.8591767607772,47.94938322223943,1.5494791666666667,0.35156249999999994,2.7473958333333335,2.3958333333333335,0.6901041666666667
287,46.98149780767442,48.05897485681953,1.4583333333333333,0.35156249999999994,2.5651041666666665,2.2135416666666665,0.8072916666666667
288,46.95712934426713,47.88581267985228,1.85546875,0.46875,3.2421875000000004,2.7734375000000004,0.6901041666666666
289,46.70262647369644,47.86019713325893,2.0182291666666665,0.46875,3.567708333333333,3.098958333333333,0.8723958333333334
290,47.08614079024893,48.00044591024463,2.4739583333333335,0.9375,4.010416666666667,3.072916666666667,0.8854166666666666
291,46.6899957319738,47.81757857301902,0.9440104166666666,0.1171875,1.7708333333333333,1.6536458333333333,0.7942708333333333
292,46.55789619397371,47.72866908531659,2.591145833333334,1.2890625,3.8932291666666665,2.6041666666666665,1.0156249999999998
293,47.32620469048111,48.35956353512919,1.1132812500000002,0.35156249999999994,1.8750000000000002,1.5234375000000002,0.8984375000000001
294,46.69673358974698,47.70761335332292,1.1979166666666667,0.0,2.3958333333333335,2.3958333333333335,0.7421875
295,46.553120040493404,47.44169269611568,1.0807291666666667,0.1171875,2.0442708333333335,1.9270833333333335,0.8072916666666667
296,46.92144588159367,47.761667415394484,1.705729166666667,0.46875,2.9427083333333335,2.4739583333333335,0.7552083333333334
297,46.57858158832681,47.77333130401526,1.8750000000000002,0.7031249999999999,3.0468750000000004,2.3437500000000004,1.1328125
298,46.93042097797615,48.25416994383339,0.4361979166666667,0.0,0.8723958333333334,0.8723958333333334,0.7942708333333333
299,47.22586138124909,48.27902406736081,1.7838541666666665,0.35156249999999994,3.216145833333333,2.864583333333333,0.7942708333333333
300,47.22866358410024,48.19977403096675,1.9726562500000002,0.9375,3.0078124999999996,2.0703124999999996,0.8854166666666666
301,47.15013796338969,48.10317996809138,1.5885416666666665,0.5859375,2.591145833333333,2.005208333333333,1.0026041666666667
302,46.882178536195184,48.00044591024463,1.2304687500000002,0.1171875,2.34375,2.2265625,0.9244791666666666
303,47.46912671366763,48.13713563798603,1.875,0.46875,3.28125,2.8125,0.8593750000000001
304,46.85175291301286,48.01405373232811,1.4192708333333335,0.7031249999999999,2.1354166666666665,1.4322916666666665,0.9765625
305,46.73208015376777,47.86576363346352,1.3997395833333335,0.35156249999999994,2.4479166666666665,2.0963541666666665,0.7421875
306,47.10437262665947,48.06186361516647,0.9114583333333334,0.1171875,1.7057291666666665,1.5885416666666665,0.8072916666666665
307,46.4201280369018,47.649784500366465,0.91796875,0.234375,1.6015624999999998,1.3671874999999998,1.1067708333333335
308,46.92985394370919,47.85644707029931,1.3411458333333333,0.234375,2.4479166666666665,2.2135416666666665,0.9244791666666666
309,46.70381257714003,47.8355480172224,1.7708333333333333,0.7031249999999999,2.8385416666666665,2.1354166666666665,0.8463541666666667
310,46.457357824388055,47.51986500089433,1.5169270833333333,0.1171875,2.9166666666666665,2.7994791666666665,0.8593750000000001
311,47.11349412888577,48.165342386661145,1.9205729166666667,0.5859375,3.2552083333333335,2.6692708333333335,0.9375000000000001
312,47.07960396899235,48.23437629346119,1.2695312499999998,0.1171875,2.421875,2.3046875,0.78125
313,47.14198708152044,48.15342064181968,2.59765625,0.5859375,4.609375,4.0234375,0.6901041666666666
314,46.40154585639449,47.529003214712354,1.1783854166666667,0.5859375,1.7708333333333333,1.1848958333333333,0.7942708333333333
315,46.99463924582884,47.97033850036871,0.9244791666666666,0.1171875,1.7317708333333335,1.6145833333333335,1.0416666666666665
316,46.787297561584964,47.81889089853634,2.3177083333333335,0.8203124999999999,3.815104166666667,2.994791666666667,0.9765625
317,46.70072506242886,47.81462531583044,2.0247395833333335,0.703125,3.3463541666666665,2.6432291666666665,0.7421875
318,46.7069000918512,47.773148714417665,1.6536458333333337,0.7031249999999999,2.6041666666666665,1.9010416666666665,0.7421875000000001
319,46.78258464248761,47.791289676406656,1.705729166666667,0.35156249999999994,3.059895833333333,2.708333333333333,0.9765625
320,46.200852685783445,47.436739130891844,1.705729166666667,0.5859375,2.8255208333333335,2.2395833333333335,0.9244791666666666
321,46.66437859033726,47.79736462855497,1.46484375,0.46875,2.4609374999999996,1.9921874999999996,0.6119791666666666
322,47.03120554433175,48.16272502985871,1.4388020833333335,0.35156249999999994,2.5260416666666665,2.1744791666666665,0.8203125
323,46.70072506242886,47.69009155228298,1.4388020833333335,0.46875,2.408854166666667,1.940104166666667,0.8203125
324,46.70742256256999,47.816163608579664,1.4322916666666665,0.234375,2.6302083333333335,2.3958333333333335,0.7682291666666667
325,46.553975006890816,47.755551256513826,1.9856770833333333,0.5859375,3.3854166666666665,2.7994791666666665,0.8593750000000001
326,47.07571839110024,48.14903831489927,1.8684895833333333,0.8203124999999999,2.9166666666666665,2.0963541666666665,0.8333333333333334
327,46.70716132721059,47.79750565385095,1.6927083333333333,0.35156249999999994,3.0338541666666665,2.6822916666666665,0.78125
328,46.38791859557719,47.42270106043779,2.1809895833333335,0.46875,3.8932291666666665,3.4244791666666665,0.8984374999999999
329,47.55409481744781,48.3895251263313,1.40625,0.35156249999999994,2.4609375000000004,2.1093750000000004,0.9505208333333335
330,47.00226288794296,48.12132862962405,0.9570312500000001,0.234375,1.6796875,1.4453125,0.8463541666666667
331,46.96877327672176,48.06357166234562,1.1328125,0.1171875,2.1484375,2.03125,0.8463541666666666
332,47.32068137798343,48.35346330520752,1.2825520833333333,0.5859375,1.9791666666666665,1.3932291666666665,0.8723958333333334
333,47.47549590258751,48.19030063726109,2.2981770833333335,0.7031249999999999,3.8932291666666665,3.1901041666666665,0.8854166666666666
334,46.38824013518916,47.55730394473022,1.6796875000000002,0.703125,2.65625,1.953125,0.8984374999999999
335,46.26226208367439,47.19700472464361,1.3606770833333333,0.35156249999999994,2.3697916666666665,2.0182291666666665,0.9244791666666666
336,46.98149780767442,48.165342386661145,1.3671875,0.46875,2.2656250000000004,1.7968750000000004,1.1067708333333335
337,47.16906012545562,48.14744914118939,1.5950520833333335,0.46875,2.7213541666666665,2.2526041666666665,1.0026041666666665
338,47.23089591027798,48.201949911984286,2.6692708333333335,1.4062499999999998,3.9322916666666665,2.526041666666667,1.0026041666666665
339,46.90184493268001,48.14600318358986,1.3281250000000002,0.1171875,2.5390625,2.421875,1.0416666666666667
340,47.07612094115205,48.3052953397957,1.1197916666666667,0.46875,1.7708333333333333,1.3020833333333333,0.9505208333333335
341,47.102713271524784,48.07914934764795,1.07421875,0.1171875,2.0312499999999996,1.9140624999999996,0.9244791666666666
342,46.914508396486895,47.84443627962483,1.25,0.35156249999999994,2.1484375,1.796875,1.0416666666666667
343,47.11803495022428,48.03603101031511,1.7903645833333333,0.234375,3.3463541666666665,3.1119791666666665,0.7942708333333333
344,47.03033391607382,47.92754899920725,1.0416666666666665,0.1171875,1.9661458333333333,1.8489583333333333,0.5859375
345,47.053528624105276,48.12232654421189,0.9635416666666667,0.1171875,1.809895833333333,1.692708333333333,0.9895833333333335
346,46.69990216609223,47.791586562119846,1.3736979166666667,0.35156249999999994,2.395833333333333,2.044270833333333,0.8072916666666665
347,46.613140480302356,47.719965011539486,1.2630208333333333,0.234375,2.291666666666667,2.057291666666667,0.9244791666666666
348,47.430209125143804,48.28586380769523,1.7447916666666667,0.35156249999999994,3.1380208333333335,2.7864583333333335,0.9765625
349,47.49307580388164,48.34815655523942,1.50390625,0.5859375,2.421875,1.8359375,0.8593750000000001
350,47.06491220265346,48.10460078665622,1.4322916666666665,0.1171875,2.7473958333333335,2.6302083333333335,0.8463541666666667
351,46.55477255348267,47.59027179142422,1.6276041666666667,0.46875,2.786458333333333,2.317708333333333,0.8854166666666666
352,46.92554269129572,48.04320923008874,2.03125,1.0546875,3.0078125,1.953125,0.8203125
353,47.19868280885897,48.43841406529502,1.4127604166666667,0.46875,2.3567708333333335,1.8880208333333335,0.9505208333333335
354,46.570608509255905,47.69476602639988,1.6406249999999998,0.234375,3.0468749999999996,2.8124999999999996,0.8203125000000002
355,47.10437262665947,48.081758672466165,1.5950520833333333,0.35156249999999994,2.8385416666666665,2.4869791666666665,0.9114583333333334
356,47.4274491394572,48.52665516474311,0.8463541666666666,0.1171875,1.5755208333333333,1.4583333333333333,1.1979166666666665
357,46.73208015376777,47.786128870142534,0.8203125,0.234375,1.4062499999999998,1.1718749999999998,1.0546875
358,46.62643038150299,47.71210510143986,1.1848958333333333,0.234375,2.1354166666666665,1.9010416666666665,0.78125
359,46.54233718603582,47.68430444287521,1.6276041666666665,0.5859375,2.6692708333333335,2.0833333333333335,0.78125
360,47.68509982484807,48.77476236801476,1.54296875,0.234375,2.8515624999999996,2.6171874999999996,1.0416666666666667
361,46.924115284764525,48.03537049659244,1.3671875,0.46875,2.2656250000000004,1.7968750000000004,0.9505208333333335
362,46.90558691337884,47.77513287118283,2.3177083333333335,0.5859375,4.049479166666667,3.463541666666667,0.8333333333333334
363,46.90558691337884,47.90874213642409,1.829427083333333,0.46875,3.1901041666666665,2.7213541666666665,0.8072916666666667
364,46.62741335875005,47.73268887088705,1.2174479166666667,0.234375,2.200520833333333,1.966145833333333,1.2109374999999998
365,47.37707561725819,48.15585665226339,1.3736979166666667,0.46875,2.2786458333333335,1.8098958333333335,0.8072916666666667
366,46.871832512533906,47.96313992878025,0.6380208333333334,0.0,1.2760416666666667,1.2760416666666667,0.8593750000000001
367,47.14198708152044,48.05895947995212,1.23046875,0.234375,2.2265625,1.9921875,0.8984374999999999
368,47.21146580736829,48.0307891700656,1.5104166666666665,0.35156249999999994,2.669270833333333,2.317708333333333,0.7421875
369,46.604811238897085,47.52946174683138,1.07421875,0.1171875,2.0312499999999996,1.9140624999999996,0.8854166666666666
370,46.37465115209458,47.69891850070637,1.23046875,0.234375,2.2265625,1.9921875,1.09375
371,46.36422831044539,47.61647915918108,0.9960937499999999,0.234375,1.7578125,1.5234375,0.9244791666666666
372,46.77586419667519,47.81674762885243,0.7356770833333334,0.0,1.4713541666666667,1.4713541666666667,0.7682291666666666
373,46.787297561584964,47.90089157963134,1.3346354166666665,0.234375,2.434895833333333,2.200520833333333,1.0677083333333333
374,46.74662545119015,47.778683037634075,1.5820312500000002,0.234375,2.9296875,2.6953125,0.9114583333333334
375,47.081383818696445,48.214636961764676,3.268229166666667,1.171875,5.364583333333334,4.192708333333334,1.0286458333333333
376,47.18497048053144,48.466241526820774,1.2760416666666667,0.234375,2.3177083333333335,2.0833333333333335,0.8984374999999999
377,46.74201756141871,47.90089157963134,1.1197916666666667,0.234375,2.0052083333333335,1.7708333333333335,0.6770833333333334
378,46.38958730370379,47.588845454449455,1.6731770833333333,0.7031249999999999,2.6432291666666665,1.9401041666666665,0.8333333333333335
379,46.6265696765778,47.40031162438393,1.419270833333333,0.1171875,2.7213541666666665,2.6041666666666665,1.1067708333333333
380,46.71251239530927,47.82907576405363,0.8593750000000001,0.234375,1.484375,1.25,0.9114583333333334
381,46.626178910465896,47.66095434908641,1.9921874999999998,0.234375,3.749999999999999,3.515624999999999,0.8463541666666667
382,47.39958212124773,48.65640280322777,0.9244791666666666,0.1171875,1.7317708333333335,1.6145833333333335,1.0677083333333333
383,46.70052576334548,47.90272853737026,1.1848958333333333,0.46875,1.9010416666666665,1.4322916666666665,0.7031249999999999
384,46.36703500905923,47.158110151829746,1.4322916666666667,0.46875,2.395833333333333,1.927083333333333,0.6510416666666667
385,47.102713271524784,48.13990638862996,2.1809895833333335,0.5859375,3.776041666666667,3.190104166666667,0.7161458333333333
386,47.075315841048436,48.0307891700656,1.412760416666667,0.35156249999999994,2.4739583333333335,2.1223958333333335,0.9635416666666667
387,46.62629108642818,47.71381091666963,0.9765625,0.234375,1.7187500000000002,1.4843750000000002,0.8593750000000001
388,46.34981493555086,47.75264206855498,1.5494791666666667,0.35156249999999994,2.7473958333333335,2.3958333333333335,0.9765625
389,46.58643566137194,47.93871722963079,1.9661458333333337,0.7031249999999999,3.229166666666666,2.526041666666666,0.8463541666666667
390,47.081383818696445,48.215989491590214,1.11328125,0.46875,1.7578125,1.2890625,0.7942708333333333
391,46.50743018671011,47.55197954663305,1.6210937500000002,0.234375,3.0078125,2.7734375,0.8072916666666665
392,46.50463330197036,47.50822237548032,1.07421875,0.1171875,2.03125,1.9140625,0.9765625
393,46.39436429472756,47.64815351878907,1.1848958333333333,0.35156249999999994,2.0182291666666665,1.6666666666666665,0.7031250000000001
394,46.92554269129572,47.872552137998795,1.2109375,0.46875,1.953125,1.484375,0.7161458333333334
395,46.33479192705672,47.4683010459404,1.608072916666667,0.5859375,2.6302083333333335,2.0442708333333335,0.8203124999999999
396,47.33268085624953,48.150014950616374,0.8463541666666664,0.0,1.6927083333333328,1.6927083333333328,0.8203125
397,46.581319475848495,47.51677740848581,1.3346354166666665,0.234375,2.4348958333333335,2.2005208333333335,0.8593750000000001
398,46.79223160237583,48.0211716706414,0.8203125,0.0,1.640625,1.640625,0.7942708333333333
399,47.03232917260346,48.12400412070941,0.9244791666666666,0.234375,1.614583333333333,1.380208333333333,0.8333333333333335
400,46.90558691337884,47.81477438932349,1.7708333333333333,0.234375,3.307291666666666,3.072916666666666,0.8854166666666666
401,46.54348028812907,47.80567598897264,0.8072916666666665,0.234375,1.3802083333333333,1.1458333333333333,1.0807291666666667
402,46.33479192705672,47.59673761476157,1.171875,0.1171875,2.2265624999999996,2.1093749999999996,0.8333333333333334
403,47.43083923299402,48.39489574114168,2.03125,0.7031249999999999,3.359375,2.65625,0.8593750000000001
404,47.32620469048111,48.104710691024884,1.015625,0.234375,1.7968750000000002,1.5625000000000002,0.6901041666666666
405,47.21049536028953,47.947199437739016,1.7708333333333333,0.5859375,2.9557291666666665,2.3697916666666665,1.09375
406,47.05492916151086,48.11219430966732,0.8463541666666667,0.234375,1.4583333333333333,1.2239583333333333,0.8593750000000001
407,47.00325086174566,48.06871055486405,1.8945312499999998,0.46875,3.3203125,2.8515625,1.0026041666666667
408,46.8591767607772,47.97361073033869,1.803385416666667,0.8203124999999999,2.7864583333333335,1.9661458333333335,0.8593750000000001
409,47.59209535906119,48.371576501397776,1.5169270833333333,0.46875,2.5651041666666665,2.0963541666666665,0.6770833333333334
410,46.73901267560985,47.75883851716535,2.0768229166666665,0.5859375,3.567708333333333,2.981770833333333,0.8463541666666666
411,47.00029597609754,48.25685113161528,1.412760416666667,0.35156249999999994,2.4739583333333335,2.1223958333333335,0.703125
412,46.333751806686315,47.46426570691109,1.6731770833333333,0.46875,2.877604166666667,2.408854166666667,0.8333333333333334
413,47.01702304128303,48.28496056739941,0.4622395833333333,0.0,0.9244791666666666,0.9244791666666666,1.0546875
414,47.44614820069067,48.392210433736494,1.1783854166666667,0.234375,2.1223958333333335,1.8880208333333335,0.8333333333333334
415,46.92144588159367,48.217790170594455,2.8385416666666665,1.0546875,4.622395833333333,3.567708333333333,0.8854166666666666
416,47.02411429280739,48.0307891700656,1.3151041666666667,0.5859375,2.0442708333333335,1.4583333333333335,0.6510416666666667
417,46.7303816215983,47.84915829824064,0.7942708333333333,0.0,1.5885416666666665,1.5885416666666665,0.9505208333333335
418,46.7303816215983,47.7892571648717,1.4322916666666667,0.46875,2.395833333333333,1.927083333333333,0.8984374999999999
419,46.72475674028638,47.75144410854377,0.9570312499999999,0.234375,1.6796875,1.4453125,0.703125
420,47.07847783415866,48.147578325115425,1.0416666666666667,0.46875,1.614583333333333,1.145833333333333,0.8593750000000001
421,47.27755566473423,48.343452168487886,1.2955729166666665,0.234375,2.3567708333333335,2.1223958333333335,0.8203124999999999
422,46.56264849132251,47.88122334809729,1.2369791666666667,0.35156249999999994,2.1223958333333335,1.7708333333333335,1.0156249999999998
423,46.77456239265832,47.92140187747209,1.549479166666667,0.46875,2.630208333333334,2.161458333333334,0.7942708333333333
424,46.25534090439124,47.36043405609526,2.180989583333333,0.7031249999999999,3.658854166666667,2.955729166666667,0.9244791666666666
425,47.493508996114436,48.37415567183939,1.5234375,0.703125,2.34375,1.640625,0.9765625
426,46.71627298116906,47.82035627082064,1.6927083333333333,0.46875,2.9166666666666665,2.4479166666666665,0.8072916666666667
427,46.62629108642818,47.72306033074677,0.6315104166666666,0.0,1.2630208333333333,1.2630208333333333,0.8723958333333334
428,47.18497048053144,48.287041025013124,0.6184895833333334,0.1171875,1.1197916666666667,1.0026041666666667,0.7421875
429,47.05408356620112,47.88573489120087,2.1484375,0.46875,3.8281250000000004,3.3593750000000004,0.78125
430,46.90558691337884,48.06127325958258,1.6992187499999998,0.1171875,3.2812499999999996,3.1640624999999996,1.1458333333333335
431,47.01417293862282,47.93421938596225,0.6705729166666666,0.0,1.3411458333333333,1.3411458333333333,0.8203125
432,47.332774935641595,48.323180098903926,0.8984374999999999,0.1171875,1.6796875,1.5625,0.8203124999999999
433,46.988190192076864,47.88686101440969,2.2265625,0.8203124999999999,3.6328125000000004,2.8125000000000004,0.8333333333333334
434,46.9382620058247,47.885853984504415,1.4257812500000002,0.234375,2.6171874999999996,2.3828124999999996,0.8854166666666666
435,46.988243034821195,48.12400412070941,1.901041666666667,0.5859375,3.216145833333333,2.630208333333333,0.9895833333333333
436,46.70011431517717,47.801339934487515,1.764322916666667,0.5859375,2.9427083333333335,2.3567708333333335,0.9114583333333333
437,46.8262350426191,47.965768847061,0.7421875,0.234375,1.25,1.015625,1.09375
438,46.65274353113084,47.950291615948295,1.2890625,0.46875,2.109375,1.640625,0.8593750000000001
439,46.4461192586548,47.42038514698436,0.9570312500000001,0.35156249999999994,1.5625,1.2109375,0.7421875
440,47.60777161616589,48.43901050406947,1.4388020833333335,0.35156249999999994,2.5260416666666665,2.1744791666666665,0.8854166666666666
441,46.656915396833774,47.85934050529652,1.1393229166666665,0.234375,2.0442708333333335,1.8098958333333335,0.7291666666666666
442,47.043483840450214,47.84915829824064,0.9049479166666665,0.234375,1.5755208333333333,1.3411458333333333,0.6640625000000001
443,47.28251881145066,48.45772865178293,1.4908854166666665,0.234375,2.7473958333333335,2.5130208333333335,0.8593749999999999
444,46.79107493886594,47.85798136234637,1.3802083333333333,0.46875,2.291666666666667,1.822916666666667,0.9895833333333333
445,47.20740223783282,48.324821113927534,0.6640625,0.1171875,1.2109374999999998,1.0937499999999998,0.6770833333333334
446,46.86131611474687,48.098897747937855,1.2825520833333333,0.46875,2.096354166666667,1.627604166666667,0.8854166666666666
447,46.57621122546687,47.778683037634075,1.3671875000000002,0.46875,2.265625,1.796875,0.7291666666666666
448,46.95181715038937,47.83188711133842,2.1940104166666665,0.46875,3.9192708333333335,3.4505208333333335,0.8723958333333334
449,47.03120554433175,48.46991125871789,1.1067708333333333,0.234375,1.9791666666666665,1.7447916666666665,1.09375
450,46.83153355679391,47.82035627082064,1.5559895833333335,0.234375,2.877604166666667,2.643229166666667,0.8463541666666667
451,47.23089591027798,48.18901920294439,0.9830729166666666,0.0,1.9661458333333333,1.9661458333333333,0.7942708333333333
452,47.5013664280129,48.26869449654006,2.408854166666667,0.35156249999999994,4.466145833333333,4.114583333333333,0.7552083333333334
453,47.50819858486226,48.372077841378555,1.3411458333333333,0.234375,2.4479166666666665,2.2135416666666665,0.8984374999999999
454,46.68918501488258,47.818654548437046,2.08984375,0.8203124999999999,3.3593750000000004,2.5390625000000004,0.7291666666666666
455,46.914508396486895,47.71411969196965,1.1783854166666667,0.234375,2.1223958333333335,1.8880208333333335,0.8463541666666667
456,46.427690942257705,47.66561117303719,1.2955729166666667,0.7031249999999999,1.8880208333333333,1.1848958333333335,1.0156250000000002
457,46.97841441188669,48.15099965394889,1.1458333333333335,0.35156249999999994,1.9401041666666667,1.5885416666666667,1.0026041666666665
458,47.08025768386276,48.28048135961482,1.3932291666666667,0.234375,2.5520833333333335,2.3177083333333335,0.625
459,46.74489900021671,47.83141952263628,0.78125,0.234375,1.3281249999999998,1.0937499999999998,1.0807291666666667
460,47.23574751443947,48.15043793677774,1.2174479166666667,0.5859375,1.8489583333333333,1.2630208333333333,0.8854166666666666
461,47.55197954663305,48.48651201091968,1.0546875,0.234375,1.875,1.640625,0.9375
462,47.68350524899759,48.656133225023865,0.5208333333333333,0.0,1.0416666666666665,1.0416666666666665,0.7031250000000001
463,46.59518754221957,47.848962206482234,1.6276041666666667,0.35156249999999994,2.9036458333333335,2.5520833333333335,0.6770833333333334
464,46.64809128390369,47.6686116131974,1.9270833333333335,0.7031249999999999,3.1510416666666665,2.4479166666666665,0.8463541666666667
465,47.25789903888875,48.37723321870481,0.7096354166666665,0.1171875,1.3020833333333333,1.1848958333333333,1.0546875
466,46.824487703750044,47.92439939941424,0.6640625,0.0,1.328125,1.328125,0.8854166666666666
467,46.57858158832681,47.78746650139304,1.6276041666666665,0.46875,2.786458333333333,2.317708333333333,0.8593749999999999
468,46.45819432557147,47.69742088925221,1.6992187499999998,0.35156249999999994,3.046875,2.6953125,0.8593750000000001
469,47.01559798995293,47.953814734187404,1.4388020833333335,0.46875,2.4088541666666665,1.9401041666666665,0.9244791666666666
470,47.09052491886206,48.09740455771659,0.8268229166666666,0.1171875,1.5364583333333335,1.4192708333333335,0.9114583333333333
471,47.03120554433175,48.2045431416216,0.9375000000000001,0.1171875,1.7578125,1.640625,0.8333333333333334
472,46.55630917783519,47.71411969196965,1.2760416666666667,0.7031249999999999,1.8489583333333333,1.1458333333333335,0.9375
473,46.99946882849878,47.9917329551607,1.19140625,0.46875,1.9140625000000002,1.4453125000000002,0.8463541666666667
474,46.804793791383894,47.71996501153969,0.7877604166666666,0.0,1.5755208333333333,1.5755208333333333,0.8854166666666666
475,46.43570795547708,47.63061171344259,1.1783854166666667,0.0,2.3567708333333335,2.3567708333333335,0.6901041666666666
476,47.031767358467604,48.13811027257207,1.03515625,0.0,2.0703125,2.0703125,0.8593750000000001
477,46.86891125950914,47.88970024589301,1.2174479166666667,0.1171875,2.3177083333333335,2.2005208333333335,0.78125
478,46.80256901740373,47.875576966604754,1.328125,0.35156249999999994,2.3046875,1.953125,1.0416666666666667
479,46.95181715038937,48.01405373232811,1.0156250000000002,0.234375,1.7968750000000002,1.5625000000000002,0.7942708333333333
480,47.14198708152044,48.02536756679695,0.7161458333333334,0.0,1.4322916666666667,1.4322916666666667,0.8723958333333334
481,46.748351902163584,47.77976346559206,1.6992187499999998,0.234375,3.1640625000000004,2.9296875000000004,0.9505208333333335
482,47.05408356620112,48.07690235563339,0.9114583333333333,0.0,1.8229166666666665,1.8229166666666665,0.8072916666666667
483,47.192852462841856,48.08302800585777,1.5169270833333333,0.234375,2.799479166666667,2.565104166666667,0.6901041666666666
484,46.924115284764525,48.03995182311928,1.3085937499999998,0.35156249999999994,2.265625,1.9140625,1.2369791666666665
485,46.78864614041439,47.886055798750164,2.4283854166666665,0.8203125,4.036458333333333,3.216145833333333,0.9635416666666667
486,47.1890976506059,48.313157604348945,1.6731770833333333,0.234375,3.1119791666666665,2.8776041666666665,0.8723958333333334
487,46.829102279669456,48.0211716706414,0.9179687499999999,0.0,1.8359374999999998,1.8359374999999998,0.6770833333333334
488,46.95181715038937,48.011347267807196,2.447916666666667,1.0546875,3.8411458333333335,2.7864583333333335,0.9375
489,47.04205745628141,48.19858649391129,2.0638020833333335,0.8203124999999999,3.3072916666666665,2.4869791666666665,1.0677083333333333
490,47.78183217887924,48.56331119681298,1.8489583333333333,0.5859375,3.1119791666666665,2.5260416666666665,0.7031249999999999
491,46.76364477267873,48.09599456395921,1.614583333333333,0.35156249999999994,2.8776041666666665,2.5260416666666665,0.9635416666666667
492,47.315158065485754,48.20030496669936,0.83984375,0.234375,1.4453125,1.2109375,1.0156249999999998
493,47.15013796338969,48.39527784480756,2.0052083333333335,0.5859375,3.424479166666666,2.838541666666666,0.8984374999999999
494,46.92144588159367,48.06469154532936,1.7773437499999996,0.5859375,2.96875,2.3828125,0.9375
495,46.62643038150299,47.707752518574445,1.0156249999999998,0.234375,1.7968749999999998,1.5624999999999998,0.7161458333333334
496,47.11349412888577,47.985384932090255,0.87890625,0.1171875,1.640625,1.5234375,0.8723958333333334
497,47.21146580736829,48.092824680614804,1.861979166666667,0.7031249999999999,3.0208333333333335,2.3177083333333335,0.9244791666666666
498,47.50638763293223,48.41137130031979,1.5559895833333333,0.35156249999999994,2.7604166666666665,2.4088541666666665,0.7552083333333334
499,46.16296014753832,47.3795133569353,1.1588541666666667,0.0,2.3177083333333335,2.3177083333333335,0.9505208333333335
500,46.693333736416896,47.61094537469311,2.0377604166666665,0.35156249999999994,3.7239583333333335,3.3723958333333335,0.8854166666666666
501,47.23312823645573,48.44747797254059,1.2760416666666667,0.46875,2.0833333333333335,1.6145833333333335,0.8333333333333334
502,47.46293252250899,48.27346846957168,1.2760416666666667,0.46875,2.083333333333333,1.614583333333333,0.8203125
503,46.38926576409183,47.42233757829249,1.5299479166666667,0.7031249999999999,2.3567708333333335,1.6536458333333335,0.9244791666666666
504,46.62050433856616,47.68799337955196,2.7604166666666665,0.9375,4.583333333333334,3.645833333333334,0.7682291666666667
505,46.98660560609993,47.9089630004925,1.1197916666666667,0.234375,2.005208333333333,1.770833333333333,0.9244791666666666
506,46.98768735922543,47.903444283204664,1.66015625,0.46875,2.8515625,2.3828125,0.7421875
507,47.51986500089433,48.17779478858885,1.4518229166666667,0.1171875,2.786458333333333,2.669270833333333,0.9895833333333333
508,46.80794487034391,48.04185028342113,1.3606770833333333,0.46875,2.2526041666666665,1.7838541666666665,1.0286458333333333
509,46.58090494528418,47.66067666249728,1.0026041666666665,0.1171875,1.8880208333333335,1.7708333333333335,0.7682291666666667
510,47.60459785763867,48.62609865546368,1.2044270833333333,0.234375,2.1744791666666665,1.9401041666666665,1.0026041666666665
511,47.102713271524784,48.086552990097076,1.7317708333333335,0.234375,3.229166666666666,2.994791666666666,0.9635416666666667
512,46.6552612210402,47.81757857301902,1.2044270833333333,0.234375,2.1744791666666665,1.9401041666666665,0.7421875
513,46.55641039066591,47.59935423514332,1.6210937500000002,0.5859375,2.6562500000000004,2.0703125000000004,0.7421875
514,46.66489933085448,47.79474379745241,1.3020833333333335,0.1171875,2.4869791666666665,2.3697916666666665,0.8723958333333334
515,46.425352140129476,47.61993194154048,1.0416666666666665,0.1171875,1.9661458333333333,1.8489583333333333,0.8723958333333334
516,47.17528440239147,48.12729959445918,1.6276041666666665,0.234375,3.0208333333333335,2.7864583333333335,0.8984374999999999
517,46.70716132721059,47.71052512791083,0.8203125,0.1171875,1.5234375000000002,1.4062500000000002,0.9114583333333333
518,46.656915396833774,47.67132978708064,1.875,0.46875,3.28125,2.8125,0.7552083333333333
519,46.05950905989174,47.12896537253515,0.8984374999999999,0.1171875,1.6796875000000002,1.5625000000000002,0.7682291666666667
520,46.914508396486895,48.07914934764795,0.9765625,0.1171875,1.8359374999999998,1.7187499999999998,1.1067708333333333
521,47.081383818696445,48.3662767386998,1.1002604166666665,0.1171875,2.0833333333333335,1.9661458333333335,0.8333333333333334
522,47.775260230546465,48.732398380008924,0.9049479166666665,0.234375,1.5755208333333333,1.3411458333333333,0.9375000000000001
523,47.036631500306584,48.07379555893579,1.0872395833333333,0.1171875,2.057291666666666,1.940104166666666,0.7942708333333333
524,47.01861037586623,48.12283531178963,1.0546875,0.1171875,1.9921874999999998,1.8749999999999998,0.8072916666666667
525,46.995659877122584,47.92204637533094,1.8164062500000002,0.5859375,3.0468750000000004,2.4609375000000004,0.7552083333333335
526,47.335079753814775,48.34930464176967,1.484375,0.234375,2.734375,2.5,0.8984375000000001
527,47.01702304128303,48.032812119159104,1.3671875,0.35156249999999994,2.3828125,2.03125,0.7942708333333333
528,46.92144588159367,47.99707247535173,0.8984374999999999,0.1171875,1.6796875,1.5625,0.6380208333333334
529,47.59419804014391,48.36727342451608,0.8593750000000001,0.1171875,1.6015624999999998,1.4843749999999998,0.78125
530,46.74489900021671,47.74597461670152,1.9596354166666667,0.703125,3.216145833333334,2.513020833333334,0.6510416666666667
531,47.49307580388164,48.44995025444165,2.2265625,0.5859375,3.8671875,3.28125,0.8723958333333334
532,46.70742256256999,47.81140013610229,1.1328125000000002,0.234375,2.03125,1.796875,0.8593750000000001
533,47.0017734189216,48.16272502985871,1.0286458333333333,0.0,2.0572916666666665,2.0572916666666665,0.8854166666666669
534,47.01615007418961,48.112392478394206,1.5234375000000002,0.1171875,2.9296875,2.8125,0.8333333333333335
535,46.988190192076864,47.94679845199822,1.46484375,0.1171875,2.8124999999999996,2.6953124999999996,1.028645833333333
536,46.76283774205915,47.81399312897139,1.6471354166666667,0.234375,3.059895833333333,2.825520833333333,0.8203124999999999
537,46.630847907402014,47.64533091123964,1.3541666666666667,0.46875,2.2395833333333335,1.7708333333333335,0.7942708333333333
538,46.91495226770398,48.0105897903073,1.2174479166666667,0.234375,2.2005208333333335,1.9661458333333335,0.8593750000000001
539,46.87293986820879,47.92140187747209,1.09375,0.1171875,2.0703125,1.953125,0.9765625
540,46.81021146421228,47.96313992878025,0.9309895833333334,0.234375,1.6276041666666665,1.3932291666666665,0.8984374999999999
541,46.773994290228124,47.85492369135721,0.7096354166666665,0.0,1.419270833333333,1.419270833333333,1.1067708333333333
542,46.202013616213264,47.49394218834723,0.8593750000000001,0.0,1.7187500000000002,1.7187500000000002,0.8333333333333334
543,46.95181715038937,47.99192811591835,0.5533854166666667,0.0,1.1067708333333335,1.1067708333333335,0.9114583333333334
544,46.95371260547146,47.94862165158746,1.0807291666666667,0.1171875,2.0442708333333335,1.9270833333333335,0.78125
545,46.77549636025838,48.05894410308471,0.9309895833333334,0.0,1.8619791666666667,1.8619791666666667,0.8723958333333334
546,46.418036243045066,47.48912789074124,1.7447916666666667,0.5859375,2.903645833333333,2.317708333333333,0.9765625
547,46.7782609265976,47.91731655437238,1.0677083333333333,0.1171875,2.0182291666666665,1.9010416666666665,1.1848958333333333
548,46.710463558762285,47.72430140777132,1.97265625,0.5859375,3.359375,2.7734375,0.7291666666666666
549,46.748351902163584,47.90876909599408,1.26953125,0.1171875,2.4218749999999996,2.3046874999999996,0.8463541666666667
550,46.252676216425506,47.430209125143804,1.3346354166666667,0.234375,2.4348958333333335,2.2005208333333335,0.8072916666666665
551,46.96877327672176,47.79321603707045,1.2239583333333335,0.35156249999999994,2.096354166666667,1.744791666666667,0.7552083333333333
552,46.39386118105223,47.49114189487001,1.0351562499999998,0.1171875,1.953125,1.8359375,0.8854166666666666
553,47.01615007418961,47.92204637533094,1.6471354166666667,0.35156249999999994,2.9427083333333335,2.5911458333333335,0.7161458333333333
554,47.15013796338969,48.05521800128119,1.171875,0.234375,2.109375,1.875,0.8072916666666667
555,46.944351054005516,47.929061429595535,1.19140625,0.0,2.3828125,2.3828125,1.09375
556,46.60505224628725,47.44088797869725,1.2369791666666665,0.0,2.473958333333333,2.473958333333333,0.5859375000000001
557,46.552003561436585,47.64706720992431,1.490885416666667,0.35156249999999994,2.630208333333334,2.278645833333334,1.1197916666666667
558,46.43570795547708,47.66022458738324,1.97265625,0.46875,3.4765625,3.0078125,0.8593750000000001
559,46.534642256089306,47.586840946467454,1.705729166666667,0.46875,2.9427083333333335,2.4739583333333335,0.7942708333333333
560,46.51897286195151,47.533932988876295,1.8815104166666665,0.35156249999999994,3.411458333333334,3.059895833333334,0.8463541666666666
561,46.55641039066591,47.659772512269186,1.7708333333333333,0.46875,3.072916666666667,2.604166666666667,0.7161458333333333
562,47.13127514541929,48.14836850897573,1.2565104166666667,0.46875,2.044270833333334,1.575520833333334,0.7291666666666666
563,46.54666942547085,47.44788884125053,0.390625,0.0,0.78125,0.78125,0.9635416666666667
564,46.55599024537022,47.69228780079842,0.8203125,0.0,1.640625,1.640625,0.6119791666666667
565,47.03232917260346,47.998972114554,1.5690104166666667,0.46875,2.6692708333333335,2.2005208333333335,0.7161458333333334
566,46.77474532524325,47.735145866337234,1.3020833333333335,0.35156249999999994,2.2526041666666665,1.9010416666666665,0.6119791666666666
567,47.58868869964802,48.52634175119182,1.2044270833333333,0.0,2.4088541666666665,2.4088541666666665,0.9375
568,46.10748110023384,47.38025307483984,1.6536458333333333,0.5859375,2.7213541666666665,2.1354166666666665,0.8072916666666667
569,46.51775346925557,47.6015250446859,1.1263020833333333,0.234375,2.018229166666667,1.783854166666667,0.7291666666666666
570,46.70072506242886,47.81477438932349,1.2890625,0.234375,2.34375,2.109375,0.8463541666666666
571,46.64938320439168,47.58108234773084,1.4453125,0.1171875,2.7734375,2.65625,0.6640625
572,47.15959904442265,48.17108965485069,1.3281250000000002,0.46875,2.1875,1.71875,0.7682291666666667
573,47.048347982289194,48.05117829848463,1.3541666666666667,0.35156249999999994,2.3567708333333335,2.0052083333333335,0.9505208333333335
574,47.273302995168706,48.242998874737054,1.2630208333333335,0.46875,2.0572916666666665,1.5885416666666665,1.0026041666666667
575,46.76364477267873,47.80424094486927,2.291666666666667,0.234375,4.348958333333333,4.114583333333333,0.9635416666666667
576,47.053528624105276,47.92955177218252,1.7187499999999998,0.5859375,2.8515625,2.265625,0.9114583333333333
577,47.07517033273481,48.011878622471016,1.1263020833333335,0.35156249999999994,1.901041666666667,1.549479166666667,0.9895833333333333
578,46.86788831341094,48.0105897903073,0.8658854166666667,0.1171875,1.614583333333333,1.497395833333333,1.0677083333333333
579,47.0017734189216,48.145415786607415,2.03125,0.5859375,3.4765625,2.890625,0.8593750000000001
580,46.718877354596586,47.87222053849616,2.545572916666667,0.9375,4.153645833333333,3.216145833333333,1.0807291666666667
581,47.119380291053055,47.96719280162624,1.5885416666666665,0.46875,2.7083333333333335,2.2395833333333335,0.7421875
582,47.08073010382604,48.31200346554181,0.6705729166666666,0.0,1.3411458333333333,1.3411458333333333,0.7552083333333335
583,47.12257577156278,48.32020309433375,0.7942708333333333,0.0,1.5885416666666665,1.5885416666666665,0.9114583333333333
584,46.896481178661446,47.94576509920834,1.42578125,0.46875,2.3828125,1.9140625,0.8463541666666666
585,46.94286968342146,48.10462478181776,1.4583333333333333,0.234375,2.682291666666667,2.447916666666667,1.0416666666666667
586,47.29886058582674,48.44747797254059,1.048177083333333,0.0,2.096354166666666,2.096354166666666,0.7682291666666666
587,46.66111325011272,47.92754899920725,1.66015625,0.234375,3.0859375,2.8515625,0.7421875
588,46.99567333618724,48.20796998371315,1.2890625,0.46875,2.109375,1.640625,0.8593750000000001
589,46.76283774205915,47.783851912773045,0.7942708333333333,0.0,1.5885416666666665,1.5885416666666665,0.8203124999999999
590,46.66437859033726,47.68010034139357,1.2760416666666667,0.234375,2.3177083333333335,2.0833333333333335,0.7552083333333333
591,46.55280110802843,47.60043963991461,2.0247395833333335,0.5859375,3.463541666666667,2.877604166666667,0.9505208333333333
592,47.550148598508265,48.43022705815374,1.608072916666667,0.46875,2.7473958333333335,2.2786458333333335,0.9505208333333335
593,47.01417293862282,48.093300239332315,1.5950520833333335,0.5859375,2.604166666666667,2.018229166666667,1.0416666666666667
594,47.08073010382604,47.93150411561013,1.1393229166666667,0.1171875,2.1614583333333335,2.0442708333333335,0.8333333333333334
595,47.07035662296808,48.26484900471202,1.4322916666666665,0.234375,2.6302083333333335,2.3958333333333335,0.8854166666666666
596,46.37945370620306,47.43195233332478,2.213541666666667,0.46875,3.958333333333333,3.489583333333333,0.9635416666666667
597,46.719455460812725,47.60459785763867,1.7643229166666667,0.46875,3.059895833333333,2.591145833333333,0.7682291666666667
598,47.03120554433175,48.15342064181968,1.4322916666666667,0.234375,2.6302083333333335,2.3958333333333335,0.8463541666666666
599,45.957840550729046,47.12526645322034,1.5885416666666665,0.234375,2.9427083333333335,2.7083333333333335,0.7291666666666666
600,46.514949299192324,47.63308899674681,1.4192708333333333,0.1171875,2.7213541666666665,2.6041666666666665,0.9114583333333334
601,47.53364211410141,48.6014568340006,1.3085937499999998,0.35156249999999994,2.265625,1.9140625,0.8072916666666667
602,47.06676074794599,48.016732270353614,1.0221354166666667,0.234375,1.8098958333333335,1.5755208333333335,1.0807291666666667
603,46.924115284764525,47.965768847061,1.2434895833333333,0.234375,2.2526041666666665,2.0182291666666665,0.8203125
604,46.869818208184086,47.75144410854377,2.1744791666666665,0.8203124999999999,3.5286458333333335,2.7083333333333335,0.8203125
605,46.88328589187007,47.99955774445287,0.46223958333333326,0.0,0.9244791666666665,0.9244791666666665,0.7161458333333333
606,46.720033567028864,47.87222053849616,1.4908854166666665,0.234375,2.7473958333333335,2.5130208333333335,0.8593750000000001
607,46.804793791383894,47.81477438932349,0.64453125,0.0,1.2890625,1.2890625,0.8854166666666666
608,46.69661795125456,47.94724408283577,2.01171875,0.8203125,3.2031249999999996,2.3828124999999996,1.0416666666666667
609,46.58861500170503,47.6365602178469,1.5494791666666667,0.5859375,2.5130208333333335,1.9270833333333335,0.8854166666666666
610,46.9956867952519,48.14597240031375,1.0416666666666667,0.234375,1.8489583333333333,1.6145833333333333,0.9895833333333333
611,46.988243034821195,47.88122334809729,1.26953125,0.1171875,2.4218749999999996,2.3046874999999996,0.8203125
612,46.79130176071611,47.630528781337034,1.9661458333333333,0.8203125,3.1119791666666665,2.2916666666666665,0.7161458333333334
613,47.26833984845227,48.36090990885334,1.1588541666666667,0.234375,2.083333333333333,1.848958333333333,0.8723958333333334
614,46.95181715038937,47.90874213642409,1.7382812500000004,0.7031249999999999,2.7734375,2.0703125,0.8072916666666665
615,46.60999709445797,47.68589520682095,1.1067708333333335,0.35156249999999994,1.8619791666666667,1.5104166666666667,1.0286458333333333
616,47.44894311963443,48.193449498267135,1.4583333333333333,0.5859375,2.3307291666666665,1.7447916666666665,0.5989583333333334
617,46.686283350471356,47.8155795883069,2.2591145833333335,0.8203125,3.6979166666666665,2.8776041666666665,0.7942708333333333
618,46.606965363772645,47.86765635001647,0.9700520833333334,0.234375,1.705729166666667,1.471354166666667,0.9375
619,47.49835790930483,48.3591352437725,0.8593750000000001,0.234375,1.484375,1.25,1.0026041666666665
620,46.804793791383894,47.85798136234637,1.998697916666667,0.9375,3.0598958333333335,2.1223958333333335,0.6640625000000001
621,46.787297561584964,47.82020322405365,1.171875,0.234375,2.109375,1.875,0.8203125
622,46.98689506623697,47.994749588267474,1.8294270833333335,0.46875,3.1901041666666665,2.7213541666666665,0.9244791666666666
623,46.5643898637967,47.776881470466506,1.0546875,0.1171875,1.9921874999999998,1.8749999999999998,0.9114583333333334
624,46.90184493268001,47.85798136234637,1.1588541666666667,0.35156249999999994,1.9661458333333333,1.6145833333333333,0.8333333333333334
625,46.90558691337884,47.874706021028715,2.2981770833333335,0.5859375,4.010416666666666,3.424479166666666,0.9895833333333333
626,46.55630917783519,47.52946174683138,1.0546875,0.234375,1.8750000000000002,1.6406250000000002,0.6901041666666666
627,46.92144588159367,47.85446253147294,1.19140625,0.35156249999999994,2.03125,1.6796875,0.703125
628,46.419377329858456,47.64172147256244,1.6276041666666667,0.46875,2.786458333333333,2.317708333333333,0.9114583333333334
629,46.98663403206206,48.21589490687762,1.4388020833333333,0.7031249999999999,2.174479166666667,1.471354166666667,1.015625
630,47.284334232016704,48.42720935528218,2.2786458333333335,1.0546875,3.5026041666666665,2.4479166666666665,1.0416666666666667
631,46.50462870007759,47.55197954663305,1.8164062500000002,0.703125,2.9296875,2.2265625,0.8333333333333334
632,46.305302983801255,47.37034850261858,1.26953125,0.1171875,2.421875,2.3046875,0.6380208333333334
633,46.79014509720622,48.11129686262028,1.6796875000000002,0.7031249999999999,2.65625,1.953125,0.8463541666666666
634,46.914508396486895,47.81710587282045,1.953125,0.35156249999999994,3.5546875,3.203125,0.9505208333333335
635,46.696386136924986,47.72306033074677,1.4062500000000002,0.7031249999999999,2.109375,1.40625,0.8203125
636,46.829444248797145,47.87808583420144,2.506510416666667,1.0546875,3.958333333333333,2.903645833333333,0.8333333333333334
637,46.62817757933257,47.37976210079759,2.1419270833333335,0.5859375,3.6979166666666665,3.1119791666666665,0.8333333333333335
638,46.674149285790904,47.79736462855497,0.9375,0.234375,1.640625,1.40625,0.78125
639,46.34981493555086,47.58868869964802,1.3281250000000002,0.234375,2.421875,2.1875,0.8333333333333335
640,47.40910349354432,48.31956856969923,1.1132812499999998,0.234375,1.9921874999999998,1.7578124999999998,0.9244791666666666
641,46.92554269129572,47.767475797795,1.6145833333333335,0.46875,2.7604166666666665,2.2916666666666665,0.8723958333333334
642,46.46753163683308,47.49680880357981,2.05078125,0.46875,3.6328125000000004,3.1640625000000004,0.8333333333333334
643,46.51872457773562,47.949383222238666,1.1979166666666665,0.234375,2.1614583333333335,1.9270833333333335,0.8072916666666665
644,46.31290273360236,47.57164548570311,1.4192708333333333,0.5859375,2.252604166666667,1.666666666666667,1.0286458333333333
645,46.14147361254058,47.20316194376412,2.2656249999999996,0.7031249999999999,3.8281249999999996,3.1249999999999996,1.0546875
646,46.824487703750044,47.874706021028715,0.9114583333333334,0.0,1.8229166666666667,1.8229166666666667,0.9895833333333333
647,46.944351054005516,48.074357809165,1.614583333333333,0.46875,2.7604166666666665,2.2916666666666665,0.7942708333333333
648,47.6751550891769,48.38614222347523,2.65625,1.0546875,4.2578125,3.203125,0.78125
649,46.842203983882854,47.885773785526574,0.8007812499999999,0.0,1.6015624999999998,1.6015624999999998,0.8463541666666667
650,47.1965071828619,48.15032897181721,1.5039062499999998,0.35156249999999994,2.6562500000000004,2.3046875000000004,0.9765625
651,46.818966340647194,47.771402854440566,1.6992187500000002,0.5859375,2.8125,2.2265625,0.7161458333333334
652,46.55641039066591,47.5247956506441,1.5169270833333335,0.35156249999999994,2.682291666666667,2.330729166666667,0.7161458333333333
653,46.8647058875222,47.84602923411022,2.174479166666667,0.5859375,3.763020833333333,3.177083333333333,0.8072916666666665
654,46.92144588159367,47.91862180046873,1.4778645833333333,0.35156249999999994,2.6041666666666665,2.2526041666666665,0.8723958333333334
655,47.64816667519618,48.68348209723311,0.68359375,0.1171875,1.25,1.1328125,0.9244791666666666
656,46.43488069292153,47.55523192425085,1.3346354166666667,0.5859375,2.0833333333333335,1.4973958333333335,0.6380208333333334
657,47.14198708152044,48.3154143313137,1.5559895833333333,0.234375,2.8776041666666665,2.6432291666666665,1.2630208333333333
658,46.710463558762285,47.9002129176412,1.5234375,0.46875,2.578125,2.109375,0.8072916666666665
659,46.67731132046074,47.81218516177094,1.6471354166666667,0.35156249999999994,2.9427083333333335,2.5911458333333335,1.0546875
660,47.29828903888157,48.37723321870481,2.0703124999999996,0.46875,3.6718749999999996,3.2031249999999996,0.7161458333333333
661,46.39436429472756,47.630509718341685,2.34375,0.8203124999999999,3.8671875,3.046875,0.8854166666666666
662,47.504576681002206,48.20394318017137,1.6145833333333335,0.5859375,2.643229166666667,2.057291666666667,0.8984374999999999
663,46.83406238891698,48.015226183701316,0.8528645833333333,0.1171875,1.5885416666666665,1.4713541666666665,0.6770833333333334
664,46.97841441188669,48.0565353753647,0.9505208333333333,0.0,1.9010416666666665,1.9010416666666665,1.0286458333333333
665,47.67690126288218,48.35003823211728,1.26953125,0.35156249999999994,2.1875,1.8359375,0.8203124999999999
666,46.187658770529275,47.344830086810944,1.4062499999999998,0.35156249999999994,2.4609374999999996,2.1093749999999996,0.8072916666666667
667,47.08203753356685,48.42731127470121,1.0091145833333333,0.0,2.0182291666666665,2.0182291666666665,0.9244791666666666
668,46.78864614041439,47.81674762885243,2.298177083333333,0.7031249999999999,3.8932291666666665,3.1901041666666665,0.9114583333333333
669,46.55726222194384,47.679046429767595,1.3932291666666665,0.46875,2.3177083333333335,1.8489583333333335,0.7291666666666666
670,47.64533091123964,48.47162768162414,0.9960937499999999,0.234375,1.7578124999999996,1.5234374999999996,0.6380208333333334
671,46.38206893424254,47.792777091680684,1.8359375000000004,0.5859375,3.0859375,2.5,0.7552083333333334
672,47.03120554433175,48.07379555893579,2.44140625,0.8203125,4.0625,3.2421875,1.0546875
673,46.775778263200394,47.87222053849617,1.0026041666666665,0.0,2.005208333333333,2.005208333333333,0.9375
674,47.644833435702516,48.72582591340382,0.9505208333333333,0.1171875,1.7838541666666665,1.6666666666666665,1.015625
675,46.81518988545591,48.053863439021434,0.7096354166666666,0.0,1.4192708333333333,1.4192708333333333,0.8593750000000001
676,47.07199694660308,48.14528406691731,1.3932291666666665,0.0,2.786458333333333,2.786458333333333,1.1328125000000002
677,46.962887236055536,47.93150411561013,0.9309895833333335,0.1171875,1.7447916666666667,1.6276041666666667,0.9895833333333333
678,46.50462870007759,47.508222375483115,1.953125,0.35156249999999994,3.5546875,3.203125,0.6380208333333334
679,46.269715148625465,47.622552499001024,1.4713541666666667,0.234375,2.708333333333333,2.473958333333333,0.9505208333333335
680,47.058854746716996,47.96719280162624,1.0807291666666667,0.0,2.1614583333333335,2.1614583333333335,0.5208333333333333
681,47.483342577555476,48.5269685782944,0.8072916666666667,0.234375,1.3802083333333333,1.1458333333333333,0.8203124999999999
682,46.656915396833774,47.85662221939623,1.1783854166666665,0.0,2.356770833333333,2.356770833333333,1.0156249999999998
683,46.78741086232057,47.59673761476157,1.7252604166666665,0.1171875,3.3333333333333335,3.2161458333333335,0.9114583333333333
684,46.77549636025838,47.91785904743708,1.77734375,0.46875,3.0859375,2.6171875,0.7031249999999999
685,46.62629108642818,47.72306033074677,1.6210937500000002,0.5859375,2.65625,2.0703125,1.0416666666666667
686,46.63467388511309,47.90874213642409,1.3736979166666667,0.46875,2.278645833333333,1.809895833333333,0.8203125
687,47.00655117423827,48.18499356225216,0.5794270833333333,0.234375,0.9244791666666666,0.6901041666666666,0.9244791666666666
688,46.8591767607772,48.05894410308471,1.3151041666666665,0.46875,2.161458333333333,1.692708333333333,0.8854166666666666
689,47.828029117664464,48.46033025964773,1.0807291666666667,0.1171875,2.044270833333333,1.927083333333333,0.8072916666666665
690,47.60777161616589,48.40941162253369,0.5078124999999999,0.0,1.0156249999999998,1.0156249999999998,0.78125
691,47.00029597609754,48.0861003431245,1.7447916666666667,0.8203124999999999,2.669270833333333,1.848958333333333,0.8984374999999999
692,47.261395753448,48.14528406691731,0.7356770833333334,0.0,1.4713541666666667,1.4713541666666667,0.9244791666666665
693,46.55853016600358,47.6878678700147,0.9895833333333333,0.1171875,1.8619791666666667,1.7447916666666667,0.8203124999999999
694,46.988243034821195,48.27346846957168,1.1393229166666667,0.46875,1.809895833333333,1.341145833333333,1.09375
695,47.49307580388164,48.57957692014401,1.15234375,0.234375,2.0703125000000004,1.8359375000000004,0.9765625
696,46.775778263200394,48.06369749555004,1.3411458333333335,0.234375,2.447916666666666,2.213541666666666,0.7291666666666666
697,46.74489900021671,47.81249775949895,1.3346354166666667,0.1171875,2.5520833333333335,2.4348958333333335,0.8463541666666667
698,46.99930255461208,47.82378869955647,1.4583333333333333,0.46875,2.4479166666666665,1.9791666666666665,0.6770833333333334
699,46.62817757933257,47.8155795883069,1.2434895833333333,0.0,2.4869791666666665,2.4869791666666665,0.7942708333333333
700,46.70742256256999,47.755551256513826,1.9466145833333333,0.8203125,3.072916666666667,2.252604166666667,0.8072916666666667
701,46.79014509720622,47.87230836695184,0.91796875,0.1171875,1.7187500000000002,1.6015625000000002,0.9635416666666665
702,47.60777161616589,48.37211467006665,1.46484375,0.46875,2.4609375,1.9921875,0.9114583333333333
703,46.58861500170503,47.52165875148551,1.223958333333333,0.1171875,2.3307291666666665,2.2135416666666665,0.7552083333333335
704,47.068552752417496,47.96046974789606,1.0807291666666667,0.234375,1.9270833333333335,1.6927083333333335,0.9635416666666667
705,47.075315841048436,48.21715285199057,0.9375,0.0,1.875,1.875,1.0677083333333333
706,46.862674752482256,47.7385448880327,2.2721354166666665,0.46875,4.075520833333333,3.606770833333333,0.8593750000000001
707,46.783042655828964,47.947199437739016,1.6796875,0.35156249999999994,3.0078125000000004,2.6562500000000004,0.8463541666666666
708,47.07657361557866,48.28172274375219,0.6966145833333333,0.0,1.3932291666666665,1.3932291666666665,0.9765625
709,47.51986500089433,48.51872754043062,0.8593750000000001,0.234375,1.484375,1.25,0.8593750000000001
710,47.06945468769279,48.055213184822136,1.6210937500000002,0.234375,3.0078125,2.7734375,0.9375000000000001
711,47.26179464076941,48.48003813091734,2.2330729166666665,1.0546875,3.411458333333334,2.356770833333334,0.8984374999999999
712,46.95542097486929,47.89146677572012,1.171875,0.46875,1.875,1.40625,0.8333333333333334
713,46.400964748705825,47.832354700040554,0.42968750000000006,0.0,0.8593750000000001,0.8593750000000001,0.9114583333333334
714,47.07035662296808,48.011347267807196,1.4453125,0.234375,2.6562500000000004,2.4218750000000004,0.9375000000000001
715,46.66161662445404,47.73585758654036,1.5104166666666665,0.7031249999999999,2.3177083333333335,1.6145833333333335,0.8333333333333334
716,46.893631915531344,47.89760200541728,1.66015625,0.7031249999999999,2.6171875,1.9140625,0.8072916666666667
717,46.28981778160079,47.42505263591589,0.9765625,0.1171875,1.8359375,1.71875,0.8984374999999999
718,46.093128180587016,47.06147621329295,1.7838541666666665,0.1171875,3.450520833333333,3.333333333333333,0.8593750000000001
719,46.923494286444694,47.91862180046873,2.2330729166666665,0.7031249999999999,3.763020833333333,3.059895833333333,0.8072916666666665
720,46.71251239530927,47.66102012654898,1.58203125,0.35156249999999994,2.8125,2.4609375,1.0286458333333335
721,46.524020625404376,47.49612760875877,1.4518229166666667,0.35156249999999994,2.5520833333333335,2.2005208333333335,0.8463541666666667
722,47.310430403129736,48.49557561541983,1.4257812500000002,0.234375,2.6171875,2.3828125,0.6510416666666667
723,47.2501989888782,48.29570612205101,1.8424479166666667,0.8203124999999999,2.8645833333333335,2.0442708333333335,0.9765625
724,46.89710448019918,47.771402854440566,1.2825520833333333,0.1171875,2.4479166666666665,2.3307291666666665,0.7161458333333334
725,46.60505224628725,47.81249775949895,1.09375,0.1171875,2.0703125,1.953125,0.8854166666666666
726,47.21146580736829,48.3154143313137,1.38671875,0.35156249999999994,2.4218750000000004,2.0703125000000004,0.9765625
727,46.095025542803555,47.24845952019854,1.5625,0.5859375,2.5390625,1.953125,0.9895833333333333
728,46.988243034821195,47.93894416587492,1.1783854166666667,0.1171875,2.2395833333333335,2.1223958333333335,0.8203125
729,47.26408717888675,48.12232654421189,0.6966145833333333,0.0,1.3932291666666665,1.3932291666666665,1.0286458333333333
730,46.80794487034391,47.8042409448715,1.7252604166666665,0.234375,3.216145833333334,2.981770833333334,0.8984374999999999
731,47.284334232016704,48.198409867137286,1.38671875,0.1171875,2.65625,2.5390625,1.0677083333333333
732,47.19700472464361,48.52282899902859,1.6666666666666667,0.35156249999999994,2.981770833333333,2.630208333333333,0.7682291666666667
733,46.418036243045066,47.40910349354432,1.0416666666666667,0.234375,1.8489583333333337,1.6145833333333337,0.8463541666666666
734,46.64900881728345,47.71545037621048,2.779947916666667,1.0546875,4.505208333333332,3.450520833333332,0.78125
735,46.8063693308639,47.9917329551607,1.25,0.234375,2.2656250000000004,2.0312500000000004,0.7682291666666667
736,46.829444248797145,47.93052343043614,0.35807291666666663,0.0,0.7161458333333333,0.7161458333333333,0.9505208333333335
737,47.00704064325962,48.19313225916693,2.1223958333333335,0.5859375,3.658854166666667,3.072916666666667,0.8463541666666666
738,47.1890976506059,48.20620733730551,1.4973958333333333,0.35156249999999994,2.643229166666666,2.291666666666666,0.78125
739,46.66164261203004,47.58108234773084,2.5260416666666665,0.8203124999999999,4.231770833333334,3.411458333333334,0.8463541666666667
740,46.748351902163584,47.88686101440969,0.4427083333333333,0.0,0.8854166666666666,0.8854166666666666,0.7161458333333333
741,46.385912647005334,47.66621648852842,1.861979166666667,0.7031249999999999,3.0208333333333335,2.3177083333333335,0.7682291666666666
742,46.425084430431895,47.6751550891769,1.1653645833333333,0.46875,1.8619791666666667,1.3932291666666667,0.8723958333333334
743,47.097448772760764,48.0546981173079,1.484375,0.5859375,2.3828125,1.796875,0.7682291666666666
744,46.269715148625465,47.39640449030419,1.34765625,0.35156249999999994,2.34375,1.9921875,0.8984374999999999
745,47.39958212124773,48.26869449654006,1.1067708333333335,0.1171875,2.096354166666667,1.979166666666667,1.015625
746,47.053528624105276,48.09819192322272,0.8919270833333333,0.234375,1.5494791666666667,1.3151041666666667,1.0546875
747,46.9956867952519,48.08574650378548,1.1458333333333335,0.35156249999999994,1.9401041666666667,1.5885416666666667,0.7682291666666666
748,47.064855661832425,47.90272853737026,1.3346354166666665,0.0,2.669270833333333,2.669270833333333,0.8984374999999999
749,46.78991827535605,47.719965011539486,1.0481770833333335,0.0,2.096354166666667,2.096354166666667,0.8723958333333334
750,47.102713271524784,48.08788713963563,1.1002604166666665,0.234375,1.9661458333333333,1.7317708333333333,0.9244791666666666
751,47.31224384574644,48.404374985071215,1.3346354166666667,0.35156249999999994,2.3177083333333335,1.9661458333333335,0.9114583333333333
752,46.73907439911529,47.92204637533094,0.72265625,0.0,1.4453125,1.4453125,0.8854166666666666
753,46.11631929641837,47.27489330526371,1.3151041666666667,0.1171875,2.5130208333333335,2.3958333333333335,0.8984375000000001
754,46.73901267560985,48.08565490462176,1.6015625000000002,0.46875,2.734375,2.265625,0.9765625
755,46.66326228835431,47.7609129775845,1.5494791666666667,0.46875,2.6302083333333335,2.1614583333333335,0.6510416666666667
756,46.26205400990423,47.50138020039694,1.0026041666666665,0.0,2.005208333333333,2.005208333333333,0.5989583333333334
757,46.616172210987685,47.628250617832194,1.5690104166666667,0.234375,2.9036458333333335,2.6692708333333335,0.9244791666666665
758,46.924115284764525,48.08993149982733,1.1132812500000002,0.35156249999999994,1.8750000000000002,1.5234375000000002,0.9244791666666665
759,46.5558890325395,47.732891592334845,1.861979166666667,0.5859375,3.1380208333333335,2.5520833333333335,0.8203125
760,46.49235205633765,47.60263569085692,1.7773437500000002,0.5859375,2.9687500000000004,2.3828125000000004,0.8723958333333334
761,47.284334232016704,48.23373436762368,1.2369791666666667,0.1171875,2.3567708333333335,2.2395833333333335,0.8593750000000001
762,46.73377868593724,47.900238925326164,1.5299479166666665,0.35156249999999994,2.7083333333333335,2.3567708333333335,1.015625
763,46.62643038150299,47.81191454855176,0.7161458333333333,0.0,1.4322916666666665,1.4322916666666665,1.0286458333333333
764,47.06137979451755,48.092051235087126,2.0703125000000004,0.5859375,3.5546875,2.96875,0.8203125
765,47.20586530108293,48.3856783527063,2.28515625,0.703125,3.8671874999999996,3.1640624999999996,0.7161458333333334
766,46.70742256256999,47.95574098553267,1.9791666666666665,0.46875,3.4895833333333335,3.0208333333333335,0.9375
767,46.293312064177094,47.32228733895365,2.0442708333333335,0.8203124999999999,3.268229166666667,2.447916666666667,0.8984374999999999
768,46.55673145301677,47.44788884125053,1.6927083333333333,0.35156249999999994,3.0338541666666665,2.6822916666666665,0.6770833333333334
769,47.67132978708064,48.43901050406947,1.15234375,0.234375,2.0703125,1.8359375,0.703125
770,46.82041929378526,47.98645888139463,1.2304687500000002,0.234375,2.2265625,1.9921875,0.8723958333333334
771,46.65106336776126,47.6881252235021,0.8723958333333331,0.0,1.7447916666666663,1.7447916666666663,0.7421875
772,46.630847907402014,47.61915983967412,0.6640625000000001,0.0,1.3281250000000002,1.3281250000000002,0.6770833333333334
773,47.25950210265207,48.20394318017137,1.3997395833333333,0.35156249999999994,2.447916666666667,2.096354166666667,0.9375000000000001
774,46.62849024487888,47.69338572652218,1.803385416666667,0.5859375,3.020833333333334,2.434895833333334,0.78125
775,46.81247805808065,47.946397466257416,1.3997395833333335,0.35156249999999994,2.4479166666666665,2.0963541666666665,0.8854166666666666
776,46.9382620058247,47.909156874833755,1.614583333333333,0.234375,2.994791666666667,2.760416666666667,0.8203125
777,46.662145986371364,47.69315816330308,1.9075520833333335,0.35156249999999994,3.463541666666667,3.111979166666667,0.8463541666666667
778,47.003740330767016,48.05897485681953,1.0221354166666665,0.1171875,1.927083333333333,1.809895833333333,0.8854166666666666
779,46.66489933085448,47.80279043967728,1.0807291666666667,0.46875,1.6927083333333333,1.2239583333333333,0.9635416666666667
780,47.08203753356685,48.14170250468785,1.09375,0.1171875,2.0703125,1.953125,0.8463541666666667
781,47.07035662296808,47.92348636333219,1.6992187500000002,0.35156249999999994,3.0468750000000004,2.6953125000000004,0.9244791666666666
782,46.63467388511309,47.75144410854377,1.5169270833333335,0.1171875,2.9166666666666665,2.7994791666666665,1.1458333333333335
783,46.829102279669456,47.71389840424977,1.4973958333333333,0.35156249999999994,2.6432291666666665,2.2916666666666665,0.8854166666666666
784,46.40154585639449,47.61094537469311,1.1783854166666667,0.1171875,2.239583333333333,2.122395833333333,0.78125
785,46.78864614041439,47.89913147380403,1.0026041666666667,0.1171875,1.8880208333333333,1.7708333333333333,0.8593750000000001
786,46.962887236055536,48.03318608438229,1.3411458333333333,0.234375,2.4479166666666665,2.2135416666666665,0.7682291666666667
787,46.596592616605975,47.97661190329946,0.703125,0.0,1.40625,1.40625,0.8333333333333334
788,47.102713271524784,48.09819192322272,1.881510416666667,0.7031249999999999,3.059895833333333,2.356770833333333,0.8984374999999999
789,46.787297561584964,47.80424094486927,0.8138020833333333,0.1171875,1.5104166666666665,1.3932291666666665,0.8463541666666667
790,46.41013264511481,47.40031162438393,0.9765625,0.0,1.953125,1.953125,0.6380208333333334
791,47.07612094115205,48.18267801653412,1.3346354166666667,0.46875,2.2005208333333335,1.7317708333333335,0.9244791666666666
792,46.74374401239215,47.92411897139415,0.7161458333333334,0.234375,1.1979166666666665,0.9635416666666665,0.8072916666666667
793,46.924115284764525,48.21715285199057,0.8398437500000001,0.234375,1.4453125,1.2109375,1.171875
794,46.418036243045066,47.53364211410141,1.3997395833333335,0.234375,2.5651041666666665,2.3307291666666665,0.9895833333333333
795,46.626178910465896,47.7217909718615,1.07421875,0.234375,1.9140625000000002,1.6796875000000002,0.9505208333333335
796,47.15013796338969,48.146920620328196,1.5885416666666665,0.46875,2.7083333333333335,2.2395833333333335,0.78125
797,47.64815351878907,48.52325748326399,1.1328125000000002,0.35156249999999994,1.9140625000000002,1.5625000000000002,1.0026041666666667
798,47.31224384574644,48.29570612205101,1.5234375000000002,0.46875,2.578125,2.109375,1.1848958333333333
799,46.86891125950914,47.866002230291215,1.6276041666666667,0.5859375,2.669270833333333,2.083333333333333,0.7942708333333333
800,46.65274353113084,47.80279043967728,1.5755208333333333,0.46875,2.682291666666667,2.213541666666667,1.09375
801,47.55371178784401,48.312700648139014,0.91796875,0.1171875,1.7187500000000002,1.6015625000000002,0.9244791666666666
802,46.7303816215983,47.604006040258106,1.3606770833333333,0.0,2.7213541666666665,2.7213541666666665,0.78125
803,46.73475887210951,48.043014711479806,0.625,0.0,1.25,1.25,0.8723958333333334
804,46.98655733230692,47.8814617449898,0.8658854166666665,0.1171875,1.614583333333333,1.497395833333333,0.8333333333333334
805,46.78741086232057,47.91460405712099,1.2434895833333335,0.5859375,1.901041666666667,1.315104166666667,1.0677083333333333
806,47.31224384574644,48.363718860265195,1.3151041666666667,0.46875,2.1614583333333335,1.6927083333333335,1.1848958333333335
807,46.92268787823334,47.792777091680684,1.6992187499999998,0.46875,2.9296875,2.4609375,0.7942708333333333
808,46.83509257819392,47.82020322405365,1.3997395833333333,0.35156249999999994,2.4479166666666665,2.0963541666666665,1.0546875
809,46.914508396486895,47.88146564737418,1.0872395833333335,0.234375,1.9401041666666667,1.7057291666666667,0.8984374999999999
810,47.55197954663305,48.53301950949847,1.4257812500000002,0.46875,2.3828125,1.9140625,1.0156249999999998
811,47.26408717888675,48.59808958002749,0.8007812499999999,0.0,1.6015624999999998,1.6015624999999998,1.1328125000000002
812,46.27734173254675,47.63211662131043,1.8229166666666667,0.35156249999999994,3.2942708333333335,2.9427083333333335,0.9375000000000001
813,46.81790171283118,47.932135110179644,1.1783854166666667,0.234375,2.1223958333333335,1.8880208333333335,0.8463541666666667
814,46.95276487793041,47.872386338247495,1.40625,0.5859375,2.2265625000000004,1.6406250000000004,0.7291666666666666
815,46.97524714977437,47.9089630004925,2.473958333333333,0.8203124999999999,4.127604166666667,3.307291666666667,1.0286458333333333
816,46.265201740746,47.50831662972504,0.8268229166666669,0.234375,1.4192708333333335,1.1848958333333335,0.7682291666666667
817,47.07287180596118,48.20306914433407,1.2369791666666665,0.35156249999999994,2.122395833333333,1.770833333333333,0.8333333333333334
818,46.69191658364117,47.86813354367186,0.7552083333333333,0.0,1.5104166666666665,1.5104166666666665,0.7942708333333333
819,46.782067752973575,47.86576363346352,0.6380208333333334,0.0,1.2760416666666667,1.2760416666666667,0.9895833333333333
820,46.58861500170503,47.63170976095069,1.2890625,0.234375,2.34375,2.109375,0.8723958333333334
821,47.23312823645573,48.34093047597791,1.34765625,0.46875,2.2265625,1.7578125,0.9765625
822,46.98655733230692,47.92903621482169,0.8268229166666666,0.0,1.6536458333333333,1.6536458333333333,0.9505208333333335
823,47.053528624105276,47.95556821355348,1.1197916666666665,0.0,2.239583333333333,2.239583333333333,1.171875
824,47.07517033273481,48.14639729432998,1.0026041666666665,0.1171875,1.8880208333333333,1.7708333333333333,0.9895833333333333
825,47.07612094115205,48.05009471819371,1.5169270833333333,0.35156249999999994,2.6822916666666665,2.3307291666666665,0.9114583333333334
826,47.79709102791931,48.86637823783734,0.8658854166666667,0.1171875,1.6145833333333335,1.4973958333333335,0.9505208333333335
827,47.169386592952776,48.465665794174676,1.4713541666666667,0.46875,2.473958333333333,2.005208333333333,0.7291666666666666
828,46.6288029104252,47.87222053849616,1.9726562500000002,0.5859375,3.359375,2.7734375,0.9375
829,46.80368140439381,47.82216246615697,2.0377604166666665,0.5859375,3.4895833333333335,2.9036458333333335,0.8854166666666666
830,47.05408356620112,48.21422657664676,1.217447916666667,0.35156249999999994,2.0833333333333335,1.7317708333333335,0.9114583333333333
831,46.88471052343512,48.05709423932667,1.3020833333333333,0.35156249999999994,2.2526041666666665,1.9010416666666665,1.1067708333333335
832,46.434781372191715,47.29657138340497,2.16796875,0.8203125,3.515625,2.6953125,0.6901041666666666
833,47.63057358745189,48.554999993118706,1.2434895833333335,0.46875,2.0182291666666665,1.5494791666666665,0.5859375
834,46.26205400990423,47.52240094710669,1.5234375,0.46875,2.578125,2.109375,0.8593750000000001
835,47.00985148673087,48.016732270353614,1.30859375,0.0,2.6171875,2.6171875,0.8723958333333334
836,46.76364477267873,47.885652170258666,1.7968750000000002,0.5859375,3.0078124999999996,2.4218749999999996,0.6640625000000001
837,46.6288029104252,47.611084540500606,1.2434895833333335,0.35156249999999994,2.1354166666666665,1.7838541666666665,0.8203125
838,47.33299036381698,48.17474147365423,0.9049479166666667,0.1171875,1.6927083333333335,1.5755208333333335,0.8072916666666665
839,46.80794487034391,47.84915829824064,1.8815104166666665,0.46875,3.2942708333333335,2.8255208333333335,0.8984374999999999
840,46.86133038735088,48.06469154532936,1.2955729166666667,0.35156249999999994,2.2395833333333335,1.8880208333333335,0.7552083333333334
841,46.248187790220726,47.49835790930483,0.8203125,0.1171875,1.5234375000000002,1.4062500000000002,0.78125
842,47.63044584923148,48.37283585163693,1.5364583333333335,0.35156249999999994,2.7213541666666665,2.3697916666666665,1.09375
843,46.988190192076864,48.06436927613681,1.2174479166666665,0.0,2.434895833333333,2.434895833333333,0.8593750000000001
844,46.626178910465896,47.67389536144104,1.8164062500000002,0.5859375,3.046875,2.4609375,0.8203125
845,46.62741335875005,47.63423238332105,1.2890625,0.1171875,2.4609375,2.34375,0.7552083333333334
846,47.20740223783282,48.22893002112117,0.6510416666666666,0.0,1.3020833333333333,1.3020833333333333,0.7031249999999999
847,46.914508396486895,47.93670460581608,2.0442708333333335,0.234375,3.854166666666667,3.619791666666667,0.6770833333333334
848,47.58853194484658,48.56059478409037,1.4518229166666665,0.35156249999999994,2.5520833333333335,2.2005208333333335,0.7291666666666666
849,46.8591767607772,47.900011526717684,1.9075520833333335,0.703125,3.1119791666666665,2.4088541666666665,1.1328125000000002
850,46.49779919824327,47.6168543366829,1.26953125,0.234375,2.3046875,2.0703125,0.9635416666666667
851,46.83331306749391,47.88146564737418,1.3020833333333333,0.1171875,2.4869791666666665,2.3697916666666665,0.8072916666666665
852,47.81117030061825,48.846345753881415,1.1458333333333335,0.234375,2.0572916666666665,1.8229166666666665,0.8593750000000001
853,47.048347982289194,48.29137357353207,0.6835937500000001,0.1171875,1.25,1.1328125,0.8203125
854,46.69955471327024,47.56990972430908,1.2760416666666667,0.234375,2.3177083333333335,2.0833333333333335,0.8333333333333334
855,47.01861037586623,48.08788713963563,1.93359375,0.5859375,3.2812499999999996,2.6953124999999996,0.9244791666666666
856,47.373751791014875,48.21972753669124,1.1067708333333333,0.0,2.2135416666666665,2.2135416666666665,0.8463541666666667
857,47.22305917839794,48.12612022095835,1.3085937499999998,0.0,2.6171874999999996,2.6171874999999996,0.6901041666666667
858,47.70342960056932,48.841460394225535,1.3020833333333333,0.35156249999999994,2.2526041666666665,1.9010416666666665,1.171875
859,46.66108726253671,47.90874213642409,0.9765625,0.234375,1.7187500000000002,1.4843750000000002,0.8333333333333334
860,46.7303816215983,47.87222053849616,1.8229166666666665,0.5859375,3.059895833333333,2.473958333333333,0.7682291666666667
861,46.90191514870482,47.945132732159266,1.26953125,0.35156249999999994,2.1875,1.8359375,0.6901041666666666
862,47.08073010382604,48.09293675156875,1.9401041666666667,1.171875,2.7083333333333335,1.5364583333333335,0.625
863,47.284334232016704,48.26682007901949,0.8854166666666666,0.0,1.7708333333333333,1.7708333333333333,0.9505208333333333
864,46.90736717112194,47.805378327203506,2.12890625,0.7031249999999999,3.5546875000000004,2.8515625000000004,0.7942708333333333
865,46.95276487793041,47.90089157963134,2.486979166666667,0.5859375,4.388020833333334,3.802083333333334,0.9635416666666667
866,46.90558691337884,48.04896982921131,1.2760416666666667,0.1171875,2.434895833333334,2.317708333333334,0.8072916666666667
867,47.20740223783282,48.10981308320401,1.7708333333333333,0.35156249999999994,3.1901041666666665,2.8385416666666665,0.6640625
868,47.102713271524784,48.09341231028626,1.5104166666666667,0.35156249999999994,2.669270833333333,2.317708333333333,0.8984374999999999
869,46.83084961853851,48.08311623783856,0.9830729166666666,0.234375,1.7317708333333335,1.4973958333333335,0.9375000000000001
870,46.26205400990423,47.508222375483115,1.40625,0.234375,2.578125,2.34375,0.9505208333333333
871,46.86891125950914,47.957181261341255,2.0768229166666665,0.8203124999999999,3.3333333333333335,2.5130208333333335,1.015625
872,46.68391998124455,47.88854145197973,1.0611979166666667,0.35156249999999994,1.7708333333333333,1.4192708333333333,0.8723958333333334
873,46.974760634058796,48.28586380769523,1.953125,0.35156249999999994,3.5546875,3.203125,1.0156250000000002
874,46.83331306749391,47.89913147380403,1.5494791666666667,0.5859375,2.5130208333333335,1.9270833333333335,0.9244791666666669
875,47.58514994808833,48.49736174326482,0.8723958333333334,0.1171875,1.6276041666666665,1.5104166666666665,0.9244791666666666
876,47.33316049306643,48.2196732287087,0.703125,0.0,1.40625,1.40625,0.9375000000000001
877,46.73475887210951,47.87724391022303,1.3736979166666667,0.234375,2.5130208333333335,2.2786458333333335,1.0026041666666665
878,47.07035662296808,48.21908232478917,1.614583333333333,0.35156249999999994,2.8776041666666665,2.5260416666666665,0.9244791666666666
879,46.86547810022268,47.92757421398108,1.38671875,0.46875,2.3046875,1.8359375,1.09375
880,46.58425632103884,47.78567583791439,2.48046875,0.7031249999999999,4.257812499999999,3.554687499999999,0.7552083333333334
881,46.73377868593724,47.810248689400375,1.4778645833333333,0.46875,2.486979166666667,2.018229166666667,0.8072916666666665
882,47.08073010382604,48.08152668469218,2.1223958333333335,0.8203124999999999,3.424479166666666,2.604166666666666,0.7552083333333335
883,47.15013796338969,48.33512008228444,1.1458333333333333,0.46875,1.8229166666666667,1.3541666666666667,0.8333333333333334
884,47.03120554433175,48.24008297601665,1.1458333333333333,0.1171875,2.1744791666666665,2.0572916666666665,0.9375000000000001
885,46.98149780767442,48.35708075202211,1.4713541666666667,0.35156249999999994,2.591145833333333,2.239583333333333,0.8463541666666667
886,46.9220668799135,47.94095678968963,1.1979166666666667,0.46875,1.9270833333333335,1.4583333333333335,0.7682291666666667
887,47.09024404693102,48.12232654421189,1.907552083333333,0.5859375,3.229166666666667,2.643229166666667,1.0546875
888,46.28981778160079,47.69118987507465,2.975260416666667,1.2890625,4.661458333333333,3.372395833333333,0.8333333333333334
889,46.312869968603735,47.44945805917679,0.76171875,0.1171875,1.4062499999999998,1.2890624999999998,0.78125
890,46.34981493555086,47.52250275519131,1.7252604166666667,0.1171875,3.3333333333333335,3.2161458333333335,0.7552083333333333
891,47.33411805667866,48.14086741969036,2.3111979166666665,0.46875,4.153645833333333,3.684895833333333,0.7682291666666667
892,47.19610573935696,47.9944634461402,1.3606770833333335,0.5859375,2.1354166666666665,1.5494791666666665,0.6119791666666667
893,46.81021146421228,47.89913147380403,1.1393229166666667,0.234375,2.0442708333333335,1.8098958333333335,0.9114583333333334
894,47.06395150531902,48.05897485681953,2.4283854166666665,0.8203124999999999,4.036458333333334,3.216145833333334,0.7421875
895,47.647145411307726,48.58906974828034,1.6015624999999998,0.1171875,3.0859375,2.96875,0.9895833333333333
896,46.38657142706256,47.437415593077525,1.4778645833333333,0.5859375,2.3697916666666665,1.7838541666666665,0.5208333333333334
897,47.00325086174566,47.99984433196688,0.9570312500000001,0.234375,1.6796875,1.4453125,0.8593750000000001
898,47.11349412888577,48.09271260966086,1.66015625,0.46875,2.8515625000000004,2.3828125000000004,0.6510416666666667
899,47.2501989888782,48.12283531178963,1.3020833333333335,0.234375,2.3697916666666665,2.1354166666666665,0.8593750000000001
900,46.853649577323914,48.165342386661145,0.68359375,0.0,1.3671875,1.3671875,1.0156249999999998
901,46.45819432557147,47.501359964177844,1.2044270833333333,0.1171875,2.291666666666667,2.174479166666667,0.8333333333333334
902,47.04205745628141,48.18991876818479,0.8268229166666666,0.234375,1.4192708333333335,1.1848958333333335,0.7291666666666666
903,46.55641039066591,47.71982013241798,1.0156249999999998,0.1171875,1.9140625000000002,1.7968750000000002,0.5729166666666667
904,47.77582595088036,48.80523527795917,1.5299479166666667,0.35156249999999994,2.7083333333333335,2.3567708333333335,0.9635416666666667
905,47.46377776878045,48.229325221153,1.3020833333333335,0.234375,2.3697916666666665,2.1354166666666665,0.8854166666666666
906,46.70742256256999,47.77351389361285,1.6992187499999998,0.46875,2.9296875,2.4609375,0.9505208333333335
907,46.788085151735274,48.11878831224477,1.3932291666666667,0.46875,2.3177083333333335,1.8489583333333335,0.8333333333333334
908,46.4201280369018,47.43062274200361,1.3867187500000002,0.35156249999999994,2.421875,2.0703125,0.7291666666666666
909,46.99105721812803,48.09819192322272,0.9049479166666665,0.0,1.809895833333333,1.809895833333333,0.8854166666666666
910,47.284334232016704,48.29841682812218,1.7708333333333333,0.46875,3.072916666666667,2.604166666666667,0.9244791666666666
911,46.81021146421228,47.85230284354966,1.7903645833333335,0.46875,3.1119791666666665,2.6432291666666665,0.8463541666666667
912,47.036631500306584,48.176854526289084,0.8723958333333334,0.0,1.7447916666666667,1.7447916666666667,0.8593749999999999
913,47.01702304128303,48.011347267807196,0.64453125,0.0,1.2890625,1.2890625,0.8984374999999999
914,47.284334232016704,48.372579181359335,1.3346354166666665,0.234375,2.434895833333333,2.200520833333333,0.8854166666666666
915,46.434781372191715,47.85073057089515,0.7486979166666667,0.1171875,1.3802083333333333,1.2630208333333333,0.8593750000000001
916,46.92554269129572,48.00609124631668,1.7447916666666667,0.8203125,2.6692708333333335,1.8489583333333335,0.9635416666666667
917,46.630847907402014,47.7158582744851,2.3567708333333335,0.9375,3.7760416666666665,2.8385416666666665,0.8333333333333334
918,46.86668320681681,47.969589827192685,1.5690104166666667,0.1171875,3.0208333333333335,2.9036458333333335,0.8593750000000001
919,46.20302654190763,47.421772622123264,1.5559895833333333,0.7031249999999999,2.408854166666667,1.705729166666667,0.9114583333333334
920,47.57492228335736,48.372579181359335,0.7486979166666666,0.0,1.4973958333333333,1.4973958333333333,0.7161458333333334
921,46.30568755932747,47.62346423009553,1.6145833333333335,0.35156249999999994,2.877604166666667,2.526041666666667,0.9114583333333333
922,47.28342652173368,48.048928160558205,1.5559895833333333,0.46875,2.6432291666666665,2.1744791666666665,0.78125
923,47.37499388040311,48.36539342706943,1.5690104166666663,0.1171875,3.0208333333333326,2.9036458333333326,0.9114583333333334
924,46.41507297541027,47.630775589523836,2.4739583333333335,0.9375,4.010416666666667,3.072916666666667,1.0286458333333335
925,46.98149780767442,48.04232823653688,1.3411458333333335,0.234375,2.447916666666667,2.213541666666667,0.9635416666666667
926,47.3292880195816,48.37265283873553,1.4257812500000002,0.35156249999999994,2.5,2.1484375,0.9895833333333333
927,47.828029117664464,48.62179050254415,1.8294270833333335,0.7031249999999999,2.9557291666666665,2.2526041666666665,0.8333333333333334
928,46.987184526374,47.953814734187404,1.5820312500000002,0.46875,2.6953125,2.2265625,0.78125
929,47.33306641367436,48.235534165684776,1.5494791666666667,0.234375,2.864583333333333,2.630208333333333,0.8984374999999999
930,46.95181715038937,47.9493832222402,0.5533854166666666,0.0,1.1067708333333333,1.1067708333333333,0.9114583333333334
931,47.24530316341769,48.18953689910962,1.3020833333333335,0.35156249999999994,2.252604166666667,1.901041666666667,0.8463541666666667
932,46.27400667979051,47.44074194403794,2.3046875,0.5859375,4.0234375,3.4375,0.7682291666666667
933,46.804793791383894,47.83034538936991,1.5494791666666667,0.35156249999999994,2.7473958333333335,2.3958333333333335,0.8593750000000001
934,47.36515792519584,48.35123633318269,1.4192708333333333,0.35156249999999994,2.486979166666667,2.135416666666667,0.8463541666666666
935,46.56264849132251,47.79083492456405,1.5950520833333333,0.46875,2.7213541666666665,2.2526041666666665,0.9635416666666667
936,46.804793791383894,47.8155795883069,1.875,0.46875,3.28125,2.8125,1.0026041666666665
937,47.064966273467526,48.09661719221045,1.484375,0.46875,2.5,2.03125,0.9244791666666666
938,46.40756520268409,47.69669828075342,2.096354166666667,0.5859375,3.606770833333333,3.020833333333333,1.0026041666666665
939,47.25171089889075,48.373258568772584,1.3802083333333335,0.234375,2.5260416666666665,2.2916666666666665,0.8333333333333334
940,48.097284914302385,49.12948723315157,1.3736979166666667,0.234375,2.5130208333333335,2.2786458333333335,1.0416666666666665
941,46.38990884331575,47.25950210265207,2.4283854166666665,0.5859375,4.270833333333333,3.684895833333333,0.7552083333333334
942,47.25132882097931,48.48642469422126,1.1263020833333333,0.234375,2.0182291666666665,1.7838541666666665,1.0026041666666665
943,47.31224384574644,48.32734432599183,1.5820312500000002,0.5859375,2.578125,1.9921875,0.8463541666666667
944,47.676076556109,48.42507949838942,1.3541666666666667,0.5859375,2.1223958333333335,1.5364583333333335,0.8984374999999999
945,47.19700472464361,48.176854526289084,1.5104166666666665,0.703125,2.317708333333333,1.614583333333333,1.0546875
946,46.75644738901402,47.97349046337185,1.23046875,0.35156249999999994,2.109375,1.7578125,0.7291666666666666
947,46.43519500346949,47.67525184933582,1.8489583333333333,0.7031249999999999,2.994791666666667,2.291666666666667,0.8333333333333334
948,46.35221752681725,47.27007405821093,1.9856770833333335,0.35156249999999994,3.619791666666666,3.268229166666666,1.0546875
949,46.86788831341094,47.80764382206028,1.2239583333333333,0.234375,2.2135416666666665,1.9791666666666665,0.8593750000000001
950,47.491188125367906,48.57219730027786,1.0026041666666667,0.234375,1.7708333333333333,1.5364583333333333,0.7942708333333335
951,47.4293981486112,48.578657929584466,1.3411458333333335,0.35156249999999994,2.3307291666666665,1.9791666666666665,0.7161458333333333
952,47.272592518017795,48.49351848994385,0.7682291666666665,0.0,1.536458333333333,1.536458333333333,0.9635416666666667
953,47.14198708152044,48.33512008228444,1.23046875,0.1171875,2.34375,2.2265625,1.0416666666666665
954,46.47952559883095,47.514290630781964,2.083333333333333,0.7031249999999999,3.463541666666667,2.760416666666667,0.9114583333333334
955,46.90558691337884,47.886055798750164,1.8359375,0.5859375,3.0859375,2.5,0.9375000000000001
956,46.232193142973436,47.52320945131713,1.6210937499999998,0.234375,3.0078124999999996,2.7734374999999996,0.5078125
957,46.518476293519726,47.676076556109,1.1848958333333333,0.1171875,2.252604166666667,2.135416666666667,0.7942708333333333
958,46.98149780767442,47.97222868497487,1.2109374999999998,0.1171875,2.3046875,2.1875,0.6380208333333334
959,47.00985148673087,48.08788713963563,1.66015625,0.234375,3.0859375,2.8515625,0.9765625
960,46.73377868593724,47.81462531583044,0.9049479166666665,0.0,1.809895833333333,1.809895833333333,0.8463541666666666
961,47.696146326277585,48.735837195185226,0.49479166666666663,0.0,0.9895833333333333,0.9895833333333333,0.9114583333333334
962,46.60457023150692,47.632002034977475,1.5559895833333333,0.234375,2.877604166666667,2.643229166666667,0.9375
963,46.74662545119015,47.82907576405363,0.7486979166666666,0.0,1.4973958333333333,1.4973958333333333,1.0026041666666667
964,46.787297561584964,47.785293922309954,0.8593750000000001,0.0,1.7187500000000002,1.7187500000000002,0.8333333333333335
965,46.52906838885725,47.30682726492133,1.5234374999999998,0.1171875,2.9296875,2.8125,0.6380208333333334
966,47.18497048053144,48.08574650378548,0.8984374999999999,0.1171875,1.6796875000000002,1.5625000000000002,0.8333333333333334
967,46.86023930146003,47.96313992878025,0.9700520833333331,0.0,1.9401041666666663,1.9401041666666663,0.7682291666666667
968,47.59223491578407,48.53078335346976,1.0026041666666665,0.0,2.005208333333333,2.005208333333333,0.9505208333333333
969,46.773994290228124,47.72562367835849,1.3932291666666667,0.1171875,2.669270833333333,2.552083333333333,0.78125
970,46.43570795547708,47.49469430114248,1.5234375000000002,0.35156249999999994,2.6953125,2.34375,0.8984374999999999
971,46.87293986820879,47.81525152556172,2.3502604166666665,0.9375,3.763020833333334,2.825520833333334,1.0416666666666665
972,47.102713271524784,48.11194375487069,1.0677083333333333,0.234375,1.901041666666667,1.666666666666667,0.8854166666666666
973,47.0017734189216,47.99926492950344,1.1783854166666667,0.234375,2.1223958333333335,1.8880208333333335,1.09375
974,47.19391058693464,48.02868716269395,1.7252604166666667,0.46875,2.981770833333333,2.513020833333333,1.0286458333333333
975,46.62606673450362,47.71928844847595,0.76171875,0.0,1.5234375,1.5234375,0.7161458333333334
976,46.72649999514593,47.804660805152935,1.6861979166666665,0.234375,3.1380208333333335,2.9036458333333335,0.8072916666666665
977,47.6395408389721,48.37265283873553,1.5690104166666663,0.234375,2.9036458333333335,2.6692708333333335,0.9244791666666669
978,47.46075928171774,48.10317996809138,1.03515625,0.0,2.0703125,2.0703125,0.9765625
979,47.46912671366763,48.19596388107389,2.154947916666667,0.9375,3.372395833333334,2.434895833333334,0.9505208333333335
980,46.457357824388055,47.800918518772406,1.8164062500000002,0.7031249999999999,2.9296875,2.2265625,0.9895833333333333
981,47.22305917839794,48.25025201861872,1.85546875,0.46875,3.2421875000000004,2.7734375000000004,1.0026041666666665
982,46.98663403206206,47.99498339326643,0.5078124999999999,0.0,1.0156249999999998,1.0156249999999998,0.9505208333333335
983,46.812923291587545,47.96338722003507,1.3085937500000002,0.35156249999999994,2.2656250000000004,1.9140625000000004,0.9635416666666667
984,46.95181715038937,47.92259027931063,1.2565104166666667,0.35156249999999994,2.1614583333333335,1.8098958333333335,1.09375
985,46.77549636025838,47.96398970189282,1.1653645833333333,0.234375,2.096354166666667,1.861979166666667,0.8333333333333334
986,46.51022707144985,47.77711702794799,1.6796875000000002,0.46875,2.890625,2.421875,0.7421875
987,46.28981778160079,47.66069224897258,1.8229166666666667,0.7031249999999999,2.9427083333333335,2.2395833333333335,0.6640625000000001
988,46.77878775007296,48.08516881453942,0.7486979166666666,0.234375,1.2630208333333333,1.0286458333333333,0.7942708333333333
989,46.43570795547708,47.54986162459713,0.9179687499999999,0.0,1.8359374999999998,1.8359374999999998,0.8593750000000001
990,46.76364477267873,47.92204637533094,0.5338541666666666,0.0,1.0677083333333333,1.0677083333333333,0.8463541666666666
991,46.8591767607772,47.81462531583044,1.4713541666666667,0.5859375,2.3567708333333335,1.7708333333333335,0.8333333333333334
992,46.73901267560985,47.748469818894726,1.8750000000000002,0.35156249999999994,3.3984374999999996,3.0468749999999996,0.9114583333333333
993,46.99105721812803,48.14170250468785,0.9375,0.35156249999999994,1.5234375000000002,1.1718750000000002,0.78125
994,46.50743018671011,47.543808434780885,1.705729166666667,0.46875,2.9427083333333335,2.4739583333333335,0.8203125
995,46.65274353113084,47.60648703583032,1.8489583333333337,0.46875,3.229166666666666,2.760416666666666,0.8984375000000001
996,47.00655117423827,48.07993713154579,1.4908854166666667,0.1171875,2.8645833333333335,2.7473958333333335,0.9114583333333334
997,46.70072506242886,47.707752518574445,1.2109375,0.35156249999999994,2.0703125000000004,1.7187500000000004,0.7682291666666667
998,46.821214042903506,47.74398316326297,0.6380208333333334,0.0,1.2760416666666667,1.2760416666666667,0.8593749999999999
999,47.10913352721544,48.13795342151577,0.9700520833333334,0.234375,1.7057291666666665,1.4713541666666665,1.0416666666666667
1000,47.16460230315017,48.04582690286161,0.9895833333333333,0.0,1.9791666666666665,1.9791666666666665,0.8333333333333335
1001,46.524020625404376,47.63022468518673,0.7421875,0.0,1.484375,1.484375,0.9375
1002,47.22866358410024,48.17108965485069,1.1393229166666665,0.234375,2.044270833333333,1.809895833333333,0.8333333333333334
1003,47.03232917260346,48.016732270353614,0.83984375,0.0,1.6796875,1.6796875,0.8854166666666666
1004,46.95181715038937,48.05897266709584,0.8919270833333333,0.234375,1.5494791666666667,1.3151041666666667,0.8854166666666666
1005,46.71627298116906,47.872552137998795,0.8072916666666665,0.234375,1.3802083333333333,1.1458333333333333,0.8854166666666666
1006,46.42377394108222,47.71442846726967,2.682291666666667,0.9375,4.427083333333333,3.489583333333333,0.8593750000000001
1007,46.99108363950019,47.994749588267474,1.1653645833333333,0.1171875,2.2135416666666665,2.0963541666666665,0.8854166666666666
1008,46.903715923029424,47.90935074917501,1.2825520833333333,0.234375,2.3307291666666665,2.0963541666666665,0.6901041666666666
1009,47.1890976506059,48.172442687301185,1.0416666666666665,0.0,2.083333333333333,2.083333333333333,0.9375000000000001
1010,46.40154585639449,47.59027179142422,2.16796875,0.46875,3.8671875,3.3984375,0.8854166666666666
1011,47.064855661832425,48.109281870333156,1.1263020833333335,0.35156249999999994,1.9010416666666665,1.5494791666666665,0.6901041666666666
1012,46.76364477267873,47.66095434908641,1.4192708333333333,0.35156249999999994,2.486979166666667,2.135416666666667,1.0807291666666667
1013,46.710463558762285,47.72416239923234,1.4322916666666665,0.234375,2.630208333333333,2.395833333333333,0.8333333333333334
1014,46.86719467986591,47.8155795883069,1.3736979166666667,0.35156249999999994,2.3958333333333335,2.0442708333333335,0.703125
1015,47.07571839110024,48.05470052553743,0.9960937499999999,0.234375,1.7578125,1.5234375,0.9505208333333335
1016,47.64975478932967,48.761921176969494,0.42968750000000006,0.0,0.8593750000000001,0.8593750000000001,1.0026041666666665
1017,46.90647704225039,47.96434489249576,1.3541666666666667,0.46875,2.239583333333334,1.770833333333334,0.8463541666666667
1018,46.960858386650635,48.02536756679695,1.2369791666666667,0.1171875,2.3567708333333335,2.2395833333333335,0.8723958333333334
1019,46.90558691337884,47.81462531583044,2.0442708333333335,0.7031249999999999,3.385416666666667,2.682291666666667,0.9114583333333333
1020,46.51775346925557,47.7103222575394,1.5690104166666667,0.35156249999999994,2.7864583333333335,2.4348958333333335,0.7942708333333333
1021,47.33306641367436,48.31361456055887,2.630208333333333,0.8203125,4.440104166666666,3.619791666666666,0.8854166666666666
1022,46.662145986371364,47.42038514698436,0.8072916666666665,0.1171875,1.4973958333333335,1.3802083333333335,0.9375000000000001
1023,46.914508396486895,48.146920620328196,1.0872395833333333,0.1171875,2.0572916666666665,1.9401041666666665,0.8723958333333334
1024,47.55197954663305,48.55787837136776,1.640625,0.35156249999999994,2.9296875,2.578125,1.0026041666666665
1025,46.6899957319738,47.60963563856203,1.608072916666667,0.7031249999999999,2.5130208333333335,1.8098958333333335,0.6640625000000001
1026,46.14643385960744,47.63693513931495,1.2369791666666667,0.234375,2.239583333333334,2.005208333333334,0.7552083333333335
1027,46.57858158832681,47.7288638314489,1.0091145833333335,0.234375,1.7838541666666665,1.5494791666666665,1.09375
1028,47.19610573935696,48.13811027257207,1.6536458333333333,0.46875,2.838541666666667,2.369791666666667,0.9244791666666666
1029,47.54820344709617,48.54560922673517,0.4166666666666667,0.0,0.8333333333333334,0.8333333333333334,0.8854166666666666
1030,47.03120554433175,48.05013638684682,1.1263020833333333,0.234375,2.0182291666666665,1.7838541666666665,0.9244791666666669
1031,46.2688534706053,47.40256469531329,2.67578125,0.7031249999999999,4.6484375,3.9453125,0.7682291666666666
1032,47.15013796338969,48.36571223189775,1.30859375,0.5859375,2.0312499999999996,1.4453124999999996,0.9114583333333333
1033,47.12392111239156,48.16875728414299,1.07421875,0.0,2.1484375,2.1484375,0.8463541666666666
1034,46.914508396486895,47.77027141377278,1.54296875,0.5859375,2.5,1.9140625,0.9895833333333333
1035,46.72649999514593,47.78212104105769,0.9309895833333331,0.0,1.8619791666666663,1.8619791666666663,0.9114583333333333
1036,46.842203983882854,47.82497546383816,0.6575520833333334,0.0,1.3151041666666667,1.3151041666666667,0.8593749999999999
1037,47.3292880195816,48.11259064712109,0.8984374999999999,0.0,1.7968749999999998,1.7968749999999998,1.0677083333333333
1038,47.14198708152044,47.98753553742454,1.93359375,0.703125,3.1640625000000004,2.4609375000000004,0.8593750000000001
1039,47.47549590258751,48.433667087731706,0.9570312500000001,0.234375,1.6796875,1.4453125,0.9375
1040,46.77001961806142,47.810533266365795,2.115885416666667,0.7031249999999999,3.5286458333333335,2.8255208333333335,0.7552083333333334
1041,46.6288029104252,47.59056157847444,1.5755208333333333,0.5859375,2.565104166666667,1.979166666666667,0.9635416666666667
1042,46.693333736416896,47.430209125143804,1.8424479166666667,0.35156249999999994,3.3333333333333335,2.9817708333333335,0.9244791666666666
1043,46.19538317444067,47.48897697130104,1.5755208333333333,0.35156249999999994,2.7994791666666665,2.4479166666666665,0.8072916666666665
1044,47.09661909519342,48.08565490462176,0.7486979166666667,0.0,1.4973958333333335,1.4973958333333335,0.8593750000000001
1045,46.38990884331575,47.61993194154048,1.0091145833333335,0.234375,1.7838541666666665,1.5494791666666665,0.9375
1046,46.579743266805494,47.81336094211233,1.2434895833333333,0.5859375,1.901041666666667,1.315104166666667,0.7552083333333334
1047,47.12392111239156,48.14836850897573,1.38671875,0.5859375,2.1875,1.6015625,1.0416666666666665
1048,46.984003433094166,47.91785904743708,0.6510416666666666,0.0,1.3020833333333333,1.3020833333333333,1.0026041666666665
1049,47.07517033273481,48.092051235087126,1.0221354166666667,0.1171875,1.9270833333333335,1.8098958333333335,0.9895833333333333
1050,47.78024904732015,48.621025722040955,1.5755208333333333,0.234375,2.9166666666666665,2.6822916666666665,0.8203125
1051,46.95181715038937,48.092051235087126,0.9049479166666665,0.0,1.809895833333333,1.809895833333333,0.7552083333333334
1052,47.44894311963443,48.40617574935121,1.19140625,0.35156249999999994,2.0312499999999996,1.6796874999999996,0.9375000000000001
1053,46.90191514870482,48.19770257241413,1.26953125,0.35156249999999994,2.1875,1.8359375,0.8593750000000001
1054,46.38990884331575,47.50822237548032,2.2395833333333335,0.703125,3.776041666666667,3.072916666666667,0.6901041666666667
1055,46.804793791383894,48.08438557123016,1.3346354166666665,0.46875,2.200520833333333,1.731770833333333,1.0286458333333333
1056,47.529269786415064,48.303876700493134,0.9960937499999999,0.234375,1.7578125,1.5234375,0.8463541666666667
1057,46.699766862355176,47.840792329771844,0.9244791666666666,0.234375,1.614583333333333,1.380208333333333,0.78125
1058,47.102713271524784,48.14639729432998,1.2630208333333333,0.234375,2.291666666666667,2.057291666666667,0.8984374999999999
1059,47.15959904442265,48.14431174307468,0.9895833333333333,0.1171875,1.8619791666666667,1.7447916666666667,1.0156249999999998
1060,46.982461735200296,48.2017047154718,0.9114583333333333,0.0,1.8229166666666665,1.8229166666666665,0.9375000000000001
1061,47.03120554433175,48.04482294066178,1.2109374999999998,0.234375,2.1875,1.953125,0.9505208333333335
1062,46.74662545119015,47.88686101440969,1.8619791666666663,0.46875,3.255208333333333,2.786458333333333,0.9114583333333334
1063,46.98655733230692,47.969589827192685,2.5911458333333335,0.8203125,4.361979166666666,3.541666666666666,0.8984374999999999
1064,46.61191021194336,47.84594068351673,1.54296875,0.35156249999999994,2.734375,2.3828125,0.7682291666666666
1065,46.899163055670726,48.08565490462176,0.6184895833333334,0.234375,1.0026041666666667,0.7682291666666667,0.7291666666666666
1066,46.49779919824327,47.7139858918299,1.7903645833333333,0.234375,3.3463541666666665,3.1119791666666665,0.8333333333333334
1067,46.865435378826724,48.03603101031511,1.2565104166666667,0.234375,2.278645833333333,2.044270833333333,1.015625
1068,46.86133038735088,47.933746789923134,2.005208333333333,0.5859375,3.424479166666666,2.838541666666666,0.9375
1069,46.903715923029424,48.17535790875615,0.9309895833333334,0.234375,1.6276041666666665,1.3932291666666665,1.0156250000000002
1070,46.99799138567472,48.00331840417786,0.5143229166666666,0.0,1.0286458333333333,1.0286458333333333,0.7421875
1071,46.71569487495293,47.71967525329758,2.2721354166666665,0.9375,3.606770833333334,2.669270833333334,1.0026041666666665
1072,46.7782609265976,47.91097358939026,2.005208333333333,0.234375,3.7760416666666665,3.5416666666666665,1.1328125000000002
1073,46.995659877122584,48.24901528118593,0.8007812499999999,0.0,1.6015624999999998,1.6015624999999998,0.8463541666666666
1074,46.457357824388055,47.496587578372385,1.5755208333333333,0.234375,2.9166666666666665,2.6822916666666665,0.7291666666666666
1075,46.98663403206206,48.0394138796836,1.7578125,0.5859375,2.9296875,2.34375,1.1848958333333333
1076,46.91004765493287,47.956012613357515,1.0872395833333333,0.1171875,2.0572916666666665,1.9401041666666665,0.7552083333333335
1077,46.59294485367771,47.69009155228298,0.5403645833333334,0.0,1.0807291666666667,1.0807291666666667,0.8333333333333334
1078,47.23312823645573,48.23918371111095,2.213541666666667,1.0546875,3.372395833333333,2.317708333333333,1.0026041666666665
1079,46.62606673450362,47.665005857545964,1.959635416666667,0.46875,3.4505208333333335,2.9817708333333335,0.8723958333333334
1080,46.893631915531344,47.74153944920827,1.42578125,0.46875,2.3828125,1.9140625,0.6901041666666666
1081,46.842203983882854,48.02024512434664,1.19140625,0.234375,2.1484375,1.9140625,0.9375
1082,46.936563990209834,47.93150411561013,1.8619791666666667,0.8203124999999999,2.9036458333333335,2.0833333333333335,0.8854166666666666
1083,46.696270498432575,47.723652886908255,0.9570312500000001,0.1171875,1.7968749999999998,1.6796874999999998,0.7552083333333334
1084,47.885895344975516,48.79688560324523,0.87890625,0.1171875,1.640625,1.5234375,1.015625
1085,47.197100822920376,48.11219430966732,1.4388020833333335,0.35156249999999994,2.526041666666667,2.174479166666667,0.8984374999999999
1086,47.07117678478558,48.08565490462176,1.38671875,0.1171875,2.6562500000000004,2.5390625000000004,1.0286458333333333
1087,46.72824325000549,47.78024904732015,2.05078125,0.8203124999999999,3.28125,2.4609375,0.9244791666666665
1088,46.914508396486895,48.04320923008874,0.6966145833333333,0.1171875,1.2760416666666667,1.1588541666666667,0.8593750000000001
1089,46.773994290228124,47.81583554583448,1.0156250000000002,0.234375,1.7968749999999998,1.5624999999999998,0.8854166666666666
1090,46.918199074648825,48.065536284916746,1.1458333333333333,0.234375,2.0572916666666665,1.8229166666666665,0.7552083333333334
1091,46.78864614041439,47.717777310617834,1.58203125,0.35156249999999994,2.8124999999999996,2.4609374999999996,0.7682291666666667
1092,46.83509257819392,47.7288638314489,1.5950520833333333,0.46875,2.7213541666666665,2.2526041666666665,0.9635416666666667
1093,46.214804026489844,47.287467537443604,1.3671875,0.1171875,2.6171875,2.5,0.8723958333333334
1094,46.28981778160079,47.63647440914261,0.48177083333333326,0.0,0.9635416666666665,0.9635416666666665,0.9765625
1095,46.38100661806095,47.63211662131043,2.180989583333333,0.5859375,3.776041666666667,3.190104166666667,1.028645833333333
1096,47.424689153770586,48.170110316593494,1.6471354166666667,0.1171875,3.177083333333333,3.059895833333333,0.9635416666666667
1097,47.18703406556867,48.148647467974136,1.3736979166666667,0.234375,2.5130208333333335,2.2786458333333335,0.9895833333333335
1098,47.064855661832425,47.93871722963079,1.46484375,0.35156249999999994,2.578125,2.2265625,0.8984374999999999
1099,46.81790171283118,47.985384932090255,0.9375,0.234375,1.640625,1.40625,0.8593750000000001
1100,47.676076556109,48.62082186878807,1.0026041666666665,0.234375,1.7708333333333333,1.5364583333333333,0.9375000000000001
1101,46.95307403507517,47.85780621324946,0.8268229166666666,0.1171875,1.536458333333333,1.419270833333333,0.8723958333333334
1102,47.10311984152341,48.10317996809138,1.6796875000000002,0.234375,3.1249999999999996,2.8906249999999996,0.9244791666666666
1103,46.988243034821195,48.14499891934071,0.44921874999999994,0.0,0.8984374999999999,0.8984374999999999,0.8203125
1104,47.3734787057773,48.02702736474545,1.7187500000000002,0.46875,2.96875,2.5,0.7421875
1105,46.95726875260487,48.03887593624792,1.3606770833333333,0.234375,2.4869791666666665,2.2526041666666665,0.6119791666666667
1106,46.53578535818256,47.70342960056932,1.1588541666666663,0.234375,2.083333333333333,1.848958333333333,0.9375
1107,46.58861500170503,47.61610398167927,1.171875,0.46875,1.8750000000000002,1.4062500000000002,0.7291666666666666
1108,47.0554841036067,47.93670460581608,0.9830729166666666,0.234375,1.7317708333333335,1.4973958333333335,1.028645833333333
1109,47.03719331444244,48.363304167606074,1.803385416666667,0.46875,3.138020833333334,2.669270833333334,1.171875
1110,46.58861500170503,47.61094537469311,1.7968749999999998,0.8203125,2.7734375,1.953125,0.7942708333333333
1111,46.52906838885725,47.55197954663305,1.953125,0.35156249999999994,3.5546875,3.203125,0.9635416666666667
1112,46.74489900021671,48.0211716706414,0.7877604166666666,0.1171875,1.4583333333333333,1.3411458333333333,0.6770833333333334
1113,46.70812211956432,47.624035113434985,0.6380208333333334,0.0,1.2760416666666667,1.2760416666666667,0.8463541666666666
1114,46.516712796356025,47.51986500089433,1.2955729166666667,0.0,2.5911458333333335,2.5911458333333335,0.8723958333333334
1115,47.533932988876295,48.524445657762385,1.0091145833333333,0.234375,1.7838541666666665,1.5494791666666665,0.78125
1116,47.497728742807034,48.4345905706819,0.9375,0.0,1.875,1.875,1.0286458333333333
1117,47.10311984152341,47.97710373621727,1.3281249999999998,0.234375,2.4218749999999996,2.1874999999999996,0.9244791666666666
1118,46.764542875864464,47.832354700040554,2.005208333333333,0.46875,3.5416666666666665,3.0729166666666665,0.6901041666666666
1119,47.00985148673087,48.229325221153,1.7187500000000002,0.5859375,2.8515625,2.265625,0.7291666666666666
1120,47.60459785763867,48.67766294093333,0.8854166666666666,0.234375,1.5364583333333335,1.3020833333333335,1.2239583333333333
1121,46.9956867952519,48.07492005939421,1.34765625,0.35156249999999994,2.3437499999999996,1.9921874999999996,0.9895833333333333
1122,47.04432943575995,48.08788713963563,1.6536458333333333,0.46875,2.838541666666667,2.369791666666667,0.6770833333333334
1123,46.720033567028864,47.84602923411022,1.6536458333333333,0.35156249999999994,2.9557291666666665,2.6041666666666665,0.8203125
1124,47.193666475152526,48.14169716974469,1.0286458333333333,0.1171875,1.9401041666666667,1.8229166666666667,1.0546875
1125,46.8591767607772,47.99257974032793,1.608072916666667,0.5859375,2.630208333333334,2.044270833333334,1.09375
1126,46.55789619397371,47.78791953362119,1.2955729166666665,0.46875,2.1223958333333335,1.6536458333333335,0.9635416666666667
1127,46.55641039066591,47.769358331832294,1.4518229166666667,0.35156249999999994,2.5520833333333335,2.2005208333333335,0.6640625
1128,47.22866358410024,48.33521237150148,0.9570312500000001,0.1171875,1.7968749999999998,1.6796874999999998,1.0546875
1129,46.08700212128486,47.63044584923148,2.1940104166666665,0.8203124999999999,3.567708333333333,2.747395833333333,0.8723958333333334
1130,46.76364477267873,47.79735849463127,1.6080729166666665,0.234375,2.9817708333333335,2.7473958333333335,0.8854166666666666
1131,46.96877327672176,47.92201841404332,1.2565104166666667,0.1171875,2.395833333333333,2.278645833333333,0.7942708333333333
1132,47.33299036381698,48.14499891934071,2.1744791666666665,0.703125,3.6458333333333335,2.9427083333333335,0.9114583333333334
1133,46.55952291042546,47.72306033074677,0.7031250000000001,0.234375,1.171875,0.9375,0.8333333333333335
1134,46.35941886602387,47.26467099502245,1.8880208333333335,0.5859375,3.1901041666666665,2.6041666666666665,0.8984374999999999
1135,46.33392004684357,47.50822237548032,0.5013020833333333,0.0,1.0026041666666665,1.0026041666666665,0.6770833333333334
1136,46.641627114631525,47.82378869955647,0.8528645833333335,0.234375,1.4713541666666667,1.2369791666666667,0.9895833333333333
1137,47.10374623409144,48.26894794779525,0.68359375,0.234375,1.1328125,0.8984375,1.0807291666666667
1138,46.92554269129572,47.81757857301902,1.3281250000000002,0.0,2.6562500000000004,2.6562500000000004,1.0026041666666665
1139,46.78752416305616,47.99955774445287,1.0416666666666667,0.35156249999999994,1.7317708333333335,1.3802083333333335,0.9635416666666667
1140,46.821214042903506,47.97922833318124,1.1132812499999998,0.1171875,2.109375,1.9921875,1.1067708333333335
1141,47.19690862636684,48.04745403187405,0.9765625,0.234375,1.7187499999999998,1.4843749999999998,0.8854166666666666
1142,46.27734173254675,47.292897028234435,1.6276041666666667,0.46875,2.786458333333333,2.317708333333333,0.9635416666666667
1143,46.17219282799699,47.38890352606731,1.5690104166666667,0.35156249999999994,2.786458333333333,2.434895833333333,0.8593750000000001
1144,46.7303816215983,47.85746843844933,1.0481770833333335,0.1171875,1.9791666666666665,1.8619791666666665,0.6901041666666667
1145,46.524020625404376,47.71504874902089,1.1588541666666667,0.1171875,2.200520833333333,2.083333333333333,0.9635416666666667
1146,46.70591328749099,47.99257974032793,1.7382812499999998,0.9375,2.5390625,1.6015625,0.9244791666666666
1147,47.51986500089433,48.53386366693521,0.9114583333333333,0.1171875,1.705729166666667,1.588541666666667,0.8984374999999999
1148,46.8262350426191,47.71205263949895,1.2565104166666667,0.0,2.5130208333333335,2.5130208333333335,1.0807291666666667
1149,46.8591767607772,47.91713772840084,1.15234375,0.234375,2.0703125000000004,1.8359375000000004,0.8723958333333334
1150,47.05492916151086,48.10139177037218,0.9765625,0.0,1.953125,1.953125,0.9765625
1151,47.234667371803276,48.37675104300232,1.1328125,0.234375,2.0312499999999996,1.7968749999999996,0.9375
1152,46.054097579300326,47.154352136927756,2.6497395833333335,0.703125,4.596354166666666,3.893229166666666,0.8854166666666666
1153,46.92144588159367,48.052955738034896,1.4388020833333335,0.1171875,2.760416666666667,2.643229166666667,0.6119791666666667
1154,46.7303816215983,47.71545037621048,1.4713541666666667,0.5859375,2.3567708333333335,1.7708333333333335,0.8463541666666666
1155,46.98149780767442,48.04667186749927,1.516927083333333,0.46875,2.5651041666666665,2.0963541666666665,0.8463541666666666
1156,47.14198708152044,48.14445431686298,0.5208333333333333,0.0,1.0416666666666665,1.0416666666666665,0.9375000000000001
1157,46.6899957319738,47.64816667519618,1.15234375,0.35156249999999994,1.953125,1.6015625,0.9895833333333333
1158,46.9382620058247,48.02868716269395,1.40625,0.234375,2.578125,2.34375,0.8072916666666665
1159,47.077525724868664,48.01405373232811,1.1458333333333335,0.234375,2.0572916666666665,1.8229166666666665,0.8203125
1160,47.12257577156278,48.121837397201794,0.4427083333333333,0.0,0.8854166666666666,0.8854166666666666,1.0546875
1161,46.68918501488258,47.81322095627924,0.8658854166666667,0.234375,1.4973958333333333,1.2630208333333333,0.9244791666666666
1162,46.719455460812725,47.86019713325893,1.3411458333333335,0.234375,2.4479166666666665,2.2135416666666665,0.7682291666666667
1163,46.65274353113084,47.71792072116893,2.2721354166666665,1.171875,3.372395833333333,2.200520833333333,0.8854166666666666
1164,47.1029165565241,48.13647470551259,0.9244791666666666,0.1171875,1.7317708333333335,1.6145833333333335,0.8723958333333334
1165,46.76364477267873,48.05005304954061,1.2825520833333333,0.0,2.5651041666666665,2.5651041666666665,0.8723958333333334
1166,47.15013796338969,48.36070690051686,1.34765625,0.234375,2.4609375,2.2265625,1.0546875
1167,47.58231324874532,48.483232114361755,0.9765625,0.0,1.953125,1.953125,0.9244791666666666
1168,46.06653748203078,47.21358848274624,2.6106770833333335,0.9375,4.283854166666666,3.346354166666666,0.7942708333333333
1169,46.55673145301677,47.38439880276531,1.8880208333333335,0.5859375,3.190104166666667,2.604166666666667,0.8463541666666666
1170,46.18777648779199,47.31515637294932,1.2565104166666665,0.1171875,2.395833333333333,2.278645833333333,0.7031250000000001
1171,46.693333736416896,47.88686101440969,0.9700520833333334,0.0,1.9401041666666667,1.9401041666666667,0.9114583333333333
1172,46.73377868593724,47.923838543374046,2.1875,0.7031249999999999,3.6718749999999996,2.9687499999999996,0.8072916666666665
1173,47.25950210265207,48.38946004071014,1.4583333333333335,0.35156249999999994,2.5651041666666665,2.2135416666666665,0.8072916666666667
1174,46.55630917783519,47.84434772903134,1.5364583333333335,0.35156249999999994,2.7213541666666665,2.3697916666666665,0.5859375
1175,46.98663403206206,47.96363451128989,1.1002604166666665,0.1171875,2.083333333333333,1.966145833333333,0.8593750000000001
1176,46.64863443017522,47.85230284354966,0.8203125,0.234375,1.40625,1.171875,0.7682291666666666
1177,47.36043405609526,48.43889585002194,1.66015625,0.46875,2.8515625,2.3828125,0.8854166666666666
1178,47.16460230315017,48.2045431416216,0.5143229166666666,0.0,1.0286458333333333,1.0286458333333333,0.9244791666666666
1179,47.19042432393822,48.07690235563339,1.0546875,0.1171875,1.9921875000000002,1.8750000000000002,0.7552083333333334
1180,46.97995610978055,47.95512381374943,1.8424479166666667,0.35156249999999994,3.333333333333334,2.981770833333334,0.8072916666666665
1181,46.86839978646004,47.684942650261256,1.1067708333333333,0.1171875,2.096354166666667,1.979166666666667,0.8463541666666667
1182,47.07035662296808,48.10068594565705,1.8359375,0.46875,3.2031249999999996,2.7343749999999996,1.0286458333333335
1183,46.848122393870625,47.873629079513755,0.9440104166666666,0.1171875,1.7708333333333333,1.6536458333333333,0.8593750000000001
1184,47.04685448356051,48.00609124631668,1.2760416666666667,0.0,2.5520833333333335,2.5520833333333335,0.9505208333333333
1185,46.693333736416896,47.82875493330532,1.2760416666666667,0.1171875,2.4348958333333335,2.3177083333333335,0.7421875
1186,46.96000829016134,48.172442687301185,1.875,0.5859375,3.1640625000000004,2.5781250000000004,0.8984374999999999
1187,46.78864614041439,47.95584338471003,1.15234375,0.234375,2.0703125,1.8359375,0.9375
1188,46.38990884331575,47.72680694040667,1.8033854166666665,0.46875,3.1380208333333335,2.6692708333333335,0.9244791666666666
1189,46.60505224628725,47.59027179142422,1.6080729166666665,0.234375,2.981770833333333,2.747395833333333,0.6640625
1190,47.07035662296808,48.14499891934071,1.2044270833333335,0.234375,2.1744791666666665,1.9401041666666665,0.9895833333333333
1191,46.76283774205915,47.88563339320001,1.4518229166666667,0.1171875,2.786458333333333,2.669270833333333,1.0807291666666667
1192,46.90184493268001,48.02536756679695,1.0481770833333333,0.234375,1.8619791666666667,1.6276041666666667,0.8984374999999999
1193,46.83659122104005,48.04320923008874,1.8033854166666665,0.46875,3.1380208333333335,2.6692708333333335,0.8723958333333334
1194,46.821214042903506,47.76300941694739,1.3932291666666665,0.234375,2.5520833333333335,2.3177083333333335,0.7161458333333334
1195,46.79740030988978,47.933746789923134,1.5494791666666667,0.46875,2.6302083333333335,2.1614583333333335,0.9244791666666666
1196,46.62606673450362,47.5567570164964,0.7877604166666666,0.1171875,1.4583333333333333,1.3411458333333333,0.9244791666666666
1197,46.25723816133418,47.5567570164964,0.9960937499999999,0.35156249999999994,1.640625,1.2890625,0.8333333333333334
1198,46.70052576334548,47.719965011538534,1.73828125,0.5859375,2.890625,2.3046875,1.25
1199,47.10466104802159,48.17108965485069,0.8854166666666666,0.1171875,1.6536458333333333,1.5364583333333333,0.8854166666666666
1200,47.56856474736069,48.5269685782944,1.4322916666666667,0.46875,2.3958333333333335,1.9270833333333335,0.8463541666666667
1201,46.68864671969816,47.642517546336386,2.05078125,0.5859375,3.515625,2.9296875,0.8723958333333334
1202,47.05492916151086,48.193132259168046,1.484375,0.5859375,2.3828125,1.796875,0.9635416666666667
1203,46.67677302527632,47.719965011539486,1.2109375,0.35156249999999994,2.0703125000000004,1.7187500000000004,0.9765625
1204,47.49307580388164,48.41064854258655,1.6927083333333333,0.234375,3.1510416666666665,2.9166666666666665,0.8072916666666667
1205,46.748351902163584,47.78548488011217,1.803385416666667,0.5859375,3.0208333333333335,2.4348958333333335,0.8463541666666667
1206,46.98149780767442,48.37383282840599,0.8268229166666666,0.234375,1.4192708333333335,1.1848958333333335,0.8072916666666665
1207,46.69356501340173,47.761978451326684,0.9244791666666665,0.0,1.848958333333333,1.848958333333333,0.7942708333333333
1208,46.690268153880595,47.691439410081195,1.5690104166666667,0.0,3.1380208333333335,3.1380208333333335,0.7942708333333333
1209,46.748351902163584,47.956012613357515,1.0416666666666667,0.0,2.0833333333333335,2.0833333333333335,1.0546875
1210,47.19106987922527,48.14554750629752,0.9700520833333334,0.1171875,1.8229166666666667,1.7057291666666667,0.8984374999999999
1211,46.73901267560985,47.84602923411022,2.083333333333333,0.5859375,3.580729166666667,2.994791666666667,0.6770833333333334
1212,46.903715923029424,47.8946766816769,1.3736979166666667,0.234375,2.5130208333333335,2.2786458333333335,1.0416666666666667
1213,47.192852462841856,48.26682007901949,0.9244791666666666,0.234375,1.6145833333333335,1.3802083333333335,0.9635416666666667
1214,46.71251239530927,47.85593414640227,1.809895833333333,0.5859375,3.033854166666666,2.447916666666666,0.9375
1215,47.47549590258751,48.40089106447359,1.705729166666667,0.7031249999999999,2.708333333333333,2.005208333333333,1.1067708333333333
1216,46.95471028671774,48.06504105672358,1.3736979166666667,0.234375,2.5130208333333335,2.2786458333333335,0.8072916666666665
1217,46.91004765493287,47.9002129176412,1.73828125,0.234375,3.2421875000000004,3.0078125000000004,0.6640625000000001
1218,47.19504761526417,48.24695628700033,1.2369791666666667,0.234375,2.2395833333333335,2.0052083333333335,1.0546875
1219,46.66108726253671,47.818632396320154,1.6015625000000002,0.46875,2.734375,2.265625,0.9375000000000001
1220,46.988190192076864,47.85230284354966,1.8815104166666665,0.5859375,3.177083333333333,2.591145833333333,0.7291666666666666
1221,45.70099503745632,46.7303816215983,2.018229166666667,0.703125,3.3333333333333335,2.6302083333333335,0.8333333333333334
1222,47.08203753356685,48.236692037908355,1.3736979166666667,0.35156249999999994,2.395833333333333,2.044270833333333,0.8593750000000001
1223,46.512588185321086,47.51835954653282,0.8854166666666666,0.0,1.7708333333333333,1.7708333333333333,0.7552083333333334
1224,47.64533091123964,48.1514524061595,1.3932291666666665,0.1171875,2.669270833333333,2.552083333333333,0.9375
1225,46.96936110910814,47.874706021028715,1.3281250000000002,0.234375,2.421875,2.1875,0.7421875
1226,46.98655733230692,47.97794473869342,2.1354166666666665,0.9375,3.333333333333334,2.395833333333334,0.8854166666666666
1227,46.69356501340173,47.933746789923134,0.9960937499999999,0.0,1.9921874999999998,1.9921874999999998,1.0807291666666667
1228,47.647145411307726,48.60712556201332,0.9765625,0.1171875,1.8359375,1.71875,0.9895833333333333
1229,46.662145986371364,47.8042409448715,1.3346354166666667,0.234375,2.4348958333333335,2.2005208333333335,0.7031250000000001
1230,46.962887236055536,48.04745403187405,2.1354166666666665,0.9375,3.3333333333333335,2.3958333333333335,0.9375
1231,47.19042432393822,48.33511582740243,1.0416666666666667,0.35156249999999994,1.7317708333333335,1.3802083333333335,1.0546875
1232,47.081383818696445,48.28172274375219,1.66015625,0.7031249999999999,2.6171874999999996,1.9140624999999996,0.8463541666666666
1233,47.33505759075621,48.25174863128495,1.3932291666666667,0.0,2.7864583333333335,2.7864583333333335,0.8463541666666666
1234,46.718877354596586,47.945132732159266,1.7708333333333333,0.5859375,2.9557291666666665,2.3697916666666665,1.0546875
1235,46.80525694387382,48.00331840417786,0.64453125,0.0,1.2890625,1.2890625,0.8593750000000001
1236,47.07847783415866,48.27902406736081,1.40625,0.46875,2.34375,1.875,0.9244791666666666
1237,46.41270008754553,47.20250378967367,1.751302083333333,0.234375,3.268229166666667,3.033854166666667,0.8723958333333334
1238,47.59673761476157,48.744725124990715,0.83984375,0.1171875,1.5625,1.4453125,0.9765625
1239,47.114389013041276,48.15798216265983,1.85546875,0.35156249999999994,3.3593750000000004,3.0078125000000004,0.9635416666666667
1240,47.08614079024893,48.04667186749927,1.0221354166666667,0.0,2.0442708333333335,2.0442708333333335,0.8333333333333334
1241,47.50638763293223,48.343452168487886,1.1458333333333335,0.35156249999999994,1.9401041666666667,1.5885416666666667,0.9505208333333335
1242,47.412437622575546,48.33741350179634,0.8072916666666665,0.1171875,1.4973958333333333,1.3802083333333333,1.0677083333333333
1243,46.51635138422394,47.61101495759686,1.26953125,0.234375,2.3046875,2.0703125,0.9635416666666667
1244,46.66164261203004,47.80424094486704,1.3541666666666667,0.46875,2.239583333333333,1.770833333333333,0.8333333333333334
1245,46.83406238891698,47.736919353220806,2.7473958333333335,0.9375,4.557291666666666,3.619791666666666,0.9895833333333333
1246,46.748351902163584,47.747206757193325,1.3606770833333333,0.46875,2.2526041666666665,1.7838541666666665,0.8072916666666667
1247,47.20026479479756,48.39899574157422,0.8007812500000001,0.0,1.6015625000000002,1.6015625000000002,0.8984374999999999
1248,47.2501989888782,48.30067230272173,0.48177083333333337,0.0,0.9635416666666667,0.9635416666666667,0.9375000000000001
1249,47.24843585048099,48.21715285199057,0.5664062500000001,0.0,1.1328125000000002,1.1328125000000002,0.6901041666666667
1250,46.24856473824759,47.6015250446859,1.8945312499999998,0.7031249999999999,3.0859375,2.3828125,0.8854166666666666
1251,46.70011431517717,47.76015853977453,1.5169270833333333,0.234375,2.799479166666667,2.565104166666667,0.8854166666666666
1252,46.71148797703578,48.040880373971376,0.5924479166666666,0.0,1.1848958333333333,1.1848958333333333,0.6640625
1253,46.37831389995668,47.5223290309279,1.19140625,0.35156249999999994,2.03125,1.6796875,0.7421875000000001
1254,47.96009873348026,49.02634625655262,1.4453125,0.46875,2.421875,1.953125,0.8854166666666666
1255,46.96674442731686,48.07993713154579,1.3346354166666665,0.1171875,2.5520833333333335,2.4348958333333335,0.9505208333333335
1256,46.710463558762285,47.84602923411022,1.3085937499999998,0.35156249999999994,2.265625,1.9140625,0.7291666666666666
1257,46.66164261203004,47.624035113434985,1.9205729166666667,0.46875,3.372395833333334,2.903645833333334,0.78125
1258,46.988243034821195,47.88146564737418,1.9205729166666667,0.46875,3.372395833333333,2.903645833333333,0.8593750000000001
1259,47.09661909519342,48.165342386661145,1.0091145833333333,0.234375,1.7838541666666665,1.5494791666666665,0.9635416666666667
1260,47.01527710709619,48.00203965783677,0.7421875,0.35156249999999994,1.1328125000000002,0.7812500000000002,0.6640625000000001
1261,46.33479192705672,47.28369097579142,2.0572916666666665,0.46875,3.6458333333333335,3.1770833333333335,0.8854166666666666
1262,47.36043405609526,48.56331119681298,1.8359374999999998,0.234375,3.4375000000000004,3.2031250000000004,0.8463541666666667
1263,47.310430403129736,48.28172274375219,1.380208333333333,0.46875,2.2916666666666665,1.8229166666666665,0.8723958333333334
1264,46.98742432046056,47.99955774445287,1.2434895833333335,0.234375,2.2526041666666665,2.0182291666666665,0.9895833333333333
1265,46.98663403206206,48.11893721342928,1.7578125,0.8203124999999999,2.6953125,1.875,0.9505208333333335
1266,47.25950210265207,48.376268867299835,1.6731770833333333,0.5859375,2.7604166666666665,2.1744791666666665,0.9114583333333333
1267,47.63000352114199,48.59451662857826,1.6015624999999998,0.5859375,2.6171874999999996,2.0312499999999996,1.2630208333333333
1268,46.17915946296569,47.20950100160249,1.34765625,0.234375,2.4609374999999996,2.2265624999999996,0.8723958333333334
1269,47.372437837349764,48.33512008228444,1.6731770833333333,0.7031249999999999,2.643229166666667,1.940104166666667,0.9505208333333335
1270,46.43235589792391,47.5975370902188,1.8945312499999998,0.7031249999999999,3.0859375,2.3828125,0.7031249999999999
1271,46.98655733230692,48.05418304979367,2.01171875,0.7031249999999999,3.3203125,2.6171875,0.9244791666666669
1272,46.518476293519726,47.62614286563359,1.0026041666666667,0.234375,1.7708333333333333,1.5364583333333333,0.8854166666666666
1273,46.710463558762285,47.86203402508475,1.4453125,0.35156249999999994,2.5390625,2.1875,0.8723958333333334
1274,46.92554269129572,48.05030855992089,0.7747395833333334,0.0,1.5494791666666667,1.5494791666666667,0.9635416666666667
1275,47.0554841036067,48.149230142658205,2.12890625,0.8203124999999999,3.4375000000000004,2.6171875000000004,0.8984374999999999
1276,47.07502482442117,48.104710691024884,0.9440104166666667,0.1171875,1.7708333333333333,1.6536458333333333,0.9114583333333333
1277,47.34680628934819,48.29570612205101,1.6536458333333333,0.5859375,2.7213541666666665,2.1354166666666665,0.8593750000000001
1278,47.07035662296808,48.05897047737215,0.9570312500000001,0.234375,1.6796875,1.4453125,0.8463541666666667
1279,47.21161670816423,48.22697323388557,1.1393229166666667,0.1171875,2.1614583333333335,2.0442708333333335,0.9505208333333335
1280,47.18497048053144,48.10402628115967,1.15234375,0.35156249999999994,1.953125,1.6015625,0.9635416666666667
1281,46.69990216609223,47.69064071367882,1.5299479166666665,0.35156249999999994,2.7083333333333335,2.3567708333333335,0.9765625
1282,46.52906838885725,47.79430485206264,0.9244791666666666,0.1171875,1.7317708333333335,1.6145833333333335,1.0807291666666667
1283,46.95712934426713,47.85577295537672,0.9440104166666667,0.234375,1.6536458333333333,1.4192708333333333,0.625
1284,46.95371260547146,48.217342021415746,1.73828125,0.5859375,2.890625,2.3046875,0.7421875
1285,46.97841441188669,48.11129686262028,1.2109374999999998,0.1171875,2.3046875,2.1875,0.8723958333333334
1286,46.787971850999675,47.773148714417665,3.1119791666666665,1.2890625,4.934895833333333,3.645833333333333,0.78125
1287,47.16014448084472,48.14931727389768,0.7161458333333333,0.0,1.4322916666666665,1.4322916666666665,0.7682291666666666
1288,46.863861599200675,47.786128870142534,1.9270833333333335,0.5859375,3.268229166666667,2.682291666666667,0.6901041666666666
1289,46.14515602420519,47.35997088853322,0.8723958333333334,0.1171875,1.6276041666666665,1.5104166666666665,1.0156249999999998
1290,47.00985148673087,47.99469313770513,0.8007812500000001,0.234375,1.3671875,1.1328125,1.0807291666666667
1291,46.656915396833774,47.6365602178469,2.03125,0.5859375,3.4765625,2.890625,0.8593750000000001
1292,47.84443627962483,48.62609865546368,1.0481770833333335,0.1171875,1.9791666666666665,1.8619791666666665,0.9114583333333333
1293,47.33316049306643,48.36013521782302,1.5950520833333335,0.5859375,2.604166666666667,2.018229166666667,0.8203125
1294,46.96000829016134,48.10317996809138,1.6471354166666667,0.46875,2.825520833333333,2.356770833333333,0.8984374999999999
1295,47.58514994808833,48.376268867299835,0.41666666666666674,0.1171875,0.7161458333333334,0.5989583333333334,0.7942708333333333
1296,46.78683954824361,47.79321603707045,2.154947916666667,0.703125,3.606770833333334,2.903645833333334,0.6901041666666666
1297,46.70072506242886,47.859768819277726,1.1393229166666667,0.234375,2.0442708333333335,1.8098958333333335,0.8723958333333334
1298,46.99116041365698,48.10317996809138,1.2174479166666667,0.35156249999999994,2.0833333333333335,1.7317708333333335,0.8854166666666666
1299,46.78991827535605,47.84749572029623,1.9140625000000002,0.8203124999999999,3.0078125,2.1875,0.8984374999999999
1300,46.65068898065303,47.73585758654036,1.4453124999999998,0.0,2.8906249999999996,2.8906249999999996,0.7682291666666667
1301,46.70812211956432,47.71996501153909,1.2760416666666667,0.1171875,2.4348958333333335,2.3177083333333335,0.8593750000000001
1302,47.0554841036067,48.24664613095461,1.1393229166666665,0.0,2.278645833333333,2.278645833333333,1.015625
1303,46.514949299192324,47.714320333909384,1.15234375,0.234375,2.0703125,1.8359375,0.8593750000000001
1304,47.06491220265346,48.01184194807057,1.30859375,0.35156249999999994,2.2656250000000004,1.9140625000000004,0.7942708333333333
1305,46.710463558762285,47.51925777910744,2.34375,0.5859375,4.1015625,3.515625,0.9635416666666667
1306,47.7698763215616,48.62822887973384,1.8294270833333335,0.7031249999999999,2.955729166666667,2.252604166666667,1.0677083333333333
1307,46.51696108057192,47.53167395119932,2.1289062500000004,0.46875,3.7890625000000004,3.3203125000000004,0.8723958333333334
1308,47.12692545849103,48.01931857805188,1.97265625,0.5859375,3.359375,2.7734375,0.7942708333333333
1309,46.62606673450362,47.6015250446859,1.3411458333333335,0.0,2.682291666666667,2.682291666666667,0.8723958333333334
1310,46.99995829752014,47.95556821355348,1.6536458333333333,0.46875,2.8385416666666665,2.3697916666666665,0.6770833333333334
1311,46.829102279669456,47.70900553549697,1.5299479166666667,0.46875,2.591145833333333,2.122395833333333,0.9505208333333333
1312,46.42116188946838,47.705521476946124,0.9635416666666665,0.1171875,1.809895833333333,1.692708333333333,0.8072916666666667
1313,46.41270008754553,47.66956445548301,0.8723958333333334,0.0,1.7447916666666667,1.7447916666666667,1.0026041666666667
1314,46.848122393870625,47.81168471306771,1.66015625,0.46875,2.8515624999999996,2.3828124999999996,0.9375000000000001
1315,46.80256901740373,47.748469818894726,2.708333333333334,1.1718749999999998,4.244791666666667,3.072916666666667,0.8463541666666667
1316,46.25122942621333,47.59419804014391,1.608072916666667,0.35156249999999994,2.864583333333333,2.513020833333333,0.6901041666666666
1317,47.10528744058961,48.016732270353614,0.83984375,0.1171875,1.5625,1.4453125,0.9765625
1318,47.16460230315017,48.11878831224477,0.9830729166666666,0.234375,1.7317708333333335,1.4973958333333335,1.1328125000000002
1319,46.52906838885725,47.800918518772406,1.5820312500000002,0.46875,2.6953125,2.2265625,0.8333333333333334
1320,47.37707561725819,48.35015689190547,1.4453125,0.46875,2.421875,1.953125,0.8333333333333334
1321,46.97524714977437,47.946397466257416,0.9960937499999999,0.1171875,1.8750000000000002,1.7578125000000002,0.9505208333333335
1322,46.82041929378526,47.8814617449898,1.4778645833333333,0.46875,2.486979166666667,2.018229166666667,1.015625
1323,46.81518988545591,47.8355480172224,1.5299479166666667,0.234375,2.825520833333333,2.591145833333333,0.9114583333333334
1324,47.10311984152341,48.07287838003921,1.4973958333333335,0.46875,2.5260416666666665,2.0572916666666665,0.8203124999999999
1325,47.05408356620112,48.04320923008874,1.4713541666666667,0.234375,2.7083333333333335,2.4739583333333335,1.0286458333333335
1326,46.18777648779199,47.53945140701436,0.6770833333333335,0.1171875,1.2369791666666667,1.1197916666666667,0.9244791666666666
1327,46.821214042903506,47.86416533846539,1.7773437500000002,0.5859375,2.96875,2.3828125,0.7291666666666666
1328,46.24894168627445,47.375596152637634,1.7838541666666665,0.35156249999999994,3.216145833333333,2.864583333333333,0.9765625
1329,46.4890244783877,47.49612760875877,1.8945312499999998,0.46875,3.3203125,2.8515625,0.8854166666666666
1330,46.381578338566236,47.26039783047028,1.614583333333333,0.46875,2.7604166666666665,2.2916666666666665,0.8984374999999999
1331,46.18454213949247,47.25984475611798,1.5494791666666667,0.234375,2.8645833333333335,2.6302083333333335,0.6380208333333334
1332,46.25122942621333,47.15301237459656,1.34765625,0.1171875,2.578125,2.4609375,1.1588541666666667
1333,46.425084430431895,47.75144410854377,2.7018229166666665,0.703125,4.700520833333332,3.997395833333332,0.7942708333333333
1334,46.98663403206206,48.133998991987106,0.5989583333333334,0.1171875,1.0807291666666667,0.9635416666666667,0.9114583333333333
1335,46.842203983882854,47.946397466257416,1.4908854166666665,0.0,2.981770833333333,2.981770833333333,0.8723958333333334
1336,47.42663816292459,48.20620733730551,1.6341145833333335,0.1171875,3.1510416666666665,3.0338541666666665,1.0677083333333333
1337,46.764542875864464,47.67132978708064,1.6406250000000004,0.35156249999999994,2.9296875,2.578125,0.7291666666666666
1338,47.22586138124909,48.153654529211444,1.3216145833333333,0.35156249999999994,2.291666666666667,1.940104166666667,0.8854166666666666
1339,47.064855661832425,48.35805117816846,1.4713541666666667,0.234375,2.7083333333333335,2.4739583333333335,0.8593750000000001
1340,46.71569487495293,47.67132978708064,1.5494791666666667,0.35156249999999994,2.7473958333333335,2.3958333333333335,0.8854166666666666
1341,46.518476293519726,47.5567570164964,1.7968749999999998,0.35156249999999994,3.2421875000000004,2.8906250000000004,0.8984375000000001
1342,47.19042432393822,48.41064854258655,1.0807291666666667,0.234375,1.9270833333333335,1.6927083333333335,0.9244791666666666
1343,46.92554269129572,48.176854526289084,1.6536458333333333,0.5859375,2.7213541666666665,2.1354166666666665,0.8072916666666667
1344,46.98655733230692,48.12400412070941,0.78125,0.1171875,1.4453125,1.328125,0.8854166666666666
1345,46.95882953724573,47.94724408283577,1.1197916666666667,0.1171875,2.1223958333333335,2.0052083333333335,0.8203125
1346,46.73901267560985,47.949383222238666,1.4192708333333335,0.46875,2.3697916666666665,1.9010416666666665,0.9635416666666667
1347,46.762030711439564,47.84915829824064,0.9375,0.234375,1.640625,1.40625,1.015625
1348,46.66108726253671,47.66067666249728,1.0416666666666667,0.234375,1.8489583333333333,1.6145833333333333,0.9114583333333333
1349,46.60011989425341,47.71968537942317,0.9440104166666667,0.234375,1.6536458333333333,1.4192708333333333,0.9765625
1350,46.71148797703578,47.88828063015135,1.3020833333333333,0.0,2.6041666666666665,2.6041666666666665,0.8203125
1351,47.33299036381698,48.39545698565798,0.9960937499999999,0.35156249999999994,1.640625,1.2890625,0.9375000000000001
1352,47.07117678478558,48.08788713963563,2.3111979166666665,1.0546875,3.567708333333333,2.513020833333333,0.9375000000000001
1353,46.70742256256999,47.49835790930483,1.4778645833333333,0.1171875,2.838541666666667,2.721354166666667,0.7682291666666667
1354,46.995659877122584,47.96719280162624,2.311197916666667,0.8203125,3.802083333333334,2.981770833333334,0.6901041666666667
1355,46.55641039066591,47.66956445548301,2.2721354166666665,0.8203124999999999,3.723958333333334,2.903645833333334,0.5989583333333334
1356,46.54348028812907,47.648140362381966,2.6692708333333335,1.0546875,4.283854166666666,3.229166666666666,1.0286458333333333
1357,46.60505224628725,47.52775099037223,1.8880208333333333,0.5859375,3.1901041666666665,2.6041666666666665,0.8072916666666665
1358,47.08614079024893,48.30067230272173,1.4583333333333333,0.8203124999999999,2.096354166666667,1.276041666666667,0.9505208333333335
1359,46.65694138440978,47.755551256513826,1.5755208333333333,0.35156249999999994,2.7994791666666665,2.4479166666666665,0.8072916666666665
1360,47.76516412000465,48.693656410387646,1.484375,0.35156249999999994,2.6171874999999996,2.2656249999999996,0.9505208333333335
1361,46.92268787823334,48.18901920294439,0.8138020833333334,0.234375,1.3932291666666665,1.1588541666666665,0.9244791666666665
1362,47.49118699821237,48.372579181359335,0.83984375,0.0,1.6796875,1.6796875,0.8854166666666666
1363,47.33237134868208,48.469606609752965,0.7096354166666666,0.0,1.4192708333333333,1.4192708333333333,0.9375
1364,46.51872457773562,47.715657460890306,1.5364583333333335,0.5859375,2.486979166666667,1.901041666666667,0.8333333333333334
1365,46.6915636208464,47.90499396180245,0.7161458333333334,0.234375,1.1979166666666665,0.9635416666666665,1.0416666666666667
1366,46.425084430431895,47.5975370902188,1.3671875,0.1171875,2.6171875,2.5,1.09375
1367,46.88328589187007,48.19830389517053,1.6276041666666665,0.5859375,2.6692708333333335,2.0833333333333335,0.9244791666666666
1368,46.87293986820879,47.79751178777535,1.5625,0.35156249999999994,2.7734375,2.421875,0.7552083333333335
1369,46.78638153490226,47.84602923411022,0.7942708333333333,0.0,1.5885416666666665,1.5885416666666665,0.9635416666666667
1370,46.764542875864464,47.710119387167985,2.7539062500000004,0.9375,4.5703125,3.6328125,0.78125
1371,46.78422464393792,47.872552137998795,1.2174479166666665,0.1171875,2.3177083333333335,2.2005208333333335,0.8723958333333334
1372,46.84161501890473,47.92199045275571,1.640625,0.7031249999999999,2.578125,1.875,0.8463541666666667
1373,47.08203753356685,48.06469154532936,2.8385416666666665,1.0546875,4.622395833333334,3.567708333333334,0.6640625000000001
1374,46.067705195497446,47.39943593311755,0.7942708333333333,0.1171875,1.4713541666666667,1.3541666666666667,0.8463541666666667
1375,46.92144588159367,47.91713772840084,1.1002604166666665,0.0,2.200520833333333,2.200520833333333,0.8203125
1376,47.074004718403,48.00609124631668,1.1783854166666667,0.0,2.3567708333333335,2.3567708333333335,1.0677083333333333
1377,46.91495226770398,48.04041609854533,1.2630208333333333,0.0,2.5260416666666665,2.5260416666666665,0.9505208333333335
1378,47.252402633034876,48.003268578280654,0.6119791666666666,0.0,1.2239583333333333,1.2239583333333333,1.0286458333333333
1379,46.89947470643959,48.05454072015131,0.9375,0.234375,1.640625,1.40625,1.1067708333333335
1380,47.49835790930483,48.133998991987106,1.9921875000000002,0.7031249999999999,3.2812499999999996,2.5781249999999996,0.7942708333333333
1381,47.49118699821237,48.375960419428644,1.022135416666667,0.46875,1.5755208333333337,1.1067708333333337,0.9244791666666666
1382,46.988190192076864,48.0394138796836,0.8333333333333334,0.234375,1.4322916666666667,1.1979166666666667,0.8072916666666667
1383,46.773994290228124,47.87230836695182,1.73828125,0.46875,3.0078124999999996,2.5390624999999996,0.8593750000000001
1384,46.65106336776126,47.7401704228446,1.0221354166666665,0.1171875,1.9270833333333335,1.8098958333333335,0.8723958333333334
1385,46.99392424417918,47.82771471071068,1.875,0.5859375,3.1640625000000004,2.5781250000000004,1.1067708333333333
1386,46.55599024537022,47.63751847953387,0.9765625,0.0,1.953125,1.953125,0.9244791666666666
1387,47.177341770490685,48.342803099567746,1.5364583333333335,0.234375,2.8385416666666665,2.6041666666666665,0.8854166666666666
1388,46.78695284897921,47.84434772903134,1.9856770833333335,0.7031249999999999,3.268229166666667,2.565104166666667,0.9244791666666666
1389,46.77563731172938,48.07379555893579,1.2174479166666665,0.234375,2.200520833333333,1.966145833333333,1.09375
1390,46.8591767607772,47.81117030061825,1.5690104166666667,0.234375,2.9036458333333335,2.6692708333333335,0.8723958333333334
1391,46.9220668799135,47.94616608494914,0.9244791666666665,0.46875,1.3802083333333335,0.9114583333333335,0.7942708333333333
1392,46.73901267560985,47.83915579884199,1.6666666666666667,0.5859375,2.7473958333333335,2.1614583333333335,0.8333333333333334
1393,47.203833516315186,48.17516658576333,1.901041666666667,0.5859375,3.216145833333334,2.630208333333334,0.9244791666666666
1394,47.1029165565241,48.06486630102646,1.7252604166666665,0.234375,3.216145833333334,2.981770833333334,0.8984375000000001
1395,46.419377329858456,47.4744756585548,1.6276041666666667,0.35156249999999994,2.9036458333333335,2.5520833333333335,0.9375000000000001
1396,47.00975345344228,48.0307891700656,1.34765625,0.46875,2.2265624999999996,1.7578124999999996,0.78125
1397,47.031767358467604,48.09819192322272,1.07421875,0.234375,1.9140624999999998,1.6796874999999998,0.7942708333333333
1398,46.55673145301677,47.77189265369282,1.8880208333333335,0.5859375,3.190104166666667,2.604166666666667,0.9114583333333333
1399,46.81247805808065,47.58868869964802,1.9791666666666665,0.7031249999999999,3.2552083333333335,2.5520833333333335,0.625
1400,46.77549636025838,47.63022468518673,1.3020833333333335,0.35156249999999994,2.252604166666667,1.901041666666667,0.7161458333333334
1401,46.613140480302356,47.60043963991461,1.7838541666666665,0.5859375,2.9817708333333335,2.3958333333333335,0.7161458333333334
1402,47.54766541433191,48.184093997010635,1.5299479166666665,0.0,3.059895833333333,3.059895833333333,0.8072916666666665
1403,46.86133038735088,47.92140187747209,0.8723958333333334,0.1171875,1.6276041666666667,1.5104166666666667,0.7421875
1404,47.59027179142422,48.82558386263128,0.72265625,0.0,1.4453125,1.4453125,0.8984374999999999
1405,46.04566152074696,46.99736032289973,0.8072916666666665,0.0,1.614583333333333,1.614583333333333,0.7682291666666666
1406,46.8591767607772,47.949383222238666,1.3606770833333333,0.234375,2.4869791666666665,2.2526041666666665,0.6380208333333334
1407,46.91859813736012,47.943838317992636,1.7643229166666667,0.35156249999999994,3.177083333333333,2.825520833333333,0.8984374999999999
1408,46.51811488138765,47.560234665666215,1.6731770833333337,0.35156249999999994,2.994791666666667,2.643229166666667,0.8333333333333334
1409,46.60457023150692,47.761822933360584,2.0572916666666665,0.5859375,3.5286458333333335,2.9427083333333335,0.9505208333333335
1410,47.65578289787298,48.55643918224323,0.6966145833333333,0.0,1.3932291666666665,1.3932291666666665,0.7421875
1411,46.28505474189894,47.53364211410141,1.66015625,0.35156249999999994,2.96875,2.6171875,1.0026041666666665
1412,46.66437859033726,47.92204637533094,0.7682291666666666,0.0,1.5364583333333333,1.5364583333333333,0.7552083333333334
1413,46.8208076191073,47.812633066108546,1.5820312500000002,0.35156249999999994,2.8125000000000004,2.4609375000000004,0.7421875
1414,46.773994290228124,47.96398970189282,1.23046875,0.234375,2.2265624999999996,1.9921874999999996,1.015625
1415,46.70742256256999,47.84284332513944,1.6927083333333333,0.46875,2.9166666666666665,2.4479166666666665,1.0546875
1416,46.91115971941296,47.99049504026241,0.5924479166666667,0.1171875,1.0677083333333333,0.9505208333333333,0.8072916666666667
1417,47.17701530299353,48.07980739114029,1.803385416666667,0.35156249999999994,3.2552083333333335,2.9036458333333335,0.7682291666666666
1418,46.842203983882854,47.761667415394484,1.3151041666666665,0.46875,2.1614583333333335,1.6927083333333335,1.0546875
1419,47.075315841048436,48.14170250468785,1.73828125,0.46875,3.0078125,2.5390625,0.8723958333333334
1420,46.787297561584964,47.912029556666894,0.7291666666666666,0.0,1.4583333333333333,1.4583333333333333,0.9765625
1421,47.0017734189216,48.0468150872187,0.9700520833333334,0.1171875,1.8229166666666665,1.7057291666666665,0.7682291666666667
1422,46.265201740746,47.42069699718742,1.998697916666667,0.8203124999999999,3.177083333333333,2.356770833333333,1.0156249999999998
1423,46.74662545119015,47.8562719212024,1.7252604166666665,0.5859375,2.864583333333333,2.278645833333333,0.78125
1424,46.9382620058247,47.89913147380403,0.8658854166666667,0.234375,1.4973958333333335,1.2630208333333335,1.0416666666666667
1425,47.33299036381698,48.452768835729664,1.2239583333333333,0.234375,2.213541666666667,1.979166666666667,0.8723958333333334
1426,46.512588185321086,47.622552499001024,1.3151041666666667,0.35156249999999994,2.278645833333333,1.927083333333333,0.9244791666666666
1427,46.988243034821195,48.064399375216695,1.3606770833333333,0.234375,2.486979166666667,2.252604166666667,0.8203124999999999
1428,46.787297561584964,47.91171273389805,0.9700520833333334,0.0,1.9401041666666667,1.9401041666666667,0.7682291666666666
1429,46.90198536472963,47.956012613357515,1.2890625,0.234375,2.34375,2.109375,0.9375000000000001
1430,46.381578338566236,47.61923021544166,1.0611979166666667,0.35156249999999994,1.7708333333333333,1.4192708333333333,0.7161458333333334
1431,46.950512629585226,47.92094925866677,1.2955729166666667,0.35156249999999994,2.239583333333334,1.888020833333334,0.7682291666666666
1432,47.203833516315186,48.07993713154579,1.171875,0.46875,1.8750000000000002,1.4062500000000002,1.0546875
1433,46.43570795547708,47.711315114675344,1.4257812500000002,0.5859375,2.265625,1.6796875,1.0416666666666667
1434,46.72649999514593,47.628250617832194,1.6861979166666665,0.46875,2.9036458333333335,2.4348958333333335,0.7942708333333333
1435,46.773994290228124,47.81145487758367,1.640625,0.46875,2.8124999999999996,2.3437499999999996,0.9505208333333335
1436,46.6899957319738,47.68493791584931,1.7838541666666665,0.1171875,3.450520833333333,3.333333333333333,0.9635416666666667
1437,46.48558425001425,47.719830258543574,1.4388020833333335,0.35156249999999994,2.5260416666666665,2.1744791666666665,0.7682291666666667
1438,47.03232917260346,48.05521800128119,1.901041666666667,0.8203124999999999,2.9817708333333335,2.1614583333333335,0.8203124999999999
1439,46.40154585639449,47.64479433501081,1.3216145833333333,0.234375,2.4088541666666665,2.1744791666666665,0.7421875
1440,47.219433666919265,48.21368384275546,1.6471354166666667,0.0,3.2942708333333335,3.2942708333333335,0.7552083333333333
1441,47.1965071828619,48.36171391205824,1.5234375,0.234375,2.8125,2.578125,0.9895833333333333
1442,46.99392424417918,48.12358478265488,1.0481770833333335,0.1171875,1.9791666666666665,1.8619791666666665,0.8333333333333334
1443,46.265201740746,47.63751847953387,1.2760416666666667,0.234375,2.3177083333333335,2.0833333333333335,0.8984374999999999
1444,46.87293986820879,47.90089157963134,1.2760416666666667,0.46875,2.0833333333333335,1.6145833333333335,0.7682291666666667
1445,47.053528624105276,48.15798216265983,0.87890625,0.1171875,1.640625,1.5234375,0.9895833333333333
1446,46.693333736416896,47.71381091666963,1.5364583333333333,0.1171875,2.9557291666666665,2.8385416666666665,0.8333333333333334
1447,47.53364211410141,48.35664665748152,0.41666666666666674,0.234375,0.5989583333333335,0.3645833333333335,1.0026041666666665
1448,47.07847783415866,48.19865754253211,1.7252604166666667,0.234375,3.216145833333333,2.981770833333333,0.8593750000000001
1449,46.99799138567472,48.00203965783677,1.7513020833333333,0.35156249999999994,3.1510416666666665,2.7994791666666665,0.8854166666666666
1450,46.70812211956432,47.8155795883069,1.4778645833333333,0.35156249999999994,2.6041666666666665,2.2526041666666665,0.6901041666666667
1451,46.89679282943031,47.93052343043614,1.6471354166666667,0.7031249999999999,2.591145833333333,1.888020833333333,0.6770833333333334
1452,46.99479206065088,47.8814617449898,1.0872395833333333,0.0,2.1744791666666665,2.1744791666666665,0.7291666666666666
1453,47.43083923299402,48.21715285199057,1.2239583333333333,0.35156249999999994,2.096354166666667,1.744791666666667,0.7161458333333334
1454,46.73377868593724,47.80132158768943,0.5989583333333334,0.0,1.1979166666666667,1.1979166666666667,0.6901041666666666
1455,46.78864614041439,48.02973816637978,1.6861979166666665,0.5859375,2.7864583333333335,2.2005208333333335,0.78125
1456,47.536157275505474,48.43772739879428,1.25,0.234375,2.265625,2.03125,0.9635416666666667
1457,46.47777902287111,47.47843123000054,0.8398437500000001,0.1171875,1.5625,1.4453125,1.0546875
1458,46.76364477267873,47.79735849463127,2.12890625,0.7031249999999999,3.5546875,2.8515625,0.8333333333333334
1459,46.804793791383894,47.74723767840291,2.044270833333334,0.5859375,3.502604166666666,2.916666666666666,0.7552083333333335
1460,47.29886058582674,48.15032897181721,1.3606770833333333,0.5859375,2.1354166666666665,1.5494791666666665,0.9765625
1461,46.783042655828964,48.04624938518044,1.1328125,0.234375,2.03125,1.796875,1.0286458333333335
1462,47.01527710709619,47.84915829824064,2.12890625,0.5859375,3.671875,3.0859375,0.7942708333333333
1463,46.86664048542085,47.945132732159266,1.6731770833333333,0.46875,2.877604166666667,2.408854166666667,0.9114583333333333
1464,47.46695347287637,48.54590387688983,1.2955729166666667,0.234375,2.3567708333333335,2.1223958333333335,0.9375000000000001
1465,46.77334652211625,47.676076556109,2.0312499999999996,0.46875,3.5937499999999996,3.1249999999999996,0.6380208333333334
1466,46.62737362795518,47.617586843434786,2.0247395833333335,0.7031249999999999,3.3463541666666665,2.6432291666666665,0.7291666666666666
1467,46.581319475848495,47.723652886908255,0.64453125,0.0,1.2890625,1.2890625,0.9895833333333333
1468,47.29886058582674,48.12422248139663,1.875,0.35156249999999994,3.3984374999999996,3.0468749999999996,0.703125
1469,47.08203753356685,48.10430153632718,0.9440104166666667,0.234375,1.6536458333333333,1.4192708333333333,0.9244791666666666
1470,46.95181715038937,48.38270644726354,1.1588541666666667,0.35156249999999994,1.9661458333333333,1.6145833333333333,1.015625
1471,46.78258464248761,47.87808583420144,0.6315104166666666,0.0,1.2630208333333333,1.2630208333333333,0.8723958333333334
1472,46.95882953724573,47.99108133075111,1.7578125,0.46875,3.0468750000000004,2.5781250000000004,0.8463541666666667
1473,47.19171543451232,48.15032897181721,0.7877604166666669,0.234375,1.3411458333333335,1.1067708333333335,1.0677083333333333
1474,46.626178910465896,47.38596055289594,1.4908854166666665,0.35156249999999994,2.630208333333334,2.278645833333334,0.7942708333333333
1475,47.65578289787298,48.612255235584065,2.2656250000000004,0.9375,3.5937500000000004,2.6562500000000004,0.8593749999999999
1476,46.78864614041439,47.91822271453023,1.9140625000000002,0.7031249999999999,3.125,2.421875,0.8203125
1477,46.09748282171316,47.42078429115431,1.7057291666666665,0.35156249999999994,3.0598958333333335,2.7083333333333335,0.8723958333333334
1478,46.97465931738799,47.88686101440969,1.77734375,0.35156249999999994,3.2031249999999996,2.8515624999999996,0.8984374999999999
1479,46.641627114631525,47.67203932454098,2.05078125,0.8203124999999999,3.28125,2.4609375,0.8203124999999999
1480,46.6288029104252,47.72306033074677,1.0091145833333333,0.0,2.0182291666666665,2.0182291666666665,0.7291666666666666
1481,46.78638153490226,47.68589520682095,1.171875,0.1171875,2.2265624999999996,2.1093749999999996,0.8463541666666667
1482,46.54348028812907,47.74436281973634,1.0286458333333333,0.0,2.0572916666666665,2.0572916666666665,0.9375
1483,47.88686101440969,48.921934462237196,2.076822916666667,0.8203124999999999,3.3333333333333335,2.5130208333333335,0.7682291666666667
1484,47.81674762885243,48.61904560224591,0.44921874999999994,0.0,0.8984374999999999,0.8984374999999999,0.8463541666666666
1485,46.86370408078771,47.79321603707045,1.321614583333333,0.234375,2.4088541666666665,2.1744791666666665,0.625
1486,45.98061222161082,47.32644565299647,1.7708333333333333,0.5859375,2.955729166666667,2.369791666666667,0.9375000000000001
1487,46.753464855828135,47.88970024589301,1.666666666666667,0.5859375,2.7473958333333335,2.1614583333333335,0.8984374999999999
1488,46.47980280666072,47.79083492456405,0.8398437500000001,0.234375,1.4453125,1.2109375,0.8072916666666667
1489,47.32959752714905,48.26484900471202,1.46484375,0.5859375,2.34375,1.7578125,0.7421875
1490,46.95471028671774,47.99498339326643,1.58203125,0.35156249999999994,2.8125000000000004,2.4609375000000004,1.0546875
1491,47.22866358410024,48.31246349049292,0.87890625,0.234375,1.5234375,1.2890625,0.9114583333333333
1492,46.62817757933257,47.93150411561013,0.6315104166666666,0.0,1.2630208333333333,1.2630208333333333,0.8984374999999999
1493,46.986909279218025,47.9917329551607,0.9244791666666666,0.1171875,1.7317708333333335,1.6145833333333335,0.8723958333333334
1494,46.99799138567472,48.17676220581971,0.9114583333333334,0.1171875,1.705729166666667,1.588541666666667,0.9114583333333334
1495,46.893631915531344,47.91053174153653,1.0416666666666667,0.0,2.0833333333333335,2.0833333333333335,0.8984375000000001
1496,46.81247805808065,47.7199650115399,0.5989583333333333,0.0,1.1979166666666665,1.1979166666666665,0.7291666666666666
1497,46.71251239530927,47.72680694040667,2.24609375,0.46875,4.0234375,3.5546875,0.8333333333333334
1498,46.632559874422284,47.88686101440969,0.9700520833333334,0.1171875,1.8229166666666667,1.7057291666666667,0.9895833333333333
1499,47.20740223783282,48.42973962134412,1.4583333333333333,0.46875,2.4479166666666665,1.9791666666666665,0.8593750000000001
1500,46.64900881728345,47.60417209733331,2.2200520833333335,0.46875,3.971354166666667,3.502604166666667,0.78125
1501,46.33578605112118,47.51677740848581,2.6302083333333335,0.9375,4.322916666666667,3.385416666666667,0.7552083333333335
1502,46.83659122104005,48.040880373971376,1.07421875,0.234375,1.9140625000000002,1.6796875000000002,0.8723958333333334
1503,46.492765478416985,47.46049544335064,2.1028645833333335,0.8203125,3.3854166666666665,2.5651041666666665,0.78125
1504,47.00029597609754,48.2092189418276,2.2591145833333335,0.5859375,3.9322916666666665,3.3463541666666665,0.7161458333333334
1505,47.54116940728655,48.48942258070389,1.4778645833333335,0.46875,2.4869791666666665,2.0182291666666665,1.0286458333333333
1506,46.552003561436585,47.79751178777535,1.2304687500000002,0.234375,2.2265625000000004,1.9921875000000004,1.0026041666666665
1507,47.33314246353174,48.455180340622746,1.25,0.234375,2.2656249999999996,2.0312499999999996,0.5598958333333334
1508,46.8208076191073,47.756534875535,1.5364583333333335,0.5859375,2.486979166666667,1.901041666666667,0.78125
1509,47.20740223783282,48.06469154532936,0.8658854166666667,0.234375,1.4973958333333333,1.2630208333333333,0.7161458333333333
1510,46.51635138422394,47.49544641393773,2.3046875,0.8203124999999999,3.7890624999999996,2.9687499999999996,0.9505208333333335
1511,46.77549636025838,47.953814734187404,0.6640625,0.1171875,1.2109375,1.09375,0.8854166666666666
1512,46.689723310067,47.90089157963134,0.9895833333333335,0.35156249999999994,1.6276041666666667,1.2760416666666667,0.9375
1513,46.81247805808065,47.946397466257416,1.5690104166666667,0.46875,2.669270833333333,2.200520833333333,0.9244791666666666
1514,47.212527145057265,48.00331840417786,2.1549479166666665,0.7031249999999999,3.606770833333334,2.903645833333334,0.8593750000000001
1515,46.47952559883095,47.47952486949467,1.38671875,0.35156249999999994,2.4218750000000004,2.0703125000000004,0.7421875
1516,46.98149780767442,48.06369749555004,1.4388020833333335,0.35156249999999994,2.5260416666666665,2.1744791666666665,0.8333333333333334
1517,47.493508996114436,48.43304341738428,2.0247395833333335,0.8203124999999999,3.229166666666667,2.408854166666667,0.8723958333333334
1518,47.42858717207859,48.28048135961482,1.8098958333333335,0.5859375,3.033854166666667,2.447916666666667,0.8854166666666666
1519,47.21469831909341,48.07993713154579,1.8945312499999998,0.7031249999999999,3.0859375,2.3828125,0.8333333333333335
1520,47.06496874347449,48.10402628115967,1.2955729166666665,0.234375,2.3567708333333335,2.1223958333333335,0.8333333333333334
1521,46.98655733230692,48.1072338484615,0.6705729166666666,0.1171875,1.2239583333333333,1.1067708333333333,0.8723958333333334
1522,46.14515602420519,47.254880043000554,1.6666666666666667,0.46875,2.8645833333333335,2.3958333333333335,0.7291666666666666
1523,46.918199074648825,47.903444283204664,1.1588541666666667,0.46875,1.8489583333333337,1.3802083333333337,0.8854166666666666
1524,47.03120554433175,48.15342064181968,1.7578125,0.46875,3.0468750000000004,2.5781250000000004,0.8854166666666666
1525,46.65274353113084,47.612609489622706,1.6341145833333335,0.234375,3.0338541666666665,2.7994791666666665,0.8723958333333334
1526,45.67514842455827,46.68918501488258,0.9440104166666666,0.0,1.8880208333333333,1.8880208333333333,0.8854166666666666
1527,46.65486084635596,47.61177743215791,1.7252604166666667,0.46875,2.981770833333333,2.513020833333333,0.8333333333333334
1528,46.14290119007186,47.555763918162484,2.1744791666666665,0.35156249999999994,3.997395833333334,3.645833333333334,0.7942708333333333
1529,46.82041929378526,47.97108717354473,1.3216145833333333,0.46875,2.1744791666666665,1.7057291666666665,1.0416666666666667
1530,47.03232917260346,48.267850224738844,1.0807291666666667,0.0,2.1614583333333335,2.1614583333333335,0.8333333333333335
1531,46.893631915531344,47.82907576405363,1.2434895833333333,0.1171875,2.3697916666666665,2.2526041666666665,0.8723958333333334
1532,46.98655733230692,48.1324768367363,1.4192708333333333,0.703125,2.1354166666666665,1.4322916666666665,0.7682291666666667
1533,46.42080373586336,47.61839313911169,1.26953125,0.46875,2.0703125000000004,1.6015625000000004,1.1328125
1534,46.99392424417918,48.25416994383339,1.7252604166666665,0.35156249999999994,3.098958333333333,2.747395833333333,0.7291666666666666
1535,46.38990884331575,47.41175770660095,2.2135416666666665,0.5859375,3.841145833333333,3.255208333333333,0.8723958333333334
1536,47.61359426108994,48.65148985662406,0.8072916666666665,0.0,1.614583333333333,1.614583333333333,0.8723958333333334
1537,47.017816708574635,48.05521559305166,1.666666666666667,0.35156249999999994,2.9817708333333335,2.6302083333333335,0.9375
1538,46.764542875864464,47.79735849463127,1.8424479166666667,0.7031249999999999,2.981770833333333,2.278645833333333,0.78125
1539,47.01343726400695,48.17676220581971,1.6276041666666667,0.46875,2.7864583333333335,2.3177083333333335,0.8072916666666667
1540,47.233897804129505,47.99385836531639,1.2565104166666667,0.35156249999999994,2.1614583333333335,1.8098958333333335,0.7421875
1541,46.632559874422284,47.79908719842486,1.2630208333333333,0.234375,2.291666666666667,2.057291666666667,0.8593750000000001
1542,46.73913612262072,47.82531221498367,1.77734375,0.1171875,3.4375000000000004,3.3203125000000004,0.703125
1543,47.56730217146774,48.56331119681298,0.7747395833333334,0.1171875,1.4322916666666665,1.3151041666666665,0.8463541666666667
1544,46.49749842658742,47.74597461670152,1.30859375,0.35156249999999994,2.265625,1.9140625,0.7291666666666666
1545,46.70492648313079,47.85361326745343,1.3151041666666667,0.0,2.6302083333333335,2.6302083333333335,1.0026041666666667
1546,46.81247805808065,47.830882456003096,1.1783854166666667,0.234375,2.1223958333333335,1.8880208333333335,1.0416666666666665
1547,46.58111221056633,47.630977591595766,2.486979166666667,0.9375,4.036458333333334,3.098958333333334,0.9244791666666666
1548,47.42858717207859,48.46540543388518,0.7877604166666666,0.0,1.5755208333333333,1.5755208333333333,0.8072916666666665
1549,46.282138431814765,47.65801910581872,1.2565104166666667,0.234375,2.278645833333333,2.044270833333333,0.7682291666666667
1550,47.07287180596118,48.29570612205101,1.8945312499999998,0.8203124999999999,2.96875,2.1484375,0.9635416666666667
1551,46.80256901740373,47.61993194154048,1.54296875,0.46875,2.6171875,2.1484375,0.8854166666666666
1552,46.869306735134984,47.95646055649327,2.0572916666666665,0.35156249999999994,3.763020833333333,3.411458333333333,0.9375000000000001
1553,46.94286968342146,47.96719280162624,1.588541666666667,0.5859375,2.591145833333333,2.005208333333333,0.9375
1554,46.34981493555086,47.61094537469311,0.9830729166666669,0.35156249999999994,1.614583333333333,1.263020833333333,0.9765625
1555,46.47603244691128,47.719820132418135,2.389322916666667,0.46875,4.309895833333332,3.841145833333332,0.9895833333333333
1556,47.272592518017795,48.39508679297462,1.38671875,0.35156249999999994,2.4218749999999996,2.0703124999999996,0.8854166666666666
1557,46.33578605112118,47.305450857508106,1.7057291666666665,0.46875,2.9427083333333335,2.4739583333333335,0.703125
1558,47.10528744058961,48.2514887560515,1.5885416666666665,0.35156249999999994,2.825520833333333,2.473958333333333,0.8854166666666666
1559,47.62305375141062,48.497268875477204,1.7317708333333335,0.46875,2.994791666666667,2.526041666666667,0.7031249999999999
1560,46.28981778160079,47.6686116131974,1.4583333333333333,0.35156249999999994,2.5651041666666665,2.2135416666666665,1.0026041666666667
1561,47.053528624105276,48.17535790875615,0.9114583333333333,0.234375,1.5885416666666665,1.3541666666666665,1.0286458333333335
1562,46.914508396486895,47.90874213642409,1.4713541666666667,0.46875,2.4739583333333335,2.0052083333333335,0.8984374999999999
1563,46.78864614041439,47.95985144222544,1.4973958333333333,0.0,2.9947916666666665,2.9947916666666665,0.9635416666666667
1564,46.596592616605975,47.748469818894726,1.1328125,0.1171875,2.1484375,2.03125,0.9244791666666666
1565,46.78864614041439,47.90876909599408,2.08984375,0.7031249999999999,3.4765625,2.7734375,1.015625
1566,46.457357824388055,47.69966242171798,1.73828125,0.7031249999999999,2.7734375,2.0703125,0.9635416666666667
1567,46.76971151793956,48.023269618719176,1.2369791666666665,0.35156249999999994,2.1223958333333335,1.7708333333333335,0.8593750000000001
1568,46.55853016600358,47.55446686680569,1.9205729166666667,0.8203124999999999,3.0208333333333335,2.2005208333333335,0.8984374999999999
1569,47.664507280684774,48.32941390931838,0.6901041666666666,0.0,1.3802083333333333,1.3802083333333333,0.78125
1570,45.976520783439014,47.16906012545562,1.5755208333333333,0.35156249999999994,2.7994791666666665,2.4479166666666665,0.703125
1571,46.95047636588578,48.04349266459556,1.2239583333333335,0.234375,2.213541666666667,1.979166666666667,0.9114583333333333
1572,47.75144410854377,48.83013089158288,1.5234375000000002,0.5859375,2.4609375,1.875,0.9765625
1573,47.00325086174566,47.85230284354966,1.34765625,0.234375,2.4609375,2.2265625,0.8984374999999999
1574,46.62849024487888,47.714153112869646,1.6276041666666667,0.234375,3.0208333333333335,2.7864583333333335,0.8072916666666665
1575,47.25789903888875,48.236692037908355,1.25,0.234375,2.265625,2.03125,0.8333333333333334
1576,46.28140760855888,47.59953106745235,1.2630208333333333,0.1171875,2.4088541666666665,2.2916666666666665,0.7291666666666666
1577,46.2897143352259,47.251469277531896,2.5651041666666665,1.0546875,4.075520833333333,3.020833333333333,0.703125
1578,46.95882953724573,48.23258364201019,1.2890625,0.234375,2.34375,2.109375,0.8723958333333334
1579,46.70716132721059,47.77006626476808,1.58203125,0.5859375,2.578125,1.9921875,0.7291666666666666
1580,46.85397032945614,47.903444283204664,1.0416666666666665,0.0,2.083333333333333,2.083333333333333,0.7291666666666666
1581,46.782067752973575,47.69425608902685,1.2434895833333333,0.35156249999999994,2.1354166666666665,1.7838541666666665,0.8463541666666667
1582,46.531855322473284,47.660831092267145,1.0091145833333335,0.1171875,1.901041666666667,1.783854166666667,0.8723958333333334
1583,46.83331306749391,47.820021245220964,1.5299479166666667,0.7031249999999999,2.3567708333333335,1.6536458333333335,0.7291666666666666
1584,46.42116188946838,47.66621648852842,1.2434895833333335,0.46875,2.0182291666666665,1.5494791666666665,0.625
1585,46.73377868593724,47.69425608902685,1.8229166666666667,0.5859375,3.0598958333333335,2.4739583333333335,0.8984374999999999
1586,46.95570796796401,48.01004557696342,1.608072916666667,0.5859375,2.6302083333333335,2.0442708333333335,0.9244791666666669
1587,46.52906838885725,47.695317980875714,1.666666666666667,0.46875,2.8645833333333335,2.3958333333333335,0.9765625
1588,46.77675618316132,47.832354700040554,1.7187500000000002,0.7031249999999999,2.734375,2.03125,0.8072916666666667
1589,46.74201756141871,47.8814617449898,0.5143229166666666,0.0,1.0286458333333333,1.0286458333333333,1.0026041666666665
1590,46.988190192076864,47.95618538533672,1.7057291666666665,0.5859375,2.825520833333334,2.239583333333334,0.8203125
1591,46.51872457773562,47.726652123879596,1.6015624999999998,0.35156249999999994,2.8515625,2.5,0.8463541666666667
1592,46.83119158766621,48.07914934764795,1.0546875,0.1171875,1.9921875000000002,1.8750000000000002,0.8593750000000001
1593,46.49306625007284,47.43297356842609,1.6666666666666667,0.46875,2.8645833333333335,2.3958333333333335,0.9505208333333335
1594,47.18497048053144,48.33872934568306,1.6210937500000002,0.46875,2.7734375,2.3046875,0.9375000000000001
1595,46.78741086232057,47.94679845199822,1.2174479166666667,0.234375,2.200520833333333,1.966145833333333,0.8723958333333334
1596,46.98661981908099,48.08040110709378,1.8684895833333337,0.8203124999999999,2.9166666666666665,2.0963541666666665,0.7942708333333333
1597,46.84738060532002,48.05894410308471,1.3997395833333335,0.234375,2.5651041666666665,2.3307291666666665,0.8854166666666666
1598,46.779900928047915,48.10402628115967,1.4257812500000002,0.35156249999999994,2.5,2.1484375,0.8593750000000001
1599,46.9956867952519,47.992823452303455,1.09375,0.1171875,2.0703125,1.953125,0.8854166666666666
1600,46.65488683393197,47.670748871951865,1.6666666666666667,0.5859375,2.7473958333333335,2.1614583333333335,0.78125
1601,46.60505224628725,47.97108717354473,0.8138020833333333,0.0,1.6276041666666665,1.6276041666666665,0.7682291666666667
1602,46.14643385960744,47.38569035067472,1.9270833333333335,0.46875,3.3854166666666665,2.9166666666666665,0.9375000000000001
1603,47.28940275629537,48.12307601507714,1.3411458333333335,0.46875,2.213541666666667,1.744791666666667,0.7291666666666666
1604,46.534642256089306,47.7217909718615,1.5885416666666665,0.5859375,2.591145833333333,2.005208333333333,0.8854166666666666
1605,46.988216613449026,47.99342652549517,1.2825520833333333,0.1171875,2.4479166666666665,2.3307291666666665,0.6640625000000001
1606,46.78638153490226,48.04320923008874,1.2369791666666667,0.234375,2.239583333333334,2.005208333333334,1.0286458333333333
1607,46.3928240885688,47.46182343787044,1.3802083333333333,0.234375,2.5260416666666665,2.2916666666666665,0.8203125
1608,46.99392424417918,47.92204637533094,1.4778645833333335,0.5859375,2.369791666666667,1.783854166666667,0.7291666666666666
1609,46.988216613449026,48.09525253060711,1.1458333333333333,0.1171875,2.1744791666666665,2.0572916666666665,0.78125
1610,47.07689683760355,47.9917329551607,1.1393229166666665,0.234375,2.0442708333333335,1.8098958333333335,1.0416666666666667
1611,46.98650905851391,48.14170250468785,1.1263020833333335,0.35156249999999994,1.901041666666667,1.549479166666667,0.9635416666666667
1612,46.37888380307987,47.533932988876295,1.15234375,0.1171875,2.1875,2.0703125,0.8463541666666667
1613,46.7640938242716,47.820021245220964,1.953125,0.46875,3.4375000000000004,2.9687500000000004,0.6901041666666666
1614,47.18703406556867,47.91749538034393,2.7213541666666665,0.8203125,4.622395833333333,3.802083333333333,0.9375
1615,46.95371260547146,47.965768847061,1.5625,0.46875,2.65625,2.1875,0.8072916666666667
1616,46.942905947120906,48.09138986051339,1.5820312500000002,0.35156249999999994,2.8125,2.4609375,0.9505208333333333
1617,47.78567583791439,49.04798992004209,1.0677083333333333,0.234375,1.901041666666667,1.666666666666667,0.78125
1618,47.40641335860583,48.62350726116485,0.6770833333333333,0.0,1.3541666666666665,1.3541666666666665,0.9635416666666667
1619,47.59027179142422,48.58906974828034,0.5989583333333333,0.0,1.1979166666666665,1.1979166666666665,0.8333333333333334
1620,46.69180094514875,47.6881252235021,0.6640625000000001,0.1171875,1.2109375,1.09375,0.6640625000000001
1621,46.88328589187007,48.092051235087126,1.6471354166666667,0.5859375,2.7083333333333335,2.1223958333333335,1.1328125
1622,46.86133038735088,47.909475774259896,1.2890625,0.1171875,2.4609375000000004,2.3437500000000004,0.8984374999999999
1623,46.47952559883095,47.86946480108284,1.4583333333333335,0.5859375,2.3307291666666665,1.7447916666666665,0.8203125
1624,47.86214950816392,48.48942258070389,2.01171875,0.8203125,3.2031249999999996,2.3828124999999996,0.8593750000000001
1625,46.90558691337884,48.05894410308471,0.8854166666666666,0.1171875,1.6536458333333333,1.5364583333333333,0.8593750000000001
1626,46.804793791383894,47.876779205851676,1.8164062500000002,0.7031249999999999,2.9296875,2.2265625,0.8984374999999999
1627,46.7303816215983,47.81462531583044,1.0026041666666665,0.1171875,1.8880208333333335,1.7708333333333335,1.1848958333333333
1628,46.55003211598234,47.66067666249728,1.2109374999999998,0.1171875,2.3046875,2.1875,0.7682291666666666
1629,47.876447912180794,48.79757524166206,1.484375,0.46875,2.5,2.03125,0.9765625
1630,46.70742256256999,47.82971057671177,1.2434895833333335,0.234375,2.2526041666666665,2.0182291666666665,0.9244791666666666
1631,46.4346820514619,47.34814977436712,2.1875,1.0546875,3.3203125,2.265625,0.8854166666666666
1632,47.216696515626644,48.153654529211444,1.2174479166666667,0.1171875,2.3177083333333335,2.2005208333333335,0.8203125
1633,46.599878886863245,47.7810406130997,0.9960937499999999,0.234375,1.7578125,1.5234375,0.703125
1634,47.26833984845227,48.27346846957168,1.6992187499999998,0.1171875,3.2812499999999996,3.1640624999999996,0.8984375000000001
1635,46.83119158766621,47.946397466257416,1.1458333333333335,0.234375,2.0572916666666665,1.8229166666666665,0.625
1636,47.20740223783282,48.092051235087126,1.40625,0.234375,2.578125,2.34375,0.9765625
1637,46.4201280369018,47.707752518574445,1.6341145833333335,0.35156249999999994,2.9166666666666665,2.5651041666666665,0.7552083333333334
1638,46.796470468230055,47.82027974743714,1.9335937500000004,0.8203125,3.0468750000000004,2.2265625000000004,0.8072916666666665
1639,46.8591767607772,47.92757421398108,0.7877604166666666,0.0,1.5755208333333333,1.5755208333333333,0.8723958333333334
1640,46.70361327805665,47.764805611927386,0.8593750000000001,0.234375,1.484375,1.25,0.8072916666666665
1641,46.72239515365762,47.86387091691058,1.03515625,0.0,2.0703125,2.0703125,0.8463541666666667
1642,47.07729938765536,48.14982312285744,1.9596354166666667,0.7031249999999999,3.216145833333334,2.513020833333334,0.9505208333333335
1643,46.956418656115574,48.119708414825,1.6796875000000002,0.7031249999999999,2.6562499999999996,1.9531249999999996,1.0546875
1644,46.95044010218633,47.92034873963015,1.5039062500000002,0.8203124999999999,2.1875,1.3671875,0.8593750000000001
1645,47.5806222503662,48.68739085322084,1.3411458333333335,0.5859375,2.096354166666667,1.510416666666667,0.8203125
1646,47.10311984152341,48.14554750629752,1.15234375,0.234375,2.0703125,1.8359375,1.0677083333333333
1647,47.272592518017795,48.47659236090646,1.829427083333333,0.234375,3.424479166666667,3.190104166666667,0.8072916666666667
1648,47.82216246615697,48.70711122314282,0.9375,0.0,1.875,1.875,1.0416666666666665
1649,47.430209125143804,48.433355252557995,1.0481770833333335,0.234375,1.8619791666666667,1.6276041666666667,0.7552083333333334
1650,46.97841441188669,48.04349266459556,1.50390625,0.46875,2.5390625,2.0703125,0.8203125
1651,46.13534851751684,47.55730394473022,1.7252604166666667,0.234375,3.216145833333334,2.981770833333334,0.8463541666666667
1652,47.415771751606776,48.30067230272173,1.3802083333333335,0.234375,2.5260416666666665,2.2916666666666665,0.9114583333333334
1653,47.80567598897264,48.91848730308178,1.66015625,0.5859375,2.7343749999999996,2.1484374999999996,0.9635416666666667
1654,46.557052515367644,47.61503653374679,1.4388020833333335,0.46875,2.408854166666667,1.940104166666667,0.8463541666666667
1655,47.946397466257416,48.93402791487416,1.0677083333333333,0.234375,1.9010416666666665,1.6666666666666665,0.8854166666666666
1656,46.7003264642621,47.56990972430908,1.9205729166666667,0.46875,3.372395833333333,2.903645833333333,0.5989583333333334
1657,47.1029165565241,48.17379571975169,1.58203125,0.46875,2.6953125,2.2265625,0.8593750000000001
1658,46.773994290228124,47.98059674209586,1.1848958333333333,0.234375,2.1354166666666665,1.9010416666666665,0.9765625
1659,46.562635430185004,47.76015853977453,1.34765625,0.35156249999999994,2.34375,1.9921875,0.9114583333333333
1660,46.77878775007296,47.99894993349603,2.2200520833333335,0.7031249999999999,3.7369791666666665,3.0338541666666665,0.78125
1661,46.99567333618724,47.92439939941424,2.532552083333334,0.7031249999999999,4.361979166666667,3.658854166666667,0.6770833333333334
1662,46.656915396833774,47.69725023522925,1.3736979166666667,0.46875,2.278645833333333,1.809895833333333,0.9635416666666667
1663,46.87041409080987,47.88146564737418,1.1263020833333335,0.234375,2.018229166666667,1.783854166666667,0.8854166666666669
1664,46.66326228835431,47.93670460581608,1.4322916666666667,0.1171875,2.7473958333333335,2.6302083333333335,1.0286458333333333
1665,47.06496874347449,47.93421938596225,1.26953125,0.234375,2.3046875,2.0703125,1.0026041666666667
1666,47.14198708152044,48.26085006816365,0.9309895833333334,0.1171875,1.7447916666666667,1.6276041666666667,0.8723958333333334
1667,46.775778263200394,47.805378327203506,0.6054687500000001,0.234375,0.9765625,0.7421875,0.8463541666666666
1668,46.775778263200394,47.81462531583044,1.7447916666666667,0.46875,3.0208333333333335,2.5520833333333335,0.8463541666666667
1669,47.234667371803276,48.342803099567746,1.46484375,0.234375,2.6953125,2.4609375,0.9635416666666667
1670,47.20740223783282,47.9952171982654,0.8463541666666666,0.0,1.6927083333333333,1.6927083333333333,1.09375
1671,46.49779919824327,47.516854092171315,1.15234375,0.234375,2.0703125,1.8359375,0.8333333333333334
1672,46.45001245846593,47.518650557320555,1.09375,0.234375,1.953125,1.71875,0.8984374999999999
1673,47.01417293862282,48.22697323388557,1.4192708333333335,0.46875,2.369791666666667,1.901041666666667,0.9765625
1674,46.86668320681681,47.90089157963134,1.1848958333333333,0.1171875,2.2526041666666665,2.1354166666666665,0.7291666666666666
1675,46.689723310067,47.604006040258106,1.6471354166666667,0.46875,2.8255208333333335,2.3567708333333335,1.0677083333333333
1676,47.59673761476157,48.433667087731706,1.0221354166666667,0.234375,1.809895833333333,1.575520833333333,0.8854166666666666
1677,46.62629108642818,47.58477402480714,2.08984375,0.234375,3.9453125,3.7109375,1.171875
1678,47.06317426899602,48.34093047597791,0.625,0.234375,1.015625,0.78125,1.0026041666666665
1679,47.440206230239326,48.497268875477204,0.9049479166666665,0.0,1.809895833333333,1.809895833333333,0.9895833333333333
1680,47.16014448084472,48.308649402668756,1.0091145833333335,0.1171875,1.901041666666667,1.783854166666667,0.8723958333333334
1681,47.55257468104097,48.37535237323183,0.6966145833333333,0.0,1.3932291666666665,1.3932291666666665,0.9244791666666669
1682,46.764542875864464,47.68204048313562,1.907552083333333,0.46875,3.3463541666666665,2.8776041666666665,0.9505208333333335
1683,46.98663403206206,48.19596388107389,0.9375,0.234375,1.6406249999999998,1.4062499999999998,1.0546875
1684,46.62629108642818,47.74597461670152,2.1354166666666665,0.35156249999999994,3.9192708333333335,3.5677083333333335,0.8593750000000001
1685,47.08073010382604,48.10402628115967,1.34765625,0.46875,2.2265625000000004,1.7578125000000004,0.9114583333333334
1686,46.87041409080987,47.97794473869342,1.46484375,0.234375,2.6953125,2.4609375,0.8463541666666666
1687,47.12392111239156,48.08438557123016,1.5234375,0.0,3.046875,3.046875,0.8203125
1688,46.57858158832681,47.8042409448715,2.1223958333333335,0.7031249999999999,3.5416666666666665,2.8385416666666665,0.8072916666666665
1689,47.19818526707726,48.26894794779525,1.19140625,0.35156249999999994,2.0312499999999996,1.6796874999999996,1.0156249999999998
1690,46.86130184214286,47.90272853737026,1.9986979166666665,0.7031249999999999,3.2942708333333335,2.5911458333333335,1.015625
1691,46.97465931738799,48.16272502985871,1.4583333333333333,0.5859375,2.3307291666666665,1.7447916666666665,0.9114583333333333
1692,47.28940275629537,48.39308888564394,1.9401041666666667,0.35156249999999994,3.5286458333333335,3.1770833333333335,0.8072916666666665
1693,46.82735494080039,47.83575524944127,1.9856770833333335,0.8203124999999999,3.1510416666666665,2.3307291666666665,0.7421875
1694,47.719965011539486,48.52218068634569,0.9505208333333335,0.35156249999999994,1.5494791666666667,1.1979166666666667,0.9505208333333335
1695,47.192852462841856,48.092824680614804,1.5625,0.234375,2.890625,2.65625,0.8854166666666666
1696,46.81247805808065,47.88122334809729,0.7812499999999999,0.0,1.5624999999999998,1.5624999999999998,0.8854166666666666
1697,47.00985148673087,47.94786008093472,2.1744791666666665,0.8203124999999999,3.5286458333333335,2.7083333333333335,0.9244791666666666
1698,47.430209125143804,48.22020167275566,0.9570312500000001,0.46875,1.4453125,0.9765625,0.8593750000000001
1699,47.55009149686461,48.28048135961482,1.3736979166666667,0.46875,2.2786458333333335,1.8098958333333335,0.8854166666666669
1700,46.8591767607772,47.87030484234912,1.2825520833333333,0.0,2.5651041666666665,2.5651041666666665,0.8333333333333334
1701,46.70964261766047,47.812633066108546,0.9114583333333334,0.35156249999999994,1.4713541666666667,1.1197916666666667,0.9505208333333335
1702,47.102713271524784,48.343452168487886,0.7291666666666666,0.234375,1.223958333333333,0.989583333333333,1.015625
1703,47.067662683221286,48.09661719221045,2.141927083333334,0.8203124999999999,3.463541666666667,2.643229166666667,0.8723958333333334
1704,47.0017734189216,48.04429951988208,2.096354166666667,0.7031249999999999,3.4895833333333335,2.7864583333333335,0.8463541666666667
1705,46.4201280369018,47.64653493844937,1.0091145833333335,0.0,2.018229166666667,2.018229166666667,0.9114583333333333
1706,46.773994290228124,47.88341898211932,1.1653645833333333,0.1171875,2.213541666666667,2.096354166666667,0.6119791666666667
1707,47.169386592952776,48.11129686262028,1.0026041666666667,0.234375,1.7708333333333333,1.5364583333333333,0.9635416666666667
1708,47.053528624105276,48.21242589764251,0.9375,0.0,1.875,1.875,1.0807291666666667
1709,47.27755566473423,48.37723321870481,2.1223958333333335,0.7031249999999999,3.5416666666666665,2.8385416666666665,0.78125
1710,47.07035662296808,48.18953689910962,0.9049479166666667,0.1171875,1.6927083333333335,1.5755208333333335,0.8723958333333334
1711,47.11803495022428,48.29759698784509,1.1588541666666667,0.1171875,2.2005208333333335,2.0833333333333335,1.09375
1712,46.20302654190763,47.33560629331848,1.6861979166666665,0.46875,2.9036458333333335,2.4348958333333335,0.8203125
1713,46.842203983882854,47.965768847061,1.58203125,0.5859375,2.578125,1.9921875,0.9895833333333333
1714,46.81247805808065,47.947199437739016,1.8489583333333333,0.7031249999999999,2.994791666666667,2.291666666666667,0.8072916666666665
1715,46.748351902163584,47.773148714417665,1.126302083333333,0.1171875,2.1354166666666665,2.0182291666666665,0.8463541666666667
1716,46.50743018671011,47.82907576405363,0.9049479166666667,0.234375,1.5755208333333333,1.3411458333333333,0.8333333333333334
1717,47.03232917260346,48.12232654421189,1.1783854166666667,0.234375,2.1223958333333335,1.8880208333333335,0.9244791666666666
1718,47.430209125143804,48.21318589690908,2.2330729166666665,0.8203125,3.6458333333333335,2.8255208333333335,0.8463541666666667
1719,46.14290119007186,47.33545200125517,1.3932291666666665,0.1171875,2.669270833333333,2.552083333333333,0.8203125
1720,46.16147541861936,47.089061987670114,1.9270833333333335,0.7031249999999999,3.1510416666666665,2.4479166666666665,0.8463541666666666
1721,47.169386592952776,47.98899480947922,1.73828125,0.35156249999999994,3.125,2.7734375,0.8593750000000001
1722,46.962887236055536,47.69009155228298,1.7968749999999998,0.35156249999999994,3.2421874999999996,2.8906249999999996,0.8072916666666665
1723,47.22305917839794,48.38614222347523,1.6731770833333333,0.5859375,2.7604166666666665,2.1744791666666665,1.0807291666666667
1724,47.05408356620112,48.11219430966732,1.0872395833333335,0.46875,1.7057291666666665,1.2369791666666665,0.8984375000000001
1725,47.007234457360184,48.373258568772584,1.803385416666667,0.8203125,2.786458333333333,1.966145833333333,0.8072916666666665
1726,46.7069000918512,47.87222053849617,1.2304687500000002,0.234375,2.2265625000000004,1.9921875000000004,0.9505208333333333
1727,47.10311984152341,48.05418304979367,2.34375,0.35156249999999994,4.3359375,3.984375,0.8854166666666666
1728,46.21205185002073,47.6015250446859,1.0026041666666665,0.234375,1.7708333333333333,1.5364583333333333,0.9505208333333335
1729,46.73377868593724,47.71879798723325,1.7903645833333335,0.8203125,2.7604166666666665,1.9401041666666665,0.8463541666666667
1730,46.842203983882854,48.17108965485069,0.7291666666666666,0.1171875,1.3411458333333335,1.2239583333333335,1.0286458333333335
1731,47.10466104802159,48.08040110709378,0.8658854166666665,0.1171875,1.614583333333333,1.497395833333333,0.9244791666666666
1732,46.36422831044539,47.50436201905086,1.1588541666666667,0.0,2.3177083333333335,2.3177083333333335,0.9114583333333334
1733,46.74195583791328,47.94480650919803,1.2174479166666667,0.35156249999999994,2.0833333333333335,1.7317708333333335,0.9505208333333335
1734,46.787297561584964,48.01002533726574,2.0247395833333335,0.5859375,3.463541666666667,2.877604166666667,0.8463541666666666
1735,46.47230753838457,47.74436281973634,2.4088541666666665,1.0546875,3.763020833333334,2.708333333333334,0.9114583333333333
1736,46.78991827535605,47.97794473869342,2.0833333333333335,0.703125,3.463541666666667,2.760416666666667,0.8203125
1737,46.73377868593724,48.05009471819371,0.9830729166666666,0.1171875,1.8489583333333333,1.7317708333333333,0.78125
1738,46.97712469702371,48.0546981173079,1.2565104166666667,0.35156249999999994,2.1614583333333335,1.8098958333333335,0.9375000000000001
1739,46.096538859134675,47.47269800190332,1.6145833333333335,0.234375,2.994791666666667,2.760416666666667,0.78125
1740,47.33299036381698,48.40478603676882,1.19140625,0.234375,2.1484375,1.9140625,0.8463541666666667
1741,46.83584189961699,47.77083713410668,2.5065104166666665,0.8203125,4.192708333333334,3.372395833333334,0.9244791666666666
1742,46.7303816215983,47.82226518412926,1.38671875,0.1171875,2.6562500000000004,2.5390625000000004,0.8984374999999999
1743,47.55257468104097,48.312700648139014,1.25,0.1171875,2.3828125,2.265625,0.7942708333333333
1744,47.14198708152044,48.07673660483529,1.1002604166666667,0.0,2.2005208333333335,2.2005208333333335,0.9114583333333334
1745,47.25950210265207,48.22672894186185,1.6731770833333333,0.35156249999999994,2.9947916666666665,2.6432291666666665,0.8333333333333334
1746,47.37707561725819,48.363253172129625,1.2174479166666667,0.46875,1.9661458333333333,1.4973958333333333,0.7291666666666666
1747,47.064855661832425,47.92140187747209,1.2174479166666667,0.0,2.4348958333333335,2.4348958333333335,1.1458333333333335
1748,46.956418656115574,48.11129686262028,1.0026041666666665,0.0,2.005208333333333,2.005208333333333,0.6640625000000001
1749,46.962887236055536,48.07492005939421,1.5299479166666665,0.46875,2.5911458333333335,2.1223958333333335,1.0677083333333333
1750,46.98663403206206,47.97922833318124,1.0807291666666667,0.1171875,2.044270833333333,1.927083333333333,0.7682291666666667
1751,47.05463850829697,48.145415786607415,2.2526041666666665,0.7031249999999999,3.802083333333333,3.098958333333333,0.9765625
1752,46.553975006890816,47.634486758305115,1.6015624999999998,0.234375,2.96875,2.734375,0.8072916666666667
1753,47.49615004882603,48.51751339294549,1.2630208333333333,0.1171875,2.408854166666667,2.291666666666667,0.9114583333333334
1754,46.81247805808065,47.86923641763418,1.7578125,0.5859375,2.9296875,2.34375,0.8593750000000001
1755,47.177341770490685,48.14744914118939,1.1263020833333333,0.1171875,2.1354166666666665,2.0182291666666665,0.8984374999999999
1756,46.8208076191073,47.910656766621415,0.8463541666666667,0.234375,1.4583333333333333,1.2239583333333333,0.7161458333333334
1757,47.372437837349764,48.42720935528218,1.38671875,0.46875,2.3046875,1.8359375,0.8203124999999999
1758,46.64938320439168,47.66202068268651,1.30859375,0.35156249999999994,2.2656250000000004,1.9140625000000004,0.8593750000000001
1759,47.07571839110024,47.996782219790425,1.2434895833333333,0.0,2.4869791666666665,2.4869791666666665,0.8333333333333334
1760,46.748351902163584,47.86019713325893,1.9856770833333335,0.5859375,3.3854166666666665,2.7994791666666665,1.1588541666666667
1761,47.053528624105276,48.01931857805188,1.9466145833333337,0.46875,3.424479166666666,2.955729166666666,0.8593749999999999
1762,46.20302654190763,47.516854092171315,1.23046875,0.234375,2.2265624999999996,1.9921874999999996,0.7161458333333334
1763,46.71251239530927,47.817342222919734,1.2890625,0.234375,2.34375,2.109375,0.8984374999999999
1764,46.28505474189894,47.416704840604254,1.640625,0.5859375,2.6953125,2.109375,0.6119791666666667
1765,46.78422464393792,47.783563050594594,0.9570312500000001,0.234375,1.6796875000000002,1.4453125000000002,1.09375
1766,46.45819432557147,47.52862367789577,2.2591145833333335,0.7031249999999999,3.815104166666666,3.111979166666666,0.7552083333333334
1767,47.51160807108771,48.53205796460478,0.8984374999999999,0.1171875,1.6796875,1.5625,0.9505208333333335
1768,46.65274353113084,47.764805611927386,1.7122395833333335,0.8203125,2.604166666666667,1.783854166666667,0.8072916666666665
1769,46.7303816215983,47.82907576405363,1.0677083333333333,0.234375,1.901041666666667,1.666666666666667,1.0026041666666665
1770,46.68918501488258,47.74153944920827,1.3020833333333333,0.35156249999999994,2.252604166666666,1.901041666666666,0.9895833333333335
1771,47.06945468769279,48.238284446205235,1.0677083333333333,0.1171875,2.0182291666666665,1.9010416666666665,0.8203125
1772,46.242545867733895,47.46426570691109,1.6145833333333335,0.46875,2.7604166666666665,2.2916666666666665,0.5859375
1773,47.01861037586623,48.16272502985871,1.3802083333333335,0.1171875,2.643229166666667,2.526041666666667,0.8203125
1774,47.9917329551607,49.025684248349954,0.9830729166666666,0.1171875,1.8489583333333333,1.7317708333333333,1.1328125
1775,47.22866358410024,48.357391785534645,1.9140625000000002,0.7031249999999999,3.125,2.421875,0.7942708333333333
1776,47.05463850829697,48.23258364201019,1.03515625,0.35156249999999994,1.7187500000000002,1.3671875000000002,0.9114583333333333
1777,46.92554269129572,47.90874213642409,1.614583333333333,0.5859375,2.6432291666666665,2.0572916666666665,0.9114583333333334
1778,46.99392424417918,47.90646456251657,1.2044270833333333,0.234375,2.1744791666666665,1.9401041666666665,1.0546875
1779,46.74489900021671,47.93262545276663,1.764322916666667,0.46875,3.0598958333333335,2.5911458333333335,0.7161458333333334
1780,47.24686950694934,48.179686487242115,1.50390625,0.46875,2.5390625,2.0703125,1.0026041666666667
1781,47.16460230315017,48.053863439021434,2.0247395833333335,0.46875,3.5807291666666665,3.1119791666666665,0.9375
1782,46.842203983882854,47.818632396320154,1.2239583333333333,0.234375,2.2135416666666665,1.9791666666666665,0.9505208333333335
1783,47.49394218834723,48.58604125907778,0.9895833333333333,0.0,1.9791666666666665,1.9791666666666665,0.8723958333333334
1784,46.63289290437884,47.88996106772139,1.4713541666666667,0.35156249999999994,2.591145833333333,2.239583333333333,0.7161458333333334
1785,46.80368140439381,47.82771471071068,1.7643229166666667,0.46875,3.0598958333333335,2.5911458333333335,0.7291666666666666
1786,47.01702304128303,48.22807377351523,0.7877604166666669,0.1171875,1.4583333333333333,1.3411458333333333,0.8203124999999999
1787,47.272592518017795,48.535505247844,1.2825520833333335,0.35156249999999994,2.213541666666667,1.861979166666667,0.9505208333333335
1788,46.98149780767442,48.01405373232811,1.7643229166666667,0.703125,2.8255208333333335,2.1223958333333335,0.8984375000000001
1789,47.14198708152044,48.373258568772584,0.40364583333333337,0.0,0.8072916666666667,0.8072916666666667,0.9505208333333335
1790,46.78864614041439,47.801339934487515,1.4908854166666665,0.234375,2.7473958333333335,2.5130208333333335,0.9635416666666667
1791,47.075315841048436,48.389525126330184,1.171875,0.1171875,2.2265625,2.109375,0.7682291666666667
1792,47.19700472464361,48.06369749555004,1.1067708333333335,0.46875,1.7447916666666667,1.2760416666666667,0.8723958333333334
1793,47.11803495022428,48.12232654421189,1.6471354166666667,0.35156249999999994,2.9427083333333335,2.5911458333333335,0.9375
1794,47.08203753356685,48.37342584647216,0.83984375,0.0,1.6796875,1.6796875,0.7552083333333334
1795,47.272592518017795,48.09525253060711,1.3932291666666665,0.0,2.786458333333333,2.786458333333333,0.7552083333333334
1796,46.70052576334548,47.874706021028715,1.1197916666666665,0.234375,2.005208333333333,1.770833333333333,0.8593750000000001
1797,46.6288029104252,47.59209535906119,1.2565104166666667,0.0,2.5130208333333335,2.5130208333333335,0.7942708333333333
1798,47.24686950694934,48.04780327157579,0.76171875,0.0,1.5234375,1.5234375,0.9765625
1799,46.820030968463215,47.93871722963079,1.15234375,0.234375,2.0703125,1.8359375,0.7942708333333333
1800,47.49307580388164,48.42116744952936,0.546875,0.0,1.09375,1.09375,0.8203125
1801,46.729312435801894,47.84259251647611,1.1002604166666665,0.0,2.200520833333333,2.200520833333333,0.9765625
1802,46.534642256089306,47.70761335332292,0.9114583333333334,0.234375,1.5885416666666665,1.3541666666666665,0.8984374999999999
1803,46.988190192076864,47.78583353405392,1.3997395833333335,0.46875,2.3307291666666665,1.8619791666666665,1.0026041666666665
1804,46.81241237992355,47.8699788253207,1.764322916666667,0.46875,3.0598958333333335,2.5911458333333335,0.7942708333333333
1805,46.58861500170503,47.81757857301902,1.614583333333333,0.46875,2.7604166666666665,2.2916666666666665,0.8854166666666666
1806,47.20026479479756,48.36539342706943,0.8984374999999999,0.1171875,1.6796875,1.5625,0.9114583333333334
1807,47.70906924061688,48.61904560224591,1.0611979166666667,0.1171875,2.005208333333333,1.888020833333333,0.78125
1808,46.987184526374,48.0105897903073,1.0221354166666667,0.1171875,1.9270833333333335,1.8098958333333335,0.9375000000000001
1809,46.78864614041439,47.81477438932349,2.08984375,0.7031249999999999,3.4765625,2.7734375,0.8463541666666667
1810,47.20026479479756,47.98731870284889,0.9895833333333333,0.35156249999999994,1.6276041666666665,1.2760416666666665,0.8984374999999999
1811,47.771402854440566,48.75790097113112,2.096354166666667,0.8203125,3.372395833333333,2.552083333333333,0.8463541666666667
1812,46.950512629585226,48.0105897903073,1.3932291666666667,0.46875,2.3177083333333335,1.8489583333333335,0.8463541666666666
1813,46.34348245726227,47.29845975840664,1.8229166666666667,0.5859375,3.059895833333333,2.473958333333333,0.9114583333333333
1814,46.47952559883095,47.70235155872564,1.2890625,0.1171875,2.4609374999999996,2.3437499999999996,0.78125
1815,46.90558691337884,47.93150411561013,0.8723958333333334,0.234375,1.5104166666666665,1.2760416666666665,0.9635416666666667
1816,46.81021146421228,47.72306033074677,1.0546875,0.0,2.109375,2.109375,1.0026041666666665
1817,46.38990884331575,47.56530546716472,1.3541666666666667,0.1171875,2.591145833333333,2.473958333333333,0.9244791666666666
1818,46.76364477267873,47.7892571648717,2.0768229166666665,0.46875,3.6848958333333335,3.2161458333333335,0.6901041666666667
1819,47.49835790930483,48.165342386661145,2.3567708333333335,1.171875,3.5416666666666665,2.3697916666666665,0.9375000000000001
1820,47.52842578270927,48.45525508541029,1.0807291666666667,0.1171875,2.0442708333333335,1.9270833333333335,0.9114583333333334
1821,46.76364477267873,48.01309410583383,1.484375,0.46875,2.5,2.03125,0.9895833333333333
1822,46.51635138422394,47.595467827452744,1.1393229166666665,0.1171875,2.1614583333333335,2.0442708333333335,0.5729166666666667
1823,47.17701530299353,48.39983308219683,1.5820312500000002,0.46875,2.6953125,2.2265625,0.7421875
1824,46.76364477267873,47.86019713325893,1.9661458333333333,0.5859375,3.3463541666666665,2.7604166666666665,0.8984374999999999
1825,46.367991358763376,47.41942104664517,1.7252604166666665,0.234375,3.216145833333334,2.981770833333334,0.9375
1826,46.83153355679391,48.00609124631668,2.174479166666667,0.8203124999999999,3.5286458333333335,2.7083333333333335,0.8854166666666666
1827,47.08203753356685,48.10360312462553,1.2239583333333333,0.1171875,2.3307291666666665,2.2135416666666665,0.7552083333333335
1828,46.62606673450362,47.58024632708501,1.19140625,0.234375,2.1484375,1.9140625,0.9505208333333333
1829,47.15013796338969,48.0546981173079,1.0091145833333335,0.35156249999999994,1.6666666666666667,1.3151041666666667,0.8723958333333334
1830,47.0554841036067,48.11878831224477,2.5260416666666665,1.0546875,3.997395833333334,2.942708333333334,0.8072916666666665
1831,47.68800222096697,48.64486799645658,1.2825520833333335,0.234375,2.3307291666666665,2.0963541666666665,0.78125
1832,46.87293986820879,47.81757857301902,0.9309895833333334,0.1171875,1.7447916666666667,1.6276041666666667,0.7552083333333333
1833,47.04779304019334,47.98707749308085,2.4544270833333335,0.8203124999999999,4.088541666666667,3.268229166666667,0.8593750000000001
1834,46.62852997567375,47.81716310093572,1.2630208333333333,0.0,2.5260416666666665,2.5260416666666665,0.8333333333333334
1835,47.064855661832425,48.08930562587685,1.3020833333333335,0.1171875,2.4869791666666665,2.3697916666666665,0.8072916666666665
1836,46.893631915531344,48.10462478181776,1.1328125,0.1171875,2.1484375,2.03125,0.8333333333333334
1837,46.71582841606879,47.94490156059686,1.3085937499999998,0.1171875,2.5,2.3828125,0.8593750000000001
1838,46.79740030988978,47.876613559016235,0.9570312500000001,0.35156249999999994,1.5625,1.2109375,0.9895833333333333
1839,46.52655927480452,47.76834978868262,1.3932291666666665,0.7031249999999999,2.083333333333333,1.380208333333333,0.8984374999999999
1840,46.93047494202902,47.99049504026241,1.2044270833333335,0.35156249999999994,2.057291666666667,1.705729166666667,0.7942708333333333
1841,46.87293986820879,48.04282019287088,1.3541666666666665,0.1171875,2.591145833333333,2.473958333333333,0.8203125
1842,47.241551611142135,48.34674231910195,1.4518229166666667,0.1171875,2.786458333333333,2.669270833333333,0.8723958333333334
1843,46.81021146421228,47.77063198510197,1.484375,0.46875,2.5,2.03125,0.7421875
1844,46.60505224628725,47.69009155228298,0.8333333333333334,0.234375,1.4322916666666665,1.1979166666666665,0.8723958333333334
1845,46.84663881676942,47.84906025236143,2.48046875,0.8203124999999999,4.140625,3.3203125,1.0026041666666667
1846,47.69338572652218,48.54590387688983,1.1979166666666667,0.1171875,2.278645833333333,2.161458333333333,1.0546875
1847,47.24530316341769,48.11219430966732,1.3411458333333335,0.234375,2.447916666666667,2.213541666666667,0.8723958333333334
1848,46.55641039066591,47.61382301168475,1.1848958333333333,0.35156249999999994,2.0182291666666665,1.6666666666666665,0.9114583333333333
1849,47.51983547726374,48.3421540306476,1.9270833333333335,0.7031249999999999,3.1510416666666665,2.4479166666666665,0.8984374999999999
1850,46.453685141426995,47.773148714417665,0.7942708333333333,0.0,1.5885416666666665,1.5885416666666665,0.9375000000000001
1851,46.9956867952519,47.99429020513761,1.666666666666667,0.46875,2.864583333333333,2.395833333333333,0.6380208333333334
1852,46.630514877445464,47.80279043967728,1.2044270833333335,0.234375,2.1744791666666665,1.9401041666666665,0.8984374999999999
1853,46.950512629585226,48.08784726519079,1.46484375,0.234375,2.6953125,2.4609375,0.9505208333333335
1854,46.30240905444902,47.508222375483115,0.7877604166666666,0.234375,1.3411458333333333,1.1067708333333333,0.7682291666666666
1855,46.04091048943685,47.163073545368576,1.26953125,0.234375,2.3046875,2.0703125,0.8723958333333334
1856,46.48283213225237,47.660831092267145,2.5260416666666665,0.703125,4.348958333333333,3.645833333333333,0.9375
1857,47.177341770490685,48.34815655523942,0.6966145833333334,0.0,1.3932291666666667,1.3932291666666667,1.0026041666666667
1858,46.6282570409223,47.61094537469311,2.05078125,0.35156249999999994,3.75,3.3984375,0.7421875
1859,47.2501989888782,48.357033268300974,0.87890625,0.35156249999999994,1.40625,1.0546875,0.9114583333333333
1860,46.66113923768872,48.01322362887206,1.5494791666666667,0.5859375,2.5130208333333335,1.9270833333333335,0.8593750000000001
1861,46.57504954698819,47.590851365524664,2.1875,0.46875,3.90625,3.4375,0.9375000000000001
1862,46.842203983882854,47.791894016451245,1.07421875,0.0,2.1484375,2.1484375,1.0677083333333333
1863,47.08203753356685,48.24726644304605,1.7643229166666667,0.5859375,2.9427083333333335,2.3567708333333335,0.8984374999999999
1864,46.25305316445236,47.50826950260407,0.9895833333333333,0.35156249999999994,1.6276041666666665,1.2760416666666665,0.8854166666666666
1865,46.71569487495293,47.85662221939623,1.3541666666666667,0.35156249999999994,2.3567708333333335,2.0052083333333335,1.0286458333333333
1866,46.97583498216074,48.07287838003921,1.0286458333333333,0.234375,1.8229166666666665,1.5885416666666665,0.8984374999999999
1867,46.39436429472756,47.590851365524664,1.5690104166666667,0.46875,2.669270833333333,2.200520833333333,0.703125
1868,46.9382620058247,48.146920620328196,0.68359375,0.0,1.3671875,1.3671875,0.8593750000000001
1869,47.60459785763867,48.381455785705555,1.8489583333333333,0.5859375,3.1119791666666665,2.5260416666666665,0.8984374999999999
1870,46.80256901740373,47.85526003147967,1.1783854166666667,0.234375,2.1223958333333335,1.8880208333333335,0.9375
1871,47.00985148673087,48.08599246603917,1.1197916666666665,0.1171875,2.1223958333333335,2.0052083333333335,0.8333333333333335
1872,47.07657361557866,48.15099965394889,0.6510416666666666,0.0,1.3020833333333333,1.3020833333333333,0.8333333333333334
1873,46.764542875864464,47.96719280162624,1.42578125,0.35156249999999994,2.5,2.1484375,0.9375000000000001
1874,46.058835618756945,47.089061987670114,2.3697916666666665,0.46875,4.270833333333333,3.802083333333333,0.7291666666666666
1875,46.55994882606442,47.64422296284416,1.3671875,0.46875,2.2656250000000004,1.7968750000000004,0.8072916666666665
1876,46.06653748203078,47.518650557320555,1.998697916666667,0.7031249999999999,3.2942708333333335,2.5911458333333335,0.8333333333333334
1877,46.70716132721059,47.82226518412926,2.0833333333333335,0.5859375,3.580729166666667,2.994791666666667,0.7682291666666666
1878,46.391366465942276,47.58370375292063,1.7317708333333335,0.35156249999999994,3.1119791666666665,2.7604166666666665,0.8463541666666667
1879,46.62643038150299,47.647145411307726,1.6210937500000002,0.5859375,2.6562500000000004,2.0703125000000004,0.78125
1880,46.718877354596586,47.890221889549764,2.5520833333333335,1.1718749999999998,3.9322916666666665,2.760416666666667,1.0416666666666667
1881,47.08614079024893,48.115689479682935,1.9335937500000004,0.9375,2.9296875,1.9921875,0.9505208333333335
1882,46.26205400990423,47.590851365524664,0.9700520833333334,0.35156249999999994,1.588541666666667,1.236979166666667,0.8072916666666665
1883,46.962887236055536,48.06469154532936,0.7291666666666666,0.234375,1.2239583333333335,0.9895833333333335,0.8203125
1884,46.66437859033726,47.63044584923148,2.20703125,0.9375,3.4765625,2.5390625,0.7161458333333334
1885,47.18703406556867,48.36013521782302,1.3541666666666667,0.234375,2.473958333333333,2.239583333333333,0.7682291666666666
1886,47.00029597609754,48.05897266709584,1.1263020833333333,0.35156249999999994,1.901041666666667,1.549479166666667,0.8333333333333334
1887,47.33317852260112,48.26869449654006,1.6015624999999998,0.35156249999999994,2.8515625,2.5,0.703125
1888,46.773994290228124,47.933746789923134,1.5364583333333335,0.35156249999999994,2.7213541666666665,2.3697916666666665,0.8203124999999999
1889,46.18029248571067,47.29657138340497,0.9049479166666665,0.0,1.809895833333333,1.809895833333333,0.9114583333333334
1890,46.812923291587545,47.80424094486704,0.7552083333333334,0.0,1.5104166666666667,1.5104166666666667,0.8463541666666666
1891,46.66437859033726,47.72641574227446,0.8984374999999999,0.1171875,1.6796875,1.5625,0.9765625
1892,46.88127158752024,47.97207735775085,1.3736979166666667,0.234375,2.513020833333333,2.278645833333333,0.8984374999999999
1893,46.77773410312225,48.04482294066178,1.6666666666666667,0.46875,2.864583333333333,2.395833333333333,0.8984374999999999
1894,46.599878886863245,47.72937445140102,1.4973958333333335,0.1171875,2.8776041666666665,2.7604166666666665,0.8984374999999999
1895,46.630514877445464,47.61631168859079,1.569010416666667,0.35156249999999994,2.7864583333333335,2.4348958333333335,0.7291666666666666
1896,47.06491220265346,48.04723756953753,0.9114583333333333,0.0,1.8229166666666665,1.8229166666666665,0.8984374999999999
1897,46.34981493555086,47.39640449030419,1.7447916666666667,0.5859375,2.9036458333333335,2.3177083333333335,1.0026041666666667
1898,46.70882167655866,47.85798136234637,1.66015625,0.8203124999999999,2.5,1.6796875,0.9114583333333333
1899,47.440206230239326,48.52563383226077,1.25,0.35156249999999994,2.1484375,1.796875,0.8463541666666667
1900,47.18497048053144,48.12159775769129,1.8229166666666667,0.46875,3.177083333333333,2.708333333333333,0.8463541666666667
1901,46.773994290228124,47.86387091691058,0.6966145833333333,0.0,1.3932291666666665,1.3932291666666665,0.9244791666666669
1902,46.83584189961699,48.00871925706194,1.4518229166666667,0.7031249999999999,2.200520833333333,1.497395833333333,0.8723958333333334
1903,46.821214042903506,47.75144410854377,0.9635416666666667,0.46875,1.4583333333333335,0.9895833333333335,0.9505208333333335
1904,46.962887236055536,48.01096852905725,0.7096354166666666,0.1171875,1.3020833333333335,1.1848958333333335,0.9114583333333334
1905,47.412437622575546,48.56569968477496,1.145833333333333,0.1171875,2.1744791666666665,2.0572916666666665,0.8463541666666666
1906,47.017816708574635,48.11893721342928,0.8528645833333335,0.234375,1.4713541666666667,1.2369791666666667,0.9765625
1907,47.1965071828619,48.115689479682935,0.5924479166666666,0.0,1.1848958333333333,1.1848958333333333,0.9895833333333335
1908,47.424689153770586,48.3750527749062,0.9049479166666665,0.0,1.809895833333333,1.809895833333333,0.7421875
1909,47.20740223783282,48.3755330235554,1.0481770833333335,0.1171875,1.979166666666667,1.861979166666667,0.8984375000000001
1910,47.1890976506059,48.174268596702966,0.9244791666666666,0.1171875,1.7317708333333335,1.6145833333333335,0.9765625
1911,46.26226208367439,47.50455092556132,1.8815104166666665,0.46875,3.2942708333333335,2.8255208333333335,0.7421875
1912,47.01702304128303,47.79736462855567,2.28515625,0.8203125,3.7500000000000004,2.9296875000000004,0.9765625
1913,47.00985148673087,47.994749588267474,0.7486979166666667,0.1171875,1.3802083333333333,1.2630208333333333,0.9244791666666666
1914,46.62629108642818,47.719695505548756,1.3346354166666667,0.35156249999999994,2.3177083333333335,1.9661458333333335,0.8072916666666665
1915,46.20594641518579,47.84749572029623,1.2369791666666667,0.234375,2.239583333333334,2.005208333333334,1.0026041666666665
1916,47.06304734880561,48.20130224207655,1.5299479166666667,0.35156249999999994,2.7083333333333335,2.3567708333333335,0.6510416666666667
1917,46.4346820514619,47.57858845018745,1.7447916666666667,0.7031249999999999,2.7864583333333335,2.0833333333333335,1.0807291666666667
1918,46.74489900021671,47.64649583775766,1.7903645833333335,0.46875,3.1119791666666665,2.6432291666666665,0.9895833333333333
1919,46.865392657430775,48.04745403187405,1.0677083333333333,0.234375,1.9010416666666665,1.6666666666666665,0.7421875000000001
1920,46.74662545119015,47.79709102791931,1.8424479166666667,0.35156249999999994,3.3333333333333335,2.9817708333333335,1.0286458333333333
1921,47.07451477141208,47.872386338247495,2.2005208333333335,0.7031249999999999,3.6979166666666665,2.9947916666666665,0.9244791666666666
1922,47.54712738156764,48.63138911312793,1.3997395833333333,0.1171875,2.6822916666666665,2.5651041666666665,0.7682291666666666
1923,47.51160807108771,48.390899926480316,1.4778645833333333,0.234375,2.7213541666666665,2.4869791666666665,0.8593750000000001
1924,46.19662483037068,47.58573755309937,1.4713541666666667,0.234375,2.7083333333333335,2.4739583333333335,0.78125
1925,47.25950210265207,48.08565490462176,2.3828125,1.0546875,3.7109375,2.65625,0.8333333333333334
1926,46.285926383520334,47.69253733580495,1.19140625,0.234375,2.1484375,1.9140625,0.6640625
1927,46.6265696765778,47.736919353220806,1.3671875,0.35156249999999994,2.3828125,2.03125,0.8463541666666666
1928,46.77549636025838,48.196833226744005,0.9505208333333335,0.234375,1.6666666666666667,1.4322916666666667,0.9765625
1929,46.848122393870625,47.95635815731591,1.5625,0.5859375,2.5390625,1.953125,0.8984374999999999
1930,46.70011431517717,47.691439410081195,1.6796875000000002,0.7031249999999999,2.65625,1.953125,0.8463541666666667
1931,47.444820206170874,48.196598359272066,1.7382812499999998,0.5859375,2.890625,2.3046875,0.8723958333333334
1932,46.91473033209544,48.00044591024463,2.1354166666666665,0.5859375,3.6848958333333335,3.0989583333333335,0.6640625
1933,47.195449058769114,48.04896982921131,1.8424479166666667,0.35156249999999994,3.3333333333333326,2.9817708333333326,0.9635416666666667
1934,47.3980865097394,48.165342386661145,1.0351562500000002,0.234375,1.8359374999999998,1.6015624999999998,0.5859375
1935,46.73901267560985,47.92536680602262,1.0156250000000002,0.234375,1.7968749999999998,1.5624999999999998,0.8984374999999999
1936,46.914508396486895,48.14600318358986,1.1393229166666665,0.234375,2.044270833333333,1.809895833333333,0.8854166666666666
1937,46.689723310067,47.72183249378019,0.6901041666666666,0.1171875,1.2630208333333333,1.1458333333333333,0.78125
1938,47.11277946439844,48.20394318017137,1.4192708333333333,0.234375,2.6041666666666665,2.3697916666666665,0.9114583333333334
1939,46.72181704744148,47.7288638314489,1.6992187499999998,0.46875,2.9296875,2.4609375,0.8072916666666665
1940,46.22823623675353,47.51986500089433,1.6927083333333333,0.35156249999999994,3.033854166666667,2.682291666666667,0.5859375
1941,46.77549636025838,47.94616608494914,0.9179687499999999,0.0,1.8359374999999998,1.8359374999999998,0.6510416666666667
1942,47.077525724868664,47.98584026970842,0.7291666666666666,0.0,1.4583333333333333,1.4583333333333333,1.0677083333333333
1943,47.064855661832425,48.04041609854533,1.614583333333333,0.5859375,2.6432291666666665,2.0572916666666665,0.9765625
1944,46.41270008754553,47.50822237548032,0.7552083333333333,0.0,1.5104166666666665,1.5104166666666665,0.8593750000000001
1945,47.03120554433175,47.98751116223216,1.1067708333333333,0.35156249999999994,1.8619791666666667,1.5104166666666667,0.7161458333333334
1946,46.70716132721059,47.85559637160214,1.7447916666666667,0.46875,3.0208333333333335,2.5520833333333335,0.8854166666666666
1947,46.632559874422284,47.766601806907374,0.8203125,0.234375,1.40625,1.171875,0.7552083333333334
1948,46.62629108642818,47.93871722963079,1.77734375,0.46875,3.0859375,2.6171875,0.7291666666666666
1949,46.1685551469196,47.4744756585548,1.11328125,0.234375,1.9921874999999998,1.7578124999999998,1.0416666666666667
1950,46.37888380307987,47.44074194403794,2.1940104166666665,0.7031249999999999,3.6848958333333335,2.9817708333333335,0.8072916666666665
1951,47.430209125143804,48.43216796798703,1.4908854166666665,0.234375,2.7473958333333335,2.5130208333333335,0.9244791666666666
1952,46.65274353113084,47.81399312897139,0.9895833333333335,0.234375,1.7447916666666667,1.5104166666666667,0.7421875
1953,46.97712469702371,47.92754899920725,1.0416666666666665,0.0,2.083333333333333,2.083333333333333,0.9244791666666666
1954,46.66164261203004,47.99955774445287,1.15234375,0.234375,2.0703125,1.8359375,0.8463541666666667
1955,47.09024404693102,48.376268867299835,0.4361979166666667,0.0,0.8723958333333334,0.8723958333333334,0.7421875
1956,47.00422979978837,48.07914934764795,2.506510416666667,1.0546875,3.958333333333333,2.903645833333333,0.8723958333333334
1957,46.784682657279276,48.01139058336447,0.7486979166666666,0.0,1.4973958333333333,1.4973958333333333,0.8723958333333334
1958,46.73377868593724,47.792469637349285,1.2565104166666667,0.35156249999999994,2.1614583333333335,1.8098958333333335,0.6640625000000001
1959,47.46293252250899,48.26484900471202,1.2760416666666667,0.234375,2.3177083333333335,2.0833333333333335,0.8203125
1960,46.988190192076864,48.07914934764795,1.4453125,0.7031249999999999,2.1875,1.484375,0.8723958333333334
1961,47.14198708152044,48.14554750629752,0.9049479166666665,0.0,1.809895833333333,1.809895833333333,0.9244791666666666
1962,47.145709813132,48.368644366647764,1.1588541666666667,0.46875,1.8489583333333333,1.3802083333333333,0.9114583333333334
1963,46.788085151735274,47.719965011539486,1.764322916666667,0.5859375,2.9427083333333335,2.3567708333333335,0.8333333333333335
1964,46.81247805808065,47.914425231149444,1.7578125,0.46875,3.0468749999999996,2.5781249999999996,0.78125
1965,47.01861037586623,48.2045431416216,1.901041666666667,0.7031249999999999,3.0989583333333335,2.3958333333333335,0.9635416666666667
1966,46.76364477267873,47.80424094486927,1.484375,0.35156249999999994,2.6171875,2.265625,0.8072916666666667
1967,47.33316049306643,48.34089041510662,0.7486979166666667,0.1171875,1.3802083333333333,1.2630208333333333,0.78125
1968,46.863861599200675,47.88146564737418,2.5716145833333335,1.2890625,3.854166666666667,2.565104166666667,0.8854166666666666
1969,46.72239515365762,47.87230836695182,1.4257812500000002,0.35156249999999994,2.5,2.1484375,0.8593750000000001
1970,46.86788831341094,47.7288638314489,1.3346354166666665,0.1171875,2.552083333333333,2.434895833333333,0.8463541666666667
1971,47.24931741967959,48.15099965394889,1.66015625,0.35156249999999994,2.96875,2.6171875,0.9375
1972,47.40092718871697,48.14903831489927,1.2825520833333335,0.46875,2.096354166666667,1.627604166666667,1.1067708333333333
1973,46.700313614260544,47.890221889549764,1.4778645833333335,0.7031249999999999,2.2526041666666665,1.5494791666666665,0.8984374999999999
1974,46.73377868593724,47.71792072116893,1.5494791666666667,0.234375,2.8645833333333335,2.6302083333333335,0.625
1975,46.29082347882668,47.427001645069886,0.6770833333333334,0.1171875,1.2369791666666667,1.1197916666666667,0.6770833333333334
1976,46.73377868593724,47.785293922309954,1.5950520833333333,0.46875,2.7213541666666665,2.2526041666666665,0.7682291666666667
1977,47.42858717207859,48.433355252557995,1.6731770833333333,0.5859375,2.7604166666666665,2.1744791666666665,0.7552083333333334
1978,46.710463558762285,47.71468454146513,2.2526041666666665,0.5859375,3.919270833333334,3.333333333333334,0.8984374999999999
1979,46.77878775007296,47.81145487758367,1.0677083333333333,0.234375,1.901041666666667,1.666666666666667,0.8723958333333334
1980,46.87072515685903,47.80508066543437,1.9921874999999998,0.7031249999999999,3.2812499999999996,2.5781249999999996,0.8723958333333334
1981,46.72239515365762,47.8830797461491,1.6276041666666665,0.46875,2.786458333333333,2.317708333333333,1.1848958333333333
1982,46.26226208367439,47.647145411307726,0.9440104166666667,0.0,1.8880208333333335,1.8880208333333335,0.703125
1983,46.128391067142594,47.25663799847402,1.85546875,0.234375,3.4765625,3.2421875,0.8984374999999999
1984,46.918199074648825,47.99707247535173,1.1979166666666667,0.234375,2.1614583333333335,1.9270833333333335,1.0286458333333333
1985,47.51986500089433,48.45191732290034,0.87890625,0.0,1.7578125,1.7578125,0.8723958333333334
1986,46.7782609265976,47.791586562119846,1.2369791666666665,0.0,2.473958333333333,2.473958333333333,0.78125
1987,46.918199074648825,47.874706021028715,2.2200520833333335,0.7031249999999999,3.7369791666666665,3.0338541666666665,0.9114583333333333
1988,46.86839978646004,47.92757421398108,1.419270833333333,0.1171875,2.7213541666666665,2.6041666666666665,0.7291666666666666
1989,47.22305917839794,47.985384932090255,2.486979166666667,0.703125,4.270833333333333,3.567708333333333,0.9244791666666666
1990,46.43235589792391,47.486750923310815,1.6992187499999998,0.35156249999999994,3.0468749999999996,2.6953124999999996,0.8333333333333334
1991,46.57858158832681,47.79083492456405,1.09375,0.234375,1.953125,1.71875,0.9114583333333333
1992,46.55003211598234,47.62121142562137,2.578125,0.9375,4.21875,3.28125,0.7421875
1993,46.434781372191715,47.396253817680254,2.018229166666667,0.8203125,3.216145833333334,2.395833333333334,0.8984374999999999
1994,47.19171543451232,48.21715285199057,1.8229166666666667,0.46875,3.177083333333333,2.708333333333333,0.7682291666666666
1995,46.73377868593724,47.8355480172224,1.0221354166666667,0.1171875,1.9270833333333335,1.8098958333333335,0.8203125
1996,47.13663111346986,47.87049284955856,1.09375,0.0,2.1875,2.1875,0.8723958333333334
1997,46.662145986371364,47.664416546995184,2.0052083333333335,0.8203124999999999,3.1901041666666665,2.3697916666666665,0.8333333333333335
1998,46.73208015376777,47.97272377707793,1.1197916666666665,0.35156249999999994,1.8880208333333333,1.5364583333333333,1.0416666666666667
1999,47.233897804129505,48.390899926480316,1.5494791666666665,0.46875,2.6302083333333335,2.1614583333333335,0.9244791666666666
2000,46.74489900021671,47.82907576405363,1.3671875,0.5859375,2.1484375,1.5625,1.015625
2001,47.26408717888675,48.389525126330184,1.40625,0.35156249999999994,2.4609375,2.109375,0.9114583333333334
2002,47.07657361557866,48.0453249217617,1.9791666666666665,0.46875,3.4895833333333335,3.0208333333333335,0.9114583333333334
2003,46.957979440756425,47.87049284955856,1.705729166666667,0.46875,2.9427083333333335,2.4739583333333335,0.8984375000000001
2004,46.9220668799135,48.038003138626586,1.5690104166666667,0.35156249999999994,2.7864583333333335,2.4348958333333335,0.7552083333333334
2005,47.376034748830655,48.38591028809077,1.7447916666666667,0.46875,3.020833333333334,2.552083333333334,1.1328125
2006,46.37831389995668,47.68713889190522,1.8229166666666665,0.46875,3.177083333333333,2.708333333333333,0.8072916666666665
2007,46.80368140439381,47.79736462855637,1.7968749999999998,0.5859375,3.0078125,2.421875,0.9114583333333334
2008,46.9953542474785,47.945132732159266,1.5559895833333333,0.234375,2.877604166666667,2.643229166666667,0.9375000000000001
2009,46.05950905989174,47.178894023997344,1.1979166666666665,0.234375,2.1614583333333335,1.9270833333333335,0.78125
2010,46.55673145301677,47.66070783544788,2.40234375,1.0546875,3.7500000000000004,2.6953125000000004,1.0286458333333333
2011,46.76364477267873,47.87222053849616,1.0026041666666665,0.35156249999999994,1.653645833333333,1.302083333333333,1.0546875
2012,46.64900881728345,47.8155795883069,1.6276041666666667,0.7031249999999999,2.5520833333333335,1.8489583333333335,0.8984374999999999
2013,46.531855322473284,47.95618538533672,1.3671875,0.35156249999999994,2.3828125,2.03125,0.9114583333333334
2014,46.99392424417918,48.14970092941554,1.1979166666666665,0.46875,1.9270833333333335,1.4583333333333335,1.0677083333333333
2015,46.72649999514593,47.71968537942317,1.4908854166666665,0.35156249999999994,2.630208333333333,2.278645833333333,0.8463541666666666
2016,46.25351716615221,47.089061987670114,2.2721354166666665,0.8203124999999999,3.7239583333333335,2.9036458333333335,0.703125
2017,46.686283350471356,47.74597461670152,1.3411458333333335,0.234375,2.447916666666666,2.213541666666666,0.9635416666666667
2018,46.87293986820879,48.04780327157579,0.9309895833333331,0.1171875,1.7447916666666667,1.6276041666666667,0.9895833333333333
2019,46.67440965604951,47.683980624877684,0.8203125000000002,0.1171875,1.5234375000000002,1.4062500000000002,0.703125
2020,46.385912647005334,47.40336249149488,1.3997395833333335,0.234375,2.5651041666666665,2.3307291666666665,0.8333333333333335
2021,46.78422464393792,47.824714830685,1.2890625,0.35156249999999994,2.2265625,1.875,0.7421875
2022,47.07035662296808,48.040880373971376,1.9596354166666667,0.5859375,3.3333333333333326,2.7473958333333326,0.9114583333333333
2023,47.25950210265207,48.32679162810863,1.0026041666666665,0.234375,1.7708333333333333,1.5364583333333333,0.9375
2024,46.95181715038937,48.05005304954061,1.6341145833333335,0.5859375,2.682291666666667,2.096354166666667,1.0546875
2025,47.40910349354432,48.146920620328196,2.682291666666667,0.9375,4.427083333333334,3.489583333333334,0.9375
2026,46.58090494528418,47.50436201905086,0.9505208333333335,0.234375,1.6666666666666667,1.4322916666666667,0.7291666666666666
2027,46.419377329858456,47.61034652508585,1.09375,0.1171875,2.0703125000000004,1.9531250000000004,1.0026041666666665
2028,46.988243034821195,48.0105897903073,1.1458333333333333,0.234375,2.0572916666666665,1.8229166666666665,1.0156250000000002
2029,47.102713271524784,48.01931857805188,1.0872395833333333,0.234375,1.9401041666666667,1.7057291666666667,0.8593750000000001
2030,47.053528624105276,48.0211716706414,1.4192708333333333,0.46875,2.3697916666666665,1.9010416666666665,1.2239583333333333
2031,46.70072506242886,47.97160027876569,1.3606770833333333,0.35156249999999994,2.3697916666666665,2.0182291666666665,1.09375
2032,46.99946882849878,47.99108133075111,1.705729166666667,0.46875,2.9427083333333335,2.4739583333333335,1.1588541666666667
2033,47.52675355749787,48.44747797254059,1.73828125,0.7031249999999999,2.7734375,2.0703125,1.1328125000000002
2034,46.96877327672176,47.88686101440969,1.5169270833333335,0.7031249999999999,2.3307291666666665,1.6276041666666665,0.7682291666666667
2035,47.23312823645573,48.152436523989586,0.8919270833333333,0.1171875,1.6666666666666667,1.5494791666666667,0.9114583333333333
2036,46.86547810022268,47.97207735775085,1.1132812500000002,0.1171875,2.109375,1.9921875,0.8984374999999999
2037,46.58090494528418,47.90729849527995,1.412760416666667,0.46875,2.3567708333333335,1.8880208333333335,1.015625
2038,46.64938320439168,47.738852147715924,1.19140625,0.1171875,2.265625,2.1484375,0.8593750000000001
2039,46.615559490395434,47.876613559016235,1.8815104166666665,0.46875,3.2942708333333335,2.8255208333333335,0.9895833333333333
2040,47.00985148673087,48.14170250468785,1.6471354166666667,0.5859375,2.708333333333333,2.122395833333333,0.8854166666666666
2041,47.18497048053144,48.07993713154579,0.52734375,0.0,1.0546875,1.0546875,0.8463541666666667
2042,47.07847783415866,48.15032897181721,1.0026041666666665,0.0,2.005208333333333,2.005208333333333,0.9505208333333335
2043,46.957979440756425,48.06357166234562,1.0026041666666667,0.234375,1.7708333333333333,1.5364583333333333,1.0677083333333333
2044,46.61191021194336,47.79220147078264,1.0677083333333333,0.0,2.1354166666666665,2.1354166666666665,0.8984374999999999
2045,46.9956867952519,47.99042970634152,2.20703125,0.46875,3.9453125000000004,3.4765625000000004,1.0416666666666667
2046,46.80794487034391,47.910656766621415,1.484375,0.1171875,2.8515625000000004,2.7343750000000004,0.6380208333333334
2047,46.534642256089306,47.39616943341266,2.0052083333333335,0.35156249999999994,3.658854166666667,3.307291666666667,0.6770833333333334
2048,46.86788831341094,48.02973816637978,1.5559895833333333,0.46875,2.6432291666666665,2.1744791666666665,1.1588541666666667
2049,46.565023835826565,47.78212104105769,1.4843750000000002,0.46875,2.5,2.03125,1.0026041666666667
2050,47.31224384574644,48.29570612205101,1.3216145833333335,0.46875,2.1744791666666665,1.7057291666666665,0.703125
2051,46.99392424417918,48.229080929129275,1.7708333333333333,0.703125,2.8385416666666665,2.1354166666666665,1.0286458333333333
2052,46.98661981908099,48.05585809423483,1.7903645833333335,0.46875,3.1119791666666665,2.6432291666666665,0.9895833333333333
2053,46.854712118006745,47.69869545222682,1.803385416666667,0.5859375,3.020833333333333,2.434895833333333,0.78125
2054,46.87293986820879,47.90573533689717,1.1848958333333335,0.234375,2.1354166666666665,1.9010416666666665,0.8723958333333334
2055,46.99392424417918,48.115689479682935,1.1002604166666665,0.46875,1.7317708333333335,1.2630208333333335,1.1067708333333333
2056,46.78695284897921,47.97207735775085,1.5559895833333333,0.46875,2.643229166666667,2.174479166666667,0.8854166666666666
2057,47.1890976506059,48.00609124631668,0.48828125,0.0,0.9765625,0.9765625,0.9114583333333333
2058,47.21358848274624,48.20142419904915,1.2565104166666667,0.234375,2.2786458333333335,2.0442708333333335,0.7682291666666667
2059,47.66819222267575,48.748388523355246,2.01171875,0.8203124999999999,3.2031249999999996,2.3828124999999996,0.8333333333333334
2060,47.15013796338969,48.20306914433407,1.9140624999999998,0.234375,3.5937499999999996,3.3593749999999996,0.9895833333333333
2061,46.748351902163584,47.85230284354966,1.2825520833333333,0.234375,2.3307291666666665,2.0963541666666665,1.015625
2062,47.17701530299353,48.499664727369876,2.12890625,0.8203124999999999,3.4375000000000004,2.6171875000000004,1.0546875
2063,46.26205400990423,47.283104893621044,1.30859375,0.35156249999999994,2.2656250000000004,1.9140625000000004,0.78125
2064,46.871832512533906,48.05785274944822,1.6666666666666667,0.46875,2.8645833333333335,2.3958333333333335,0.8854166666666666
2065,46.69920726044825,47.62614286563359,1.5690104166666667,0.5859375,2.5520833333333335,1.9661458333333335,1.1328125
2066,46.62050433856616,47.64981421140327,1.3802083333333333,0.46875,2.291666666666667,1.822916666666667,0.7682291666666666
2067,46.3845654784907,47.624035113434985,1.1458333333333333,0.234375,2.0572916666666665,1.8229166666666665,0.7552083333333334
2068,46.80794487034391,47.77027141377278,1.8489583333333333,0.234375,3.463541666666667,3.229166666666667,0.7682291666666667
2069,46.710463558762285,47.665005857545964,1.9856770833333335,0.5859375,3.3854166666666665,2.7994791666666665,0.8072916666666667
2070,46.553975006890816,47.63703934869039,0.7747395833333333,0.0,1.5494791666666665,1.5494791666666665,0.7161458333333333
2071,46.696386136924986,47.999709012399315,1.1783854166666667,0.234375,2.1223958333333335,1.8880208333333335,0.8723958333333334
2072,47.081383818696445,48.11129686262028,1.4322916666666667,0.46875,2.395833333333333,1.927083333333333,0.7552083333333333
2073,47.22866358410024,48.20105704556406,1.1197916666666667,0.1171875,2.1223958333333335,2.0052083333333335,0.9765625
2074,47.08203753356685,48.40638791593295,0.5078124999999999,0.0,1.0156249999999998,1.0156249999999998,0.78125
2075,46.434781372191715,47.562543616150165,1.0156249999999998,0.1171875,1.9140625000000002,1.7968750000000002,0.9635416666666667
2076,46.367991358763376,47.56530546716472,1.34765625,0.0,2.6953125,2.6953125,0.9505208333333335
2077,46.91004765493287,47.84915829824064,2.1484375,0.8203124999999999,3.4765625,2.65625,1.0026041666666667
2078,46.95726875260487,48.12382548594239,2.109375,1.0546875,3.1640625000000004,2.1093750000000004,0.6770833333333334
2079,47.16906012545562,48.050222473383855,1.3606770833333335,0.35156249999999994,2.3697916666666665,2.0182291666666665,0.8333333333333334
2080,47.04205745628141,47.994749588267474,1.1458333333333335,0.1171875,2.1744791666666665,2.0572916666666665,0.9765625
2081,46.914508396486895,47.77083713410668,1.8229166666666665,0.35156249999999994,3.2942708333333335,2.9427083333333335,0.78125
2082,46.914508396486895,47.81336094211233,1.7578125,0.35156249999999994,3.1640625,2.8125,1.0807291666666667
2083,46.70072506242886,47.78212104105769,2.0638020833333335,0.46875,3.658854166666667,3.190104166666667,0.8333333333333334
2084,46.80368140439381,47.79640823334264,1.3606770833333333,0.35156249999999994,2.369791666666667,2.018229166666667,0.9114583333333334
2085,46.73377868593724,47.81757857301902,1.1653645833333333,0.234375,2.096354166666667,1.861979166666667,0.8333333333333334
2086,46.78991827535605,47.98189250420092,1.7968750000000002,0.46875,3.125,2.65625,0.8203124999999999
2087,47.430028256461405,48.19770257241413,1.38671875,0.1171875,2.6562500000000004,2.5390625000000004,0.8854166666666666
2088,47.46208727623754,48.15032897181721,1.8424479166666667,0.35156249999999994,3.3333333333333335,2.9817708333333335,0.9895833333333333
2089,47.075315841048436,48.3895251263313,1.2174479166666667,0.234375,2.200520833333333,1.966145833333333,1.0026041666666667
2090,47.053528624105276,48.323180098903926,0.7031250000000001,0.234375,1.171875,0.9375,0.9375000000000001
2091,46.98663403206206,47.945132732159266,0.9830729166666666,0.35156249999999994,1.614583333333333,1.263020833333333,0.8723958333333334
2092,46.66326228835431,47.81674762885243,1.2369791666666667,0.234375,2.2395833333333335,2.0052083333333335,1.0546875
2093,46.914508396486895,47.81336094211233,2.096354166666667,0.9375,3.2552083333333335,2.3177083333333335,0.7552083333333334
2094,46.74195583791328,47.81399312897139,1.2890625,0.35156249999999994,2.2265625,1.875,0.8333333333333335
2095,46.66437859033726,47.81757857301902,0.9309895833333334,0.234375,1.6276041666666665,1.3932291666666665,0.8854166666666666
2096,46.55003211598234,47.782409903236136,1.3216145833333335,0.46875,2.1744791666666665,1.7057291666666665,0.8723958333333334
2097,47.699787963423454,48.676678526171756,1.4127604166666665,0.46875,2.3567708333333335,1.8880208333333335,0.8984374999999999
2098,47.355047898638226,48.1987631206853,1.2044270833333335,0.35156249999999994,2.0572916666666665,1.7057291666666665,0.703125
2099,46.99108363950019,48.085700704203624,0.6705729166666666,0.0,1.3411458333333333,1.3411458333333333,0.9244791666666666
2100,47.07035662296808,47.9952171982654,1.07421875,0.234375,1.9140625000000002,1.6796875000000002,0.6510416666666667
2101,47.01417293862282,48.08847313914127,1.3541666666666667,0.35156249999999994,2.3567708333333335,2.0052083333333335,0.8333333333333334
2102,46.26181300493819,47.47358683022906,1.54296875,0.7031249999999999,2.3828125,1.6796875,0.8854166666666666
2103,47.01861037586623,48.146920620328196,1.419270833333333,0.234375,2.6041666666666665,2.3697916666666665,1.1588541666666667
2104,46.914508396486895,47.89913147380403,2.3828125,0.703125,4.062499999999999,3.359374999999999,0.9375
2105,46.80256901740373,47.85934050529652,1.1263020833333333,0.0,2.2526041666666665,2.2526041666666665,0.9375000000000001
2106,46.78864614041439,48.085884588953846,1.4257812500000002,0.35156249999999994,2.5,2.1484375,0.9505208333333335
2107,46.295650947363384,47.49394218834723,1.77734375,0.35156249999999994,3.2031249999999996,2.8515624999999996,0.7291666666666666
2108,46.91004765493287,48.00331840417786,1.6666666666666663,0.234375,3.098958333333333,2.864583333333333,0.7291666666666666
2109,46.26762065957375,47.40031162438393,1.783854166666667,0.46875,3.0989583333333335,2.6302083333333335,0.8593750000000001
2110,47.57039458563522,48.43968225138593,0.5208333333333334,0.0,1.0416666666666667,1.0416666666666667,0.6640625000000001
2111,46.95181715038937,48.247830706070275,1.54296875,0.7031249999999999,2.3828125,1.6796875,0.9505208333333335
2112,46.69955471327024,47.87946598134584,1.0677083333333333,0.234375,1.9010416666666665,1.6666666666666665,0.7161458333333334
2113,46.693449374909314,47.81757857301902,1.9140625000000002,0.7031249999999999,3.125,2.421875,0.8723958333333334
2114,46.73639568077355,47.97991253763855,1.8359374999999998,0.5859375,3.0859375,2.5,1.015625
2115,47.272592518017795,48.10402628115967,1.9335937500000004,0.9375,2.9296875000000004,1.9921875000000004,0.8463541666666666
2116,47.119380291053055,48.23633036983321,0.9114583333333333,0.1171875,1.705729166666667,1.588541666666667,0.8593750000000001
2117,47.077525724868664,48.14639729432998,2.1419270833333335,0.8203125,3.463541666666667,2.643229166666667,0.8593750000000001
2118,47.33299036381698,48.3895251263313,1.1002604166666665,0.1171875,2.083333333333333,1.966145833333333,0.8072916666666667
2119,46.63467388511309,47.923838543374046,2.20703125,0.5859375,3.8281249999999996,3.2421874999999996,0.9765625
2120,46.9220668799135,47.82771471071068,1.5624999999999998,0.234375,2.890625,2.65625,0.7552083333333335
2121,47.10311984152341,48.07379555893579,2.6041666666666665,0.7031249999999999,4.505208333333332,3.802083333333332,0.7942708333333333
2122,47.272592518017795,48.27905437245006,1.66015625,0.35156249999999994,2.96875,2.6171875,0.9114583333333333
2123,46.914508396486895,47.947199437739016,1.5364583333333335,0.234375,2.838541666666667,2.604166666666667,1.0286458333333333
2124,46.62629108642818,47.674476845229506,1.516927083333333,0.234375,2.7994791666666665,2.5651041666666665,0.7031250000000001
2125,46.80794487034391,47.79751178777535,1.1588541666666667,0.46875,1.8489583333333337,1.3802083333333337,0.7291666666666666
2126,46.965183642676,48.00203965783677,1.953125,0.46875,3.4374999999999996,2.9687499999999996,0.9895833333333333
2127,46.4800800144905,47.75264206855498,1.73828125,0.35156249999999994,3.125,2.7734375,0.9895833333333333
2128,46.73377868593724,47.98645888139463,1.0481770833333335,0.1171875,1.9791666666666665,1.8619791666666665,0.9244791666666665
2129,46.43286884993151,47.71880811335885,0.9895833333333333,0.234375,1.7447916666666667,1.5104166666666667,0.8723958333333334
2130,46.45903082675488,47.56591631570305,1.2955729166666665,0.35156249999999994,2.2395833333333335,1.8880208333333335,0.8854166666666666
2131,46.818966340647194,47.947574404433624,0.9635416666666667,0.0,1.9270833333333335,1.9270833333333335,0.9244791666666666
2132,46.83331306749391,47.95270771484886,0.8593750000000001,0.0,1.7187500000000002,1.7187500000000002,0.9895833333333333
2133,46.98663403206206,47.902011449424315,1.3802083333333333,0.0,2.7604166666666665,2.7604166666666665,0.9244791666666666
2134,46.869306735134984,47.968391314409466,1.3020833333333335,0.46875,2.1354166666666665,1.6666666666666665,0.9114583333333334
2135,47.212527145057265,48.10402628115967,0.6901041666666667,0.0,1.3802083333333335,1.3802083333333335,0.8984375000000001
2136,46.77661523169031,47.97083359247177,1.1263020833333333,0.234375,2.018229166666667,1.783854166666667,0.9114583333333333
2137,46.78741086232057,47.946397466257416,0.76171875,0.1171875,1.4062499999999998,1.2890624999999998,0.9244791666666666
2138,46.294691505926735,47.67115665874216,1.1783854166666667,0.35156249999999994,2.005208333333333,1.653645833333333,0.8463541666666666
2139,47.52153722610573,48.37265283873553,0.8072916666666665,0.0,1.614583333333333,1.614583333333333,0.7552083333333334
2140,46.78928220788522,47.90056525247875,1.5364583333333333,0.46875,2.6041666666666665,2.1354166666666665,0.9505208333333333
2141,46.98663403206206,47.99342652549517,2.2265625,0.5859375,3.8671875,3.28125,0.7942708333333333
2142,47.33299036381698,48.21715285199057,0.9895833333333333,0.1171875,1.861979166666667,1.744791666666667,1.0546875
2143,46.98663403206206,48.26183560531738,0.8919270833333333,0.35156249999999994,1.4322916666666665,1.0807291666666665,0.9765625
2144,46.98149780767442,48.01501335882239,1.0677083333333333,0.1171875,2.018229166666667,1.901041666666667,1.0546875
2145,46.86133038735088,47.97858653593733,0.9830729166666666,0.234375,1.7317708333333335,1.4973958333333335,1.0026041666666665
2146,46.50463330197036,47.59209535906119,1.7513020833333337,0.5859375,2.9166666666666665,2.3307291666666665,0.8463541666666667
2147,46.71569487495293,48.0105897903073,1.0286458333333335,0.234375,1.8229166666666665,1.5885416666666665,0.8203125
2148,46.50462409818481,47.605542446734496,1.46484375,0.46875,2.4609375000000004,1.9921875000000004,0.9375000000000001
2149,46.903715923029424,47.90960079934478,1.6861979166666665,0.46875,2.903645833333333,2.434895833333333,0.7942708333333333
2150,46.92144588159367,48.161140782849344,1.1197916666666667,0.35156249999999994,1.8880208333333333,1.5364583333333333,1.0677083333333333
2151,47.33268085624953,48.09819192322272,1.3085937499999998,0.35156249999999994,2.265625,1.9140625,0.7421875
2152,46.78741086232057,47.7103222575394,2.3046875,0.7031249999999999,3.90625,3.203125,0.9635416666666667
2153,46.962887236055536,48.05030855992089,1.54296875,0.234375,2.8515625,2.6171875,0.7552083333333335
2154,46.60011989425341,47.7288638314489,3.3072916666666674,1.4062499999999998,5.208333333333334,3.802083333333334,0.9895833333333333
2155,47.04779304019334,47.92140187747209,1.1067708333333333,0.0,2.2135416666666665,2.2135416666666665,1.015625
2156,46.363705112393625,47.39640449030419,1.8424479166666667,0.8203125,2.8645833333333335,2.0442708333333335,1.1979166666666665
2157,46.99392424417918,47.985384932090255,1.8815104166666665,0.5859375,3.177083333333333,2.591145833333333,0.9635416666666667
2158,46.98661981908099,47.985384932090255,1.1588541666666667,0.35156249999999994,1.9661458333333333,1.6145833333333333,0.8203125
2159,47.03232917260346,48.14554750629752,0.78125,0.0,1.5625,1.5625,0.8463541666666667
2160,46.69473770716442,47.885652170258666,0.8919270833333333,0.1171875,1.6666666666666667,1.5494791666666667,0.8072916666666665
2161,46.693333736416896,47.59056157847444,2.2200520833333335,0.5859375,3.854166666666667,3.268229166666667,0.7291666666666666
2162,46.95047636588578,48.08040110709378,0.6119791666666665,0.0,1.223958333333333,1.223958333333333,0.8072916666666667
2163,47.3292880195816,48.08788713963563,1.6927083333333333,0.35156249999999994,3.033854166666666,2.682291666666666,0.9895833333333335
2164,46.83331306749391,47.99894993349603,0.7552083333333333,0.0,1.5104166666666665,1.5104166666666665,0.7552083333333333
2165,47.20026479479756,48.15043793677774,1.666666666666667,0.35156249999999994,2.981770833333333,2.630208333333333,0.8333333333333334
2166,46.58643566137194,47.560076717658475,1.7447916666666667,0.9375,2.5520833333333335,1.6145833333333335,0.8984374999999999
2167,47.07035662296808,48.06357166234562,1.1783854166666667,0.46875,1.8880208333333333,1.4192708333333333,0.8203124999999999
2168,46.265201740746,47.518650557320555,2.180989583333333,0.8203124999999999,3.5416666666666665,2.7213541666666665,0.8072916666666667
2169,46.56914216114551,47.69943937323843,0.8463541666666667,0.234375,1.4583333333333333,1.2239583333333333,0.8333333333333335
2170,46.99105721812803,47.97794473869342,2.5651041666666665,0.703125,4.427083333333334,3.723958333333334,0.8203125
2171,46.97841441188669,48.04320923008874,1.7513020833333333,0.5859375,2.9166666666666665,2.3307291666666665,0.8203125
2172,46.8208076191073,47.93262545276663,0.9635416666666667,0.1171875,1.8098958333333335,1.6927083333333335,1.0026041666666665
2173,46.7640938242716,47.75144410854377,1.4388020833333333,0.1171875,2.760416666666666,2.643229166666666,0.8463541666666666
2174,46.92144588159367,47.994749588267474,1.2109374999999998,0.1171875,2.3046875,2.1875,0.9375
2175,46.6288029104252,47.81757857301902,1.3802083333333335,0.5859375,2.1744791666666665,1.5885416666666665,0.9635416666666667
2176,46.28505474189894,47.430209125143804,1.8945312499999998,0.7031249999999999,3.0859375,2.3828125,0.8723958333333334
2177,46.92554269129572,47.92439939941424,1.803385416666667,0.5859375,3.020833333333334,2.434895833333334,0.9635416666666667
2178,46.76364477267873,47.68589520682095,2.4218749999999996,0.7031249999999999,4.140625,3.4375,0.9114583333333333
2179,46.52655927480452,47.72024331225746,1.2369791666666665,0.234375,2.2395833333333335,2.0052083333333335,0.8463541666666666
2180,46.65486084635596,47.80424094486927,2.2005208333333335,1.0546875,3.3463541666666665,2.2916666666666665,0.7682291666666667
2181,47.26215170845427,48.372579181359335,0.9179687499999999,0.234375,1.6015624999999998,1.3671874999999998,1.0286458333333333
2182,46.37888380307987,47.49612760875877,2.0703125,0.5859375,3.5546875000000004,2.9687500000000004,0.7942708333333333
2183,48.20308935729712,49.14964509116071,1.19140625,0.234375,2.1484375,1.9140625,0.9505208333333335
2184,46.90184493268001,47.859768819277726,2.5,1.0546875,3.9453125000000004,2.8906250000000004,0.6510416666666667
2185,47.00422979978837,48.12612022095835,1.1002604166666665,0.35156249999999994,1.8489583333333333,1.4973958333333333,0.9244791666666666
2186,46.9511648899873,47.97444489912209,0.8723958333333334,0.234375,1.510416666666667,1.276041666666667,0.8854166666666666
2187,46.62629108642818,47.886055798750164,1.3216145833333333,0.35156249999999994,2.291666666666667,1.940104166666667,0.8854166666666666
2188,46.22823623675353,47.1890976506059,1.9661458333333333,0.46875,3.463541666666667,2.994791666666667,0.8593750000000001
2189,46.848122393870625,47.72680694040667,2.0638020833333335,0.9375,3.190104166666667,2.252604166666667,0.9244791666666665
2190,46.126869205532714,47.28061150308326,1.516927083333333,0.35156249999999994,2.682291666666666,2.330729166666666,0.8854166666666666
2191,46.88127158752024,48.12334407936737,1.8489583333333333,0.46875,3.229166666666666,2.760416666666666,0.8333333333333335
2192,46.86547810022268,47.83874133440425,3.118489583333334,1.2890625,4.947916666666667,3.658854166666667,0.8072916666666667
2193,46.85069037233003,47.890221889549764,1.3151041666666667,0.35156249999999994,2.278645833333333,1.927083333333333,0.7552083333333334
2194,46.2688534706053,47.26408717888675,1.03515625,0.1171875,1.953125,1.8359375,0.6510416666666667
2195,47.284334232016704,48.175974343858066,2.0247395833333335,0.46875,3.580729166666667,3.111979166666667,0.8723958333333334
2196,46.91093778380442,47.99926492950344,1.7773437500000002,0.35156249999999994,3.2031249999999996,2.8515624999999996,0.78125
2197,46.74201756141871,47.7609129775845,1.712239583333333,0.5859375,2.838541666666666,2.252604166666666,0.8723958333333334
2198,46.64900881728345,47.63414687775212,1.2239583333333333,0.0,2.4479166666666665,2.4479166666666665,0.7942708333333335
2199,46.41507297541027,47.39640449030419,2.350260416666667,0.9375,3.763020833333333,2.825520833333333,0.9244791666666669
2200,46.871832512533906,47.85662221939623,0.9895833333333333,0.1171875,1.8619791666666667,1.7447916666666667,0.8854166666666666
2201,46.98663403206206,47.93968118551793,2.01171875,0.8203125,3.2031249999999996,2.3828124999999996,0.78125
2202,46.78042775152327,47.872552137998795,0.9114583333333333,0.0,1.8229166666666665,1.8229166666666665,0.6380208333333334
2203,46.87092556385897,47.97922833318124,1.2630208333333333,0.1171875,2.4088541666666665,2.2916666666666665,0.8984374999999999
2204,46.79343077217874,47.88436595820389,1.8489583333333333,0.35156249999999994,3.3463541666666665,2.9947916666666665,0.8203125
2205,46.73377868593724,47.55257468104097,2.08984375,0.35156249999999994,3.8281250000000004,3.4765625000000004,0.9114583333333334
2206,46.83331306749391,47.74398316326297,2.1614583333333335,1.171875,3.1510416666666665,1.9791666666666665,0.8203125
2207,46.690268153880595,47.812633066108546,0.8593750000000001,0.1171875,1.6015624999999998,1.4843749999999998,0.8072916666666665
2208,47.66095434908641,48.77334330658451,1.6406250000000004,0.46875,2.8125,2.34375,0.6901041666666666
2209,46.73907439911529,47.84602923411022,0.6640625000000001,0.234375,1.09375,0.859375,0.8463541666666666
2210,46.97841441188669,47.994749588267474,1.0221354166666665,0.0,2.044270833333333,2.044270833333333,1.09375
2211,46.381578338566236,47.66561117303719,1.6080729166666665,0.35156249999999994,2.864583333333333,2.513020833333333,0.6770833333333334
2212,47.61359426108994,48.46860897488428,1.1848958333333333,0.234375,2.1354166666666665,1.9010416666666665,0.9375000000000001
2213,46.70617452285038,47.81847542645304,1.8619791666666663,0.46875,3.255208333333333,2.786458333333333,0.9765625
2214,46.893631915531344,48.00331840417786,0.42968749999999994,0.0,0.8593749999999999,0.8593749999999999,0.9895833333333333
2215,47.01861037586623,47.932607706218754,1.712239583333333,0.35156249999999994,3.072916666666666,2.721354166666666,0.8463541666666666
2216,46.62849024487888,47.9509444384328,1.2565104166666667,0.234375,2.278645833333333,2.044270833333333,0.625
2217,46.90198536472963,48.10317996809138,1.1263020833333335,0.0,2.252604166666667,2.252604166666667,1.09375
2218,46.696386136924986,47.957181261341255,2.59765625,1.0546875,4.140625000000001,3.085937500000001,0.9114583333333336
2219,47.08203753356685,48.19770257241413,0.8333333333333331,0.0,1.6666666666666663,1.6666666666666663,0.8333333333333335
2220,47.09661909519342,47.9944634461402,0.9375000000000001,0.234375,1.640625,1.40625,0.8984374999999999
2221,46.81247805808065,48.11129686262028,1.6731770833333337,0.7031249999999999,2.643229166666667,1.940104166666667,0.7552083333333335
2222,46.86025357406404,48.02605793443362,1.4583333333333333,0.234375,2.6822916666666665,2.4479166666666665,0.8463541666666667
2223,46.79130176071611,47.81218516177094,1.6210937500000002,0.1171875,3.125,3.0078125,0.8463541666666667
2224,46.693449374909314,47.92754899920725,0.9765625,0.234375,1.7187499999999998,1.4843749999999998,0.6901041666666666
2225,46.91797713904028,47.953814734187404,1.5494791666666667,0.35156249999999994,2.7473958333333335,2.3958333333333335,0.8203125
2226,46.842203983882854,47.817342222919734,2.5195312499999996,0.9375,4.1015625,3.1640625,0.703125
2227,47.25950210265207,48.18953689910962,0.9960937499999999,0.234375,1.7578125,1.5234375,0.8463541666666667
2228,46.914508396486895,47.86813354367186,1.412760416666667,0.234375,2.591145833333333,2.356770833333333,0.7161458333333334
2229,46.79014509720622,47.957181261341255,0.9440104166666667,0.234375,1.6536458333333333,1.4192708333333333,0.6901041666666667
2230,46.99392424417918,48.023269618719176,1.0416666666666667,0.46875,1.614583333333333,1.145833333333333,0.9114583333333333
2231,46.1128272590582,47.308079049908244,1.6471354166666667,0.5859375,2.7083333333333335,2.1223958333333335,0.8854166666666666
2232,46.764542875864464,47.94679845199822,1.4973958333333335,0.234375,2.760416666666667,2.526041666666667,1.0026041666666665
2233,46.862517234069294,47.73867777135832,1.0091145833333333,0.1171875,1.9010416666666665,1.7838541666666665,0.7942708333333333
2234,46.86547810022268,47.86833219210099,0.6575520833333334,0.234375,1.0807291666666667,0.8463541666666667,0.78125
2235,46.960858386650635,48.004704825247266,1.2825520833333333,0.234375,2.3307291666666665,2.0963541666666665,0.9114583333333333
2236,46.423506231384636,47.504576681002206,1.3346354166666667,0.234375,2.434895833333334,2.200520833333334,0.9635416666666667
2237,47.18497048053144,48.27346846957168,1.2630208333333333,0.234375,2.291666666666667,2.057291666666667,0.8333333333333335
2238,46.65274353113084,47.782409903236136,1.1132812499999998,0.1171875,2.109375,1.9921875,0.8593750000000001
2239,46.60505224628725,47.81462531583044,1.7643229166666667,0.1171875,3.411458333333334,3.294270833333334,0.9765625
2240,46.86370408078771,47.98299083709306,1.8619791666666667,0.46875,3.2552083333333335,2.7864583333333335,1.015625
2241,46.7782609265976,47.8814617449898,1.1002604166666665,0.0,2.200520833333333,2.200520833333333,0.8593750000000001
2242,46.73901267560985,47.71504874902089,1.705729166666667,0.46875,2.9427083333333335,2.4739583333333335,1.0026041666666667
2243,46.70072506242886,47.82907576405363,1.5104166666666665,0.46875,2.5520833333333335,2.0833333333333335,0.7942708333333333
2244,46.4201280369018,47.4006661952533,0.5989583333333334,0.0,1.1979166666666667,1.1979166666666667,0.8854166666666669
2245,47.94712877359607,48.81580229490411,0.5989583333333333,0.0,1.1979166666666665,1.1979166666666665,0.9895833333333333
2246,47.64653493844937,48.80523527795917,0.8463541666666666,0.234375,1.4583333333333333,1.2239583333333333,0.7291666666666666
2247,46.57151750564956,47.680866073358565,1.9270833333333335,0.7031249999999999,3.1510416666666665,2.4479166666666665,0.8854166666666666
2248,46.748351902163584,47.79736462855567,1.1393229166666667,0.234375,2.0442708333333335,1.8098958333333335,0.8072916666666667
2249,46.632559874422284,47.79067705843464,0.48828125,0.0,0.9765625,0.9765625,0.9114583333333333
2250,46.65274353113084,47.965166365203245,1.1458333333333333,0.234375,2.0572916666666665,1.8229166666666665,1.0026041666666665
2251,46.808635924732265,47.85798136234637,1.5234375000000002,0.234375,2.8125,2.578125,1.1067708333333333
2252,46.82041929378526,47.868353182016214,0.6901041666666666,0.0,1.3802083333333333,1.3802083333333333,0.8333333333333334
2253,47.63057358745189,48.518105397679726,0.8268229166666666,0.1171875,1.5364583333333333,1.4192708333333333,0.9765625
2254,46.58861500170503,47.748469818894726,2.0768229166666665,0.9375,3.216145833333334,2.278645833333334,0.7161458333333334
2255,46.77773410312225,47.82027974743714,0.9635416666666667,0.46875,1.4583333333333333,0.9895833333333333,0.8984375000000001
2256,46.43570795547708,47.14198708152044,1.1393229166666665,0.234375,2.0442708333333335,1.8098958333333335,0.7031249999999999
2257,46.914508396486895,47.82907576405363,1.1067708333333335,0.35156249999999994,1.8619791666666667,1.5104166666666667,0.8203125
2258,46.92144588159367,47.84602923411022,0.6054687499999999,0.0,1.2109374999999998,1.2109374999999998,0.78125
2259,46.333751806686315,47.60892475203822,0.7096354166666666,0.0,1.4192708333333333,1.4192708333333333,0.9505208333333335
2260,47.55220676767937,48.76431974576834,1.1783854166666667,0.46875,1.8880208333333335,1.4192708333333335,0.8333333333333334
2261,46.25716464263028,47.3795133569353,1.2760416666666667,0.0,2.5520833333333335,2.5520833333333335,0.6770833333333334
2262,46.57858158832681,47.66095434908641,1.5885416666666665,0.35156249999999994,2.825520833333333,2.473958333333333,0.703125
2263,47.23312823645573,48.12033071503622,1.2760416666666667,0.1171875,2.4348958333333335,2.3177083333333335,0.9114583333333334
2264,47.053528624105276,48.06357166234562,1.9401041666666667,0.234375,3.645833333333333,3.411458333333333,1.1067708333333335
2265,46.43519500346949,47.65252744285369,1.1458333333333333,0.1171875,2.1744791666666665,2.0572916666666665,0.9765625
2266,46.78422464393792,47.86923641763418,1.6796875,0.35156249999999994,3.0078124999999996,2.6562499999999996,0.9765625
2267,46.33262661222468,47.39640449030419,1.3736979166666667,0.35156249999999994,2.3958333333333335,2.0442708333333335,0.9114583333333333
2268,46.518476293519726,47.63606850138824,0.8854166666666666,0.0,1.7708333333333333,1.7708333333333333,0.703125
2269,47.64816667519618,48.489245115823806,1.5104166666666667,0.35156249999999994,2.669270833333333,2.317708333333333,0.7682291666666667
2270,47.52362839787408,48.48163512263955,1.015625,0.1171875,1.9140624999999998,1.7968749999999998,0.9244791666666666
2271,46.49779919824327,47.665005857545964,1.54296875,0.35156249999999994,2.734375,2.3828125,0.7161458333333334
2272,46.512588185321086,47.6751550891769,1.8424479166666667,0.46875,3.216145833333334,2.747395833333334,1.015625
2273,46.31290273360236,47.335254796005685,1.6471354166666667,0.35156249999999994,2.9427083333333335,2.5911458333333335,0.9114583333333333
2274,46.7303816215983,47.82531221498367,2.2591145833333335,1.171875,3.3463541666666665,2.1744791666666665,0.8333333333333334
2275,46.58090494528418,47.782409903236136,1.3932291666666665,0.35156249999999994,2.434895833333333,2.083333333333333,1.1197916666666667
2276,47.335079753814775,48.21021483352035,0.8854166666666666,0.234375,1.5364583333333333,1.3020833333333333,0.8203125
2277,46.95311029877462,48.06966233440251,0.4166666666666667,0.0,0.8333333333333334,0.8333333333333334,0.9765625
2278,46.720033567028864,47.82907576405363,0.9114583333333333,0.234375,1.5885416666666665,1.3541666666666665,0.8333333333333334
2279,46.8647058875222,48.050222473383855,0.87890625,0.1171875,1.6406249999999998,1.5234374999999998,1.0286458333333333
2280,47.23166547795176,48.17455015066141,2.3828125,0.5859375,4.1796875,3.59375,0.9375
2281,47.053528624105276,48.146658957329095,1.6796875000000002,0.35156249999999994,3.0078125,2.65625,0.8203125
2282,47.08628122621445,48.21242589764251,1.2174479166666667,0.0,2.4348958333333335,2.4348958333333335,1.0286458333333335
2283,46.962887236055536,48.040880373971376,1.4778645833333333,0.234375,2.7213541666666665,2.4869791666666665,1.0156249999999998
2284,46.72413840851718,48.00741756621816,0.49479166666666663,0.0,0.9895833333333333,0.9895833333333333,0.7942708333333333
2285,47.60784119906964,48.42518141780845,1.6992187499999998,0.5859375,2.8124999999999996,2.2265624999999996,0.8593750000000001
2286,46.77016056953243,47.79307936156218,1.5494791666666667,0.1171875,2.9817708333333335,2.8645833333333335,0.7291666666666667
2287,46.524020625404376,47.719481850886766,1.1263020833333333,0.35156249999999994,1.901041666666667,1.549479166666667,0.8203124999999999
2288,46.8591767607772,47.872552137998795,1.6731770833333333,0.7031249999999999,2.6432291666666665,1.9401041666666665,0.7682291666666667
2289,47.33299036381698,48.31956856969923,1.15234375,0.234375,2.0703125000000004,1.8359375000000004,0.8203125
2290,46.73377868593724,47.80279043967728,1.712239583333333,0.5859375,2.8385416666666665,2.2526041666666665,0.5859375
2291,46.6265696765778,47.832354700040554,1.803385416666667,0.35156249999999994,3.255208333333333,2.903645833333333,0.8984374999999999
2292,46.46955542062269,47.71792072116893,0.7682291666666666,0.0,1.5364583333333333,1.5364583333333333,0.7161458333333333
2293,46.9220668799135,47.94095678968963,0.9830729166666666,0.234375,1.7317708333333335,1.4973958333333335,0.78125
2294,46.92144588159367,47.97207735775085,1.58203125,0.234375,2.9296875,2.6953125,0.9375000000000001
2295,47.2501989888782,48.33203619052815,1.5299479166666667,0.46875,2.591145833333334,2.122395833333334,1.0026041666666667
2296,47.08614079024893,48.3023894453901,0.546875,0.1171875,0.9765625,0.859375,0.9244791666666666
2297,46.693333736416896,47.812633066108546,1.171875,0.0,2.34375,2.34375,0.9635416666666667
2298,46.76894469899035,47.98984341585282,1.4583333333333333,0.234375,2.682291666666667,2.447916666666667,0.9765625
2299,46.71467045667944,47.8262383461122,2.584635416666667,0.9375,4.231770833333334,3.294270833333334,1.0026041666666665
2300,47.60459785763867,48.59913325380949,1.0481770833333335,0.35156249999999994,1.7447916666666667,1.3932291666666667,0.8333333333333335
2301,47.33299036381698,48.25685113161528,0.8658854166666667,0.1171875,1.614583333333333,1.497395833333333,1.0807291666666667
2302,47.4293981486112,48.11985143601522,0.7486979166666667,0.0,1.4973958333333335,1.4973958333333335,0.8593750000000001
2303,46.90558691337884,48.15043793677774,0.7031249999999999,0.0,1.4062499999999998,1.4062499999999998,0.8593750000000001
2304,46.86131611474687,47.95618538533672,1.7903645833333333,0.234375,3.3463541666666665,3.1119791666666665,0.7942708333333333
2305,46.987184526374,48.00044591024463,1.2109375,0.1171875,2.3046875,2.1875,0.7031250000000001
2306,47.07729938765536,48.32679162810863,1.8424479166666667,0.8203125,2.864583333333333,2.044270833333333,0.7682291666666667
2307,47.90886604824329,49.19590343039988,0.1953125,0.0,0.390625,0.390625,1.0026041666666665
2308,47.00422979978837,48.05402324440755,0.64453125,0.0,1.2890625,1.2890625,0.9765625
2309,46.6265696765778,47.54986162459713,1.8880208333333333,0.46875,3.3072916666666665,2.8385416666666665,0.7291666666666666
2310,46.83939760246145,47.88629795280528,1.1783854166666667,0.234375,2.1223958333333335,1.8880208333333335,0.703125
2311,47.47498578057115,48.218175972317425,0.6705729166666666,0.234375,1.1067708333333335,0.8723958333333335,0.7682291666666667
2312,46.58643566137194,47.53364211410141,1.438802083333333,0.234375,2.643229166666666,2.408854166666666,0.9375
2313,46.17040159503969,47.302497771626925,1.5494791666666667,0.234375,2.8645833333333335,2.6302083333333335,0.9114583333333333
2314,46.553975006890816,47.76541699961395,1.1393229166666667,0.1171875,2.1614583333333335,2.0442708333333335,0.8854166666666666
2315,46.90558691337884,47.97661190329946,1.1132812500000002,0.234375,1.9921874999999998,1.7578124999999998,0.9895833333333333
2316,46.66111325011272,47.54903253584665,1.1458333333333335,0.35156249999999994,1.9401041666666667,1.5885416666666667,0.7942708333333333
2317,46.7069000918512,47.79709102791931,1.3671875,0.35156249999999994,2.3828125,2.03125,0.625
2318,47.25132882097931,48.048928160558205,1.2369791666666665,0.35156249999999994,2.1223958333333335,1.7708333333333335,0.9375
2319,46.55641039066591,47.54983422159421,0.9374999999999998,0.0,1.8749999999999996,1.8749999999999996,0.8723958333333334
2320,46.28505474189894,47.44264344819343,0.8984374999999999,0.1171875,1.6796875000000002,1.5625000000000002,0.8203125
2321,46.76364477267873,47.97108717354473,0.5924479166666666,0.0,1.1848958333333333,1.1848958333333333,0.9114583333333333
2322,47.33299036381698,48.343452168487886,1.40625,0.46875,2.34375,1.875,0.9505208333333333
2323,46.86023930146003,47.786128870142534,1.6145833333333335,0.1171875,3.1119791666666665,2.9947916666666665,0.6119791666666666
2324,47.21260259545523,48.14170250468785,1.4062499999999998,0.35156249999999994,2.4609374999999996,2.1093749999999996,0.9375000000000001
2325,46.70591328749099,47.79709102791931,0.7877604166666666,0.0,1.5755208333333333,1.5755208333333333,0.8593750000000001
2326,46.557052515367644,47.52824414107919,1.5625,0.46875,2.65625,2.1875,0.8463541666666667
2327,46.68391998124455,47.8562719212024,1.6210937500000002,0.5859375,2.6562500000000004,2.0703125000000004,0.8333333333333334
2328,47.40910349354432,48.16588365004822,1.0872395833333333,0.35156249999999994,1.8229166666666667,1.4713541666666667,0.7421875
2329,46.97995610978055,48.10139177037218,1.7773437500000002,0.8203125,2.734375,1.9140625,0.8723958333333334
2330,46.7303816215983,47.99042970634152,1.5950520833333333,0.35156249999999994,2.838541666666667,2.486979166666667,0.9505208333333335
2331,47.78024904732015,48.82711664949963,0.7877604166666666,0.0,1.5755208333333333,1.5755208333333333,0.9635416666666667
2332,46.82041929378526,48.06357166234562,0.87890625,0.1171875,1.640625,1.5234375,0.8463541666666666
2333,46.662145986371364,47.51425856617036,1.6796875000000002,0.46875,2.890625,2.421875,0.8463541666666666
2334,47.490118524073765,48.33512008228444,0.6510416666666667,0.0,1.3020833333333335,1.3020833333333335,0.9505208333333335
2335,47.2501989888782,48.371576501397776,1.25,0.35156249999999994,2.1484375,1.796875,0.9114583333333334
2336,47.1922069075548,48.04451806647517,1.9791666666666665,0.7031249999999999,3.2552083333333335,2.5520833333333335,0.9635416666666667
2337,46.65274353113084,47.9089630004925,1.2044270833333333,0.1171875,2.2916666666666665,2.1744791666666665,1.0286458333333333
2338,47.00985148673087,48.04582690286161,2.057291666666667,0.5859375,3.5286458333333335,2.9427083333333335,0.9375
2339,46.62643038150299,47.81492346281654,1.0416666666666665,0.1171875,1.9661458333333333,1.8489583333333333,0.7291666666666666
2340,47.20428331514434,48.08847313914127,1.4388020833333335,0.234375,2.643229166666667,2.408854166666667,0.703125
2341,46.8063693308639,47.79233296184101,1.5755208333333333,0.35156249999999994,2.799479166666667,2.447916666666667,0.7552083333333335
2342,46.78638153490226,47.82497546383816,1.0416666666666665,0.1171875,1.9661458333333333,1.8489583333333333,0.7682291666666666
2343,47.0017734189216,48.236692037908355,0.8658854166666667,0.1171875,1.614583333333333,1.497395833333333,0.8723958333333334
2344,46.918199074648825,47.98645888139463,1.901041666666667,0.5859375,3.216145833333334,2.630208333333334,0.8333333333333335
2345,46.38990884331575,47.75144410854377,1.393229166666667,0.46875,2.3177083333333335,1.8489583333333335,0.6119791666666667
2346,47.01417293862282,47.98321850590214,1.15234375,0.46875,1.8359375,1.3671875,0.7291666666666666
2347,46.05898675688333,47.1408097476518,0.9700520833333334,0.234375,1.705729166666667,1.471354166666667,0.6901041666666666
2348,47.430209125143804,48.21368384275546,1.1002604166666665,0.234375,1.9661458333333333,1.7317708333333333,0.9375
2349,46.73377868593724,47.97858653593733,1.0156249999999998,0.0,2.0312499999999996,2.0312499999999996,0.8203124999999999
2350,47.26604731033493,48.33511582740243,1.4518229166666665,0.46875,2.4348958333333335,1.9661458333333335,0.9375
2351,46.70072506242886,47.82826494418062,0.5403645833333334,0.0,1.0807291666666667,1.0807291666666667,0.8723958333333334
2352,47.70342960056932,48.48632734753282,1.3671875,0.35156249999999994,2.3828125,2.03125,0.8723958333333334
2353,47.10311984152341,48.11194375487069,1.3411458333333335,0.35156249999999994,2.3307291666666665,1.9791666666666665,0.7682291666666667
2354,46.787297561584964,47.79751178777535,1.3151041666666667,0.46875,2.1614583333333335,1.6927083333333335,0.7682291666666666
2355,46.753464855828135,47.91474205391829,1.8033854166666665,0.46875,3.138020833333334,2.669270833333334,0.7942708333333333
2356,47.33299036381698,48.19858649391129,2.63671875,0.9375,4.335937500000001,3.398437500000001,0.8463541666666666
2357,46.987184526374,48.06127325958258,1.2369791666666667,0.234375,2.2395833333333335,2.0052083333333335,1.09375
2358,46.626178910465896,47.60648703583032,1.5039062499999998,0.0,3.0078124999999996,3.0078124999999996,0.8593750000000001
2359,46.962887236055536,48.013436453750984,1.6015624999999998,0.46875,2.734375,2.265625,0.78125
2360,47.53853037979222,48.11129686262028,1.3736979166666667,0.35156249999999994,2.395833333333333,2.044270833333333,1.0026041666666665
2361,46.84161501890473,47.88686101440969,2.28515625,1.0546875,3.515625,2.4609375,0.6510416666666667
2362,46.852907788773315,47.83135004470523,1.2434895833333335,0.234375,2.2526041666666665,2.0182291666666665,0.7161458333333334
2363,47.13362676737039,48.086660867182395,1.7968749999999998,0.35156249999999994,3.2421875000000004,2.8906250000000004,0.8984374999999999
2364,46.093210840969924,47.44395635716502,0.7877604166666666,0.234375,1.3411458333333335,1.1067708333333335,0.9635416666666667
2365,46.43488069292153,47.66956445548301,1.6276041666666665,0.46875,2.786458333333333,2.317708333333333,0.5729166666666667
2366,46.7303816215983,47.68054055006411,0.9895833333333335,0.234375,1.7447916666666667,1.5104166666666667,0.7942708333333333
2367,46.78638153490226,47.85361326745343,2.3046875,0.9375,3.6718749999999996,2.7343749999999996,0.6770833333333334
2368,47.08025768386276,47.98623121258555,1.7708333333333333,0.35156249999999994,3.1901041666666665,2.8385416666666665,0.8463541666666667
2369,46.5919012719623,47.49544641393773,2.154947916666667,0.46875,3.8411458333333335,3.3723958333333335,0.9635416666666667
2370,46.7303816215983,47.80424094486704,1.07421875,0.1171875,2.0312499999999996,1.9140624999999996,0.8723958333333334
2371,46.73901267560985,47.60374633702794,2.109375,0.5859375,3.6328125000000004,3.0468750000000004,0.8854166666666666
2372,46.647716896795465,47.72937445140102,1.3802083333333333,0.234375,2.5260416666666665,2.2916666666666665,1.1458333333333335
2373,46.95181715038937,47.81583554583448,1.7122395833333335,0.46875,2.9557291666666665,2.4869791666666665,0.8072916666666667
2374,46.630514877445464,47.728766458382744,1.5755208333333333,0.234375,2.916666666666667,2.682291666666667,0.9505208333333335
2375,46.83119158766621,47.84906025236143,1.2174479166666665,0.234375,2.200520833333333,1.966145833333333,0.7291666666666666
2376,47.01256429691353,47.60963563856203,2.0703125,0.46875,3.671875,3.203125,0.6901041666666666
2377,47.102713271524784,48.053863439021434,1.1653645833333333,0.0,2.3307291666666665,2.3307291666666665,0.5338541666666666
2378,46.98655733230692,47.94095678968963,2.6236979166666665,1.0546875,4.192708333333334,3.138020833333334,0.8463541666666667
2379,46.606965363772645,47.53364211410141,1.998697916666667,0.35156249999999994,3.6458333333333335,3.2942708333333335,0.8072916666666665
2380,46.553975006890816,47.719965011539486,1.686197916666667,0.46875,2.9036458333333335,2.4348958333333335,0.9895833333333333
2381,46.51872457773562,47.590851365524664,1.1783854166666667,0.234375,2.1223958333333335,1.8880208333333335,0.7942708333333333
2382,47.03120554433175,47.99257974032793,1.09375,0.1171875,2.0703125,1.953125,1.09375
2383,46.55789619397371,47.75144410854377,1.0677083333333333,0.1171875,2.0182291666666665,1.9010416666666665,0.9114583333333334
2384,47.33237134868208,48.31200346554181,1.1328125000000002,0.46875,1.7968750000000002,1.3281250000000002,0.8854166666666666
2385,46.98650905851391,48.00609124631668,0.64453125,0.234375,1.0546875,0.8203125,1.0026041666666665
2386,46.95371260547146,47.97158226564779,1.1328125,0.234375,2.03125,1.796875,0.8203124999999999
2387,46.642544648011274,47.83135004470523,1.07421875,0.0,2.1484375,2.1484375,1.1328125
2388,46.25351716615221,47.40448902695956,2.3632812500000004,0.7031249999999999,4.0234375,3.3203125,0.8854166666666666
2389,46.914508396486895,47.89913147380403,1.19140625,0.234375,2.1484375,1.9140625,0.9895833333333333
2390,46.64900881728345,47.762338416170934,1.85546875,0.5859375,3.125,2.5390625,0.8723958333333334
2391,47.367713968249184,48.146920620328196,1.6015624999999998,0.35156249999999994,2.8515625,2.5,0.8333333333333335
2392,46.94286968342146,47.810248689400375,2.1354166666666665,0.8203125,3.4505208333333335,2.6302083333333335,0.8723958333333334
2393,47.012012212676844,48.242998874737054,0.9440104166666666,0.1171875,1.7708333333333333,1.6536458333333333,0.8072916666666665
2394,47.45418720341619,48.016732270353614,1.7252604166666667,0.46875,2.9817708333333335,2.5130208333333335,1.0026041666666665
2395,47.00029597609754,48.27346846957168,1.93359375,0.8203124999999999,3.0468750000000004,2.2265625000000004,0.7682291666666667
2396,47.053528624105276,48.22721752590929,1.061197916666667,0.35156249999999994,1.7708333333333333,1.4192708333333333,0.8984374999999999
2397,47.07035662296808,48.15032897181721,1.4973958333333335,0.35156249999999994,2.6432291666666665,2.2916666666666665,0.9114583333333334
2398,46.95181715038937,47.88146564737418,1.9661458333333333,0.46875,3.463541666666667,2.994791666666667,0.8463541666666666
2399,46.37994611926146,47.674476845229506,2.0182291666666665,0.8203125,3.216145833333333,2.395833333333333,0.6119791666666667
2400,47.26833984845227,48.05009471819371,1.3736979166666667,0.46875,2.2786458333333335,1.8098958333333335,0.7161458333333333
2401,46.853649577323914,48.08040110709378,1.6927083333333333,0.46875,2.9166666666666665,2.4479166666666665,1.0546875
2402,46.9956867952519,48.120091075525714,0.5924479166666666,0.0,1.1848958333333333,1.1848958333333333,0.8593750000000001
2403,46.86891125950914,47.99463668714279,1.26953125,0.234375,2.3046875,2.0703125,0.8463541666666666
2404,47.075315841048436,48.363718860265195,1.5625,0.35156249999999994,2.7734375,2.421875,0.7942708333333333
2405,46.988190192076864,48.04667186749927,2.005208333333333,0.46875,3.5416666666666665,3.0729166666666665,0.7291666666666666
2406,46.962887236055536,47.80092769217145,2.55859375,1.0546875,4.062500000000001,3.007812500000001,1.0416666666666665
2407,46.77549636025838,47.74723767840291,1.30859375,0.35156249999999994,2.265625,1.9140625,0.9114583333333334
2408,46.86664048542085,47.92204637533094,1.5885416666666665,0.46875,2.7083333333333335,2.2395833333333335,0.8854166666666666
2409,46.47952559883095,47.44169269611568,1.5950520833333335,0.46875,2.7213541666666665,2.2526041666666665,0.7161458333333334
2410,47.053528624105276,48.190300637259966,1.1588541666666667,0.35156249999999994,1.9661458333333333,1.6145833333333333,0.8333333333333334
2411,47.064855661832425,47.985612600899344,1.6861979166666665,0.35156249999999994,3.020833333333334,2.669270833333334,0.8203125
2412,47.53853037979222,48.638126936162166,1.953125,0.5859375,3.3203125,2.734375,1.0807291666666667
2413,47.59027179142422,48.53205796460478,0.9700520833333334,0.0,1.9401041666666667,1.9401041666666667,0.9375
2414,46.557052515367644,47.700183294250046,1.26953125,0.46875,2.0703125000000004,1.6015625000000004,0.703125
2415,47.46075928171774,48.24628045220603,1.4322916666666665,0.35156249999999994,2.5130208333333335,2.1614583333333335,0.8072916666666667
2416,47.195449058769114,48.13713563798603,1.3151041666666665,0.0,2.630208333333333,2.630208333333333,0.9635416666666667
2417,46.71251239530927,47.69891850070637,2.2786458333333335,0.8203124999999999,3.7369791666666665,2.9166666666666665,0.8723958333333334
2418,46.90467626792578,47.72306033074677,1.6861979166666665,0.35156249999999994,3.0208333333333335,2.6692708333333335,0.7161458333333334
2419,46.579743266805494,47.70342960056932,0.9570312500000001,0.234375,1.6796875000000002,1.4453125000000002,0.7942708333333333
2420,47.01417293862282,48.22014736477312,1.3541666666666665,0.234375,2.4739583333333335,2.2395833333333335,1.1197916666666665
2421,47.074004718403,47.950291615948295,1.5494791666666667,0.35156249999999994,2.7473958333333335,2.3958333333333335,0.9375
2422,46.97583498216074,47.87724391022303,2.252604166666667,0.46875,4.036458333333334,3.567708333333334,1.0677083333333333
2423,47.01472502285951,48.08788713963563,1.4062499999999998,0.0,2.8124999999999996,2.8124999999999996,0.8463541666666666
2424,46.918199074648825,47.92754899920725,1.0221354166666665,0.1171875,1.927083333333333,1.809895833333333,0.6770833333333334
2425,46.70407381249942,47.7244404163103,0.87890625,0.234375,1.5234374999999998,1.2890624999999998,0.7291666666666667
2426,47.01861037586623,48.080039378914286,1.2630208333333335,0.234375,2.291666666666667,2.057291666666667,0.9765625
2427,46.50358272419203,47.71504874902089,0.8984374999999999,0.0,1.7968749999999998,1.7968749999999998,0.8463541666666667
2428,47.2501989888782,48.382938382648,0.7096354166666667,0.234375,1.1848958333333333,0.9505208333333333,1.0416666666666667
2429,47.25057286597304,48.364556143667315,2.0768229166666665,0.5859375,3.567708333333333,2.981770833333333,0.8463541666666667
2430,46.78042775152327,47.91768022146553,1.1002604166666665,0.1171875,2.083333333333333,1.966145833333333,0.8723958333333334
2431,47.18497048053144,48.18991876818479,0.9570312500000001,0.0,1.9140625000000002,1.9140625000000002,0.8723958333333334
2432,47.36515792519584,48.3856783527063,1.3346354166666665,0.35156249999999994,2.317708333333333,1.966145833333333,0.9505208333333335
2433,47.4991585675341,48.60559720346027,1.2369791666666667,0.46875,2.0052083333333335,1.5364583333333335,0.8333333333333334
2434,46.293312064177094,47.33268085624953,1.3020833333333335,0.234375,2.3697916666666665,2.1354166666666665,0.6640625
2435,46.93047494202902,47.832354700040554,0.7682291666666667,0.1171875,1.4192708333333335,1.3020833333333335,1.0026041666666665
2436,46.65694138440978,47.800918518772406,1.119791666666667,0.1171875,2.1223958333333335,2.0052083333333335,0.8593750000000001
2437,46.863861599200675,47.820021245220964,1.7057291666666665,0.234375,3.177083333333333,2.942708333333333,0.8723958333333334
2438,47.064008046140046,48.20424316089649,1.0872395833333333,0.35156249999999994,1.8229166666666667,1.4713541666666667,0.9375000000000001
2439,47.076347278365354,48.02104991857528,1.783854166666667,0.8203124999999999,2.7473958333333335,1.9270833333333335,0.7161458333333333
2440,47.51477349579875,48.460202218155565,1.73828125,0.46875,3.0078124999999996,2.5390624999999996,0.8593750000000001
2441,47.234667371803276,48.085769746787804,2.3046875,0.7031249999999999,3.90625,3.203125,0.6510416666666667
2442,46.64863443017522,47.63651731349475,1.5755208333333333,0.46875,2.682291666666667,2.213541666666667,0.8854166666666666
2443,46.66161662445404,47.8155795883069,1.4973958333333335,0.46875,2.5260416666666665,2.0572916666666665,0.8854166666666666
2444,46.70964261766047,47.79765894699433,1.54296875,0.46875,2.6171874999999996,2.1484374999999996,0.8723958333333334
2445,47.44614820069067,48.42866724700844,0.7682291666666666,0.0,1.5364583333333333,1.5364583333333333,0.9765625
2446,47.01861037586623,47.919748220593526,1.2434895833333335,0.46875,2.018229166666667,1.549479166666667,1.0286458333333333
2447,46.294691505926735,47.416322274304726,1.19140625,0.35156249999999994,2.0312500000000004,1.6796875000000004,0.6640625000000001
2448,46.81247805808065,47.93101377302313,0.9765625,0.1171875,1.8359375,1.71875,1.0286458333333333
2449,47.04779304019334,48.33530466071852,0.29947916666666663,0.0,0.5989583333333333,0.5989583333333333,0.7942708333333333
2450,46.98661981908099,48.05521559305166,1.6210937500000002,0.7031249999999999,2.5390625,1.8359375,0.8333333333333334
2451,47.01417293862282,47.86765635001647,2.1484375,0.8203125,3.4765625,2.65625,0.78125
2452,46.47980280666072,47.64479433501081,1.07421875,0.234375,1.9140625000000002,1.6796875000000002,0.9114583333333334
2453,46.98661981908099,48.197150465843094,0.7747395833333334,0.1171875,1.4322916666666667,1.3151041666666667,0.8333333333333334
2454,46.77474532524325,47.97033850036871,2.0572916666666665,0.234375,3.8802083333333326,3.6458333333333326,0.8333333333333334
2455,47.21469831909341,48.26894794779525,1.8424479166666667,0.46875,3.216145833333334,2.747395833333334,0.8463541666666667
2456,46.99799138567472,48.06893314160728,2.05078125,0.5859375,3.515625,2.9296875,0.8854166666666666
2457,46.81518988545591,47.97432463215525,1.2109375,0.234375,2.1875,1.953125,0.6770833333333334
2458,46.8591767607772,48.01931857805188,0.9960937500000001,0.234375,1.7578125,1.5234375,0.7291666666666666
2459,46.782067752973575,48.004704825247266,0.87890625,0.1171875,1.6406249999999998,1.5234374999999998,0.8984374999999999
2460,47.23312823645573,48.092824680614804,1.490885416666667,0.46875,2.5130208333333335,2.0442708333333335,0.9635416666666667
2461,47.46912671366763,48.3856783527063,0.6901041666666666,0.0,1.3802083333333333,1.3802083333333333,0.703125
2462,46.56058279809429,47.497268773193426,2.2591145833333335,0.7031249999999999,3.815104166666666,3.111979166666666,0.8593750000000001
2463,46.84738060532002,47.81674762885243,1.3802083333333333,0.46875,2.291666666666667,1.822916666666667,1.0286458333333333
2464,47.00029597609754,48.08438557123016,0.8203125,0.0,1.640625,1.640625,0.8333333333333334
2465,46.62754699842669,47.54546790817427,1.8945312499999998,0.7031249999999999,3.0859374999999996,2.3828124999999996,0.8854166666666666
2466,46.50462870007759,47.713045496634884,2.3242187499999996,0.8203124999999999,3.8281249999999996,3.0078124999999996,0.8984375000000001
2467,46.632559874422284,47.7288638314489,0.5924479166666666,0.0,1.1848958333333333,1.1848958333333333,0.7552083333333334
2468,46.6265696765778,47.67525184933582,2.1679687500000004,0.8203124999999999,3.515625,2.6953125,0.8463541666666667
2469,46.605064742424126,47.7659324824243,0.8268229166666666,0.0,1.6536458333333333,1.6536458333333333,0.9114583333333334
2470,47.389910204912056,48.43772739879428,1.0807291666666667,0.0,2.1614583333333335,2.1614583333333335,0.8072916666666665
2471,46.64863443017522,47.7534976825288,1.6276041666666665,0.46875,2.7864583333333335,2.3177083333333335,0.8463541666666666
2472,46.77549636025838,47.81336094211233,2.0638020833333335,0.46875,3.658854166666667,3.190104166666667,0.7552083333333334
2473,46.80368140439381,47.97272377707793,1.7578125,0.46875,3.046875,2.578125,0.9114583333333333
2474,47.07729938765536,48.006031145148754,0.8984374999999999,0.0,1.7968749999999998,1.7968749999999998,0.6510416666666667
2475,46.9956867952519,48.05018080473074,1.7643229166666667,0.5859375,2.9427083333333335,2.3567708333333335,1.015625
2476,46.579743266805494,47.49118925252344,2.03125,0.703125,3.359375,2.65625,0.9244791666666666
2477,46.630514877445464,47.711315114675344,0.8463541666666666,0.1171875,1.5755208333333333,1.4583333333333333,0.8333333333333335
2478,46.55641039066591,47.4723363849697,0.8007812499999999,0.0,1.6015624999999998,1.6015624999999998,0.78125
2479,46.69180094514875,47.85988430235689,1.7447916666666667,0.35156249999999994,3.1380208333333335,2.7864583333333335,0.9375
2480,46.988243034821195,47.97794473869342,1.9791666666666665,0.9375,3.020833333333333,2.083333333333333,1.0286458333333333
2481,46.6288029104252,47.69009155228298,1.4388020833333335,0.234375,2.6432291666666665,2.4088541666666665,0.8203125
2482,46.98663403206206,48.03656895375079,1.7513020833333333,0.5859375,2.9166666666666665,2.3307291666666665,1.015625
2483,47.440206230239326,48.438528719342536,1.412760416666667,0.5859375,2.2395833333333335,1.6536458333333335,0.8593750000000001
2484,47.10437262665947,48.13795342151577,2.369791666666667,0.7031249999999999,4.036458333333334,3.333333333333334,0.7942708333333335
2485,46.73377868593724,47.801339934487515,0.9114583333333333,0.0,1.8229166666666665,1.8229166666666665,0.8463541666666666
2486,46.748351902163584,47.63796788274845,1.5169270833333333,0.1171875,2.9166666666666665,2.7994791666666665,0.703125
2487,47.493508996114436,48.2374882420568,0.8854166666666666,0.0,1.7708333333333333,1.7708333333333333,0.9635416666666667
2488,46.49749842658742,47.546807626686096,1.3802083333333333,0.46875,2.291666666666667,1.822916666666667,0.9635416666666667
2489,47.37499388040311,48.36555282948359,0.7682291666666666,0.0,1.5364583333333333,1.5364583333333333,0.8203125
2490,47.07035662296808,48.18901920294439,1.07421875,0.234375,1.9140625000000002,1.6796875000000002,0.9765625
2491,46.60505224628725,47.508210480171286,1.4127604166666665,0.35156249999999994,2.4739583333333335,2.1223958333333335,0.7942708333333335
2492,47.25560650077141,48.4017284050962,1.8684895833333333,0.46875,3.268229166666667,2.799479166666667,0.9505208333333335
2493,46.988216613449026,48.03887593624792,1.4583333333333333,0.46875,2.4479166666666665,1.9791666666666665,0.8593750000000001
2494,47.19042432393822,48.357033268300974,1.4322916666666665,0.234375,2.6302083333333335,2.3958333333333335,0.8854166666666666
2495,46.89947470643959,48.21715285199057,0.8463541666666667,0.234375,1.4583333333333333,1.2239583333333333,0.8463541666666667
2496,46.6288029104252,47.67390359550965,1.484375,0.234375,2.734375,2.5,0.9635416666666667
2497,46.80256901740373,47.969589827192685,1.6210937500000002,0.46875,2.7734375,2.3046875,0.7031250000000001
2498,46.10748110023384,47.04471463718154,1.8880208333333335,0.46875,3.3072916666666665,2.8385416666666665,0.9505208333333335
2499,47.00985148673087,48.11129686262028,1.998697916666667,0.46875,3.5286458333333335,3.0598958333333335,0.8463541666666666
2500,47.08203753356685,48.14931727389768,0.7161458333333334,0.1171875,1.3151041666666665,1.1979166666666665,0.5859375
2501,46.936780635240645,47.923766791352286,1.9270833333333335,0.5859375,3.268229166666667,2.682291666666667,0.8463541666666667
2502,47.07960396899235,48.04382156676633,1.6927083333333335,0.35156249999999994,3.033854166666667,2.682291666666667,0.8854166666666666
2503,47.017816708574635,47.886055798750164,1.2239583333333335,0.1171875,2.3307291666666665,2.2135416666666665,0.703125
2504,46.988190192076864,47.670748871951865,1.3736979166666665,0.0,2.747395833333333,2.747395833333333,0.9895833333333333
2505,47.461604527989195,48.19805621977571,0.9635416666666667,0.0,1.9270833333333335,1.9270833333333335,0.8723958333333334
2506,46.77016056953243,47.79893390528147,0.4231770833333333,0.0,0.8463541666666666,0.8463541666666666,1.0546875
2507,46.38255952991883,47.26482753294229,1.1979166666666665,0.234375,2.1614583333333335,1.9270833333333335,0.8463541666666667
2508,46.58861500170503,47.72783538592778,1.3671875,0.5859375,2.1484375,1.5625,0.8463541666666667
2509,46.95047636588578,47.872220538496194,2.8450520833333335,0.9375,4.752604166666667,3.815104166666667,0.8854166666666666
2510,47.1029165565241,48.14554750629752,1.0807291666666667,0.1171875,2.0442708333333335,1.9270833333333335,0.9114583333333334
2511,47.10311984152341,48.4035291693762,0.6315104166666666,0.1171875,1.1458333333333335,1.0286458333333335,0.9505208333333335
2512,46.58861500170503,47.70886637024545,0.8203125,0.1171875,1.5234374999999998,1.4062499999999998,0.8333333333333335
2513,46.00080014701094,47.24007447976124,1.4713541666666667,0.234375,2.7083333333333335,2.4739583333333335,0.7421875
2514,47.08025768386276,48.08818013938845,1.77734375,0.46875,3.0859375,2.6171875,0.9505208333333335
2515,47.21358848274624,48.18850150677916,0.8984375000000001,0.35156249999999994,1.4453125,1.09375,1.1197916666666667
2516,47.55425376023911,48.37973454182077,2.0247395833333335,0.5859375,3.463541666666667,2.877604166666667,0.8593749999999999
2517,46.97841441188669,47.90874213642409,1.2109375,0.46875,1.953125,1.484375,0.9244791666666666
2518,46.57858158832681,47.78404287057526,1.3151041666666667,0.35156249999999994,2.2786458333333335,1.9270833333333335,0.8072916666666667
2519,46.174021997099814,47.26525481115816,1.3281249999999998,0.0,2.6562499999999996,2.6562499999999996,0.9895833333333333
2520,47.81674762885243,48.76595768793542,1.5364583333333335,0.46875,2.604166666666667,2.135416666666667,0.8203125
2521,46.69990216609223,47.719695505548756,1.9856770833333335,0.46875,3.5026041666666665,3.0338541666666665,0.9375
2522,47.04779304019334,48.01501335882239,1.7317708333333335,0.35156249999999994,3.1119791666666665,2.7604166666666665,1.0286458333333333
2523,46.78864614041439,47.99463668714279,1.3997395833333333,0.46875,2.3307291666666665,1.8619791666666665,0.8854166666666666
2524,46.557157368655744,47.63211662131043,0.6901041666666666,0.0,1.3802083333333333,1.3802083333333333,1.1067708333333333
2525,46.880760114471144,47.883558908816426,2.506510416666667,1.171875,3.8411458333333344,2.6692708333333344,0.8333333333333334
2526,46.90736717112194,47.64649583775766,1.4388020833333335,0.234375,2.643229166666667,2.408854166666667,1.015625
2527,46.56058279809429,47.648140362381966,1.6992187499999998,0.1171875,3.28125,3.1640625,0.6901041666666666
2528,46.852907788773315,47.82826494418062,1.4192708333333333,0.234375,2.604166666666667,2.369791666666667,0.9635416666666667
2529,46.5778869133442,47.66765877091179,1.1458333333333335,0.234375,2.057291666666667,1.822916666666667,0.9765625
2530,46.425416740124646,47.63044584923148,1.764322916666667,0.234375,3.2942708333333335,3.0598958333333335,0.8333333333333334
2531,47.188342957521876,48.15032897181721,1.6992187499999998,0.234375,3.1640625,2.9296875,0.9375000000000001
2532,47.2137124318024,48.3421540306476,1.1393229166666665,0.35156249999999994,1.9270833333333335,1.5755208333333335,1.0286458333333333
2533,46.54348028812907,47.66067666249728,1.2565104166666667,0.234375,2.2786458333333335,2.0442708333333335,0.7682291666666667
2534,47.053528624105276,48.03603101031511,1.4648437499999998,0.1171875,2.8124999999999996,2.6953124999999996,0.8333333333333334
2535,47.06395150531902,48.26592747882482,1.5169270833333333,0.46875,2.5651041666666665,2.0963541666666665,0.9895833333333333
2536,46.87293986820879,47.92201841404332,2.0963541666666665,0.46875,3.7239583333333335,3.2552083333333335,0.8203125
2537,46.128391067142594,47.102713271524784,1.7708333333333333,0.7031249999999999,2.8385416666666665,2.1354166666666665,0.7031250000000001
2538,46.15420372936599,47.45188914510583,1.8619791666666667,0.5859375,3.1380208333333335,2.5520833333333335,0.8333333333333334
2539,46.8591767607772,48.11129686262028,1.9140625000000002,1.171875,2.6562500000000004,1.4843750000000004,0.9505208333333333
2540,46.78864614041439,47.87707826338759,1.3671875,0.35156249999999994,2.3828125,2.03125,0.7682291666666667
2541,46.531855322473284,47.76591978354503,1.4778645833333335,0.35156249999999994,2.6041666666666665,2.2526041666666665,1.0026041666666667
2542,47.017816708574635,48.08574650378548,1.2239583333333335,0.1171875,2.3307291666666665,2.2135416666666665,0.6901041666666666
2543,46.804793791383894,47.89760200541728,2.1158854166666665,0.46875,3.763020833333333,3.294270833333333,0.8333333333333334
2544,46.951128626287854,47.9952171982654,2.28515625,0.8203124999999999,3.7500000000000004,2.9296875000000004,0.8203124999999999
2545,47.5911835752427,48.53510305252125,0.8463541666666666,0.1171875,1.5755208333333333,1.4583333333333333,0.8463541666666667
2546,46.73639568077355,47.80883008016513,1.4713541666666667,0.46875,2.4739583333333335,2.0052083333333335,0.7421875
2547,47.18185127581066,48.2759272875542,1.2434895833333335,0.35156249999999994,2.1354166666666665,1.7838541666666665,1.0677083333333333
2548,46.57267420248413,48.066031513109905,0.8984374999999999,0.1171875,1.6796875,1.5625,1.0026041666666667
2549,46.76283774205915,47.77006626476808,1.2369791666666667,0.46875,2.005208333333333,1.536458333333333,0.78125
2550,47.07035662296808,47.94576509920834,1.25,0.1171875,2.3828125,2.265625,0.8854166666666666
2551,46.86370408078771,47.82678857958215,2.7473958333333335,0.9375,4.557291666666667,3.619791666666667,0.8984375000000001
2552,46.90558691337884,47.88686101440969,1.4127604166666667,0.234375,2.591145833333333,2.356770833333333,0.8203124999999999
2553,47.58771086975627,48.42518141780845,1.0546875,0.35156249999999994,1.7578125,1.40625,0.8854166666666666
2554,46.33578605112118,47.38135654398772,3.326822916666666,1.4062499999999998,5.247395833333333,3.841145833333333,0.9114583333333333
2555,47.01417293862282,48.07231612980999,1.5104166666666667,0.234375,2.786458333333333,2.552083333333333,0.7031250000000001
2556,46.4890244783877,47.63211662131043,1.5755208333333333,0.46875,2.682291666666667,2.213541666666667,0.8463541666666667
2557,47.1890976506059,48.14445431686298,1.0546875,0.234375,1.875,1.640625,0.9505208333333335
2558,46.710463558762285,47.70342960056932,1.3606770833333333,0.35156249999999994,2.3697916666666665,2.0182291666666665,0.8072916666666665
2559,46.914508396486895,47.773148714417665,2.0247395833333335,0.5859375,3.463541666666667,2.877604166666667,0.8203124999999999
2560,46.96648216321393,48.14639729432998,1.907552083333333,0.5859375,3.229166666666666,2.643229166666666,0.9244791666666666
2561,47.04205745628141,48.30067230272173,1.4908854166666667,0.5859375,2.3958333333333335,1.8098958333333335,0.9505208333333333
2562,46.26226208367439,47.44395635716502,1.4778645833333333,0.1171875,2.838541666666666,2.721354166666666,0.7942708333333333
2563,47.634486758305115,48.38614222347523,1.2630208333333333,0.1171875,2.4088541666666665,2.2916666666666665,0.7552083333333334
2564,46.55789619397371,47.6168543366829,2.0768229166666665,0.703125,3.4505208333333335,2.7473958333333335,0.6380208333333334
2565,47.33299036381698,48.146920620328196,1.6145833333333335,0.234375,2.9947916666666665,2.7604166666666665,0.9635416666666667
2566,46.9956867952519,47.98645888139463,1.5104166666666665,0.234375,2.786458333333333,2.552083333333333,0.7161458333333334
2567,46.61494194262869,47.7199650115399,1.3802083333333333,0.234375,2.5260416666666665,2.2916666666666665,1.1458333333333335
2568,46.20765977796828,47.39616943341266,2.233072916666667,1.0546875,3.411458333333334,2.356770833333334,0.7552083333333333
2569,46.52906838885725,47.58969165518562,0.7291666666666666,0.0,1.4583333333333333,1.4583333333333333,0.7942708333333333
2570,46.271430075197905,47.51706737878215,2.2395833333333335,0.9375,3.5416666666666665,2.6041666666666665,0.9244791666666666
2571,46.457357824388055,47.42931032950268,1.614583333333333,0.46875,2.7604166666666665,2.2916666666666665,0.7421875
2572,47.19700472464361,48.13647470551259,1.7578125,0.46875,3.046875,2.578125,0.8072916666666665
2573,46.70964261766047,47.71389840424977,0.6184895833333333,0.0,1.2369791666666665,1.2369791666666665,0.9765625
2574,46.90736717112194,47.96363451128989,0.8138020833333334,0.234375,1.3932291666666665,1.1588541666666665,0.8723958333333334
2575,46.83153355679391,47.84594068351673,1.2955729166666667,0.35156249999999994,2.2395833333333335,1.8880208333333335,0.9635416666666667
2576,46.869818208184086,48.05009471819371,1.9401041666666667,0.5859375,3.2942708333333335,2.7083333333333335,0.7942708333333333
2577,46.87293986820879,48.05894410308471,1.2174479166666665,0.234375,2.200520833333333,1.966145833333333,0.9895833333333333
2578,47.11206479991112,48.15578003960789,1.34765625,0.234375,2.4609375000000004,2.2265625000000004,0.7421875
2579,46.932474249336614,48.016732270353614,1.23046875,0.234375,2.2265624999999996,1.9921874999999996,0.9375000000000001
2580,47.543808434780885,48.43304341738428,1.5690104166666667,0.5859375,2.552083333333334,1.966145833333334,0.78125
2581,46.90647704225039,47.908755616209085,1.5494791666666665,0.7031249999999999,2.395833333333333,1.692708333333333,0.8593750000000001
2582,46.72756918094234,47.808048505182335,1.3997395833333333,0.234375,2.5651041666666665,2.3307291666666665,0.7942708333333333
2583,47.075315841048436,48.372077841378555,1.03515625,0.0,2.0703125,2.0703125,0.8854166666666666
2584,46.26205400990423,47.64710631061602,1.8164062500000002,0.5859375,3.0468750000000004,2.4609375000000004,0.8854166666666666
2585,46.99392424417918,48.01931857805188,0.8854166666666666,0.0,1.7708333333333333,1.7708333333333333,1.0677083333333333
2586,46.988190192076864,47.947574404433624,1.5104166666666667,0.234375,2.786458333333333,2.552083333333333,0.8463541666666667
2587,46.77367040617219,47.78996711165317,1.7057291666666665,0.46875,2.9427083333333335,2.4739583333333335,0.78125
2588,46.52906838885725,47.71626617275972,1.3802083333333335,0.35156249999999994,2.408854166666667,2.057291666666667,0.7161458333333334
2589,46.68391998124455,47.81336094211233,1.2044270833333335,0.234375,2.174479166666667,1.940104166666667,0.7421875
2590,46.37831389995668,47.590851365524664,1.5690104166666667,0.35156249999999994,2.786458333333333,2.434895833333333,0.9244791666666665
2591,46.97583498216074,47.84594068351673,1.1588541666666667,0.46875,1.8489583333333333,1.3802083333333333,0.7161458333333333
2592,46.90558691337884,48.052955738034896,0.9309895833333334,0.1171875,1.7447916666666663,1.6276041666666663,0.6770833333333334
2593,46.70716132721059,47.81399312897139,1.2825520833333333,0.1171875,2.447916666666667,2.330729166666667,0.8723958333333334
2594,47.24530316341769,48.24726644304605,0.9049479166666665,0.35156249999999994,1.4583333333333333,1.1067708333333333,0.9635416666666667
2595,46.72649999514593,47.94576509920834,1.3932291666666667,0.46875,2.317708333333334,1.848958333333334,0.9244791666666666
2596,46.753464855828135,47.86765635001647,0.9244791666666666,0.234375,1.6145833333333335,1.3802083333333335,1.119791666666667
2597,46.83584189961699,47.761667415394484,1.4908854166666667,0.1171875,2.864583333333333,2.747395833333333,0.9375000000000001
2598,47.00704064325962,48.00609124631668,1.5885416666666665,0.35156249999999994,2.8255208333333335,2.4739583333333335,0.7942708333333333
2599,46.93042097797615,47.886458406579926,0.7552083333333334,0.0,1.5104166666666667,1.5104166666666667,0.8723958333333334
2600,46.32008514287863,47.508222375483115,1.015625,0.234375,1.7968749999999998,1.5624999999999998,0.9765625
2601,46.984003433094166,47.8830797461491,1.7643229166666667,0.46875,3.0598958333333335,2.5911458333333335,0.7682291666666667
2602,47.9089630004925,48.86405103483139,0.8723958333333334,0.234375,1.5104166666666667,1.2760416666666667,0.7161458333333333
2603,47.01423093129855,48.03378154947093,1.3736979166666667,0.46875,2.2786458333333335,1.8098958333333335,0.78125
2604,46.77675618316132,47.755551256513826,1.2565104166666667,0.35156249999999994,2.1614583333333335,1.8098958333333335,0.6770833333333334
2605,47.13127514541929,48.11878831224477,0.6380208333333334,0.0,1.2760416666666667,1.2760416666666667,0.7552083333333335
2606,46.38926576409183,47.61034652508585,2.102864583333333,0.5859375,3.619791666666666,3.033854166666666,0.8072916666666667
2607,46.853649577323914,48.01931857805188,1.2695312499999998,0.234375,2.3046875,2.0703125,0.7291666666666666
2608,47.15013796338969,48.10402628115967,0.8072916666666665,0.234375,1.3802083333333333,1.1458333333333333,0.7421875
2609,46.70812211956432,47.66956445548301,1.46484375,0.234375,2.6953125,2.4609375,0.9895833333333333
2610,46.86370408078771,48.109281870333156,1.4518229166666667,0.35156249999999994,2.5520833333333335,2.2005208333333335,0.8984374999999999
2611,47.06221357166158,48.17108965485069,1.2760416666666667,0.46875,2.083333333333333,1.614583333333333,0.8333333333333335
2612,46.77728300663667,47.88122334809729,0.8984374999999999,0.234375,1.5625,1.328125,0.7291666666666666
2613,46.92144588159367,47.86019713325893,2.5585937500000004,0.9375,4.1796875,3.2421875,0.7552083333333335
2614,46.86133038735088,48.11583838086744,1.1458333333333335,0.1171875,2.1744791666666665,2.0572916666666665,0.7421875
2615,46.37888380307987,47.71196515191881,0.9375,0.0,1.875,1.875,0.9244791666666666
2616,46.89679282943031,48.09599456395921,0.9765625,0.234375,1.7187500000000002,1.4843750000000002,1.0546875
2617,46.52906838885725,47.70342960056932,0.9895833333333333,0.234375,1.7447916666666667,1.5104166666666667,0.8333333333333334
2618,46.696270498432575,47.6373958694873,2.8125000000000004,1.1718749999999998,4.453125,3.28125,1.0026041666666665
2619,46.98663403206206,48.016732270353614,1.2825520833333335,0.234375,2.3307291666666665,2.0963541666666665,0.9895833333333333
2620,46.960858386650635,47.89913147380403,1.653645833333333,0.35156249999999994,2.9557291666666665,2.6041666666666665,0.5078125
2621,46.72756918094234,47.90904644279955,0.56640625,0.0,1.1328125,1.1328125,0.8984374999999999
2622,47.074004718403,48.26869449654006,1.8684895833333333,0.46875,3.268229166666667,2.799479166666667,1.0546875
2623,46.20929967355161,47.4723363849697,0.9765625,0.0,1.953125,1.953125,0.8072916666666665
2624,46.00710639563895,47.068552752417496,1.73828125,0.234375,3.2421875000000004,3.0078125000000004,0.625
2625,46.66164261203004,47.86387091691058,2.154947916666667,0.46875,3.8411458333333335,3.3723958333333335,0.8593750000000001
2626,46.95542097486929,47.83894856662312,1.5755208333333333,0.46875,2.682291666666667,2.213541666666667,0.9244791666666666
2627,46.72824325000549,47.95635815731591,1.2760416666666667,0.35156249999999994,2.200520833333333,1.848958333333333,0.8854166666666666
2628,46.783155956564556,47.89913147380403,1.09375,0.0,2.1875,2.1875,0.625
2629,46.74201756141871,47.81674762885243,1.7578125,0.35156249999999994,3.1640625,2.8125,0.7291666666666666
2630,47.11349412888577,48.35638310769011,0.6770833333333334,0.1171875,1.2369791666666665,1.1197916666666665,1.1197916666666667
2631,46.66273292643698,47.750588494569946,0.9700520833333334,0.234375,1.705729166666667,1.471354166666667,0.703125
2632,46.621734606925145,47.90645108273157,1.1067708333333335,0.46875,1.7447916666666667,1.2760416666666667,0.9114583333333334
2633,47.40910349354432,48.465665794174676,2.2005208333333335,0.5859375,3.815104166666666,3.229166666666666,0.7942708333333333
2634,47.52320945131713,48.4929302880452,0.4361979166666667,0.0,0.8723958333333334,0.8723958333333334,0.8463541666666666
2635,47.18976098727205,48.03603101031511,1.5039062499999998,0.46875,2.5390625,2.0703125,1.0546875
2636,46.457357824388055,47.71524956261568,1.7968749999999998,0.234375,3.359375,3.125,0.7942708333333335
2637,46.608878481258046,47.74685802192955,0.625,0.1171875,1.1328125000000002,1.0156250000000002,0.7552083333333334
2638,46.8208076191073,47.91862180046873,0.9440104166666667,0.1171875,1.7708333333333333,1.6536458333333333,0.7942708333333333
2639,46.788085151735274,47.9952171982654,1.2890625,0.234375,2.3437499999999996,2.1093749999999996,0.8984374999999999
2640,47.19610573935696,48.35338415966777,1.907552083333333,0.46875,3.3463541666666665,2.8776041666666665,0.8593750000000001
2641,46.89710448019918,47.830882456003096,1.3802083333333333,0.234375,2.5260416666666665,2.2916666666666665,0.7552083333333335
2642,47.23089591027798,48.37261601004743,0.39713541666666663,0.0,0.7942708333333333,0.7942708333333333,0.9895833333333333
2643,47.63837692170918,48.67634032368231,0.4557291666666667,0.1171875,0.7942708333333333,0.6770833333333333,0.9375
2644,47.10354294909212,47.99955774445287,2.213541666666667,0.46875,3.958333333333333,3.489583333333333,0.6119791666666667
2645,46.729312435801894,47.75264206855498,1.998697916666667,0.7031249999999999,3.2942708333333335,2.5911458333333335,0.9114583333333334
2646,46.748351902163584,47.77711702794799,0.9765625,0.0,1.953125,1.953125,1.0416666666666665
2647,46.957979440756425,48.00044591024463,1.46484375,0.0,2.9296875,2.9296875,0.7942708333333333
2648,46.74201756141871,47.719965011539486,1.7968749999999998,0.46875,3.125,2.65625,0.8072916666666665
2649,46.87293986820879,48.1194687753145,1.77734375,0.5859375,2.96875,2.3828125,0.8593750000000001
2650,46.62629108642818,47.70900553549697,1.1653645833333333,0.1171875,2.2135416666666665,2.0963541666666665,0.7552083333333334
2651,47.03232917260346,48.093300239332315,1.2434895833333333,0.1171875,2.3697916666666665,2.2526041666666665,0.7552083333333335
2652,47.5363771217217,48.58101783470402,1.8424479166666667,0.46875,3.216145833333334,2.747395833333334,0.8593750000000001
2653,46.821214042903506,47.84906025236143,1.2304687500000002,0.35156249999999994,2.109375,1.7578125,0.8723958333333334
2654,47.064855661832425,48.11129686262028,1.4973958333333335,0.7031249999999999,2.291666666666667,1.588541666666667,0.8593750000000001
2655,47.58514994808833,48.490700400715916,1.40625,0.234375,2.578125,2.34375,0.9114583333333333
2656,47.06304734880561,48.09740455771659,0.8723958333333334,0.234375,1.5104166666666667,1.2760416666666667,0.7942708333333333
2657,46.54348028812907,47.68478074126249,1.1458333333333335,0.46875,1.8229166666666665,1.3541666666666665,1.0416666666666667
2658,46.95044010218633,48.29950381814723,1.4908854166666667,0.234375,2.7473958333333335,2.5130208333333335,0.8593750000000001
2659,46.38958730370379,47.52824414107919,0.7291666666666666,0.0,1.4583333333333333,1.4583333333333333,0.8333333333333334
2660,47.09682238019274,47.953814734187404,1.3541666666666667,0.1171875,2.591145833333333,2.473958333333333,0.6901041666666666
2661,46.988216613449026,47.94679845199822,1.712239583333333,0.5859375,2.838541666666666,2.252604166666666,0.8463541666666667
2662,47.24931741967959,48.04745403187405,0.9895833333333333,0.1171875,1.8619791666666667,1.7447916666666667,0.8854166666666666
2663,47.46075928171774,48.11985143601522,1.2174479166666667,0.234375,2.2005208333333335,1.9661458333333335,0.7552083333333335
2664,47.01527710709619,47.99955774445287,0.9505208333333335,0.1171875,1.7838541666666665,1.6666666666666665,0.8723958333333334
2665,46.784682657279276,47.98755991261692,1.38671875,0.46875,2.3046875,1.8359375,0.8463541666666667
2666,46.995520521365194,48.21021483352035,1.7578125,0.8203124999999999,2.6953125,1.875,0.78125
2667,46.55003211598234,47.81336094211233,1.5234374999999998,0.234375,2.8124999999999996,2.5781249999999996,0.9375
2668,46.79107493886594,48.02536756679695,1.2760416666666667,0.234375,2.3177083333333335,2.0833333333333335,0.9635416666666667
2669,46.1128272590582,47.10965406828489,1.9466145833333333,0.703125,3.1901041666666665,2.4869791666666665,0.6901041666666666
2670,47.13663111346986,48.26484900471202,0.7161458333333333,0.234375,1.1979166666666665,0.9635416666666665,0.9765625
2671,46.863861599200675,47.98925712536412,1.5820312499999996,0.234375,2.9296875,2.6953125,0.7291666666666666
2672,47.28251881145066,48.11259064712109,1.1197916666666665,0.1171875,2.1223958333333335,2.0052083333333335,0.9765625
2673,46.962887236055536,48.14560907284975,1.4908854166666667,0.234375,2.7473958333333335,2.5130208333333335,0.8203124999999999
2674,46.557052515367644,47.61722059005884,1.3411458333333335,0.1171875,2.5651041666666665,2.4479166666666665,0.7682291666666669
2675,46.66437859033726,48.00609124631668,1.875,0.35156249999999994,3.3984374999999996,3.0468749999999996,0.8333333333333334
2676,46.63467388511309,47.81757857301902,1.6861979166666665,0.5859375,2.7864583333333335,2.2005208333333335,0.8203125
2677,46.98149780767442,48.13779657045947,1.07421875,0.0,2.1484375,2.1484375,1.0156249999999998
2678,46.35941886602387,47.59314669960255,1.393229166666667,0.5859375,2.2005208333333335,1.6145833333333335,0.8072916666666667
2679,46.76364477267873,47.93101377302313,0.9440104166666667,0.234375,1.6536458333333337,1.4192708333333337,0.8203124999999999
2680,46.95044010218633,48.10139177037218,1.2955729166666667,0.7031249999999999,1.8880208333333335,1.1848958333333335,0.8984374999999999
2681,47.24530316341769,48.43772739879428,1.1393229166666665,0.1171875,2.1614583333333335,2.0442708333333335,1.0026041666666667
2682,46.962887236055536,47.93670460581608,2.0572916666666665,0.5859375,3.5286458333333335,2.9427083333333335,0.8333333333333334
2683,46.87293986820879,47.90089157963134,1.015625,0.35156249999999994,1.6796875,1.328125,1.1458333333333335
2684,46.32008514287863,47.65255715389049,1.0091145833333335,0.234375,1.783854166666667,1.549479166666667,0.9505208333333335
2685,46.621734606925145,47.49307580388164,2.1419270833333335,0.8203125,3.463541666666667,2.643229166666667,0.78125
2686,47.33237134868208,48.17930308953473,2.20703125,0.5859375,3.8281250000000004,3.2421875000000004,0.7552083333333335
2687,46.78638153490226,47.874706021028715,1.5234375,0.0,3.046875,3.046875,1.0416666666666667
2688,46.92144588159367,47.97284404404477,1.4062499999999998,0.35156249999999994,2.4609375000000004,2.1093750000000004,0.7942708333333333
2689,46.66437859033726,47.647603786153134,1.9661458333333333,0.35156249999999994,3.580729166666667,3.229166666666667,0.7421875
2690,46.704574070410374,47.611084540500606,1.3997395833333333,0.234375,2.5651041666666665,2.3307291666666665,0.9505208333333335
2691,46.662145986371364,47.66891336386744,1.5690104166666667,0.35156249999999994,2.786458333333333,2.434895833333333,0.8854166666666666
2692,46.46753163683308,47.44945805917679,1.5885416666666665,0.7031249999999999,2.4739583333333335,1.7708333333333335,0.7682291666666667
2693,47.78024904732015,48.45525508541029,1.0872395833333333,0.234375,1.9401041666666667,1.7057291666666667,0.7421875
2694,46.764542875864464,47.9384715698358,0.87890625,0.234375,1.5234375000000002,1.2890625000000002,1.015625
2695,46.47980280666072,47.78567583791439,2.1354166666666665,0.7031249999999999,3.567708333333333,2.864583333333333,0.6901041666666667
2696,47.009263984420926,47.99257974032793,0.8723958333333334,0.1171875,1.6276041666666667,1.5104166666666667,1.1458333333333333
2697,47.576613281736485,48.39545698565798,1.640625,0.7031249999999999,2.578125,1.875,0.7682291666666667
2698,46.82041929378526,47.96313992878025,1.4127604166666665,0.1171875,2.7083333333333335,2.5911458333333335,0.8593749999999999
2699,47.239985267610486,48.343452168487886,0.5664062499999999,0.0,1.1328124999999998,1.1328124999999998,0.8854166666666666
2700,47.16971306044993,48.01802542420275,1.5755208333333333,0.8203124999999999,2.3307291666666665,1.5104166666666665,0.7421875
2701,47.06221357166158,48.01543900858024,1.5494791666666667,0.35156249999999994,2.747395833333333,2.395833333333333,0.9765625
2702,47.058854746716996,47.816926750836444,1.38671875,0.46875,2.3046875,1.8359375,0.7682291666666667
2703,46.24894168627445,47.38246001313559,1.6276041666666667,0.234375,3.020833333333333,2.786458333333333,0.9375
2704,47.49394218834723,48.46943535131694,0.9700520833333334,0.1171875,1.8229166666666667,1.7057291666666667,1.0677083333333333
2705,46.987438533441626,48.10457679149468,1.4192708333333335,0.234375,2.6041666666666665,2.3697916666666665,0.7552083333333333
2706,46.99392424417918,47.98707749308085,1.3281250000000002,0.1171875,2.5390625,2.421875,0.78125
2707,46.76283774205915,47.812633066108546,0.8072916666666665,0.1171875,1.4973958333333335,1.3802083333333335,0.8593750000000001
2708,47.13127514541929,48.05708105218295,0.703125,0.234375,1.171875,0.9375,0.8203125
2709,47.24530316341769,48.11878831224477,0.8463541666666667,0.0,1.6927083333333335,1.6927083333333335,0.8854166666666666
2710,46.710463558762285,47.64360060120858,1.3020833333333335,0.35156249999999994,2.2526041666666665,1.9010416666666665,0.6640625
2711,46.94698498689436,47.94576509920834,1.614583333333333,0.35156249999999994,2.8776041666666665,2.5260416666666665,0.8072916666666665
2712,46.62643038150299,47.782409903236136,1.0611979166666665,0.234375,1.8880208333333328,1.6536458333333328,0.7421875
2713,47.21260259545523,48.11878831224477,0.8463541666666666,0.0,1.6927083333333333,1.6927083333333333,0.7942708333333333
2714,46.764542875864464,47.96046974789606,2.493489583333333,1.0546875,3.9322916666666665,2.8776041666666665,0.9244791666666666
2715,46.98741211206946,48.00609124631668,1.3411458333333333,0.1171875,2.5651041666666665,2.4479166666666665,1.0677083333333333
2716,46.58111221056633,47.60963563856203,1.2239583333333333,0.35156249999999994,2.096354166666667,1.744791666666667,0.9244791666666666
2717,46.935299264656585,47.947199437739016,1.8359375,0.7031249999999999,2.96875,2.265625,0.7682291666666667
2718,47.07387569186113,48.09341231028626,1.8684895833333333,0.5859375,3.1510416666666665,2.5651041666666665,0.7682291666666666
2719,46.66111325011272,47.73268887088705,1.4713541666666667,0.234375,2.7083333333333335,2.4739583333333335,0.7552083333333334
2720,46.3066125006505,47.493508996114436,1.4127604166666667,0.46875,2.3567708333333335,1.8880208333333335,0.8333333333333334
2721,46.72756918094234,47.95618538533672,1.66015625,0.46875,2.8515625000000004,2.3828125000000004,1.0677083333333333
2722,47.11349412888577,48.14639729432998,0.87890625,0.234375,1.5234374999999998,1.2890624999999998,0.8984374999999999
2723,46.49749842658742,47.628250617832194,1.1458333333333335,0.35156249999999994,1.9401041666666667,1.5885416666666667,0.7031250000000001
2724,47.33317852260112,48.353076694388065,0.9895833333333335,0.1171875,1.8619791666666667,1.7447916666666667,0.78125
2725,46.70742256256999,47.69870992157978,1.0026041666666665,0.1171875,1.8880208333333333,1.7708333333333333,0.9505208333333335
2726,47.40092718871697,48.3591352437725,0.8528645833333335,0.1171875,1.5885416666666665,1.4713541666666665,0.8463541666666666
2727,47.19171543451232,48.517082674336834,1.1588541666666667,0.46875,1.8489583333333337,1.3802083333333337,0.9114583333333334
2728,46.98149780767442,48.098897747937855,1.6210937500000002,0.234375,3.0078125,2.7734375,0.8072916666666665
2729,46.248187790220726,47.60963563856203,1.7708333333333333,0.46875,3.072916666666667,2.604166666666667,0.7421875
2730,46.893631915531344,47.885773785526574,1.9921874999999998,0.35156249999999994,3.6328125000000004,3.2812500000000004,0.7682291666666666
2731,46.6282570409223,47.68713889190522,1.4713541666666667,0.35156249999999994,2.5911458333333335,2.2395833333333335,0.7552083333333333
2732,47.03719331444244,48.12418275547642,2.34375,0.7031249999999999,3.9843749999999996,3.2812499999999996,0.9505208333333335
2733,46.4201280369018,47.771402854440566,1.34765625,0.35156249999999994,2.34375,1.9921875,1.0807291666666667
2734,46.73901267560985,47.7139858918299,1.5234375000000002,0.35156249999999994,2.6953125,2.34375,0.8333333333333334
2735,46.95181715038937,48.040880373971376,1.2955729166666667,0.35156249999999994,2.2395833333333335,1.8880208333333335,0.7682291666666667
2736,46.804793791383894,47.97108717354473,0.78125,0.234375,1.328125,1.09375,0.8984374999999999
2737,46.80256901740373,47.88354013175777,0.7747395833333333,0.0,1.5494791666666665,1.5494791666666665,1.0026041666666665
2738,46.6288029104252,47.816342730563676,1.15234375,0.234375,2.0703125,1.8359375,1.0286458333333333
2739,46.862517234069294,47.98321850590214,1.0416666666666667,0.1171875,1.9661458333333333,1.8489583333333333,0.8463541666666667
2740,47.504576681002206,48.371576501397776,1.2955729166666667,0.234375,2.3567708333333335,2.1223958333333335,0.8723958333333334
2741,46.97995610978055,47.912029556666894,1.0481770833333333,0.1171875,1.9791666666666665,1.8619791666666665,0.9765625
2742,46.92144588159367,47.99955774445287,0.8203125000000002,0.46875,1.1718750000000002,0.7031250000000002,0.8723958333333334
2743,46.699766862355176,47.723652886908255,2.0377604166666665,0.5859375,3.4895833333333335,2.9036458333333335,0.7161458333333334
2744,47.61610398167927,48.552750754020124,0.7096354166666665,0.0,1.419270833333333,1.419270833333333,0.8333333333333334
2745,46.632559874422284,47.7139858918299,1.85546875,0.5859375,3.125,2.5390625,0.8203124999999999
2746,47.70342960056932,48.693656410387646,0.9700520833333334,0.234375,1.705729166666667,1.471354166666667,0.9635416666666667
2747,46.869306735134984,48.08019409033811,1.5169270833333335,0.46875,2.5651041666666665,2.0963541666666665,0.7161458333333334
2748,46.39436429472756,47.57723179741399,0.9179687499999999,0.1171875,1.7187500000000002,1.6015625000000002,0.9505208333333335
2749,47.64765604325195,48.36727342451608,1.1653645833333333,0.234375,2.096354166666667,1.861979166666667,0.8984374999999999
2750,46.7303816215983,48.02605793443362,1.5234375,0.5859375,2.4609375000000004,1.8750000000000004,0.9114583333333334
2751,46.4428602069715,47.634486758305115,2.252604166666667,0.5859375,3.919270833333334,3.333333333333334,0.8593750000000001
2752,47.075315841048436,48.17788710905821,1.5039062499999998,0.35156249999999994,2.65625,2.3046875,0.8854166666666666
2753,46.17915946296569,47.08159794059515,1.4973958333333333,0.234375,2.7604166666666665,2.5260416666666665,0.7682291666666667
2754,46.57504954698819,47.78024904732015,1.9401041666666667,0.5859375,3.2942708333333335,2.7083333333333335,0.9114583333333333
2755,46.61740247934667,47.66095434908641,1.2369791666666667,0.234375,2.2395833333333335,2.0052083333333335,0.8984374999999999
2756,46.70742256256999,47.635607771215895,2.0703125,0.5859375,3.5546875,2.96875,0.7682291666666667
2757,46.0064427357067,47.29886058582674,1.7447916666666667,0.5859375,2.9036458333333335,2.3177083333333335,0.8333333333333334
2758,47.59441648691138,48.52019301297393,1.015625,0.234375,1.7968749999999998,1.5624999999999998,1.0416666666666667
2759,46.55620796500447,47.68032044572884,1.7317708333333335,0.46875,2.994791666666667,2.526041666666667,1.0026041666666665
2760,47.114389013041276,48.05204803704836,1.4322916666666665,0.234375,2.630208333333333,2.395833333333333,0.8203125
2761,47.08073010382604,48.099898580150914,0.2734375,0.0,0.546875,0.546875,0.6901041666666666
2762,47.06395150531902,47.9952171982654,2.4609375000000004,0.9375,3.9843750000000004,3.0468750000000004,0.8072916666666667
2763,46.70282577277982,47.81414220246444,2.291666666666667,0.7031249999999999,3.8802083333333335,3.1770833333333335,0.7552083333333333
2764,47.13362676737039,48.15043793677774,0.7617187499999999,0.0,1.5234374999999998,1.5234374999999998,0.9375
2765,46.096538859134675,47.48897697130104,2.44140625,0.35156249999999994,4.531249999999999,4.179687499999999,0.9635416666666667
2766,46.83939760246145,47.78212104105769,1.2044270833333333,0.0,2.4088541666666665,2.4088541666666665,0.625
2767,46.83153355679391,47.968391314409466,0.78125,0.0,1.5625,1.5625,1.25
2768,47.25560650077141,48.20971688767397,1.3736979166666667,0.0,2.7473958333333335,2.7473958333333335,0.8723958333333334
2769,46.893631915531344,47.874334225338494,1.1328125,0.0,2.265625,2.265625,0.9505208333333335
2770,47.074004718403,48.0105897903073,1.46484375,0.35156249999999994,2.578125,2.2265625,0.9635416666666667
2771,46.98650905851391,48.063902350327034,1.0677083333333333,0.234375,1.901041666666667,1.666666666666667,1.1328125
2772,46.66108726253671,47.63751847953387,1.2369791666666667,0.35156249999999994,2.1223958333333335,1.7708333333333335,0.8463541666666667
2773,46.71251239530927,47.72306033074677,1.3020833333333333,0.0,2.6041666666666665,2.6041666666666665,0.8203125
2774,46.5369284602758,47.65801910581872,2.5651041666666665,0.9375,4.192708333333334,3.255208333333334,0.8984375000000001
2775,46.6282570409223,47.79735236070757,1.197916666666667,0.1171875,2.2786458333333335,2.1614583333333335,0.9765625
2776,47.05463850829697,48.20219510849677,2.2591145833333335,0.8203124999999999,3.6979166666666665,2.8776041666666665,0.9114583333333333
2777,46.1128272590582,47.1278913657333,1.8098958333333335,0.35156249999999994,3.268229166666667,2.916666666666667,0.6640625
2778,47.14606252245507,47.965768847061,1.015625,0.1171875,1.9140625000000002,1.7968750000000002,0.8203124999999999
2779,47.372437837349764,48.33512008228444,1.3346354166666665,0.35156249999999994,2.3177083333333335,1.9661458333333335,0.9375000000000001
2780,46.748351902163584,47.83915579884199,1.0286458333333335,0.1171875,1.9401041666666667,1.8229166666666667,0.9765625
2781,47.59047040675532,48.390212526405804,1.705729166666667,0.5859375,2.8255208333333335,2.2395833333333335,1.015625
2782,47.54600594093853,48.535505247844,1.4843750000000002,0.1171875,2.8515625000000004,2.7343750000000004,0.8593750000000001
2783,46.66113923768872,47.72680694040667,1.3411458333333335,0.1171875,2.5651041666666665,2.4479166666666665,0.8333333333333334
2784,47.06304734880561,48.06848796812082,1.1979166666666665,0.1171875,2.278645833333333,2.161458333333333,0.8723958333333334
2785,46.66437859033726,47.94712877359607,1.7317708333333335,0.5859375,2.877604166666667,2.291666666666667,0.9635416666666667
2786,47.14198708152044,47.985384932090255,1.7838541666666665,0.5859375,2.9817708333333335,2.3958333333333335,0.8723958333333334
2787,46.8063693308639,47.92140187747209,1.5234374999999998,0.0,3.0468749999999996,3.0468749999999996,0.9635416666666667
2788,47.07451477141208,48.14560907284975,0.78125,0.1171875,1.4453125,1.328125,0.9895833333333333
2789,47.06395150531902,48.22697323388557,1.705729166666667,0.7031249999999999,2.7083333333333335,2.0052083333333335,0.8463541666666666
2790,46.52906838885725,47.6168543366829,0.6380208333333334,0.0,1.2760416666666667,1.2760416666666667,0.9765625
2791,46.81704926239018,48.12358478265488,1.4257812500000002,0.234375,2.6171875,2.3828125,0.7552083333333334
2792,46.5558890325395,47.66069224897258,2.5651041666666665,1.0546875,4.075520833333333,3.020833333333333,0.7942708333333333
2793,46.16147541861936,47.3879865260009,1.8229166666666672,0.5859375,3.059895833333333,2.473958333333333,0.9635416666666667
2794,47.036631500306584,47.98623121258555,1.2174479166666667,0.46875,1.9661458333333333,1.4973958333333333,0.9505208333333335
2795,47.5363771217217,48.70711122314282,0.68359375,0.0,1.3671875,1.3671875,0.9375
2796,46.90184493268001,47.92259027931063,1.9205729166666667,0.9375,2.9036458333333335,1.9661458333333335,0.8984374999999999
2797,46.93042097797615,47.91171273389805,1.2630208333333333,0.0,2.5260416666666665,2.5260416666666665,0.9635416666666667
2798,46.08700212128486,47.37737356213437,1.8098958333333335,0.46875,3.1510416666666665,2.6822916666666665,0.7031249999999999
2799,46.70591328749099,48.10317996809138,2.24609375,0.8203125,3.671875,2.8515625,1.119791666666667
2800,46.62629108642818,47.49835790930483,1.2109374999999998,0.234375,2.1875,1.953125,0.8593750000000001
2801,46.773994290228124,47.92034873963015,1.0221354166666667,0.234375,1.809895833333333,1.575520833333333,0.8072916666666667
2802,45.93731258735367,47.222122200795084,1.23046875,0.35156249999999994,2.109375,1.7578125,0.8333333333333335
2803,47.00029597609754,48.26583454186576,0.5924479166666666,0.0,1.1848958333333333,1.1848958333333333,0.7552083333333334
2804,46.641627114631525,47.714320333909384,0.9440104166666667,0.234375,1.6536458333333333,1.4192708333333333,0.6510416666666666
2805,46.99392424417918,48.20394318017137,1.712239583333333,0.46875,2.9557291666666665,2.4869791666666665,0.78125
2806,46.73208015376777,47.81462531583044,1.3216145833333335,0.46875,2.1744791666666665,1.7057291666666665,0.8463541666666667
2807,46.65274353113084,47.82226518412926,0.8463541666666666,0.0,1.6927083333333333,1.6927083333333333,0.8333333333333334
2808,46.89947470643959,48.107304841718005,1.3151041666666665,0.35156249999999994,2.2786458333333335,1.9270833333333335,0.8593750000000001
2809,46.696386136924986,47.689786226032076,0.9960937499999999,0.1171875,1.875,1.7578125,0.9765625
2810,46.988190192076864,48.04896982921131,1.3671875,0.35156249999999994,2.3828125,2.03125,0.9114583333333334
2811,47.05255240254351,47.97207735775085,1.3606770833333333,0.234375,2.486979166666667,2.252604166666667,0.9895833333333333
2812,46.853649577323914,47.87946598134584,1.3606770833333333,0.35156249999999994,2.3697916666666665,2.0182291666666665,0.8463541666666667
2813,46.988190192076864,47.824714830685,1.6992187499999998,0.5859375,2.8124999999999996,2.2265624999999996,1.0026041666666667
2814,47.02490796009899,48.06186361516647,1.3932291666666665,0.234375,2.5520833333333335,2.3177083333333335,0.7682291666666667
2815,46.77675618316132,47.92201841404332,1.3281250000000002,0.234375,2.421875,2.1875,0.9244791666666666
2816,46.66437859033726,47.69512645153152,1.5234375000000002,0.8203124999999999,2.2265624999999996,1.4062499999999996,0.703125
2817,47.26408717888675,48.39526593382504,0.9375,0.0,1.875,1.875,0.9895833333333333
2818,46.73645740427898,47.81140013610229,1.171875,0.234375,2.109375,1.875,0.703125
2819,47.03232917260346,47.94416454095386,1.19140625,0.234375,2.1484375,1.9140625,0.8593750000000001
2820,46.893631915531344,47.86879042727305,1.2890625,0.35156249999999994,2.2265625,1.875,0.9505208333333335
2821,47.25950210265207,48.3421540306476,1.0611979166666667,0.234375,1.8880208333333333,1.6536458333333333,0.78125
2822,46.28976605841334,47.39616943341266,1.9466145833333333,0.5859375,3.3072916666666665,2.7213541666666665,0.5078124999999999
2823,46.78864614041439,47.874706021028715,2.2330729166666665,0.9375,3.5286458333333335,2.5911458333333335,0.8333333333333334
2824,46.64863443017522,47.79113181027724,1.1848958333333333,0.35156249999999994,2.0182291666666665,1.6666666666666665,0.5859375
2825,46.70072506242886,47.71968537942317,1.959635416666667,0.8203125,3.098958333333333,2.278645833333333,0.8333333333333335
2826,46.76364477267873,48.11219430966732,1.2109375,0.46875,1.953125,1.484375,1.0026041666666665
2827,47.00655117423827,48.00044591024463,1.5690104166666667,0.7031249999999999,2.434895833333333,1.731770833333333,0.8203124999999999
2828,47.705521476946124,48.77371637172324,1.26953125,0.46875,2.0703125,1.6015625,0.9375
2829,46.95726875260487,48.01309410583383,1.5885416666666665,0.35156249999999994,2.8255208333333335,2.4739583333333335,0.7291666666666667
2830,47.32068137798343,48.14639729432998,0.9895833333333333,0.234375,1.7447916666666667,1.5104166666666667,0.9375
2831,45.93628501625681,47.0032090969724,1.73828125,0.234375,3.2421874999999996,3.0078124999999996,0.8463541666666667
2832,46.99392424417918,47.92903621482169,1.0807291666666667,0.1171875,2.044270833333333,1.927083333333333,0.8723958333333334
2833,47.01417293862282,48.11893721342928,1.3151041666666667,0.35156249999999994,2.2786458333333335,1.9270833333333335,1.2890625
2834,47.00985148673087,48.13795342151577,1.9856770833333335,0.7031249999999999,3.268229166666667,2.565104166666667,0.8593750000000001
2835,47.07387569186113,48.12612022095835,1.42578125,0.234375,2.6171875,2.3828125,0.7291666666666666
2836,47.13127514541929,48.00203965783677,1.3346354166666665,0.0,2.669270833333333,2.669270833333333,0.7552083333333334
2837,47.102713271524784,48.078621044561096,1.5169270833333335,0.5859375,2.447916666666667,1.861979166666667,0.6770833333333334
2838,46.98149780767442,48.00475239880767,1.5364583333333335,0.1171875,2.9557291666666665,2.8385416666666665,0.8463541666666667
2839,47.18976098727205,48.20532947042771,0.8593750000000001,0.1171875,1.6015625000000002,1.4843750000000002,1.1848958333333333
2840,47.102713271524784,48.150890688988355,0.8984374999999999,0.1171875,1.6796875,1.5625,0.8463541666666667
2841,46.64863443017522,47.88828063015135,1.0677083333333333,0.1171875,2.018229166666667,1.901041666666667,1.0026041666666665
2842,46.62606673450362,47.72024331225806,1.8880208333333333,0.703125,3.072916666666667,2.369791666666667,0.7552083333333334
2843,47.00507373141421,48.12283531178963,1.5039062500000002,0.46875,2.5390625000000004,2.0703125000000004,0.6640625000000001
2844,46.47980280666072,47.60648703583032,1.2434895833333335,0.234375,2.252604166666667,2.018229166666667,0.9244791666666666
2845,46.4201280369018,47.347634153176486,1.1197916666666665,0.1171875,2.1223958333333335,2.0052083333333335,0.6770833333333334
2846,46.63020221189915,47.91234637943574,1.15234375,0.234375,2.0703125000000004,1.8359375000000004,0.8463541666666666
2847,47.49835790930483,48.487967295811785,1.6471354166666667,0.5859375,2.7083333333333335,2.1223958333333335,0.9244791666666666
2848,46.36422831044539,47.60417209733331,1.0351562500000002,0.0,2.0703125000000004,2.0703125000000004,0.8203125
2849,46.951128626287854,47.96313992878025,0.7747395833333335,0.234375,1.315104166666667,1.080729166666667,1.1848958333333333
2850,46.97995610978055,48.112392478394206,1.6992187500000002,0.35156249999999994,3.0468750000000004,2.6953125000000004,0.9505208333333335
2851,47.07930557457276,48.535505247844,1.1002604166666667,0.35156249999999994,1.8489583333333333,1.4973958333333333,0.9375000000000001
2852,46.57151750564956,47.56469461862639,1.3541666666666667,0.234375,2.473958333333333,2.239583333333333,0.6770833333333334
2853,47.78375400839682,48.71485246503927,1.0286458333333333,0.0,2.0572916666666665,2.0572916666666665,1.0416666666666667
2854,46.74489900021671,47.79521586113488,1.2760416666666667,0.5859375,1.9661458333333337,1.3802083333333337,0.8723958333333334
2855,47.536157275505474,48.54950495260799,1.328125,0.234375,2.421875,2.1875,0.8854166666666666
2856,47.053528624105276,48.17108965485069,1.3346354166666667,0.46875,2.2005208333333335,1.7317708333333335,0.8593750000000001
2857,47.15013796338969,48.053863439021434,1.26953125,0.1171875,2.4218749999999996,2.3046874999999996,0.9244791666666665
2858,47.07865185970235,48.07993713154579,1.1067708333333333,0.0,2.2135416666666665,2.2135416666666665,0.6901041666666667
2859,46.70072506242886,47.872386338247495,1.0221354166666667,0.0,2.0442708333333335,2.0442708333333335,0.8072916666666667
2860,46.69920726044825,47.508222375481715,1.54296875,0.1171875,2.96875,2.8515625,0.7291666666666666
2861,48.07518366670569,49.02942982314509,0.9049479166666665,0.0,1.809895833333333,1.809895833333333,0.8593750000000001
2862,46.882178536195184,47.933746789923134,1.5234375000000002,0.35156249999999994,2.6953125,2.34375,0.8072916666666665
2863,46.92144588159367,48.04349266459556,0.9505208333333333,0.0,1.9010416666666665,1.9010416666666665,0.8072916666666665
2864,46.97841441188669,48.04377609910238,1.1848958333333335,0.234375,2.1354166666666665,1.9010416666666665,0.7942708333333333
2865,46.70072506242886,47.969139987585486,2.9036458333333335,1.1718749999999998,4.635416666666667,3.463541666666667,0.8463541666666666
2866,46.58861500170503,47.56530546716472,1.803385416666667,0.46875,3.1380208333333335,2.6692708333333335,0.8593750000000001
2867,46.71251239530927,47.648140362381966,1.19140625,0.234375,2.1484375,1.9140625,0.8072916666666665
2868,47.32068137798343,48.22014736477312,1.4192708333333333,0.5859375,2.2526041666666665,1.6666666666666665,0.9765625
2869,46.9511648899873,47.91460405712099,1.3932291666666667,0.46875,2.3177083333333335,1.8489583333333335,0.8984374999999999
2870,47.4293981486112,48.20185860556906,2.16796875,0.7031249999999999,3.6328125000000004,2.9296875000000004,1.0677083333333333
2871,46.95047636588578,48.17676220581971,1.8359375,0.46875,3.2031249999999996,2.7343749999999996,0.9765625
2872,46.818966340647194,47.830882456003096,1.66015625,0.35156249999999994,2.96875,2.6171875,0.8984374999999999
2873,46.788085151735274,47.83188711133842,0.9960937499999999,0.0,1.9921874999999998,1.9921874999999998,0.8463541666666667
2874,46.42149973894916,47.54983422159421,0.8723958333333334,0.1171875,1.6276041666666667,1.5104166666666667,0.7552083333333334
2875,47.18497048053144,48.25025201861872,1.2955729166666665,0.234375,2.3567708333333335,2.1223958333333335,1.0286458333333335
2876,46.753464855828135,47.91749538034393,1.7578125,0.46875,3.0468750000000004,2.5781250000000004,0.9765625
2877,46.58090494528418,47.71389840424977,1.50390625,0.35156249999999994,2.65625,2.3046875,0.7682291666666666
2878,46.12159425097554,47.44945805917679,0.9309895833333334,0.234375,1.6276041666666667,1.3932291666666667,0.8984374999999999
2879,47.11349412888577,48.12376341742189,1.1783854166666667,0.1171875,2.239583333333333,2.122395833333333,1.0416666666666667
2880,47.52405345502292,48.55174621656252,1.8945312499999998,0.46875,3.3203125,2.8515625,0.7421875
2881,46.97583498216074,48.14639729432998,0.7942708333333335,0.234375,1.3541666666666667,1.1197916666666667,0.8203125
2882,47.077525724868664,48.19718687410559,1.1393229166666665,0.35156249999999994,1.927083333333333,1.575520833333333,0.9114583333333334
2883,46.99392424417918,48.24659060825175,1.3541666666666667,0.234375,2.4739583333333335,2.2395833333333335,0.7031249999999999
2884,46.80256901740373,47.96313992878025,0.8658854166666667,0.1171875,1.614583333333333,1.497395833333333,0.8072916666666665
2885,46.25723816133418,47.55371178784401,1.6015624999999998,0.46875,2.734375,2.265625,0.8984375000000001
2886,46.99108363950019,47.95512381374943,1.8684895833333333,0.5859375,3.1510416666666665,2.5651041666666665,0.8593750000000001
2887,46.43570795547708,47.50436201905086,3.0338541666666665,1.2890625,4.778645833333334,3.489583333333334,0.7161458333333334
2888,46.45819432557147,47.707891683825956,1.0807291666666667,0.1171875,2.044270833333333,1.927083333333333,1.0026041666666665
2889,47.13127514541929,48.06893314160728,1.881510416666667,0.7031249999999999,3.0598958333333335,2.3567708333333335,0.9895833333333333
2890,46.73377868593724,47.97349046337185,1.0677083333333333,0.1171875,2.0182291666666665,1.9010416666666665,0.546875
2891,46.788085151735274,48.07993713154579,1.1588541666666667,0.35156249999999994,1.9661458333333333,1.6145833333333333,0.9114583333333333
2892,46.51696108057192,47.7103222575394,1.1848958333333333,0.1171875,2.252604166666666,2.135416666666666,0.9765625
2893,46.788085151735274,47.7879854903723,1.7708333333333333,0.7031249999999999,2.8385416666666665,2.1354166666666665,0.9244791666666666
2894,46.55630917783519,47.665005857545964,1.4453125,0.35156249999999994,2.5390625,2.1875,0.9765625
2895,46.74662545119015,47.91898546756188,0.9830729166666666,0.0,1.9661458333333333,1.9661458333333333,0.9765625
2896,47.06676074794599,48.08040110709378,1.4388020833333333,0.234375,2.6432291666666665,2.4088541666666665,0.8463541666666666
2897,47.49835790930483,48.7543472395303,0.87890625,0.1171875,1.640625,1.5234375,1.0677083333333333
2898,46.97712469702371,48.12376341742189,2.4283854166666665,1.2890625,3.567708333333333,2.278645833333333,0.8984374999999999
2899,47.61094537469311,48.39489574114168,1.9140625000000002,0.5859375,3.2421875000000004,2.6562500000000004,0.9765625
2900,46.936780635240645,47.90089157963134,0.8593750000000001,0.234375,1.484375,1.25,0.7682291666666667
2901,46.988243034821195,47.8699788253207,1.640625,0.5859375,2.6953125,2.109375,0.7942708333333333
2902,46.65274353113084,47.66089686972972,2.01171875,0.234375,3.7890624999999996,3.5546874999999996,0.9375
2903,47.07612094115205,48.28379327572371,1.4127604166666667,0.234375,2.591145833333333,2.356770833333333,1.1328125
2904,47.40910349354432,48.34700846870917,1.5755208333333333,0.35156249999999994,2.7994791666666665,2.4479166666666665,0.8203125
2905,46.95181715038937,47.74398316326297,1.8229166666666665,0.5859375,3.059895833333333,2.473958333333333,0.9375000000000001
2906,47.077525724868664,48.08311623783856,0.52734375,0.0,1.0546875,1.0546875,1.2109375
2907,46.36610983460439,47.508222375483115,0.9309895833333334,0.234375,1.6276041666666667,1.3932291666666667,0.6380208333333334
2908,46.99567333618724,48.17407727371014,0.64453125,0.0,1.2890625,1.2890625,0.7161458333333334
2909,47.372437837349764,48.18850150677916,0.9635416666666667,0.1171875,1.809895833333333,1.692708333333333,1.0677083333333333
2910,47.03719331444244,48.04482294066178,1.0546875,0.234375,1.875,1.640625,0.7942708333333333
2911,46.83584189961699,47.77531546078042,1.15234375,0.0,2.3046875,2.3046875,0.8203125
2912,46.79740030988978,47.78183217887924,2.0442708333333335,0.5859375,3.5026041666666665,2.9166666666666665,0.6510416666666666
2913,46.093128180587016,47.560234665666215,1.640625,0.46875,2.8125,2.34375,0.7682291666666667
2914,46.37465115209458,47.421772622123264,1.3997395833333333,0.1171875,2.6822916666666665,2.5651041666666665,1.0416666666666667
2915,47.33411805667866,48.298335333572716,0.6184895833333333,0.0,1.2369791666666665,1.2369791666666665,0.9375000000000001
2916,46.38926576409183,47.64896073226292,0.9179687499999999,0.234375,1.6015624999999998,1.3671874999999998,0.78125
2917,47.46075928171774,48.190300637259966,0.8658854166666667,0.0,1.7317708333333335,1.7317708333333335,0.7421875
2918,46.73901267560985,47.71504874902089,1.712239583333333,0.1171875,3.3072916666666665,3.1901041666666665,0.9765625
2919,47.20740223783282,48.22893002112117,2.0768229166666665,0.703125,3.450520833333333,2.747395833333333,0.703125
2920,46.49779919824327,47.63651731349475,2.0703125,0.9375,3.2031249999999996,2.2656249999999996,0.8593749999999999
2921,47.13770220830501,48.13647470551259,1.0546875,0.0,2.109375,2.109375,0.6510416666666666
2922,46.60505224628725,47.66069224897258,2.59765625,0.9375,4.2578125,3.3203125,0.78125
2923,46.72649999514593,47.80279043967728,1.2109374999999998,0.1171875,2.3046875,2.1875,0.8463541666666666
2924,47.09024404693102,47.92201841404332,2.05078125,0.5859375,3.515625,2.9296875,0.9244791666666666
2925,46.97465931738799,47.84906025236143,2.115885416666667,0.8203124999999999,3.411458333333334,2.591145833333334,0.8593750000000001
2926,47.068552752417496,47.94490156059686,1.2825520833333333,0.234375,2.3307291666666665,2.0963541666666665,0.9114583333333333
2927,46.8591767607772,47.95635815731591,1.4322916666666667,0.46875,2.3958333333333335,1.9270833333333335,0.8593750000000001
2928,46.66437859033726,47.67332211172118,1.8619791666666667,0.35156249999999994,3.372395833333333,3.020833333333333,1.015625
2929,47.491188125367906,48.22020167275566,2.28515625,0.5859375,3.9843750000000004,3.3984375000000004,0.703125
2930,46.78683954824361,47.756534875535,2.109375,0.5859375,3.6328124999999996,3.0468749999999996,0.7421875
2931,46.90736717112194,48.01143389892173,0.9440104166666666,0.1171875,1.7708333333333333,1.6536458333333333,0.9114583333333333
2932,46.81021146421228,47.84284332513944,1.4127604166666665,0.234375,2.591145833333333,2.356770833333333,0.8333333333333334
2933,46.58643566137194,47.747206757193325,2.03125,0.7031249999999999,3.3593750000000004,2.6562500000000004,0.7552083333333334
2934,46.604811238897085,47.82771471071068,0.17578124999999997,0.0,0.35156249999999994,0.35156249999999994,0.8463541666666667
2935,47.16460230315017,48.08565490462176,0.7942708333333333,0.0,1.5885416666666665,1.5885416666666665,0.9244791666666666
2936,47.077525724868664,48.21724743670316,1.1718750000000002,0.35156249999999994,1.9921874999999998,1.6406249999999998,0.8333333333333334
2937,46.41862662281512,47.58573755309937,1.4583333333333333,0.46875,2.447916666666667,1.979166666666667,0.78125
2938,46.8647058875222,47.93469198200137,1.1002604166666665,0.234375,1.9661458333333333,1.7317708333333333,0.8072916666666667
2939,47.32620469048111,48.26183560531738,1.7252604166666667,0.46875,2.981770833333334,2.513020833333334,0.7682291666666667
2940,46.914508396486895,48.04780327157579,1.2239583333333333,0.1171875,2.3307291666666665,2.2135416666666665,0.7682291666666667
2941,46.862517234069294,48.0307891700656,1.705729166666667,0.703125,2.7083333333333335,2.0052083333333335,0.9765625
2942,46.97995610978055,48.0708367006842,0.78125,0.234375,1.328125,1.09375,0.9114583333333333
2943,47.23312823645573,48.06486630102646,1.1458333333333333,0.1171875,2.1744791666666665,2.0572916666666665,0.8984374999999999
2944,46.719455460812725,47.69064955509382,1.1653645833333333,0.46875,1.8619791666666663,1.3932291666666663,0.7682291666666667
2945,46.72475674028638,47.80424094486704,1.6276041666666665,0.234375,3.020833333333333,2.786458333333333,0.8593749999999999
2946,46.80256901740373,47.90886604824329,1.5755208333333333,0.35156249999999994,2.7994791666666665,2.4479166666666665,0.8203125
2947,46.42481672073432,47.64194617416973,1.2174479166666665,0.1171875,2.317708333333333,2.200520833333333,0.9635416666666667
2948,47.195449058769114,48.0394138796836,1.2630208333333333,0.1171875,2.4088541666666665,2.2916666666666665,0.9375000000000001
2949,46.97712469702371,48.2045431416216,1.3671875,0.35156249999999994,2.3828125,2.03125,0.8854166666666666
2950,47.0554841036067,47.94983741909425,2.005208333333333,0.5859375,3.424479166666667,2.838541666666667,0.8854166666666666
2951,46.308699287400884,47.28369097579142,1.0481770833333333,0.0,2.0963541666666665,2.0963541666666665,0.7552083333333335
2952,47.01472502285951,48.07231612980999,1.5625,0.35156249999999994,2.7734375,2.421875,0.8593750000000001
2953,46.87293986820879,47.97337019640502,1.015625,0.35156249999999994,1.6796875000000002,1.3281250000000002,0.6901041666666666
2954,47.51899147355794,48.35676971850957,1.15234375,0.234375,2.0703124999999996,1.8359374999999996,0.9375
2955,46.90558691337884,47.929526557408686,1.7057291666666665,0.35156249999999994,3.0598958333333335,2.7083333333333335,0.8463541666666666
2956,46.391366465942276,47.50831662972504,1.3997395833333335,0.46875,2.3307291666666665,1.8619791666666665,0.8984374999999999
2957,47.053528624105276,48.142663535748255,1.2630208333333333,0.35156249999999994,2.1744791666666665,1.8229166666666665,1.0807291666666667
2958,46.984003433094166,48.016732270353614,1.15234375,0.46875,1.8359375,1.3671875,0.8203125
2959,46.56676681664144,47.94576509920834,1.7252604166666672,0.8203124999999999,2.630208333333334,1.809895833333334,1.0156249999999998
2960,47.02546977423484,48.05785274944822,1.6080729166666665,0.1171875,3.0989583333333335,2.9817708333333335,0.7552083333333333
2961,46.988243034821195,47.90424111148952,0.5989583333333333,0.0,1.1979166666666665,1.1979166666666665,0.8854166666666666
2962,47.16460230315017,48.46558044859941,1.54296875,0.234375,2.8515625,2.6171875,1.1328125000000002
2963,46.988243034821195,48.06357166234562,1.25,0.234375,2.2656250000000004,2.0312500000000004,0.7161458333333333
2964,47.387069525934486,48.312700648139014,1.484375,0.35156249999999994,2.6171875,2.265625,0.8463541666666667
2965,46.83584189961699,47.80133076108848,1.4973958333333335,0.234375,2.7604166666666665,2.5260416666666665,0.8072916666666667
2966,47.01417293862282,47.98753553742454,1.8098958333333335,0.46875,3.1510416666666665,2.6822916666666665,0.9114583333333334
2967,46.70072506242886,47.9598235623237,0.9960937499999999,0.1171875,1.875,1.7578125,0.9375
2968,46.66352265861292,47.81168471306771,1.3541666666666667,0.234375,2.473958333333333,2.239583333333333,0.6640625
2969,47.07571839110024,48.08040110709378,1.26953125,0.35156249999999994,2.1875,1.8359375,0.8854166666666666
2970,46.86250296146529,47.89288639146177,1.0286458333333333,0.0,2.0572916666666665,2.0572916666666665,0.7942708333333333
2971,46.95276487793041,47.95646169038065,1.8684895833333333,0.5859375,3.1510416666666665,2.5651041666666665,0.7421875
2972,47.72680694040667,48.83673782970844,1.3867187500000002,0.35156249999999994,2.421875,2.0703125,0.8984374999999999
2973,46.748351902163584,47.80278126627824,1.8229166666666667,0.46875,3.177083333333333,2.708333333333333,0.7682291666666667
2974,46.86788831341094,47.96071703915088,1.8424479166666667,0.703125,2.981770833333333,2.278645833333333,0.9635416666666667
2975,47.73938949156145,48.66263364395823,1.4518229166666667,0.46875,2.434895833333333,1.966145833333333,0.78125
2976,46.55726222194384,47.7288638314489,1.3997395833333333,0.46875,2.3307291666666665,1.8619791666666665,1.0026041666666667
2977,46.1685551469196,47.42078429115431,1.2369791666666667,0.0,2.4739583333333335,2.4739583333333335,0.8854166666666666
2978,46.425352140129476,47.68589520682095,1.4322916666666667,0.5859375,2.2786458333333335,1.6927083333333335,0.8723958333333334
2979,47.10311984152341,48.36070690051686,0.6184895833333334,0.234375,1.0026041666666667,0.7682291666666667,0.7682291666666666
2980,47.02490796009899,48.00000182734875,1.85546875,0.46875,3.2421875000000004,2.7734375000000004,0.9114583333333334
2981,46.42742323256013,47.68060285287869,1.2955729166666665,0.0,2.591145833333333,2.591145833333333,0.7682291666666667
2982,46.435294324199305,47.829305166775264,2.28515625,0.5859375,3.9843750000000004,3.3984375000000004,1.09375
2983,46.77549636025838,48.058411613410186,0.8007812500000001,0.234375,1.3671875,1.1328125,0.8072916666666667
2984,46.804793791383894,47.97083359247177,0.9635416666666667,0.1171875,1.809895833333333,1.692708333333333,0.8463541666666667
2985,46.66352265861292,47.52824414107919,1.0091145833333335,0.35156249999999994,1.6666666666666667,1.3151041666666667,0.8333333333333335
2986,47.195449058769114,48.37383282840599,1.2825520833333333,0.1171875,2.4479166666666665,2.3307291666666665,0.6640625000000001
2987,46.73639568077355,47.97207735775085,0.9830729166666666,0.1171875,1.8489583333333333,1.7317708333333333,0.7161458333333333
2988,46.73901267560985,47.804660805150704,1.4192708333333333,0.5859375,2.2526041666666665,1.6666666666666665,0.8723958333333334
2989,46.49306625007284,47.66108590401155,1.8619791666666667,0.5859375,3.1380208333333335,2.5520833333333335,0.625
2990,47.00029597609754,48.01501335882239,2.0247395833333335,0.46875,3.580729166666667,3.111979166666667,0.7421875
2991,45.84893060869155,47.14816713250613,1.640625,0.0,3.28125,3.28125,0.8072916666666667
2992,46.36422831044539,47.52799756572571,1.8684895833333333,0.5859375,3.1510416666666665,2.5651041666666665,0.7682291666666667
2993,47.16906012545562,48.119708414825,0.8138020833333334,0.234375,1.3932291666666667,1.1588541666666667,0.6510416666666667
2994,46.98655733230692,47.99463668714279,1.1588541666666667,0.0,2.3177083333333335,2.3177083333333335,0.7161458333333334
2995,47.26179464076941,48.18258569606475,1.5625,0.35156249999999994,2.7734375,2.421875,0.703125
2996,46.66437859033726,47.63317450231574,2.5260416666666665,0.46875,4.583333333333334,4.114583333333334,0.9505208333333335
2997,47.31224384574644,48.184093997010635,1.1979166666666665,0.234375,2.1614583333333335,1.9270833333333335,0.8984374999999999
2998,47.1029165565241,48.26775728777978,1.3606770833333333,0.234375,2.486979166666667,2.252604166666667,0.7421875
2999,45.817388919411286,46.86547810022268,0.9635416666666667,0.234375,1.6927083333333335,1.4583333333333335,0.6640625000000001
3000,47.33316049306643,48.44747797254059,0.8528645833333335,0.234375,1.4713541666666667,1.2369791666666667,0.7682291666666667
3001,46.690268153880595,47.81889089853634,1.022135416666667,0.35156249999999994,1.6927083333333333,1.3411458333333333,0.7421875
3002,47.03120554433175,48.3052953397957,0.8268229166666666,0.1171875,1.5364583333333335,1.4192708333333335,0.6901041666666667
3003,46.70407381249942,48.06469154532936,1.7122395833333335,0.5859375,2.838541666666667,2.252604166666667,1.0546875
3004,45.98756797617943,47.29500001083843,1.6536458333333333,0.46875,2.8385416666666665,2.3697916666666665,0.6770833333333334
3005,46.86130184214286,47.79233296184101,0.8723958333333334,0.234375,1.5104166666666665,1.2760416666666665,1.0546875
3006,45.935190803681756,47.37011753055197,1.4713541666666667,0.234375,2.7083333333333335,2.4739583333333335,0.8984374999999999
3007,46.935299264656585,48.12420261843652,1.5299479166666665,0.46875,2.5911458333333335,2.1223958333333335,0.6901041666666666
3008,47.59027179142422,48.63474697174039,0.6901041666666667,0.35156249999999994,1.0286458333333333,0.6770833333333333,0.7942708333333335
3009,46.77773410312225,47.94724408283577,0.8398437499999998,0.0,1.6796874999999996,1.6796874999999996,0.7161458333333333
3010,46.62849024487888,47.97108717354473,1.8098958333333335,0.7031249999999999,2.9166666666666665,2.2135416666666665,0.9114583333333334
3011,47.647145411307726,48.46558044859941,1.6666666666666667,0.8203125,2.5130208333333335,1.6927083333333335,0.9244791666666669
3012,47.33299036381698,48.14170250468785,1.1393229166666667,0.1171875,2.1614583333333335,2.0442708333333335,0.8463541666666666
3013,46.06757356175527,47.30706917183447,1.5234375000000002,0.46875,2.578125,2.109375,0.8723958333333334
3014,46.77549636025838,47.83135004470523,0.9049479166666667,0.234375,1.5755208333333333,1.3411458333333333,1.0546875
3015,46.26205400990423,47.61993194154048,2.584635416666667,0.9375,4.231770833333334,3.294270833333334,0.9765625
3016,46.16964306313681,47.44788884125053,2.3307291666666665,0.5859375,4.075520833333333,3.489583333333333,0.8072916666666665
3017,46.70591328749099,47.89913147380403,2.109375,0.5859375,3.6328125000000004,3.0468750000000004,0.9635416666666667
3018,47.07960396899235,48.43216796798703,1.640625,0.7031249999999999,2.578125,1.875,0.7291666666666666
3019,46.98742432046056,47.94583986198791,1.3151041666666665,0.0,2.630208333333333,2.630208333333333,1.0416666666666667
3020,47.233897804129505,48.28496056739941,1.1002604166666667,0.35156249999999994,1.8489583333333333,1.4973958333333333,0.8072916666666667
3021,46.70742256256999,47.628250617832194,1.608072916666667,0.234375,2.9817708333333335,2.7473958333333335,0.8463541666666667
3022,46.81790171283118,47.82867035411712,1.1067708333333333,0.1171875,2.0963541666666665,1.9791666666666665,0.5989583333333334
3023,47.0092013692056,48.06504105672358,1.1458333333333335,0.1171875,2.1744791666666665,2.0572916666666665,1.1067708333333333
3024,46.77367040617219,47.67261257426084,1.0156249999999998,0.0,2.0312499999999996,2.0312499999999996,0.7552083333333335
3025,47.00422979978837,47.98751116223216,1.3606770833333333,0.35156249999999994,2.3697916666666665,2.0182291666666665,0.8854166666666666
3026,47.32620469048111,48.34647616949473,1.0872395833333333,0.234375,1.9401041666666667,1.7057291666666667,1.0677083333333333
3027,47.08203753356685,48.04041609854533,1.1002604166666665,0.1171875,2.0833333333333335,1.9661458333333335,0.8723958333333334
3028,46.557052515367644,47.61610398167927,1.4518229166666667,0.234375,2.669270833333333,2.434895833333333,0.78125
3029,46.76364477267873,47.77006626476808,0.8854166666666666,0.0,1.7708333333333333,1.7708333333333333,0.703125
3030,46.62643038150299,47.67016795682308,0.8593750000000001,0.0,1.7187500000000002,1.7187500000000002,0.6901041666666666
3031,46.1382503146734,47.24645415369926,2.194010416666667,0.7031249999999999,3.6848958333333335,2.9817708333333335,0.8854166666666666
3032,47.06221357166158,48.14499891934071,2.2330729166666665,0.46875,3.997395833333334,3.528645833333334,0.8854166666666666
3033,47.00422979978837,47.88686101440969,1.3802083333333333,0.35156249999999994,2.4088541666666665,2.0572916666666665,0.8723958333333334
3034,46.95276487793041,47.87222053849617,1.7708333333333333,0.35156249999999994,3.190104166666667,2.838541666666667,0.7682291666666667
3035,46.77549636025838,47.957181261341255,1.6471354166666667,0.5859375,2.7083333333333335,2.1223958333333335,0.7421875000000001
3036,46.56707646791728,47.79765894699433,1.2630208333333333,0.234375,2.291666666666667,2.057291666666667,0.7682291666666667
3037,46.86891125950914,47.92204637533094,0.8138020833333333,0.1171875,1.5104166666666665,1.3932291666666665,0.8072916666666665
3038,46.630847907402014,47.92201841404332,1.8164062500000002,0.5859375,3.0468750000000004,2.4609375000000004,0.9375000000000001
3039,47.28940275629537,48.24664613095461,1.484375,0.35156249999999994,2.6171875,2.265625,0.9505208333333335
3040,46.71148797703578,47.71996501153909,1.2434895833333335,0.234375,2.2526041666666665,2.0182291666666665,1.0286458333333333
3041,46.97524714977437,47.99926492950344,1.23046875,0.35156249999999994,2.109375,1.7578125,0.8984375000000001
3042,46.28981778160079,47.19700472464361,2.2200520833333335,0.7031249999999999,3.7369791666666665,3.0338541666666665,0.8854166666666666
3043,46.630847907402014,47.78024904732015,1.9466145833333333,0.9375,2.9557291666666665,2.0182291666666665,0.9765625
3044,46.54624928017517,47.72306033074677,1.1067708333333333,0.234375,1.9791666666666665,1.7447916666666665,0.8203124999999999
3045,46.81518988545591,47.95985144222544,1.1067708333333333,0.1171875,2.096354166666667,1.979166666666667,0.703125
3046,47.00704064325962,47.969589827192685,1.315104166666667,0.1171875,2.5130208333333335,2.3958333333333335,0.7682291666666667
3047,46.47777902287111,47.43179815521485,1.6080729166666665,0.234375,2.981770833333333,2.747395833333333,1.0416666666666665
3048,47.315158065485754,48.133998991987106,1.015625,0.234375,1.7968750000000002,1.5625000000000002,0.9375000000000001
3049,46.579743266805494,47.71736941234322,1.8229166666666665,0.35156249999999994,3.2942708333333335,2.9427083333333335,0.8854166666666666
3050,46.339963076066695,47.28061150308326,1.9466145833333333,0.7031249999999999,3.190104166666667,2.486979166666667,0.7031249999999999
3051,47.13127514541929,48.33511582740243,1.3802083333333333,0.35156249999999994,2.408854166666667,2.057291666666667,0.9244791666666665
3052,46.432455218653736,47.63059265044724,1.0416666666666665,0.1171875,1.9661458333333333,1.8489583333333333,0.78125
3053,46.863861599200675,48.06357166234562,1.1458333333333335,0.35156249999999994,1.9401041666666667,1.5885416666666667,0.5598958333333334
3054,46.78741086232057,47.86483096717088,1.2565104166666667,0.234375,2.278645833333333,2.044270833333333,0.8072916666666667
3055,47.053528624105276,48.048928160558205,1.6341145833333335,0.5859375,2.682291666666667,2.096354166666667,1.0416666666666667
3056,47.14198708152044,48.39489574114168,0.9440104166666667,0.0,1.8880208333333335,1.8880208333333335,0.8593750000000001
3057,47.26833984845227,48.271081483055866,1.5169270833333335,0.46875,2.5651041666666665,2.0963541666666665,1.1848958333333333
3058,46.79223160237583,47.80495846692207,1.4713541666666667,0.35156249999999994,2.5911458333333335,2.2395833333333335,0.8463541666666667
3059,47.2137124318024,48.32679162810863,1.26953125,0.0,2.5390625,2.5390625,0.8854166666666666
3060,46.71251239530927,47.92140187747209,1.1783854166666667,0.234375,2.1223958333333335,1.8880208333333335,0.78125
3061,47.06304734880561,48.13990638862996,1.328125,0.234375,2.421875,2.1875,0.8593750000000001
3062,46.65274353113084,47.80424094486704,0.8007812500000001,0.234375,1.3671875,1.1328125,0.9505208333333335
3063,46.97712469702371,47.96071703915088,1.5690104166666667,0.35156249999999994,2.786458333333333,2.434895833333333,0.8854166666666666
3064,47.3292880195816,48.433667087731706,0.8268229166666666,0.234375,1.419270833333333,1.184895833333333,0.8984374999999999
3065,46.604811238897085,47.80424094486704,2.0507812499999996,0.46875,3.6328124999999996,3.1640624999999996,0.8463541666666667
3066,46.55003211598234,47.77513287118283,1.46484375,0.35156249999999994,2.578125,2.2265625,0.8723958333333334
3067,46.97712469702371,47.76860266829191,1.4322916666666665,0.35156249999999994,2.5130208333333335,2.1614583333333335,0.6640625
3068,46.775778263200394,47.96719280162624,1.9075520833333335,0.5859375,3.229166666666666,2.643229166666666,0.9765625
3069,46.63645486584734,47.83575524944127,1.66015625,0.46875,2.8515625000000004,2.3828125000000004,0.7291666666666666
3070,46.73901267560985,47.86900803418551,1.42578125,0.0,2.8515625,2.8515625,0.8593750000000001
3071,46.848122393870625,47.816926750836444,1.3997395833333333,0.35156249999999994,2.4479166666666665,2.0963541666666665,0.8723958333333334
3072,46.06653748203078,47.40448902695956,1.3606770833333333,0.234375,2.486979166666667,2.252604166666667,0.8203124999999999
3073,46.62821731012743,47.674476845229506,1.2174479166666667,0.234375,2.2005208333333335,1.9661458333333335,1.015625
3074,46.66437859033726,47.86576363346352,1.4127604166666665,0.1171875,2.7083333333333335,2.5911458333333335,0.8333333333333335
3075,46.61747260788083,47.797227828237844,0.8658854166666665,0.0,1.731770833333333,1.731770833333333,0.8593750000000001
3076,46.95181715038937,48.02868716269395,1.0351562500000002,0.0,2.0703125000000004,2.0703125000000004,0.7421875000000001
3077,46.81247805808065,47.74045125824189,1.0611979166666667,0.0,2.1223958333333335,2.1223958333333335,0.5729166666666667
3078,46.77549636025838,47.89913147380403,1.3346354166666665,0.234375,2.434895833333333,2.200520833333333,0.8723958333333334
3079,46.787297561584964,47.72988507135315,1.6471354166666667,0.5859375,2.708333333333333,2.122395833333333,0.8593750000000001
3080,47.792777091680684,48.75431827732226,0.9765625,0.0,1.953125,1.953125,1.0546875
3081,46.630514877445464,47.71381091666963,1.6341145833333335,0.46875,2.7994791666666665,2.3307291666666665,0.8072916666666665
3082,46.5558890325395,47.72680694040667,1.7838541666666665,0.5859375,2.981770833333334,2.395833333333334,0.9505208333333335
3083,46.457357824388055,47.72773801286163,1.705729166666667,0.46875,2.9427083333333335,2.4739583333333335,0.6901041666666666
3084,46.6288029104252,47.69118987507465,1.4908854166666665,0.46875,2.5130208333333335,2.0442708333333335,0.78125
3085,46.66489933085448,47.87230836695184,1.764322916666667,0.7031249999999999,2.8255208333333335,2.1223958333333335,0.8984374999999999
3086,47.07453125318386,48.17788710905821,1.8359375,0.35156249999999994,3.3203125,2.96875,0.9765625
3087,45.93450837874049,47.2408128673224,2.350260416666667,0.9375,3.763020833333333,2.825520833333333,0.9895833333333333
3088,46.70407381249942,47.750588494569946,0.5403645833333334,0.0,1.0807291666666667,1.0807291666666667,0.9505208333333335
3089,47.335079753814775,48.42720935528218,1.3671875,0.234375,2.5,2.265625,1.1458333333333335
3090,46.70882167655866,47.7199650115399,1.38671875,0.0,2.7734375,2.7734375,0.7552083333333333
3091,46.914508396486895,47.78548488011217,1.19140625,0.234375,2.1484375,1.9140625,0.8854166666666666
3092,46.72824325000549,47.66295546136146,1.9596354166666667,0.5859375,3.3333333333333335,2.7473958333333335,0.9635416666666667
3093,47.719965011539486,48.6466683332619,2.389322916666667,1.1718749999999998,3.606770833333334,2.434895833333334,0.8984374999999999
3094,46.72239515365762,47.818632396320154,1.861979166666667,0.46875,3.2552083333333335,2.7864583333333335,0.7682291666666667
3095,46.339963076066695,47.54846710007947,0.9960937500000001,0.1171875,1.875,1.7578125,0.9244791666666666
3096,47.06945468769279,48.152436523989586,1.11328125,0.46875,1.7578125,1.2890625,0.8463541666666667
3097,46.78683954824361,47.816163608579664,0.6315104166666666,0.0,1.2630208333333333,1.2630208333333333,0.78125
3098,46.63222684446573,47.66693762972011,1.8684895833333333,0.46875,3.268229166666667,2.799479166666667,0.8203125
3099,46.5897219316292,47.59935423514332,1.608072916666667,0.35156249999999994,2.8645833333333335,2.5130208333333335,0.78125
3100,47.37707561725819,48.49197822072794,0.9700520833333334,0.35156249999999994,1.5885416666666665,1.2369791666666665,1.0677083333333333
3101,46.70964261766047,47.89760200541728,2.2330729166666665,0.8203125,3.645833333333333,2.825520833333333,0.9375
3102,46.43570795547708,47.67203932454098,0.6575520833333334,0.0,1.3151041666666667,1.3151041666666667,0.6640625000000001
3103,47.07571839110024,48.0105897903073,1.30859375,0.234375,2.3828125,2.1484375,0.7942708333333333
3104,46.99550706230054,48.00044591024463,2.493489583333333,0.703125,4.283854166666667,3.580729166666667,0.8463541666666667
3105,46.73639568077355,47.80278126627824,1.6992187499999998,0.35156249999999994,3.0468750000000004,2.6953125000000004,1.1458333333333333
3106,47.47549590258751,48.455217713016516,1.2890625,0.234375,2.34375,2.109375,1.0546875
3107,46.9953542474785,48.26484900471202,2.154947916666667,0.703125,3.606770833333334,2.903645833333334,0.9244791666666666
3108,46.62852997567375,47.41623829610552,2.01171875,0.46875,3.5546875000000004,3.0859375000000004,0.8593750000000001
3109,47.00985148673087,48.11985143601522,1.6992187499999998,0.35156249999999994,3.0468750000000004,2.6953125000000004,1.1328125000000002
3110,46.62606673450362,47.79307936156218,0.7682291666666667,0.1171875,1.4192708333333333,1.3020833333333333,0.8723958333333334
3111,47.00704064325962,47.9089630004925,1.3736979166666667,0.234375,2.5130208333333335,2.2786458333333335,0.7421875
3112,46.52906838885725,47.595467827452744,1.7643229166666667,0.5859375,2.9427083333333335,2.3567708333333335,1.0026041666666665
3113,47.25095494388447,48.308649402668756,0.39713541666666674,0.234375,0.5598958333333335,0.3255208333333335,0.78125
3114,46.86839978646004,47.87230836695184,1.5299479166666667,0.46875,2.5911458333333335,2.1223958333333335,0.8203125
3115,46.57858158832681,47.7139858918299,2.0377604166666665,0.46875,3.606770833333333,3.138020833333333,0.8072916666666665
3116,46.67731132046074,47.64649583775766,1.8945312499999998,0.46875,3.3203125,2.8515625,1.0807291666666667
3117,47.613524678186195,48.67634032368231,0.546875,0.234375,0.8593750000000001,0.6250000000000001,1.0156249999999998
3118,46.962887236055536,47.8821515471232,2.506510416666667,1.0546875,3.958333333333333,2.903645833333333,1.0677083333333333
3119,47.06311772817499,48.023269618719176,0.8528645833333335,0.234375,1.4713541666666667,1.2369791666666667,0.6901041666666667
3120,47.074933803235666,48.09059287440106,1.3736979166666667,0.234375,2.5130208333333335,2.2786458333333335,0.7682291666666667
3121,46.78991827535605,47.92140187747209,1.6015624999999998,0.35156249999999994,2.8515625,2.5,0.625
3122,47.389910204912056,48.43216796798703,0.8203124999999999,0.0,1.6406249999999998,1.6406249999999998,0.8593750000000001
3123,46.427690942257705,47.542828880679934,0.8658854166666667,0.1171875,1.614583333333333,1.497395833333333,0.8333333333333334
3124,46.52377234118848,47.4175400948753,1.2825520833333333,0.234375,2.3307291666666665,2.0963541666666665,0.625
3125,46.50637960893177,47.72866908531659,0.68359375,0.1171875,1.25,1.1328125,0.9244791666666666
3126,47.1551412221172,48.375651971557446,0.9440104166666666,0.0,1.8880208333333333,1.8880208333333333,0.6770833333333333
3127,46.80256901740373,47.88996106772139,1.484375,0.35156249999999994,2.6171874999999996,2.2656249999999996,0.8723958333333334
3128,46.9382620058247,47.87239619540749,1.1393229166666665,0.1171875,2.1614583333333335,2.0442708333333335,0.7161458333333334
3129,47.01472502285951,48.04041609854533,2.3307291666666665,0.5859375,4.075520833333333,3.489583333333333,0.78125
3130,47.075315841048436,48.085815546369666,1.5885416666666665,0.46875,2.7083333333333335,2.2395833333333335,0.9505208333333333
3131,46.73901267560985,47.79674963063098,0.7682291666666666,0.0,1.5364583333333333,1.5364583333333333,0.7552083333333334
3132,47.06395150531902,47.99429020513761,1.2044270833333335,0.46875,1.9401041666666667,1.4713541666666667,0.7421875
3133,46.883603167760235,47.943838317992636,1.608072916666667,0.46875,2.7473958333333335,2.2786458333333335,0.9635416666666667
3134,46.79014509720622,47.96661216924129,1.97265625,0.5859375,3.359375,2.7734375,0.9244791666666666
3135,46.86788831341094,47.75014686636177,1.46484375,0.5859375,2.34375,1.7578125,0.78125
3136,46.55673145301677,47.74344581941745,1.3736979166666667,0.35156249999999994,2.3958333333333335,2.0442708333333335,0.9505208333333335
3137,46.95467108341548,48.01226400237778,1.8880208333333335,0.46875,3.3072916666666665,2.8385416666666665,0.9765625
3138,46.59518754221957,47.62614286563359,1.3802083333333335,0.35156249999999994,2.4088541666666665,2.0572916666666665,0.9765625
3139,46.96877327672176,48.050222473383855,1.2955729166666665,0.1171875,2.473958333333333,2.356770833333333,0.8593750000000001
3140,47.49307580388164,48.14560907284975,2.1679687500000004,0.703125,3.6328125000000004,2.9296875000000004,0.8593750000000001
3141,46.12143361676834,47.169335394247305,1.686197916666667,0.35156249999999994,3.020833333333334,2.669270833333334,0.9375000000000001
3142,46.51836316560354,47.51991461009533,1.5559895833333333,0.46875,2.643229166666667,2.174479166666667,0.9895833333333333
3143,46.95181715038937,47.97272377707793,1.3932291666666667,0.35156249999999994,2.4348958333333335,2.0833333333333335,0.7942708333333333
3144,47.33306641367436,48.62263020667479,0.7356770833333334,0.0,1.4713541666666667,1.4713541666666667,0.6770833333333334
3145,47.075315841048436,48.085884588953846,0.8007812499999999,0.0,1.6015624999999998,1.6015624999999998,0.8203125
3146,47.08073010382604,48.03603101031511,1.2044270833333333,0.1171875,2.2916666666666665,2.1744791666666665,0.7161458333333334
3147,47.63022468518673,48.402786387372956,0.9440104166666666,0.1171875,1.7708333333333333,1.6536458333333333,0.9375000000000001
3148,47.03120554433175,48.17407727371014,1.07421875,0.234375,1.9140625000000002,1.6796875000000002,0.8072916666666665
3149,46.4890244783877,47.60648703583032,1.7447916666666667,0.35156249999999994,3.1380208333333335,2.7864583333333335,0.8463541666666666
3150,47.26408717888675,48.20796998371315,0.7942708333333333,0.0,1.5885416666666665,1.5885416666666665,0.9244791666666666
3151,46.81021146421228,47.82027974743714,1.4973958333333333,0.46875,2.5260416666666665,2.0572916666666665,0.8333333333333334
3152,46.68918501488258,47.88440731867498,1.2109375000000002,0.234375,2.1875,1.953125,0.9635416666666667
3153,46.64900881728345,47.68478074126249,1.2890625,0.35156249999999994,2.2265624999999996,1.8749999999999996,0.8072916666666665
3154,46.70617452285038,47.7139858918299,0.9635416666666667,0.1171875,1.809895833333333,1.692708333333333,0.6770833333333334
3155,46.686283350471356,47.919748220593526,0.78125,0.1171875,1.4453125,1.328125,0.9765625
3156,47.430209125143804,48.176854526289084,1.4973958333333333,0.5859375,2.408854166666667,1.822916666666667,0.6901041666666666
3157,46.804793791383894,47.688382576989504,1.66015625,0.1171875,3.2031249999999996,3.0859374999999996,0.7942708333333333
3158,47.42663816292459,48.12612022095835,1.8945312499999998,0.46875,3.3203125,2.8515625,0.8593750000000001
3159,46.419377329858456,47.517752324745935,1.9466145833333333,0.46875,3.424479166666666,2.955729166666666,0.8203125
3160,46.73907439911529,47.872552137998795,1.028645833333333,0.1171875,1.9401041666666667,1.8229166666666667,0.78125
3161,46.60011989425341,47.79735849463127,0.91796875,0.0,1.8359375,1.8359375,0.8593750000000001
3162,47.06491220265346,48.02024512434664,1.2890625,0.35156249999999994,2.2265624999999996,1.8749999999999996,0.7291666666666666
3163,46.187658770529275,47.247445002090124,1.2825520833333333,0.1171875,2.4479166666666665,2.3307291666666665,0.7552083333333334
3164,46.16964306313681,47.39640449030419,1.3085937499999998,0.35156249999999994,2.265625,1.9140625,0.8723958333333334
3165,46.7069000918512,47.85230284354966,1.4778645833333333,0.46875,2.4869791666666665,2.0182291666666665,0.6640625
3166,47.6872068389941,48.63486710267008,1.6731770833333333,0.234375,3.1119791666666665,2.8776041666666665,0.8854166666666666
3167,46.99799138567472,48.047628651724914,1.1263020833333333,0.234375,2.0182291666666665,1.7838541666666665,0.8333333333333331
3168,46.81021146421228,48.018951970497504,0.9505208333333335,0.234375,1.6666666666666667,1.4322916666666667,0.9765625
3169,47.017816708574635,47.947199437739016,1.3736979166666667,0.5859375,2.1614583333333335,1.5755208333333335,0.9375000000000001
3170,46.899163055670726,47.97272377707793,1.6341145833333335,0.7031249999999999,2.565104166666667,1.861979166666667,0.8072916666666665
3171,46.8591767607772,47.77333130401526,1.3020833333333335,0.46875,2.1354166666666665,1.6666666666666665,0.7291666666666666
3172,46.78422464393792,47.78024904732015,1.3541666666666667,0.35156249999999994,2.3567708333333335,2.0052083333333335,0.8723958333333334
3173,46.83331306749391,47.96363451128989,2.1484375,0.7031249999999999,3.5937499999999996,2.8906249999999996,0.7421875
3174,47.19040654255911,48.1774470178427,0.83984375,0.1171875,1.5625,1.4453125,1.0026041666666665
3175,47.066704207124964,47.97927074039464,0.9635416666666667,0.1171875,1.8098958333333335,1.6927083333333335,0.6380208333333334
3176,47.03232917260346,48.05418304979367,1.0546875,0.234375,1.8750000000000002,1.6406250000000002,0.6119791666666666
3177,47.031767358467604,47.985384932090255,2.34375,0.9375,3.75,2.8125,0.8072916666666665
3178,46.73377868593724,47.874706021028715,0.7486979166666666,0.0,1.4973958333333333,1.4973958333333333,0.8984374999999999
3179,46.98655733230692,47.90129436147837,0.9049479166666667,0.0,1.8098958333333335,1.8098958333333335,0.7682291666666667
3180,46.15726517266373,47.41292933188954,1.85546875,0.5859375,3.125,2.5390625,0.9635416666666667
3181,47.128270799319814,48.20532947042771,0.8007812500000001,0.234375,1.3671875,1.1328125,0.9375000000000001
3182,46.988190192076864,47.88122334809729,0.7291666666666666,0.234375,1.2239583333333333,0.9895833333333333,0.7421875
3183,47.0017734189216,48.06369749555004,0.68359375,0.0,1.3671875,1.3671875,0.9635416666666667
3184,47.07466027972572,48.069884921145736,0.9960937499999999,0.0,1.9921874999999998,1.9921874999999998,0.9114583333333334
3185,47.3477679864843,48.604982095435645,1.0026041666666665,0.1171875,1.8880208333333333,1.7708333333333333,0.8333333333333335
3186,46.748351902163584,47.80883008016513,0.9895833333333333,0.1171875,1.8619791666666667,1.7447916666666667,0.8854166666666666
3187,47.097448772760764,48.02536756679695,2.421875,0.46875,4.375,3.90625,0.7421875
3188,46.39386118105223,47.51677740848581,0.625,0.0,1.25,1.25,0.7421875
3189,47.40092718871697,48.05954983553602,1.8098958333333335,0.35156249999999994,3.268229166666667,2.916666666666667,0.9114583333333333
3190,47.20026479479756,48.40617574935121,1.26953125,0.234375,2.3046875,2.0703125,0.9895833333333333
3191,46.457357824388055,47.55197954663305,1.40625,0.234375,2.578125,2.34375,0.78125
3192,46.50742558481733,47.55425376023911,0.9830729166666666,0.0,1.9661458333333333,1.9661458333333333,0.8333333333333334
3193,47.56730217146774,48.465492941242296,0.6054687499999999,0.1171875,1.09375,0.9765625,0.9375
3194,47.00029597609754,48.090299874648245,2.1744791666666665,0.9375,3.411458333333333,2.473958333333333,0.7942708333333333
3195,47.36988179429642,48.190300637262204,2.0638020833333335,0.7031249999999999,3.424479166666667,2.721354166666667,0.8333333333333334
3196,46.579743266805494,47.84602923411022,1.6471354166666667,0.5859375,2.7083333333333335,2.1223958333333335,0.8723958333333334
3197,47.16014448084472,48.2514887560515,0.9635416666666665,0.234375,1.6927083333333333,1.4583333333333333,0.78125
3198,46.962887236055536,48.0307891700656,1.2890625,0.234375,2.34375,2.109375,1.0286458333333333
3199,46.71569487495293,47.88573489120087,1.2825520833333333,0.234375,2.3307291666666665,2.0963541666666665,0.6640625
3200,47.08203753356685,48.063634578947834,1.8619791666666667,0.46875,3.255208333333333,2.786458333333333,0.9635416666666667
3201,47.096478659227905,47.85428738237603,1.3932291666666667,0.234375,2.5520833333333335,2.3177083333333335,0.9375000000000001
3202,47.424689153770586,48.115491310956045,2.3307291666666665,0.7031249999999999,3.958333333333333,3.255208333333333,0.8333333333333334
3203,46.626178910465896,47.83915579884199,1.1979166666666665,0.234375,2.1614583333333335,1.9270833333333335,0.9895833333333333
3204,46.842203983882854,47.81336094211233,1.5755208333333333,0.35156249999999994,2.799479166666667,2.447916666666667,0.8072916666666665
3205,46.78042775152327,47.788629480402655,1.3606770833333333,0.5859375,2.1354166666666665,1.5494791666666665,0.8333333333333334
3206,46.63222684446573,47.68119159665301,2.01171875,0.5859375,3.4375000000000004,2.8515625000000004,0.9895833333333333
3207,46.87293986820879,48.01139058336447,1.26953125,0.46875,2.0703125000000004,1.6015625000000004,0.8072916666666665
3208,47.10437262665947,48.21715285199057,1.4322916666666667,0.46875,2.3958333333333335,1.9270833333333335,0.8463541666666666
3209,47.2501989888782,48.483232114361755,0.5078124999999999,0.0,1.0156249999999998,1.0156249999999998,0.8203125
3210,46.81021146421228,47.92754899920725,1.3671875,0.35156249999999994,2.3828125,2.03125,1.0677083333333333
3211,47.40910349354432,48.37723321870481,0.6119791666666665,0.0,1.223958333333333,1.223958333333333,0.8723958333333334
3212,47.07657361557866,48.11129686262028,1.0286458333333335,0.234375,1.8229166666666665,1.5885416666666665,1.1067708333333335
3213,46.38990884331575,47.45315378929847,1.2825520833333333,0.1171875,2.4479166666666665,2.3307291666666665,0.625
3214,47.00985148673087,48.04667186749927,1.901041666666667,0.35156249999999994,3.4505208333333335,3.0989583333333335,1.0416666666666667
3215,47.27755566473423,48.11219430966732,1.4453125,0.234375,2.6562499999999996,2.4218749999999996,0.7552083333333334
3216,46.83659122104005,47.95270771484886,0.9440104166666666,0.234375,1.6536458333333333,1.4192708333333333,0.8203125
3217,47.01417293862282,48.00044591024463,0.45572916666666663,0.0,0.9114583333333333,0.9114583333333333,0.9114583333333333
3218,46.73639568077355,47.85492369135721,1.7252604166666665,0.46875,2.981770833333333,2.513020833333333,0.9114583333333334
3219,46.8591767607772,47.88686101440969,1.705729166666667,0.234375,3.177083333333333,2.942708333333333,0.6510416666666667
3220,47.01417293862282,48.04706294968666,1.09375,0.234375,1.953125,1.71875,0.7552083333333333
3221,46.9956867952519,48.079987073582444,0.3580729166666667,0.0,0.7161458333333334,0.7161458333333334,0.9244791666666666
3222,46.29082347882668,47.62943116563739,1.8229166666666665,0.5859375,3.059895833333333,2.473958333333333,0.8072916666666667
3223,46.686283350471356,47.79722169431344,0.8528645833333333,0.0,1.7057291666666665,1.7057291666666665,0.9505208333333333
3224,46.562635430185004,47.63211662131043,1.484375,0.46875,2.5,2.03125,0.9375
3225,47.10528744058961,48.32941390931838,1.0611979166666667,0.234375,1.8880208333333335,1.6536458333333335,0.7942708333333333
3226,46.72413840851718,47.78791953362119,2.2721354166666665,0.7031249999999999,3.841145833333333,3.138020833333333,0.8333333333333334
3227,46.58643566137194,47.91785904743708,1.2890625,0.35156249999999994,2.2265625000000004,1.8750000000000004,0.8333333333333334
3228,47.315158065485754,48.27905437245006,1.3997395833333335,0.35156249999999994,2.4479166666666665,2.0963541666666665,0.8984374999999999
3229,46.37831389995668,47.35267338643162,1.9270833333333335,0.5859375,3.268229166666667,2.682291666666667,0.8333333333333334
3230,47.10620225451977,47.956012613357515,1.3411458333333335,0.35156249999999994,2.3307291666666665,1.9791666666666665,1.0807291666666667
3231,47.003740330767016,48.10402628115967,0.64453125,0.1171875,1.171875,1.0546875,0.8203125
3232,46.60505224628725,47.80051544985538,1.8294270833333335,0.7031249999999999,2.9557291666666665,2.2526041666666665,0.78125
3233,47.3734787057773,48.0453249217617,2.5911458333333335,1.0546875,4.127604166666667,3.072916666666667,0.9244791666666666
3234,47.07451477141208,48.28554917605836,0.9765625,0.46875,1.484375,1.015625,0.8072916666666667
3235,47.067662683221286,47.92094925866677,1.66015625,0.234375,3.0859375,2.8515625,0.9244791666666666
3236,47.64422296284416,48.592639450729905,1.26953125,0.234375,2.3046875,2.0703125,0.9114583333333334
3237,46.92144588159367,47.91053174153653,1.217447916666667,0.234375,2.200520833333333,1.966145833333333,0.8984374999999999
3238,46.77549636025838,47.86019713325893,1.77734375,0.35156249999999994,3.2031249999999996,2.8515624999999996,0.7682291666666667
3239,46.557157368655744,47.72155419306203,1.4192708333333333,0.1171875,2.7213541666666665,2.6041666666666665,0.8072916666666667
3240,47.493508996114436,48.24628045220603,1.5625,0.7031249999999999,2.421875,1.71875,0.78125
3241,47.28572655192227,48.18371059930325,1.6471354166666667,0.5859375,2.7083333333333335,2.1223958333333335,0.9895833333333333
3242,46.524020625404376,47.63044584923148,1.328125,0.35156249999999994,2.3046875,1.953125,0.8984374999999999
3243,46.950512629585226,48.23258364201019,1.1653645833333333,0.35156249999999994,1.9791666666666665,1.6276041666666665,1.0286458333333335
3244,46.55663024018606,47.71321271767462,1.2434895833333335,0.1171875,2.3697916666666665,2.2526041666666665,0.8463541666666666
3245,47.6395408389721,48.547651914827725,1.34765625,0.234375,2.4609375,2.2265625,1.0677083333333333
3246,46.90184493268001,47.83024764334496,1.6145833333333335,0.5859375,2.6432291666666665,2.0572916666666665,0.8203125
3247,46.66437859033726,47.81399312897139,1.5690104166666667,0.35156249999999994,2.7864583333333335,2.4348958333333335,0.9635416666666667
3248,46.76283774205915,47.82131072747495,0.6575520833333335,0.234375,1.0807291666666667,0.8463541666666667,0.8854166666666666
3249,46.25122942621333,47.52958376756431,2.369791666666667,0.5859375,4.153645833333333,3.567708333333333,0.8593750000000001
3250,47.5869977012689,48.43621028467565,1.26953125,0.46875,2.0703125,1.6015625,0.8984374999999999
3251,46.70011431517717,47.97108717354473,1.0286458333333335,0.35156249999999994,1.705729166666667,1.354166666666667,0.8463541666666667
3252,46.71251239530927,47.97367821282817,2.734375,1.4062499999999998,4.0625,2.65625,0.6901041666666666
3253,46.957979440756425,47.86031261633809,1.6536458333333333,0.46875,2.8385416666666665,2.3697916666666665,0.7291666666666666
3254,46.91882007296866,47.86214950816392,1.4713541666666667,0.46875,2.473958333333333,2.005208333333333,0.6901041666666666
3255,46.93269618494516,48.05013638684682,1.9140625000000002,0.46875,3.359375,2.890625,0.9635416666666667
3256,47.25132882097931,48.12422248139663,0.87890625,0.1171875,1.6406249999999998,1.5234374999999998,0.8072916666666665
3257,46.86401911761363,48.06357166234562,1.7252604166666665,0.46875,2.9817708333333335,2.5130208333333335,1.0026041666666665
3258,46.511803081960934,47.7810406130997,1.7382812499999998,0.46875,3.0078124999999996,2.5390624999999996,0.7421875
3259,46.77549636025838,47.663980659453706,2.0247395833333335,0.46875,3.580729166666667,3.111979166666667,0.703125
3260,47.22886327510061,48.271334934311064,0.7291666666666666,0.0,1.4583333333333333,1.4583333333333333,1.1067708333333335
3261,46.97841441188669,47.98753553742454,1.1067708333333335,0.234375,1.9791666666666665,1.7447916666666665,0.7421875
3262,46.662145986371364,47.60459785763867,1.7968749999999998,0.46875,3.125,2.65625,0.5989583333333334
3263,46.73901267560985,47.876779205851676,1.8359375,0.46875,3.2031249999999996,2.7343749999999996,0.8854166666666666
3264,46.599878886863245,47.79220147078264,1.048177083333333,0.1171875,1.9791666666666665,1.8619791666666665,0.7682291666666667
3265,47.03232917260346,48.20971688767397,0.7486979166666667,0.0,1.4973958333333335,1.4973958333333335,0.8723958333333334
3266,46.6899957319738,47.77012920117089,1.1393229166666665,0.0,2.278645833333333,2.278645833333333,0.7682291666666666
3267,46.62852997567375,47.85934050529652,0.8723958333333334,0.0,1.7447916666666667,1.7447916666666667,0.9375
3268,47.07865185970235,48.1514524061595,1.3606770833333333,0.46875,2.2526041666666665,1.7838541666666665,0.7031250000000001
3269,46.72475674028638,47.804660805152935,1.1393229166666665,0.46875,1.809895833333333,1.341145833333333,0.8072916666666665
3270,46.58861500170503,47.76429012911703,1.2825520833333333,0.7031249999999999,1.8619791666666667,1.158854166666667,0.7161458333333334
3271,47.12392111239156,48.16588365004822,0.9114583333333334,0.1171875,1.705729166666667,1.588541666666667,0.9375000000000001
3272,47.03120554433175,48.05956521240343,1.8229166666666665,0.703125,2.9427083333333335,2.2395833333333335,0.8333333333333334
3273,47.600241975894754,48.41928333814301,1.1848958333333333,0.234375,2.1354166666666665,1.9010416666666665,0.78125
3274,47.00029597609754,48.31292044670285,1.7708333333333333,0.46875,3.072916666666667,2.604166666666667,0.9244791666666666
3275,46.804793791383894,48.08019409033811,1.712239583333333,0.234375,3.1901041666666665,2.9557291666666665,0.7291666666666666
3276,46.98663403206206,48.14004963616062,0.6575520833333334,0.0,1.3151041666666667,1.3151041666666667,0.9244791666666666
3277,46.74489900021671,47.93670460581608,1.0807291666666667,0.35156249999999994,1.809895833333333,1.458333333333333,0.8723958333333334
3278,46.68918501488258,47.47952486949467,1.38671875,0.35156249999999994,2.4218750000000004,2.0703125000000004,0.8463541666666667
3279,46.8591767607772,47.96398970189282,1.4778645833333335,0.234375,2.721354166666667,2.486979166666667,0.7291666666666667
3280,46.82835652244681,47.9216961651139,1.4908854166666665,0.35156249999999994,2.6302083333333335,2.2786458333333335,0.8463541666666667
3281,46.988243034821195,47.93351744656126,1.15234375,0.0,2.3046875,2.3046875,0.6380208333333334
3282,47.440206230239326,48.497268875477204,0.5403645833333334,0.0,1.0807291666666667,1.0807291666666667,1.0416666666666667
3283,46.524020625404376,47.41292933188954,1.8359374999999998,0.5859375,3.0859374999999996,2.4999999999999996,0.8203125
3284,46.63262888813627,47.4142691994631,0.8593750000000001,0.1171875,1.6015624999999998,1.4843749999999998,0.9375
3285,46.28286576360097,47.40829915504702,1.15234375,0.35156249999999994,1.953125,1.6015625,0.8723958333333334
3286,46.400461635030496,47.7447424762097,1.8033854166666665,0.35156249999999994,3.255208333333333,2.903645833333333,0.8593749999999999
3287,47.003740330767016,48.17455015066141,0.7486979166666667,0.1171875,1.3802083333333335,1.2630208333333335,1.0026041666666665
3288,47.21161670816423,47.92140187747209,2.0638020833333335,0.5859375,3.5416666666666665,2.9557291666666665,0.7942708333333333
3289,46.79037191905639,47.999709012399315,1.34765625,0.46875,2.2265625,1.7578125,0.8984375000000001
3290,46.38255952991883,47.21041785092063,3.3072916666666665,1.2890625,5.325520833333333,4.036458333333333,0.7552083333333334
3291,46.70812211956432,47.83894856662312,1.7317708333333335,0.46875,2.994791666666667,2.526041666666667,1.0286458333333333
3292,46.58861500170503,47.79335271257873,1.25,0.1171875,2.3828125,2.265625,0.9635416666666667
3293,46.63645486584734,47.712958009054745,0.9114583333333333,0.1171875,1.705729166666667,1.588541666666667,0.9635416666666667
3294,46.65068898065303,47.82531221498367,2.98828125,1.1718749999999998,4.8046875,3.6328125,0.8072916666666665
3295,46.936780635240645,48.01139058336447,1.8359374999999998,0.8203125,2.8515625,2.03125,0.8984374999999999
3296,47.415771751606776,48.38946004071014,1.2174479166666665,0.35156249999999994,2.083333333333333,1.731770833333333,1.0026041666666665
3297,46.853649577323914,47.82907576405363,2.0377604166666665,0.5859375,3.4895833333333335,2.9036458333333335,0.9895833333333333
3298,46.47603244691128,47.41885609047594,1.38671875,0.234375,2.5390625,2.3046875,1.1067708333333335
3299,47.25132882097931,48.61704549198132,0.9505208333333335,0.234375,1.6666666666666667,1.4322916666666667,0.9114583333333334
3300,46.30989100552894,47.79233296184101,1.38671875,0.234375,2.5390625,2.3046875,0.6901041666666666
3301,46.988190192076864,47.84915829824064,1.7252604166666667,0.0,3.4505208333333335,3.4505208333333335,1.1067708333333333
3302,46.43570795547708,47.59419804014391,1.1328125000000002,0.234375,2.03125,1.796875,0.9114583333333334
3303,46.88127158752024,48.05204803704836,1.5039062500000002,0.46875,2.5390625,2.0703125,1.1067708333333333
3304,46.69164416173437,47.97284404404477,1.1002604166666665,0.35156249999999994,1.8489583333333333,1.4973958333333333,0.703125
3305,47.06496874347449,48.09740455771659,1.6471354166666667,0.46875,2.825520833333334,2.356770833333334,0.8723958333333334
3306,46.48558425001425,47.497268773193426,1.5494791666666665,0.5859375,2.513020833333333,1.927083333333333,0.7942708333333333
3307,47.424689153770586,48.44277375498884,1.4322916666666665,0.234375,2.6302083333333335,2.3958333333333335,1.0416666666666665
3308,46.662145986371364,47.766601806907374,1.8359375,0.46875,3.2031249999999996,2.7343749999999996,0.9635416666666667
3309,46.56470112341322,47.61915983967412,2.96875,1.0546875,4.8828125,3.828125,0.8984375000000001
3310,46.99550706230054,48.149509101656605,0.9700520833333334,0.1171875,1.8229166666666667,1.7057291666666667,0.9114583333333333
3311,46.294691505926735,47.40979642497412,1.7838541666666665,0.35156249999999994,3.216145833333334,2.864583333333334,0.9765625
3312,46.988216613449026,48.01716596843713,1.1588541666666667,0.35156249999999994,1.9661458333333333,1.6145833333333333,1.0416666666666665
3313,46.662993296695596,47.92140187747209,1.15234375,0.234375,2.0703125,1.8359375,0.6901041666666666
3314,46.87293986820879,47.83188711133842,1.2760416666666667,0.234375,2.3177083333333335,2.0833333333333335,0.9114583333333334
3315,46.19538317444067,47.34014104403306,0.9895833333333333,0.0,1.9791666666666665,1.9791666666666665,0.6380208333333334
3316,46.90184493268001,47.83034538936991,1.751302083333333,0.35156249999999994,3.1510416666666665,2.7994791666666665,1.0677083333333333
3317,46.8216204666997,47.640244671422884,1.3671875,0.234375,2.5,2.265625,0.7421875
3318,46.74374401239215,47.8042409448715,1.0677083333333333,0.0,2.1354166666666665,2.1354166666666665,0.8723958333333334
3319,46.72824325000549,47.766601806907374,2.5,0.8203124999999999,4.1796875,3.359375,0.703125
3320,46.28981778160079,47.518650557320555,2.389322916666667,1.0546875,3.7239583333333335,2.6692708333333335,1.1458333333333335
3321,47.82216246615697,48.69359478741673,0.5013020833333333,0.0,1.0026041666666665,1.0026041666666665,0.8333333333333334
3322,46.75519130680157,47.9216961651139,1.6731770833333333,0.5859375,2.7604166666666665,2.1744791666666665,0.9635416666666667
3323,46.62050433856616,47.923838543374046,1.9270833333333335,0.5859375,3.268229166666667,2.682291666666667,0.9765625
3324,46.13596655552236,47.29845975840664,2.115885416666667,0.5859375,3.645833333333333,3.059895833333333,0.8333333333333334
3325,46.41566335518033,47.444524662525644,1.26953125,0.35156249999999994,2.1875,1.8359375,0.9114583333333334
3326,46.73913612262072,47.95618538533672,0.8203125,0.234375,1.4062500000000002,1.1718750000000002,0.9505208333333335
3327,47.32376470708392,48.14744914118939,2.4739583333333335,0.8203124999999999,4.127604166666667,3.307291666666667,1.0026041666666667
3328,46.67651265501771,47.630794652519185,1.2890625,0.1171875,2.4609375,2.34375,0.8593750000000001
3329,46.789509029735385,47.97108717354473,1.1002604166666665,0.1171875,2.083333333333333,1.966145833333333,0.8593750000000001
3330,47.075315841048436,48.13152327846162,0.9960937499999999,0.0,1.9921874999999998,1.9921874999999998,0.8723958333333334
3331,46.77367040617219,47.71996501153909,1.58203125,0.46875,2.6953125,2.2265625,0.7682291666666667
3332,46.988190192076864,47.81994472183747,1.1328125,0.35156249999999994,1.9140625000000002,1.5625000000000002,0.8072916666666665
3333,46.58090494528418,47.84585213292324,1.4518229166666667,0.46875,2.434895833333333,1.966145833333333,0.78125
3334,47.19818526707726,48.39731593404131,1.0872395833333333,0.1171875,2.057291666666666,1.940104166666666,1.0286458333333333
3335,46.918199074648825,47.79751178777535,2.1419270833333335,0.8203124999999999,3.463541666666667,2.643229166666667,0.625
3336,47.14198708152044,48.267850224738844,1.2369791666666667,0.0,2.4739583333333335,2.4739583333333335,0.6510416666666667
3337,46.842203983882854,47.874706021028715,1.809895833333333,0.5859375,3.033854166666666,2.447916666666666,0.7291666666666666
3338,47.957799567011875,48.94085568429301,1.0286458333333333,0.46875,1.5885416666666665,1.1197916666666665,0.8463541666666667
3339,46.92268787823334,47.87700889268649,1.8945312500000002,0.5859375,3.2031250000000004,2.6171875000000004,0.8463541666666666
3340,47.272592518017795,48.373138716655454,1.9205729166666665,0.7031249999999999,3.1380208333333335,2.4348958333333335,0.9895833333333333
3341,47.076347278365354,47.994749588267474,0.9114583333333333,0.1171875,1.705729166666667,1.588541666666667,0.78125
3342,46.98741211206946,47.8814617449898,0.625,0.0,1.25,1.25,0.8593750000000001
3343,46.7782609265976,47.859768819277726,1.3736979166666667,0.35156249999999994,2.3958333333333335,2.0442708333333335,0.703125
3344,47.01417293862282,48.12307601507714,2.5260416666666665,0.7031249999999999,4.348958333333333,3.645833333333333,0.9244791666666666
3345,46.28505474189894,47.30648111117422,2.154947916666667,0.5859375,3.7239583333333335,3.1380208333333335,0.7291666666666666
3346,46.70052576334548,47.80961165514792,1.7447916666666667,0.46875,3.020833333333334,2.552083333333334,0.8854166666666666
3347,46.76894469899035,48.02876873606794,1.3606770833333333,0.35156249999999994,2.3697916666666665,2.0182291666666665,0.9375
3348,47.01417293862282,48.07993713154579,0.9505208333333335,0.234375,1.6666666666666667,1.4322916666666667,0.8072916666666665
3349,46.869818208184086,47.86019713325893,2.71484375,1.0546875,4.375,3.3203125,0.6901041666666666
3350,47.20740223783282,48.15032897181721,1.4648437500000002,0.35156249999999994,2.578125,2.2265625,0.9635416666666667
3351,46.74662545119015,47.885853984504415,1.315104166666667,0.46875,2.1614583333333335,1.6927083333333335,0.7421875
3352,46.95471028671774,47.816342730563676,2.096354166666667,0.46875,3.7239583333333335,3.2552083333333335,1.0677083333333333
3353,47.075315841048436,48.10457679149468,1.6341145833333335,0.234375,3.0338541666666665,2.7994791666666665,1.0416666666666667
3354,46.78928220788522,47.87912047542074,1.3411458333333335,0.234375,2.447916666666667,2.213541666666667,0.8984375000000001
3355,46.38926576409183,47.46049544335064,1.2044270833333333,0.234375,2.1744791666666665,1.9401041666666665,0.7552083333333334
3356,47.06221357166158,48.092824680614804,1.5299479166666667,0.35156249999999994,2.708333333333333,2.356770833333333,1.0156249999999998
3357,46.432455218653736,47.48412104502924,2.3697916666666665,0.8203125,3.9192708333333335,3.0989583333333335,0.78125
3358,46.71251239530927,47.71996501153909,1.2955729166666665,0.35156249999999994,2.239583333333333,1.888020833333333,0.8593750000000001
3359,46.8216204666997,47.890221889549764,1.15234375,0.1171875,2.1875,2.0703125,1.0286458333333333
3360,47.88581267985228,48.853206587026236,0.5403645833333334,0.0,1.0807291666666667,1.0807291666666667,0.8333333333333334
3361,46.962887236055536,48.055213184822136,1.3216145833333335,0.46875,2.1744791666666665,1.7057291666666665,0.9244791666666666
3362,46.65274353113084,47.877708614594376,0.8007812499999999,0.0,1.6015624999999998,1.6015624999999998,0.8593750000000001
3363,46.6288029104252,47.755551256513826,1.34765625,0.234375,2.4609374999999996,2.2265624999999996,0.7682291666666667
3364,46.79043887139511,47.88354013175777,1.3802083333333333,0.1171875,2.643229166666666,2.526041666666666,0.6380208333333334
3365,46.80256901740373,47.7199650115399,1.6080729166666665,0.46875,2.7473958333333335,2.2786458333333335,0.6510416666666667
3366,46.39359419164818,47.73408409965679,2.272135416666667,0.46875,4.075520833333333,3.606770833333333,0.78125
3367,47.2501989888782,47.969589827192685,1.9270833333333335,0.5859375,3.268229166666667,2.682291666666667,0.8723958333333334
3368,46.93042097797615,47.945132732159266,1.34765625,0.234375,2.4609375,2.2265625,0.9244791666666665
3369,46.70052576334548,47.832354700040554,0.68359375,0.234375,1.1328125000000002,0.8984375000000002,1.1067708333333333
3370,46.48558425001425,47.7103222575394,1.0546875,0.234375,1.875,1.640625,0.8333333333333335
3371,47.16014448084472,48.276974914593254,1.809895833333333,0.35156249999999994,3.268229166666667,2.916666666666667,0.8984374999999999
3372,47.01615007418961,47.91713772840084,1.608072916666667,0.35156249999999994,2.8645833333333335,2.5130208333333335,0.6901041666666666
3373,47.32620469048111,48.490700400715916,0.9440104166666666,0.1171875,1.7708333333333333,1.6536458333333333,0.9505208333333335
3374,46.73901267560985,47.71389840424977,1.34765625,0.46875,2.2265625,1.7578125,0.9375
3375,46.95181715038937,48.13779657045947,1.5885416666666665,0.35156249999999994,2.8255208333333335,2.4739583333333335,1.1588541666666667
3376,47.00985148673087,48.193132259168046,2.1223958333333335,0.46875,3.7760416666666665,3.3072916666666665,0.8203125
3377,46.80651961074157,47.718604584822444,2.0638020833333335,0.7031249999999999,3.424479166666666,2.721354166666666,0.8593750000000001
3378,47.19868280885897,48.12358478265488,2.44140625,0.5859375,4.296875,3.7109375,0.78125
3379,47.11803495022428,48.19977403096675,1.3932291666666665,0.35156249999999994,2.4348958333333335,2.0833333333333335,1.0677083333333333
3380,47.209434022600554,48.20394318017137,1.2565104166666667,0.46875,2.044270833333333,1.575520833333333,1.015625
3381,47.1965071828619,48.04377609910238,1.5104166666666667,0.46875,2.5520833333333335,2.0833333333333335,0.6380208333333334
3382,46.27734173254675,47.45444467318737,0.8854166666666666,0.0,1.7708333333333333,1.7708333333333333,0.8463541666666667
3383,46.91093778380442,48.06357166234562,1.809895833333333,0.46875,3.1510416666666665,2.6822916666666665,0.8203125000000002
3384,47.329673577006425,48.20971688767397,0.7356770833333334,0.0,1.4713541666666667,1.4713541666666667,0.8333333333333335
3385,47.07657361557866,48.165342386661145,1.38671875,0.35156249999999994,2.421875,2.0703125,0.8463541666666667
3386,46.69356501340173,47.85361326745343,0.8593750000000001,0.0,1.7187500000000002,1.7187500000000002,0.9114583333333334
3387,46.70052576334548,47.86387091691058,1.2630208333333333,0.35156249999999994,2.1744791666666665,1.8229166666666665,1.0546875
3388,46.271430075197905,47.39640449030419,0.64453125,0.0,1.2890625,1.2890625,0.8463541666666666
3389,46.25351716615221,47.28850110115296,1.705729166666667,0.5859375,2.8255208333333335,2.2395833333333335,0.8854166666666666
3390,46.621734606925145,47.66117432307857,2.760416666666667,0.8203124999999999,4.700520833333333,3.880208333333333,0.9895833333333333
3391,46.58861500170503,47.632002034977475,1.1783854166666667,0.234375,2.1223958333333335,1.8880208333333335,0.7291666666666666
3392,47.08203753356685,48.14797766205059,1.2630208333333333,0.1171875,2.4088541666666665,2.2916666666666665,0.8463541666666667
3393,46.97807856253121,48.04282019287088,1.8359375,0.8203124999999999,2.8515625000000004,2.0312500000000004,1.1458333333333335
3394,46.33512840737124,47.251409790423665,1.0546875,0.1171875,1.9921875000000002,1.8750000000000002,0.8854166666666666
3395,47.09052491886206,48.2514887560515,0.9830729166666666,0.234375,1.7317708333333335,1.4973958333333335,0.8203124999999999
3396,46.70407381249942,47.79736462855637,1.0481770833333333,0.0,2.0963541666666665,2.0963541666666665,0.8203125
3397,46.615559490395434,47.5293545015048,2.5390625,0.9375,4.140625000000001,3.203125000000001,0.9244791666666665
3398,46.71148797703578,47.77531546078042,2.6236979166666665,0.703125,4.544270833333333,3.841145833333333,0.9375000000000001
3399,47.36043405609526,48.45191732290034,0.6705729166666666,0.0,1.3411458333333333,1.3411458333333333,0.78125
3400,47.32068137798343,48.08438557123016,1.0677083333333333,0.1171875,2.018229166666667,1.901041666666667,0.9375
3401,47.07035662296808,48.05897266709584,1.26953125,0.35156249999999994,2.1875,1.8359375,0.9375000000000001
3402,47.177341770490685,48.11219430966732,0.6770833333333333,0.0,1.3541666666666665,1.3541666666666665,0.8854166666666666
3403,46.66275891401299,47.84600081169004,1.7838541666666665,0.46875,3.0989583333333335,2.6302083333333335,0.7682291666666666
3404,46.8591767607772,48.05785274944822,1.1848958333333333,0.35156249999999994,2.0182291666666665,1.6666666666666665,0.8333333333333334
3405,46.710463558762285,47.63000352114199,1.85546875,0.7031249999999999,3.0078124999999996,2.3046874999999996,0.9244791666666666
3406,46.98689506623697,47.96338722003507,0.5013020833333333,0.0,1.0026041666666665,1.0026041666666665,0.8854166666666666
3407,46.418036243045066,47.63647440914261,1.3085937499999998,0.0,2.6171874999999996,2.6171874999999996,0.9375
3408,46.98655733230692,47.90904644279955,1.9856770833333335,0.46875,3.5026041666666665,3.0338541666666665,0.7942708333333335
3409,47.272592518017795,48.43119751307039,1.7057291666666665,0.5859375,2.825520833333334,2.239583333333334,0.8723958333333334
3410,46.4800800144905,47.69338572652218,1.9270833333333335,0.46875,3.3854166666666665,2.9166666666666665,0.8333333333333334
3411,46.773994290228124,48.011347267807196,1.0091145833333333,0.234375,1.7838541666666665,1.5494791666666665,0.8333333333333334
3412,47.11349412888577,48.202823947821585,1.7447916666666667,0.8203124999999999,2.6692708333333335,1.8489583333333335,0.9114583333333333
3413,47.12257577156278,47.929061429595535,1.171875,0.0,2.34375,2.34375,0.9114583333333334
3414,47.14070655440449,48.18953689910962,2.2786458333333335,0.5859375,3.971354166666667,3.385416666666667,1.2239583333333333
3415,46.93042097797615,47.93421938596225,1.0026041666666665,0.0,2.005208333333333,2.005208333333333,0.7421875
3416,47.07842552248904,48.40999397724855,0.9375,0.234375,1.640625,1.40625,0.7682291666666667
3417,46.83084961853851,48.015226183701316,1.5364583333333335,0.35156249999999994,2.7213541666666665,2.3697916666666665,0.7031250000000001
3418,47.01472502285951,48.303876700493134,1.5494791666666667,0.7031249999999999,2.395833333333333,1.692708333333333,0.8984375000000001
3419,47.053528624105276,47.91171273389805,1.5559895833333333,0.5859375,2.5260416666666665,1.9401041666666665,0.6901041666666666
3420,47.06304734880561,47.93871722963079,1.34765625,0.234375,2.4609375,2.2265625,0.9375000000000001
3421,46.84161501890473,47.75144410854377,1.46484375,0.46875,2.4609375000000004,1.9921875000000004,0.8723958333333334
3422,46.97465931738799,48.146920620328196,1.19140625,0.5859375,1.7968749999999998,1.2109374999999998,1.1067708333333333
3423,46.73377868593724,47.84602923411022,1.5755208333333333,0.46875,2.682291666666667,2.213541666666667,1.0416666666666667
3424,46.557052515367644,47.63182434728363,1.2630208333333333,0.1171875,2.408854166666667,2.291666666666667,0.9375
3425,46.13534851751684,47.22407915540636,1.2174479166666665,0.1171875,2.3177083333333335,2.2005208333333335,0.8593750000000001
3426,47.49307580388164,48.27870508644876,1.3932291666666665,0.46875,2.3177083333333335,1.8489583333333335,0.9114583333333334
3427,46.99392424417918,47.9089630004925,1.9791666666666665,0.7031249999999999,3.255208333333333,2.552083333333333,0.7942708333333333
3428,47.387069525934486,48.229080929129275,1.0807291666666667,0.234375,1.9270833333333335,1.6927083333333335,0.8723958333333334
3429,46.28738453856242,47.51986500089433,2.4609375000000004,0.9375,3.9843749999999996,3.0468749999999996,0.703125
3430,46.294691505926735,47.335409088069,1.34765625,0.46875,2.2265625000000004,1.7578125000000004,0.9375000000000001
3431,47.2501989888782,48.24726644304605,1.0156249999999998,0.0,2.0312499999999996,2.0312499999999996,0.6119791666666667
3432,46.871832512533906,48.058957290228435,1.7838541666666665,0.46875,3.0989583333333335,2.6302083333333335,1.0026041666666667
3433,46.73377868593724,47.55371178784401,1.1979166666666665,0.234375,2.1614583333333335,1.9270833333333335,0.8854166666666666
3434,46.9511648899873,47.96313992878025,1.2955729166666665,0.0,2.591145833333333,2.591145833333333,0.78125
3435,46.64679936341571,47.63751847953387,1.4518229166666667,0.46875,2.4348958333333335,1.9661458333333335,1.0416666666666665
3436,46.865435378826724,47.65626569936824,1.4127604166666667,0.0,2.8255208333333335,2.8255208333333335,0.9114583333333333
3437,46.11493705248845,47.4723363849697,1.5104166666666665,0.35156249999999994,2.6692708333333335,2.3177083333333335,0.78125
3438,46.66111325011272,47.63297441041386,1.5234375,0.35156249999999994,2.6953125,2.34375,0.6901041666666666
3439,46.773994290228124,47.84602923411022,1.5755208333333333,0.1171875,3.033854166666666,2.916666666666666,0.8593750000000001
3440,47.70999839263291,48.78089594383006,1.0286458333333333,0.0,2.0572916666666665,2.0572916666666665,0.8203124999999999
3441,47.272592518017795,48.11129686262028,1.4908854166666665,0.35156249999999994,2.630208333333333,2.278645833333333,0.7161458333333334
3442,47.497728742807034,48.24008297601665,1.1002604166666665,0.0,2.200520833333333,2.200520833333333,0.9505208333333335
3443,46.293312064177094,47.53167395119932,1.7643229166666667,0.35156249999999994,3.177083333333333,2.825520833333333,0.8593750000000001
3444,47.53809068735978,48.627660829300765,1.4257812500000002,0.234375,2.6171875000000004,2.3828125000000004,0.9765625
3445,46.762030711439564,47.97108717354473,0.48828125,0.0,0.9765625,0.9765625,1.0546875
3446,46.853649577323914,48.14170250468785,1.3932291666666665,0.1171875,2.6692708333333335,2.5520833333333335,1.0286458333333333
3447,46.95570796796401,48.04349266459556,1.30859375,0.35156249999999994,2.265625,1.9140625,0.7421875
3448,47.01702304128303,47.902011449424315,1.4908854166666665,0.234375,2.7473958333333335,2.5130208333333335,0.7291666666666666
3449,46.159344932185924,47.23312823645573,1.5494791666666667,0.46875,2.6302083333333335,2.1614583333333335,0.6770833333333334
3450,47.01702304128303,47.982306632635755,1.6666666666666667,0.234375,3.0989583333333335,2.8645833333333335,0.9505208333333333
3451,46.914508396486895,47.99257974032793,1.2890625,0.234375,2.34375,2.109375,0.7291666666666666
3452,46.51872457773562,47.890221889549764,1.8815104166666665,0.7031249999999999,3.0598958333333335,2.3567708333333335,0.8723958333333334
3453,46.69191658364117,47.696146326277585,1.614583333333333,0.7031249999999999,2.5260416666666665,1.8229166666666665,0.8854166666666666
3454,46.66108726253671,47.493317833230584,1.4713541666666667,0.46875,2.4739583333333335,2.0052083333333335,0.8463541666666666
3455,47.18497048053144,48.547651914827725,1.09375,0.35156249999999994,1.8359375,1.484375,0.7682291666666667
3456,47.63044584923148,48.67977114469505,1.119791666666667,0.234375,2.0052083333333335,1.7708333333333335,0.7421875
3457,47.49307580388164,48.43194707294273,0.8919270833333333,0.0,1.7838541666666665,1.7838541666666665,0.9765625
3458,47.06496874347449,48.18901920294439,1.34765625,0.5859375,2.109375,1.5234375,0.8072916666666667
3459,46.70964261766047,47.92757421398108,1.0221354166666667,0.234375,1.809895833333333,1.575520833333333,0.9895833333333335
3460,46.893631915531344,47.92294245935249,1.7643229166666667,0.5859375,2.9427083333333335,2.3567708333333335,1.0416666666666665
3461,47.07847783415866,48.01802542420275,1.6210937500000002,0.234375,3.0078125,2.7734375,0.8333333333333335
3462,46.693449374909314,47.885652170258666,0.9244791666666666,0.234375,1.6145833333333335,1.3802083333333335,0.7552083333333333
3463,47.02411429280739,48.21823831977316,1.1002604166666665,0.234375,1.9661458333333333,1.7317708333333333,0.7552083333333334
3464,46.73639568077355,47.99955774445287,1.6927083333333335,0.35156249999999994,3.0338541666666665,2.6822916666666665,0.9114583333333334
3465,47.66561117303719,48.579338080868915,1.8424479166666667,0.7031249999999999,2.981770833333333,2.278645833333333,0.9895833333333333
3466,46.58090494528418,48.05894410308471,1.3281249999999998,0.234375,2.421875,2.1875,0.9765625
3467,47.197100822920376,48.24695628700033,0.8658854166666667,0.1171875,1.614583333333333,1.497395833333333,0.8984374999999999
3468,47.424689153770586,48.26484900471202,1.1979166666666665,0.35156249999999994,2.0442708333333335,1.6927083333333335,0.7942708333333333
3469,46.8591767607772,48.00076091149569,1.8164062500000002,0.35156249999999994,3.28125,2.9296875,0.703125
3470,46.74489900021671,47.85230284354966,2.5390624999999996,0.703125,4.375,3.671875,0.8854166666666666
3471,47.03232917260346,47.947199437739016,1.3281249999999998,0.234375,2.4218749999999996,2.1874999999999996,0.8854166666666666
3472,46.5919012719623,47.64897728689262,1.4778645833333335,0.35156249999999994,2.604166666666667,2.252604166666667,1.0286458333333333
3473,46.74374401239215,47.81757857301902,1.3020833333333333,0.35156249999999994,2.252604166666667,1.901041666666667,0.8072916666666667
3474,46.77878775007296,47.832354700040554,1.901041666666667,0.7031249999999999,3.0989583333333335,2.3958333333333335,0.8463541666666666
3475,46.693333736416896,47.88122334809729,1.2955729166666667,0.35156249999999994,2.2395833333333335,1.8880208333333335,0.7942708333333333
3476,47.19042432393822,48.37279902294883,1.1588541666666667,0.46875,1.8489583333333333,1.3802083333333333,1.1197916666666665
3477,46.778782056615974,47.6373958694873,0.9700520833333334,0.0,1.9401041666666667,1.9401041666666667,0.7682291666666666
3478,47.372437837349764,48.40617574935121,0.8138020833333333,0.0,1.6276041666666665,1.6276041666666665,1.0026041666666667
3479,46.4428602069715,47.67757933520577,2.0638020833333335,0.703125,3.424479166666666,2.721354166666666,0.7682291666666667
3480,46.73377868593724,47.816163608579664,1.5104166666666667,0.35156249999999994,2.669270833333333,2.317708333333333,0.9244791666666666
3481,46.70742256256999,47.813853143138296,1.2760416666666667,0.234375,2.3177083333333335,2.0833333333333335,0.9244791666666666
3482,45.90594763336572,47.20950100160249,1.5755208333333333,0.46875,2.682291666666666,2.213541666666666,0.8984374999999999
3483,46.78752416305616,47.688382576989504,0.9895833333333333,0.0,1.9791666666666665,1.9791666666666665,0.8203125
3484,46.92144588159367,47.81674762885243,1.6861979166666665,0.46875,2.9036458333333335,2.4348958333333335,0.8072916666666665
3485,46.54348028812907,47.69118987507465,1.5299479166666667,0.35156249999999994,2.7083333333333335,2.3567708333333335,0.8333333333333335
3486,47.03232917260346,48.405963582769466,1.0286458333333333,0.1171875,1.9401041666666667,1.8229166666666667,1.0807291666666667
3487,46.99105721812803,48.01931857805188,0.9114583333333334,0.234375,1.5885416666666665,1.3541666666666665,0.9765625
3488,46.95181715038937,48.099898580150914,1.2565104166666667,0.1171875,2.395833333333333,2.278645833333333,0.8593750000000001
3489,46.86023930146003,47.943838317992636,2.05078125,0.5859375,3.515625,2.9296875,0.6119791666666666
3490,47.23089591027798,48.39899574157422,0.5859375,0.0,1.171875,1.171875,0.9505208333333333
3491,46.64679936341571,47.62085673049104,1.5559895833333335,0.46875,2.643229166666667,2.174479166666667,0.7552083333333334
3492,47.11206479991112,48.17560667697883,0.6510416666666666,0.0,1.3020833333333333,1.3020833333333333,1.0026041666666665
3493,46.914508396486895,48.04667186749927,0.9570312500000001,0.1171875,1.7968750000000002,1.6796875000000002,0.8463541666666667
3494,46.90736717112194,47.91749538034393,0.7421875,0.1171875,1.3671875,1.25,1.015625
3495,46.606965363772645,47.874706021028715,1.3671875,0.35156249999999994,2.3828125,2.03125,0.8203125
3496,46.895056547096395,47.872552137998795,1.0416666666666665,0.234375,1.8489583333333333,1.6145833333333333,1.0677083333333333
3497,46.95044010218633,47.84443627962483,2.01171875,0.35156249999999994,3.671875,3.3203125,0.78125
3498,46.71569487495293,47.769358331832294,2.2656250000000004,0.8203124999999999,3.7109375,2.890625,0.9765625
3499,46.936780635240645,48.06186361516647,2.109375,0.8203125,3.3984374999999996,2.5781249999999996,0.7942708333333333
3500,46.987184526374,48.13811027257207,1.7187500000000002,0.703125,2.734375,2.03125,0.7421875
3501,47.509190897470354,48.32898534101544,1.5169270833333335,0.35156249999999994,2.682291666666667,2.330729166666667,0.7682291666666666
3502,46.62629108642818,47.58955862293684,1.959635416666667,0.46875,3.450520833333333,2.981770833333333,0.6380208333333334
3503,46.914508396486895,48.13779657045947,2.213541666666667,1.171875,3.2552083333333335,2.0833333333333335,0.8203125
3504,46.86228470910399,47.876613559016235,2.3046875,1.0546875,3.554687499999999,2.499999999999999,0.9895833333333333
3505,46.48558425001425,47.68306070385571,2.3307291666666665,0.9375,3.7239583333333335,2.7864583333333335,1.0807291666666667
3506,46.83584189961699,47.9952171982654,1.1848958333333333,0.234375,2.1354166666666665,1.9010416666666665,0.9895833333333333
3507,46.64679936341571,47.82020322405365,0.6380208333333334,0.1171875,1.1588541666666667,1.0416666666666667,0.9375000000000001
3508,46.05718803769835,47.41874456587928,1.608072916666667,0.35156249999999994,2.8645833333333335,2.5130208333333335,0.78125
3509,46.55673145301677,47.78567583791439,1.5039062499999998,0.46875,2.5390625,2.0703125,0.7161458333333334
3510,46.7003264642621,48.00331840417786,1.4583333333333333,0.7031249999999999,2.213541666666667,1.510416666666667,0.8593750000000001
3511,47.32620469048111,48.20629887537719,0.5989583333333334,0.1171875,1.0807291666666667,0.9635416666666667,0.8984375000000001
3512,47.077525724868664,48.23405533054243,1.1197916666666667,0.35156249999999994,1.8880208333333335,1.5364583333333335,0.8333333333333334
3513,46.87293986820879,48.086660867182395,1.2565104166666667,0.234375,2.2786458333333335,2.0442708333333335,0.9895833333333333
3514,47.08436094054484,47.97661190329946,2.2135416666666665,0.7031249999999999,3.7239583333333335,3.0208333333333335,0.9635416666666667
3515,46.56201451929264,47.79321603707045,1.6276041666666667,0.5859375,2.6692708333333335,2.0833333333333335,0.8723958333333334
3516,47.49213252820254,48.28048135961482,0.7421875,0.0,1.484375,1.484375,0.9635416666666667
3517,46.627686293501505,47.771402854440566,1.9596354166666667,0.9375,2.981770833333333,2.044270833333333,1.09375
3518,46.56058279809429,47.590851365524664,1.8619791666666667,0.7031249999999999,3.020833333333334,2.317708333333334,0.8333333333333334
3519,47.494458997665234,48.236692037908355,0.49479166666666663,0.0,0.9895833333333333,0.9895833333333333,0.7421875
3520,47.08203753356685,48.04745403187405,1.2630208333333333,0.35156249999999994,2.1744791666666665,1.8229166666666665,0.8333333333333334
3521,46.99392424417918,48.105998709554484,1.3606770833333333,0.35156249999999994,2.369791666666667,2.018229166666667,0.9244791666666666
3522,46.79223160237583,47.90089157963134,1.7252604166666667,0.5859375,2.8645833333333335,2.2786458333333335,0.6770833333333334
3523,46.2990127508494,47.47251719343651,1.4257812500000002,0.5859375,2.2656250000000004,1.6796875000000004,0.8723958333333334
3524,46.55736906550403,47.714320333909384,0.49479166666666663,0.0,0.9895833333333333,0.9895833333333333,0.8072916666666665
3525,46.47777902287111,47.63751847953387,1.2109375,0.1171875,2.3046875,2.1875,0.6119791666666667
3526,46.427690942257705,47.641899098461735,2.200520833333333,0.5859375,3.815104166666667,3.229166666666667,0.78125
3527,46.19104380609803,47.37327346374537,3.0143229166666665,1.2890625,4.739583333333333,3.450520833333333,1.0026041666666667
3528,47.03719331444244,48.07993713154579,0.6054687499999999,0.1171875,1.09375,0.9765625,0.7552083333333333
3529,46.896481178661446,47.93150411561013,0.9570312500000001,0.0,1.9140625000000002,1.9140625000000002,0.8463541666666666
3530,46.995659877122584,48.02024512434664,0.9895833333333333,0.234375,1.7447916666666667,1.5104166666666667,0.8723958333333334
3531,47.08203753356685,48.28405732710359,1.3932291666666665,0.35156249999999994,2.4348958333333335,2.0833333333333335,0.9114583333333333
3532,46.45903082675488,47.51018321007845,1.3997395833333335,0.234375,2.5651041666666665,2.3307291666666665,0.9635416666666667
3533,47.07374666531927,48.13811027257207,1.7513020833333333,0.5859375,2.9166666666666665,2.3307291666666665,0.78125
3534,46.38958730370379,47.49038374660148,1.4518229166666667,0.234375,2.6692708333333335,2.4348958333333335,0.9895833333333333
3535,46.557052515367644,47.662064892220016,1.2304687500000002,0.35156249999999994,2.109375,1.7578125,0.7682291666666667
3536,46.91115971941296,47.947529759336874,2.6106770833333335,0.7031249999999999,4.518229166666667,3.815104166666667,0.8723958333333334
3537,47.177341770490685,48.14170250468785,0.7682291666666665,0.0,1.536458333333333,1.536458333333333,1.0416666666666667
3538,46.86891125950914,47.88593423930122,1.6471354166666667,0.234375,3.059895833333333,2.825520833333333,0.7682291666666667
3539,47.06945468769279,48.14560907284975,1.1328125000000002,0.35156249999999994,1.9140624999999998,1.5624999999999998,0.9114583333333334
3540,46.76364477267873,47.88593423930122,2.2395833333333335,0.9375,3.5416666666666665,2.6041666666666665,0.6640625000000001
3541,46.90558691337884,48.05117829848463,1.6471354166666667,0.5859375,2.7083333333333335,2.1223958333333335,0.78125
3542,47.07847783415866,48.12232654421189,1.2369791666666667,0.1171875,2.3567708333333335,2.2395833333333335,0.8854166666666666
3543,46.69990216609223,47.674476845229506,1.712239583333333,0.234375,3.190104166666667,2.955729166666667,0.8203125
3544,46.893631915531344,47.886055798750164,1.2434895833333333,0.35156249999999994,2.1354166666666665,1.7838541666666665,0.78125
3545,47.24530316341769,48.19770257241413,1.3411458333333333,0.5859375,2.096354166666667,1.510416666666667,1.0807291666666667
3546,46.19054056006822,47.284334232016704,1.510416666666667,0.46875,2.5520833333333335,2.0833333333333335,0.6901041666666666
3547,46.87293986820879,47.77083713410668,0.7552083333333334,0.0,1.5104166666666667,1.5104166666666667,1.0286458333333333
3548,46.93042097797615,47.9018100585008,1.8945312499999998,0.8203124999999999,2.96875,2.1484375,0.8723958333333334
3549,47.28686849415603,48.390899926480316,1.19140625,0.46875,1.9140625000000002,1.4453125000000002,0.9375
3550,47.31224384574644,48.17516658576333,1.38671875,0.5859375,2.1875,1.6015625,0.7942708333333333
3551,47.02411429280739,48.23373436762368,1.8359375,0.35156249999999994,3.3203125,2.96875,1.015625
3552,46.84663881676942,47.90874213642409,1.4322916666666665,0.5859375,2.2786458333333335,1.6927083333333335,0.7161458333333334
3553,46.700313614260544,47.7244404163103,1.5755208333333333,0.46875,2.682291666666667,2.213541666666667,0.7291666666666666
3554,46.918199074648825,47.719965011539486,2.493489583333334,1.0546875,3.9322916666666665,2.8776041666666665,0.8723958333333334
3555,46.818966340647194,47.99192811591835,1.7187500000000002,0.5859375,2.8515625000000004,2.2656250000000004,0.703125
3556,46.79037191905639,48.0565353753647,2.3242187500000004,0.8203124999999999,3.8281250000000004,3.0078125000000004,0.8333333333333334
3557,46.74489900021671,47.7139858918299,1.4518229166666667,0.234375,2.669270833333333,2.434895833333333,1.0807291666666667
3558,46.44653288993257,47.707752518574445,1.4453125,0.234375,2.65625,2.421875,0.625
3559,46.58643566137194,47.50455092556132,1.588541666666667,0.5859375,2.591145833333333,2.005208333333333,1.0156250000000002
3560,46.8063693308639,47.78024904732015,1.1783854166666667,0.35156249999999994,2.0052083333333335,1.6536458333333335,0.8723958333333334
3561,46.73377868593724,47.86900803418551,0.5924479166666666,0.0,1.1848958333333333,1.1848958333333333,0.7291666666666666
3562,46.604811238897085,47.994749588267474,1.3802083333333333,0.46875,2.291666666666667,1.822916666666667,0.7552083333333335
3563,46.38990884331575,47.63414687775212,1.6861979166666665,0.234375,3.1380208333333335,2.9036458333333335,0.9375
3564,46.38990884331575,47.68589520682095,0.8854166666666666,0.1171875,1.6536458333333333,1.5364583333333333,0.8984374999999999
3565,46.748351902163584,47.84284332513944,1.6927083333333335,0.5859375,2.799479166666667,2.213541666666667,0.8723958333333334
3566,47.33299036381698,48.46913070235201,1.26953125,0.46875,2.0703125,1.6015625,1.0677083333333333
3567,47.16460230315017,48.308649402668756,1.0286458333333333,0.1171875,1.9401041666666667,1.8229166666666667,1.0156250000000002
3568,46.626178910465896,47.68509982484807,1.6796875000000002,0.35156249999999994,3.0078125,2.65625,0.8072916666666665
3569,47.655300096377715,48.21715285199057,1.6666666666666667,0.46875,2.8645833333333335,2.3958333333333335,0.9505208333333335
3570,46.98650905851391,48.04745403187405,1.5494791666666667,0.35156249999999994,2.7473958333333335,2.3958333333333335,1.0416666666666667
3571,47.40910349354432,48.23133219437242,0.9570312500000001,0.0,1.9140625000000002,1.9140625000000002,0.9505208333333335
3572,47.00325086174566,48.36171391205824,1.0026041666666667,0.35156249999999994,1.6536458333333333,1.3020833333333333,0.8854166666666666
3573,47.19171543451232,48.2314329163967,0.5208333333333333,0.0,1.0416666666666665,1.0416666666666665,0.7942708333333333
3574,46.83406238891698,47.885652170258666,1.4322916666666665,0.46875,2.395833333333333,1.927083333333333,0.8463541666666667
3575,46.782067752973575,47.82027974743714,1.5690104166666667,0.234375,2.9036458333333335,2.6692708333333335,0.8203125
3576,46.848122393870625,48.0453249217617,1.6341145833333335,0.46875,2.799479166666667,2.330729166666667,0.7942708333333333
3577,47.24530316341769,48.04574740408052,1.5169270833333335,0.35156249999999994,2.682291666666667,2.330729166666667,0.9375000000000001
3578,46.78042775152327,47.72052161297623,0.8203125,0.0,1.640625,1.640625,0.78125
3579,47.01702304128303,48.0565353753647,1.7578125,0.5859375,2.9296875,2.34375,0.6901041666666666
3580,47.14198708152044,48.05005304954061,1.6015624999999998,0.5859375,2.6171875,2.03125,0.7291666666666667
3581,46.65394331297621,47.723652886908255,0.8268229166666665,0.234375,1.4192708333333333,1.1848958333333333,0.9244791666666669
3582,47.49835790930483,48.29841682812218,1.3802083333333333,0.1171875,2.643229166666667,2.526041666666667,0.8333333333333334
3583,47.310430403129736,48.36727342451608,0.9635416666666667,0.0,1.9270833333333335,1.9270833333333335,0.8463541666666667
3584,46.1128272590582,47.07960396899235,1.2239583333333333,0.234375,2.2135416666666665,1.9791666666666665,1.015625
3585,47.25171089889075,48.38614222347523,1.5494791666666667,0.46875,2.630208333333333,2.161458333333333,0.7161458333333333
3586,46.81790171283118,48.08438557123016,1.19140625,0.46875,1.9140625000000002,1.4453125000000002,1.1067708333333333
3587,47.61094537469311,48.67634032368231,0.8072916666666667,0.234375,1.3802083333333333,1.1458333333333333,1.0416666666666667
3588,46.91495226770398,47.994749588267474,0.8007812500000001,0.234375,1.3671875,1.1328125,0.9375
3589,46.842203983882854,47.85610929549918,2.109375,0.7031249999999999,3.515625,2.8125,1.09375
3590,46.93042097797615,48.29954456542196,1.4778645833333335,0.35156249999999994,2.6041666666666665,2.2526041666666665,1.0286458333333333
3591,45.93628501625681,47.03120554433175,2.2265625000000004,0.46875,3.9843749999999996,3.5156249999999996,0.8593749999999999
3592,46.956418656115574,47.97922833318124,1.6276041666666665,0.46875,2.7864583333333335,2.3177083333333335,0.7552083333333333
3593,46.63289290437884,47.81336094211233,1.8359375,0.46875,3.2031249999999996,2.7343749999999996,0.8854166666666666
3594,46.14967987678559,47.43297356842609,1.8945312499999998,0.46875,3.3203125,2.8515625,0.9375
3595,47.40910349354432,48.43022705815374,1.2369791666666665,0.1171875,2.3567708333333335,2.2395833333333335,0.9505208333333335
3596,47.440206230239326,48.39508679297462,1.6927083333333335,0.7031249999999999,2.682291666666667,1.979166666666667,0.78125
3597,46.842203983882854,48.0307891700656,0.8919270833333333,0.0,1.7838541666666665,1.7838541666666665,1.0156249999999998
3598,47.11264452154378,48.12132862962405,0.6705729166666667,0.1171875,1.223958333333333,1.106770833333333,0.8463541666666666
3599,46.86719467986591,48.0469145743215,0.7226562499999999,0.0,1.4453124999999998,1.4453124999999998,0.8723958333333334
3600,46.34348245726227,47.37011753055197,1.171875,0.1171875,2.2265625,2.109375,0.6770833333333334
3601,46.19104380609803,47.41418507832062,1.4908854166666667,0.46875,2.5130208333333335,2.0442708333333335,0.9244791666666669
3602,46.58861500170503,47.81994472183747,0.5143229166666665,0.0,1.028645833333333,1.028645833333333,0.8463541666666666
3603,46.98279946913034,48.074489612820734,1.0481770833333335,0.1171875,1.9791666666666665,1.8619791666666665,1.0026041666666665
3604,46.6552352334642,47.93052343043614,1.5690104166666667,0.7031249999999999,2.434895833333334,1.731770833333334,0.8333333333333335
3605,47.33268085624953,48.36070690051686,0.8723958333333334,0.234375,1.5104166666666667,1.2760416666666667,0.9114583333333334
3606,46.91495226770398,47.87247416670314,0.6380208333333334,0.0,1.2760416666666667,1.2760416666666667,0.8072916666666665
3607,46.86023930146003,47.90876909599408,1.0481770833333335,0.234375,1.8619791666666667,1.6276041666666667,0.8854166666666666
3608,47.10311984152341,48.17516658576333,1.7447916666666667,0.35156249999999994,3.1380208333333326,2.7864583333333326,1.0677083333333333
3609,47.1922069075548,48.42710743586315,1.7903645833333335,0.35156249999999994,3.229166666666666,2.877604166666666,0.9895833333333333
3610,47.11277946439844,48.405963582769466,1.8098958333333335,0.703125,2.9166666666666665,2.2135416666666665,0.7682291666666666
3611,46.44653288993257,47.52799756572571,0.9895833333333335,0.46875,1.510416666666667,1.041666666666667,0.9635416666666667
3612,46.57858158832681,47.587428551478496,1.328125,0.1171875,2.5390625,2.421875,0.703125
3613,47.003740330767016,48.00076091149569,0.8723958333333334,0.0,1.7447916666666667,1.7447916666666667,0.9375000000000001
3614,46.20886628846396,47.194691355988155,1.3020833333333333,0.1171875,2.486979166666667,2.369791666666667,0.8984375000000001
3615,46.55630917783519,47.61034652508585,0.7877604166666666,0.234375,1.3411458333333335,1.1067708333333335,1.0026041666666665
3616,46.914508396486895,48.00044591024463,0.8333333333333335,0.1171875,1.5494791666666667,1.4322916666666667,0.7421875
3617,46.91473033209544,48.05521559305166,1.0416666666666665,0.0,2.083333333333333,2.083333333333333,1.015625
3618,46.962887236055536,48.0453249217617,1.0872395833333333,0.234375,1.9401041666666667,1.7057291666666667,1.0416666666666667
3619,46.6288029104252,47.628250617832194,2.0312499999999996,0.35156249999999994,3.7109375,3.359375,0.8593750000000001
3620,47.10354294909212,48.27905437245006,0.7552083333333333,0.0,1.5104166666666665,1.5104166666666665,0.9244791666666666
3621,46.30240905444902,47.538310533576,1.1132812500000002,0.234375,1.9921874999999998,1.7578124999999998,0.6901041666666666
3622,46.39386118105223,47.41410095717814,1.6861979166666665,0.46875,2.9036458333333335,2.4348958333333335,0.8984374999999999
3623,46.78042775152327,47.84602923411022,1.315104166666667,0.46875,2.1614583333333335,1.6927083333333335,0.8984375000000001
3624,46.75519130680157,47.771402854440566,2.51953125,0.46875,4.5703125,4.1015625,0.9765625
3625,46.98661981908099,47.957799567011875,0.8333333333333334,0.0,1.6666666666666667,1.6666666666666667,0.9114583333333333
3626,46.77456239265832,47.885853984504415,1.6992187499999998,0.35156249999999994,3.0468749999999996,2.6953124999999996,0.8854166666666666
3627,46.57858158832681,47.74153944920827,1.0286458333333333,0.35156249999999994,1.705729166666667,1.354166666666667,0.9635416666666667
3628,46.76283774205915,47.8562719212024,1.1783854166666667,0.1171875,2.239583333333334,2.122395833333334,0.7682291666666667
3629,47.18769740223483,48.15342064181968,1.2565104166666667,0.234375,2.2786458333333335,2.0442708333333335,0.6380208333333334
3630,47.430209125143804,48.146658957329095,1.3216145833333335,0.5859375,2.057291666666667,1.471354166666667,0.8593750000000001
3631,46.6899957319738,47.773148714417665,1.38671875,0.234375,2.5390625,2.3046875,0.7682291666666666
3632,47.11206479991112,48.01501335882239,1.2565104166666665,0.0,2.513020833333333,2.513020833333333,0.9244791666666669
3633,46.699766862355176,47.81336094211233,1.5494791666666667,0.46875,2.630208333333333,2.161458333333333,0.7942708333333333
3634,47.346712209956124,48.218718706208726,1.46484375,0.0,2.9296875,2.9296875,0.8854166666666666
3635,47.24686950694934,48.15032897181721,1.7903645833333335,0.7031249999999999,2.877604166666667,2.174479166666667,0.8463541666666666
3636,47.56730217146774,48.54560922673517,1.484375,0.5859375,2.3828125,1.796875,0.9244791666666669
3637,46.64900881728345,47.767475797795,1.712239583333333,0.35156249999999994,3.0729166666666665,2.7213541666666665,1.1458333333333333
3638,47.07117678478558,48.013436453750984,1.25,0.234375,2.2656250000000004,2.0312500000000004,0.9114583333333334
3639,47.750588494569946,48.762273852451,1.3085937500000002,0.234375,2.3828125,2.1484375,0.7942708333333335
3640,47.102713271524784,48.08788713963563,1.2825520833333333,0.234375,2.3307291666666665,2.0963541666666665,0.7291666666666666
3641,46.84663881676942,47.903444283204664,0.9700520833333334,0.234375,1.705729166666667,1.471354166666667,1.0807291666666667
3642,46.78422464393792,47.81994472183747,1.1848958333333333,0.35156249999999994,2.018229166666667,1.666666666666667,1.0416666666666667
3643,46.66164261203004,47.57338124709713,0.42968750000000006,0.0,0.8593750000000001,0.8593750000000001,0.9505208333333335
3644,46.995659877122584,47.98321850590214,1.4062499999999998,0.1171875,2.6953125,2.578125,0.7682291666666667
3645,47.27755566473423,48.17783041555009,1.484375,0.0,2.96875,2.96875,0.9244791666666666
3646,46.55003211598234,47.72680694040667,1.6927083333333333,0.46875,2.9166666666666665,2.4479166666666665,0.8593750000000001
3647,46.995659877122584,48.22020167275566,1.8880208333333335,0.5859375,3.190104166666667,2.604166666666667,1.0286458333333333
3648,46.641627114631525,47.832354700040554,0.7877604166666666,0.0,1.5755208333333333,1.5755208333333333,0.8854166666666666
3649,46.84788399090862,47.99469313770513,1.2630208333333333,0.46875,2.057291666666667,1.588541666666667,0.8463541666666667
3650,46.42149973894916,47.62374967176526,0.9765625,0.234375,1.7187500000000002,1.4843750000000002,0.7942708333333335
3651,47.504576681002206,48.53510305252125,0.7877604166666666,0.1171875,1.4583333333333333,1.3411458333333333,1.0416666666666667
3652,46.37888380307987,47.45315378929847,1.6666666666666667,0.7031249999999999,2.6302083333333335,1.9270833333333335,0.9114583333333334
3653,46.11355480855852,47.4006661952533,1.7447916666666667,0.46875,3.020833333333333,2.552083333333333,0.9505208333333335
3654,47.07466027972572,47.872552137998795,1.4518229166666665,0.1171875,2.786458333333333,2.669270833333333,0.7552083333333335
3655,46.19920730976875,47.24010020673699,1.6731770833333333,0.234375,3.1119791666666665,2.8776041666666665,1.015625
3656,46.55003211598234,47.63118739308569,1.7187500000000002,0.46875,2.96875,2.5,0.8072916666666665
3657,46.38958730370379,47.51390321394786,1.1132812499999998,0.1171875,2.109375,1.9921875,0.7682291666666666
3658,46.895056547096395,47.876613559016235,1.4127604166666667,0.1171875,2.7083333333333335,2.5911458333333335,0.7942708333333333
3659,46.700313614260544,47.74207679305379,1.1653645833333333,0.46875,1.861979166666667,1.393229166666667,0.9244791666666666
3660,46.98650905851391,48.02104991857528,0.9309895833333334,0.0,1.8619791666666667,1.8619791666666667,0.9505208333333335
3661,46.7303816215983,47.859768819277726,1.9791666666666665,0.7031249999999999,3.255208333333333,2.552083333333333,0.7942708333333333
3662,47.389910204912056,48.36711402210192,1.3671875,0.234375,2.5,2.265625,0.8203125
3663,47.33268085624953,48.29570612205101,0.9505208333333333,0.0,1.9010416666666665,1.9010416666666665,0.8723958333333334
3664,46.869818208184086,48.01405373232811,1.3541666666666667,0.234375,2.4739583333333335,2.2395833333333335,0.8203125
3665,46.73901267560985,47.5827402246284,1.8229166666666667,0.8203125,2.825520833333334,2.005208333333334,0.6380208333333334
3666,46.999455369434116,48.03537049659244,0.78125,0.0,1.5625,1.5625,0.9635416666666667
3667,47.10311984152341,48.2045431416216,0.8138020833333334,0.234375,1.3932291666666665,1.1588541666666665,0.8593750000000001
3668,47.05828798645545,48.303876700493134,2.194010416666667,1.0546875,3.3333333333333335,2.2786458333333335,0.7682291666666667
3669,47.20740223783282,48.14528406691731,1.8229166666666667,0.703125,2.9427083333333335,2.2395833333333335,0.78125
3670,47.47549590258751,48.486337377522844,1.38671875,0.234375,2.5390625,2.3046875,0.9765625
3671,46.38990884331575,47.61094537469311,1.0807291666666667,0.0,2.1614583333333335,2.1614583333333335,0.8463541666666666
3672,46.78741086232057,47.941598757933804,0.8333333333333331,0.1171875,1.5494791666666665,1.4322916666666665,0.9244791666666666
3673,47.00029597609754,48.16010767305627,1.40625,0.35156249999999994,2.4609375000000004,2.1093750000000004,0.7812500000000002
3674,47.11277946439844,47.99955774445287,1.3020833333333335,0.46875,2.1354166666666665,1.6666666666666665,0.9505208333333335
3675,46.427690942257705,47.70342960056932,1.0091145833333333,0.234375,1.7838541666666665,1.5494791666666665,0.8333333333333334
3676,46.70742256256999,47.947199437739016,0.9830729166666666,0.1171875,1.8489583333333333,1.7317708333333333,0.8333333333333335
3677,47.37499388040311,48.1664249134353,0.8919270833333333,0.1171875,1.6666666666666667,1.5494791666666667,0.6640625000000001
3678,46.55620796500447,47.73111810545129,1.5885416666666665,0.5859375,2.591145833333333,2.005208333333333,1.09375
3679,47.44400922963826,48.363718860265195,0.5143229166666666,0.0,1.0286458333333333,1.0286458333333333,0.8463541666666667
3680,47.14198708152044,48.230181468758936,2.0833333333333335,0.8203124999999999,3.3463541666666665,2.5260416666666665,0.9895833333333333
3681,46.66164261203004,47.771402854440566,0.8984375000000001,0.234375,1.5625,1.328125,0.8723958333333334
3682,46.762030711439564,47.97234895194171,0.8463541666666667,0.1171875,1.5755208333333333,1.4583333333333333,0.78125
3683,46.864748608918156,47.99257974032793,0.2994791666666667,0.0,0.5989583333333334,0.5989583333333334,0.7421875
3684,46.555570100074526,47.683980624877684,0.8007812499999999,0.1171875,1.484375,1.3671875,0.9765625
3685,46.86266047987825,47.796880297025105,2.3828125,0.8203125,3.9453125,3.125,1.0286458333333333
3686,46.86719467986591,47.81674762885243,1.2044270833333335,0.234375,2.174479166666667,1.940104166666667,0.9765625
3687,46.62629108642818,47.69118987507465,2.08984375,0.7031249999999999,3.4765624999999996,2.7734374999999996,0.6380208333333334
3688,46.34312931521099,47.52824414107919,0.8919270833333333,0.1171875,1.6666666666666667,1.5494791666666667,0.8984374999999999
3689,47.012012212676844,48.15463864704154,1.5885416666666665,0.35156249999999994,2.825520833333333,2.473958333333333,0.8723958333333334
3690,47.55009149686461,48.55174621656252,0.7291666666666666,0.234375,1.2239583333333333,0.9895833333333333,0.9895833333333333
3691,46.804793791383894,47.762493934137034,1.712239583333333,0.7031249999999999,2.7213541666666665,2.0182291666666665,0.6640625000000001
3692,47.03232917260346,47.81336094211233,1.3541666666666667,0.35156249999999994,2.3567708333333335,2.0052083333333335,0.7291666666666666
3693,47.07287180596118,48.07231612980999,1.3411458333333335,0.234375,2.447916666666666,2.213541666666666,0.8463541666666667
3694,46.690268153880595,47.7288638314489,1.8294270833333335,0.8203125,2.8385416666666665,2.0182291666666665,0.8203124999999999
3695,47.46075928171774,48.34930464176967,1.1783854166666667,0.35156249999999994,2.0052083333333335,1.6536458333333335,0.9114583333333333
3696,47.16492877064732,48.43216796798703,1.5820312500000002,0.7031249999999999,2.4609375000000004,1.7578125000000004,0.8203125
3697,47.01417293862282,48.20073937321928,0.9960937499999999,0.234375,1.7578125,1.5234375,0.9505208333333335
3698,46.58141895468283,47.71792072116893,1.0091145833333335,0.234375,1.7838541666666665,1.5494791666666665,0.8723958333333334
3699,47.08614079024893,48.078621044561096,1.7513020833333337,0.7031249999999999,2.799479166666667,2.096354166666667,0.8333333333333334
3700,46.76364477267873,47.98753553742454,1.015625,0.1171875,1.9140625000000002,1.7968750000000002,0.8463541666666667
3701,47.08073010382604,48.427333646609895,1.4453124999999998,0.35156249999999994,2.5390625,2.1875,0.9375
3702,46.51897286195151,47.705521476946124,1.6210937500000002,0.46875,2.7734375,2.3046875,0.8072916666666667
3703,46.686283350471356,47.66621648852842,2.2330729166666665,0.46875,3.997395833333334,3.528645833333334,1.0026041666666667
3704,47.053528624105276,48.11129686262028,1.6796875,0.234375,3.125,2.890625,0.8333333333333334
3705,47.00422979978837,48.08040110709378,3.37890625,1.4062499999999998,5.3515625,3.9453125,0.8723958333333334
3706,46.863861599200675,48.18991876818479,1.3736979166666667,0.46875,2.2786458333333335,1.8098958333333335,0.8984374999999999
3707,46.518476293519726,47.49307580388164,1.9661458333333333,0.5859375,3.3463541666666665,2.7604166666666665,0.9505208333333335
3708,47.33237134868208,48.38591028809077,1.5755208333333333,0.46875,2.6822916666666665,2.2135416666666665,0.9375000000000001
3709,47.60374633702794,48.43968225138593,1.0091145833333333,0.1171875,1.901041666666667,1.783854166666667,0.7682291666666667
3710,47.40910349354432,48.37265283873553,1.8098958333333335,0.46875,3.1510416666666665,2.6822916666666665,0.9895833333333333
3711,46.82041929378526,47.92199045275571,1.0221354166666667,0.0,2.0442708333333335,2.0442708333333335,0.8854166666666666
3712,47.01417293862282,48.206509950487956,1.0416666666666665,0.234375,1.848958333333333,1.614583333333333,0.9375000000000001
3713,46.3933580673769,47.378418859027896,1.7252604166666665,0.5859375,2.864583333333333,2.278645833333333,0.7291666666666666
3714,46.50463330197036,47.46426570691109,2.1744791666666665,0.46875,3.8802083333333335,3.4114583333333335,0.8593750000000001
3715,46.99179864114985,48.12420261843652,1.569010416666667,0.8203124999999999,2.3177083333333335,1.4973958333333335,1.0156249999999998
3716,46.53578535818256,47.72680694040667,0.7617187499999999,0.0,1.5234374999999998,1.5234374999999998,0.8333333333333334
3717,46.8216204666997,48.115689479682935,0.9375000000000001,0.234375,1.640625,1.40625,1.0807291666666667
3718,46.70716132721059,47.87222053849617,1.328125,0.1171875,2.5390625,2.421875,0.8203125
3719,47.40910349354432,48.2196732287087,1.5039062499999998,0.46875,2.5390625,2.0703125,0.8593750000000001
3720,47.192852462841856,48.040880373971376,1.2434895833333335,0.234375,2.2526041666666665,2.0182291666666665,0.7291666666666666
3721,47.03120554433175,48.43022705815374,1.2304687500000002,0.46875,1.9921875000000002,1.5234375000000002,0.8723958333333334
3722,47.20026479479756,48.05204803704836,2.0768229166666665,0.46875,3.6848958333333335,3.2161458333333335,0.9114583333333334
3723,47.40910349354432,48.54035613962821,1.5950520833333335,0.46875,2.7213541666666665,2.2526041666666665,0.9375000000000001
3724,46.710463558762285,47.81191454855176,2.5,0.8203125,4.1796875,3.359375,0.8463541666666666
3725,46.25351716615221,47.23179854722062,1.6471354166666667,0.46875,2.8255208333333335,2.3567708333333335,0.7421875
3726,46.69990216609223,47.71996501153869,1.5494791666666665,0.1171875,2.981770833333333,2.864583333333333,0.8984375000000001
3727,46.333751806686315,47.25132882097931,1.6210937500000002,0.46875,2.7734375,2.3046875,0.8723958333333334
3728,46.621734606925145,47.7139858918299,0.6966145833333334,0.0,1.3932291666666667,1.3932291666666667,0.8333333333333334
3729,47.1965071828619,48.011347267807196,1.7252604166666667,0.5859375,2.8645833333333335,2.2786458333333335,0.7682291666666667
3730,46.88328589187007,47.99429020513761,1.38671875,0.35156249999999994,2.4218750000000004,2.0703125000000004,1.4322916666666665
3731,46.62606673450362,47.677676095364696,1.2239583333333333,0.234375,2.2135416666666665,1.9791666666666665,0.6901041666666666
3732,46.50743018671011,47.76300941694739,1.2630208333333333,0.35156249999999994,2.1744791666666665,1.8229166666666665,0.7421875
3733,46.69152852324195,47.77227578442912,2.0247395833333335,0.8203124999999999,3.229166666666667,2.408854166666667,0.7161458333333334
3734,47.11349412888577,48.085884588953846,0.9114583333333334,0.1171875,1.705729166666667,1.588541666666667,0.6901041666666667
3735,46.70591328749099,48.078621044561096,1.959635416666667,0.7031249999999999,3.216145833333334,2.513020833333334,0.6770833333333333
3736,46.70072506242886,47.55621008826258,1.40625,0.234375,2.578125,2.34375,0.9505208333333333
3737,47.07657361557866,48.31361456055887,1.3997395833333335,0.35156249999999994,2.4479166666666665,2.0963541666666665,0.625
3738,47.32620469048111,48.30153087405591,1.4062499999999998,0.234375,2.578125,2.34375,0.7682291666666667
3739,47.600241975894754,48.34889014558702,1.5885416666666665,0.46875,2.708333333333333,2.239583333333333,1.1197916666666667
3740,46.57858158832681,47.78132947527814,2.5520833333333335,1.0546875,4.049479166666667,2.994791666666667,0.8072916666666665
3741,46.819761089765436,47.99429020513761,1.4322916666666665,0.1171875,2.7473958333333335,2.6302083333333335,0.9114583333333334
3742,46.842203983882854,47.919748220593526,1.3736979166666667,0.234375,2.5130208333333335,2.2786458333333335,0.9114583333333333
3743,47.65255715389049,48.47549579176496,0.5143229166666667,0.0,1.0286458333333335,1.0286458333333335,0.7942708333333333
3744,46.49306625007284,47.46182343787044,1.7773437499999996,0.46875,3.0859375,2.6171875,0.9505208333333335
3745,47.16906012545562,48.15798216265983,0.9700520833333334,0.0,1.9401041666666667,1.9401041666666667,1.119791666666667
3746,47.083408831254836,48.12232654421189,1.2955729166666665,0.46875,2.1223958333333335,1.6536458333333335,1.0677083333333333
3747,46.67486699111743,47.78183217887924,2.2591145833333335,1.0546875,3.463541666666667,2.408854166666667,0.9375000000000001
3748,46.972731784653895,48.36883461713441,1.1002604166666667,0.234375,1.9661458333333333,1.7317708333333333,0.9765625
3749,46.98663403206206,48.011347267807196,1.907552083333333,0.46875,3.3463541666666665,2.8776041666666665,1.0546875
3750,46.690268153880595,47.630899553264136,1.9075520833333335,0.7031249999999999,3.1119791666666665,2.4088541666666665,1.0156249999999998
3751,47.07035662296808,48.05418304979367,0.7877604166666666,0.1171875,1.4583333333333333,1.3411458333333333,0.8072916666666667
3752,46.51872457773562,47.48897697130104,1.5039062499999998,0.46875,2.5390625,2.0703125,0.6901041666666666
3753,46.984003433094166,48.04745403187405,0.8723958333333334,0.35156249999999994,1.3932291666666665,1.0416666666666665,0.6770833333333334
3754,46.19946068638736,47.22789361074256,1.1002604166666665,0.234375,1.9661458333333333,1.7317708333333333,0.703125
3755,46.63222684446573,47.73991391439637,1.608072916666667,0.35156249999999994,2.864583333333333,2.513020833333333,0.8463541666666667
3756,47.01417293862282,47.945132732159266,1.2565104166666667,0.46875,2.044270833333333,1.575520833333333,0.8593750000000001
3757,47.064855661832425,48.14931727389768,1.6015625000000002,0.46875,2.734375,2.265625,0.9635416666666667
3758,46.86839978646004,47.872552137998795,1.0807291666666667,0.35156249999999994,1.809895833333333,1.458333333333333,0.6901041666666666
3759,45.99582121824744,47.33306641367436,2.87109375,1.4062499999999998,4.335937500000001,2.929687500000001,0.9375000000000001
3760,47.077525724868664,48.35638310769011,1.4518229166666667,0.5859375,2.3177083333333335,1.7317708333333335,0.8723958333333334
3761,46.72239515365762,47.96398970189282,2.701822916666667,0.9375,4.466145833333333,3.528645833333333,1.0286458333333335
3762,46.869818208184086,47.81462531583044,1.666666666666667,0.5859375,2.7473958333333335,2.1614583333333335,0.8203124999999999
3763,46.97841441188669,47.82907576405363,1.4908854166666667,0.35156249999999994,2.6302083333333335,2.2786458333333335,0.7291666666666667
3764,46.90558691337884,48.10317996809138,1.7838541666666665,0.5859375,2.981770833333333,2.395833333333333,0.9765625
3765,47.50819858486226,48.45772865178293,0.8268229166666666,0.1171875,1.5364583333333335,1.4192708333333335,0.8593750000000001
3766,46.79130176071611,47.99385836531639,1.09375,0.1171875,2.0703125,1.953125,0.8072916666666665
3767,47.60992515935361,48.51871430677951,1.34765625,0.46875,2.2265625,1.7578125,0.7291666666666666
3768,46.73907439911529,47.73479581985992,1.7838541666666665,0.7031249999999999,2.8645833333333335,2.1614583333333335,1.0286458333333335
3769,46.914508396486895,47.99984433196688,1.5885416666666665,0.46875,2.7083333333333335,2.2395833333333335,0.9244791666666666
3770,46.808635924732265,47.848962206482234,1.6276041666666667,0.46875,2.786458333333334,2.317708333333334,0.6901041666666667
3771,46.693333736416896,47.79083492456405,2.662760416666667,0.9375,4.388020833333334,3.450520833333334,0.7682291666666667
3772,46.95047636588578,48.0307891700656,1.0156249999999998,0.0,2.0312499999999996,2.0312499999999996,0.9114583333333333
3773,47.00422979978837,48.20040937565633,1.3671875000000002,0.35156249999999994,2.3828125,2.03125,0.9635416666666667
3774,47.192852462841856,48.07379555893579,1.8164062500000002,0.46875,3.1640625,2.6953125,0.9375
3775,46.98663403206206,48.0105897903073,1.1197916666666667,0.1171875,2.1223958333333335,2.0052083333333335,0.8203125
3776,46.55003211598234,47.632002034977475,2.0768229166666665,0.35156249999999994,3.802083333333334,3.450520833333334,0.6770833333333333
3777,46.30240905444902,47.64816667519618,1.6796875,0.35156249999999994,3.0078124999999996,2.6562499999999996,1.0677083333333333
3778,46.60505224628725,47.79736462855497,1.2565104166666665,0.46875,2.0442708333333335,1.5755208333333335,0.6640625000000001
3779,46.187658770529275,47.1278913657333,1.09375,0.1171875,2.0703125000000004,1.9531250000000004,0.9895833333333333
3780,46.24216891970704,47.326325171738794,1.9010416666666665,0.5859375,3.216145833333334,2.630208333333334,0.8072916666666665
3781,46.9953542474785,48.22020167275566,1.2890625,0.35156249999999994,2.2265625,1.875,1.0156249999999998
3782,46.86131611474687,47.92754899920725,1.5559895833333333,0.5859375,2.5260416666666665,1.9401041666666665,0.78125
3783,46.720033567028864,47.89913147380403,0.703125,0.0,1.40625,1.40625,0.625
3784,46.33479192705672,47.5247956506441,1.3020833333333335,0.35156249999999994,2.2526041666666665,1.9010416666666665,0.9375000000000001
3785,47.272592518017795,48.10402628115967,1.5820312500000002,0.35156249999999994,2.8124999999999996,2.4609374999999996,1.0807291666666667
3786,46.852907788773315,47.79722169431344,1.803385416666667,0.5859375,3.020833333333334,2.434895833333334,0.8723958333333334
3787,47.05463850829697,48.34700846870917,1.3085937499999998,0.46875,2.1484375,1.6796875,0.8593750000000001
3788,46.95471028671774,48.016732270353614,1.6471354166666667,0.35156249999999994,2.9427083333333335,2.5911458333333335,0.9375
3789,46.75519130680157,47.75883851716535,1.3281250000000002,0.234375,2.4218749999999996,2.1874999999999996,0.9765625
3790,46.524020625404376,47.6878678700147,1.0677083333333333,0.1171875,2.0182291666666665,1.9010416666666665,0.8723958333333334
3791,46.38990884331575,47.47952486949467,1.1979166666666667,0.35156249999999994,2.0442708333333335,1.6927083333333335,0.7682291666666667
3792,47.06676074794599,48.01830533961082,0.5794270833333334,0.0,1.1588541666666667,1.1588541666666667,0.7421875
3793,47.04205745628141,48.39489574114168,0.9244791666666666,0.35156249999999994,1.4973958333333335,1.1458333333333335,1.09375
3794,46.76283774205915,47.96398970189282,2.7408854166666665,1.1718749999999998,4.309895833333333,3.138020833333333,0.7552083333333334
3795,47.01472502285951,48.087554265437966,2.0768229166666665,0.5859375,3.567708333333333,2.981770833333333,0.78125
3796,46.686283350471356,47.723652886908255,1.34765625,0.234375,2.4609375,2.2265625,0.9114583333333334
3797,47.586840946467454,48.460202218155565,2.3502604166666665,0.8203124999999999,3.8802083333333335,3.0598958333333335,0.9114583333333334
3798,47.075315841048436,48.37535237323183,1.9791666666666665,0.7031249999999999,3.255208333333333,2.552083333333333,0.7421875
3799,47.00029597609754,47.87724391022303,0.9375,0.234375,1.640625,1.40625,0.9505208333333335
3800,46.988243034821195,47.719965011539486,1.8164062500000002,0.5859375,3.0468750000000004,2.4609375000000004,0.8723958333333334
3801,47.053528624105276,47.953814734187404,1.2369791666666667,0.35156249999999994,2.1223958333333335,1.7708333333333335,0.9635416666666667
3802,46.74201756141871,47.63474113328918,1.5104166666666667,0.1171875,2.9036458333333335,2.7864583333333335,1.0026041666666665
3803,46.87293986820879,48.023269618719176,1.5755208333333333,0.46875,2.6822916666666665,2.2135416666666665,0.7161458333333334
3804,46.2688534706053,47.387069525934486,2.109375,0.5859375,3.6328125000000004,3.0468750000000004,0.7031249999999999
3805,46.90736717112194,47.98299083709306,2.278645833333333,0.8203124999999999,3.7369791666666665,2.9166666666666665,0.7942708333333333
3806,47.30373877316988,48.516503903253714,1.1328125000000002,0.35156249999999994,1.9140625000000002,1.5625000000000002,0.9895833333333333
3807,46.54348028812907,47.62085673049104,0.5208333333333334,0.1171875,0.9244791666666669,0.8072916666666669,0.78125
3808,46.72475674028638,47.786128870142534,1.6992187499999998,0.5859375,2.8125,2.2265625,0.8593750000000001
3809,47.415771751606776,48.432605692685655,0.9440104166666667,0.234375,1.6536458333333333,1.4192708333333333,0.9244791666666666
3810,46.81398791940356,47.8814617449898,1.484375,0.1171875,2.8515625000000004,2.7343750000000004,0.8723958333333334
3811,46.62817757933257,47.63044584923148,0.8919270833333333,0.1171875,1.6666666666666667,1.5494791666666667,0.8463541666666667
3812,46.49246470676114,47.71545037621048,2.28515625,1.0546875,3.515625,2.4609375,0.8984374999999999
3813,47.13362676737039,48.28172274375219,0.87890625,0.1171875,1.6406249999999998,1.5234374999999998,0.7942708333333333
3814,46.91473033209544,47.86019713325893,1.4257812500000002,0.35156249999999994,2.5,2.1484375,0.8593750000000001
3815,46.73913612262072,47.92140187747209,2.213541666666667,0.9375,3.4895833333333335,2.5520833333333335,0.8593750000000001
3816,46.28140760855888,47.490382619445946,1.8684895833333333,0.8203124999999999,2.9166666666666665,2.0963541666666665,0.8984374999999999
3817,46.988243034821195,47.9509444384328,1.4453125,0.234375,2.6562500000000004,2.4218750000000004,0.9765625
3818,46.71148797703578,47.750588494569946,1.4388020833333335,0.234375,2.643229166666667,2.408854166666667,0.8984374999999999
3819,47.49835790930483,48.615599093072035,1.9010416666666665,0.7031249999999999,3.0989583333333335,2.3958333333333335,0.9375
3820,47.21260259545523,48.279084677539316,1.6927083333333335,0.5859375,2.7994791666666665,2.2135416666666665,1.0286458333333333
3821,47.07847783415866,47.88122334809729,2.6302083333333335,1.0546875,4.205729166666666,3.151041666666666,0.8463541666666666
3822,46.787297561584964,47.61923021544166,1.3606770833333333,0.35156249999999994,2.3697916666666665,2.0182291666666665,0.7682291666666667
3823,47.21154125776626,47.99042970634152,1.6992187499999998,0.35156249999999994,3.046875,2.6953125,0.7942708333333333
3824,47.5869977012689,48.62786952699103,1.5690104166666667,0.5859375,2.5520833333333335,1.9661458333333335,0.78125
3825,47.25950210265207,48.12612022095835,1.2825520833333333,0.1171875,2.4479166666666665,2.3307291666666665,0.48177083333333337
3826,47.05463850829697,48.3956361265084,1.8684895833333333,0.46875,3.268229166666667,2.799479166666667,0.9375
3827,46.90736717112194,48.10181492690633,2.1549479166666665,0.9375,3.372395833333333,2.434895833333333,0.7421875
3828,46.710463558762285,47.73234044560654,2.7473958333333335,1.171875,4.322916666666667,3.151041666666667,0.8072916666666665
3829,47.11803495022428,48.29570612205101,1.5755208333333333,0.1171875,3.0338541666666665,2.9166666666666665,0.6770833333333334
3830,47.42858717207859,48.375960419428644,1.2044270833333335,0.46875,1.9401041666666667,1.4713541666666667,0.8333333333333334
3831,46.60457023150692,47.86811458518852,1.1393229166666667,0.1171875,2.1614583333333335,2.0442708333333335,0.9765625
3832,47.012012212676844,48.01309410583383,1.50390625,0.35156249999999994,2.6562500000000004,2.3046875000000004,0.8854166666666666
3833,46.55789619397371,47.6878678700147,1.2434895833333335,0.35156249999999994,2.1354166666666665,1.7838541666666665,0.7682291666666667
3834,46.41270008754553,47.50138020039694,1.809895833333333,0.46875,3.1510416666666665,2.6822916666666665,0.8333333333333335
3835,47.03232917260346,48.10360312462553,1.4518229166666665,0.234375,2.669270833333333,2.434895833333333,0.8333333333333334
3836,46.9956867952519,48.000603410870156,0.9830729166666666,0.234375,1.7317708333333335,1.4973958333333335,0.7682291666666667
3837,47.01615007418961,48.10853998062502,0.9114583333333334,0.0,1.8229166666666667,1.8229166666666667,0.7942708333333333
3838,46.457357824388055,47.66765877091179,1.6210937500000002,0.35156249999999994,2.890625,2.5390625,0.6510416666666667
3839,46.92144588159367,48.00188215721125,1.5559895833333333,0.5859375,2.5260416666666665,1.9401041666666665,0.8463541666666667
3840,46.606965363772645,47.67132978708064,0.35156249999999994,0.0,0.7031249999999999,0.7031249999999999,0.8854166666666666
3841,47.20586530108293,48.12283531178963,1.15234375,0.234375,2.0703125,1.8359375,0.8593750000000001
3842,46.95276487793041,47.994749588267474,1.438802083333333,0.0,2.877604166666666,2.877604166666666,0.8203124999999999
3843,46.71251239530927,47.90935074917501,1.608072916666667,0.5859375,2.630208333333334,2.044270833333334,0.8723958333333334
3844,46.820030968463215,47.914425231149444,1.1197916666666667,0.0,2.2395833333333335,2.2395833333333335,0.8854166666666666
3845,47.19868280885897,48.10317996809138,1.2760416666666667,0.35156249999999994,2.200520833333333,1.848958333333333,0.8723958333333334
3846,47.61094537469311,48.5269685782944,0.8984374999999999,0.35156249999999994,1.4453125,1.09375,0.8593750000000001
3847,46.96000829016134,47.985612600899344,0.78125,0.1171875,1.4453125,1.328125,1.0026041666666667
3848,46.534642256089306,47.55197954663305,1.6536458333333333,0.35156249999999994,2.9557291666666665,2.6041666666666665,0.8854166666666666
3849,47.24686950694934,48.371576501397776,1.93359375,0.46875,3.3984374999999996,2.9296874999999996,1.0026041666666665
3850,46.8591767607772,47.910656766621415,1.171875,0.46875,1.8750000000000002,1.4062500000000002,0.9635416666666667
3851,46.47952559883095,47.55092058561509,1.907552083333333,0.5859375,3.229166666666666,2.643229166666666,0.7161458333333334
3852,47.21358848274624,48.22014736477312,0.87890625,0.1171875,1.640625,1.5234375,0.8463541666666667
3853,46.83153355679391,47.872128701416926,1.26953125,0.46875,2.0703125000000004,1.6015625000000004,0.9375000000000001
3854,47.102713271524784,48.07690235563339,0.6510416666666667,0.0,1.3020833333333335,1.3020833333333335,1.0026041666666665
3855,46.95276487793041,47.869750441872036,1.569010416666667,0.7031249999999999,2.4348958333333335,1.7317708333333335,0.9114583333333333
3856,46.90647704225039,47.80508066543437,0.9830729166666666,0.1171875,1.848958333333333,1.731770833333333,0.8072916666666665
3857,47.053528624105276,48.30153087405591,1.2890625000000002,0.46875,2.109375,1.640625,1.1197916666666667
3858,47.33299036381698,48.15342064181968,0.8007812499999999,0.0,1.6015624999999998,1.6015624999999998,1.09375
3859,46.77456239265832,47.93150411561013,1.3736979166666667,0.35156249999999994,2.395833333333333,2.044270833333333,1.09375
3860,46.62643038150299,47.81839604622087,1.2695312500000002,0.35156249999999994,2.1875,1.8359375,0.6901041666666666
3861,47.329673577006425,48.37973454182077,1.6276041666666665,0.0,3.255208333333333,3.255208333333333,0.8984374999999999
3862,46.7303816215983,47.72306033074677,1.7708333333333333,0.7031249999999999,2.8385416666666665,2.1354166666666665,0.8203125000000002
3863,47.22586138124909,48.24726644304605,0.83984375,0.0,1.6796875,1.6796875,0.9244791666666666
3864,47.424689153770586,48.4866925524784,0.9505208333333335,0.0,1.901041666666667,1.901041666666667,0.9375
3865,47.209434022600554,48.150546901738274,1.3216145833333335,0.234375,2.4088541666666665,2.1744791666666665,1.0416666666666665
3866,47.543808434780885,48.37973454182077,1.1848958333333333,0.234375,2.1354166666666665,1.9010416666666665,0.9375
3867,47.058854746716996,47.92140187747209,1.4778645833333335,0.1171875,2.8385416666666665,2.7213541666666665,0.78125
3868,46.41862662281512,47.36988655848537,2.2721354166666665,0.8203124999999999,3.7239583333333335,2.9036458333333335,0.7682291666666667
3869,46.97712469702371,48.027717732382115,1.1458333333333335,0.35156249999999994,1.9401041666666667,1.5885416666666667,0.8854166666666666
3870,46.378114745330414,47.63440125273618,1.6341145833333335,0.35156249999999994,2.9166666666666665,2.5651041666666665,0.7421875
3871,46.76364477267873,47.96338722003507,0.8658854166666667,0.1171875,1.614583333333333,1.497395833333333,0.7552083333333334
3872,47.29886058582674,48.37265283873553,0.9114583333333334,0.234375,1.5885416666666665,1.3541666666666665,1.0286458333333333
3873,46.65274353113084,47.63044584923148,2.3958333333333335,0.7031249999999999,4.088541666666667,3.385416666666667,0.9895833333333333
3874,46.28067678530299,47.64422296284416,2.0312500000000004,0.8203125,3.2421874999999996,2.4218749999999996,0.7031249999999999
3875,47.28940275629537,48.10981308320401,1.608072916666667,0.46875,2.7473958333333335,2.2786458333333335,0.5859375
3876,46.896481178661446,48.13465992446054,1.3151041666666665,0.35156249999999994,2.2786458333333335,1.9270833333333335,0.9765625
3877,46.696386136924986,47.874706021028715,1.126302083333333,0.0,2.252604166666666,2.252604166666666,0.9895833333333333
3878,46.95044010218633,47.71668554868971,1.653645833333333,0.0,3.307291666666666,3.307291666666666,0.9375
3879,46.60457023150692,47.649784500366465,1.3932291666666665,0.234375,2.5520833333333335,2.3177083333333335,0.8593750000000001
3880,47.420230452688685,48.069884921145736,1.66015625,0.234375,3.0859375,2.8515625,0.9505208333333335
3881,46.818966340647194,48.043014711479806,1.0807291666666667,0.0,2.1614583333333335,2.1614583333333335,0.8854166666666666
3882,46.710463558762285,47.66295546136146,1.8294270833333335,0.8203124999999999,2.838541666666667,2.018229166666667,0.9505208333333335
3883,46.79740030988978,47.92117556806943,0.9830729166666666,0.1171875,1.8489583333333337,1.7317708333333337,0.9895833333333333
3884,46.853649577323914,47.94786008093472,0.9244791666666666,0.0,1.8489583333333333,1.8489583333333333,0.8333333333333334
3885,47.07517033273481,48.06469154532936,0.5989583333333335,0.1171875,1.0807291666666667,0.9635416666666667,0.8723958333333334
3886,46.64076366727703,47.92204637533094,1.73828125,0.46875,3.0078125,2.5390625,0.6640625000000001
3887,47.14070655440449,48.16875728414299,1.7317708333333335,0.7031249999999999,2.7604166666666665,2.0572916666666665,0.7682291666666667
3888,46.79740030988978,47.81336094211233,1.7447916666666667,0.5859375,2.903645833333333,2.317708333333333,0.7421875
3889,47.219433666919265,47.99892775243806,2.1679687499999996,0.5859375,3.75,3.1640625,0.9244791666666665
3890,47.017816708574635,47.985384932090255,1.85546875,0.46875,3.2421875000000004,2.7734375000000004,0.8333333333333335
3891,47.26179464076941,48.47447360801047,1.7187500000000002,0.5859375,2.8515625000000004,2.2656250000000004,0.9114583333333333
3892,46.33578605112118,47.69064955509382,1.34765625,0.35156249999999994,2.34375,1.9921875,0.6901041666666666
3893,46.72649999514593,47.689237064636245,1.946614583333333,0.46875,3.424479166666666,2.955729166666666,0.7942708333333333
3894,47.07035662296808,48.02605793443362,1.26953125,0.234375,2.3046875,2.0703125,0.8984374999999999
3895,46.35461690078736,47.52657079990396,1.6666666666666667,0.5859375,2.7473958333333335,2.1614583333333335,0.7421875
3896,46.78864614041439,48.00609124631668,1.4388020833333335,0.46875,2.408854166666667,1.940104166666667,0.7291666666666666
3897,47.11206479991112,48.14170250468785,2.0182291666666665,0.5859375,3.4505208333333335,2.8645833333333335,0.9114583333333334
3898,46.97583498216074,48.05009471819371,1.803385416666667,0.7031249999999999,2.9036458333333335,2.2005208333333335,0.7682291666666667
3899,47.32269315463909,48.26869449654006,1.1848958333333333,0.234375,2.1354166666666665,1.9010416666666665,1.0156250000000002
3900,46.616172210987685,47.69914154918592,1.0546875,0.0,2.109375,2.109375,0.6901041666666666
3901,47.14198708152044,48.206509950487956,1.3736979166666667,0.35156249999999994,2.395833333333333,2.044270833333333,0.7682291666666667
3902,46.95181715038937,48.065536284916746,1.4192708333333335,0.35156249999999994,2.486979166666667,2.135416666666667,1.09375
3903,46.924115284764525,47.8355480172224,2.057291666666667,0.35156249999999994,3.763020833333333,3.411458333333333,0.9114583333333334
3904,46.60672435638248,47.72155419306203,0.91796875,0.0,1.8359375,1.8359375,0.8984374999999999
3905,46.987184526374,48.296777147568,1.6015624999999998,0.234375,2.96875,2.734375,1.1458333333333335
3906,47.55621008826258,48.638126936162166,0.60546875,0.0,1.2109375,1.2109375,1.0807291666666667
3907,47.03120554433175,47.92094925866677,1.5234375000000002,0.35156249999999994,2.6953125,2.34375,0.8854166666666666
3908,46.20826303321613,47.51986500089433,1.5299479166666665,0.1171875,2.9427083333333335,2.8255208333333335,0.8723958333333334
3909,46.73901267560985,47.947199437739016,1.5299479166666667,0.46875,2.591145833333333,2.122395833333333,0.7031249999999999
3910,46.787297561584964,48.2383875069625,0.8072916666666665,0.234375,1.3802083333333333,1.1458333333333333,0.7161458333333334
3911,47.07689683760355,48.104710691024884,1.6731770833333337,0.35156249999999994,2.994791666666667,2.643229166666667,0.9505208333333335
3912,46.773994290228124,47.97361073033869,1.6341145833333335,0.46875,2.7994791666666665,2.3307291666666665,0.9895833333333333
3913,46.269715148625465,47.53364211410141,2.1223958333333335,0.46875,3.776041666666667,3.307291666666667,0.7682291666666667
3914,46.50463330197036,47.68414253387645,1.3151041666666667,0.0,2.6302083333333335,2.6302083333333335,0.9765625
3915,46.804793791383894,47.755551256513826,0.9700520833333334,0.1171875,1.8229166666666667,1.7057291666666667,0.7291666666666666
3916,46.599878886863245,47.55092058561509,1.2565104166666667,0.35156249999999994,2.1614583333333335,1.8098958333333335,0.8072916666666667
3917,46.37465115209458,47.76015853977453,1.3802083333333333,0.46875,2.291666666666667,1.822916666666667,1.0546875
3918,47.00985148673087,48.25025201861872,1.1263020833333333,0.234375,2.018229166666667,1.783854166666667,1.0546875
3919,46.52906838885725,47.49544641393773,0.9830729166666666,0.1171875,1.8489583333333333,1.7317708333333333,0.7161458333333334
3920,47.63265736037054,48.64995031758841,1.2044270833333333,0.35156249999999994,2.0572916666666665,1.7057291666666665,0.9114583333333333
3921,47.46208727623754,48.39899574157422,1.7317708333333335,0.7031249999999999,2.7604166666666665,2.0572916666666665,0.8593750000000001
3922,47.01861037586623,47.923766791352286,1.6210937500000002,0.5859375,2.6562500000000004,2.0703125000000004,0.8463541666666667
3923,46.34247167146105,47.621768461585546,0.8072916666666665,0.0,1.614583333333333,1.614583333333333,0.78125
3924,47.624195629474876,48.28172274375219,2.1809895833333335,0.9375,3.424479166666666,2.486979166666666,0.9114583333333333
3925,47.031767358467604,48.09960357265298,0.9635416666666667,0.0,1.9270833333333335,1.9270833333333335,0.8463541666666667
3926,46.22152013162169,47.44395635716502,1.217447916666667,0.46875,1.9661458333333333,1.4973958333333333,0.7421875
3927,46.126869205532714,47.22509913241477,1.7187500000000002,0.5859375,2.8515625000000004,2.2656250000000004,0.9505208333333333
3928,46.26226208367439,47.372437837349764,1.3802083333333333,0.1171875,2.643229166666666,2.526041666666666,0.7682291666666667
3929,47.07847783415866,48.04745403187405,0.7682291666666665,0.0,1.536458333333333,1.536458333333333,1.0416666666666665
3930,46.95276487793041,48.00076091149569,0.6966145833333333,0.0,1.3932291666666665,1.3932291666666665,0.9765625
3931,46.70282577277982,47.71996501153838,0.6380208333333334,0.1171875,1.1588541666666667,1.0416666666666667,0.8333333333333335
3932,47.01417293862282,48.10360312462553,0.6966145833333333,0.0,1.3932291666666665,1.3932291666666665,1.0156249999999998
3933,47.064855661832425,48.0105897903073,1.8619791666666667,0.8203124999999999,2.9036458333333335,2.0833333333333335,0.8854166666666669
3934,46.853649577323914,47.63118739308569,2.311197916666667,0.7031249999999999,3.9192708333333335,3.2161458333333335,0.6510416666666667
3935,46.054657704145,47.10913352721544,1.38671875,0.35156249999999994,2.4218749999999996,2.0703124999999996,0.9375
3936,47.3292880195816,48.33512189829826,2.3111979166666665,0.7031249999999999,3.9192708333333335,3.2161458333333335,0.8203125
3937,46.7069000918512,47.86042809941725,0.6119791666666665,0.0,1.223958333333333,1.223958333333333,0.8984375000000001
3938,47.28251881145066,48.238284446205235,1.171875,0.234375,2.109375,1.875,1.0807291666666667
3939,46.8063693308639,47.81168471306771,1.1328125,0.234375,2.03125,1.796875,0.7161458333333334
3940,47.1551412221172,48.27905437245006,0.39062499999999994,0.0,0.7812499999999999,0.7812499999999999,0.7161458333333334
3941,46.6288029104252,47.66728515651448,1.5885416666666665,0.35156249999999994,2.8255208333333335,2.4739583333333335,0.78125
3942,47.20026479479756,48.19865754253211,0.5794270833333334,0.0,1.1588541666666667,1.1588541666666667,0.8203125
3943,46.248187790220726,47.37619842487215,2.03125,0.7031249999999999,3.359375,2.65625,0.7552083333333334
3944,47.048347982289194,47.877708614594376,1.2369791666666667,0.1171875,2.3567708333333335,2.2395833333333335,0.6901041666666666
3945,47.11349412888577,47.90935074917501,1.07421875,0.234375,1.9140625000000002,1.6796875000000002,0.9114583333333334
3946,47.01861037586623,47.99385836531639,2.115885416666667,0.5859375,3.6458333333333335,3.0598958333333335,0.9505208333333335
3947,46.42481672073432,47.64896073226292,1.6992187499999998,0.46875,2.9296874999999996,2.4609374999999996,0.9375000000000001
3948,47.18497048053144,48.12132862962405,1.0611979166666667,0.46875,1.6536458333333333,1.1848958333333333,0.8723958333333334
3949,47.1965071828619,47.9917329551607,1.2109375,0.1171875,2.3046875,2.1875,0.8203125
3950,47.392750883889626,48.28172274375219,1.7838541666666665,0.35156249999999994,3.216145833333334,2.864583333333334,1.0026041666666665
3951,46.866465188561385,47.84284332513944,1.5364583333333335,0.234375,2.838541666666667,2.604166666666667,0.8463541666666667
3952,46.20302654190763,47.48257169215469,1.34765625,0.35156249999999994,2.34375,1.9921875,0.8984374999999999
3953,46.90378613905424,47.95584338471003,2.2721354166666665,0.234375,4.309895833333333,4.075520833333333,0.9505208333333335
3954,46.33386914067187,47.63000352114199,1.1783854166666667,0.1171875,2.239583333333333,2.122395833333333,1.1328125000000002
3955,47.03719331444244,47.94490156059686,1.3932291666666665,0.0,2.786458333333333,2.786458333333333,0.8593750000000001
3956,46.99463924582884,47.91713772840084,2.213541666666667,0.8203125,3.606770833333334,2.786458333333334,0.9765625
3957,46.187658770529275,47.42858717207859,1.7252604166666667,0.35156249999999994,3.0989583333333335,2.7473958333333335,0.9765625
3958,46.6288029104252,47.947574404433624,1.85546875,0.35156249999999994,3.359375,3.0078125,0.8854166666666669
3959,46.16145005516374,47.29696663193096,1.38671875,0.35156249999999994,2.4218749999999996,2.0703124999999996,1.0546875
3960,46.61494194262869,47.58536162981819,1.5299479166666667,0.35156249999999994,2.7083333333333335,2.3567708333333335,0.8854166666666666
3961,46.6265696765778,47.78567583791439,1.5104166666666667,0.35156249999999994,2.6692708333333335,2.3177083333333335,0.8463541666666666
3962,47.21803291096653,48.268103675994034,2.1549479166666665,0.5859375,3.7239583333333335,3.1380208333333335,0.8463541666666666
3963,47.21154125776626,47.98707749308085,1.4192708333333333,0.46875,2.3697916666666665,1.9010416666666665,0.9635416666666667
3964,46.918199074648825,48.206509950487956,1.783854166666667,0.46875,3.0989583333333335,2.6302083333333335,0.8463541666666666
3965,47.031767358467604,47.91550133840844,1.5755208333333333,0.35156249999999994,2.7994791666666665,2.4479166666666665,0.7161458333333333
3966,46.693333736416896,47.7199650115399,2.1289062499999996,0.9375,3.3203125,2.3828125,0.8984374999999999
3967,46.984003433094166,47.96046974789606,1.4322916666666665,0.35156249999999994,2.5130208333333335,2.1614583333333335,0.8203125
3968,47.51986500089433,48.17379571975169,2.1549479166666665,0.8203124999999999,3.4895833333333335,2.6692708333333335,1.0286458333333333
3969,47.19690862636684,48.13811027257207,1.4583333333333333,0.46875,2.4479166666666665,1.9791666666666665,0.7682291666666667
3970,46.9220668799135,47.89314721329015,0.9895833333333333,0.0,1.9791666666666665,1.9791666666666665,0.7552083333333333
3971,46.9511648899873,48.008743886119646,2.434895833333333,0.9375,3.9322916666666665,2.9947916666666665,0.78125
3972,46.68945743678938,47.696146326277585,2.252604166666666,1.0546875,3.4505208333333335,2.3958333333333335,1.0026041666666665
3973,46.995520521365194,47.97222868497487,1.2630208333333333,0.234375,2.291666666666667,2.057291666666667,0.8593750000000001
3974,46.26121995104009,47.49118925252344,1.8815104166666665,0.46875,3.2942708333333326,2.8255208333333326,0.9114583333333334
3975,47.0017734189216,48.105998709554484,1.6731770833333333,0.1171875,3.229166666666666,3.111979166666666,0.9244791666666665
3976,46.78864614041439,47.956012613357515,1.4908854166666667,0.46875,2.5130208333333335,2.0442708333333335,0.8723958333333334
3977,46.9956867952519,48.04745403187405,0.9570312500000001,0.35156249999999994,1.5625,1.2109375,0.9375
3978,46.95378472322673,47.97349046337185,0.9765625,0.234375,1.7187500000000002,1.4843750000000002,0.7942708333333333
3979,46.098389280453326,47.41410095717814,1.4778645833333333,0.7031249999999999,2.2526041666666665,1.5494791666666665,0.8203125
3980,47.33411805667866,48.343452168487886,1.0416666666666667,0.1171875,1.9661458333333333,1.8489583333333333,0.9244791666666669
3981,47.01417293862282,48.11622104156815,2.03125,0.8203124999999999,3.2421875000000004,2.4218750000000004,0.8854166666666666
3982,47.12392111239156,48.17455015066141,1.3020833333333335,0.234375,2.3697916666666665,2.1354166666666665,0.8463541666666666
3983,47.075315841048436,47.98753553742454,1.1783854166666667,0.234375,2.1223958333333335,1.8880208333333335,0.9765625
3984,47.08073010382604,48.35729681809239,2.1875,0.7031249999999999,3.671875,2.96875,0.8203125
3985,46.69955471327024,47.84906025236143,1.7252604166666665,0.234375,3.216145833333333,2.981770833333333,0.8203124999999999
3986,46.720033567028864,47.764805611927386,1.5494791666666667,0.234375,2.864583333333333,2.630208333333333,0.625
3987,46.58643566137194,47.62614286563359,1.1653645833333333,0.0,2.3307291666666665,2.3307291666666665,1.0156249999999998
3988,46.63151227121257,47.74973288059612,1.8294270833333335,0.8203125,2.8385416666666665,2.0182291666666665,0.9895833333333333
3989,46.18771762916064,47.50138020039694,0.87890625,0.0,1.7578125,1.7578125,0.8072916666666665
3990,46.90647704225039,47.97349046337185,1.1979166666666665,0.234375,2.1614583333333335,1.9270833333333335,0.8723958333333334
3991,46.89954492246441,47.81757857301902,1.6210937500000002,0.35156249999999994,2.890625,2.5390625,0.9114583333333333
3992,46.93042097797615,47.96434489249576,1.5039062500000002,0.35156249999999994,2.6562500000000004,2.3046875000000004,0.9635416666666667
3993,47.77027141377278,48.67842152098385,0.44921874999999994,0.0,0.8984374999999999,0.8984374999999999,1.1979166666666665
3994,46.9953542474785,48.17108965485069,1.1393229166666665,0.234375,2.044270833333333,1.809895833333333,0.8463541666666667
3995,47.77582595088036,48.65899803034665,1.8424479166666667,0.7031249999999999,2.9817708333333335,2.2786458333333335,0.8203125
3996,46.81247805808065,48.146920620328196,1.946614583333333,0.9375,2.9557291666666665,2.0182291666666665,1.1067708333333333
3997,47.1922069075548,48.10402628115967,2.0768229166666665,0.7031249999999999,3.4505208333333335,2.7473958333333335,0.7942708333333333
3998,47.43146934084422,48.085884588953846,1.1848958333333333,0.0,2.3697916666666665,2.3697916666666665,0.7161458333333334
3999,47.10528744058961,48.12612022095835,1.0351562500000002,0.234375,1.8359375,1.6015625,0.6380208333333334
4000,46.42080373586336,47.48716124426589,1.6210937500000002,0.35156249999999994,2.890625,2.5390625,0.7682291666666666
4001,46.9382620058247,47.94728872793253,1.7513020833333333,0.46875,3.033854166666667,2.565104166666667,1.0807291666666667
4002,46.775778263200394,47.71504874902089,1.6992187499999998,0.46875,2.9296875,2.4609375,0.7161458333333333
4003,46.72649999514593,47.65578289787298,1.8229166666666665,0.234375,3.411458333333333,3.177083333333333,0.8333333333333334
4004,46.90824688060826,47.88593423930122,1.4453125,0.234375,2.6562500000000004,2.4218750000000004,1.015625
4005,46.76364477267873,47.52657079990396,2.2265624999999996,0.46875,3.9843749999999996,3.5156249999999996,0.8593750000000001
4006,47.415771751606776,48.33511157252042,1.6666666666666667,0.7031249999999999,2.630208333333333,1.927083333333333,0.8854166666666666
4007,46.25351716615221,47.326325171738794,1.5950520833333335,0.8203124999999999,2.3697916666666665,1.5494791666666665,1.0026041666666665
4008,46.787971850999675,47.88581267985228,1.1848958333333333,0.1171875,2.2526041666666665,2.1354166666666665,0.8072916666666667
4009,46.47603244691128,47.51380776576518,2.8190104166666665,1.4062499999999998,4.231770833333334,2.825520833333334,0.6380208333333334
4010,46.79130176071611,47.74344581941745,1.2369791666666665,0.234375,2.2395833333333335,2.0052083333333335,0.8463541666666667
4011,47.32620469048111,48.266771750626035,1.34765625,0.35156249999999994,2.34375,1.9921875,0.7552083333333335
4012,47.075315841048436,48.000603410870156,1.2890625,0.1171875,2.4609375000000004,2.3437500000000004,1.0156249999999998
4013,46.9382620058247,47.9035611280221,0.9309895833333334,0.1171875,1.7447916666666667,1.6276041666666667,0.8854166666666666
4014,46.83119158766621,47.99469313770513,1.7903645833333335,0.46875,3.1119791666666665,2.6432291666666665,0.8072916666666665
4015,46.83509257819392,47.82812012064718,1.6992187499999998,0.5859375,2.8124999999999996,2.2265624999999996,1.0807291666666667
4016,47.064855661832425,48.023269618719176,1.2760416666666667,0.234375,2.317708333333333,2.083333333333333,0.6640625000000001
4017,46.55003211598234,47.64899044329972,1.6015624999999998,0.1171875,3.0859375,2.96875,0.8723958333333334
4018,46.137072645645794,47.193554327658624,1.2239583333333333,0.1171875,2.3307291666666665,2.2135416666666665,0.7552083333333334
4019,47.241551611142135,48.06504105672358,1.3606770833333333,0.0,2.7213541666666665,2.7213541666666665,0.9114583333333334
4020,46.64863443017522,47.529705788297235,0.8138020833333333,0.0,1.6276041666666665,1.6276041666666665,0.8463541666666667
4021,46.98663403206206,47.9483359750856,1.953125,0.46875,3.4375000000000004,2.9687500000000004,1.0546875
4022,46.76364477267873,47.63071172041362,1.3541666666666667,0.234375,2.4739583333333335,2.2395833333333335,0.8593750000000001
4023,46.285926383520334,47.33299036381698,3.02734375,1.6406249999999998,4.4140625,2.7734375,0.5859375000000001
4024,46.957979440756425,47.99429020513761,2.408854166666667,0.5859375,4.231770833333334,3.645833333333334,0.8333333333333334
4025,46.83509257819392,47.99707247535173,1.2890625,0.35156249999999994,2.2265625,1.875,0.7942708333333335
4026,46.61191021194336,47.96363451128989,1.66015625,0.46875,2.8515625000000004,2.3828125000000004,0.9244791666666669
4027,47.07571839110024,48.24591477345745,1.1002604166666667,0.35156249999999994,1.8489583333333337,1.4973958333333337,0.9895833333333333
4028,46.2596460856192,47.44788884125053,1.9791666666666665,0.8203125,3.1380208333333335,2.3177083333333335,0.8593749999999999
4029,46.62852997567375,47.63406137218319,1.9140624999999998,0.5859375,3.2421875000000004,2.6562500000000004,0.8203125
4030,47.272592518017795,48.41064854258655,1.25,0.0,2.5,2.5,0.8984374999999999
4031,46.98650905851391,48.06469154532936,1.19140625,0.35156249999999994,2.03125,1.6796875,1.1067708333333335
4032,46.51435168248479,47.63414687775212,1.2890625,0.35156249999999994,2.2265625,1.875,0.9114583333333333
4033,46.17040159503969,47.58108234773084,0.7356770833333334,0.1171875,1.3541666666666667,1.2369791666666667,0.8333333333333335
4034,46.86668320681681,47.92439939941424,1.9205729166666667,0.703125,3.1380208333333335,2.4348958333333335,1.015625
4035,47.10620225451977,48.20542100849939,0.5143229166666665,0.0,1.028645833333333,1.028645833333333,1.119791666666667
4036,46.33479192705672,47.52824414107919,1.6666666666666667,0.5859375,2.7473958333333335,2.1614583333333335,0.78125
4037,46.80794487034391,47.96363451128989,1.4062499999999998,0.46875,2.34375,1.875,1.0026041666666665
4038,47.315158065485754,48.29950381814723,1.66015625,0.5859375,2.734375,2.1484375,0.7682291666666667
4039,47.15013796338969,48.17632211460421,0.8854166666666666,0.0,1.7708333333333333,1.7708333333333333,1.1588541666666667
4040,47.23166547795176,48.36090990885334,1.4127604166666665,0.35156249999999994,2.4739583333333335,2.1223958333333335,0.7682291666666667
4041,46.90736717112194,48.01143389892173,1.9856770833333335,0.9375,3.033854166666666,2.096354166666666,0.9375
4042,47.03232917260346,48.37973454182077,1.0416666666666667,0.234375,1.8489583333333333,1.6145833333333333,0.9375000000000001
4043,46.39436429472756,47.63474113328918,1.5494791666666667,0.35156249999999994,2.7473958333333335,2.3958333333333335,0.9505208333333333
4044,46.66113923768872,47.81145487758367,1.7187500000000002,0.46875,2.96875,2.5,0.7552083333333334
4045,46.97841441188669,48.05402324440755,0.9114583333333333,0.0,1.8229166666666665,1.8229166666666665,0.8593750000000001
4046,47.46293252250899,48.37261601004743,0.8854166666666669,0.35156249999999994,1.4192708333333335,1.0677083333333335,1.0807291666666667
4047,46.66437859033726,47.76015853977453,1.6276041666666667,0.35156249999999994,2.9036458333333335,2.5520833333333335,0.6510416666666667
4048,46.557052515367644,47.63000352114199,1.1979166666666665,0.35156249999999994,2.0442708333333335,1.6927083333333335,0.8854166666666666
4049,46.95570796796401,48.07379555893579,1.2044270833333333,0.234375,2.1744791666666665,1.9401041666666665,0.9114583333333333
4050,46.97995610978055,47.92201841404332,1.0481770833333335,0.0,2.096354166666667,2.096354166666667,0.8072916666666667
4051,47.12392111239156,48.149230142658205,0.6054687499999999,0.0,1.2109374999999998,1.2109374999999998,0.9635416666666667
4052,46.78683954824361,47.711315114675344,2.200520833333333,0.46875,3.9322916666666665,3.4635416666666665,0.8854166666666666
4053,47.064855661832425,48.04282019287088,1.8945312500000002,0.46875,3.3203125,2.8515625,0.9375000000000001
4054,46.6288029104252,47.79508519474074,2.200520833333333,0.5859375,3.815104166666667,3.229166666666667,0.9244791666666665
4055,46.76283774205915,47.90272853737026,1.3411458333333333,0.234375,2.447916666666666,2.213541666666666,1.0026041666666665
4056,46.33578605112118,47.46805707687508,1.1197916666666667,0.234375,2.0052083333333335,1.7708333333333335,0.8593750000000001
4057,47.18497048053144,48.12418275547642,1.998697916666667,0.8203124999999999,3.177083333333333,2.356770833333333,0.9765625
4058,46.1128272590582,47.03328112681384,1.6276041666666667,0.46875,2.786458333333333,2.317708333333333,0.8854166666666666
4059,46.918199074648825,47.876613559016235,1.6471354166666667,0.7031249999999999,2.5911458333333335,1.8880208333333335,0.7161458333333334
4060,46.7303816215983,47.96313992878025,1.2174479166666667,0.234375,2.2005208333333335,1.9661458333333335,0.8723958333333334
4061,47.219433666919265,48.0394138796836,2.467447916666667,1.171875,3.763020833333333,2.591145833333333,0.8333333333333334
4062,46.126869205532714,47.24672005151888,1.6015624999999998,0.234375,2.96875,2.734375,0.7552083333333335
4063,46.83331306749391,47.84915829824064,1.7317708333333335,0.5859375,2.877604166666667,2.291666666666667,0.9375
4064,46.557157368655744,47.48917412123913,1.516927083333333,0.1171875,2.9166666666666665,2.7994791666666665,0.9895833333333333
4065,46.87293986820879,47.885652170258666,1.66015625,0.0,3.3203125,3.3203125,0.6640625000000001
4066,46.773994290228124,47.86900803418551,1.7773437500000002,0.5859375,2.96875,2.3828125,1.0156249999999998
4067,47.26408717888675,48.26484900471202,1.4648437499999998,0.35156249999999994,2.578125,2.2265625,0.8723958333333334
4068,46.46927821279292,47.767475797795,1.1653645833333333,0.35156249999999994,1.979166666666667,1.627604166666667,0.6119791666666666
4069,47.38207257159634,48.24726644304605,0.6575520833333333,0.0,1.3151041666666665,1.3151041666666665,1.0677083333333333
4070,46.57151750564956,47.750588494569946,1.5755208333333333,0.35156249999999994,2.7994791666666665,2.4479166666666665,0.7291666666666666
4071,47.075315841048436,48.19313225916693,0.7942708333333333,0.0,1.5885416666666665,1.5885416666666665,0.8463541666666667
4072,46.425352140129476,47.39640449030419,1.4127604166666667,0.234375,2.591145833333333,2.356770833333333,0.8723958333333334
4073,46.95311029877462,47.969589827192685,1.6341145833333335,0.46875,2.7994791666666665,2.3307291666666665,0.9114583333333334
4074,46.39309107797285,47.6881252235021,1.5950520833333333,0.46875,2.7213541666666665,2.2526041666666665,0.8593750000000001
4075,47.13127514541929,48.22893002112117,1.09375,0.1171875,2.0703125,1.953125,0.7682291666666666
4076,46.64938320439168,47.66095434908641,1.2955729166666665,0.46875,2.1223958333333335,1.6536458333333335,0.7421875
4077,46.29193262242746,47.53364211410141,0.6510416666666667,0.1171875,1.1848958333333333,1.0677083333333333,0.9244791666666669
4078,46.74489900021671,47.78139643293119,2.0572916666666665,0.9375,3.177083333333333,2.239583333333333,0.9895833333333333
4079,46.407122971970004,47.57858845018745,1.6992187499999998,0.46875,2.9296875,2.4609375,0.8072916666666667
4080,47.26408717888675,48.087554265437966,0.3125,0.0,0.625,0.625,0.7421875
4081,46.641627114631525,47.85237733492139,1.015625,0.1171875,1.9140625000000002,1.7968750000000002,0.9114583333333334
4082,46.70742256256999,47.60043963991461,1.6927083333333333,0.5859375,2.799479166666667,2.213541666666667,0.8463541666666667
4083,46.81790171283118,47.886458406579926,1.1197916666666667,0.35156249999999994,1.8880208333333335,1.5364583333333335,0.8463541666666666
4084,46.90736717112194,47.766601806907374,1.6276041666666667,0.35156249999999994,2.9036458333333335,2.5520833333333335,1.1067708333333333
4085,46.76364477267873,47.81462531583044,0.8463541666666666,0.0,1.6927083333333333,1.6927083333333333,0.8333333333333335
4086,47.25057286597304,48.372077841378555,1.1979166666666667,0.35156249999999994,2.0442708333333335,1.6927083333333335,0.8203125
4087,46.70812211956432,47.86042809941725,1.1263020833333335,0.1171875,2.1354166666666665,2.0182291666666665,0.8854166666666666
4088,46.64938320439168,47.72052161297623,0.9635416666666667,0.234375,1.6927083333333335,1.4583333333333335,0.7942708333333333
4089,47.23312823645573,48.07993713154579,0.5794270833333333,0.0,1.1588541666666665,1.1588541666666665,0.9635416666666667
4090,46.903715923029424,47.90129436147837,1.38671875,0.234375,2.5390625,2.3046875,0.7552083333333334
4091,46.83331306749391,47.97927074039464,1.6276041666666667,0.7031249999999999,2.5520833333333335,1.8489583333333335,0.7291666666666666
4092,47.177341770490685,48.011347267807196,2.0833333333333335,0.8203125,3.3463541666666665,2.5260416666666665,0.9244791666666666
4093,46.91093778380442,47.925974199310744,1.42578125,0.35156249999999994,2.5,2.1484375,0.6510416666666667
4094,47.00029597609754,48.016732270353614,1.217447916666667,0.46875,1.9661458333333333,1.4973958333333333,0.6901041666666666
4095,47.1922069075548,48.21715285199057,1.5364583333333335,0.234375,2.8385416666666665,2.6041666666666665,0.6770833333333334
4096,46.47805623070089,47.61094537469311,2.1875,0.7031249999999999,3.671875,2.96875,0.8203125
4097,47.21154125776626,48.350464357185174,1.3997395833333335,0.35156249999999994,2.447916666666667,2.096354166666667,1.1197916666666667
4098,47.13228142654161,48.053863439021434,1.9791666666666665,0.46875,3.4895833333333335,3.0208333333333335,0.8463541666666667
4099,47.197100822920376,48.00044591024463,1.2304687500000002,0.46875,1.9921874999999998,1.5234374999999998,0.8333333333333334
4100,46.90736717112194,47.902011449424315,1.3281249999999998,0.1171875,2.5390625,2.421875,1.1588541666666667
4101,46.80256901740373,48.04377609910238,2.3567708333333335,1.0546875,3.658854166666667,2.604166666666667,0.8203125
4102,46.69955471327024,47.69563638890455,1.3541666666666667,0.234375,2.473958333333333,2.239583333333333,1.0286458333333333
4103,46.78042775152327,47.83894856662312,1.0546875,0.0,2.109375,2.109375,0.7291666666666666
4104,46.29087520201413,47.415402898891195,1.3671875,0.46875,2.265625,1.796875,0.8854166666666666
4105,46.71569487495293,47.72052161297623,1.07421875,0.1171875,2.0312499999999996,1.9140624999999996,0.9635416666666667
4106,46.77675618316132,47.72773801286163,1.3411458333333335,0.234375,2.447916666666666,2.213541666666666,1.0416666666666667
4107,46.923494286444694,48.05956521240343,0.7356770833333334,0.1171875,1.3541666666666667,1.2369791666666667,1.015625
4108,46.97841441188669,47.956012613357515,0.9375,0.0,1.875,1.875,0.9635416666666667
4109,46.80256901740373,47.81263774533204,2.740885416666667,1.0546875,4.427083333333333,3.372395833333333,0.8984374999999999
4110,46.557052515367644,47.63000352114199,1.4518229166666665,0.35156249999999994,2.5520833333333335,2.2005208333333335,0.7421875000000001
4111,47.18497048053144,48.13647470551259,1.0221354166666667,0.234375,1.809895833333333,1.575520833333333,0.7031250000000001
4112,46.38990884331575,47.680645969023296,1.6471354166666667,0.35156249999999994,2.9427083333333335,2.5911458333333335,0.9765625
4113,47.01861037586623,47.99955774445287,1.7187500000000002,0.46875,2.96875,2.5,0.8203124999999999
4114,47.188342957521876,48.12729959445918,1.77734375,0.9375,2.6171874999999996,1.6796874999999996,1.0026041666666665
4115,46.71569487495293,47.66956445548301,1.6471354166666667,0.234375,3.059895833333333,2.825520833333333,0.7942708333333333
4116,46.248187790220726,47.42078429115431,1.3736979166666667,0.35156249999999994,2.3958333333333335,2.0442708333333335,0.8463541666666667
4117,46.995659877122584,48.06369749555004,0.7942708333333333,0.1171875,1.4713541666666667,1.3541666666666667,0.8463541666666666
4118,46.41566335518033,47.58573755309937,2.213541666666667,0.46875,3.958333333333333,3.489583333333333,0.9114583333333333
4119,46.38255952991883,47.60459785763867,1.4713541666666667,0.234375,2.7083333333333335,2.4739583333333335,0.8072916666666665
4120,47.068552752417496,48.23405533054243,1.6796875,0.46875,2.890625,2.421875,0.9114583333333334
4121,46.78695284897921,47.7288638314489,1.0286458333333333,0.0,2.0572916666666665,2.0572916666666665,0.7161458333333334
4122,46.21205185002073,47.416704840604254,1.9921874999999998,0.5859375,3.3984374999999996,2.8124999999999996,0.8072916666666667
4123,46.57504954698819,47.53364211410141,2.08984375,0.7031249999999999,3.4765625,2.7734375,0.8593750000000001
4124,47.13127514541929,48.10468669586334,1.1197916666666667,0.1171875,2.1223958333333335,2.0052083333333335,0.8072916666666667
4125,46.363705112393625,47.662064892220016,1.58203125,0.35156249999999994,2.8125000000000004,2.4609375000000004,0.8593750000000001
4126,47.430209125143804,48.371576501397776,0.9505208333333335,0.1171875,1.7838541666666665,1.6666666666666665,0.7942708333333335
4127,46.57858158832681,47.51018321007845,1.1848958333333333,0.0,2.3697916666666665,2.3697916666666665,0.8593750000000001
4128,46.42046588638258,47.78567583791439,1.8619791666666667,0.703125,3.020833333333333,2.317708333333333,1.09375
4129,46.83659122104005,48.176854526289084,1.1002604166666667,0.46875,1.7317708333333335,1.2630208333333335,1.09375
4130,46.7003264642621,47.97272377707793,1.7057291666666665,0.46875,2.942708333333333,2.473958333333333,0.9375000000000001
4131,46.054657704145,47.378268151625456,1.614583333333333,0.7031249999999999,2.5260416666666665,1.8229166666666665,0.7421875
4132,46.98663403206206,48.23258364201019,1.5299479166666665,0.234375,2.825520833333333,2.591145833333333,0.7161458333333334
4133,46.62606673450362,47.676076556109,1.6536458333333337,0.8203124999999999,2.4869791666666665,1.6666666666666665,0.8463541666666666
4134,47.51986500089433,48.28048135961482,1.2955729166666665,0.46875,2.122395833333333,1.653645833333333,1.0416666666666665
4135,46.8647058875222,47.820021245220964,0.8854166666666666,0.1171875,1.653645833333333,1.536458333333333,0.9505208333333335
4136,47.036631500306584,48.10981308320401,1.1393229166666667,0.1171875,2.1614583333333335,2.0442708333333335,0.7682291666666667
4137,46.87293986820879,48.1782705067656,1.7903645833333335,0.46875,3.111979166666667,2.643229166666667,0.9635416666666667
4138,46.95371260547146,48.03987815510965,0.9635416666666667,0.1171875,1.809895833333333,1.692708333333333,0.6640625000000001
4139,46.32735856073707,47.40713272274338,1.4518229166666667,0.234375,2.669270833333333,2.434895833333333,0.7682291666666667
4140,46.71251239530927,47.88686101440969,1.5494791666666667,0.234375,2.8645833333333335,2.6302083333333335,0.8463541666666666
4141,47.2501989888782,48.31292044670285,1.1588541666666667,0.234375,2.0833333333333335,1.8489583333333335,0.8984375000000001
4142,46.45819432557147,47.80508066543437,1.171875,0.234375,2.109375,1.875,0.6380208333333334
4143,47.02490796009899,48.10462478181776,0.9049479166666667,0.234375,1.5755208333333333,1.3411458333333333,0.9244791666666666
4144,46.69191658364117,47.71967525329758,1.3932291666666665,0.1171875,2.6692708333333335,2.5520833333333335,0.8723958333333334
4145,46.693333736416896,47.75144410854377,0.48177083333333337,0.0,0.9635416666666667,0.9635416666666667,0.8984374999999999
4146,46.7640938242716,47.78024904732015,1.4127604166666665,0.234375,2.5911458333333335,2.3567708333333335,0.8203125
4147,46.32848375519869,47.26310865491726,2.2786458333333335,0.8203124999999999,3.7369791666666665,2.9166666666666665,0.7682291666666667
4148,46.98768735922543,48.05418304979367,1.3216145833333333,0.234375,2.4088541666666665,2.1744791666666665,1.0546875
4149,47.416896323657454,48.26691301597856,0.8007812499999999,0.0,1.6015624999999998,1.6015624999999998,0.8463541666666667
4150,47.51986500089433,48.40789976923332,1.7513020833333333,0.35156249999999994,3.1510416666666665,2.7994791666666665,0.8984374999999999
4151,47.096478659227905,48.12729959445918,1.614583333333333,0.234375,2.9947916666666665,2.7604166666666665,1.0156249999999998
4152,46.48558425001425,47.27755566473423,2.643229166666667,0.703125,4.583333333333333,3.880208333333333,0.8333333333333334
4153,46.43488069292153,47.56730217146774,0.6770833333333334,0.0,1.3541666666666667,1.3541666666666667,0.78125
4154,46.60505224628725,47.70906924061688,2.434895833333334,0.8203124999999999,4.049479166666667,3.229166666666667,1.015625
4155,46.90134569678901,47.99924274844546,1.4388020833333335,0.46875,2.4088541666666665,1.9401041666666665,0.8723958333333334
4156,46.70716132721059,47.81674762885243,2.1744791666666665,0.703125,3.6458333333333335,2.9427083333333335,0.7942708333333335
4157,46.68918501488258,47.88146369618199,1.1979166666666665,0.234375,2.1614583333333335,1.9270833333333335,0.7031250000000001
4158,46.34348245726227,47.68054055006411,1.2174479166666667,0.234375,2.200520833333333,1.966145833333333,0.8333333333333334
4159,46.86401911761363,47.91785904743708,1.6666666666666667,0.5859375,2.7473958333333335,2.1614583333333335,0.8463541666666666
4160,46.25351716615221,47.26424371680659,0.9765625,0.234375,1.7187500000000002,1.4843750000000002,0.8463541666666667
4161,47.119380291053055,48.281102051683504,1.8489583333333333,0.5859375,3.1119791666666665,2.5260416666666665,0.8072916666666665
4162,46.77714205516567,47.88227269676164,1.4322916666666667,0.234375,2.630208333333333,2.395833333333333,1.0026041666666665
4163,47.71996501153869,48.758711789650874,1.0677083333333333,0.1171875,2.0182291666666665,1.9010416666666665,0.8203125
4164,47.07960396899235,48.00609124631668,0.9895833333333333,0.1171875,1.8619791666666667,1.7447916666666667,0.9375
4165,46.662145986371364,47.670748871951865,0.72265625,0.0,1.4453125,1.4453125,0.7291666666666666
4166,47.15013796338969,48.21823831977316,0.8072916666666665,0.1171875,1.4973958333333333,1.3802083333333333,0.9635416666666667
4167,47.07612094115205,48.00966683821347,1.26953125,0.234375,2.3046875,2.0703125,0.8203125
4168,46.70742256256999,47.7217909718615,1.1458333333333333,0.234375,2.0572916666666665,1.8229166666666665,0.7552083333333334
4169,47.30373877316988,48.28405732710359,1.4257812499999998,0.46875,2.3828125,1.9140625,0.7682291666666667
4170,46.51775346925557,47.4723363849697,1.5559895833333333,0.46875,2.643229166666667,2.174479166666667,0.9244791666666666
4171,47.03232917260346,47.89496958560958,1.0611979166666667,0.234375,1.8880208333333333,1.6536458333333333,0.9635416666666667
4172,47.07387569186113,48.06848796812082,0.8658854166666665,0.0,1.731770833333333,1.731770833333333,0.8723958333333334
4173,46.62643038150299,47.71468454146513,0.9570312500000001,0.1171875,1.7968749999999998,1.6796874999999998,1.0286458333333333
4174,47.33237134868208,48.206509950487956,1.6276041666666667,0.35156249999999994,2.9036458333333335,2.5520833333333335,0.8984374999999999
4175,47.48917412123913,48.13811027257207,1.3671875,0.1171875,2.6171875,2.5,0.8984374999999999
4176,46.78752416305616,47.874706021028715,0.8203125,0.1171875,1.5234374999999998,1.4062499999999998,0.8593750000000001
4177,46.70282577277982,47.71792072116893,0.6966145833333333,0.0,1.3932291666666665,1.3932291666666665,0.9895833333333333
4178,46.70882167655866,47.83188711133842,1.7447916666666667,0.35156249999999994,3.1380208333333335,2.7864583333333335,1.0026041666666667
4179,47.18497048053144,48.063902350327034,1.1197916666666667,0.35156249999999994,1.8880208333333333,1.5364583333333333,0.8723958333333334
4180,46.41270008754553,47.201478016984304,2.018229166666667,0.5859375,3.4505208333333335,2.8645833333333335,0.9375000000000001
4181,46.92144588159367,47.90427821596804,1.1979166666666665,0.46875,1.9270833333333335,1.4583333333333335,0.7031250000000001
4182,46.79037191905639,47.85230284354966,1.412760416666667,0.5859375,2.239583333333334,1.653645833333334,0.9244791666666669
4183,46.42481672073432,47.64710631061602,1.0611979166666667,0.234375,1.8880208333333333,1.6536458333333333,0.8984374999999999
4184,46.936780635240645,47.92348636333219,1.3151041666666667,0.46875,2.1614583333333335,1.6927083333333335,0.9635416666666667
4185,46.79014509720622,47.80946711441758,1.653645833333333,0.35156249999999994,2.955729166666667,2.604166666666667,0.8333333333333335
4186,46.764542875864464,47.93262545276663,1.3867187500000002,0.5859375,2.1875,1.6015625,0.7682291666666667
4187,47.16906012545562,48.41061243727498,1.11328125,0.0,2.2265625,2.2265625,0.6901041666666667
4188,47.61838773780776,48.5018104473941,1.7252604166666667,0.7031249999999999,2.7473958333333335,2.0442708333333335,1.0546875
4189,46.38206893424254,47.61503653374679,1.6796875000000002,0.46875,2.890625,2.421875,0.8333333333333334
4190,46.83939760246145,47.80961165514792,0.9635416666666667,0.0,1.9270833333333335,1.9270833333333335,0.8333333333333335
4191,46.557052515367644,47.61762103724533,1.705729166666667,0.46875,2.9427083333333335,2.4739583333333335,0.8463541666666667
4192,46.92144588159367,48.011347267807196,1.7903645833333333,0.46875,3.1119791666666665,2.6432291666666665,0.7421875
4193,46.869818208184086,47.78024904732015,1.5820312500000002,0.234375,2.9296875,2.6953125,0.7291666666666666
4194,46.78991827535605,47.84585213292324,0.8268229166666665,0.1171875,1.5364583333333333,1.4192708333333333,0.8203124999999999
4195,47.01417293862282,48.01931857805188,1.712239583333333,0.46875,2.955729166666667,2.486979166666667,0.8203125
4196,47.003740330767016,48.27978301857707,0.5078124999999999,0.0,1.0156249999999998,1.0156249999999998,0.9895833333333335
4197,46.60177847216686,47.71468454146513,2.2591145833333335,0.9375,3.5807291666666665,2.6432291666666665,0.78125
4198,47.22866358410024,48.37283585163693,0.40364583333333326,0.0,0.8072916666666665,0.8072916666666665,0.8072916666666665
4199,46.90558691337884,47.96398970189282,0.8333333333333331,0.0,1.6666666666666663,1.6666666666666663,1.0416666666666667
4200,46.54233718603582,47.67132978708064,1.5494791666666665,0.234375,2.864583333333333,2.630208333333333,0.8333333333333334
4201,46.98768735922543,48.175974343858066,0.8854166666666666,0.0,1.7708333333333333,1.7708333333333333,1.1197916666666667
4202,47.61838773780776,48.56152907364346,1.1588541666666667,0.35156249999999994,1.9661458333333333,1.6145833333333333,1.1067708333333333
4203,47.07451477141208,47.99042970634152,1.7578125,0.5859375,2.9296875000000004,2.3437500000000004,0.8203124999999999
4204,47.43146934084422,48.196281120172976,1.6471354166666667,0.35156249999999994,2.9427083333333335,2.5911458333333335,0.8333333333333334
4205,46.47952559883095,47.42078429115431,2.3307291666666665,0.8203124999999999,3.8411458333333335,3.0208333333333335,0.8854166666666666
4206,46.298087809526365,47.44264344819343,1.484375,0.35156249999999994,2.6171875,2.265625,0.6640625000000001
4207,46.55789619397371,47.72937445140102,1.4192708333333333,0.5859375,2.2526041666666665,1.6666666666666665,0.8333333333333335
4208,47.06760614240025,48.07205840415648,1.953125,0.7031249999999999,3.2031249999999996,2.4999999999999996,0.6901041666666666
4209,46.74195583791328,47.874706021028715,1.484375,0.35156249999999994,2.6171874999999996,2.2656249999999996,0.703125
4210,46.988216613449026,48.085769746787804,1.1848958333333333,0.234375,2.1354166666666665,1.9010416666666665,0.8203125
4211,46.82735494080039,48.04667186749927,1.803385416666667,0.46875,3.1380208333333335,2.6692708333333335,0.7552083333333334
4212,46.99392424417918,47.78132947527814,1.4583333333333333,0.35156249999999994,2.5651041666666665,2.2135416666666665,0.7552083333333334
4213,47.01417293862282,48.08565490462176,0.7942708333333333,0.1171875,1.4713541666666667,1.3541666666666667,1.0026041666666667
4214,46.9953542474785,47.86879042727305,0.7747395833333334,0.0,1.5494791666666667,1.5494791666666667,0.8984375000000001
4215,46.83153355679391,47.94467038903447,0.9700520833333334,0.0,1.9401041666666667,1.9401041666666667,0.8854166666666666
4216,46.557052515367644,47.67850080213788,1.640625,0.46875,2.8125,2.34375,0.7421875
4217,47.33316049306643,48.47659236090646,2.408854166666667,1.0546875,3.763020833333333,2.708333333333333,0.9375
4218,47.21146580736829,48.37566082110302,1.2239583333333333,0.46875,1.979166666666667,1.510416666666667,1.0546875
4219,46.778782056615974,47.71996501153838,1.0481770833333333,0.0,2.0963541666666665,2.0963541666666665,0.8984374999999999
4220,46.66463896059587,47.72314337458416,1.7708333333333333,0.5859375,2.9557291666666665,2.3697916666666665,0.9635416666666667
4221,47.536157275505474,48.37973454182077,1.243489583333333,0.1171875,2.3697916666666665,2.2526041666666665,0.9114583333333333
4222,47.32620469048111,48.13729248904232,1.1132812499999998,0.0,2.2265624999999996,2.2265624999999996,0.78125
4223,46.83659122104005,48.01405373232811,0.9049479166666665,0.0,1.809895833333333,1.809895833333333,0.8723958333333334
4224,46.78422464393792,47.8539496075759,1.3606770833333333,0.234375,2.4869791666666665,2.2526041666666665,1.0286458333333335
4225,46.55641039066591,47.58477402480714,1.4453125,0.0,2.890625,2.890625,0.9765625
4226,46.988243034821195,48.205029489702596,0.7421875,0.0,1.484375,1.484375,0.8463541666666667
4227,46.16296014753832,47.29696663193096,1.66015625,0.35156249999999994,2.96875,2.6171875,1.015625
4228,46.43488069292153,47.51677740848581,2.1875,0.8203124999999999,3.5546875,2.734375,0.7291666666666666
4229,46.774421441187314,47.93150411561013,0.6380208333333334,0.0,1.2760416666666667,1.2760416666666667,0.8984374999999999
4230,46.79829550537915,48.1059458299319,1.2760416666666667,0.46875,2.0833333333333335,1.6145833333333335,1.1328125000000002
4231,46.960858386650635,48.09293675156875,0.9700520833333334,0.1171875,1.8229166666666665,1.7057291666666665,1.09375
4232,46.72824325000549,47.90089157963134,0.18880208333333334,0.0,0.3776041666666667,0.3776041666666667,0.9895833333333333
4233,46.81247805808065,48.14639729432998,0.6184895833333334,0.234375,1.0026041666666667,0.7682291666666667,0.9895833333333333
4234,46.97583498216074,47.97148001179885,1.6145833333333335,0.7031249999999999,2.5260416666666665,1.8229166666666665,0.8072916666666667
4235,47.23312823645573,48.12132862962405,0.9309895833333334,0.1171875,1.7447916666666667,1.6276041666666667,0.8333333333333334
4236,46.95181715038937,48.05895947995212,1.9596354166666667,0.703125,3.216145833333333,2.513020833333333,0.7291666666666666
4237,46.79037191905639,47.83874133440425,1.4388020833333335,0.1171875,2.760416666666667,2.643229166666667,0.9895833333333333
4238,46.78928220788522,47.67132978708064,1.4778645833333333,0.1171875,2.8385416666666665,2.7213541666666665,0.8463541666666667
4239,46.41270008754553,47.46155959950334,1.11328125,0.35156249999999994,1.8750000000000002,1.5234375000000002,0.8203124999999999
4240,47.07960396899235,48.07231612980999,1.3216145833333333,0.234375,2.408854166666667,2.174479166666667,0.8203125
4241,47.01861037586623,48.00143807431536,1.5625,0.35156249999999994,2.7734375,2.421875,0.8463541666666667
4242,47.26833984845227,48.20424316089649,1.4713541666666667,0.0,2.9427083333333335,2.9427083333333335,1.1458333333333335
4243,46.7303816215983,47.98299083709306,1.6406250000000004,0.5859375,2.6953125,2.109375,1.0677083333333333
4244,46.55853016600358,47.508210480171286,2.28515625,0.7031249999999999,3.8671875,3.1640625,0.625
4245,46.62050433856616,47.816342730563676,2.1875,0.7031249999999999,3.671875,2.96875,0.8203125
4246,46.86131611474687,47.872552137998795,1.1783854166666667,0.5859375,1.7708333333333333,1.1848958333333333,0.6640625000000001
4247,46.15420372936599,47.430209125143804,1.6015624999999998,0.35156249999999994,2.8515625,2.5,0.8984374999999999
4248,47.02490796009899,48.10468669586334,1.6210937500000002,0.35156249999999994,2.890625,2.5390625,0.9244791666666666
4249,46.78153791239268,47.81191454855176,1.1783854166666667,0.46875,1.8880208333333333,1.4192708333333333,1.0807291666666667
4250,46.81134775210754,47.890221889549764,1.3997395833333333,0.35156249999999994,2.4479166666666665,2.0963541666666665,0.7421875
4251,46.26205400990423,47.44395635716502,2.3111979166666665,0.7031249999999999,3.9192708333333335,3.2161458333333335,0.8984375000000001
4252,46.69152852324195,48.015226183701316,1.8945312499999998,0.5859375,3.2031249999999996,2.6171874999999996,0.7291666666666666
4253,47.08203753356685,48.21715285199057,1.4127604166666667,0.35156249999999994,2.473958333333333,2.122395833333333,0.9375
4254,46.29225464376376,47.41861571981115,1.46484375,0.35156249999999994,2.578125,2.2265625,0.9244791666666665
4255,46.99108363950019,48.05956302267973,1.2174479166666667,0.234375,2.200520833333333,1.966145833333333,0.8984374999999999
4256,46.58496723877676,47.63262438263444,2.2526041666666665,0.5859375,3.9192708333333335,3.3333333333333335,0.8333333333333334
4257,46.84161501890473,47.86203402508475,1.97265625,0.46875,3.4765624999999996,3.0078124999999996,1.015625
4258,46.38990884331575,47.63071172041362,0.91796875,0.234375,1.6015624999999998,1.3671874999999998,1.0026041666666667
4259,46.95726875260487,48.30067230272173,0.7291666666666666,0.1171875,1.3411458333333333,1.2239583333333333,1.0807291666666667
4260,47.49307580388164,48.611936536248315,0.9375000000000001,0.234375,1.640625,1.40625,0.8984374999999999
4261,47.06676074794599,48.145578289573635,1.0416666666666665,0.234375,1.8489583333333333,1.6145833333333333,0.8072916666666665
4262,47.40910349354432,48.28048135961482,1.85546875,0.7031249999999999,3.0078125000000004,2.3046875000000004,1.0026041666666665
4263,47.33505759075621,48.60352701873044,1.5364583333333333,0.234375,2.8385416666666665,2.6041666666666665,0.6640625000000001
4264,46.66437859033726,47.6168543366829,1.5950520833333333,0.0,3.1901041666666665,3.1901041666666665,0.8723958333333334
4265,47.02411429280739,47.99469313770513,2.5,1.0546875,3.945312499999999,2.890624999999999,1.1458333333333335
4266,46.52680755902041,47.80424094486927,1.2825520833333333,0.35156249999999994,2.2135416666666665,1.8619791666666665,0.7161458333333334
4267,46.555570100074526,47.58370375292063,2.1158854166666665,0.35156249999999994,3.8802083333333335,3.5286458333333335,0.9635416666666667
4268,46.18777648779199,47.035280838641356,1.93359375,0.35156249999999994,3.515625,3.1640625,0.6901041666666666
4269,46.76283774205915,47.8814617449898,1.0286458333333333,0.234375,1.8229166666666665,1.5885416666666665,0.8984374999999999
4270,47.00704064325962,48.00076091149569,0.7747395833333334,0.0,1.5494791666666667,1.5494791666666667,1.0546875
4271,46.50463330197036,47.683980624877684,2.05078125,0.9375,3.1640625000000004,2.2265625000000004,0.78125
4272,46.453685141426995,47.69118987507465,1.1588541666666667,0.5859375,1.7317708333333335,1.1458333333333335,0.625
4273,47.54766541433191,48.41928333814301,0.8593750000000001,0.0,1.7187500000000002,1.7187500000000002,0.8333333333333334
4274,47.24686950694934,48.287041025013124,1.5625,0.46875,2.6562500000000004,2.1875000000000004,0.9114583333333334
4275,46.962887236055536,47.98059674209586,1.11328125,0.35156249999999994,1.8750000000000002,1.5234375000000002,0.7291666666666666
4276,46.62852997567375,47.612609489622706,2.0638020833333335,0.35156249999999994,3.7760416666666665,3.4244791666666665,0.8072916666666665
4277,46.98149780767442,47.92204637533094,1.4583333333333333,0.35156249999999994,2.565104166666667,2.213541666666667,0.7291666666666666
4278,46.748351902163584,47.871264856948116,2.4544270833333335,0.9375,3.971354166666667,3.033854166666667,0.8203124999999999
4279,46.7303816215983,47.79736462855497,1.3671875,0.35156249999999994,2.3828125,2.03125,0.6770833333333334
4280,46.82082571758146,47.909475774259896,1.2760416666666667,0.234375,2.3177083333333335,2.0833333333333335,1.015625
4281,47.655300096377715,48.540905660028294,1.705729166666667,0.46875,2.9427083333333335,2.4739583333333335,0.9114583333333333
4282,46.70882167655866,47.86019713325893,1.2825520833333333,0.234375,2.3307291666666665,2.0963541666666665,0.6640625000000001
4283,47.47549590258751,48.344315100071164,0.9570312500000001,0.35156249999999994,1.5625,1.2109375,1.0807291666666667
4284,46.832971098366215,47.994749588267474,0.7682291666666666,0.0,1.5364583333333333,1.5364583333333333,0.6640625
4285,47.49835790930483,48.5269685782944,1.705729166666667,0.5859375,2.825520833333334,2.239583333333334,0.8072916666666665
4286,46.270197264166356,47.41175770660095,1.510416666666667,0.35156249999999994,2.669270833333333,2.317708333333333,0.8333333333333334
4287,47.13127514541929,48.198409867137286,1.1979166666666665,0.1171875,2.2786458333333335,2.1614583333333335,0.9505208333333335
4288,47.04205745628141,48.121837397201794,1.3736979166666667,0.1171875,2.6302083333333335,2.5130208333333335,0.8723958333333334
4289,46.13110886152477,47.50822237548032,2.1875,0.8203124999999999,3.5546875000000004,2.7343750000000004,0.8984374999999999
4290,46.92144588159367,47.85798136234637,1.3932291666666667,0.35156249999999994,2.4348958333333335,2.0833333333333335,1.0026041666666667
4291,46.62629108642818,47.684942650261256,1.38671875,0.1171875,2.65625,2.5390625,0.8723958333333334
4292,47.64422296284416,48.65148985662406,2.0703125000000004,0.7031249999999999,3.4374999999999996,2.7343749999999996,0.546875
4293,47.10311984152341,48.39508679297462,0.8268229166666666,0.234375,1.419270833333333,1.184895833333333,0.9244791666666666
4294,46.764542875864464,47.78567583791439,1.2890625,0.46875,2.109375,1.640625,0.78125
4295,47.192852462841856,48.15032897181721,1.751302083333333,0.46875,3.0338541666666665,2.5651041666666665,1.09375
4296,46.3066125006505,47.69914154918592,1.5690104166666667,0.46875,2.6692708333333335,2.2005208333333335,0.9114583333333333
4297,46.913516397486255,48.04138600799508,1.0872395833333333,0.234375,1.9401041666666667,1.7057291666666667,0.7552083333333334
4298,47.33299036381698,48.43878119597443,1.0286458333333333,0.234375,1.8229166666666665,1.5885416666666665,0.9114583333333333
4299,47.00029597609754,48.06357166234562,1.1328125,0.35156249999999994,1.9140625000000002,1.5625000000000002,0.8072916666666667
4300,47.01861037586623,47.96313992878025,0.7682291666666666,0.0,1.5364583333333333,1.5364583333333333,0.8333333333333331
4301,47.4744756585548,48.53334150409159,1.3151041666666667,0.234375,2.395833333333333,2.161458333333333,1.0156249999999998
4302,46.78042775152327,47.86813354367186,1.1979166666666665,0.234375,2.1614583333333335,1.9270833333333335,0.7942708333333335
4303,47.07117678478558,48.23633036983321,1.3020833333333333,0.234375,2.3697916666666665,2.1354166666666665,0.9765625
4304,47.640244671422884,48.64995031758841,0.6315104166666666,0.0,1.2630208333333333,1.2630208333333333,0.9505208333333333
4305,46.95276487793041,48.052955738034896,0.7552083333333334,0.0,1.5104166666666667,1.5104166666666667,0.8463541666666666
4306,46.77113848949336,47.85361326745343,1.6210937500000002,0.1171875,3.125,3.0078125,0.8333333333333334
4307,46.82041929378526,47.69118987507465,2.40234375,0.5859375,4.21875,3.6328125,0.9765625
4308,46.47603244691128,47.613524678186195,1.3346354166666665,0.234375,2.434895833333333,2.200520833333333,0.9895833333333333
4309,46.944351054005516,48.04624938518044,1.4908854166666667,0.1171875,2.8645833333333335,2.7473958333333335,0.9244791666666666
4310,47.21469831909341,48.14554750629752,0.7617187500000001,0.0,1.5234375000000002,1.5234375000000002,0.9375
4311,46.73377868593724,47.816926750836444,1.1653645833333333,0.1171875,2.2135416666666665,2.0963541666666665,0.8723958333333334
4312,46.842203983882854,47.85988430235689,1.7252604166666667,0.5859375,2.8645833333333335,2.2786458333333335,0.8854166666666666
4313,46.7069000918512,47.883558908816426,1.901041666666667,0.5859375,3.216145833333334,2.630208333333334,0.8463541666666667
4314,46.70716132721059,47.90645108273157,1.4713541666666667,0.35156249999999994,2.591145833333333,2.239583333333333,0.6510416666666667
4315,46.63645486584734,47.79735849463127,1.6536458333333333,0.1171875,3.1901041666666665,3.0729166666666665,0.7291666666666666
4316,46.914508396486895,48.09341231028626,1.5559895833333333,0.35156249999999994,2.7604166666666665,2.4088541666666665,0.7682291666666666
4317,47.06491220265346,48.34700846870917,1.3541666666666667,0.234375,2.473958333333333,2.239583333333333,0.78125
4318,46.95570796796401,48.12307601507714,1.0481770833333335,0.35156249999999994,1.7447916666666667,1.3932291666666667,0.9244791666666666
4319,46.99550706230054,48.08040110709378,1.2369791666666667,0.234375,2.2395833333333335,2.0052083333333335,0.7552083333333335
4320,46.871832512533906,47.77083713410668,1.4453125,0.234375,2.6562500000000004,2.4218750000000004,0.9765625
4321,46.557052515367644,47.61094537469311,1.0677083333333333,0.234375,1.901041666666667,1.666666666666667,0.9765625
4322,47.272592518017795,48.22014736477312,1.3020833333333335,0.234375,2.3697916666666665,2.1354166666666665,0.9635416666666667
4323,47.00422979978837,48.043014711479806,0.9505208333333333,0.0,1.9010416666666665,1.9010416666666665,0.8072916666666667
4324,46.842203983882854,48.03887593624792,1.1979166666666665,0.0,2.395833333333333,2.395833333333333,0.9635416666666667
4325,46.50463330197036,47.43120021953384,1.0221354166666667,0.0,2.0442708333333335,2.0442708333333335,0.9244791666666666
4326,46.78864614041439,47.98584026970842,1.5364583333333335,0.35156249999999994,2.7213541666666665,2.3697916666666665,0.8463541666666666
4327,46.60505224628725,47.715657460890306,1.3411458333333335,0.46875,2.213541666666667,1.744791666666667,1.015625
4328,47.01472502285951,48.17930308953473,1.07421875,0.234375,1.9140625000000002,1.6796875000000002,0.8984374999999999
4329,46.93042097797615,48.15032897181721,1.7578125,0.46875,3.0468749999999996,2.5781249999999996,0.8593750000000001
4330,46.98663403206206,48.25685113161528,1.2565104166666667,0.1171875,2.395833333333333,2.278645833333333,0.8072916666666665
4331,47.01527710709619,48.12420261843652,1.5625,0.5859375,2.5390625,1.953125,0.9765625
4332,47.10311984152341,48.0105897903073,1.809895833333333,0.5859375,3.0338541666666665,2.4479166666666665,0.7031250000000001
4333,47.07571839110024,48.00331840417786,0.9244791666666666,0.1171875,1.7317708333333335,1.6145833333333335,0.9244791666666669
4334,46.88471052343512,47.903444283204664,1.5625,0.234375,2.890625,2.65625,0.8723958333333334
4335,46.90647704225039,47.79113181027724,1.7968749999999998,0.1171875,3.4765625,3.359375,0.9635416666666667
4336,46.432455218653736,47.518650557320555,1.998697916666667,0.35156249999999994,3.6458333333333335,3.2942708333333335,0.8333333333333334
4337,46.89710448019918,48.18953689910962,1.25,0.46875,2.03125,1.5625,0.8463541666666666
4338,47.11349412888577,48.01802542420275,1.640625,0.46875,2.8125,2.34375,0.6119791666666667
4339,46.83084961853851,47.84443627962483,1.25,0.234375,2.265625,2.03125,0.9895833333333333
4340,46.962887236055536,48.268103675994034,1.2890625000000002,0.46875,2.109375,1.640625,0.78125
4341,46.84442140032614,47.95574098553267,1.66015625,0.46875,2.8515625000000004,2.3828125000000004,0.7421875
4342,47.508804806549584,48.55174621656252,0.6640625,0.1171875,1.2109374999999998,1.0937499999999998,1.1067708333333335
4343,47.4813285734267,48.39527784480756,1.3216145833333335,0.46875,2.174479166666667,1.705729166666667,1.09375
4344,46.90378613905424,48.0211716706414,0.4361979166666667,0.0,0.8723958333333334,0.8723958333333334,0.7942708333333333
4345,46.77675618316132,47.71949197701235,1.6276041666666667,0.46875,2.786458333333333,2.317708333333333,0.8723958333333334
4346,46.5558890325395,47.56039261367394,2.057291666666667,0.46875,3.645833333333333,3.177083333333333,0.8854166666666666
4347,47.01417293862282,48.10211417723537,1.2565104166666667,0.0,2.5130208333333335,2.5130208333333335,0.8723958333333334
4348,47.20740223783282,48.22697323388557,1.666666666666667,0.5859375,2.7473958333333335,2.1614583333333335,0.9114583333333334
4349,46.87293986820879,48.066764512422196,2.1419270833333335,0.7031249999999999,3.580729166666667,2.877604166666667,0.9114583333333333
4350,47.55371178784401,48.52563383226077,1.3411458333333335,0.5859375,2.096354166666667,1.510416666666667,0.8593750000000001
4351,47.59027179142422,48.53363920229149,1.6992187499999998,0.5859375,2.8125,2.2265625,0.8072916666666667
4352,47.06221357166158,48.20672102559871,1.328125,0.35156249999999994,2.3046875,1.953125,1.0286458333333333
4353,47.09661909519342,48.23290460492895,1.3606770833333333,0.234375,2.486979166666667,2.252604166666667,1.028645833333333
4354,46.83584189961699,47.84749572029623,1.3020833333333335,0.35156249999999994,2.252604166666667,1.901041666666667,0.8723958333333334
4355,46.33578605112118,47.55197954663305,1.8424479166666667,0.5859375,3.098958333333334,2.513020833333334,0.7161458333333334
4356,46.56264849132251,47.51160807108771,1.2630208333333333,0.0,2.5260416666666665,2.5260416666666665,1.1197916666666667
4357,47.24530316341769,48.13779657045947,1.5299479166666667,0.35156249999999994,2.708333333333333,2.356770833333333,0.8333333333333334
4358,46.773994290228124,47.87724391022303,1.8489583333333337,0.8203125,2.877604166666667,2.057291666666667,0.8593750000000001
4359,46.81247805808065,48.20105704556406,1.2239583333333335,0.35156249999999994,2.096354166666667,1.744791666666667,0.9895833333333333
4360,46.824487703750044,48.0307891700656,1.2630208333333333,0.35156249999999994,2.1744791666666665,1.8229166666666665,0.7552083333333333
4361,47.053528624105276,48.16326629324579,1.3736979166666667,0.35156249999999994,2.3958333333333335,2.0442708333333335,0.8723958333333334
4362,46.18777648779199,47.451938246333945,0.9440104166666666,0.1171875,1.7708333333333333,1.6536458333333333,0.8463541666666667
4363,47.11206479991112,48.085700704203624,1.0807291666666667,0.1171875,2.0442708333333335,1.9270833333333335,0.6119791666666667
4364,46.988216613449026,47.99134182542964,1.5299479166666667,0.46875,2.591145833333333,2.122395833333333,0.8593750000000001
4365,46.7640938242716,47.92094925866677,0.8007812500000001,0.234375,1.3671875,1.1328125,0.8854166666666666
4366,46.51897286195151,47.66295546136146,1.4322916666666667,0.35156249999999994,2.5130208333333335,2.1614583333333335,0.9895833333333335
4367,46.8063693308639,47.8042409448715,1.0416666666666667,0.35156249999999994,1.7317708333333335,1.3802083333333335,0.9375
4368,47.284334232016704,48.086660867182395,1.5234375000000002,0.46875,2.578125,2.109375,0.703125
4369,46.82041929378526,47.822834242902154,1.3281249999999998,0.234375,2.4218749999999996,2.1874999999999996,0.9375000000000001
4370,47.84602923411022,48.3856783527063,0.78125,0.35156249999999994,1.2109375,0.859375,0.703125
4371,46.99392424417918,48.07677055197765,0.29296875,0.0,0.5859375,0.5859375,0.9375
4372,46.09748282171316,47.33545200125517,1.3671875,0.234375,2.5,2.265625,0.8723958333333334
4373,46.39309107797285,47.5293545015048,0.7356770833333333,0.0,1.4713541666666665,1.4713541666666665,0.9895833333333333
4374,47.16014448084472,48.20336912505918,1.5625,0.46875,2.6562500000000004,2.1875000000000004,0.9505208333333335
4375,46.59518754221957,47.54900513284374,1.4127604166666667,0.234375,2.591145833333333,2.356770833333333,1.0677083333333333
4376,47.07528916699083,48.223682445341204,0.9309895833333334,0.1171875,1.7447916666666667,1.6276041666666667,0.9505208333333335
4377,46.58861500170503,47.92204637533094,1.7317708333333335,0.5859375,2.877604166666667,2.291666666666667,0.9244791666666666
4378,47.00985148673087,48.236692037908355,1.2369791666666667,0.234375,2.2395833333333335,2.0052083333333335,0.8723958333333334
4379,46.84663881676942,47.945132732159266,2.08984375,0.8203124999999999,3.359375,2.5390625,1.0546875
4380,46.945039578107036,47.957799567011875,1.4778645833333333,0.234375,2.7213541666666665,2.4869791666666665,1.0286458333333333
4381,46.55853016600358,47.624035113434985,1.5299479166666665,0.46875,2.591145833333333,2.122395833333333,0.7682291666666667
4382,46.86891125950914,47.86789494684417,1.1002604166666665,0.0,2.200520833333333,2.200520833333333,0.9765625
4383,46.78864614041439,47.969589827192685,1.5234375000000002,0.8203125,2.2265625000000004,1.4062500000000004,0.78125
4384,47.076347278365354,48.14903831489927,1.1653645833333333,0.1171875,2.2135416666666665,2.0963541666666665,0.78125
4385,46.762030711439564,47.85610929549918,1.7773437500000002,0.46875,3.0859375,2.6171875,0.9244791666666665
4386,47.51986500089433,48.455180340622746,1.3020833333333335,0.7031249999999999,1.901041666666667,1.197916666666667,0.6770833333333334
4387,47.068552752417496,48.15585665226339,1.5820312500000002,0.35156249999999994,2.8124999999999996,2.4609374999999996,0.8723958333333334
4388,46.89710448019918,47.92757421398108,1.0611979166666665,0.0,2.122395833333333,2.122395833333333,0.9244791666666666
4389,46.8063693308639,47.96071703915088,2.0898437500000004,0.7031249999999999,3.4765625,2.7734375,0.9895833333333333
4390,46.896481178661446,47.82097570187528,2.083333333333333,0.46875,3.6979166666666665,3.2291666666666665,0.9505208333333335
4391,46.92144588159367,48.05204803704836,1.46484375,0.46875,2.4609375,1.9921875,0.8854166666666666
4392,46.16888453123393,47.51986500089433,1.927083333333333,0.5859375,3.268229166666667,2.682291666666667,0.703125
4393,46.71251239530927,47.84594068351673,1.1653645833333333,0.0,2.3307291666666665,2.3307291666666665,0.9765625
4394,46.6288029104252,47.71792072116893,2.08984375,0.5859375,3.5937500000000004,3.0078125000000004,0.7552083333333335
4395,47.102713271524784,48.053863439021434,2.2721354166666665,0.5859375,3.958333333333333,3.372395833333333,0.9635416666666667
4396,46.17040159503969,47.33545200125517,2.0052083333333335,0.5859375,3.424479166666666,2.838541666666666,0.8984374999999999
4397,46.82041929378526,47.88146369618199,1.5494791666666667,0.35156249999999994,2.7473958333333335,2.3958333333333335,1.0416666666666667
4398,47.25057286597304,48.24166908443148,0.9765625,0.234375,1.7187500000000002,1.4843750000000002,1.1067708333333333
4399,47.07035662296808,47.91171273389805,1.2630208333333333,0.234375,2.291666666666667,2.057291666666667,0.9244791666666666
4400,46.24894168627445,47.38582545178533,2.0507812500000004,0.9375,3.1640625,2.2265625,1.0026041666666667
4401,46.824081279953845,47.7610765317106,1.4713541666666667,0.234375,2.7083333333333335,2.4739583333333335,1.015625
4402,46.821214042903506,47.97922833318124,1.6276041666666665,0.35156249999999994,2.9036458333333335,2.5520833333333335,0.8072916666666667
4403,46.842356807455346,47.941598757933804,1.26953125,0.35156249999999994,2.1875,1.8359375,0.546875
4404,46.4201280369018,47.7385448880327,0.46875,0.0,0.9375,0.9375,0.9635416666666667
4405,46.70812211956432,47.72680694040667,1.3802083333333333,0.46875,2.291666666666667,1.822916666666667,0.6640625000000001
4406,47.54789399070697,48.31200346554181,1.8229166666666667,0.7031249999999999,2.9427083333333335,2.2395833333333335,1.0677083333333333
4407,47.01861037586623,47.946397466257416,0.8593749999999999,0.0,1.7187499999999998,1.7187499999999998,1.0677083333333333
4408,46.66437859033726,47.947574404433624,1.3411458333333335,0.1171875,2.5651041666666665,2.4479166666666665,0.9244791666666666
4409,46.34981493555086,47.410777065787535,2.3828125,0.9375,3.8281250000000004,2.8906250000000004,0.8723958333333334
4410,46.82735494080039,47.88583520744576,0.6705729166666667,0.0,1.3411458333333335,1.3411458333333335,0.9114583333333333
4411,47.064855661832425,48.0307891700656,1.3671875,0.35156249999999994,2.3828125,2.03125,0.9114583333333334
4412,46.89679282943031,48.02536756679695,1.4583333333333333,0.46875,2.4479166666666665,1.9791666666666665,0.9114583333333334
4413,46.77773410312225,47.97272377707793,1.07421875,0.35156249999999994,1.7968749999999998,1.4453124999999998,0.8593749999999999
4414,46.64900881728345,47.90876909599408,1.0481770833333335,0.0,2.096354166666667,2.096354166666667,1.0156249999999998
4415,46.90558691337884,47.79735849463127,1.46484375,0.46875,2.4609375000000004,1.9921875000000004,0.9635416666666665
4416,46.599878886863245,47.79736462855637,1.640625,0.5859375,2.6953125,2.109375,0.7682291666666667
4417,46.66111325011272,47.71473860814528,1.1067708333333335,0.1171875,2.096354166666667,1.979166666666667,0.7552083333333334
4418,46.99463924582884,48.09462990235587,1.9075520833333335,0.7031249999999999,3.1119791666666665,2.4088541666666665,0.8333333333333334
4419,46.69356501340173,47.80278126627824,1.1783854166666667,0.234375,2.1223958333333335,1.8880208333333335,1.1328125
4420,46.33578605112118,47.37976210079759,1.66015625,0.234375,3.0859375,2.8515625,0.8854166666666666
4421,46.75183949924259,47.8155795883069,1.7903645833333333,0.1171875,3.463541666666667,3.346354166666667,0.9505208333333335
4422,46.25985415938937,47.37767188444182,0.7031249999999999,0.0,1.4062499999999998,1.4062499999999998,0.7942708333333333
4423,46.852907788773315,47.8946766816769,1.6210937500000002,0.7031249999999999,2.5390624999999996,1.8359374999999996,0.9765625
4424,46.83864828103839,48.09599456395921,1.85546875,0.234375,3.4765625,3.2421875,0.8723958333333334
4425,46.339305432316756,47.71792072116893,1.3346354166666665,0.35156249999999994,2.3177083333333335,1.9661458333333335,0.8854166666666666
4426,47.24530316341769,48.26920139905044,1.9791666666666665,0.5859375,3.372395833333333,2.786458333333333,0.703125
4427,46.514949299192324,47.630528781337034,2.36328125,0.703125,4.0234375,3.3203125,0.7161458333333333
4428,47.536157275505474,48.62350726116485,1.3606770833333333,0.35156249999999994,2.369791666666667,2.018229166666667,0.7291666666666666
4429,46.37888380307987,47.234667371803276,1.901041666666667,0.9375,2.8645833333333335,1.9270833333333335,0.78125
4430,46.2688534706053,47.37677729495074,0.78125,0.1171875,1.4453125,1.328125,0.8203124999999999
4431,47.19504761526417,48.21715285199057,1.0611979166666667,0.234375,1.8880208333333335,1.6536458333333335,1.015625
4432,47.524897458728724,48.54590387688983,1.23046875,0.234375,2.2265625,1.9921875,1.1197916666666667
4433,46.211835157476905,47.23588869752307,2.1223958333333335,0.703125,3.5416666666666665,2.8385416666666665,0.7161458333333333
4434,47.55621008826258,48.36179818773191,1.5299479166666667,0.46875,2.591145833333334,2.122395833333334,0.8203125
4435,46.457357824388055,47.76015853977453,0.9179687499999999,0.0,1.8359374999999998,1.8359374999999998,0.9375
4436,47.15013796338969,48.121837397201794,1.2109375,0.35156249999999994,2.0703125000000004,1.7187500000000004,0.8333333333333335
4437,47.06064922119546,48.09819192322272,1.3085937500000002,0.234375,2.3828125,2.1484375,1.1328125000000002
4438,46.315914461675774,47.416704840604254,1.4388020833333333,0.46875,2.408854166666667,1.940104166666667,0.8463541666666667
4439,46.59441327627288,47.43318963723597,2.9947916666666665,0.9375,5.052083333333333,4.114583333333333,0.6901041666666667
4440,46.924115284764525,48.12847896796001,2.51953125,0.8203125,4.21875,3.3984375,0.9244791666666666
4441,46.86370408078771,47.88354013175777,0.8528645833333333,0.0,1.7057291666666665,1.7057291666666665,0.8723958333333334
4442,46.69955471327024,47.75144410854377,1.1848958333333333,0.234375,2.1354166666666665,1.9010416666666665,0.7291666666666666
4443,46.788085151735274,47.750588494569946,1.1067708333333333,0.234375,1.9791666666666665,1.7447916666666665,0.7421875
4444,47.66102012654898,48.455180340622746,1.8294270833333335,0.5859375,3.072916666666667,2.486979166666667,0.7552083333333335
4445,46.94286968342146,48.06015556798732,1.6927083333333335,0.46875,2.9166666666666665,2.4479166666666665,0.7161458333333334
4446,46.77878775007296,47.64816667519618,2.5390625,1.171875,3.90625,2.734375,0.8593750000000001
4447,46.56914216114551,47.542090434508694,1.3085937500000002,0.46875,2.1484375,1.6796875,0.8854166666666666
4448,47.06945468769279,48.271334934311064,1.0416666666666665,0.234375,1.8489583333333333,1.6145833333333333,0.9895833333333333
4449,46.7303816215983,47.836594357254675,1.848958333333333,0.35156249999999994,3.3463541666666665,2.9947916666666665,0.7682291666666667
4450,46.70282577277982,47.75144410854377,1.7447916666666667,0.46875,3.0208333333333335,2.5520833333333335,0.7682291666666667
4451,47.00985148673087,48.14875935590087,1.2955729166666665,0.1171875,2.473958333333333,2.356770833333333,0.8984374999999999
4452,47.424689153770586,48.73166606111357,0.7161458333333333,0.1171875,1.3151041666666667,1.1979166666666667,1.09375
4453,47.19504761526417,48.28048135961482,1.09375,0.234375,1.953125,1.71875,0.9375
4454,46.988243034821195,48.00331840417786,1.5234375,0.1171875,2.9296875,2.8125,0.8463541666666667
4455,45.98339862116183,47.176067885241686,1.2630208333333333,0.0,2.5260416666666665,2.5260416666666665,0.8072916666666667
4456,47.07842552248904,48.201949911984286,1.07421875,0.1171875,2.0312499999999996,1.9140624999999996,0.7552083333333334
4457,46.62852997567375,47.624035113434985,2.0052083333333335,0.7031249999999999,3.3072916666666665,2.6041666666666665,0.9375
4458,47.509190897470354,48.43216796798703,1.4518229166666665,0.234375,2.669270833333333,2.434895833333333,0.9895833333333333
4459,46.99567333618724,48.10387837979303,1.2239583333333335,0.35156249999999994,2.0963541666666665,1.7447916666666665,0.8463541666666667
4460,46.70492648313079,47.82771471071068,0.87890625,0.0,1.7578125,1.7578125,0.78125
4461,47.20026479479756,48.42329730642211,1.3606770833333333,0.234375,2.4869791666666665,2.2526041666666665,0.7031250000000001
4462,47.5013664280129,48.36764768083148,1.3736979166666667,0.46875,2.2786458333333335,1.8098958333333335,0.8984374999999999
4463,46.4346820514619,47.20740223783282,0.87890625,0.0,1.7578125,1.7578125,0.8072916666666665
4464,47.5806222503662,48.146920620328196,1.3736979166666667,0.234375,2.5130208333333335,2.2786458333333335,0.9114583333333333
4465,47.20740223783282,47.83141952263628,1.6276041666666667,0.234375,3.020833333333334,2.786458333333334,0.8723958333333334
4466,46.962887236055536,48.07673660483529,0.9440104166666667,0.46875,1.4192708333333333,0.9505208333333333,0.8723958333333334
4467,46.63467388511309,47.73200536232043,1.1393229166666667,0.35156249999999994,1.9270833333333335,1.5755208333333335,0.8723958333333334
4468,46.36182358823463,47.590851365524664,1.34765625,0.46875,2.2265625000000004,1.7578125000000004,0.8593750000000001
4469,47.19700472464361,48.21589490687762,1.0416666666666667,0.35156249999999994,1.7317708333333335,1.3802083333333335,0.9635416666666665
4470,46.86401911761363,47.95656295567063,1.2369791666666667,0.1171875,2.3567708333333335,2.2395833333333335,0.8463541666666666
4471,46.787297561584964,47.90874213642409,1.998697916666667,0.5859375,3.411458333333334,2.825520833333334,0.7942708333333333
4472,46.58425632103884,47.53853037979222,1.6145833333333335,0.5859375,2.6432291666666665,2.0572916666666665,0.6901041666666667
4473,47.01417293862282,48.04320923008874,2.291666666666667,0.5859375,3.997395833333334,3.411458333333334,0.7552083333333334
4474,46.90198536472963,47.81462531583044,1.0416666666666665,0.0,2.083333333333333,2.083333333333333,0.8203125
4475,46.55789619397371,47.51835954653282,1.8033854166666665,0.5859375,3.020833333333334,2.434895833333334,0.8203125
4476,46.943558207522976,48.040880373971376,1.6861979166666665,0.5859375,2.7864583333333335,2.2005208333333335,0.9635416666666667
4477,46.869306735134984,48.05897047737215,0.7942708333333333,0.0,1.5885416666666665,1.5885416666666665,0.8203125
4478,46.764542875864464,47.56530546716472,1.3541666666666667,0.1171875,2.5911458333333335,2.4739583333333335,0.6770833333333334
4479,46.87072515685903,47.76015853977453,2.395833333333333,0.7031249999999999,4.088541666666666,3.385416666666666,0.8072916666666667
4480,46.893631915531344,48.176854526289084,1.686197916666667,0.5859375,2.786458333333333,2.200520833333333,0.8203125
4481,46.518476293519726,47.69512645153152,2.3697916666666665,0.8203124999999999,3.9192708333333335,3.0989583333333335,0.8854166666666666
4482,46.51775346925557,47.553169815448896,1.7447916666666667,0.7031249999999999,2.7864583333333335,2.0833333333333335,0.7031250000000001
4483,47.09024404693102,48.10457679149468,1.7187499999999998,0.46875,2.96875,2.5,1.0677083333333333
4484,46.995520521365194,48.01405373232811,0.9765625,0.46875,1.484375,1.015625,0.8593750000000001
4485,46.55641616100918,47.47549590258751,1.959635416666667,0.703125,3.216145833333334,2.513020833333334,0.8333333333333334
4486,46.74195583791328,47.72655475081344,1.6210937500000002,0.8203124999999999,2.421875,1.6015625,0.9114583333333333
4487,47.07847783415866,48.05204803704836,1.73828125,0.234375,3.2421875000000004,3.0078125000000004,0.9375000000000001
4488,47.381031703168794,48.27838610553671,1.38671875,0.46875,2.3046875,1.8359375,0.6380208333333334
4489,46.92554269129572,47.99926492950344,1.5364583333333335,0.35156249999999994,2.7213541666666665,2.3697916666666665,0.8854166666666666
4490,46.95181715038937,48.1072338484615,1.0221354166666665,0.0,2.044270833333333,2.044270833333333,0.8463541666666666
4491,46.70591328749099,47.73200536232043,1.829427083333333,0.35156249999999994,3.3072916666666665,2.9557291666666665,0.8463541666666667
4492,46.626318205540706,47.750588494569946,1.4453125,0.46875,2.4218750000000004,1.9531250000000004,0.625
4493,46.98663403206206,48.01405373232811,1.6536458333333333,0.46875,2.838541666666667,2.369791666666667,0.9895833333333333
4494,46.37315262936003,47.416704840604254,1.0026041666666667,0.234375,1.7708333333333333,1.5364583333333333,0.9375000000000001
4495,46.83939760246145,47.946397466257416,1.0872395833333333,0.234375,1.9401041666666667,1.7057291666666667,0.8203125
4496,46.78864614041439,47.956012613357515,0.9440104166666666,0.46875,1.4192708333333333,0.9505208333333333,0.8463541666666666
4497,47.06760614240025,48.176414435073575,1.2174479166666665,0.0,2.434895833333333,2.434895833333333,1.0807291666666667
4498,46.432455218653736,47.59056157847444,1.0807291666666667,0.0,2.1614583333333335,2.1614583333333335,0.78125
4499,47.600241975894754,48.668349997626834,1.015625,0.1171875,1.9140625000000002,1.7968750000000002,0.9114583333333334
4500,47.19700472464361,48.36090990885334,1.2174479166666667,0.234375,2.200520833333333,1.966145833333333,0.9765625
4501,46.70072506242886,47.700183294250046,2.05078125,0.7031249999999999,3.3984374999999996,2.6953124999999996,0.7942708333333333
4502,45.99041172164914,46.87907776996253,1.764322916666667,0.5859375,2.9427083333333335,2.3567708333333335,0.8203125
4503,46.696386136924986,47.74932543286855,1.7187500000000002,0.35156249999999994,3.0859374999999996,2.7343749999999996,0.8203125
4504,47.03232917260346,48.06410720510403,0.9244791666666666,0.234375,1.614583333333333,1.380208333333333,0.9765625
4505,46.581319475848495,47.791894016451245,0.9765625,0.234375,1.7187500000000002,1.4843750000000002,0.8072916666666667
4506,47.1922069075548,48.13779657045947,2.1354166666666665,0.8203124999999999,3.450520833333333,2.630208333333333,0.8333333333333334
4507,46.50463330197036,47.7139858918299,1.2369791666666665,0.35156249999999994,2.1223958333333335,1.7708333333333335,1.0026041666666665
4508,46.97995610978055,48.0211716706414,2.1614583333333335,0.9375,3.385416666666667,2.447916666666667,0.7552083333333333
4509,47.048347982289194,48.373258568772584,1.34765625,0.35156249999999994,2.34375,1.9921875,0.8854166666666666
4510,46.62741335875005,47.72680694040667,1.2369791666666665,0.0,2.473958333333333,2.473958333333333,1.0416666666666665
4511,46.2688534706053,47.39610314505633,1.5559895833333333,0.5859375,2.5260416666666665,1.9401041666666665,0.78125
4512,47.37499388040311,48.36070690051686,2.1614583333333335,0.703125,3.619791666666667,2.916666666666667,0.9765625
4513,46.66489933085448,47.771402854440566,1.321614583333333,0.1171875,2.5260416666666665,2.4088541666666665,0.8723958333333334
4514,46.62821731012743,47.723101852665465,1.66015625,0.35156249999999994,2.96875,2.6171875,0.78125
4515,46.518476293519726,47.707891683825956,1.42578125,0.234375,2.6171874999999996,2.3828124999999996,0.7161458333333333
4516,46.48283213225237,47.63022468518673,1.3671875,0.35156249999999994,2.3828125,2.03125,0.9375000000000001
4517,46.43235589792391,47.50138020039694,0.8723958333333334,0.0,1.7447916666666667,1.7447916666666667,0.7421875
4518,47.45943128719794,48.56154214780644,0.5013020833333333,0.0,1.0026041666666665,1.0026041666666665,0.6640625000000001
4519,46.37888380307987,47.42541611806118,1.42578125,0.234375,2.6171875,2.3828125,0.8072916666666665
4520,46.95726875260487,47.91713772840084,1.614583333333333,0.35156249999999994,2.8776041666666665,2.5260416666666665,0.7942708333333335
4521,46.71569487495293,47.90874213642409,2.12890625,0.8203124999999999,3.4375000000000004,2.6171875000000004,0.8984374999999999
4522,46.70282577277982,47.64981421140327,1.0872395833333333,0.234375,1.9401041666666667,1.7057291666666667,0.9244791666666665
4523,46.50463330197036,47.45943128719794,2.01171875,0.8203125,3.2031249999999996,2.3828124999999996,0.7942708333333333
4524,47.01615007418961,48.236692037908355,1.5104166666666667,0.5859375,2.4348958333333335,1.8489583333333335,0.8333333333333334
4525,46.98768735922543,48.10591280034736,1.23046875,0.1171875,2.34375,2.2265625,0.9114583333333333
4526,47.04205745628141,47.98925712536412,1.3346354166666667,0.234375,2.4348958333333335,2.2005208333333335,0.8463541666666667
4527,46.98741211206946,48.006031145148754,1.0546875,0.1171875,1.9921874999999998,1.8749999999999998,0.8072916666666665
4528,46.33479192705672,47.782409903236136,1.9466145833333337,0.9375,2.9557291666666665,2.0182291666666665,0.5859375
4529,46.70072506242886,47.85230284354966,2.734375,1.0546875,4.4140625,3.359375,0.7291666666666666
4530,47.00985148673087,48.1194687753145,1.26953125,0.234375,2.3046875,2.0703125,0.9375000000000001
4531,46.895056547096395,47.97794473869342,1.6276041666666665,0.5859375,2.669270833333333,2.083333333333333,0.6901041666666666
4532,46.98406591986824,47.92754899920725,2.096354166666667,0.9375,3.255208333333333,2.317708333333333,0.9505208333333335
4533,46.988190192076864,48.05708105218295,1.1263020833333333,0.234375,2.018229166666667,1.783854166666667,0.7942708333333333
4534,47.53364211410141,48.71239481804952,0.8203125,0.234375,1.4062500000000002,1.1718750000000002,1.0416666666666665
4535,46.99799138567472,48.06186361516647,1.2760416666666667,0.1171875,2.4348958333333335,2.3177083333333335,0.8203125
4536,46.98149780767442,47.88573242505547,0.9635416666666667,0.234375,1.6927083333333333,1.4583333333333333,0.7291666666666666
4537,46.72413840851718,47.72314337458416,2.2330729166666665,1.0546875,3.411458333333334,2.356770833333334,1.0026041666666667
4538,46.8063693308639,47.913548089844355,1.2174479166666667,0.1171875,2.317708333333333,2.200520833333333,0.8984375000000001
4539,46.6288029104252,47.69446959015849,2.3632812500000004,0.8203124999999999,3.90625,3.0859375,0.9505208333333333
4540,46.16147541861936,47.32940850083928,1.5625,0.35156249999999994,2.7734375,2.421875,0.8203125
4541,46.58111221056633,47.630509718341685,0.8593750000000001,0.0,1.7187500000000002,1.7187500000000002,0.8072916666666665
4542,46.97583498216074,48.0211716706414,1.77734375,0.46875,3.0859375,2.6171875,1.015625
4543,46.28505474189894,47.21161670816423,2.0312499999999996,0.46875,3.5937499999999996,3.1249999999999996,1.0286458333333335
4544,47.11206479991112,48.104710691024884,1.4518229166666667,0.46875,2.4348958333333335,1.9661458333333335,0.8984374999999999
4545,46.9956867952519,48.13729248904232,1.54296875,0.234375,2.8515625,2.6171875,0.9114583333333334
4546,47.06311772817499,48.0394138796836,2.1679687500000004,0.7031249999999999,3.6328125000000004,2.9296875000000004,0.8854166666666666
4547,47.07612094115205,48.14903831489927,0.9505208333333335,0.0,1.901041666666667,1.901041666666667,0.8854166666666666
4548,46.7003264642621,47.87222053849617,1.3020833333333333,0.35156249999999994,2.2526041666666665,1.9010416666666665,0.7942708333333333
4549,46.579743266805494,47.77083713410668,1.4713541666666667,0.5859375,2.3567708333333335,1.7708333333333335,0.9895833333333333
4550,46.581319475848495,47.542090434508694,1.4713541666666667,0.35156249999999994,2.591145833333333,2.239583333333333,0.8723958333333334
4551,46.197421930414016,47.29696663193096,2.0247395833333335,0.35156249999999994,3.697916666666666,3.346354166666666,0.78125
4552,46.99550706230054,47.985612600899344,0.9049479166666665,0.35156249999999994,1.4583333333333333,1.1067708333333333,0.8854166666666666
4553,46.98406591986824,48.10068594565705,1.7578125,0.7031249999999999,2.8124999999999996,2.1093749999999996,0.9765625
4554,46.50462409818481,47.78183217887924,1.6992187500000002,0.7031249999999999,2.6953125,1.9921875,0.8203124999999999
4555,46.74201756141871,47.74436281973634,0.9244791666666666,0.0,1.8489583333333333,1.8489583333333333,0.7161458333333334
4556,46.50462870007759,47.55197954663305,1.6276041666666667,0.1171875,3.1380208333333335,3.0208333333333335,0.8593749999999999
4557,47.5013664280129,48.371576501397776,1.0546875,0.0,2.109375,2.109375,0.9114583333333334
4558,46.720033567028864,47.87230836695182,0.9309895833333331,0.0,1.8619791666666663,1.8619791666666663,0.9244791666666666
4559,47.424689153770586,48.31292044670285,1.5885416666666665,0.5859375,2.591145833333333,2.005208333333333,0.7552083333333334
4560,46.895056547096395,47.98729432765651,1.1393229166666667,0.234375,2.0442708333333335,1.8098958333333335,0.78125
4561,46.6288029104252,47.7288638314489,1.2109375,0.234375,2.1875,1.953125,0.9114583333333334
4562,47.10913352721544,48.08592342345499,1.0221354166666667,0.1171875,1.9270833333333335,1.8098958333333335,0.8203125
4563,46.59518754221957,47.88581267985228,0.8919270833333333,0.1171875,1.6666666666666667,1.5494791666666667,1.0416666666666667
4564,47.40910349354432,48.38939495508898,2.3958333333333335,1.0546875,3.7369791666666665,2.6822916666666665,1.1197916666666667
4565,47.3477679864843,48.27379375229357,0.8463541666666666,0.0,1.6927083333333333,1.6927083333333333,0.7161458333333333
4566,46.62629108642818,47.628250617832194,1.9856770833333335,0.5859375,3.3854166666666665,2.7994791666666665,0.8593749999999999
4567,46.775778263200394,47.82035627082064,1.1067708333333333,0.234375,1.9791666666666665,1.7447916666666665,0.8854166666666666
4568,46.86839978646004,47.84915829824064,1.3541666666666665,0.35156249999999994,2.3567708333333335,2.0052083333333335,0.8333333333333334
4569,47.420230452688685,48.23918371111095,1.6666666666666667,0.234375,3.0989583333333335,2.8645833333333335,1.0286458333333335
4570,46.9956867952519,47.96719280162624,2.0377604166666665,0.46875,3.606770833333333,3.138020833333333,0.6640625000000001
4571,46.761173096195854,47.900238925326164,1.1002604166666665,0.46875,1.7317708333333335,1.2630208333333335,0.9765625
4572,46.84738060532002,48.040880373971376,1.8229166666666667,0.46875,3.177083333333334,2.708333333333334,0.8593750000000001
4573,47.45551519793598,48.348316530700096,1.15234375,0.35156249999999994,1.953125,1.6015625,0.8333333333333335
4574,46.41013264511481,47.44329990267923,1.3997395833333335,0.46875,2.3307291666666665,1.8619791666666665,0.8723958333333334
4575,46.914508396486895,48.04320923008874,1.6861979166666665,0.35156249999999994,3.020833333333334,2.669270833333334,0.7942708333333335
4576,47.06304734880561,47.98755991261692,0.9375,0.0,1.875,1.875,0.8072916666666665
4577,46.70882167655866,47.72306033074677,0.9505208333333333,0.234375,1.6666666666666667,1.4322916666666667,0.8333333333333335
4578,46.87293986820879,48.04624938518044,1.3281250000000002,0.1171875,2.5390625,2.421875,0.9244791666666665
4579,46.82082571758146,47.869750441872036,1.1067708333333335,0.234375,1.9791666666666665,1.7447916666666665,0.8854166666666666
4580,47.05463850829697,48.21860193835361,1.1783854166666667,0.234375,2.1223958333333335,1.8880208333333335,0.7552083333333334
4581,47.075315841048436,48.05785274944822,0.6119791666666666,0.1171875,1.1067708333333335,0.9895833333333335,0.9765625
4582,46.293312064177094,47.19610573935696,1.1979166666666665,0.234375,2.1614583333333335,1.9270833333333335,0.7161458333333333
4583,46.69955471327024,47.68430444287521,1.1783854166666667,0.234375,2.1223958333333335,1.8880208333333335,0.6640625
4584,46.687094067562576,47.773148714417665,0.8593750000000001,0.1171875,1.6015624999999998,1.4843749999999998,0.78125
4585,47.03232917260346,48.14931727389768,0.9505208333333335,0.234375,1.666666666666667,1.432291666666667,0.8333333333333334
4586,47.03232917260346,48.08847313914127,2.1158854166666665,0.46875,3.763020833333333,3.294270833333333,0.9895833333333335
4587,46.86664048542085,47.99498339326643,2.584635416666667,0.9374999999999998,4.231770833333333,3.294270833333333,0.9505208333333335
4588,46.710463558762285,47.63414687775212,0.9700520833333334,0.0,1.9401041666666667,1.9401041666666667,0.625
4589,46.159344932185924,47.38025307483984,1.9856770833333335,0.7031249999999999,3.268229166666667,2.565104166666667,0.9375
4590,46.60457023150692,47.68274801976411,1.2565104166666667,0.35156249999999994,2.1614583333333335,1.8098958333333335,0.9895833333333333
4591,46.6265696765778,47.620072693075564,2.962239583333333,1.0546875,4.869791666666666,3.815104166666666,0.5859375
4592,46.86023930146003,47.812049855161355,1.0546875,0.1171875,1.9921874999999998,1.8749999999999998,0.9375000000000001
4593,46.935299264656585,48.08565490462176,1.7903645833333333,0.5859375,2.994791666666667,2.408854166666667,0.7942708333333333
4594,46.787297561584964,47.87222053849617,1.6861979166666665,0.5859375,2.7864583333333335,2.2005208333333335,0.8593750000000001
4595,46.42149973894916,47.590851365524664,1.2565104166666667,0.35156249999999994,2.1614583333333335,1.8098958333333335,0.78125
4596,46.57504954698819,47.64975478932967,1.42578125,0.234375,2.6171875,2.3828125,0.9114583333333334
4597,47.33510191687334,48.290417237335795,1.2955729166666665,0.35156249999999994,2.2395833333333335,1.8880208333333335,1.0156249999999998
4598,46.94438731770496,48.07677055197765,0.7877604166666666,0.0,1.5755208333333333,1.5755208333333333,1.0156249999999998
4599,46.97841441188669,48.05839842626647,1.97265625,0.5859375,3.359375,2.7734375,0.8333333333333335
4600,46.957979440756425,47.72655475081344,0.7356770833333334,0.0,1.4713541666666667,1.4713541666666667,0.8984374999999999
4601,46.76364477267873,47.67132978708064,1.2890625,0.35156249999999994,2.2265624999999996,1.8749999999999996,0.8854166666666666
4602,47.01417293862282,48.069884921145736,1.2109375000000002,0.35156249999999994,2.0703125,1.71875,0.9895833333333333
4603,46.962887236055536,48.086660867182395,0.42968749999999994,0.0,0.8593749999999999,0.8593749999999999,0.8463541666666666
4604,46.34981493555086,47.68032044572884,1.5820312500000002,0.35156249999999994,2.8125,2.4609375,0.8723958333333334
4605,47.51644896649565,48.37973454182077,0.7291666666666666,0.0,1.4583333333333333,1.4583333333333333,0.8593750000000001
4606,46.893631915531344,47.7244404163103,1.2630208333333333,0.1171875,2.408854166666667,2.291666666666667,0.78125
4607,46.59518754221957,47.921724126401514,0.9960937499999999,0.1171875,1.875,1.7578125,0.8203125
4608,46.62606673450362,47.529003214712354,1.8684895833333333,0.35156249999999994,3.385416666666667,3.033854166666667,0.9635416666666667
4609,46.764542875864464,47.81525152556172,1.809895833333333,0.5859375,3.033854166666667,2.447916666666667,0.78125
4610,47.203833516315186,48.33521237150148,1.2369791666666667,0.35156249999999994,2.1223958333333335,1.7708333333333335,0.6901041666666666
4611,47.19040654255911,48.174268596702966,1.3802083333333335,0.7031249999999999,2.057291666666667,1.354166666666667,0.8984374999999999
4612,46.78638153490226,47.81322095627924,0.7877604166666666,0.1171875,1.4583333333333333,1.3411458333333333,0.7552083333333333
4613,46.86788831341094,47.93150411561013,2.0963541666666665,0.8203125,3.372395833333333,2.552083333333333,0.9114583333333333
4614,47.16492877064732,48.06015556798732,1.6471354166666667,0.703125,2.591145833333333,1.888020833333333,0.7682291666666667
4615,47.6751550891769,48.6274521316105,0.8203125,0.0,1.640625,1.640625,0.8723958333333334
4616,46.804793791383894,47.886336847130984,1.4257812500000002,0.7031249999999999,2.1484375,1.4453125,0.703125
4617,46.187658770529275,47.40910349354432,2.7734375,1.0546875,4.4921875,3.4375,0.7682291666666667
4618,46.71251239530927,47.84284332513944,1.315104166666667,0.1171875,2.5130208333333335,2.3958333333333335,0.9635416666666667
4619,47.45943128719794,48.175974343858066,0.8854166666666666,0.1171875,1.6536458333333333,1.5364583333333333,0.6901041666666667
4620,47.284334232016704,48.42710743586315,1.2109375,0.234375,2.1875,1.953125,0.9505208333333335
4621,46.56190966600454,47.63535339623183,1.09375,0.35156249999999994,1.8359375,1.484375,0.78125
4622,47.64816667519618,48.64817892654032,0.9895833333333333,0.234375,1.7447916666666667,1.5104166666666667,1.0156249999999998
4623,47.14606252245507,48.39545698565798,0.6575520833333334,0.0,1.3151041666666667,1.3151041666666667,0.9635416666666667
4624,47.15013796338969,48.31246349049292,1.6471354166666667,0.35156249999999994,2.9427083333333335,2.5911458333333335,0.9505208333333335
4625,46.88471052343512,47.900011526717684,1.3020833333333333,0.35156249999999994,2.2526041666666665,1.9010416666666665,0.7552083333333334
4626,47.2420374897618,48.07690235563339,0.9049479166666665,0.0,1.809895833333333,1.809895833333333,0.9114583333333334
4627,47.01861037586623,48.016732270353614,1.15234375,0.35156249999999994,1.953125,1.6015625,0.7421875
4628,46.936780635240645,47.88122334809729,1.6276041666666667,0.5859375,2.669270833333333,2.083333333333333,0.7291666666666666
4629,46.91115971941296,47.94319634974846,1.4388020833333335,0.234375,2.6432291666666665,2.4088541666666665,0.8203125
4630,47.20026479479756,48.217790170594455,1.2630208333333333,0.0,2.5260416666666665,2.5260416666666665,0.78125
4631,46.52680755902041,47.66561117303719,1.07421875,0.234375,1.9140625000000002,1.6796875000000002,0.7031249999999999
4632,46.962887236055536,47.98645888139463,1.3085937499999998,0.35156249999999994,2.265625,1.9140625,1.1067708333333333
4633,46.98663403206206,48.050222473383855,1.6406249999999998,0.46875,2.8125,2.34375,0.9114583333333333
4634,46.77728300663667,47.76300941694739,1.608072916666667,0.46875,2.7473958333333335,2.2786458333333335,0.8203125
4635,46.689723310067,47.88436595820389,1.7252604166666667,0.5859375,2.8645833333333335,2.2786458333333335,0.6770833333333334
4636,47.33505759075621,48.28040371064576,0.5989583333333334,0.0,1.1979166666666667,1.1979166666666667,0.7552083333333334
4637,46.9956867952519,47.99469313770513,0.9700520833333334,0.234375,1.705729166666667,1.471354166666667,0.8593750000000001
4638,47.73938949156145,48.505799427608146,2.005208333333333,0.46875,3.5416666666666665,3.0729166666666665,1.0286458333333333
4639,46.65274353113084,47.73748312135226,1.5039062499999998,0.46875,2.5390625000000004,2.0703125000000004,0.8984374999999999
4640,47.11349412888577,48.121837397201794,0.9830729166666666,0.0,1.9661458333333333,1.9661458333333333,0.8984375000000001
4641,46.44234725496391,47.590851365524664,1.569010416666667,0.46875,2.6692708333333335,2.2005208333333335,0.8593750000000001
4642,47.102713271524784,48.16588365004822,1.9856770833333333,0.7031249999999999,3.268229166666667,2.565104166666667,0.8203125
4643,46.45903082675488,47.47549590258751,2.2395833333333335,0.9375,3.5416666666666665,2.6041666666666665,0.6640625000000001
4644,46.821214042903506,48.01004557696342,1.119791666666667,0.234375,2.005208333333333,1.770833333333333,0.8723958333333334
4645,47.25057286597304,48.45051501614611,0.6184895833333334,0.234375,1.0026041666666665,0.7682291666666665,1.0026041666666665
4646,46.69955471327024,47.8042409448715,1.9075520833333335,0.5859375,3.229166666666667,2.643229166666667,0.8333333333333334
4647,47.19171543451232,48.39527784480756,1.30859375,0.234375,2.3828125,2.1484375,1.1067708333333333
4648,46.23615004919335,47.28251881145066,1.2239583333333333,0.1171875,2.3307291666666665,2.2135416666666665,0.7942708333333333
4649,46.865392657430775,47.93309804880575,2.28515625,0.703125,3.8671874999999996,3.1640624999999996,0.9375
4650,46.28597810670778,47.588845454449455,1.6731770833333333,0.5859375,2.7604166666666665,2.1744791666666665,0.9635416666666667
4651,46.98650905851391,47.90089157963134,1.0026041666666665,0.1171875,1.8880208333333333,1.7708333333333333,0.7161458333333333
4652,46.57858158832681,47.859768819277726,0.8007812499999999,0.234375,1.3671875,1.1328125,0.8723958333333334
4653,47.031767358467604,48.0872213912403,0.48828125,0.0,0.9765625,0.9765625,0.78125
4654,46.34312931521099,47.33576058538179,1.1263020833333335,0.234375,2.018229166666667,1.783854166666667,0.7942708333333333
4655,47.20026479479756,48.39155907915335,2.109375,0.234375,3.9843749999999996,3.7499999999999996,1.0026041666666667
4656,47.430209125143804,48.578657929584466,1.5299479166666667,0.234375,2.825520833333334,2.591145833333334,0.8723958333333334
4657,46.79604567648443,47.82345194841095,1.0351562500000002,0.234375,1.8359375,1.6015625,0.8463541666666666
4658,47.234667371803276,48.37723321870481,1.8489583333333333,0.8203124999999999,2.877604166666667,2.057291666666667,0.7161458333333334
4659,47.24530316341769,47.996782219790425,1.8619791666666667,0.46875,3.2552083333333335,2.7864583333333335,0.7682291666666667
4660,47.06304734880561,47.923838543374046,0.9570312500000001,0.0,1.9140625000000002,1.9140625000000002,0.9765625
4661,46.73901267560985,47.82971057671177,0.46875,0.234375,0.7031250000000001,0.4687500000000001,0.8072916666666665
4662,46.15427595352798,47.518650557320555,1.38671875,0.35156249999999994,2.421875,2.0703125,0.9114583333333334
4663,47.00985148673087,47.79894003920517,1.5885416666666665,0.1171875,3.059895833333333,2.942708333333333,0.7161458333333333
4664,46.99179864114985,48.02024512434664,1.3932291666666667,0.35156249999999994,2.434895833333334,2.083333333333334,0.8593750000000001
4665,46.12143361676834,47.40641335860583,1.875,0.35156249999999994,3.3984374999999996,3.0468749999999996,0.9244791666666666
4666,47.19300313848637,48.145578289573635,1.764322916666667,0.5859375,2.9427083333333335,2.3567708333333335,1.1328125000000002
4667,46.821214042903506,47.71736941234322,1.3802083333333333,0.35156249999999994,2.408854166666667,2.057291666666667,1.0546875
4668,47.389910204912056,48.24695628700033,1.2955729166666665,0.234375,2.3567708333333335,2.1223958333333335,0.6640625000000001
4669,46.83939760246145,47.74436281973634,0.5598958333333334,0.0,1.1197916666666667,1.1197916666666667,0.8723958333333334
4670,46.72239515365762,47.710119387167985,2.532552083333333,1.0546875,4.010416666666666,2.955729166666666,0.7421875
4671,46.7303816215983,47.65255715389049,1.5559895833333333,0.46875,2.6432291666666665,2.1744791666666665,1.0807291666666667
4672,46.96877327672176,48.07993713154579,1.07421875,0.0,2.1484375,2.1484375,0.78125
4673,46.60505224628725,47.868570788928686,1.4322916666666665,0.35156249999999994,2.5130208333333335,2.1614583333333335,0.8203125
4674,47.053528624105276,48.05109221194759,1.7317708333333335,0.46875,2.994791666666667,2.526041666666667,0.8203125
4675,47.07451477141208,48.1664249134353,0.9049479166666667,0.1171875,1.6927083333333333,1.5755208333333333,1.0156249999999998
4676,46.95044010218633,47.92754899920725,1.4127604166666667,0.1171875,2.7083333333333335,2.5911458333333335,0.8723958333333334
4677,47.07117678478558,48.322850599746445,1.7838541666666665,0.35156249999999994,3.216145833333334,2.864583333333334,0.9765625
4678,47.169386592952776,48.087554265437966,0.72265625,0.0,1.4453125,1.4453125,1.0416666666666667
4679,47.03120554433175,48.09388786900377,1.7968749999999998,0.46875,3.125,2.65625,0.8984374999999999
4680,46.914508396486895,47.79736462855637,1.1263020833333335,0.35156249999999994,1.9010416666666665,1.5494791666666665,0.8854166666666666
4681,47.08628122621445,48.29950381814723,1.2109375,0.1171875,2.3046875,2.1875,0.7552083333333334
4682,47.19700472464361,48.08311623783856,0.8398437500000001,0.1171875,1.5625,1.4453125,1.1197916666666667
4683,46.81247805808065,48.00000182734875,1.4908854166666665,0.46875,2.5130208333333335,2.0442708333333335,0.8854166666666666
4684,46.77367040617219,48.21919909264429,1.0677083333333333,0.234375,1.9010416666666665,1.6666666666666665,0.8203125
4685,46.895056547096395,47.73991391439637,1.4518229166666667,0.35156249999999994,2.5520833333333335,2.2005208333333335,0.8723958333333334
4686,47.064855661832425,48.09388786900377,1.4583333333333333,0.234375,2.6822916666666665,2.4479166666666665,0.8203124999999999
4687,46.86839978646004,47.919448628908015,1.3411458333333335,0.234375,2.447916666666667,2.213541666666667,0.9765625
4688,47.72680694040667,48.5269685782944,1.3736979166666667,0.35156249999999994,2.395833333333333,2.044270833333333,0.8072916666666665
4689,47.24969129677443,48.36727342451608,1.653645833333333,0.35156249999999994,2.9557291666666665,2.6041666666666665,0.8854166666666666
4690,47.315158065485754,48.175974343858066,0.68359375,0.0,1.3671875,1.3671875,0.8203125
4691,46.86595371551229,48.20073937321928,0.6380208333333333,0.1171875,1.1588541666666667,1.0416666666666667,1.1067708333333333
4692,47.03232917260346,48.10059699185256,1.7708333333333333,0.5859375,2.955729166666667,2.369791666666667,0.9895833333333333
4693,47.23312823645573,48.24726644304605,1.2044270833333333,0.1171875,2.291666666666667,2.174479166666667,0.7421875
4694,47.68800222096697,48.455180340622746,1.4583333333333333,0.5859375,2.3307291666666665,1.7447916666666665,1.0156249999999998
4695,46.99108363950019,47.8996851995651,1.1002604166666665,0.234375,1.9661458333333333,1.7317708333333333,0.78125
4696,46.49306625007284,47.444524662525644,1.2109374999999998,0.0,2.4218749999999996,2.4218749999999996,0.8203125
4697,46.407122971970004,47.445963765376455,1.705729166666667,0.46875,2.9427083333333335,2.4739583333333335,0.9114583333333334
4698,46.98689506623697,48.4393463777277,1.0677083333333333,0.234375,1.901041666666667,1.666666666666667,0.9505208333333335
4699,46.97841441188669,48.00609124631668,1.5364583333333335,0.35156249999999994,2.7213541666666665,2.3697916666666665,0.9505208333333335
4700,46.95882953724573,47.87946598134584,1.5299479166666665,0.35156249999999994,2.7083333333333335,2.3567708333333335,0.78125
4701,47.59027179142422,48.51632571276258,1.8945312499999998,0.703125,3.0859375,2.3828125,1.09375
4702,46.582580633161506,47.51477349579875,1.4908854166666665,0.46875,2.513020833333333,2.044270833333333,1.1197916666666665
4703,47.42858717207859,48.21972753669124,1.7317708333333335,0.234375,3.229166666666666,2.994791666666666,1.2109374999999998
4704,46.65274353113084,47.8562719212024,1.3997395833333333,0.234375,2.5651041666666665,2.3307291666666665,0.8463541666666667
4705,47.10311984152341,48.14970092941554,1.0416666666666667,0.234375,1.8489583333333337,1.6145833333333337,0.8723958333333334
4706,47.51160807108771,48.680747477805895,1.2890625,0.0,2.578125,2.578125,0.8984374999999999
4707,46.43286884993151,47.6881252235021,0.9505208333333335,0.234375,1.6666666666666667,1.4322916666666667,0.8984374999999999
4708,46.8208076191073,47.80051544985538,1.1979166666666665,0.1171875,2.2786458333333335,2.1614583333333335,0.8723958333333334
4709,46.962887236055536,48.0641945204397,1.3606770833333333,0.234375,2.4869791666666665,2.2526041666666665,0.8854166666666666
4710,46.19154705212784,47.335079753814775,1.9270833333333335,0.5859375,3.268229166666667,2.682291666666667,0.8072916666666667
4711,46.55641039066591,47.736919353220806,1.3671875,0.5859375,2.1484375,1.5625,0.8463541666666667
4712,46.95181715038937,47.81462531583044,1.6276041666666665,0.0,3.255208333333333,3.255208333333333,0.9244791666666666
4713,47.21358848274624,47.99385836531639,1.6536458333333333,0.234375,3.0729166666666665,2.8385416666666665,0.8593750000000001
4714,46.552003561436585,47.51512884802125,1.8880208333333335,0.35156249999999994,3.424479166666667,3.072916666666667,0.7421875
4715,47.076347278365354,48.236692037908355,0.6510416666666666,0.0,1.3020833333333333,1.3020833333333333,0.9375000000000001
4716,47.031767358467604,48.21715285199057,1.19140625,0.46875,1.9140625000000002,1.4453125000000002,0.9114583333333334
4717,46.74489900021671,47.933746789923134,1.764322916666667,0.7031249999999999,2.8255208333333335,2.1223958333333335,0.6770833333333335
4718,46.81518988545591,47.80424094486704,0.9635416666666667,0.234375,1.6927083333333333,1.4583333333333333,0.7552083333333335
4719,47.51986500089433,48.3956361265084,1.15234375,0.46875,1.8359375,1.3671875,0.8593750000000001
4720,46.6265696765778,47.622552499001024,1.5559895833333333,0.35156249999999994,2.7604166666666665,2.4088541666666665,0.8072916666666665
4721,46.708943060666144,47.69943937323843,0.72265625,0.1171875,1.3281250000000002,1.2109375000000002,0.8203125
4722,47.29413167106106,48.34930464176967,0.8072916666666665,0.0,1.614583333333333,1.614583333333333,1.0026041666666665
4723,46.434781372191715,47.40713272274338,1.5299479166666667,0.1171875,2.9427083333333335,2.8255208333333335,0.78125
4724,46.787297561584964,47.82826494418062,0.40364583333333326,0.0,0.8072916666666665,0.8072916666666665,0.8593750000000001
4725,47.20740223783282,48.14836850897573,1.46484375,0.5859375,2.34375,1.7578125,0.9114583333333334
4726,46.81518988545591,47.7385448880327,2.5520833333333335,0.9375,4.166666666666666,3.229166666666666,0.7942708333333333
4727,46.86668320681681,48.064399375216695,1.0091145833333333,0.234375,1.7838541666666665,1.5494791666666665,0.9635416666666667
4728,47.01417293862282,48.05521559305166,1.7643229166666667,0.234375,3.2942708333333335,3.0598958333333335,1.09375
4729,47.11349412888577,48.05894410308471,1.5559895833333333,0.35156249999999994,2.7604166666666665,2.4088541666666665,0.9765625
4730,47.064855661832425,48.26085006816365,1.4908854166666665,0.35156249999999994,2.6302083333333335,2.2786458333333335,0.8723958333333334
4731,46.918199074648825,47.92754899920725,1.1197916666666667,0.234375,2.005208333333333,1.770833333333333,0.7942708333333333
4732,47.07517033273481,48.22014736477312,0.9960937500000001,0.35156249999999994,1.640625,1.2890625,0.9375
4733,47.44563382709715,48.535505247844,1.0677083333333333,0.234375,1.901041666666667,1.666666666666667,0.9114583333333334
4734,46.83119158766621,47.994749588267474,1.42578125,0.0,2.8515625,2.8515625,0.8203125
4735,47.10913352721544,48.14431174307468,1.4322916666666667,0.5859375,2.278645833333333,1.692708333333333,0.7942708333333335
4736,47.670748871951865,48.61904560224591,0.9375000000000001,0.1171875,1.7578125,1.640625,0.8333333333333334
4737,47.07960396899235,48.214636961764676,0.5338541666666666,0.0,1.0677083333333333,1.0677083333333333,0.9244791666666666
4738,46.65274353113084,47.82984223340845,1.38671875,0.234375,2.5390625,2.3046875,0.9114583333333334
4739,47.75144410854377,48.73129464906194,1.2565104166666667,0.35156249999999994,2.1614583333333335,1.8098958333333335,0.703125
4740,46.62606673450362,47.555008839200795,2.3177083333333335,0.5859375,4.049479166666667,3.463541666666667,0.8723958333333334
4741,46.41270008754553,47.49003575425881,1.2825520833333333,0.234375,2.3307291666666665,2.0963541666666665,0.7942708333333333
4742,47.04205745628141,47.99498339326643,1.119791666666667,0.1171875,2.1223958333333335,2.0052083333333335,0.8333333333333334
4743,46.38791859557719,47.53853037979222,1.6080729166666665,0.5859375,2.6302083333333335,2.0442708333333335,0.9375
4744,46.78928220788522,47.84749572029623,0.9700520833333334,0.1171875,1.8229166666666665,1.7057291666666665,1.0807291666666667
4745,47.234667371803276,48.34700846870917,1.4453125,0.234375,2.65625,2.421875,0.7291666666666666
4746,47.08562751134405,48.06015556798732,0.91796875,0.0,1.8359375,1.8359375,0.8593750000000001
4747,46.72649999514593,47.79674963063098,1.7187500000000002,0.46875,2.96875,2.5,0.7421875
4748,47.55621008826258,48.63486710267008,1.5885416666666665,0.1171875,3.059895833333333,2.942708333333333,0.9505208333333333
4749,47.012012212676844,48.05956521240343,1.4583333333333333,0.5859375,2.3307291666666665,1.7447916666666665,1.0286458333333333
4750,46.99196491503655,48.14349328580258,0.8528645833333335,0.1171875,1.5885416666666665,1.4713541666666665,0.8333333333333334
4751,46.78042775152327,47.886055798750164,1.3606770833333333,0.35156249999999994,2.369791666666667,2.018229166666667,0.7291666666666666
4752,46.95712934426713,47.90874213642409,1.8229166666666665,0.35156249999999994,3.2942708333333335,2.9427083333333335,0.8854166666666666
4753,46.6899957319738,47.70342960056932,1.2239583333333333,0.46875,1.979166666666667,1.510416666666667,0.7031250000000001
4754,47.10830698520459,48.34815655523942,1.1002604166666665,0.35156249999999994,1.8489583333333337,1.4973958333333337,0.8072916666666665
4755,46.553975006890816,47.832354700040554,1.1067708333333335,0.35156249999999994,1.8619791666666667,1.5104166666666667,0.8203124999999999
4756,47.215808155440584,48.03603101031511,1.0807291666666667,0.35156249999999994,1.8098958333333335,1.4583333333333335,0.8463541666666667
4757,46.914508396486895,48.02536756679695,2.1354166666666665,0.8203124999999999,3.4505208333333335,2.6302083333333335,0.7942708333333333
4758,47.219433666919265,48.34674231910195,1.5299479166666665,0.35156249999999994,2.7083333333333326,2.3567708333333326,0.8984374999999999
4759,46.93047494202902,48.06469154532936,0.9309895833333331,0.1171875,1.7447916666666667,1.6276041666666667,0.8203125
4760,46.78683954824361,47.89913147380403,1.5234375,0.35156249999999994,2.6953125,2.34375,0.7161458333333334
4761,46.86788831341094,48.02536756679695,1.321614583333333,0.234375,2.4088541666666665,2.1744791666666665,0.7682291666666667
4762,46.271860914207984,47.33275690610691,1.1197916666666667,0.1171875,2.1223958333333335,2.0052083333333335,1.0546875
4763,46.62629108642818,47.812049855161355,1.1588541666666667,0.35156249999999994,1.9661458333333333,1.6145833333333333,0.9765625
4764,46.524020625404376,47.59713735249018,1.608072916666667,0.35156249999999994,2.864583333333333,2.513020833333333,0.78125
4765,46.62629108642818,47.723791895447235,1.0481770833333333,0.234375,1.8619791666666667,1.6276041666666667,0.9765625
4766,46.95929760200978,47.99463668714279,2.0247395833333335,0.46875,3.5807291666666665,3.1119791666666665,0.8593750000000001
4767,46.764542875864464,47.9970946564097,1.4257812500000002,0.35156249999999994,2.5,2.1484375,0.8072916666666665
4768,46.599878886863245,47.6878678700147,1.8164062500000002,0.234375,3.3984374999999996,3.1640624999999996,0.8463541666666667
4769,46.66111325011272,47.76015853977453,1.705729166666667,0.8203125,2.5911458333333335,1.7708333333333335,0.8203125
4770,46.63645486584734,47.79736462855497,1.6210937499999998,0.46875,2.7734375,2.3046875,0.8463541666666667
4771,47.32959752714905,48.27870508644876,1.5169270833333333,0.5859375,2.4479166666666665,1.8619791666666665,1.015625
4772,46.33644369487112,47.38504457672001,1.7187500000000002,0.234375,3.2031249999999996,2.9687499999999996,0.8072916666666665
4773,46.66489933085448,47.762493934137034,0.9570312500000001,0.234375,1.6796875000000002,1.4453125000000002,1.0026041666666665
4774,46.982461735200296,48.14170250468785,1.1132812499999998,0.234375,1.9921874999999998,1.7578124999999998,0.9114583333333334
4775,46.24856473824759,47.305792907467605,1.1067708333333335,0.234375,1.9791666666666665,1.7447916666666665,0.8854166666666666
4776,47.65255715389049,48.611936536248315,1.4192708333333335,0.46875,2.3697916666666665,1.9010416666666665,0.9505208333333335
4777,46.61122736281696,47.82907576405363,0.8919270833333333,0.0,1.7838541666666665,1.7838541666666665,0.9505208333333335
4778,46.965183642676,47.82771471071068,1.8359375,0.5859375,3.0859375,2.5,0.8072916666666665
4779,47.203833516315186,48.373242833570764,1.5104166666666667,0.5859375,2.4348958333333335,1.8489583333333335,1.0546875
4780,47.536086246946816,48.657149118598205,1.4388020833333335,0.35156249999999994,2.5260416666666665,2.1744791666666665,1.1067708333333335
4781,46.84161501890473,47.90960079934478,0.8854166666666666,0.0,1.7708333333333333,1.7708333333333333,0.5338541666666666
4782,46.66164261203004,47.608416780458086,1.6992187499999998,0.5859375,2.8125,2.2265625,0.7031249999999999
4783,46.62050433856616,47.761667415394484,1.3802083333333333,0.35156249999999994,2.408854166666667,2.057291666666667,0.8203125
4784,46.78422464393792,47.92411897139415,0.87890625,0.0,1.7578125,1.7578125,0.8723958333333334
4785,47.08203753356685,48.07993713154579,2.7083333333333335,0.9375,4.479166666666666,3.541666666666666,0.9765625
4786,47.12692545849103,48.287041025013124,0.8007812499999999,0.234375,1.3671875,1.1328125,0.9244791666666666
4787,46.37831389995668,47.42975972732324,1.4192708333333333,0.0,2.8385416666666665,2.8385416666666665,0.9375000000000001
4788,47.33268085624953,48.518105397679726,1.0221354166666667,0.1171875,1.9270833333333335,1.8098958333333335,0.7161458333333334
4789,46.94438731770496,47.95556821355348,0.9570312500000001,0.234375,1.6796875000000002,1.4453125000000002,0.8072916666666667
4790,47.49307580388164,48.40999397724855,1.4127604166666667,0.35156249999999994,2.4739583333333335,2.1223958333333335,0.8072916666666665
4791,47.00029597609754,48.104710691024884,1.5234374999999998,0.35156249999999994,2.6953125,2.34375,1.0026041666666667
4792,47.01861037586623,47.92439939941424,1.2239583333333335,0.234375,2.213541666666667,1.979166666666667,0.8723958333333334
4793,47.310430403129736,48.33203619052815,1.015625,0.0,2.03125,2.03125,1.0286458333333333
4794,46.47952559883095,47.42541611806118,1.3671874999999998,0.5859375,2.1484375,1.5625,0.8854166666666666
4795,46.80256901740373,47.7677286774043,1.2955729166666665,0.35156249999999994,2.239583333333333,1.888020833333333,0.8723958333333334
4796,46.47952559883095,47.515775452142286,1.490885416666667,0.35156249999999994,2.630208333333334,2.278645833333334,0.78125
4797,46.97524714977437,47.92034873963015,1.54296875,0.46875,2.6171874999999996,2.1484374999999996,1.0286458333333335
4798,47.24530316341769,48.10317996809138,1.30859375,0.234375,2.3828125,2.1484375,0.8854166666666666
4799,46.34348245726227,47.529705788297235,1.77734375,0.8203124999999999,2.734375,1.9140625,0.8333333333333334
4800,46.74201756141871,47.81191454855176,0.9765625,0.234375,1.7187500000000002,1.4843750000000002,0.8984374999999999
4801,46.995659877122584,47.87247416670314,2.2786458333333335,1.0546875,3.5026041666666665,2.4479166666666665,0.9244791666666666
4802,46.62821731012743,47.648140362381966,1.2630208333333333,0.35156249999999994,2.174479166666667,1.822916666666667,0.7682291666666666
4803,46.829102279669456,48.05453831192178,1.5364583333333333,0.5859375,2.4869791666666665,1.9010416666666665,0.8072916666666667
4804,47.01861037586623,48.065536284916746,1.2760416666666667,0.35156249999999994,2.2005208333333335,1.8489583333333335,0.9895833333333333
4805,47.075315841048436,47.99192811591835,1.484375,0.234375,2.734375,2.5,0.7552083333333335
4806,46.79223160237583,47.88122334809729,3.131510416666666,1.0546875,5.208333333333333,4.153645833333333,0.8984374999999999
4807,46.773994290228124,47.64764288684485,0.87890625,0.234375,1.5234375,1.2890625,0.8333333333333335
4808,46.4201280369018,47.611084540500606,2.01171875,0.5859375,3.4375000000000004,2.8515625000000004,0.8854166666666666
4809,46.893631915531344,48.01501335882239,1.2630208333333333,0.234375,2.291666666666667,2.057291666666667,0.8854166666666666
4810,46.91797713904028,48.05402324440755,2.0182291666666665,0.5859375,3.4505208333333344,2.8645833333333344,0.703125
4811,46.59683362399613,47.41410095717814,0.8658854166666667,0.234375,1.4973958333333335,1.2630208333333335,0.9244791666666666
4812,46.25723816133418,47.52775099037223,1.4192708333333333,0.46875,2.3697916666666665,1.9010416666666665,0.9244791666666666
4813,47.24530316341769,48.27902406736081,1.34765625,0.35156249999999994,2.34375,1.9921875,1.0156249999999998
4814,47.72562367835849,48.64824970227355,1.8945312499999998,0.35156249999999994,3.4374999999999996,3.0859374999999996,0.9635416666666667
4815,46.7303816215983,47.84434772903134,2.7083333333333335,1.0546875,4.361979166666666,3.307291666666666,0.9244791666666666
4816,46.99799138567472,47.97108717354473,1.2304687500000002,0.5859375,1.875,1.2890625,0.7682291666666667
4817,47.07287180596118,48.03887593624792,1.8815104166666665,0.5859375,3.177083333333333,2.591145833333333,0.6510416666666666
4818,46.81664283859398,47.89913147380403,1.4908854166666665,0.234375,2.7473958333333335,2.5130208333333335,1.09375
4819,46.90558691337884,48.03198762722395,1.15234375,0.1171875,2.1875,2.0703125,0.9635416666666667
4820,46.71314995858329,47.87230836695182,1.2760416666666667,0.35156249999999994,2.2005208333333335,1.8489583333333335,0.7161458333333334
4821,46.70559431059558,47.766601806907374,0.9244791666666666,0.1171875,1.731770833333333,1.614583333333333,0.7942708333333333
4822,46.86130184214286,47.605542446734496,1.3736979166666667,0.0,2.7473958333333335,2.7473958333333335,1.09375
4823,46.86891125950914,48.08565490462176,1.23046875,0.1171875,2.34375,2.2265625,0.9765625
4824,47.36043405609526,48.281102051683504,1.4127604166666667,0.35156249999999994,2.473958333333333,2.122395833333333,0.8854166666666666
4825,46.96877327672176,48.0872213912403,0.78125,0.234375,1.3281249999999998,1.0937499999999998,0.9244791666666665
4826,46.49779919824327,47.55371178784401,1.7187500000000002,0.5859375,2.8515625,2.265625,0.5078125
4827,46.70072506242886,47.71493942174008,1.1588541666666667,0.35156249999999994,1.9661458333333333,1.6145833333333333,0.625
4828,47.05463850829697,48.2962416348095,0.7682291666666665,0.0,1.536458333333333,1.536458333333333,0.9244791666666665
4829,46.97583498216074,48.06357166234562,1.6861979166666665,0.46875,2.9036458333333335,2.4348958333333335,0.8854166666666666
4830,46.30148411312599,47.40946558735066,1.666666666666667,0.234375,3.098958333333333,2.864583333333333,0.7421875
4831,46.774886276714255,47.985384932090255,1.516927083333333,0.5859375,2.4479166666666665,1.8619791666666665,0.6901041666666666
4832,47.509675088400485,48.375651971557446,1.2044270833333335,0.234375,2.1744791666666665,1.9401041666666665,0.8072916666666665
4833,46.33479192705672,47.42975972732324,2.057291666666667,0.703125,3.411458333333333,2.708333333333333,0.9765625
4834,46.8680589071449,47.98753553742454,1.4583333333333333,0.1171875,2.7994791666666665,2.6822916666666665,0.7682291666666667
4835,46.55641039066591,47.79067705843464,2.0312500000000004,0.5859375,3.4765625,2.890625,0.8723958333333334
4836,47.01417293862282,48.31292044670285,1.7252604166666667,0.5859375,2.8645833333333335,2.2786458333333335,0.8072916666666667
4837,47.07117678478558,48.20532947042771,0.8984374999999999,0.234375,1.5625,1.328125,0.8593750000000001
4838,46.70591328749099,47.69009155228298,1.6992187500000002,0.5859375,2.8125,2.2265625,0.6119791666666667
4839,46.95712934426713,48.055213184822136,1.9205729166666667,0.5859375,3.2552083333333335,2.6692708333333335,0.9505208333333335
4840,46.710463558762285,47.81889089853634,1.0677083333333333,0.35156249999999994,1.783854166666667,1.432291666666667,0.9505208333333335
4841,47.102713271524784,48.04667186749927,1.11328125,0.234375,1.9921874999999998,1.7578124999999998,0.78125
4842,46.86788831341094,48.12382548594239,1.2955729166666667,0.35156249999999994,2.239583333333334,1.888020833333334,0.7942708333333333
4843,46.62606673450362,47.914425231149444,1.3606770833333333,0.35156249999999994,2.3697916666666665,2.0182291666666665,0.9375000000000001
4844,46.895056547096395,47.94416454095386,1.5494791666666667,0.234375,2.8645833333333335,2.6302083333333335,0.9114583333333333
4845,46.80256901740373,47.885895344975516,1.0677083333333333,0.234375,1.9010416666666665,1.6666666666666665,1.0026041666666665
4846,47.08025768386276,48.364556143667315,1.3281250000000002,0.46875,2.1875,1.71875,0.7942708333333333
4847,46.696270498432575,47.79335271257873,1.328125,0.234375,2.4218750000000004,2.1875000000000004,1.0156249999999998
4848,46.55641039066591,47.63535339623183,1.0807291666666667,0.0,2.1614583333333335,2.1614583333333335,0.8333333333333334
4849,47.5911835752427,48.43022705815374,0.5013020833333333,0.0,1.0026041666666665,1.0026041666666665,1.0286458333333335
4850,47.46075928171774,48.55774511520492,0.9570312500000001,0.234375,1.6796875,1.4453125,0.9895833333333333
4851,46.895056547096395,47.94724408283577,0.8138020833333333,0.0,1.6276041666666665,1.6276041666666665,0.8593750000000001
4852,47.2137124318024,48.49677354136617,1.3346354166666667,0.5859375,2.083333333333333,1.497395833333333,0.8333333333333334
4853,46.896481178661446,48.00609124631668,1.0026041666666665,0.234375,1.7708333333333333,1.5364583333333333,0.7421875000000001
4854,46.582580633161506,47.71504874902089,1.6210937500000002,0.35156249999999994,2.890625,2.5390625,0.9375000000000001
4855,46.95712934426713,48.139749537573664,0.5013020833333333,0.0,1.0026041666666665,1.0026041666666665,1.015625
4856,46.960858386650635,47.8155795883069,1.5559895833333333,0.5859375,2.5260416666666665,1.9401041666666665,0.9114583333333334
4857,47.85988430235689,48.43901050406947,1.8945312500000002,0.46875,3.3203125,2.8515625,1.1328125
4858,46.552003561436585,47.42541611806118,1.46484375,0.234375,2.6953125,2.4609375,0.7161458333333333
4859,46.66437859033726,47.714374400589534,2.298177083333333,0.8203124999999999,3.7760416666666665,2.9557291666666665,1.015625
4860,46.557052515367644,47.686724363831004,1.2565104166666665,0.0,2.513020833333333,2.513020833333333,0.7552083333333334
4861,46.76084921213992,47.96046974789606,0.42968750000000006,0.0,0.8593750000000001,0.8593750000000001,0.8463541666666666
4862,47.47549590258751,48.34700846870917,1.5169270833333333,0.5859375,2.4479166666666665,1.8619791666666665,1.0286458333333333
4863,46.64863443017522,47.933746789923134,0.6054687499999999,0.0,1.2109374999999998,1.2109374999999998,0.703125
4864,47.1937625734293,48.3151771736676,1.9986979166666665,0.8203125,3.177083333333333,2.356770833333333,0.9895833333333333
4865,46.01165821511673,47.40713272274338,1.6471354166666667,0.35156249999999994,2.9427083333333335,2.5911458333333335,1.0546875
4866,47.09038448289654,48.08699374138007,1.4518229166666667,0.1171875,2.786458333333333,2.669270833333333,0.9114583333333333
4867,46.70492648313079,47.945132732159266,1.9791666666666665,0.7031249999999999,3.2552083333333335,2.5520833333333335,0.8854166666666666
4868,46.97841441188669,48.35892290728738,1.0286458333333333,0.234375,1.8229166666666667,1.5885416666666667,0.8593750000000001
4869,46.66437859033726,47.756534875535,1.171875,0.234375,2.109375,1.875,0.78125
4870,46.79014509720622,47.93469198200137,1.03515625,0.0,2.0703125,2.0703125,0.8072916666666665
4871,46.842356807455346,47.99463668714279,1.321614583333333,0.234375,2.4088541666666665,2.1744791666666665,0.9114583333333334
4872,46.73913612262072,47.61610398167927,1.4518229166666667,0.234375,2.669270833333333,2.434895833333333,0.7161458333333333
4873,46.21205185002073,47.38569035067472,2.3567708333333335,0.7031249999999999,4.010416666666666,3.307291666666666,1.0156249999999998
4874,46.339305432316756,47.48412104502924,2.4869791666666665,0.8203125,4.153645833333333,3.333333333333333,0.9375
4875,47.064855661832425,48.03318608438229,1.998697916666667,0.35156249999999994,3.645833333333333,3.294270833333333,0.8333333333333334
4876,47.24530316341769,48.372579181359335,1.15234375,0.1171875,2.1875,2.0703125,0.8203125
4877,46.55641039066591,47.71473860814528,1.0677083333333333,0.234375,1.901041666666667,1.666666666666667,0.7421875000000001
4878,46.6282570409223,47.723101852665465,1.50390625,0.35156249999999994,2.65625,2.3046875,1.1979166666666665
4879,47.71216802229023,48.51632571276258,2.32421875,0.8203125,3.8281250000000004,3.0078125000000004,0.8854166666666669
4880,46.86664048542085,47.79099279069347,1.1393229166666667,0.234375,2.0442708333333335,1.8098958333333335,0.9765625
4881,46.696270498432575,47.714153112869646,1.0221354166666667,0.234375,1.809895833333333,1.575520833333333,0.8854166666666666
4882,46.70262647369644,47.96313992878025,1.6796875,0.35156249999999994,3.0078124999999996,2.6562499999999996,0.7942708333333333
4883,47.63044584923148,48.56331119681298,1.9270833333333335,0.8203125,3.0338541666666665,2.2135416666666665,0.8854166666666666
4884,47.07287180596118,48.04667186749927,0.9895833333333333,0.0,1.9791666666666665,1.9791666666666665,0.7942708333333333
4885,46.98149780767442,47.945132732159266,1.5364583333333335,0.234375,2.838541666666667,2.604166666666667,0.7291666666666666
4886,46.9511648899873,47.94724408283577,1.5299479166666667,0.5859375,2.473958333333333,1.888020833333333,0.6901041666666666
4887,47.71381091666963,48.66365909035511,1.6406250000000004,0.7031249999999999,2.578125,1.875,0.9114583333333334
4888,47.002602867104684,48.01405373232811,2.12890625,0.8203125,3.4375000000000004,2.6171875000000004,0.8854166666666666
4889,47.192852462841856,48.14903831489927,1.7187500000000002,0.5859375,2.8515625000000004,2.2656250000000004,0.7552083333333334
4890,46.862517234069294,47.832354700040554,1.484375,0.1171875,2.8515624999999996,2.7343749999999996,0.8593750000000001
4891,46.92144588159367,48.08784726519079,1.5690104166666667,0.234375,2.9036458333333335,2.6692708333333335,0.8333333333333334
4892,46.599878886863245,47.60963563856203,1.3932291666666665,0.5859375,2.200520833333333,1.614583333333333,0.6640625000000001
4893,47.4744756585548,48.451584991292954,1.4192708333333335,0.46875,2.369791666666667,1.901041666666667,0.9635416666666667
4894,47.00325086174566,47.98729432765651,2.2591145833333335,1.0546875,3.463541666666667,2.408854166666667,0.78125
4895,46.62817757933257,47.67505832901797,2.2265625,0.7031249999999999,3.75,3.046875,0.7682291666666667
4896,46.34981493555086,47.72306033074677,0.6705729166666667,0.0,1.3411458333333335,1.3411458333333335,0.9244791666666666
4897,46.97841441188669,48.06536152921963,1.5625,0.5859375,2.5390625,1.953125,1.0807291666666667
4898,46.61494194262869,47.77074925155014,1.0351562500000002,0.1171875,1.953125,1.8359375,0.9114583333333334
4899,47.05968852386102,48.01322362887206,1.4713541666666667,0.46875,2.4739583333333335,2.0052083333333335,0.6770833333333334
4900,46.87092556385897,47.97108717354473,1.3802083333333333,0.35156249999999994,2.408854166666667,2.057291666666667,0.8463541666666667
4901,46.960858386650635,47.86879042727305,1.5625,0.234375,2.890625,2.65625,1.0026041666666665
4902,46.60505224628725,47.684942650261256,1.7773437500000002,0.5859375,2.96875,2.3828125,0.7942708333333333
4903,46.22823623675353,47.33431526192815,1.0286458333333333,0.234375,1.8229166666666667,1.5885416666666667,0.8854166666666666
4904,47.03719331444244,47.99301158014915,1.6471354166666667,0.35156249999999994,2.942708333333333,2.591145833333333,0.8593749999999999
4905,46.30989100552894,47.430570111683636,1.5690104166666667,0.234375,2.9036458333333335,2.6692708333333335,0.8593750000000001
4906,47.11349412888577,48.06843410689705,1.3802083333333333,0.234375,2.5260416666666665,2.2916666666666665,1.0416666666666665
4907,47.07035662296808,48.074489612820734,1.171875,0.234375,2.109375,1.875,0.8854166666666666
4908,46.77549636025838,47.78183217887924,1.8229166666666665,0.35156249999999994,3.2942708333333335,2.9427083333333335,0.8072916666666665
4909,46.842203983882854,47.82345194841095,1.1458333333333335,0.234375,2.0572916666666665,1.8229166666666665,0.9244791666666669
4910,47.32620469048111,48.31280901305034,1.3151041666666667,0.234375,2.395833333333333,2.161458333333333,0.8593750000000001
4911,46.66326228835431,47.69340769830963,2.9231770833333335,0.8203124999999999,5.026041666666667,4.205729166666667,1.0416666666666667
4912,46.988216613449026,48.063634578947834,1.0872395833333333,0.234375,1.9401041666666667,1.7057291666666667,0.8593750000000001
4913,47.10620225451977,47.88134254654355,1.4973958333333333,0.234375,2.7604166666666665,2.5260416666666665,0.6770833333333334
4914,46.5558890325395,47.68589520682095,1.5299479166666665,0.1171875,2.9427083333333335,2.8255208333333335,0.8854166666666666
4915,47.16460230315017,48.09537193570797,1.608072916666667,0.234375,2.981770833333333,2.747395833333333,0.9375
4916,46.33561781096392,47.61101495759686,1.1067708333333333,0.234375,1.9791666666666665,1.7447916666666665,0.7682291666666667
4917,47.1029165565241,48.22014736477312,1.4518229166666667,0.234375,2.669270833333333,2.434895833333333,1.0546875
4918,46.65274353113084,47.956012613357515,0.625,0.1171875,1.1328125,1.015625,0.78125
4919,46.719455460812725,47.85230284354966,1.5299479166666665,0.46875,2.591145833333333,2.122395833333333,0.8984374999999999
4920,47.07035662296808,48.11259064712109,1.15234375,0.0,2.3046875,2.3046875,0.8593750000000001
4921,46.68918501488258,47.8639267416377,0.9375000000000001,0.35156249999999994,1.5234375000000002,1.1718750000000002,0.8984374999999999
4922,47.68589520682095,48.78140136056198,1.1783854166666667,0.234375,2.1223958333333335,1.8880208333333335,0.9244791666666666
4923,46.77563731172938,47.98059674209586,1.50390625,0.5859375,2.421875,1.8359375,0.8072916666666667
4924,47.09038448289654,48.092051235087126,2.67578125,1.171875,4.1796875,3.0078125,0.7552083333333334
4925,46.95570796796401,47.82345194841095,1.54296875,0.35156249999999994,2.734375,2.3828125,0.8723958333333334
4926,46.95712934426713,47.99469313770513,1.6992187499999998,0.5859375,2.8125,2.2265625,0.9765625
4927,46.95181715038937,47.84915829824064,1.2955729166666665,0.234375,2.3567708333333335,2.1223958333333335,0.8203124999999999
4928,46.72824325000549,47.81336094211233,0.9635416666666667,0.0,1.9270833333333335,1.9270833333333335,0.9765625
4929,46.72824325000549,47.80567598897264,1.0416666666666667,0.234375,1.848958333333333,1.614583333333333,0.8593750000000001
4930,46.988190192076864,48.08847313914127,0.8593750000000001,0.234375,1.484375,1.25,1.0677083333333333
4931,47.219433666919265,48.24726644304605,2.7734375,1.0546875,4.4921875,3.4375,0.9635416666666667
4932,46.70072506242886,47.7139858918299,0.8333333333333334,0.0,1.6666666666666667,1.6666666666666667,0.9114583333333333
4933,46.753464855828135,47.80133076108848,1.666666666666667,0.35156249999999994,2.9817708333333335,2.6302083333333335,0.9505208333333333
4934,46.918199074648825,47.816163608579664,1.73828125,0.35156249999999994,3.125,2.7734375,0.8854166666666666
4935,46.553975006890816,47.872552137998795,1.1002604166666665,0.234375,1.9661458333333333,1.7317708333333333,1.0677083333333333
4936,46.97841441188669,47.89760200541728,0.625,0.0,1.25,1.25,0.78125
4937,46.55726222194384,47.63071172041362,1.6666666666666667,0.35156249999999994,2.981770833333333,2.630208333333333,0.8854166666666666
4938,47.49583546557713,48.38946004071014,1.5755208333333333,0.35156249999999994,2.7994791666666665,2.4479166666666665,0.9375
4939,46.39131191573437,47.50826950260407,0.7682291666666665,0.0,1.536458333333333,1.536458333333333,0.8333333333333334
4940,46.924115284764525,47.98925712536412,2.194010416666667,0.8203124999999999,3.567708333333333,2.747395833333333,0.8072916666666665
4941,46.69924574826626,47.77100213115944,2.7278645833333335,1.0546875,4.401041666666667,3.346354166666667,0.8723958333333334
4942,47.08203753356685,48.07492005939421,1.5299479166666665,0.0,3.059895833333333,3.059895833333333,0.9375000000000001
4943,47.193989491171386,48.34700846870917,0.8072916666666665,0.1171875,1.4973958333333333,1.3802083333333333,0.9244791666666666
4944,46.97841441188669,48.05204803704836,1.8489583333333333,0.46875,3.229166666666666,2.760416666666666,0.8463541666666666
4945,47.52405345502292,48.24695628700033,1.5950520833333333,0.234375,2.9557291666666665,2.7213541666666665,0.8463541666666667
4946,47.102713271524784,48.214636961764676,1.6015624999999998,0.46875,2.734375,2.265625,0.8463541666666666
4947,46.773994290228124,47.92204637533094,1.25,0.35156249999999994,2.1484375,1.796875,0.9635416666666667
4948,46.58496723877676,47.590851365524664,1.7447916666666667,0.1171875,3.372395833333333,3.255208333333333,0.8984374999999999
4949,47.03232917260346,47.956287784514075,1.3151041666666667,0.46875,2.1614583333333335,1.6927083333333335,0.7421875
4950,46.988243034821195,48.17455015066141,0.5533854166666666,0.0,1.1067708333333333,1.1067708333333333,0.9765625
4951,46.89679282943031,47.909475774259896,0.9440104166666667,0.234375,1.6536458333333333,1.4192708333333333,0.8333333333333334
4952,46.764542875864464,47.90129436147837,1.2174479166666665,0.234375,2.200520833333333,1.966145833333333,0.8463541666666667
4953,47.043483840450214,48.06469154532936,1.8424479166666667,0.35156249999999994,3.3333333333333326,2.9817708333333326,0.9765625
4954,47.1029165565241,48.37265283873553,1.0872395833333333,0.234375,1.9401041666666667,1.7057291666666667,0.8984374999999999
4955,46.6288029104252,47.665005857545964,2.337239583333334,0.9375,3.7369791666666665,2.7994791666666665,0.9375
4956,47.09661909519342,47.94319634974846,1.6992187499999998,0.35156249999999994,3.046875,2.6953125,0.9375000000000001
4957,47.03232917260346,48.17516658576333,0.72265625,0.0,1.4453125,1.4453125,1.0546875
4958,46.9220668799135,48.14544656988353,1.3541666666666667,0.46875,2.2395833333333335,1.7708333333333335,1.223958333333333
4959,46.97841441188669,48.04282019287088,1.4518229166666667,0.1171875,2.786458333333333,2.669270833333333,0.8723958333333334
4960,47.59027179142422,48.65843459037646,1.2955729166666665,0.0,2.591145833333333,2.591145833333333,0.9375
4961,46.64900881728345,47.690899090100366,0.9375000000000001,0.234375,1.640625,1.40625,0.8723958333333334
4962,47.07453125318386,48.1072338484615,1.7057291666666665,0.35156249999999994,3.059895833333333,2.708333333333333,0.7552083333333334
4963,47.16460230315017,48.46860897488428,1.5690104166666667,0.46875,2.669270833333333,2.200520833333333,1.0286458333333333
4964,46.764542875864464,48.02536756679695,1.1328125000000002,0.5859375,1.6796875,1.09375,0.8593750000000001
4965,46.804793791383894,48.00044591024463,1.15234375,0.1171875,2.1875,2.0703125,0.8463541666666667
4966,46.99108363950019,47.98753553742454,1.0677083333333333,0.234375,1.901041666666667,1.666666666666667,0.9375000000000001
4967,47.16971306044993,48.236692037908355,0.9895833333333333,0.1171875,1.8619791666666667,1.7447916666666667,0.9765625
4968,47.32068137798343,48.13647470551259,1.66015625,0.46875,2.8515625000000004,2.3828125000000004,0.8854166666666666
4969,46.49306625007284,47.52717960278005,1.8880208333333333,0.8203124999999999,2.9557291666666665,2.1354166666666665,0.6380208333333334
4970,46.19538317444067,47.37619842487215,1.6861979166666665,0.1171875,3.2552083333333335,3.1380208333333335,0.8072916666666665
4971,46.79014509720622,47.932135110179644,1.2369791666666665,0.35156249999999994,2.122395833333333,1.770833333333333,0.8333333333333334
4972,46.73377868593724,47.932135110179644,0.33203125,0.0,0.6640625,0.6640625,1.0546875
4973,46.720033567028864,47.73094521683679,0.7096354166666666,0.1171875,1.3020833333333335,1.1848958333333335,0.8333333333333335
4974,47.60417209733331,48.6864449946964,0.8919270833333333,0.1171875,1.6666666666666663,1.5494791666666663,0.8723958333333334
4975,46.308699287400884,47.24007447976124,1.1783854166666667,0.234375,2.1223958333333335,1.8880208333333335,0.8333333333333334
4976,46.9511648899873,47.903444283204664,1.3216145833333333,0.5859375,2.0572916666666665,1.4713541666666665,0.7682291666666667
4977,46.77001961806142,47.670748871951865,1.4973958333333333,0.7031249999999999,2.291666666666667,1.588541666666667,0.9505208333333335
4978,46.62606673450362,47.63044584923148,1.0611979166666667,0.0,2.1223958333333335,2.1223958333333335,0.9244791666666666
4979,46.86788831341094,48.107266878046026,1.315104166666667,0.35156249999999994,2.2786458333333335,1.9270833333333335,0.7682291666666666
4980,46.39795507556103,47.63057358745189,2.239583333333334,0.8203124999999999,3.658854166666667,2.838541666666667,0.8203125
4981,46.988243034821195,48.053863439021434,1.85546875,0.5859375,3.125,2.5390625,0.8854166666666666
4982,46.17040159503969,47.284334232016704,1.4778645833333335,0.234375,2.7213541666666665,2.4869791666666665,0.5729166666666667
4983,46.87041409080987,47.896072537030534,1.223958333333333,0.35156249999999994,2.096354166666667,1.744791666666667,0.8593750000000001
4984,46.76364477267873,47.87247416670314,0.9895833333333335,0.1171875,1.8619791666666667,1.7447916666666667,0.9244791666666665
4985,48.053863439021434,49.1163034252845,0.48177083333333337,0.0,0.9635416666666667,0.9635416666666667,1.1197916666666665
4986,46.914508396486895,47.97794473869342,1.9921874999999998,0.7031249999999999,3.28125,2.578125,0.8984374999999999
4987,46.78752416305616,47.794880472960685,2.0247395833333335,0.703125,3.3463541666666665,2.6432291666666665,0.8463541666666667
4988,46.95307403507517,48.05204803704836,1.9661458333333333,0.234375,3.6979166666666665,3.4635416666666665,0.78125
4989,46.47952559883095,47.63044584923148,1.0872395833333333,0.234375,1.9401041666666667,1.7057291666666667,0.78125
4990,46.78872121920611,47.85934050529652,1.15234375,0.1171875,2.1875,2.0703125,0.9765625
4991,46.70964261766047,47.66069224897258,1.9140625000000002,0.35156249999999994,3.4765625,3.125,0.8203125
4992,46.58861500170503,47.947199437739016,0.6119791666666666,0.0,1.2239583333333333,1.2239583333333333,0.8854166666666666
4993,46.98661981908099,48.011347267807196,1.4127604166666667,0.1171875,2.7083333333333335,2.5911458333333335,1.0286458333333333
4994,46.99392424417918,47.87724391022303,1.3411458333333335,0.5859375,2.096354166666667,1.510416666666667,0.8203125
4995,47.55009149686461,48.47991145689641,1.0286458333333333,0.0,2.0572916666666665,2.0572916666666665,1.0416666666666667
4996,46.9382620058247,47.92140187747209,2.3502604166666665,1.171875,3.5286458333333335,2.3567708333333335,0.9244791666666665
4997,46.76364477267873,47.70127351688196,2.8515625000000004,1.0546875,4.6484375,3.59375,0.7942708333333333
4998,46.78042775152327,47.87222053849617,1.1979166666666665,0.1171875,2.2786458333333335,2.1614583333333335,0.8593750000000001
4999,46.90378613905424,47.8814617449898,1.6796875000000002,0.5859375,2.7734375,2.1875,0.7291666666666667
5000,46.91115971941296,47.93101377302313,1.4453125,0.46875,2.421875,1.953125,1.015625
