time_min,area_weighted_inlet_K,radial_min_K_inlet,radial_max_K_inlet,area_weighted_outlet_K,radial_min_K_outlet,radial_max_K_outlet,digitisation_temperature_uncertainty_K,source_doi,dataset_doi,digitisation_note
0.0,512.9348404255319,351.72340425531917,698.531914893617,300.03031437125753,296.45309381237524,300.94411177644713,5.0,10.1016/j.dib.2025.111743,10.17632/3pp86gdvh4.2,"Area-weighted centerline/radial mean reconstructed from published Fig. 3 and Fig. 4; use as an independent figure-level benchmark, not a substitute for the raw repository data."
1.0,533.5693151595746,364.22340425531917,698.531914893617,299.93066991017963,296.45309381237524,300.6946107784431,5.0,10.1016/j.dib.2025.111743,10.17632/3pp86gdvh4.2,"Area-weighted centerline/radial mean reconstructed from published Fig. 3 and Fig. 4; use as an independent figure-level benchmark, not a substitute for the raw repository data."
2.0,554.2037898936171,376.72340425531917,698.531914893617,300.03031437125753,296.45309381237524,300.94411177644713,5.0,10.1016/j.dib.2025.111743,10.17632/3pp86gdvh4.2,"Area-weighted centerline/radial mean reconstructed from published Fig. 3 and Fig. 4; use as an independent figure-level benchmark, not a substitute for the raw repository data."
3.0,590.0428856382979,403.8510638297872,706.5106382978723,300.42889221556885,296.45309381237524,301.94211576846305,5.0,10.1016/j.dib.2025.111743,10.17632/3pp86gdvh4.2,"Area-weighted centerline/radial mean reconstructed from published Fig. 3 and Fig. 4; use as an independent figure-level benchmark, not a substitute for the raw repository data."
4.0,608.1778590425532,424.063829787234,712.8936170212767,301.84668163672654,296.45309381237524,302.94011976047904,5.0,10.1016/j.dib.2025.111743,10.17632/3pp86gdvh4.2,"Area-weighted centerline/radial mean reconstructed from published Fig. 3 and Fig. 4; use as an independent figure-level benchmark, not a substitute for the raw repository data."
5.0,618.5432180851064,441.0851063829787,714.4893617021277,309.7455713572854,296.45309381237524,317.41117764471056,5.0,10.1016/j.dib.2025.111743,10.17632/3pp86gdvh4.2,"Area-weighted centerline/radial mean reconstructed from published Fig. 3 and Fig. 4; use as an independent figure-level benchmark, not a substitute for the raw repository data."
6.0,622.625664893617,450.6595744680851,715.5531914893617,323.1347305389221,308.92814371257487,332.88023952095807,5.0,10.1016/j.dib.2025.111743,10.17632/3pp86gdvh4.2,"Area-weighted centerline/radial mean reconstructed from published Fig. 3 and Fig. 4; use as an independent figure-level benchmark, not a substitute for the raw repository data."
7.0,626.4933510638298,462.36170212765956,715.5531914893617,341.0320608782435,317.9101796407186,365.31536926147703,5.0,10.1016/j.dib.2025.111743,10.17632/3pp86gdvh4.2,"Area-weighted centerline/radial mean reconstructed from published Fig. 3 and Fig. 4; use as an independent figure-level benchmark, not a substitute for the raw repository data."
8.0,630.6735372340426,471.93617021276594,715.5531914893617,363.21020459081836,330.88423153692617,387.7704590818363,5.0,10.1016/j.dib.2025.111743,10.17632/3pp86gdvh4.2,"Area-weighted centerline/radial mean reconstructed from published Fig. 3 and Fig. 4; use as an independent figure-level benchmark, not a substitute for the raw repository data."
9.0,634.8397606382979,480.44680851063833,717.6808510638298,392.35316866267465,351.8423153692615,426.69261477045904,5.0,10.1016/j.dib.2025.111743,10.17632/3pp86gdvh4.2,"Area-weighted centerline/radial mean reconstructed from published Fig. 3 and Fig. 4; use as an independent figure-level benchmark, not a substitute for the raw repository data."
10.0,638.5033244680851,487.89361702127655,718.7446808510638,427.6999750499002,374.7964071856287,469.6067864271457,5.0,10.1016/j.dib.2025.111743,10.17632/3pp86gdvh4.2,"Area-weighted centerline/radial mean reconstructed from published Fig. 3 and Fig. 4; use as an independent figure-level benchmark, not a substitute for the raw repository data."
11.0,641.8434175531916,494.27659574468083,720.3404255319149,458.5233283433133,392.76047904191614,511.52295409181636,5.0,10.1016/j.dib.2025.111743,10.17632/3pp86gdvh4.2,"Area-weighted centerline/radial mean reconstructed from published Fig. 3 and Fig. 4; use as an independent figure-level benchmark, not a substitute for the raw repository data."
12.0,644.282579787234,499.59574468085106,721.936170212766,496.2622255489022,407.7305389221557,587.3712574850299,5.0,10.1016/j.dib.2025.111743,10.17632/3pp86gdvh4.2,"Area-weighted centerline/radial mean reconstructed from published Fig. 3 and Fig. 4; use as an independent figure-level benchmark, not a substitute for the raw repository data."
13.0,646.9208776595744,504.9148936170213,723.0,520.8299650698602,426.69261477045904,606.3333333333333,5.0,10.1016/j.dib.2025.111743,10.17632/3pp86gdvh4.2,"Area-weighted centerline/radial mean reconstructed from published Fig. 3 and Fig. 4; use as an independent figure-level benchmark, not a substitute for the raw repository data."
14.0,649.327460106383,510.23404255319144,723.531914893617,548.6524451097804,452.6407185628742,624.7964071856287,5.0,10.1016/j.dib.2025.111743,10.17632/3pp86gdvh4.2,"Area-weighted centerline/radial mean reconstructed from published Fig. 3 and Fig. 4; use as an independent figure-level benchmark, not a substitute for the raw repository data."
15.0,651.5186170212767,515.5531914893617,724.063829787234,562.6840693612775,466.61277445109783,642.2614770459081,5.0,10.1016/j.dib.2025.111743,10.17632/3pp86gdvh4.2,"Area-weighted centerline/radial mean reconstructed from published Fig. 3 and Fig. 4; use as an independent figure-level benchmark, not a substitute for the raw repository data."
16.0,653.171210106383,519.2765957446809,725.127659574468,573.560129740519,479.5868263473054,651.7425149700598,5.0,10.1016/j.dib.2025.111743,10.17632/3pp86gdvh4.2,"Area-weighted centerline/radial mean reconstructed from published Fig. 3 and Fig. 4; use as an independent figure-level benchmark, not a substitute for the raw repository data."
17.0,654.7283909574468,521.936170212766,725.6595744680851,582.2065868263472,489.56686626746506,658.2295409181636,5.0,10.1016/j.dib.2025.111743,10.17632/3pp86gdvh4.2,"Area-weighted centerline/radial mean reconstructed from published Fig. 3 and Fig. 4; use as an independent figure-level benchmark, not a substitute for the raw repository data."
18.0,655.8942819148936,525.1276595744681,726.1914893617021,587.7823103792415,498.04990019960076,662.7205588822355,5.0,10.1016/j.dib.2025.111743,10.17632/3pp86gdvh4.2,"Area-weighted centerline/radial mean reconstructed from published Fig. 3 and Fig. 4; use as an independent figure-level benchmark, not a substitute for the raw repository data."
19.0,657.8307845744681,529.3829787234042,726.7234042553191,594.1763972055887,507.5309381237525,666.2135728542914,5.0,10.1016/j.dib.2025.111743,10.17632/3pp86gdvh4.2,"Area-weighted centerline/radial mean reconstructed from published Fig. 3 and Fig. 4; use as an independent figure-level benchmark, not a substitute for the raw repository data."
20.0,659.1665558510638,533.1063829787233,727.2553191489362,598.8529815369261,516.0139720558882,669.2075848303393,5.0,10.1016/j.dib.2025.111743,10.17632/3pp86gdvh4.2,"Area-weighted centerline/radial mean reconstructed from published Fig. 3 and Fig. 4; use as an independent figure-level benchmark, not a substitute for the raw repository data."
21.0,660.9331781914893,536.8297872340426,727.7872340425531,602.4866516966067,523.499001996008,670.7045908183633,5.0,10.1016/j.dib.2025.111743,10.17632/3pp86gdvh4.2,"Area-weighted centerline/radial mean reconstructed from published Fig. 3 and Fig. 4; use as an independent figure-level benchmark, not a substitute for the raw repository data."
22.0,662.8696808510639,541.0851063829787,728.3191489361702,605.3908433133731,526.4930139720559,672.7005988023952,5.0,10.1016/j.dib.2025.111743,10.17632/3pp86gdvh4.2,"Area-weighted centerline/radial mean reconstructed from published Fig. 3 and Fig. 4; use as an independent figure-level benchmark, not a substitute for the raw repository data."
23.0,664.3128324468084,543.7446808510638,729.3829787234042,609.1910553892214,532.4810379241517,674.1976047904191,5.0,10.1016/j.dib.2025.111743,10.17632/3pp86gdvh4.2,"Area-weighted centerline/radial mean reconstructed from published Fig. 3 and Fig. 4; use as an independent figure-level benchmark, not a substitute for the raw repository data."
24.0,665.5927526595744,546.936170212766,729.3829787234042,612.2374625748503,537.9700598802394,675.1956087824351,5.0,10.1016/j.dib.2025.111743,10.17632/3pp86gdvh4.2,"Area-weighted centerline/radial mean reconstructed from published Fig. 3 and Fig. 4; use as an independent figure-level benchmark, not a substitute for the raw repository data."
25.0,667.0754654255319,550.127659574468,730.4468085106382,615.0502744510977,542.4610778443114,675.1956087824351,5.0,10.1016/j.dib.2025.111743,10.17632/3pp86gdvh4.2,"Area-weighted centerline/radial mean reconstructed from published Fig. 3 and Fig. 4; use as an independent figure-level benchmark, not a substitute for the raw repository data."
26.0,668.6559175531916,553.3191489361702,730.4468085106382,616.5800274451097,545.9540918163673,676.692614770459,5.0,10.1016/j.dib.2025.111743,10.17632/3pp86gdvh4.2,"Area-weighted centerline/radial mean reconstructed from published Fig. 3 and Fig. 4; use as an independent figure-level benchmark, not a substitute for the raw repository data."
27.0,669.8218085106383,556.5106382978723,730.9787234042553,617.5764720558882,548.4491017964071,676.692614770459,5.0,10.1016/j.dib.2025.111743,10.17632/3pp86gdvh4.2,"Area-weighted centerline/radial mean reconstructed from published Fig. 3 and Fig. 4; use as an independent figure-level benchmark, not a substitute for the raw repository data."
28.0,670.6083776595744,558.1063829787233,731.5106382978723,619.5603168662675,552.4411177644711,678.189620758483,5.0,10.1016/j.dib.2025.111743,10.17632/3pp86gdvh4.2,"Area-weighted centerline/radial mean reconstructed from published Fig. 3 and Fig. 4; use as an independent figure-level benchmark, not a substitute for the raw repository data."
29.0,671.6439494680851,561.2978723404256,732.0425531914893,621.7213073852295,554.4371257485029,679.187624750499,5.0,10.1016/j.dib.2025.111743,10.17632/3pp86gdvh4.2,"Area-weighted centerline/radial mean reconstructed from published Fig. 3 and Fig. 4; use as an independent figure-level benchmark, not a substitute for the raw repository data."
30.0,672.9242021276596,563.9574468085107,732.0425531914893,623.8252245508982,558.4291417165668,679.187624750499,5.0,10.1016/j.dib.2025.111743,10.17632/3pp86gdvh4.2,"Area-weighted centerline/radial mean reconstructed from published Fig. 3 and Fig. 4; use as an independent figure-level benchmark, not a substitute for the raw repository data."
31.0,673.8806515957447,566.0851063829787,732.5744680851064,625.065868263473,561.4231536926147,679.686626746507,5.0,10.1016/j.dib.2025.111743,10.17632/3pp86gdvh4.2,"Area-weighted centerline/radial mean reconstructed from published Fig. 3 and Fig. 4; use as an independent figure-level benchmark, not a substitute for the raw repository data."
32.0,675.3015292553191,569.8085106382979,733.1063829787233,627.2162549900199,563.9181636726546,681.1836327345309,5.0,10.1016/j.dib.2025.111743,10.17632/3pp86gdvh4.2,"Area-weighted centerline/radial mean reconstructed from published Fig. 3 and Fig. 4; use as an independent figure-level benchmark, not a substitute for the raw repository data."
33.0,676.1964760638298,571.936170212766,733.1063829787233,628.8660803393213,567.4111776447105,681.1836327345309,5.0,10.1016/j.dib.2025.111743,10.17632/3pp86gdvh4.2,"Area-weighted centerline/radial mean reconstructed from published Fig. 3 and Fig. 4; use as an independent figure-level benchmark, not a substitute for the raw repository data."
34.0,677.6233377659574,574.5957446808511,733.6382978723404,630.162238023952,569.9061876247505,681.6826347305389,5.0,10.1016/j.dib.2025.111743,10.17632/3pp86gdvh4.2,"Area-weighted centerline/radial mean reconstructed from published Fig. 3 and Fig. 4; use as an independent figure-level benchmark, not a substitute for the raw repository data."
35.0,678.6030585106382,577.2553191489362,733.6382978723404,631.6021706586826,573.3992015968064,682.1816367265469,5.0,10.1016/j.dib.2025.111743,10.17632/3pp86gdvh4.2,"Area-weighted centerline/radial mean reconstructed from published Fig. 3 and Fig. 4; use as an independent figure-level benchmark, not a substitute for the raw repository data."
36.0,679.7297207446808,579.3829787234042,734.1702127659574,633.9069361277444,576.3932135728543,683.1796407185628,5.0,10.1016/j.dib.2025.111743,10.17632/3pp86gdvh4.2,"Area-weighted centerline/radial mean reconstructed from published Fig. 3 and Fig. 4; use as an independent figure-level benchmark, not a substitute for the raw repository data."
37.0,680.686170212766,581.5106382978723,734.7021276595744,634.7939121756488,578.3892215568862,684.1776447105788,5.0,10.1016/j.dib.2025.111743,10.17632/3pp86gdvh4.2,"Area-weighted centerline/radial mean reconstructed from published Fig. 3 and Fig. 4; use as an independent figure-level benchmark, not a substitute for the raw repository data."
38.0,681.9208776595744,584.7021276595744,734.7021276595744,636.1904940119759,580.3852295409181,685.1756487025948,5.0,10.1016/j.dib.2025.111743,10.17632/3pp86gdvh4.2,"Area-weighted centerline/radial mean reconstructed from published Fig. 3 and Fig. 4; use as an independent figure-level benchmark, not a substitute for the raw repository data."
39.0,682.6389627659574,585.7659574468084,735.7659574468084,637.497255489022,582.3812375249502,685.1756487025948,5.0,10.1016/j.dib.2025.111743,10.17632/3pp86gdvh4.2,"Area-weighted centerline/radial mean reconstructed from published Fig. 3 and Fig. 4; use as an independent figure-level benchmark, not a substitute for the raw repository data."
40.0,683.4488031914893,587.8936170212767,735.7659574468084,638.3393213572854,584.377245508982,685.6746506986028,5.0,10.1016/j.dib.2025.111743,10.17632/3pp86gdvh4.2,"Area-weighted centerline/radial mean reconstructed from published Fig. 3 and Fig. 4; use as an independent figure-level benchmark, not a substitute for the raw repository data."
41.0,684.500664893617,591.0851063829787,736.8297872340426,640.9316367265469,589.3672654690619,686.6726546906187,5.0,10.1016/j.dib.2025.111743,10.17632/3pp86gdvh4.2,"Area-weighted centerline/radial mean reconstructed from published Fig. 3 and Fig. 4; use as an independent figure-level benchmark, not a substitute for the raw repository data."
42.0,685.6110372340426,593.2127659574468,736.8297872340426,642.1722804391218,592.3612774451097,687.1716566866266,5.0,10.1016/j.dib.2025.111743,10.17632/3pp86gdvh4.2,"Area-weighted centerline/radial mean reconstructed from published Fig. 3 and Fig. 4; use as an independent figure-level benchmark, not a substitute for the raw repository data."
43.0,686.4208776595744,595.3404255319149,736.8297872340426,643.4790419161676,594.3572854291417,687.1716566866266,5.0,10.1016/j.dib.2025.111743,10.17632/3pp86gdvh4.2,"Area-weighted centerline/radial mean reconstructed from published Fig. 3 and Fig. 4; use as an independent figure-level benchmark, not a substitute for the raw repository data."
44.0,687.6778590425533,597.468085106383,737.3617021276596,645.0406062874251,596.3532934131736,687.1716566866266,5.0,10.1016/j.dib.2025.111743,10.17632/3pp86gdvh4.2,"Area-weighted centerline/radial mean reconstructed from published Fig. 3 and Fig. 4; use as an independent figure-level benchmark, not a substitute for the raw repository data."
45.0,688.3341090425532,599.063829787234,737.8936170212767,645.9275823353294,598.3493013972056,688.1696606786427,5.0,10.1016/j.dib.2025.111743,10.17632/3pp86gdvh4.2,"Area-weighted centerline/radial mean reconstructed from published Fig. 3 and Fig. 4; use as an independent figure-level benchmark, not a substitute for the raw repository data."
46.0,689.1439494680851,601.1914893617021,737.8936170212767,646.6258732534931,599.3473053892216,688.6686626746507,5.0,10.1016/j.dib.2025.111743,10.17632/3pp86gdvh4.2,"Area-weighted centerline/radial mean reconstructed from published Fig. 3 and Fig. 4; use as an independent figure-level benchmark, not a substitute for the raw repository data."
47.0,690.1170212765957,602.7872340425531,738.9574468085107,647.722742015968,601.3433133732535,689.1676646706587,5.0,10.1016/j.dib.2025.111743,10.17632/3pp86gdvh4.2,"Area-weighted centerline/radial mean reconstructed from published Fig. 3 and Fig. 4; use as an independent figure-level benchmark, not a substitute for the raw repository data."
48.0,691.0967420212767,605.4468085106382,738.9574468085107,648.8857285429141,602.3413173652694,689.1676646706587,5.0,10.1016/j.dib.2025.111743,10.17632/3pp86gdvh4.2,"Area-weighted centerline/radial mean reconstructed from published Fig. 3 and Fig. 4; use as an independent figure-level benchmark, not a substitute for the raw repository data."
49.0,691.6226728723404,607.0425531914893,739.4893617021277,649.3398203592814,602.8403193612774,689.1676646706587,5.0,10.1016/j.dib.2025.111743,10.17632/3pp86gdvh4.2,"Area-weighted centerline/radial mean reconstructed from published Fig. 3 and Fig. 4; use as an independent figure-level benchmark, not a substitute for the raw repository data."
50.0,692.749335106383,609.1702127659574,740.0212765957447,650.2823103792415,604.3373253493014,690.1656686626746,5.0,10.1016/j.dib.2025.111743,10.17632/3pp86gdvh4.2,"Area-weighted centerline/radial mean reconstructed from published Fig. 3 and Fig. 4; use as an independent figure-level benchmark, not a substitute for the raw repository data."
51.0,693.219414893617,610.2340425531916,740.0212765957447,651.8226671656687,607.3313373253493,691.1636726546906,5.0,10.1016/j.dib.2025.111743,10.17632/3pp86gdvh4.2,"Area-weighted centerline/radial mean reconstructed from published Fig. 3 and Fig. 4; use as an independent figure-level benchmark, not a substitute for the raw repository data."
52.0,694.4926861702128,612.3617021276596,741.0851063829787,653.0305638722555,608.3293413173653,691.6626746506986,5.0,10.1016/j.dib.2025.111743,10.17632/3pp86gdvh4.2,"Area-weighted centerline/radial mean reconstructed from published Fig. 3 and Fig. 4; use as an independent figure-level benchmark, not a substitute for the raw repository data."
53.0,695.0023271276596,613.9574468085107,741.0851063829787,653.2747629740518,608.8283433133732,692.1616766467066,5.0,10.1016/j.dib.2025.111743,10.17632/3pp86gdvh4.2,"Area-weighted centerline/radial mean reconstructed from published Fig. 3 and Fig. 4; use as an independent figure-level benchmark, not a substitute for the raw repository data."
54.0,695.6422872340426,615.5531914893618,741.0851063829787,654.4720558882235,610.3253493013972,693.1596806387225,5.0,10.1016/j.dib.2025.111743,10.17632/3pp86gdvh4.2,"Area-weighted centerline/radial mean reconstructed from published Fig. 3 and Fig. 4; use as an independent figure-level benchmark, not a substitute for the raw repository data."
55.0,696.4521276595744,617.6808510638298,741.0851063829787,655.2692115768463,612.3213572854291,693.1596806387225,5.0,10.1016/j.dib.2025.111743,10.17632/3pp86gdvh4.2,"Area-weighted centerline/radial mean reconstructed from published Fig. 3 and Fig. 4; use as an independent figure-level benchmark, not a substitute for the raw repository data."
56.0,696.9617686170213,619.2765957446809,741.0851063829787,655.9225923153692,613.3193612774451,693.1596806387225,5.0,10.1016/j.dib.2025.111743,10.17632/3pp86gdvh4.2,"Area-weighted centerline/radial mean reconstructed from published Fig. 3 and Fig. 4; use as an independent figure-level benchmark, not a substitute for the raw repository data."
57.0,697.471409574468,620.8723404255319,741.0851063829787,656.7646581836327,615.315369261477,693.6586826347304,5.0,10.1016/j.dib.2025.111743,10.17632/3pp86gdvh4.2,"Area-weighted centerline/radial mean reconstructed from published Fig. 3 and Fig. 4; use as an independent figure-level benchmark, not a substitute for the raw repository data."
58.0,697.9810505319149,622.468085106383,741.0851063829787,657.1632360279441,616.313373253493,693.6586826347304,5.0,10.1016/j.dib.2025.111743,10.17632/3pp86gdvh4.2,"Area-weighted centerline/radial mean reconstructed from published Fig. 3 and Fig. 4; use as an independent figure-level benchmark, not a substitute for the raw repository data."
59.0,698.4906914893617,624.063829787234,741.0851063829787,657.8615269461077,617.311377245509,694.1576846307385,5.0,10.1016/j.dib.2025.111743,10.17632/3pp86gdvh4.2,"Area-weighted centerline/radial mean reconstructed from published Fig. 3 and Fig. 4; use as an independent figure-level benchmark, not a substitute for the raw repository data."
60.0,699.4637632978724,625.6595744680851,742.1489361702128,658.2601047904191,618.3093812375249,694.1576846307385,5.0,10.1016/j.dib.2025.111743,10.17632/3pp86gdvh4.2,"Area-weighted centerline/radial mean reconstructed from published Fig. 3 and Fig. 4; use as an independent figure-level benchmark, not a substitute for the raw repository data."
61.0,700.1492686170213,626.7234042553191,742.1489361702128,659.258108782435,619.3073852295408,695.1556886227545,5.0,10.1016/j.dib.2025.111743,10.17632/3pp86gdvh4.2,"Area-weighted centerline/radial mean reconstructed from published Fig. 3 and Fig. 4; use as an independent figure-level benchmark, not a substitute for the raw repository data."
62.0,700.704454787234,627.7872340425531,742.1489361702128,659.7015968063872,620.3053892215569,695.6546906187625,5.0,10.1016/j.dib.2025.111743,10.17632/3pp86gdvh4.2,"Area-weighted centerline/radial mean reconstructed from published Fig. 3 and Fig. 4; use as an independent figure-level benchmark, not a substitute for the raw repository data."
63.0,701.360704787234,629.3829787234042,742.6808510638298,660.3998877245509,621.3033932135729,696.1536926147704,5.0,10.1016/j.dib.2025.111743,10.17632/3pp86gdvh4.2,"Area-weighted centerline/radial mean reconstructed from published Fig. 3 and Fig. 4; use as an independent figure-level benchmark, not a substitute for the raw repository data."
64.0,701.8703457446809,630.9787234042553,742.6808510638298,661.0532684630738,622.3013972055887,696.1536926147704,5.0,10.1016/j.dib.2025.111743,10.17632/3pp86gdvh4.2,"Area-weighted centerline/radial mean reconstructed from published Fig. 3 and Fig. 4; use as an independent figure-level benchmark, not a substitute for the raw repository data."
65.0,702.5558510638298,632.0425531914893,742.6808510638298,662.4049401197605,624.2974051896208,696.6526946107784,5.0,10.1016/j.dib.2025.111743,10.17632/3pp86gdvh4.2,"Area-weighted centerline/radial mean reconstructed from published Fig. 3 and Fig. 4; use as an independent figure-level benchmark, not a substitute for the raw repository data."
66.0,703.0817819148936,633.6382978723404,743.2127659574468,662.6042290419161,624.7964071856287,696.6526946107784,5.0,10.1016/j.dib.2025.111743,10.17632/3pp86gdvh4.2,"Area-weighted centerline/radial mean reconstructed from published Fig. 3 and Fig. 4; use as an independent figure-level benchmark, not a substitute for the raw repository data."
67.0,703.9767287234042,635.7659574468084,743.2127659574468,663.5018088822354,626.2934131736527,697.1516966067863,5.0,10.1016/j.dib.2025.111743,10.17632/3pp86gdvh4.2,"Area-weighted centerline/radial mean reconstructed from published Fig. 3 and Fig. 4; use as an independent figure-level benchmark, not a substitute for the raw repository data."
68.0,704.2769281914893,636.2978723404256,743.2127659574468,664.1551896207584,627.2914171656687,697.1516966067863,5.0,10.1016/j.dib.2025.111743,10.17632/3pp86gdvh4.2,"Area-weighted centerline/radial mean reconstructed from published Fig. 3 and Fig. 4; use as an independent figure-level benchmark, not a substitute for the raw repository data."
69.0,704.7865691489362,637.8936170212767,743.2127659574468,664.908994510978,627.7904191616767,697.6506986027944,5.0,10.1016/j.dib.2025.111743,10.17632/3pp86gdvh4.2,"Area-weighted centerline/radial mean reconstructed from published Fig. 3 and Fig. 4; use as an independent figure-level benchmark, not a substitute for the raw repository data."
70.0,705.4660904255319,640.0212765957447,743.2127659574468,665.1531936127744,628.2894211576846,698.1497005988024,5.0,10.1016/j.dib.2025.111743,10.17632/3pp86gdvh4.2,"Area-weighted centerline/radial mean reconstructed from published Fig. 3 and Fig. 4; use as an independent figure-level benchmark, not a substitute for the raw repository data."
71.0,705.96875,641.0851063829787,744.2765957446809,666.5497754491018,630.2854291417166,699.1477045908184,5.0,10.1016/j.dib.2025.111743,10.17632/3pp86gdvh4.2,"Area-weighted centerline/radial mean reconstructed from published Fig. 3 and Fig. 4; use as an independent figure-level benchmark, not a substitute for the raw repository data."
72.0,706.7393617021277,642.1489361702128,744.2765957446809,666.9483532934132,631.2834331337325,699.1477045908184,5.0,10.1016/j.dib.2025.111743,10.17632/3pp86gdvh4.2,"Area-weighted centerline/radial mean reconstructed from published Fig. 3 and Fig. 4; use as an independent figure-level benchmark, not a substitute for the raw repository data."
73.0,707.0395611702128,642.6808510638298,744.2765957446809,667.4579590818363,631.2834331337325,699.1477045908184,5.0,10.1016/j.dib.2025.111743,10.17632/3pp86gdvh4.2,"Area-weighted centerline/radial mean reconstructed from published Fig. 3 and Fig. 4; use as an independent figure-level benchmark, not a substitute for the raw repository data."
74.0,707.5492021276596,644.2765957446809,744.2765957446809,667.657248003992,631.7824351297405,699.1477045908184,5.0,10.1016/j.dib.2025.111743,10.17632/3pp86gdvh4.2,"Area-weighted centerline/radial mean reconstructed from published Fig. 3 and Fig. 4; use as an independent figure-level benchmark, not a substitute for the raw repository data."
75.0,707.8889627659574,645.3404255319149,744.2765957446809,667.8565369261477,632.2814371257484,699.1477045908184,5.0,10.1016/j.dib.2025.111743,10.17632/3pp86gdvh4.2,"Area-weighted centerline/radial mean reconstructed from published Fig. 3 and Fig. 4; use as an independent figure-level benchmark, not a substitute for the raw repository data."
76.0,708.4148936170213,646.936170212766,744.8085106382979,668.3000249500997,633.2794411177645,699.6467065868263,5.0,10.1016/j.dib.2025.111743,10.17632/3pp86gdvh4.2,"Area-weighted centerline/radial mean reconstructed from published Fig. 3 and Fig. 4; use as an independent figure-level benchmark, not a substitute for the raw repository data."
77.0,709.0319148936171,647.468085106383,745.3404255319149,668.7435129740519,634.2774451097805,700.1457085828342,5.0,10.1016/j.dib.2025.111743,10.17632/3pp86gdvh4.2,"Area-weighted centerline/radial mean reconstructed from published Fig. 3 and Fig. 4; use as an independent figure-level benchmark, not a substitute for the raw repository data."
78.0,709.6323138297872,648.531914893617,745.3404255319149,669.6516966067863,635.2754491017963,700.1457085828342,5.0,10.1016/j.dib.2025.111743,10.17632/3pp86gdvh4.2,"Area-weighted centerline/radial mean reconstructed from published Fig. 3 and Fig. 4; use as an independent figure-level benchmark, not a substitute for the raw repository data."
79.0,710.357380319149,650.127659574468,745.3404255319149,670.0502744510977,636.2734530938123,700.1457085828342,5.0,10.1016/j.dib.2025.111743,10.17632/3pp86gdvh4.2,"Area-weighted centerline/radial mean reconstructed from published Fig. 3 and Fig. 4; use as an independent figure-level benchmark, not a substitute for the raw repository data."
80.0,710.9125664893618,651.1914893617021,745.3404255319149,670.8489895209581,636.7724550898204,701.1437125748503,5.0,10.1016/j.dib.2025.111743,10.17632/3pp86gdvh4.2,"Area-weighted centerline/radial mean reconstructed from published Fig. 3 and Fig. 4; use as an independent figure-level benchmark, not a substitute for the raw repository data."
81.0,711.0824468085107,651.7234042553191,745.3404255319149,671.7016591816367,638.2694610778443,701.1437125748503,5.0,10.1016/j.dib.2025.111743,10.17632/3pp86gdvh4.2,"Area-weighted centerline/radial mean reconstructed from published Fig. 3 and Fig. 4; use as an independent figure-level benchmark, not a substitute for the raw repository data."
82.0,711.4222074468086,652.7872340425531,745.3404255319149,671.7016591816367,638.2694610778443,701.1437125748503,5.0,10.1016/j.dib.2025.111743,10.17632/3pp86gdvh4.2,"Area-weighted centerline/radial mean reconstructed from published Fig. 3 and Fig. 4; use as an independent figure-level benchmark, not a substitute for the raw repository data."
83.0,711.7559840425533,654.9148936170213,745.3404255319149,672.4448602794412,639.2674650698602,702.1417165668663,5.0,10.1016/j.dib.2025.111743,10.17632/3pp86gdvh4.2,"Area-weighted centerline/radial mean reconstructed from published Fig. 3 and Fig. 4; use as an independent figure-level benchmark, not a substitute for the raw repository data."
84.0,711.9258643617022,655.4468085106382,745.3404255319149,672.8434381237525,640.2654690618763,702.1417165668663,5.0,10.1016/j.dib.2025.111743,10.17632/3pp86gdvh4.2,"Area-weighted centerline/radial mean reconstructed from published Fig. 3 and Fig. 4; use as an independent figure-level benchmark, not a substitute for the raw repository data."
85.0,712.0957446808511,655.9787234042553,745.3404255319149,673.7965319361276,641.2634730538922,702.6407185628742,5.0,10.1016/j.dib.2025.111743,10.17632/3pp86gdvh4.2,"Area-weighted centerline/radial mean reconstructed from published Fig. 3 and Fig. 4; use as an independent figure-level benchmark, not a substitute for the raw repository data."
86.0,712.78125,657.0425531914893,745.3404255319149,673.7965319361276,641.2634730538922,702.6407185628742,5.0,10.1016/j.dib.2025.111743,10.17632/3pp86gdvh4.2,"Area-weighted centerline/radial mean reconstructed from published Fig. 3 and Fig. 4; use as an independent figure-level benchmark, not a substitute for the raw repository data."
87.0,713.0814494680851,657.5744680851064,745.3404255319149,674.195109780439,642.2614770459081,702.6407185628742,5.0,10.1016/j.dib.2025.111743,10.17632/3pp86gdvh4.2,"Area-weighted centerline/radial mean reconstructed from published Fig. 3 and Fig. 4; use as an independent figure-level benchmark, not a substitute for the raw repository data."
88.0,713.421210106383,658.6382978723404,745.3404255319149,674.195109780439,642.2614770459081,702.6407185628742,5.0,10.1016/j.dib.2025.111743,10.17632/3pp86gdvh4.2,"Area-weighted centerline/radial mean reconstructed from published Fig. 3 and Fig. 4; use as an independent figure-level benchmark, not a substitute for the raw repository data."
89.0,714.3221409574469,659.7021276595744,745.3404255319149,674.6385978043911,643.2594810379242,703.1397205588822,5.0,10.1016/j.dib.2025.111743,10.17632/3pp86gdvh4.2,"Area-weighted centerline/radial mean reconstructed from published Fig. 3 and Fig. 4; use as an independent figure-level benchmark, not a substitute for the raw repository data."
90.0,714.6619015957447,660.7659574468084,745.3404255319149,674.6385978043911,643.2594810379242,703.1397205588822,5.0,10.1016/j.dib.2025.111743,10.17632/3pp86gdvh4.2,"Area-weighted centerline/radial mean reconstructed from published Fig. 3 and Fig. 4; use as an independent figure-level benchmark, not a substitute for the raw repository data."
91.0,715.1645611702128,661.8297872340426,746.4042553191489,675.0371756487025,644.2574850299401,703.1397205588822,5.0,10.1016/j.dib.2025.111743,10.17632/3pp86gdvh4.2,"Area-weighted centerline/radial mean reconstructed from published Fig. 3 and Fig. 4; use as an independent figure-level benchmark, not a substitute for the raw repository data."
92.0,715.5043218085107,662.8936170212767,746.4042553191489,675.0371756487025,644.2574850299401,703.1397205588822,5.0,10.1016/j.dib.2025.111743,10.17632/3pp86gdvh4.2,"Area-weighted centerline/radial mean reconstructed from published Fig. 3 and Fig. 4; use as an independent figure-level benchmark, not a substitute for the raw repository data."
93.0,715.8440824468086,663.9574468085107,746.4042553191489,675.4357534930139,645.255489021956,703.1397205588822,5.0,10.1016/j.dib.2025.111743,10.17632/3pp86gdvh4.2,"Area-weighted centerline/radial mean reconstructed from published Fig. 3 and Fig. 4; use as an independent figure-level benchmark, not a substitute for the raw repository data."
94.0,715.8440824468086,663.9574468085107,746.4042553191489,676.2344685628742,645.754491017964,704.1377245508982,5.0,10.1016/j.dib.2025.111743,10.17632/3pp86gdvh4.2,"Area-weighted centerline/radial mean reconstructed from published Fig. 3 and Fig. 4; use as an independent figure-level benchmark, not a substitute for the raw repository data."
95.0,716.1838430851064,665.0212765957447,746.4042553191489,676.4337574850299,646.253493013972,704.1377245508982,5.0,10.1016/j.dib.2025.111743,10.17632/3pp86gdvh4.2,"Area-weighted centerline/radial mean reconstructed from published Fig. 3 and Fig. 4; use as an independent figure-level benchmark, not a substitute for the raw repository data."
96.0,716.6539228723404,666.0851063829787,746.4042553191489,676.6885603792415,646.253493013972,704.1377245508982,5.0,10.1016/j.dib.2025.111743,10.17632/3pp86gdvh4.2,"Area-weighted centerline/radial mean reconstructed from published Fig. 3 and Fig. 4; use as an independent figure-level benchmark, not a substitute for the raw repository data."
97.0,716.8238031914894,666.6170212765958,746.4042553191489,677.3419411177645,647.2514970059881,704.1377245508982,5.0,10.1016/j.dib.2025.111743,10.17632/3pp86gdvh4.2,"Area-weighted centerline/radial mean reconstructed from published Fig. 3 and Fig. 4; use as an independent figure-level benchmark, not a substitute for the raw repository data."
98.0,717.7573138297873,667.6808510638298,747.4680851063829,677.8303393213573,648.2495009980039,705.1357285429142,5.0,10.1016/j.dib.2025.111743,10.17632/3pp86gdvh4.2,"Area-weighted centerline/radial mean reconstructed from published Fig. 3 and Fig. 4; use as an independent figure-level benchmark, not a substitute for the raw repository data."
99.0,717.9271941489362,668.2127659574468,747.4680851063829,678.0851422155688,648.2495009980039,705.1357285429142,5.0,10.1016/j.dib.2025.111743,10.17632/3pp86gdvh4.2,"Area-weighted centerline/radial mean reconstructed from published Fig. 3 and Fig. 4; use as an independent figure-level benchmark, not a substitute for the raw repository data."
100.0,718.2669547872341,669.2765957446809,747.4680851063829,678.4837200598802,649.2475049900199,705.1357285429142,5.0,10.1016/j.dib.2025.111743,10.17632/3pp86gdvh4.2,"Area-weighted centerline/radial mean reconstructed from published Fig. 3 and Fig. 4; use as an independent figure-level benchmark, not a substitute for the raw repository data."
101.0,718.436835106383,669.8085106382979,747.4680851063829,678.9378118762475,649.746506986028,705.1357285429142,5.0,10.1016/j.dib.2025.111743,10.17632/3pp86gdvh4.2,"Area-weighted centerline/radial mean reconstructed from published Fig. 3 and Fig. 4; use as an independent figure-level benchmark, not a substitute for the raw repository data."
102.0,718.606715425532,670.3404255319149,747.4680851063829,679.1371007984033,650.245508982036,705.1357285429142,5.0,10.1016/j.dib.2025.111743,10.17632/3pp86gdvh4.2,"Area-weighted centerline/radial mean reconstructed from published Fig. 3 and Fig. 4; use as an independent figure-level benchmark, not a substitute for the raw repository data."
103.0,718.9464760638298,671.4042553191489,747.4680851063829,679.5911926147704,650.7445109780439,705.1357285429142,5.0,10.1016/j.dib.2025.111743,10.17632/3pp86gdvh4.2,"Area-weighted centerline/radial mean reconstructed from published Fig. 3 and Fig. 4; use as an independent figure-level benchmark, not a substitute for the raw repository data."
104.0,719.2862367021277,672.4680851063829,747.4680851063829,680.1351047904192,651.2435129740519,706.1337325349301,5.0,10.1016/j.dib.2025.111743,10.17632/3pp86gdvh4.2,"Area-weighted centerline/radial mean reconstructed from published Fig. 3 and Fig. 4; use as an independent figure-level benchmark, not a substitute for the raw repository data."
105.0,719.2862367021277,672.4680851063829,747.4680851063829,680.5336826347304,652.2415169660678,706.1337325349301,5.0,10.1016/j.dib.2025.111743,10.17632/3pp86gdvh4.2,"Area-weighted centerline/radial mean reconstructed from published Fig. 3 and Fig. 4; use as an independent figure-level benchmark, not a substitute for the raw repository data."
106.0,719.6259973404256,673.531914893617,747.4680851063829,680.7329715568862,652.7405189620758,706.1337325349301,5.0,10.1016/j.dib.2025.111743,10.17632/3pp86gdvh4.2,"Area-weighted centerline/radial mean reconstructed from published Fig. 3 and Fig. 4; use as an independent figure-level benchmark, not a substitute for the raw repository data."
107.0,720.0113031914893,674.063829787234,747.4680851063829,681.3323977045909,652.7405189620758,707.131736526946,5.0,10.1016/j.dib.2025.111743,10.17632/3pp86gdvh4.2,"Area-weighted centerline/radial mean reconstructed from published Fig. 3 and Fig. 4; use as an independent figure-level benchmark, not a substitute for the raw repository data."
108.0,720.3966090425532,674.5957446808511,747.4680851063829,681.5316866267465,653.2395209580839,707.131736526946,5.0,10.1016/j.dib.2025.111743,10.17632/3pp86gdvh4.2,"Area-weighted centerline/radial mean reconstructed from published Fig. 3 and Fig. 4; use as an independent figure-level benchmark, not a substitute for the raw repository data."
109.0,720.8666888297873,675.6595744680851,747.4680851063829,681.7309755489023,653.7385229540919,707.131736526946,5.0,10.1016/j.dib.2025.111743,10.17632/3pp86gdvh4.2,"Area-weighted centerline/radial mean reconstructed from published Fig. 3 and Fig. 4; use as an independent figure-level benchmark, not a substitute for the raw repository data."
110.0,720.8992686170213,675.6595744680851,748.531914893617,681.9302644710579,654.2375249500998,707.131736526946,5.0,10.1016/j.dib.2025.111743,10.17632/3pp86gdvh4.2,"Area-weighted centerline/radial mean reconstructed from published Fig. 3 and Fig. 4; use as an independent figure-level benchmark, not a substitute for the raw repository data."
111.0,721.3693484042553,676.7234042553191,748.531914893617,682.1295533932135,654.7365269461077,707.131736526946,5.0,10.1016/j.dib.2025.111743,10.17632/3pp86gdvh4.2,"Area-weighted centerline/radial mean reconstructed from published Fig. 3 and Fig. 4; use as an independent figure-level benchmark, not a substitute for the raw repository data."
112.0,721.5392287234043,677.2553191489362,748.531914893617,682.1295533932135,654.7365269461077,707.131736526946,5.0,10.1016/j.dib.2025.111743,10.17632/3pp86gdvh4.2,"Area-weighted centerline/radial mean reconstructed from published Fig. 3 and Fig. 4; use as an independent figure-level benchmark, not a substitute for the raw repository data."
113.0,721.7091090425532,677.7872340425531,748.531914893617,682.1295533932135,654.7365269461077,707.131736526946,5.0,10.1016/j.dib.2025.111743,10.17632/3pp86gdvh4.2,"Area-weighted centerline/radial mean reconstructed from published Fig. 3 and Fig. 4; use as an independent figure-level benchmark, not a substitute for the raw repository data."
114.0,721.8789893617022,678.3191489361702,748.531914893617,682.5281312375249,655.7345309381237,707.131736526946,5.0,10.1016/j.dib.2025.111743,10.17632/3pp86gdvh4.2,"Area-weighted centerline/radial mean reconstructed from published Fig. 3 and Fig. 4; use as an independent figure-level benchmark, not a substitute for the raw repository data."
115.0,722.0488696808511,678.8510638297872,748.531914893617,682.5281312375249,655.7345309381237,707.131736526946,5.0,10.1016/j.dib.2025.111743,10.17632/3pp86gdvh4.2,"Area-weighted centerline/radial mean reconstructed from published Fig. 3 and Fig. 4; use as an independent figure-level benchmark, not a substitute for the raw repository data."
116.0,722.21875,679.3829787234042,748.531914893617,682.9822230538922,656.2335329341317,707.131736526946,5.0,10.1016/j.dib.2025.111743,10.17632/3pp86gdvh4.2,"Area-weighted centerline/radial mean reconstructed from published Fig. 3 and Fig. 4; use as an independent figure-level benchmark, not a substitute for the raw repository data."
117.0,722.388630319149,679.9148936170213,748.531914893617,683.4363148702594,656.7325349301398,707.131736526946,5.0,10.1016/j.dib.2025.111743,10.17632/3pp86gdvh4.2,"Area-weighted centerline/radial mean reconstructed from published Fig. 3 and Fig. 4; use as an independent figure-level benchmark, not a substitute for the raw repository data."
118.0,722.9893617021277,680.4468085106382,748.531914893617,683.5261352295408,656.7325349301398,708.1297405189621,5.0,10.1016/j.dib.2025.111743,10.17632/3pp86gdvh4.2,"Area-weighted centerline/radial mean reconstructed from published Fig. 3 and Fig. 4; use as an independent figure-level benchmark, not a substitute for the raw repository data."
119.0,723.1592420212767,680.9787234042553,748.531914893617,683.7254241516965,657.2315369261477,708.1297405189621,5.0,10.1016/j.dib.2025.111743,10.17632/3pp86gdvh4.2,"Area-weighted centerline/radial mean reconstructed from published Fig. 3 and Fig. 4; use as an independent figure-level benchmark, not a substitute for the raw repository data."
120.0,723.1592420212767,680.9787234042553,748.531914893617,683.9247130738522,657.7305389221557,708.1297405189621,5.0,10.1016/j.dib.2025.111743,10.17632/3pp86gdvh4.2,"Area-weighted centerline/radial mean reconstructed from published Fig. 3 and Fig. 4; use as an independent figure-level benchmark, not a substitute for the raw repository data."
121.0,723.6619015957447,682.0425531914893,749.5957446808511,684.4343188622754,657.7305389221557,708.1297405189621,5.0,10.1016/j.dib.2025.111743,10.17632/3pp86gdvh4.2,"Area-weighted centerline/radial mean reconstructed from published Fig. 3 and Fig. 4; use as an independent figure-level benchmark, not a substitute for the raw repository data."
122.0,724.1319813829787,683.1063829787233,749.5957446808511,684.8328967065868,658.7285429141716,708.1297405189621,5.0,10.1016/j.dib.2025.111743,10.17632/3pp86gdvh4.2,"Area-weighted centerline/radial mean reconstructed from published Fig. 3 and Fig. 4; use as an independent figure-level benchmark, not a substitute for the raw repository data."
123.0,724.1319813829787,683.1063829787233,749.5957446808511,684.8328967065868,658.7285429141716,708.1297405189621,5.0,10.1016/j.dib.2025.111743,10.17632/3pp86gdvh4.2,"Area-weighted centerline/radial mean reconstructed from published Fig. 3 and Fig. 4; use as an independent figure-level benchmark, not a substitute for the raw repository data."
124.0,724.1319813829787,683.1063829787233,749.5957446808511,684.3232909181636,658.7285429141716,708.1297405189621,5.0,10.1016/j.dib.2025.111743,10.17632/3pp86gdvh4.2,"Area-weighted centerline/radial mean reconstructed from published Fig. 3 and Fig. 4; use as an independent figure-level benchmark, not a substitute for the raw repository data."
125.0,724.6871675531916,684.1702127659574,749.5957446808511,684.7773827345309,659.2275449101796,708.1297405189621,5.0,10.1016/j.dib.2025.111743,10.17632/3pp86gdvh4.2,"Area-weighted centerline/radial mean reconstructed from published Fig. 3 and Fig. 4; use as an independent figure-level benchmark, not a substitute for the raw repository data."
126.0,725.2423537234043,685.2340425531916,749.5957446808511,684.9766716566867,659.7265469061877,708.1297405189621,5.0,10.1016/j.dib.2025.111743,10.17632/3pp86gdvh4.2,"Area-weighted centerline/radial mean reconstructed from published Fig. 3 and Fig. 4; use as an independent figure-level benchmark, not a substitute for the raw repository data."
127.0,725.2423537234043,685.2340425531916,749.5957446808511,685.1759605788423,660.2255489021957,708.1297405189621,5.0,10.1016/j.dib.2025.111743,10.17632/3pp86gdvh4.2,"Area-weighted centerline/radial mean reconstructed from published Fig. 3 and Fig. 4; use as an independent figure-level benchmark, not a substitute for the raw repository data."
128.0,725.3726728723406,685.2340425531916,749.5957446808511,685.719872754491,660.7245508982036,709.127744510978,5.0,10.1016/j.dib.2025.111743,10.17632/3pp86gdvh4.2,"Area-weighted centerline/radial mean reconstructed from published Fig. 3 and Fig. 4; use as an independent figure-level benchmark, not a substitute for the raw repository data."
129.0,725.7124335106384,686.2978723404256,749.5957446808511,686.1739645708583,661.2235528942115,709.127744510978,5.0,10.1016/j.dib.2025.111743,10.17632/3pp86gdvh4.2,"Area-weighted centerline/radial mean reconstructed from published Fig. 3 and Fig. 4; use as an independent figure-level benchmark, not a substitute for the raw repository data."
130.0,725.7124335106384,686.2978723404256,749.5957446808511,686.1739645708583,661.2235528942115,709.127744510978,5.0,10.1016/j.dib.2025.111743,10.17632/3pp86gdvh4.2,"Area-weighted centerline/radial mean reconstructed from published Fig. 3 and Fig. 4; use as an independent figure-level benchmark, not a substitute for the raw repository data."
131.0,726.0847739361702,687.3617021276596,750.6595744680851,686.1739645708583,661.2235528942115,709.127744510978,5.0,10.1016/j.dib.2025.111743,10.17632/3pp86gdvh4.2,"Area-weighted centerline/radial mean reconstructed from published Fig. 3 and Fig. 4; use as an independent figure-level benchmark, not a substitute for the raw repository data."
132.0,726.2546542553192,687.8936170212767,750.6595744680851,687.0821482035929,662.2215568862275,709.127744510978,5.0,10.1016/j.dib.2025.111743,10.17632/3pp86gdvh4.2,"Area-weighted centerline/radial mean reconstructed from published Fig. 3 and Fig. 4; use as an independent figure-level benchmark, not a substitute for the raw repository data."
133.0,726.5548537234042,688.4255319148936,750.6595744680851,687.1719685628742,662.2215568862275,710.1257485029939,5.0,10.1016/j.dib.2025.111743,10.17632/3pp86gdvh4.2,"Area-weighted centerline/radial mean reconstructed from published Fig. 3 and Fig. 4; use as an independent figure-level benchmark, not a substitute for the raw repository data."
134.0,726.5548537234042,688.4255319148936,750.6595744680851,687.1719685628742,662.2215568862275,710.1257485029939,5.0,10.1016/j.dib.2025.111743,10.17632/3pp86gdvh4.2,"Area-weighted centerline/radial mean reconstructed from published Fig. 3 and Fig. 4; use as an independent figure-level benchmark, not a substitute for the raw repository data."
135.0,726.7247340425532,688.9574468085107,750.6595744680851,687.1719685628742,662.2215568862275,710.1257485029939,5.0,10.1016/j.dib.2025.111743,10.17632/3pp86gdvh4.2,"Area-weighted centerline/radial mean reconstructed from published Fig. 3 and Fig. 4; use as an independent figure-level benchmark, not a substitute for the raw repository data."
136.0,727.3254654255319,689.4893617021277,750.6595744680851,687.8253493013972,663.2195608782436,710.1257485029939,5.0,10.1016/j.dib.2025.111743,10.17632/3pp86gdvh4.2,"Area-weighted centerline/radial mean reconstructed from published Fig. 3 and Fig. 4; use as an independent figure-level benchmark, not a substitute for the raw repository data."
137.0,727.2928856382978,689.4893617021277,749.5957446808511,687.8253493013972,663.2195608782436,710.1257485029939,5.0,10.1016/j.dib.2025.111743,10.17632/3pp86gdvh4.2,"Area-weighted centerline/radial mean reconstructed from published Fig. 3 and Fig. 4; use as an independent figure-level benchmark, not a substitute for the raw repository data."
138.0,727.4627659574468,690.0212765957447,749.5957446808511,688.47873003992,664.2175648702595,710.1257485029939,5.0,10.1016/j.dib.2025.111743,10.17632/3pp86gdvh4.2,"Area-weighted centerline/radial mean reconstructed from published Fig. 3 and Fig. 4; use as an independent figure-level benchmark, not a substitute for the raw repository data."
139.0,727.5023271276596,690.5531914893618,749.5957446808511,688.7784431137725,664.2175648702595,710.624750499002,5.0,10.1016/j.dib.2025.111743,10.17632/3pp86gdvh4.2,"Area-weighted centerline/radial mean reconstructed from published Fig. 3 and Fig. 4; use as an independent figure-level benchmark, not a substitute for the raw repository data."
140.0,727.5023271276596,690.5531914893618,749.5957446808511,688.8233532934132,664.2175648702595,711.12375249501,5.0,10.1016/j.dib.2025.111743,10.17632/3pp86gdvh4.2,"Area-weighted centerline/radial mean reconstructed from published Fig. 3 and Fig. 4; use as an independent figure-level benchmark, not a substitute for the raw repository data."
141.0,727.7047872340426,691.0851063829787,750.6595744680851,689.0226422155688,664.7165668662674,711.12375249501,5.0,10.1016/j.dib.2025.111743,10.17632/3pp86gdvh4.2,"Area-weighted centerline/radial mean reconstructed from published Fig. 3 and Fig. 4; use as an independent figure-level benchmark, not a substitute for the raw repository data."
142.0,728.0049867021277,691.6170212765958,750.6595744680851,689.7315369261478,665.2155688622754,711.12375249501,5.0,10.1016/j.dib.2025.111743,10.17632/3pp86gdvh4.2,"Area-weighted centerline/radial mean reconstructed from published Fig. 3 and Fig. 4; use as an independent figure-level benchmark, not a substitute for the raw repository data."
143.0,728.0049867021277,691.6170212765958,750.6595744680851,689.9308258483034,665.7145708582834,711.12375249501,5.0,10.1016/j.dib.2025.111743,10.17632/3pp86gdvh4.2,"Area-weighted centerline/radial mean reconstructed from published Fig. 3 and Fig. 4; use as an independent figure-level benchmark, not a substitute for the raw repository data."
144.0,728.3447473404256,692.6808510638298,750.6595744680851,690.1301147704592,666.2135728542914,711.12375249501,5.0,10.1016/j.dib.2025.111743,10.17632/3pp86gdvh4.2,"Area-weighted centerline/radial mean reconstructed from published Fig. 3 and Fig. 4; use as an independent figure-level benchmark, not a substitute for the raw repository data."
145.0,728.1293218085107,692.6808510638298,750.6595744680851,689.620508982036,666.2135728542914,711.12375249501,5.0,10.1016/j.dib.2025.111743,10.17632/3pp86gdvh4.2,"Area-weighted centerline/radial mean reconstructed from published Fig. 3 and Fig. 4; use as an independent figure-level benchmark, not a substitute for the raw repository data."
146.0,728.3447473404256,692.6808510638298,750.6595744680851,689.620508982036,666.2135728542914,711.12375249501,5.0,10.1016/j.dib.2025.111743,10.17632/3pp86gdvh4.2,"Area-weighted centerline/radial mean reconstructed from published Fig. 3 and Fig. 4; use as an independent figure-level benchmark, not a substitute for the raw repository data."
147.0,728.3447473404256,692.6808510638298,750.6595744680851,689.620508982036,666.2135728542914,711.12375249501,5.0,10.1016/j.dib.2025.111743,10.17632/3pp86gdvh4.2,"Area-weighted centerline/radial mean reconstructed from published Fig. 3 and Fig. 4; use as an independent figure-level benchmark, not a substitute for the raw repository data."
148.0,728.6845079787233,693.7446808510638,750.6595744680851,690.0190868263473,667.2115768463074,711.12375249501,5.0,10.1016/j.dib.2025.111743,10.17632/3pp86gdvh4.2,"Area-weighted centerline/radial mean reconstructed from published Fig. 3 and Fig. 4; use as an independent figure-level benchmark, not a substitute for the raw repository data."
149.0,728.6845079787233,693.7446808510638,750.6595744680851,690.0190868263473,667.2115768463074,711.12375249501,5.0,10.1016/j.dib.2025.111743,10.17632/3pp86gdvh4.2,"Area-weighted centerline/radial mean reconstructed from published Fig. 3 and Fig. 4; use as an independent figure-level benchmark, not a substitute for the raw repository data."
150.0,728.8148271276596,693.7446808510638,750.6595744680851,690.7279815369261,667.7105788423153,711.12375249501,5.0,10.1016/j.dib.2025.111743,10.17632/3pp86gdvh4.2,"Area-weighted centerline/radial mean reconstructed from published Fig. 3 and Fig. 4; use as an independent figure-level benchmark, not a substitute for the raw repository data."
151.0,728.8148271276596,693.7446808510638,750.6595744680851,690.9272704590819,668.2095808383233,711.12375249501,5.0,10.1016/j.dib.2025.111743,10.17632/3pp86gdvh4.2,"Area-weighted centerline/radial mean reconstructed from published Fig. 3 and Fig. 4; use as an independent figure-level benchmark, not a substitute for the raw repository data."
152.0,729.3174867021277,694.8085106382979,751.7234042553191,691.0170908183633,668.2095808383233,712.121756487026,5.0,10.1016/j.dib.2025.111743,10.17632/3pp86gdvh4.2,"Area-weighted centerline/radial mean reconstructed from published Fig. 3 and Fig. 4; use as an independent figure-level benchmark, not a substitute for the raw repository data."
153.0,729.3174867021277,694.8085106382979,751.7234042553191,691.4156686626746,669.2075848303393,712.121756487026,5.0,10.1016/j.dib.2025.111743,10.17632/3pp86gdvh4.2,"Area-weighted centerline/radial mean reconstructed from published Fig. 3 and Fig. 4; use as an independent figure-level benchmark, not a substitute for the raw repository data."
154.0,729.3174867021277,694.8085106382979,751.7234042553191,691.4156686626746,669.2075848303393,712.121756487026,5.0,10.1016/j.dib.2025.111743,10.17632/3pp86gdvh4.2,"Area-weighted centerline/radial mean reconstructed from published Fig. 3 and Fig. 4; use as an independent figure-level benchmark, not a substitute for the raw repository data."
155.0,729.8726728723404,695.8723404255319,751.7234042553191,691.4156686626746,669.2075848303393,712.121756487026,5.0,10.1016/j.dib.2025.111743,10.17632/3pp86gdvh4.2,"Area-weighted centerline/radial mean reconstructed from published Fig. 3 and Fig. 4; use as an independent figure-level benchmark, not a substitute for the raw repository data."
156.0,729.8726728723404,695.8723404255319,751.7234042553191,691.9252744510977,669.2075848303393,712.121756487026,5.0,10.1016/j.dib.2025.111743,10.17632/3pp86gdvh4.2,"Area-weighted centerline/radial mean reconstructed from published Fig. 3 and Fig. 4; use as an independent figure-level benchmark, not a substitute for the raw repository data."
157.0,729.8726728723404,695.8723404255319,751.7234042553191,692.1442115768463,670.2055888223553,710.1257485029939,5.0,10.1016/j.dib.2025.111743,10.17632/3pp86gdvh4.2,"Area-weighted centerline/radial mean reconstructed from published Fig. 3 and Fig. 4; use as an independent figure-level benchmark, not a substitute for the raw repository data."
158.0,730.0880984042553,695.8723404255319,751.7234042553191,692.1442115768463,670.2055888223553,710.1257485029939,5.0,10.1016/j.dib.2025.111743,10.17632/3pp86gdvh4.2,"Area-weighted centerline/radial mean reconstructed from published Fig. 3 and Fig. 4; use as an independent figure-level benchmark, not a substitute for the raw repository data."
159.0,730.4278590425532,696.936170212766,751.7234042553191,692.3238522954091,670.2055888223553,712.121756487026,5.0,10.1016/j.dib.2025.111743,10.17632/3pp86gdvh4.2,"Area-weighted centerline/radial mean reconstructed from published Fig. 3 and Fig. 4; use as an independent figure-level benchmark, not a substitute for the raw repository data."
160.0,730.5977393617021,697.4680851063829,751.7234042553191,692.3238522954091,670.2055888223553,712.121756487026,5.0,10.1016/j.dib.2025.111743,10.17632/3pp86gdvh4.2,"Area-weighted centerline/radial mean reconstructed from published Fig. 3 and Fig. 4; use as an independent figure-level benchmark, not a substitute for the raw repository data."
161.0,730.5977393617021,697.4680851063829,751.7234042553191,692.3238522954091,670.2055888223553,712.121756487026,5.0,10.1016/j.dib.2025.111743,10.17632/3pp86gdvh4.2,"Area-weighted centerline/radial mean reconstructed from published Fig. 3 and Fig. 4; use as an independent figure-level benchmark, not a substitute for the raw repository data."
162.0,730.7676196808511,698.0,751.7234042553191,692.3238522954091,670.2055888223553,712.121756487026,5.0,10.1016/j.dib.2025.111743,10.17632/3pp86gdvh4.2,"Area-weighted centerline/radial mean reconstructed from published Fig. 3 and Fig. 4; use as an independent figure-level benchmark, not a substitute for the raw repository data."
163.0,730.7676196808511,698.0,751.7234042553191,692.812250499002,671.2035928143712,713.1197604790418,5.0,10.1016/j.dib.2025.111743,10.17632/3pp86gdvh4.2,"Area-weighted centerline/radial mean reconstructed from published Fig. 3 and Fig. 4; use as an independent figure-level benchmark, not a substitute for the raw repository data."
164.0,730.7676196808511,698.0,751.7234042553191,692.812250499002,671.2035928143712,713.1197604790418,5.0,10.1016/j.dib.2025.111743,10.17632/3pp86gdvh4.2,"Area-weighted centerline/radial mean reconstructed from published Fig. 3 and Fig. 4; use as an independent figure-level benchmark, not a substitute for the raw repository data."
165.0,730.7676196808511,698.0,751.7234042553191,692.7224301397205,671.2035928143712,712.121756487026,5.0,10.1016/j.dib.2025.111743,10.17632/3pp86gdvh4.2,"Area-weighted centerline/radial mean reconstructed from published Fig. 3 and Fig. 4; use as an independent figure-level benchmark, not a substitute for the raw repository data."
166.0,730.7676196808511,698.0,751.7234042553191,692.812250499002,671.2035928143712,713.1197604790418,5.0,10.1016/j.dib.2025.111743,10.17632/3pp86gdvh4.2,"Area-weighted centerline/radial mean reconstructed from published Fig. 3 and Fig. 4; use as an independent figure-level benchmark, not a substitute for the raw repository data."
167.0,730.7676196808511,698.0,751.7234042553191,693.0670533932134,671.2035928143712,713.1197604790418,5.0,10.1016/j.dib.2025.111743,10.17632/3pp86gdvh4.2,"Area-weighted centerline/radial mean reconstructed from published Fig. 3 and Fig. 4; use as an independent figure-level benchmark, not a substitute for the raw repository data."
168.0,730.9375,698.531914893617,751.7234042553191,692.7224301397205,671.2035928143712,712.121756487026,5.0,10.1016/j.dib.2025.111743,10.17632/3pp86gdvh4.2,"Area-weighted centerline/radial mean reconstructed from published Fig. 3 and Fig. 4; use as an independent figure-level benchmark, not a substitute for the raw repository data."
169.0,731.1073803191489,699.063829787234,751.7234042553191,692.632609780439,671.2035928143712,711.12375249501,5.0,10.1016/j.dib.2025.111743,10.17632/3pp86gdvh4.2,"Area-weighted centerline/radial mean reconstructed from published Fig. 3 and Fig. 4; use as an independent figure-level benchmark, not a substitute for the raw repository data."
170.0,731.2772606382979,699.5957446808511,751.7234042553191,692.632609780439,671.2035928143712,711.12375249501,5.0,10.1016/j.dib.2025.111743,10.17632/3pp86gdvh4.2,"Area-weighted centerline/radial mean reconstructed from published Fig. 3 and Fig. 4; use as an independent figure-level benchmark, not a substitute for the raw repository data."
171.0,731.2772606382979,699.5957446808511,751.7234042553191,693.0311876247505,672.2015968063872,711.12375249501,5.0,10.1016/j.dib.2025.111743,10.17632/3pp86gdvh4.2,"Area-weighted centerline/radial mean reconstructed from published Fig. 3 and Fig. 4; use as an independent figure-level benchmark, not a substitute for the raw repository data."
172.0,731.4075797872341,699.5957446808511,751.7234042553191,693.0311876247505,672.2015968063872,711.12375249501,5.0,10.1016/j.dib.2025.111743,10.17632/3pp86gdvh4.2,"Area-weighted centerline/radial mean reconstructed from published Fig. 3 and Fig. 4; use as an independent figure-level benchmark, not a substitute for the raw repository data."
173.0,731.623005319149,699.5957446808511,751.7234042553191,693.429765469062,673.1996007984033,711.12375249501,5.0,10.1016/j.dib.2025.111743,10.17632/3pp86gdvh4.2,"Area-weighted centerline/radial mean reconstructed from published Fig. 3 and Fig. 4; use as an independent figure-level benchmark, not a substitute for the raw repository data."
174.0,731.7928856382979,700.127659574468,751.7234042553191,693.3848552894212,673.1996007984033,710.624750499002,5.0,10.1016/j.dib.2025.111743,10.17632/3pp86gdvh4.2,"Area-weighted centerline/radial mean reconstructed from published Fig. 3 and Fig. 4; use as an independent figure-level benchmark, not a substitute for the raw repository data."
175.0,731.7928856382979,700.127659574468,751.7234042553191,693.2950349301398,673.1996007984033,709.626746506986,5.0,10.1016/j.dib.2025.111743,10.17632/3pp86gdvh4.2,"Area-weighted centerline/radial mean reconstructed from published Fig. 3 and Fig. 4; use as an independent figure-level benchmark, not a substitute for the raw repository data."
176.0,731.779920212766,700.6595744680851,752.7872340425531,694.0594436127744,673.1996007984033,709.626746506986,5.0,10.1016/j.dib.2025.111743,10.17632/3pp86gdvh4.2,"Area-weighted centerline/radial mean reconstructed from published Fig. 3 and Fig. 4; use as an independent figure-level benchmark, not a substitute for the raw repository data."
177.0,731.779920212766,700.6595744680851,752.7872340425531,694.1492639720559,673.1996007984033,710.624750499002,5.0,10.1016/j.dib.2025.111743,10.17632/3pp86gdvh4.2,"Area-weighted centerline/radial mean reconstructed from published Fig. 3 and Fig. 4; use as an independent figure-level benchmark, not a substitute for the raw repository data."
178.0,731.9498005319149,701.1914893617021,752.7872340425531,693.8283433133731,674.1976047904191,711.12375249501,5.0,10.1016/j.dib.2025.111743,10.17632/3pp86gdvh4.2,"Area-weighted centerline/radial mean reconstructed from published Fig. 3 and Fig. 4; use as an independent figure-level benchmark, not a substitute for the raw repository data."
179.0,731.9498005319149,701.1914893617021,752.7872340425531,693.8283433133731,674.1976047904191,711.12375249501,5.0,10.1016/j.dib.2025.111743,10.17632/3pp86gdvh4.2,"Area-weighted centerline/radial mean reconstructed from published Fig. 3 and Fig. 4; use as an independent figure-level benchmark, not a substitute for the raw repository data."
180.0,732.1652260638298,701.1914893617021,752.7872340425531,693.8283433133731,674.1976047904191,711.12375249501,5.0,10.1016/j.dib.2025.111743,10.17632/3pp86gdvh4.2,"Area-weighted centerline/radial mean reconstructed from published Fig. 3 and Fig. 4; use as an independent figure-level benchmark, not a substitute for the raw repository data."
181.0,732.3806515957447,701.1914893617021,752.7872340425531,694.0276322355289,674.6966067864271,711.12375249501,5.0,10.1016/j.dib.2025.111743,10.17632/3pp86gdvh4.2,"Area-weighted centerline/radial mean reconstructed from published Fig. 3 and Fig. 4; use as an independent figure-level benchmark, not a substitute for the raw repository data."
182.0,732.5505319148937,701.7234042553191,752.7872340425531,694.2269211576846,675.1956087824351,711.12375249501,5.0,10.1016/j.dib.2025.111743,10.17632/3pp86gdvh4.2,"Area-weighted centerline/radial mean reconstructed from published Fig. 3 and Fig. 4; use as an independent figure-level benchmark, not a substitute for the raw repository data."
183.0,732.7204122340426,702.2553191489362,752.7872340425531,694.2269211576846,675.1956087824351,711.12375249501,5.0,10.1016/j.dib.2025.111743,10.17632/3pp86gdvh4.2,"Area-weighted centerline/radial mean reconstructed from published Fig. 3 and Fig. 4; use as an independent figure-level benchmark, not a substitute for the raw repository data."
184.0,732.7204122340426,702.2553191489362,752.7872340425531,694.2269211576846,675.1956087824351,711.12375249501,5.0,10.1016/j.dib.2025.111743,10.17632/3pp86gdvh4.2,"Area-weighted centerline/radial mean reconstructed from published Fig. 3 and Fig. 4; use as an independent figure-level benchmark, not a substitute for the raw repository data."
185.0,732.7204122340426,702.2553191489362,752.7872340425531,695.3359530938123,675.1956087824351,712.121756487026,5.0,10.1016/j.dib.2025.111743,10.17632/3pp86gdvh4.2,"Area-weighted centerline/radial mean reconstructed from published Fig. 3 and Fig. 4; use as an independent figure-level benchmark, not a substitute for the raw repository data."
186.0,732.7204122340426,702.2553191489362,752.7872340425531,695.6054141716567,675.1956087824351,715.1157684630739,5.0,10.1016/j.dib.2025.111743,10.17632/3pp86gdvh4.2,"Area-weighted centerline/radial mean reconstructed from published Fig. 3 and Fig. 4; use as an independent figure-level benchmark, not a substitute for the raw repository data."
187.0,732.8902925531914,702.7872340425531,752.7872340425531,696.003992015968,676.1936127744511,715.1157684630739,5.0,10.1016/j.dib.2025.111743,10.17632/3pp86gdvh4.2,"Area-weighted centerline/radial mean reconstructed from published Fig. 3 and Fig. 4; use as an independent figure-level benchmark, not a substitute for the raw repository data."
188.0,732.8902925531914,702.7872340425531,752.7872340425531,696.2587949101796,676.1936127744511,715.1157684630739,5.0,10.1016/j.dib.2025.111743,10.17632/3pp86gdvh4.2,"Area-weighted centerline/radial mean reconstructed from published Fig. 3 and Fig. 4; use as an independent figure-level benchmark, not a substitute for the raw repository data."
189.0,732.8902925531914,702.7872340425531,752.7872340425531,696.5135978043911,676.1936127744511,715.1157684630739,5.0,10.1016/j.dib.2025.111743,10.17632/3pp86gdvh4.2,"Area-weighted centerline/radial mean reconstructed from published Fig. 3 and Fig. 4; use as an independent figure-level benchmark, not a substitute for the raw repository data."
190.0,732.8902925531914,702.7872340425531,752.7872340425531,696.7128867265469,676.692614770459,715.1157684630739,5.0,10.1016/j.dib.2025.111743,10.17632/3pp86gdvh4.2,"Area-weighted centerline/radial mean reconstructed from published Fig. 3 and Fig. 4; use as an independent figure-level benchmark, not a substitute for the raw repository data."
191.0,732.8902925531914,702.7872340425531,752.7872340425531,696.3339570858283,676.1936127744511,713.1197604790418,5.0,10.1016/j.dib.2025.111743,10.17632/3pp86gdvh4.2,"Area-weighted centerline/radial mean reconstructed from published Fig. 3 and Fig. 4; use as an independent figure-level benchmark, not a substitute for the raw repository data."
192.0,733.0601728723404,703.3191489361702,752.7872340425531,695.8243512974052,676.1936127744511,713.1197604790418,5.0,10.1016/j.dib.2025.111743,10.17632/3pp86gdvh4.2,"Area-weighted centerline/radial mean reconstructed from published Fig. 3 and Fig. 4; use as an independent figure-level benchmark, not a substitute for the raw repository data."
193.0,733.0601728723404,703.3191489361702,752.7872340425531,696.003992015968,676.1936127744511,715.1157684630739,5.0,10.1016/j.dib.2025.111743,10.17632/3pp86gdvh4.2,"Area-weighted centerline/radial mean reconstructed from published Fig. 3 and Fig. 4; use as an independent figure-level benchmark, not a substitute for the raw repository data."
194.0,733.2300531914893,703.8510638297872,752.7872340425531,696.003992015968,676.1936127744511,715.1157684630739,5.0,10.1016/j.dib.2025.111743,10.17632/3pp86gdvh4.2,"Area-weighted centerline/radial mean reconstructed from published Fig. 3 and Fig. 4; use as an independent figure-level benchmark, not a substitute for the raw repository data."
195.0,733.2300531914893,703.8510638297872,752.7872340425531,696.003992015968,676.1936127744511,715.1157684630739,5.0,10.1016/j.dib.2025.111743,10.17632/3pp86gdvh4.2,"Area-weighted centerline/radial mean reconstructed from published Fig. 3 and Fig. 4; use as an independent figure-level benchmark, not a substitute for the raw repository data."
196.0,733.3999335106383,704.3829787234042,752.7872340425531,696.003992015968,676.1936127744511,715.1157684630739,5.0,10.1016/j.dib.2025.111743,10.17632/3pp86gdvh4.2,"Area-weighted centerline/radial mean reconstructed from published Fig. 3 and Fig. 4; use as an independent figure-level benchmark, not a substitute for the raw repository data."
197.0,733.5302526595746,704.3829787234042,752.7872340425531,696.2032809381237,676.692614770459,715.1157684630739,5.0,10.1016/j.dib.2025.111743,10.17632/3pp86gdvh4.2,"Area-weighted centerline/radial mean reconstructed from published Fig. 3 and Fig. 4; use as an independent figure-level benchmark, not a substitute for the raw repository data."
198.0,733.5302526595746,704.3829787234042,752.7872340425531,696.657372754491,677.1916167664671,715.1157684630739,5.0,10.1016/j.dib.2025.111743,10.17632/3pp86gdvh4.2,"Area-weighted centerline/radial mean reconstructed from published Fig. 3 and Fig. 4; use as an independent figure-level benchmark, not a substitute for the raw repository data."
199.0,733.7001329787236,704.9148936170213,752.7872340425531,696.657372754491,677.1916167664671,715.1157684630739,5.0,10.1016/j.dib.2025.111743,10.17632/3pp86gdvh4.2,"Area-weighted centerline/radial mean reconstructed from published Fig. 3 and Fig. 4; use as an independent figure-level benchmark, not a substitute for the raw repository data."
200.0,733.7001329787236,704.9148936170213,752.7872340425531,696.9121756487025,677.1916167664671,715.1157684630739,5.0,10.1016/j.dib.2025.111743,10.17632/3pp86gdvh4.2,"Area-weighted centerline/radial mean reconstructed from published Fig. 3 and Fig. 4; use as an independent figure-level benchmark, not a substitute for the raw repository data."
201.0,733.7001329787236,704.9148936170213,752.7872340425531,696.657372754491,677.1916167664671,715.1157684630739,5.0,10.1016/j.dib.2025.111743,10.17632/3pp86gdvh4.2,"Area-weighted centerline/radial mean reconstructed from published Fig. 3 and Fig. 4; use as an independent figure-level benchmark, not a substitute for the raw repository data."
202.0,733.7001329787236,704.9148936170213,752.7872340425531,696.657372754491,677.1916167664671,715.1157684630739,5.0,10.1016/j.dib.2025.111743,10.17632/3pp86gdvh4.2,"Area-weighted centerline/radial mean reconstructed from published Fig. 3 and Fig. 4; use as an independent figure-level benchmark, not a substitute for the raw repository data."
203.0,733.7001329787236,704.9148936170213,752.7872340425531,696.4025698602794,677.1916167664671,715.1157684630739,5.0,10.1016/j.dib.2025.111743,10.17632/3pp86gdvh4.2,"Area-weighted centerline/radial mean reconstructed from published Fig. 3 and Fig. 4; use as an independent figure-level benchmark, not a substitute for the raw repository data."
204.0,733.7001329787236,704.9148936170213,752.7872340425531,696.8011477045908,678.189620758483,715.1157684630739,5.0,10.1016/j.dib.2025.111743,10.17632/3pp86gdvh4.2,"Area-weighted centerline/radial mean reconstructed from published Fig. 3 and Fig. 4; use as an independent figure-level benchmark, not a substitute for the raw repository data."
205.0,733.7001329787236,704.9148936170213,752.7872340425531,696.8011477045908,678.189620758483,715.1157684630739,5.0,10.1016/j.dib.2025.111743,10.17632/3pp86gdvh4.2,"Area-weighted centerline/radial mean reconstructed from published Fig. 3 and Fig. 4; use as an independent figure-level benchmark, not a substitute for the raw repository data."
206.0,734.0003324468084,705.4468085106382,752.7872340425531,696.8011477045908,678.189620758483,715.1157684630739,5.0,10.1016/j.dib.2025.111743,10.17632/3pp86gdvh4.2,"Area-weighted centerline/radial mean reconstructed from published Fig. 3 and Fig. 4; use as an independent figure-level benchmark, not a substitute for the raw repository data."
207.0,734.0003324468084,705.4468085106382,752.7872340425531,696.8011477045908,678.189620758483,715.1157684630739,5.0,10.1016/j.dib.2025.111743,10.17632/3pp86gdvh4.2,"Area-weighted centerline/radial mean reconstructed from published Fig. 3 and Fig. 4; use as an independent figure-level benchmark, not a substitute for the raw repository data."
208.0,734.0003324468084,705.4468085106382,752.7872340425531,696.4025698602794,677.1916167664671,715.1157684630739,5.0,10.1016/j.dib.2025.111743,10.17632/3pp86gdvh4.2,"Area-weighted centerline/radial mean reconstructed from published Fig. 3 and Fig. 4; use as an independent figure-level benchmark, not a substitute for the raw repository data."
209.0,732.96875,704.9148936170213,752.7872340425531,696.4025698602794,677.1916167664671,715.1157684630739,5.0,10.1016/j.dib.2025.111743,10.17632/3pp86gdvh4.2,"Area-weighted centerline/radial mean reconstructed from published Fig. 3 and Fig. 4; use as an independent figure-level benchmark, not a substitute for the raw repository data."
210.0,703.3683510638298,678.3191489361702,752.7872340425531,692.7667165668663,676.1936127744511,713.1197604790418,5.0,10.1016/j.dib.2025.111743,10.17632/3pp86gdvh4.2,"Area-weighted centerline/radial mean reconstructed from published Fig. 3 and Fig. 4; use as an independent figure-level benchmark, not a substitute for the raw repository data."
211.0,626.6198470744681,553.3191489361702,678.3191489361702,686.253493013972,670.2055888223553,712.6207584830339,5.0,10.1016/j.dib.2025.111743,10.17632/3pp86gdvh4.2,"Area-weighted centerline/radial mean reconstructed from published Fig. 3 and Fig. 4; use as an independent figure-level benchmark, not a substitute for the raw repository data."
212.0,584.7047872340426,493.74468085106383,655.4468085106382,678.5183383233533,666.2135728542914,689.1676646706587,5.0,10.1016/j.dib.2025.111743,10.17632/3pp86gdvh4.2,"Area-weighted centerline/radial mean reconstructed from published Fig. 3 and Fig. 4; use as an independent figure-level benchmark, not a substitute for the raw repository data."
213.0,550.3696808510639,483.63829787234044,636.8297872340426,676.911863772455,664.2175648702595,687.6706586826347,5.0,10.1016/j.dib.2025.111743,10.17632/3pp86gdvh4.2,"Area-weighted centerline/radial mean reconstructed from published Fig. 3 and Fig. 4; use as an independent figure-level benchmark, not a substitute for the raw repository data."
214.0,524.4288563829787,455.97872340425533,620.8723404255319,674.1873128742513,661.2235528942115,684.6766467065868,5.0,10.1016/j.dib.2025.111743,10.17632/3pp86gdvh4.2,"Area-weighted centerline/radial mean reconstructed from published Fig. 3 and Fig. 4; use as an independent figure-level benchmark, not a substitute for the raw repository data."
215.0,504.44614361702133,435.7659574468085,607.0425531914893,673.0096681636726,660.2255489021957,683.6786427145709,5.0,10.1016/j.dib.2025.111743,10.17632/3pp86gdvh4.2,"Area-weighted centerline/radial mean reconstructed from published Fig. 3 and Fig. 4; use as an independent figure-level benchmark, not a substitute for the raw repository data."
216.0,489.89361702127667,418.74468085106383,597.468085106383,671.7119510978043,659.2275449101796,682.1816367265469,5.0,10.1016/j.dib.2025.111743,10.17632/3pp86gdvh4.2,"Area-weighted centerline/radial mean reconstructed from published Fig. 3 and Fig. 4; use as an independent figure-level benchmark, not a substitute for the raw repository data."
217.0,482.08776595744683,416.6170212765958,591.0851063829787,670.5040543912174,658.2295409181636,680.6846307385229,5.0,10.1016/j.dib.2025.111743,10.17632/3pp86gdvh4.2,"Area-weighted centerline/radial mean reconstructed from published Fig. 3 and Fig. 4; use as an independent figure-level benchmark, not a substitute for the raw repository data."
218.0,471.9521276595745,402.7872340425532,581.5106382978723,668.7628493013972,656.2335329341317,679.187624750499,5.0,10.1016/j.dib.2025.111743,10.17632/3pp86gdvh4.2,"Area-weighted centerline/radial mean reconstructed from published Fig. 3 and Fig. 4; use as an independent figure-level benchmark, not a substitute for the raw repository data."
219.0,464.8051861702128,399.59574468085106,575.127659574468,667.8546656686626,655.2355289421157,678.189620758483,5.0,10.1016/j.dib.2025.111743,10.17632/3pp86gdvh4.2,"Area-weighted centerline/radial mean reconstructed from published Fig. 3 and Fig. 4; use as an independent figure-level benchmark, not a substitute for the raw repository data."
220.0,458.00565159574467,391.0851063829787,569.2765957446809,665.9877744510978,654.2375249500998,676.1936127744511,5.0,10.1016/j.dib.2025.111743,10.17632/3pp86gdvh4.2,"Area-weighted centerline/radial mean reconstructed from published Fig. 3 and Fig. 4; use as an independent figure-level benchmark, not a substitute for the raw repository data."
221.0,453.5339095744681,387.8936170212766,563.4255319148936,664.3560379241517,652.7405189620758,674.6966067864271,5.0,10.1016/j.dib.2025.111743,10.17632/3pp86gdvh4.2,"Area-weighted centerline/radial mean reconstructed from published Fig. 3 and Fig. 4; use as an independent figure-level benchmark, not a substitute for the raw repository data."
222.0,448.717420212766,383.63829787234044,559.1702127659574,662.5053642714571,650.245508982036,673.1996007984033,5.0,10.1016/j.dib.2025.111743,10.17632/3pp86gdvh4.2,"Area-weighted centerline/radial mean reconstructed from published Fig. 3 and Fig. 4; use as an independent figure-level benchmark, not a substitute for the raw repository data."
223.0,444.84042553191495,380.4468085106383,554.9148936170213,660.6440868263472,648.2495009980039,671.2035928143712,5.0,10.1016/j.dib.2025.111743,10.17632/3pp86gdvh4.2,"Area-weighted centerline/radial mean reconstructed from published Fig. 3 and Fig. 4; use as an independent figure-level benchmark, not a substitute for the raw repository data."
224.0,441.09375,377.25531914893617,550.6595744680851,658.158121257485,646.7524950099801,668.2095808383233,5.0,10.1016/j.dib.2025.111743,10.17632/3pp86gdvh4.2,"Area-weighted centerline/radial mean reconstructed from published Fig. 3 and Fig. 4; use as an independent figure-level benchmark, not a substitute for the raw repository data."
225.0,437.9022606382979,374.06382978723406,547.468085106383,656.1424650698602,644.2574850299401,666.2135728542914,5.0,10.1016/j.dib.2025.111743,10.17632/3pp86gdvh4.2,"Area-weighted centerline/radial mean reconstructed from published Fig. 3 and Fig. 4; use as an independent figure-level benchmark, not a substitute for the raw repository data."
226.0,435.0039893617021,371.93617021276594,544.2765957446809,653.9365643712574,642.2614770459081,663.7185628742515,5.0,10.1016/j.dib.2025.111743,10.17632/3pp86gdvh4.2,"Area-weighted centerline/radial mean reconstructed from published Fig. 3 and Fig. 4; use as an independent figure-level benchmark, not a substitute for the raw repository data."
227.0,432.2363696808511,369.8085106382979,540.5531914893618,652.5939371257484,641.2634730538922,662.2215568862275,5.0,10.1016/j.dib.2025.111743,10.17632/3pp86gdvh4.2,"Area-weighted centerline/radial mean reconstructed from published Fig. 3 and Fig. 4; use as an independent figure-level benchmark, not a substitute for the raw repository data."
228.0,430.23902925531917,367.6808510638298,538.4255319148936,648.0124750499001,633.2794411177645,658.2295409181636,5.0,10.1016/j.dib.2025.111743,10.17632/3pp86gdvh4.2,"Area-weighted centerline/radial mean reconstructed from published Fig. 3 and Fig. 4; use as an independent figure-level benchmark, not a substitute for the raw repository data."
229.0,427.6412898936171,365.55319148936167,535.2340425531916,645.8153068862275,635.7744510978043,653.2395209580839,5.0,10.1016/j.dib.2025.111743,10.17632/3pp86gdvh4.2,"Area-weighted centerline/radial mean reconstructed from published Fig. 3 and Fig. 4; use as an independent figure-level benchmark, not a substitute for the raw repository data."
230.0,425.34375,363.4255319148936,532.5744680851064,641.6268088822355,628.7884231536925,649.2475049900199,5.0,10.1016/j.dib.2025.111743,10.17632/3pp86gdvh4.2,"Area-weighted centerline/radial mean reconstructed from published Fig. 3 and Fig. 4; use as an independent figure-level benchmark, not a substitute for the raw repository data."
231.0,422.87632978723406,361.29787234042556,529.3829787234042,637.6837574850299,628.7884231536925,644.2574850299401,5.0,10.1016/j.dib.2025.111743,10.17632/3pp86gdvh4.2,"Area-weighted centerline/radial mean reconstructed from published Fig. 3 and Fig. 4; use as an independent figure-level benchmark, not a substitute for the raw repository data."
232.0,420.4089095744681,359.17021276595744,526.1914893617021,630.5502120758483,610.3253493013972,636.2734530938123,5.0,10.1016/j.dib.2025.111743,10.17632/3pp86gdvh4.2,"Area-weighted centerline/radial mean reconstructed from published Fig. 3 and Fig. 4; use as an independent figure-level benchmark, not a substitute for the raw repository data."
233.0,417.6805186170213,357.04255319148933,523.531914893617,618.3792415169661,603.8383233532934,624.2974051896208,5.0,10.1016/j.dib.2025.111743,10.17632/3pp86gdvh4.2,"Area-weighted centerline/radial mean reconstructed from published Fig. 3 and Fig. 4; use as an independent figure-level benchmark, not a substitute for the raw repository data."
234.0,415.3829787234043,354.9148936170213,520.8723404255319,612.6575598802395,598.8483033932135,621.3033932135729,5.0,10.1016/j.dib.2025.111743,10.17632/3pp86gdvh4.2,"Area-weighted centerline/radial mean reconstructed from published Fig. 3 and Fig. 4; use as an independent figure-level benchmark, not a substitute for the raw repository data."
235.0,412.48470744680856,352.7872340425532,517.6808510638298,606.8616516966068,587.3712574850299,618.3093812375249,5.0,10.1016/j.dib.2025.111743,10.17632/3pp86gdvh4.2,"Area-weighted centerline/radial mean reconstructed from published Fig. 3 and Fig. 4; use as an independent figure-level benchmark, not a substitute for the raw repository data."
236.0,410.6180186170213,350.6595744680851,515.0212765957447,600.9659431137725,584.87624750499,614.3173652694611,5.0,10.1016/j.dib.2025.111743,10.17632/3pp86gdvh4.2,"Area-weighted centerline/radial mean reconstructed from published Fig. 3 and Fig. 4; use as an independent figure-level benchmark, not a substitute for the raw repository data."
237.0,408.69880319148945,349.59574468085106,512.3617021276596,591.5416666666665,558.9281437125749,609.3273453093811,5.0,10.1016/j.dib.2025.111743,10.17632/3pp86gdvh4.2,"Area-weighted centerline/radial mean reconstructed from published Fig. 3 and Fig. 4; use as an independent figure-level benchmark, not a substitute for the raw repository data."
238.0,406.35571808510645,347.468085106383,510.23404255319144,584.8063872255489,558.4291417165668,605.3353293413173,5.0,10.1016/j.dib.2025.111743,10.17632/3pp86gdvh4.2,"Area-weighted centerline/radial mean reconstructed from published Fig. 3 and Fig. 4; use as an independent figure-level benchmark, not a substitute for the raw repository data."
239.0,404.78224734042556,346.40425531914894,507.5744680851064,576.8878493013972,550.4451097804391,601.3433133732535,5.0,10.1016/j.dib.2025.111743,10.17632/3pp86gdvh4.2,"Area-weighted centerline/radial mean reconstructed from published Fig. 3 and Fig. 4; use as an independent figure-level benchmark, not a substitute for the raw repository data."
240.0,403.04587765957444,344.27659574468083,504.9148936170213,568.069236526946,548.4491017964071,597.3512974051896,5.0,10.1016/j.dib.2025.111743,10.17632/3pp86gdvh4.2,"Area-weighted centerline/radial mean reconstructed from published Fig. 3 and Fig. 4; use as an independent figure-level benchmark, not a substitute for the raw repository data."
241.0,400.95079787234044,343.2127659574468,502.7872340425532,553.8551646706587,520.0059880239521,591.3632734530938,5.0,10.1016/j.dib.2025.111743,10.17632/3pp86gdvh4.2,"Area-weighted centerline/radial mean reconstructed from published Fig. 3 and Fig. 4; use as an independent figure-level benchmark, not a substitute for the raw repository data."
242.0,398.5226063829787,341.0851063829787,500.6595744680851,542.1311127744511,498.04990019960076,587.3712574850299,5.0,10.1016/j.dib.2025.111743,10.17632/3pp86gdvh4.2,"Area-weighted centerline/radial mean reconstructed from published Fig. 3 and Fig. 4; use as an independent figure-level benchmark, not a substitute for the raw repository data."
243.0,396.6489361702128,340.02127659574467,497.468085106383,533.4098053892216,485.5748502994012,582.3812375249502,5.0,10.1016/j.dib.2025.111743,10.17632/3pp86gdvh4.2,"Area-weighted centerline/radial mean reconstructed from published Fig. 3 and Fig. 4; use as an independent figure-level benchmark, not a substitute for the raw repository data."
244.0,395.2290558510639,338.4255319148936,495.3404255319149,523.0561377245508,460.62475049900195,577.3912175648702,5.0,10.1016/j.dib.2025.111743,10.17632/3pp86gdvh4.2,"Area-weighted centerline/radial mean reconstructed from published Fig. 3 and Fig. 4; use as an independent figure-level benchmark, not a substitute for the raw repository data."
245.0,393.6788563829787,336.82978723404256,493.2127659574468,513.93874750499,450.6447105788423,573.3992015968064,5.0,10.1016/j.dib.2025.111743,10.17632/3pp86gdvh4.2,"Area-weighted centerline/radial mean reconstructed from published Fig. 3 and Fig. 4; use as an independent figure-level benchmark, not a substitute for the raw repository data."
246.0,392.14494680851067,335.7659574468085,491.0851063829787,505.441991017964,440.66467065868267,568.4091816367265,5.0,10.1016/j.dib.2025.111743,10.17632/3pp86gdvh4.2,"Area-weighted centerline/radial mean reconstructed from published Fig. 3 and Fig. 4; use as an independent figure-level benchmark, not a substitute for the raw repository data."
247.0,390.310505319149,334.70212765957444,488.95744680851067,498.7828093812375,429.686626746507,564.4171656686626,5.0,10.1016/j.dib.2025.111743,10.17632/3pp86gdvh4.2,"Area-weighted centerline/radial mean reconstructed from published Fig. 3 and Fig. 4; use as an independent figure-level benchmark, not a substitute for the raw repository data."
248.0,388.890625,333.1063829787234,486.82978723404256,492.7230538922156,419.7065868263473,560.4251497005988,5.0,10.1016/j.dib.2025.111743,10.17632/3pp86gdvh4.2,"Area-weighted centerline/radial mean reconstructed from published Fig. 3 and Fig. 4; use as an independent figure-level benchmark, not a substitute for the raw repository data."
249.0,387.48703457446805,332.04255319148933,484.70212765957444,486.9181012974052,409.72654690618765,556.433133732535,5.0,10.1016/j.dib.2025.111743,10.17632/3pp86gdvh4.2,"Area-weighted centerline/radial mean reconstructed from published Fig. 3 and Fig. 4; use as an independent figure-level benchmark, not a substitute for the raw repository data."
250.0,385.6525930851064,330.97872340425533,482.5744680851064,477.74675648702595,400.7445109780439,551.443113772455,5.0,10.1016/j.dib.2025.111743,10.17632/3pp86gdvh4.2,"Area-weighted centerline/radial mean reconstructed from published Fig. 3 and Fig. 4; use as an independent figure-level benchmark, not a substitute for the raw repository data."
251.0,384.46442819148945,329.9148936170213,480.44680851063833,471.5815868263473,395.25548902195607,547.4510978043912,5.0,10.1016/j.dib.2025.111743,10.17632/3pp86gdvh4.2,"Area-weighted centerline/radial mean reconstructed from published Fig. 3 and Fig. 4; use as an independent figure-level benchmark, not a substitute for the raw repository data."
252.0,383.0771276595745,329.3829787234043,478.3191489361702,466.94523453093814,389.76646706586826,543.4590818363274,5.0,10.1016/j.dib.2025.111743,10.17632/3pp86gdvh4.2,"Area-weighted centerline/radial mean reconstructed from published Fig. 3 and Fig. 4; use as an independent figure-level benchmark, not a substitute for the raw repository data."
253.0,381.45811170212767,328.3191489361702,476.1914893617021,464.12680888223554,385.2754491017964,539.9660678642715,5.0,10.1016/j.dib.2025.111743,10.17632/3pp86gdvh4.2,"Area-weighted centerline/radial mean reconstructed from published Fig. 3 and Fig. 4; use as an independent figure-level benchmark, not a substitute for the raw repository data."
254.0,380.18484042553195,327.25531914893617,474.063829787234,461.25286926147703,380.78443113772454,536.9720558882236,5.0,10.1016/j.dib.2025.111743,10.17632/3pp86gdvh4.2,"Area-weighted centerline/radial mean reconstructed from published Fig. 3 and Fig. 4; use as an independent figure-level benchmark, not a substitute for the raw repository data."
255.0,378.9906914893617,326.1914893617021,473.0,458.1584331337325,377.2914171656687,534.4770459081836,5.0,10.1016/j.dib.2025.111743,10.17632/3pp86gdvh4.2,"Area-weighted centerline/radial mean reconstructed from published Fig. 3 and Fig. 4; use as an independent figure-level benchmark, not a substitute for the raw repository data."
256.0,377.5871010638298,325.1276595744681,470.8723404255319,455.51964820359274,374.7964071856287,530.9840319361277,5.0,10.1016/j.dib.2025.111743,10.17632/3pp86gdvh4.2,"Area-weighted centerline/radial mean reconstructed from published Fig. 3 and Fig. 4; use as an independent figure-level benchmark, not a substitute for the raw repository data."
257.0,376.1998005319149,324.59574468085106,468.74468085106383,452.52563622754485,371.8023952095808,527.9900199600798,5.0,10.1016/j.dib.2025.111743,10.17632/3pp86gdvh4.2,"Area-weighted centerline/radial mean reconstructed from published Fig. 3 and Fig. 4; use as an independent figure-level benchmark, not a substitute for the raw repository data."
258.0,374.796210106383,323.531914893617,466.6170212765958,450.04123003992015,368.80838323353294,524.996007984032,5.0,10.1016/j.dib.2025.111743,10.17632/3pp86gdvh4.2,"Area-weighted centerline/radial mean reconstructed from published Fig. 3 and Fig. 4; use as an independent figure-level benchmark, not a substitute for the raw repository data."
259.0,373.8626994680851,322.468085106383,465.55319148936167,447.1370384231536,366.812375249501,522.001996007984,5.0,10.1016/j.dib.2025.111743,10.17632/3pp86gdvh4.2,"Area-weighted centerline/radial mean reconstructed from published Fig. 3 and Fig. 4; use as an independent figure-level benchmark, not a substitute for the raw repository data."
260.0,372.60571808510645,321.93617021276594,463.4255319148936,443.94373752495005,363.8183632734531,518.5089820359282,5.0,10.1016/j.dib.2025.111743,10.17632/3pp86gdvh4.2,"Area-weighted centerline/radial mean reconstructed from published Fig. 3 and Fig. 4; use as an independent figure-level benchmark, not a substitute for the raw repository data."
261.0,371.4175531914894,320.8723404255319,461.29787234042556,441.1939246506986,361.32335329341316,516.0139720558882,5.0,10.1016/j.dib.2025.111743,10.17632/3pp86gdvh4.2,"Area-weighted centerline/radial mean reconstructed from published Fig. 3 and Fig. 4; use as an independent figure-level benchmark, not a substitute for the raw repository data."
262.0,370.6017287234043,320.8723404255319,460.2340425531915,439.2983408183633,359.8263473053892,513.5189620758483,5.0,10.1016/j.dib.2025.111743,10.17632/3pp86gdvh4.2,"Area-weighted centerline/radial mean reconstructed from published Fig. 3 and Fig. 4; use as an independent figure-level benchmark, not a substitute for the raw repository data."
263.0,369.6286569148936,319.8085106382979,458.63829787234044,436.64895209580834,357.8303393213573,510.5249500998004,5.0,10.1016/j.dib.2025.111743,10.17632/3pp86gdvh4.2,"Area-weighted centerline/radial mean reconstructed from published Fig. 3 and Fig. 4; use as an independent figure-level benchmark, not a substitute for the raw repository data."
264.0,368.41123670212767,319.27659574468083,457.04255319148933,434.9526571856287,356.3333333333333,508.5289421157685,5.0,10.1016/j.dib.2025.111743,10.17632/3pp86gdvh4.2,"Area-weighted centerline/radial mean reconstructed from published Fig. 3 and Fig. 4; use as an independent figure-level benchmark, not a substitute for the raw repository data."
265.0,367.45478723404256,318.74468085106383,454.9148936170213,432.5025573852295,354.3373253493014,506.0339321357285,5.0,10.1016/j.dib.2025.111743,10.17632/3pp86gdvh4.2,"Area-weighted centerline/radial mean reconstructed from published Fig. 3 and Fig. 4; use as an independent figure-level benchmark, not a substitute for the raw repository data."
266.0,366.6515957446809,317.6808510638298,453.8510638297872,430.56206337325347,352.34131736526945,503.5389221556886,5.0,10.1016/j.dib.2025.111743,10.17632/3pp86gdvh4.2,"Area-weighted centerline/radial mean reconstructed from published Fig. 3 and Fig. 4; use as an independent figure-level benchmark, not a substitute for the raw repository data."
267.0,365.26429521276594,317.1489361702128,451.7234042553191,428.35616267465065,350.8443113772455,501.54291417165666,5.0,10.1016/j.dib.2025.111743,10.17632/3pp86gdvh4.2,"Area-weighted centerline/radial mean reconstructed from published Fig. 3 and Fig. 4; use as an independent figure-level benchmark, not a substitute for the raw repository data."
268.0,364.046875,316.6170212765957,450.1276595744681,426.5160928143713,349.34730538922156,498.5489021956088,5.0,10.1016/j.dib.2025.111743,10.17632/3pp86gdvh4.2,"Area-weighted centerline/radial mean reconstructed from published Fig. 3 and Fig. 4; use as an independent figure-level benchmark, not a substitute for the raw repository data."
269.0,363.52094414893617,316.0851063829787,448.531914893617,424.1664171656687,347.8502994011976,495.5548902195609,5.0,10.1016/j.dib.2025.111743,10.17632/3pp86gdvh4.2,"Area-weighted centerline/radial mean reconstructed from published Fig. 3 and Fig. 4; use as an independent figure-level benchmark, not a substitute for the raw repository data."
270.0,362.2872340425532,315.02127659574467,446.93617021276594,422.00542664670655,346.85229540918164,493.5588822355289,5.0,10.1016/j.dib.2025.111743,10.17632/3pp86gdvh4.2,"Area-weighted centerline/radial mean reconstructed from published Fig. 3 and Fig. 4; use as an independent figure-level benchmark, not a substitute for the raw repository data."
271.0,361.94747340425533,315.02127659574467,445.8723404255319,420.10984281437123,345.3552894211577,491.063872255489,5.0,10.1016/j.dib.2025.111743,10.17632/3pp86gdvh4.2,"Area-weighted centerline/radial mean reconstructed from published Fig. 3 and Fig. 4; use as an independent figure-level benchmark, not a substitute for the raw repository data."
272.0,360.7300531914894,314.48936170212767,444.2765957446809,418.5588822355289,344.85628742514973,488.5688622754491,5.0,10.1016/j.dib.2025.111743,10.17632/3pp86gdvh4.2,"Area-weighted centerline/radial mean reconstructed from published Fig. 3 and Fig. 4; use as an independent figure-level benchmark, not a substitute for the raw repository data."
273.0,359.94315159574467,313.95744680851067,443.2127659574468,417.1173902195609,343.35928143712573,486.5728542914171,5.0,10.1016/j.dib.2025.111743,10.17632/3pp86gdvh4.2,"Area-weighted centerline/radial mean reconstructed from published Fig. 3 and Fig. 4; use as an independent figure-level benchmark, not a substitute for the raw repository data."
274.0,358.98670212765956,313.4255319148936,441.0851063829787,415.2112025948104,342.36127744510975,484.5768463073852,5.0,10.1016/j.dib.2025.111743,10.17632/3pp86gdvh4.2,"Area-weighted centerline/radial mean reconstructed from published Fig. 3 and Fig. 4; use as an independent figure-level benchmark, not a substitute for the raw repository data."
275.0,358.0694813829787,312.8936170212766,440.02127659574467,413.0608158682635,340.8642714570858,482.0818363273453,5.0,10.1016/j.dib.2025.111743,10.17632/3pp86gdvh4.2,"Area-weighted centerline/radial mean reconstructed from published Fig. 3 and Fig. 4; use as an independent figure-level benchmark, not a substitute for the raw repository data."
276.0,357.2433510638298,312.36170212765956,437.89361702127655,411.31961077844306,338.8682634730539,480.0858283433133,5.0,10.1016/j.dib.2025.111743,10.17632/3pp86gdvh4.2,"Area-weighted centerline/radial mean reconstructed from published Fig. 3 and Fig. 4; use as an independent figure-level benchmark, not a substitute for the raw repository data."
277.0,356.3261303191489,311.82978723404256,436.82978723404256,410.66623003992015,338.8682634730539,479.0878243512974,5.0,10.1016/j.dib.2025.111743,10.17632/3pp86gdvh4.2,"Area-weighted centerline/radial mean reconstructed from published Fig. 3 and Fig. 4; use as an independent figure-level benchmark, not a substitute for the raw repository data."
278.0,355.5392287234043,311.29787234042556,435.7659574468085,408.31655439121755,337.37125748502996,476.0938123752495,5.0,10.1016/j.dib.2025.111743,10.17632/3pp86gdvh4.2,"Area-weighted centerline/radial mean reconstructed from published Fig. 3 and Fig. 4; use as an independent figure-level benchmark, not a substitute for the raw repository data."
279.0,354.89926861702133,311.29787234042556,434.17021276595744,406.67577345309377,335.87425149700596,473.59880239520953,5.0,10.1016/j.dib.2025.111743,10.17632/3pp86gdvh4.2,"Area-weighted centerline/radial mean reconstructed from published Fig. 3 and Fig. 4; use as an independent figure-level benchmark, not a substitute for the raw repository data."
280.0,353.7958776595745,310.2340425531915,432.5744680851064,405.5683008982036,335.87425149700596,472.1017964071856,5.0,10.1016/j.dib.2025.111743,10.17632/3pp86gdvh4.2,"Area-weighted centerline/radial mean reconstructed from published Fig. 3 and Fig. 4; use as an independent figure-level benchmark, not a substitute for the raw repository data."
281.0,353.32579787234044,310.2340425531915,431.51063829787233,403.7715818363273,333.87824351297405,470.60479041916165,5.0,10.1016/j.dib.2025.111743,10.17632/3pp86gdvh4.2,"Area-weighted centerline/radial mean reconstructed from published Fig. 3 and Fig. 4; use as an independent figure-level benchmark, not a substitute for the raw repository data."
282.0,352.23869680851067,309.70212765957444,429.9148936170213,402.375,332.88023952095807,468.60878243512974,5.0,10.1016/j.dib.2025.111743,10.17632/3pp86gdvh4.2,"Area-weighted centerline/radial mean reconstructed from published Fig. 3 and Fig. 4; use as an independent figure-level benchmark, not a substitute for the raw repository data."
283.0,351.75232712765956,309.17021276595744,428.8510638297872,400.558632734531,332.88023952095807,466.61277445109783,5.0,10.1016/j.dib.2025.111743,10.17632/3pp86gdvh4.2,"Area-weighted centerline/radial mean reconstructed from published Fig. 3 and Fig. 4; use as an independent figure-level benchmark, not a substitute for the raw repository data."
284.0,351.4521276595745,309.17021276595744,428.3191489361702,399.71656686626744,332.3812375249501,464.6167664670659,5.0,10.1016/j.dib.2025.111743,10.17632/3pp86gdvh4.2,"Area-weighted centerline/radial mean reconstructed from published Fig. 3 and Fig. 4; use as an independent figure-level benchmark, not a substitute for the raw repository data."
285.0,350.51163563829783,309.17021276595744,426.7234042553191,398.2750748502994,330.88423153692617,462.6207584830339,5.0,10.1016/j.dib.2025.111743,10.17632/3pp86gdvh4.2,"Area-weighted centerline/radial mean reconstructed from published Fig. 3 and Fig. 4; use as an independent figure-level benchmark, not a substitute for the raw repository data."
286.0,350.13929521276594,308.1063829787234,425.6595744680851,396.4137974051896,330.38522954091815,460.62475049900195,5.0,10.1016/j.dib.2025.111743,10.17632/3pp86gdvh4.2,"Area-weighted centerline/radial mean reconstructed from published Fig. 3 and Fig. 4; use as an independent figure-level benchmark, not a substitute for the raw repository data."
287.0,348.93816489361706,308.1063829787234,424.063829787234,394.97230538922156,328.8882235528942,458.62874251497004,5.0,10.1016/j.dib.2025.111743,10.17632/3pp86gdvh4.2,"Area-weighted centerline/radial mean reconstructed from published Fig. 3 and Fig. 4; use as an independent figure-level benchmark, not a substitute for the raw repository data."
288.0,348.7682845744681,308.1063829787234,423.531914893617,393.6655439121756,328.8882235528942,456.63273453093814,5.0,10.1016/j.dib.2025.111743,10.17632/3pp86gdvh4.2,"Area-weighted centerline/radial mean reconstructed from published Fig. 3 and Fig. 4; use as an independent figure-level benchmark, not a substitute for the raw repository data."
289.0,347.6648936170213,307.04255319148933,421.93617021276594,392.66753992015964,327.8902195608782,455.63473053892216,5.0,10.1016/j.dib.2025.111743,10.17632/3pp86gdvh4.2,"Area-weighted centerline/radial mean reconstructed from published Fig. 3 and Fig. 4; use as an independent figure-level benchmark, not a substitute for the raw repository data."
290.0,347.02493351063833,307.04255319148933,420.3404255319149,391.75935628742513,327.8902195608782,454.6367265469062,5.0,10.1016/j.dib.2025.111743,10.17632/3pp86gdvh4.2,"Area-weighted centerline/radial mean reconstructed from published Fig. 3 and Fig. 4; use as an independent figure-level benchmark, not a substitute for the raw repository data."
291.0,346.5548537234043,307.04255319148933,419.2765957446809,390.27295409181636,325.8942115768463,452.6407185628742,5.0,10.1016/j.dib.2025.111743,10.17632/3pp86gdvh4.2,"Area-weighted centerline/radial mean reconstructed from published Fig. 3 and Fig. 4; use as an independent figure-level benchmark, not a substitute for the raw repository data."
292.0,345.75166223404256,305.97872340425533,418.2127659574468,389.4757984031936,325.8942115768463,450.6447105788423,5.0,10.1016/j.dib.2025.111743,10.17632/3pp86gdvh4.2,"Area-weighted centerline/radial mean reconstructed from published Fig. 3 and Fig. 4; use as an independent figure-level benchmark, not a substitute for the raw repository data."
293.0,345.2815824468085,305.97872340425533,417.1489361702128,387.9681886227545,324.89620758483034,449.6467065868263,5.0,10.1016/j.dib.2025.111743,10.17632/3pp86gdvh4.2,"Area-weighted centerline/radial mean reconstructed from published Fig. 3 and Fig. 4; use as an independent figure-level benchmark, not a substitute for the raw repository data."
294.0,344.77194148936167,305.97872340425533,415.55319148936167,386.66142714570856,324.89620758483034,447.65069860279436,5.0,10.1016/j.dib.2025.111743,10.17632/3pp86gdvh4.2,"Area-weighted centerline/radial mean reconstructed from published Fig. 3 and Fig. 4; use as an independent figure-level benchmark, not a substitute for the raw repository data."
295.0,344.0083111702128,304.9148936170213,415.02127659574467,385.6634231536926,323.89820359281435,446.65269461077844,5.0,10.1016/j.dib.2025.111743,10.17632/3pp86gdvh4.2,"Area-weighted centerline/radial mean reconstructed from published Fig. 3 and Fig. 4; use as an independent figure-level benchmark, not a substitute for the raw repository data."
296.0,343.5382313829787,304.9148936170213,413.95744680851067,384.2668413173652,322.9001996007984,444.6566866267465,5.0,10.1016/j.dib.2025.111743,10.17632/3pp86gdvh4.2,"Area-weighted centerline/radial mean reconstructed from published Fig. 3 and Fig. 4; use as an independent figure-level benchmark, not a substitute for the raw repository data."
297.0,343.19847074468083,304.9148936170213,412.89361702127655,383.46968562874247,322.9001996007984,442.6606786427146,5.0,10.1016/j.dib.2025.111743,10.17632/3pp86gdvh4.2,"Area-weighted centerline/radial mean reconstructed from published Fig. 3 and Fig. 4; use as an independent figure-level benchmark, not a substitute for the raw repository data."
298.0,342.1276595744681,304.9148936170213,411.29787234042556,382.47168163672654,321.90219560878245,441.6626746506986,5.0,10.1016/j.dib.2025.111743,10.17632/3pp86gdvh4.2,"Area-weighted centerline/radial mean reconstructed from published Fig. 3 and Fig. 4; use as an independent figure-level benchmark, not a substitute for the raw repository data."
299.0,341.9612699468085,304.3829787234042,411.031914893617,382.0453468063872,321.90219560878245,440.9141716566866,5.0,10.1016/j.dib.2025.111743,10.17632/3pp86gdvh4.2,"Area-weighted centerline/radial mean reconstructed from published Fig. 3 and Fig. 4; use as an independent figure-level benchmark, not a substitute for the raw repository data."
300.0,341.79488031914894,303.8510638297872,410.7659574468085,381.6190119760479,321.90219560878245,440.16566866267465,5.0,10.1016/j.dib.2025.111743,10.17632/3pp86gdvh4.2,"Area-weighted centerline/radial mean reconstructed from published Fig. 3 and Fig. 4; use as an independent figure-level benchmark, not a substitute for the raw repository data."
