scenario_id,reference_design_id,parallel_unit_count,installed_deliverable_energy_MWh,required_energy_MWh,capacity_feasible,resolved_unit_mass_flow_kg_s,resolved_unit_deliverable_energy_MWh,probe_kind,reported_minimum_unit_count,capacity_increment_MWh,nondecreasing_from_previous_count
S10MW_8H,G0112_T1_homogeneous_none__AIP_FLINAK_2017_V10,385,29.595973053554374,80.0,False,0.27631942525559544,0.07687265728195941,stratified_log_count_counterexample_search,1002,,True
S10MW_8H,G0112_T1_homogeneous_none__AIP_FLINAK_2017_V10,434,33.55709845909164,80.0,False,0.24512207079125403,0.0773205033619623,stratified_log_count_counterexample_search,1002,3.961125405537267,True
S10MW_8H,G0112_T1_homogeneous_none__AIP_FLINAK_2017_V10,489,38.01709943162611,80.0,False,0.21755210372884304,0.07774457961477732,stratified_log_count_counterexample_search,1002,4.460000972534466,True
S10MW_8H,G0112_T1_homogeneous_none__AIP_FLINAK_2017_V10,551,43.06048415439253,80.0,False,0.19307255666679538,0.07814969900978681,stratified_log_count_counterexample_search,1002,5.043384722766426,True
S10MW_8H,G0112_T1_homogeneous_none__AIP_FLINAK_2017_V10,621,48.77118682312356,80.0,False,0.17130914448213244,0.07853653272644695,stratified_log_count_counterexample_search,1002,5.710702668731024,True
S10MW_8H,G0112_T1_homogeneous_none__AIP_FLINAK_2017_V10,700,55.234063001738456,80.0,False,0.1519756838905775,0.0789058042881978,stratified_log_count_counterexample_search,1002,6.4628761786148985,True
S10MW_8H,G0112_T1_homogeneous_none__AIP_FLINAK_2017_V10,789,62.53420754752427,80.0,False,0.1348326726532373,0.07925755075731847,stratified_log_count_counterexample_search,1002,7.3001445457858125,True
S10MW_8H,G0112_T1_homogeneous_none__AIP_FLINAK_2017_V10,889,70.75663685648236,80.0,False,0.11966589282722638,0.07959126755509827,stratified_log_count_counterexample_search,1002,8.222429308958091,True
S10MW_8H,G0112_T1_homogeneous_none__AIP_FLINAK_2017_V10,1002,80.07047473849836,80.0,True,0.10617063744850723,0.07991065343163509,stratified_log_count_counterexample_search,1002,9.313837882016003,True
S10MW_8H,G0216_T1_homogeneous_none__AIP_FLINAK_2017_V10,518,24.617531865269427,80.0,False,0.2053725457980777,0.04752419279009542,stratified_log_count_counterexample_search,1618,,True
S10MW_8H,G0216_T1_homogeneous_none__AIP_FLINAK_2017_V10,597,28.546425774788403,80.0,False,0.17819594426030863,0.04781645858423518,stratified_log_count_counterexample_search,1618,3.928893909518976,True
S10MW_8H,G0216_T1_homogeneous_none__AIP_FLINAK_2017_V10,689,33.138195418033135,80.0,False,0.1544020010499336,0.04809607462704373,stratified_log_count_counterexample_search,1618,4.5917696432447315,True
S10MW_8H,G0216_T1_homogeneous_none__AIP_FLINAK_2017_V10,794,38.39598429150991,80.0,False,0.13398360040731014,0.0483576628356548,stratified_log_count_counterexample_search,1618,5.257788873476777,True
S10MW_8H,G0216_T1_homogeneous_none__AIP_FLINAK_2017_V10,915,44.4735993882066,80.0,False,0.11626555051738169,0.04860502665377771,stratified_log_count_counterexample_search,1618,6.0776150966966895,True
S10MW_8H,G0216_T1_homogeneous_none__AIP_FLINAK_2017_V10,1056,51.577169553333356,80.0,False,0.10074145712443584,0.04884201662247477,stratified_log_count_counterexample_search,1618,7.103570165126754,True
S10MW_8H,G0216_T1_homogeneous_none__AIP_FLINAK_2017_V10,1217,59.7093597438298,80.0,False,0.08741411563139215,0.049062744243081186,stratified_log_count_counterexample_search,1618,8.132190190496445,True
S10MW_8H,G0216_T1_homogeneous_none__AIP_FLINAK_2017_V10,1403,69.13012691797094,80.0,False,0.07582535903307502,0.04927307691943759,stratified_log_count_counterexample_search,1618,9.42076717414114,True
S10MW_8H,G0216_T1_homogeneous_none__AIP_FLINAK_2017_V10,1618,80.04646644704013,80.0,True,0.06574967782657865,0.04947247617245991,stratified_log_count_counterexample_search,1618,10.916339529069191,True
S10MW_8H,G0144_T1_homogeneous_none__AIP_FLINAK_2017_V10,564,15.048384649793478,80.0,False,0.18862230270107136,0.026681533067009714,stratified_log_count_counterexample_search,2883,,True
S10MW_8H,G0144_T1_homogeneous_none__AIP_FLINAK_2017_V10,692,18.581766812229176,80.0,False,0.15373262821301192,0.026852264179521933,stratified_log_count_counterexample_search,2883,3.5333821624356982,True
S10MW_8H,G0144_T1_homogeneous_none__AIP_FLINAK_2017_V10,848,22.904191652146782,80.0,False,0.12545162585307104,0.027009659967154223,stratified_log_count_counterexample_search,2883,4.3224248399176055,True
S10MW_8H,G0144_T1_homogeneous_none__AIP_FLINAK_2017_V10,1040,28.242014448962887,80.0,False,0.10229132569558101,0.027155783124002776,stratified_log_count_counterexample_search,2883,5.337822796816106,True
S10MW_8H,G0144_T1_homogeneous_none__AIP_FLINAK_2017_V10,1275,34.79642889712262,80.0,False,0.08343763037129745,0.027291316782056957,stratified_log_count_counterexample_search,2883,6.554414448159729,True
S10MW_8H,G0144_T1_homogeneous_none__AIP_FLINAK_2017_V10,1564,42.881416681473304,80.0,False,0.06801980736790553,0.02741778560196503,stratified_log_count_counterexample_search,2883,8.084987784350687,True
S10MW_8H,G0144_T1_homogeneous_none__AIP_FLINAK_2017_V10,1917,52.78566786219692,80.0,False,0.05549451159280347,0.02753555965685807,stratified_log_count_counterexample_search,2883,9.904251180723612,True
S10MW_8H,G0144_T1_homogeneous_none__AIP_FLINAK_2017_V10,2351,64.99698569395866,80.0,False,0.045250097287709165,0.027646527304959024,stratified_log_count_counterexample_search,2883,12.211317831761747,True
S10MW_8H,G0144_T1_homogeneous_none__AIP_FLINAK_2017_V10,2883,80.00739386669032,80.0,True,0.036900096678253294,0.02775143734536605,stratified_log_count_counterexample_search,2883,15.010408172731658,True
S10MW_8H,G0112_T2_graded_two_layer_fine_hot__AIP_FLINAK_2017_V10,385,29.373391377630014,80.0,False,0.27631942525559544,0.07629452305877926,stratified_log_count_counterexample_search,1007,,True
S10MW_8H,G0112_T2_graded_two_layer_fine_hot__AIP_FLINAK_2017_V10,434,33.31641635832358,80.0,False,0.24512207079125403,0.07676593630950133,stratified_log_count_counterexample_search,1007,3.943024980693565,True
S10MW_8H,G0112_T2_graded_two_layer_fine_hot__AIP_FLINAK_2017_V10,490,37.83800412819842,80.0,False,0.21710811984368214,0.07722041658816003,stratified_log_count_counterexample_search,1007,4.5215877698748415,True
S10MW_8H,G0112_T2_graded_two_layer_fine_hot__AIP_FLINAK_2017_V10,552,42.86045051327924,80.0,False,0.192722787542399,0.07764574368347689,stratified_log_count_counterexample_search,1007,5.022446385080819,True
S10MW_8H,G0112_T2_graded_two_layer_fine_hot__AIP_FLINAK_2017_V10,623,48.630161072385114,80.0,False,0.17075919538267134,0.07805804345487177,stratified_log_count_counterexample_search,1007,5.769710559105874,True
S10MW_8H,G0112_T2_graded_two_layer_fine_hot__AIP_FLINAK_2017_V10,702,55.068862548395735,80.0,False,0.1515427047341941,0.07844567314586287,stratified_log_count_counterexample_search,1007,6.438701476010621,True
S10MW_8H,G0112_T2_graded_two_layer_fine_hot__AIP_FLINAK_2017_V10,792,62.42487990534725,80.0,False,0.13432194283258111,0.07881929280978188,stratified_log_count_counterexample_search,1007,7.3560173569515115,True
S10MW_8H,G0112_T2_graded_two_layer_fine_hot__AIP_FLINAK_2017_V10,893,70.70211397040771,80.0,False,0.11912987539015034,0.07917369985487985,stratified_log_count_counterexample_search,1007,8.277234065060462,True
S10MW_8H,G0112_T2_graded_two_layer_fine_hot__AIP_FLINAK_2017_V10,1007,80.06876642610207,80.0,True,0.10564347440258615,0.0795121811579961,stratified_log_count_counterexample_search,1007,9.366652455694364,True
S10MW_8H,G0147_T2_graded_two_layer_fine_hot__AIP_FLINAK_2017_V10,476,22.68782790622597,80.0,False,0.22349365278026104,0.04766350400467641,stratified_log_count_counterexample_search,1624,,True
S10MW_8H,G0147_T2_graded_two_layer_fine_hot__AIP_FLINAK_2017_V10,555,26.587696079810566,80.0,False,0.19168104274487252,0.047905758702361384,stratified_log_count_counterexample_search,1624,3.899868173584597,True
S10MW_8H,G0147_T2_graded_two_layer_fine_hot__AIP_FLINAK_2017_V10,647,31.142619272811206,80.0,False,0.1644250057548752,0.04813387831964638,stratified_log_count_counterexample_search,1624,4.55492319300064,True
S10MW_8H,G0147_T2_graded_two_layer_fine_hot__AIP_FLINAK_2017_V10,754,36.45540035017721,80.0,False,0.14109148371804278,0.04834933733445253,stratified_log_count_counterexample_search,1624,5.312781077366001,True
S10MW_8H,G0147_T2_graded_two_layer_fine_hot__AIP_FLINAK_2017_V10,879,42.67820198878681,80.0,False,0.12102727954881029,0.04855313081773244,stratified_log_count_counterexample_search,1624,6.222801638609603,True
S10MW_8H,G0147_T2_graded_two_layer_fine_hot__AIP_FLINAK_2017_V10,1025,49.96502593823402,80.0,False,0.10378827192527244,0.0487463667690088,stratified_log_count_counterexample_search,1624,7.286823949447211,True
S10MW_8H,G0147_T2_graded_two_layer_fine_hot__AIP_FLINAK_2017_V10,1195,58.47033557183111,80.0,False,0.08902341315766046,0.04892915110613482,stratified_log_count_counterexample_search,1624,8.505309633597086,True
S10MW_8H,G0147_T2_graded_two_layer_fine_hot__AIP_FLINAK_2017_V10,1393,68.39972074751786,80.0,False,0.07636969039727512,0.04910245566943135,stratified_log_count_counterexample_search,1624,9.929385175686754,True
S10MW_8H,G0147_T2_graded_two_layer_fine_hot__AIP_FLINAK_2017_V10,1624,80.01025435138955,80.0,True,0.06550676029766271,0.0492673979996241,stratified_log_count_counterexample_search,1624,11.610533603871687,True
S10MW_8H,G0144_T2_graded_two_layer_fine_hot__AIP_FLINAK_2017_V10,564,14.971155093533628,80.0,False,0.18862230270107136,0.026544601229669555,stratified_log_count_counterexample_search,2892,,True
S10MW_8H,G0144_T2_graded_two_layer_fine_hot__AIP_FLINAK_2017_V10,692,18.493781385212877,80.0,False,0.15373262821301192,0.026725117608689127,stratified_log_count_counterexample_search,2892,3.5226262916792486,True
S10MW_8H,G0144_T2_graded_two_layer_fine_hot__AIP_FLINAK_2017_V10,849,22.831246201060313,80.0,False,0.12530386186502268,0.026891927209729462,stratified_log_count_counterexample_search,2892,4.3374648158474365,True
S10MW_8H,G0144_T2_graded_two_layer_fine_hot__AIP_FLINAK_2017_V10,1041,28.154797858780025,80.0,False,0.1021930631348744,0.02704591533024018,stratified_log_count_counterexample_search,2892,5.323551657719712,True
S10MW_8H,G0144_T2_graded_two_layer_fine_hot__AIP_FLINAK_2017_V10,1277,34.72042220878604,80.0,False,0.08330695279828054,0.027189054196386876,stratified_log_count_counterexample_search,2892,6.565624350006015,True
S10MW_8H,G0144_T2_graded_two_layer_fine_hot__AIP_FLINAK_2017_V10,1567,42.81412410050439,80.0,False,0.06788958437996442,0.027322351053289333,stratified_log_count_counterexample_search,2892,8.093701891718347,True
S10MW_8H,G0144_T2_graded_two_layer_fine_hot__AIP_FLINAK_2017_V10,1922,52.75205305030094,80.0,False,0.05535014501737994,0.027446437591207563,stratified_log_count_counterexample_search,2892,9.93792894979655,True
S10MW_8H,G0144_T2_graded_two_layer_fine_hot__AIP_FLINAK_2017_V10,2358,64.99268997606535,80.0,False,0.04511576705827152,0.027562633577635855,stratified_log_count_counterexample_search,2892,12.240636925764413,True
S10MW_8H,G0144_T2_graded_two_layer_fine_hot__AIP_FLINAK_2017_V10,2892,80.02692589532033,80.0,True,0.0367852623524911,0.027671827764633585,stratified_log_count_counterexample_search,2892,15.034235919254982,True
S10MW_8H,G0112_T3_graded_two_layer_coarse_hot__AIP_FLINAK_2017_V10,385,29.374176018968765,80.0,False,0.27631942525559544,0.07629656108823056,stratified_log_count_counterexample_search,1007,,True
S10MW_8H,G0112_T3_graded_two_layer_coarse_hot__AIP_FLINAK_2017_V10,434,33.31571863090871,80.0,False,0.24512207079125403,0.0767643286426468,stratified_log_count_counterexample_search,1007,3.9415426119399477,True
S10MW_8H,G0112_T3_graded_two_layer_coarse_hot__AIP_FLINAK_2017_V10,490,37.83792236632165,80.0,False,0.21710811984368214,0.07722024972718704,stratified_log_count_counterexample_search,1007,4.522203735412937,True
S10MW_8H,G0112_T3_graded_two_layer_coarse_hot__AIP_FLINAK_2017_V10,552,42.859868860821436,80.0,False,0.192722787542399,0.07764468996525623,stratified_log_count_counterexample_search,1007,5.021946494499787,True
S10MW_8H,G0112_T3_graded_two_layer_coarse_hot__AIP_FLINAK_2017_V10,623,48.62957838142812,80.0,False,0.17075919538267134,0.07805710815638542,stratified_log_count_counterexample_search,1007,5.769709520606682,True
S10MW_8H,G0112_T3_graded_two_layer_coarse_hot__AIP_FLINAK_2017_V10,702,55.06821911954337,80.0,False,0.1515427047341941,0.07844475658054612,stratified_log_count_counterexample_search,1007,6.438640738115254,True
S10MW_8H,G0112_T3_graded_two_layer_coarse_hot__AIP_FLINAK_2017_V10,792,62.42366521197471,80.0,False,0.13432194283258111,0.07881775910602867,stratified_log_count_counterexample_search,1007,7.355446092431336,True
S10MW_8H,G0112_T3_graded_two_layer_coarse_hot__AIP_FLINAK_2017_V10,893,70.7014527273105,80.0,False,0.11912987539015034,0.07917295938108677,stratified_log_count_counterexample_search,1007,8.277787515335788,True
S10MW_8H,G0112_T3_graded_two_layer_coarse_hot__AIP_FLINAK_2017_V10,1007,80.06745144195233,80.0,True,0.10564347440258615,0.07951087531474908,stratified_log_count_counterexample_search,1007,9.365998714641833,True
S10MW_8H,G0216_T3_graded_two_layer_coarse_hot__AIP_FLINAK_2017_V10,518,24.45363164909652,80.0,False,0.2053725457980777,0.047207783106363935,stratified_log_count_counterexample_search,1624,,True
S10MW_8H,G0216_T3_graded_two_layer_coarse_hot__AIP_FLINAK_2017_V10,598,28.416575686934433,80.0,False,0.17789795773144523,0.04751935733601076,stratified_log_count_counterexample_search,1624,3.9629440378379144,True
S10MW_8H,G0216_T3_graded_two_layer_coarse_hot__AIP_FLINAK_2017_V10,689,32.940671052606874,80.0,False,0.1544020010499336,0.047809391948631166,stratified_log_count_counterexample_search,1624,4.524095365672441,True
S10MW_8H,G0216_T3_graded_two_layer_coarse_hot__AIP_FLINAK_2017_V10,795,38.22789888383894,80.0,False,0.13381506757660913,0.04808540740105527,stratified_log_count_counterexample_search,1624,5.287227831232066,True
S10MW_8H,G0216_T3_graded_two_layer_coarse_hot__AIP_FLINAK_2017_V10,917,44.33394124413841,80.0,False,0.11601197243555535,0.04834671891400045,stratified_log_count_counterexample_search,1624,6.106042360299469,True
S10MW_8H,G0216_T3_graded_two_layer_coarse_hot__AIP_FLINAK_2017_V10,1058,51.41434655727276,80.0,False,0.10055101958733861,0.04859579069685516,stratified_log_count_counterexample_search,1624,7.080405313134349,True
S10MW_8H,G0216_T3_graded_two_layer_coarse_hot__AIP_FLINAK_2017_V10,1220,59.57168295322127,80.0,False,0.08719916288803627,0.048829248322312516,stratified_log_count_counterexample_search,1624,8.157336395948512,True
S10MW_8H,G0216_T3_graded_two_layer_coarse_hot__AIP_FLINAK_2017_V10,1408,69.06374988558716,80.0,False,0.07555609284332689,0.049050958725559056,stratified_log_count_counterexample_search,1624,9.492066932365887,True
S10MW_8H,G0216_T3_graded_two_layer_coarse_hot__AIP_FLINAK_2017_V10,1624,80.00129761788907,80.0,True,0.06550676029766271,0.049261882769636126,stratified_log_count_counterexample_search,1624,10.937547732301908,True
S10MW_8H,G0144_T3_graded_two_layer_coarse_hot__AIP_FLINAK_2017_V10,564,14.970758997650384,80.0,False,0.18862230270107136,0.026543898932004227,stratified_log_count_counterexample_search,2892,,True
S10MW_8H,G0144_T3_graded_two_layer_coarse_hot__AIP_FLINAK_2017_V10,692,18.493248164865868,80.0,False,0.15373262821301192,0.026724347059054722,stratified_log_count_counterexample_search,2892,3.5224891672154843,True
S10MW_8H,G0144_T3_graded_two_layer_coarse_hot__AIP_FLINAK_2017_V10,849,22.830496427650335,80.0,False,0.12530386186502268,0.026891044084393797,stratified_log_count_counterexample_search,2892,4.337248262784467,True
S10MW_8H,G0144_T3_graded_two_layer_coarse_hot__AIP_FLINAK_2017_V10,1041,28.15317447918121,80.0,False,0.1021930631348744,0.027044355887782142,stratified_log_count_counterexample_search,2892,5.322678051530875,True
S10MW_8H,G0144_T3_graded_two_layer_coarse_hot__AIP_FLINAK_2017_V10,1277,34.71789970439973,80.0,False,0.08330695279828054,0.02718707886014074,stratified_log_count_counterexample_search,2892,6.564725225218517,True
S10MW_8H,G0144_T3_graded_two_layer_coarse_hot__AIP_FLINAK_2017_V10,1567,42.8098925075735,80.0,False,0.06788958437996442,0.02731965061108711,stratified_log_count_counterexample_search,2892,8.091992803173774,True
S10MW_8H,G0144_T3_graded_two_layer_coarse_hot__AIP_FLINAK_2017_V10,1922,52.744884240305744,80.0,False,0.05535014501737994,0.027442707721282905,stratified_log_count_counterexample_search,2892,9.934991732732243,True
S10MW_8H,G0144_T3_graded_two_layer_coarse_hot__AIP_FLINAK_2017_V10,2358,64.98016215707587,80.0,False,0.04511576705827152,0.02755732067730105,stratified_log_count_counterexample_search,2892,12.235277916770123,True
S10MW_8H,G0144_T3_graded_two_layer_coarse_hot__AIP_FLINAK_2017_V10,2892,80.00431161600568,80.0,True,0.0367852623524911,0.027664008165977066,stratified_log_count_counterexample_search,2892,15.024149458929813,True
S10MW_8H,G0112_T1_homogeneous_none__AIP_LIF_NAK_CARBONATE_RECIPROCAL_2017_V10,385,29.02288994443325,80.0,False,0.28542885685742825,0.07538412972580065,stratified_log_count_counterexample_search,1020,,True
S10MW_8H,G0112_T1_homogeneous_none__AIP_LIF_NAK_CARBONATE_RECIPROCAL_2017_V10,435,32.990265555056276,80.0,False,0.2526209422761147,0.07583969093116386,stratified_log_count_counterexample_search,1020,3.9673756106230265,True
S10MW_8H,G0112_T1_homogeneous_none__AIP_LIF_NAK_CARBONATE_RECIPROCAL_2017_V10,491,37.44758961102527,80.0,False,0.22380877778026453,0.07626800328111054,stratified_log_count_counterexample_search,1020,4.457324055968996,True
S10MW_8H,G0112_T1_homogeneous_none__AIP_LIF_NAK_CARBONATE_RECIPROCAL_2017_V10,555,42.5580129289404,80.0,False,0.198000198000198,0.07668110437646919,stratified_log_count_counterexample_search,1020,5.110423317915128,True
S10MW_8H,G0112_T1_homogeneous_none__AIP_LIF_NAK_CARBONATE_RECIPROCAL_2017_V10,627,48.32492985425023,80.0,False,0.17526333315807,0.07707325335606097,stratified_log_count_counterexample_search,1020,5.766916925309829,True
S10MW_8H,G0112_T1_homogeneous_none__AIP_LIF_NAK_CARBONATE_RECIPROCAL_2017_V10,708,54.829723902232104,80.0,False,0.15521201961879927,0.07744311285626003,stratified_log_count_counterexample_search,1020,6.504794047981875,True
S10MW_8H,G0112_T1_homogeneous_none__AIP_LIF_NAK_CARBONATE_RECIPROCAL_2017_V10,799,62.15790545779799,80.0,False,0.13753455555708372,0.07779462510362702,stratified_log_count_counterexample_search,1020,7.328181555565884,True
S10MW_8H,G0112_T1_homogeneous_none__AIP_LIF_NAK_CARBONATE_RECIPROCAL_2017_V10,903,70.55439460270443,80.0,False,0.12169447385394229,0.07813332735626183,stratified_log_count_counterexample_search,1020,8.396489144906447,True
S10MW_8H,G0112_T1_homogeneous_none__AIP_LIF_NAK_CARBONATE_RECIPROCAL_2017_V10,1020,80.02337859047384,80.0,True,0.1077354018530489,0.07845429273575867,stratified_log_count_counterexample_search,1020,9.468983987769406,True
S10MW_8H,G0216_T1_homogeneous_none__AIP_LIF_NAK_CARBONATE_RECIPROCAL_2017_V10,518,24.06017874067822,80.0,False,0.2121430692859264,0.04644822150710081,stratified_log_count_counterexample_search,1653,,True
S10MW_8H,G0216_T1_homogeneous_none__AIP_LIF_NAK_CARBONATE_RECIPROCAL_2017_V10,599,28.001732769979366,80.0,False,0.18345594305527527,0.046747467061735166,stratified_log_count_counterexample_search,1653,3.9415540293011446,True
S10MW_8H,G0216_T1_homogeneous_none__AIP_LIF_NAK_CARBONATE_RECIPROCAL_2017_V10,692,32.54225490018369,80.0,False,0.1588007368354189,0.04702637991356025,stratified_log_count_counterexample_search,1653,4.540522130204327,True
S10MW_8H,G0216_T1_homogeneous_none__AIP_LIF_NAK_CARBONATE_RECIPROCAL_2017_V10,800,37.83315126430436,80.0,False,0.13736263736263735,0.04729143908038045,stratified_log_count_counterexample_search,1653,5.29089636412067,True
S10MW_8H,G0216_T1_homogeneous_none__AIP_LIF_NAK_CARBONATE_RECIPROCAL_2017_V10,925,43.97631779298328,80.0,False,0.11880011880011879,0.04754196518160355,stratified_log_count_counterexample_search,1653,6.143166528678918,True
S10MW_8H,G0216_T1_homogeneous_none__AIP_LIF_NAK_CARBONATE_RECIPROCAL_2017_V10,1070,51.124460114287935,80.0,False,0.10270103728047653,0.04777986926568966,stratified_log_count_counterexample_search,1653,7.148142321304654,True
S10MW_8H,G0216_T1_homogeneous_none__AIP_LIF_NAK_CARBONATE_RECIPROCAL_2017_V10,1237,59.379818669362884,80.0,False,0.08883598212620039,0.04800308704071373,stratified_log_count_counterexample_search,1653,8.255358555074949,True
S10MW_8H,G0216_T1_homogeneous_none__AIP_LIF_NAK_CARBONATE_RECIPROCAL_2017_V10,1430,68.94528742014809,80.0,False,0.07684623069238454,0.048213487706397266,stratified_log_count_counterexample_search,1653,9.565468750785207,True
S10MW_8H,G0216_T1_homogeneous_none__AIP_LIF_NAK_CARBONATE_RECIPROCAL_2017_V10,1653,80.02684557217152,80.0,True,0.06647919533581965,0.048413094720006974,stratified_log_count_counterexample_search,1653,11.081558152023433,True
S10MW_8H,G0144_T1_homogeneous_none__AIP_LIF_NAK_CARBONATE_RECIPROCAL_2017_V10,564,14.745245045158878,80.0,False,0.19484062037253524,0.02614405149850865,stratified_log_count_counterexample_search,2940,,True
S10MW_8H,G0144_T1_homogeneous_none__AIP_LIF_NAK_CARBONATE_RECIPROCAL_2017_V10,693,18.23641359837275,80.0,False,0.1585715871430157,0.026315171137623015,stratified_log_count_counterexample_search,2940,3.491168553213871,True
S10MW_8H,G0144_T1_homogeneous_none__AIP_LIF_NAK_CARBONATE_RECIPROCAL_2017_V10,852,22.555495446528184,80.0,False,0.12897900221843883,0.026473586204845287,stratified_log_count_counterexample_search,2940,4.3190818481554345,True
S10MW_8H,G0144_T1_homogeneous_none__AIP_LIF_NAK_CARBONATE_RECIPROCAL_2017_V10,1048,27.89814189954145,80.0,False,0.10485697508598271,0.0266203644079594,stratified_log_count_counterexample_search,2940,5.342646453013266,True
S10MW_8H,G0144_T1_homogeneous_none__AIP_LIF_NAK_CARBONATE_RECIPROCAL_2017_V10,1288,34.46152658875595,80.0,False,0.08531840829977476,0.026755843624810524,stratified_log_count_counterexample_search,2940,6.563384689214502,True
S10MW_8H,G0144_T1_homogeneous_none__AIP_LIF_NAK_CARBONATE_RECIPROCAL_2017_V10,1583,42.55383145752232,80.0,False,0.06941889443468723,0.026881763397045053,stratified_log_count_counterexample_search,2940,8.09230486876637,True
S10MW_8H,G0144_T1_homogeneous_none__AIP_LIF_NAK_CARBONATE_RECIPROCAL_2017_V10,1946,52.540853254515156,80.0,False,0.05646973786747682,0.02699941071660594,stratified_log_count_counterexample_search,2940,9.987021796992835,True
S10MW_8H,G0144_T1_homogeneous_none__AIP_LIF_NAK_CARBONATE_RECIPROCAL_2017_V10,2392,64.84646714096985,80.0,False,0.045940681392186405,0.027109727065622844,stratified_log_count_counterexample_search,2940,12.305613886454694,True
S10MW_8H,G0144_T1_homogeneous_none__AIP_LIF_NAK_CARBONATE_RECIPROCAL_2017_V10,2940,80.00884257677946,80.0,True,0.037377588397996556,0.027213892032918182,stratified_log_count_counterexample_search,2940,15.162375435809608,True
S10MW_8H,G0112_T2_graded_two_layer_fine_hot__AIP_LIF_NAK_CARBONATE_RECIPROCAL_2017_V10,385,28.801085326958138,80.0,False,0.28542885685742825,0.0748080138362549,stratified_log_count_counterexample_search,1025,,True
S10MW_8H,G0112_T2_graded_two_layer_fine_hot__AIP_LIF_NAK_CARBONATE_RECIPROCAL_2017_V10,435,32.74950419192877,80.0,False,0.2526209422761147,0.0752862165331696,stratified_log_count_counterexample_search,1025,3.948418864970634,True
S10MW_8H,G0112_T2_graded_two_layer_fine_hot__AIP_LIF_NAK_CARBONATE_RECIPROCAL_2017_V10,492,37.266825365754244,80.0,False,0.22335388189046723,0.07574558001169562,stratified_log_count_counterexample_search,1025,4.517321173825472,True
S10MW_8H,G0112_T2_graded_two_layer_fine_hot__AIP_LIF_NAK_CARBONATE_RECIPROCAL_2017_V10,556,42.356313330320916,80.0,False,0.19764408253616886,0.07618041965885057,stratified_log_count_counterexample_search,1025,5.089487964566672,True
S10MW_8H,G0112_T2_graded_two_layer_fine_hot__AIP_LIF_NAK_CARBONATE_RECIPROCAL_2017_V10,628,48.09989429374083,80.0,False,0.17498425141737242,0.07659218836582934,stratified_log_count_counterexample_search,1025,5.743580963419916,True
S10MW_8H,G0112_T2_graded_two_layer_fine_hot__AIP_LIF_NAK_CARBONATE_RECIPROCAL_2017_V10,710,54.66077860297414,80.0,False,0.1547748026621266,0.07698701211686498,stratified_log_count_counterexample_search,1025,6.560884309233309,True
S10MW_8H,G0112_T2_graded_two_layer_fine_hot__AIP_LIF_NAK_CARBONATE_RECIPROCAL_2017_V10,802,62.04323878761095,80.0,False,0.13702008714477543,0.07736064686734533,stratified_log_count_counterexample_search,1025,7.3824601846368125,True
S10MW_8H,G0112_T2_graded_two_layer_fine_hot__AIP_LIF_NAK_CARBONATE_RECIPROCAL_2017_V10,907,70.49199985658623,80.0,False,0.12115778378181906,0.07771995574044789,stratified_log_count_counterexample_search,1025,8.44876106897528,True
S10MW_8H,G0112_T2_graded_two_layer_fine_hot__AIP_LIF_NAK_CARBONATE_RECIPROCAL_2017_V10,1025,80.0114034478514,80.0,True,0.10720986330742428,0.07805990580278184,stratified_log_count_counterexample_search,1025,9.51940359126516,True
S10MW_8H,G0216_T2_graded_two_layer_fine_hot__AIP_LIF_NAK_CARBONATE_RECIPROCAL_2017_V10,518,23.897284533885585,80.0,False,0.2121430692859264,0.04613375392642005,stratified_log_count_counterexample_search,1660,,True
S10MW_8H,G0216_T2_graded_two_layer_fine_hot__AIP_LIF_NAK_CARBONATE_RECIPROCAL_2017_V10,599,27.82142449862514,80.0,False,0.18345594305527527,0.046446451583681374,stratified_log_count_counterexample_search,1660,3.924139964739556,True
S10MW_8H,G0216_T2_graded_two_layer_fine_hot__AIP_LIF_NAK_CARBONATE_RECIPROCAL_2017_V10,693,32.393141377305916,80.0,False,0.1585715871430157,0.04674334975080219,stratified_log_count_counterexample_search,1660,4.571716878680775,True
S10MW_8H,G0216_T2_graded_two_layer_fine_hot__AIP_LIF_NAK_CARBONATE_RECIPROCAL_2017_V10,802,37.71348566427236,80.0,False,0.13702008714477543,0.04702429633949172,stratified_log_count_counterexample_search,1660,5.320344286966446,True
S10MW_8H,G0216_T2_graded_two_layer_fine_hot__AIP_LIF_NAK_CARBONATE_RECIPROCAL_2017_V10,927,43.83495381399284,80.0,False,0.1185438078641962,0.04728689731822313,stratified_log_count_counterexample_search,1660,6.121468149720478,True
S10MW_8H,G0216_T2_graded_two_layer_fine_hot__AIP_LIF_NAK_CARBONATE_RECIPROCAL_2017_V10,1073,51.00801237644199,80.0,False,0.10241389551734378,0.047537756175621615,stratified_log_count_counterexample_search,1660,7.17305856244915,True
S10MW_8H,G0216_T2_graded_two_layer_fine_hot__AIP_LIF_NAK_CARBONATE_RECIPROCAL_2017_V10,1241,59.28723350486138,80.0,False,0.08854964535867034,0.04777375786048459,stratified_log_count_counterexample_search,1660,8.279221128419394,True
S10MW_8H,G0216_T2_graded_two_layer_fine_hot__AIP_LIF_NAK_CARBONATE_RECIPROCAL_2017_V10,1435,68.87440285430132,80.0,False,0.07657847379101734,0.04799609955003576,stratified_log_count_counterexample_search,1660,9.58716934943994,True
S10MW_8H,G0216_T2_graded_two_layer_fine_hot__AIP_LIF_NAK_CARBONATE_RECIPROCAL_2017_V10,1660,80.02403814284663,80.0,True,0.06619886137958426,0.0482072518932811,stratified_log_count_counterexample_search,1660,11.149635288545312,True
S10MW_8H,G0144_T2_graded_two_layer_fine_hot__AIP_LIF_NAK_CARBONATE_RECIPROCAL_2017_V10,564,14.668315029389527,80.0,False,0.19484062037253524,0.026007650761328948,stratified_log_count_counterexample_search,2949,,True
S10MW_8H,G0144_T2_graded_two_layer_fine_hot__AIP_LIF_NAK_CARBONATE_RECIPROCAL_2017_V10,694,18.175663020959448,80.0,False,0.1583430978243658,0.026189716168529463,stratified_log_count_counterexample_search,2949,3.5073479915699206,True
S10MW_8H,G0144_T2_graded_two_layer_fine_hot__AIP_LIF_NAK_CARBONATE_RECIPROCAL_2017_V10,853,22.48230964471153,80.0,False,0.12882779588524018,0.026356752221232745,stratified_log_count_counterexample_search,2949,4.3066466237520835,True
S10MW_8H,G0144_T2_graded_two_layer_fine_hot__AIP_LIF_NAK_CARBONATE_RECIPROCAL_2017_V10,1049,27.810578360988025,80.0,False,0.10475701610115337,0.026511514166814132,stratified_log_count_counterexample_search,2949,5.328268716276494,True
S10MW_8H,G0144_T2_graded_two_layer_fine_hot__AIP_LIF_NAK_CARBONATE_RECIPROCAL_2017_V10,1290,34.384633625305845,80.0,False,0.0851861316977596,0.026654754748299106,stratified_log_count_counterexample_search,2949,6.5740552643178205,True
S10MW_8H,G0144_T2_graded_two_layer_fine_hot__AIP_LIF_NAK_CARBONATE_RECIPROCAL_2017_V10,1586,42.485078238684366,80.0,False,0.06928758505051065,0.026787565093748023,stratified_log_count_counterexample_search,2949,8.10044461337852,True
S10MW_8H,G0144_T2_graded_two_layer_fine_hot__AIP_LIF_NAK_CARBONATE_RECIPROCAL_2017_V10,1950,52.47697612716105,80.0,False,0.05635390250774866,0.02691126980880054,stratified_log_count_counterexample_search,2949,9.991897888476686,True
S10MW_8H,G0144_T2_graded_two_layer_fine_hot__AIP_LIF_NAK_CARBONATE_RECIPROCAL_2017_V10,2398,64.81049031504735,80.0,False,0.04582573389912839,0.02702689337574952,stratified_log_count_counterexample_search,2949,12.333514187886294,True
S10MW_8H,G0144_T2_graded_two_layer_fine_hot__AIP_LIF_NAK_CARBONATE_RECIPROCAL_2017_V10,2949,80.02279038827197,80.0,True,0.03726351640898945,0.027135568120811113,stratified_log_count_counterexample_search,2949,15.212300073224625,True
S10MW_8H,G0112_T3_graded_two_layer_coarse_hot__AIP_LIF_NAK_CARBONATE_RECIPROCAL_2017_V10,385,28.800650508026358,80.0,False,0.28542885685742825,0.0748068844364321,stratified_log_count_counterexample_search,1025,,True
S10MW_8H,G0112_T3_graded_two_layer_coarse_hot__AIP_LIF_NAK_CARBONATE_RECIPROCAL_2017_V10,435,32.74951122109783,80.0,False,0.2526209422761147,0.07528623269217892,stratified_log_count_counterexample_search,1025,3.9488607130714755,True
S10MW_8H,G0112_T3_graded_two_layer_coarse_hot__AIP_LIF_NAK_CARBONATE_RECIPROCAL_2017_V10,492,37.266332848515724,80.0,False,0.22335388189046723,0.07574457896039781,stratified_log_count_counterexample_search,1025,4.51682162741789,True
S10MW_8H,G0112_T3_graded_two_layer_coarse_hot__AIP_LIF_NAK_CARBONATE_RECIPROCAL_2017_V10,556,42.35618754562871,80.0,False,0.19764408253616886,0.07618019342738976,stratified_log_count_counterexample_search,1025,5.089854697112983,True
S10MW_8H,G0112_T3_graded_two_layer_coarse_hot__AIP_LIF_NAK_CARBONATE_RECIPROCAL_2017_V10,628,48.09978883465859,80.0,False,0.17498425141737242,0.07659202043735444,stratified_log_count_counterexample_search,1025,5.743601289029883,True
S10MW_8H,G0112_T3_graded_two_layer_coarse_hot__AIP_LIF_NAK_CARBONATE_RECIPROCAL_2017_V10,710,54.65984941423144,80.0,False,0.1547748026621266,0.07698570340032597,stratified_log_count_counterexample_search,1025,6.560060579572848,True
S10MW_8H,G0112_T3_graded_two_layer_coarse_hot__AIP_LIF_NAK_CARBONATE_RECIPROCAL_2017_V10,802,62.042563162665274,80.0,False,0.13702008714477543,0.07735980444222602,stratified_log_count_counterexample_search,1025,7.3827137484338365,True
S10MW_8H,G0112_T3_graded_two_layer_coarse_hot__AIP_LIF_NAK_CARBONATE_RECIPROCAL_2017_V10,907,70.4912513900252,80.0,False,0.12115778378181906,0.07771913052924498,stratified_log_count_counterexample_search,1025,8.448688227359924,True
S10MW_8H,G0112_T3_graded_two_layer_coarse_hot__AIP_LIF_NAK_CARBONATE_RECIPROCAL_2017_V10,1025,80.00911859960802,80.0,True,0.10720986330742428,0.0780576766825444,stratified_log_count_counterexample_search,1025,9.517867209582818,True
S10MW_8H,G0216_T3_graded_two_layer_coarse_hot__AIP_LIF_NAK_CARBONATE_RECIPROCAL_2017_V10,518,23.897621704678183,80.0,False,0.2121430692859264,0.046134404835286066,stratified_log_count_counterexample_search,1660,,True
S10MW_8H,G0216_T3_graded_two_layer_coarse_hot__AIP_LIF_NAK_CARBONATE_RECIPROCAL_2017_V10,599,27.82181191352538,80.0,False,0.18345594305527527,0.04644709835313085,stratified_log_count_counterexample_search,1660,3.9241902088471967,True
S10MW_8H,G0216_T3_graded_two_layer_coarse_hot__AIP_LIF_NAK_CARBONATE_RECIPROCAL_2017_V10,693,32.39345936893268,80.0,False,0.1585715871430157,0.04674380861317847,stratified_log_count_counterexample_search,1660,4.571647455407302,True
S10MW_8H,G0216_T3_graded_two_layer_coarse_hot__AIP_LIF_NAK_CARBONATE_RECIPROCAL_2017_V10,802,37.71277131506984,80.0,False,0.13702008714477543,0.047023405629762885,stratified_log_count_counterexample_search,1660,5.319311946137155,True
S10MW_8H,G0216_T3_graded_two_layer_coarse_hot__AIP_LIF_NAK_CARBONATE_RECIPROCAL_2017_V10,927,43.8340542814962,80.0,False,0.1185438078641962,0.04728592694875534,stratified_log_count_counterexample_search,1660,6.121282966426364,True
S10MW_8H,G0216_T3_graded_two_layer_coarse_hot__AIP_LIF_NAK_CARBONATE_RECIPROCAL_2017_V10,1073,51.006950929392794,80.0,False,0.10241389551734378,0.04753676694258415,stratified_log_count_counterexample_search,1660,7.172896647896593,True
S10MW_8H,G0216_T3_graded_two_layer_coarse_hot__AIP_LIF_NAK_CARBONATE_RECIPROCAL_2017_V10,1241,59.28643360325321,80.0,False,0.08854964535867034,0.04777311329835069,stratified_log_count_counterexample_search,1660,8.279482673860414,True
S10MW_8H,G0216_T3_graded_two_layer_coarse_hot__AIP_LIF_NAK_CARBONATE_RECIPROCAL_2017_V10,1435,68.87346928565749,80.0,False,0.07657847379101734,0.047995448979552255,stratified_log_count_counterexample_search,1660,9.587035682404284,True
S10MW_8H,G0216_T3_graded_two_layer_coarse_hot__AIP_LIF_NAK_CARBONATE_RECIPROCAL_2017_V10,1660,80.02202894341109,80.0,True,0.06619886137958426,0.04820604153217535,stratified_log_count_counterexample_search,1660,11.148559657753594,True
S10MW_8H,G0144_T3_graded_two_layer_coarse_hot__AIP_LIF_NAK_CARBONATE_RECIPROCAL_2017_V10,564,14.668044353707248,80.0,False,0.19484062037253524,0.02600717083990647,stratified_log_count_counterexample_search,2950,,True
S10MW_8H,G0144_T3_graded_two_layer_coarse_hot__AIP_LIF_NAK_CARBONATE_RECIPROCAL_2017_V10,694,18.175020123455834,80.0,False,0.1583430978243658,0.02618878980325048,stratified_log_count_counterexample_search,2950,3.5069757697485855,True
S10MW_8H,G0144_T3_graded_two_layer_coarse_hot__AIP_LIF_NAK_CARBONATE_RECIPROCAL_2017_V10,853,22.48143880515814,80.0,False,0.12882779588524018,0.026355731307336625,stratified_log_count_counterexample_search,2950,4.306418681702308,True
S10MW_8H,G0144_T3_graded_two_layer_coarse_hot__AIP_LIF_NAK_CARBONATE_RECIPROCAL_2017_V10,1049,27.809328901231634,80.0,False,0.10475701610115337,0.02651032307076419,stratified_log_count_counterexample_search,2950,5.327890096073492,True
S10MW_8H,G0144_T3_graded_two_layer_coarse_hot__AIP_LIF_NAK_CARBONATE_RECIPROCAL_2017_V10,1290,34.38238019130112,80.0,False,0.0851861316977596,0.026653007900233425,stratified_log_count_counterexample_search,2950,6.573051290069483,True
S10MW_8H,G0144_T3_graded_two_layer_coarse_hot__AIP_LIF_NAK_CARBONATE_RECIPROCAL_2017_V10,1586,42.48108549492285,80.0,False,0.06928758505051065,0.02678504760083408,stratified_log_count_counterexample_search,2950,8.098705303621735,True
S10MW_8H,G0144_T3_graded_two_layer_coarse_hot__AIP_LIF_NAK_CARBONATE_RECIPROCAL_2017_V10,1951,52.49728009378417,80.0,False,0.056325017883193176,0.026907883184922692,stratified_log_count_counterexample_search,2950,10.016194598861318,True
S10MW_8H,G0144_T3_graded_two_layer_coarse_hot__AIP_LIF_NAK_CARBONATE_RECIPROCAL_2017_V10,2399,64.82549624744176,80.0,False,0.04580663188416419,0.02702188255416497,stratified_log_count_counterexample_search,2950,12.328216153657593,True
S10MW_8H,G0144_T3_graded_two_layer_coarse_hot__AIP_LIF_NAK_CARBONATE_RECIPROCAL_2017_V10,2950,80.02761168605183,80.0,True,0.037250884708511824,0.027128003961373503,stratified_log_count_counterexample_search,2950,15.202115438610065,True
S10MW_8H,G0233_T1_homogeneous_none__AIP_LINAK_CARBONATE_2017_V10,437,31.168611488464013,80.0,False,0.28426453657773926,0.07132405374934557,stratified_log_count_counterexample_search,1088,,True
S10MW_8H,G0233_T1_homogeneous_none__AIP_LINAK_CARBONATE_2017_V10,490,35.109831288570945,80.0,False,0.25351755609075927,0.0716527169154509,stratified_log_count_counterexample_search,1088,3.941219800106932,True
S10MW_8H,G0233_T1_homogeneous_none__AIP_LINAK_CARBONATE_2017_V10,549,39.50766172193317,80.0,False,0.22627249997171595,0.07196295395616242,stratified_log_count_counterexample_search,1088,4.397830433362223,True
S10MW_8H,G0233_T1_homogeneous_none__AIP_LINAK_CARBONATE_2017_V10,615,44.44014192845132,80.0,False,0.20198959753572693,0.07226039337959564,stratified_log_count_counterexample_search,1088,4.93248020651815,True
S10MW_8H,G0233_T1_homogeneous_none__AIP_LINAK_CARBONATE_2017_V10,690,50.05824210214834,80.0,False,0.18003420649923485,0.07254817695963528,stratified_log_count_counterexample_search,1088,5.618100173697023,True
S10MW_8H,G0233_T1_homogeneous_none__AIP_LINAK_CARBONATE_2017_V10,773,56.290296081413764,80.0,False,0.16070323736671677,0.07282056414154432,stratified_log_count_counterexample_search,1088,6.232053979265423,True
S10MW_8H,G0233_T1_homogeneous_none__AIP_LINAK_CARBONATE_2017_V10,866,63.28749564127747,80.0,False,0.14344526845781994,0.07308024900840354,stratified_log_count_counterexample_search,1088,6.997199559863702,True
S10MW_8H,G0233_T1_homogeneous_none__AIP_LINAK_CARBONATE_2017_V10,971,71.20413529989463,80.0,False,0.12793367918071272,0.0733307263644641,stratified_log_count_counterexample_search,1088,7.916639658617164,True
S10MW_8H,G0233_T1_homogeneous_none__AIP_LINAK_CARBONATE_2017_V10,1088,80.04405996994728,80.0,True,0.11417610522469858,0.07356990806061331,stratified_log_count_counterexample_search,1088,8.839924670052653,True
S10MW_8H,G0228_T1_homogeneous_none__AIP_LINAK_CARBONATE_2017_V10,460,19.735306125047575,80.0,False,0.2700513097488523,0.042902839402277335,stratified_log_count_counterexample_search,1793,,True
S10MW_8H,G0228_T1_homogeneous_none__AIP_LINAK_CARBONATE_2017_V10,545,23.527814948038465,80.0,False,0.22793321556783863,0.04317030265695131,stratified_log_count_counterexample_search,1793,3.7925088229908894,True
S10MW_8H,G0228_T1_homogeneous_none__AIP_LINAK_CARBONATE_2017_V10,646,28.04997558719309,80.0,False,0.19229659827317655,0.04342101484085618,stratified_log_count_counterexample_search,1793,4.522160639154624,True
S10MW_8H,G0228_T1_homogeneous_none__AIP_LINAK_CARBONATE_2017_V10,766,33.4406134182898,80.0,False,0.16217180481001572,0.04365615328758459,stratified_log_count_counterexample_search,1793,5.390637831096711,True
S10MW_8H,G0228_T1_homogeneous_none__AIP_LINAK_CARBONATE_2017_V10,908,39.8391827674828,80.0,False,0.13681013489479302,0.043875751946566954,stratified_log_count_counterexample_search,1793,6.3985693491929965,True
S10MW_8H,G0228_T1_homogeneous_none__AIP_LINAK_CARBONATE_2017_V10,1077,47.47631900887749,80.0,False,0.11534224928920339,0.04408200465076833,stratified_log_count_counterexample_search,1793,7.637136241394693,True
S10MW_8H,G0228_T1_homogeneous_none__AIP_LINAK_CARBONATE_2017_V10,1276,56.49388844463533,80.0,False,0.09735392044237622,0.044274207245012014,stratified_log_count_counterexample_search,1793,9.017569435757842,True
S10MW_8H,G0228_T1_homogeneous_none__AIP_LINAK_CARBONATE_2017_V10,1513,67.2614450539299,80.0,False,0.08210416555483943,0.04445568080233305,stratified_log_count_counterexample_search,1793,10.767556609294573,True
S10MW_8H,G0228_T1_homogeneous_none__AIP_LINAK_CARBONATE_2017_V10,1793,80.01438750981607,80.0,True,0.06928254460929842,0.0446259829948779,stratified_log_count_counterexample_search,1793,12.75294245588617,True
S10MW_8H,G0144_T1_homogeneous_none__AIP_LINAK_CARBONATE_2017_V10,564,13.593564274625056,80.0,False,0.22025461433417032,0.02410206431671109,stratified_log_count_counterexample_search,3170,,True
S10MW_8H,G0144_T1_homogeneous_none__AIP_LINAK_CARBONATE_2017_V10,700,17.001743124789815,80.0,False,0.1774622892635315,0.024288204463985448,stratified_log_count_counterexample_search,3170,3.4081788501647594,True
S10MW_8H,G0144_T1_homogeneous_none__AIP_LINAK_CARBONATE_2017_V10,868,21.230111176858674,80.0,False,0.1431147494060738,0.024458653429560686,stratified_log_count_counterexample_search,3170,4.228368052068859,True
S10MW_8H,G0144_T1_homogeneous_none__AIP_LINAK_CARBONATE_2017_V10,1078,26.53673360023212,80.0,False,0.11523525276852695,0.024616635992794175,stratified_log_count_counterexample_search,3170,5.306622423373447,True
S10MW_8H,G0144_T1_homogeneous_none__AIP_LINAK_CARBONATE_2017_V10,1337,33.105809948417864,80.0,False,0.09291219333169189,0.024761263985353676,stratified_log_count_counterexample_search,3170,6.569076348185742,True
S10MW_8H,G0144_T1_homogeneous_none__AIP_LINAK_CARBONATE_2017_V10,1659,41.3007761289793,80.0,False,0.07487860306478122,0.024894982597335323,stratified_log_count_counterexample_search,3170,8.194966180561437,True
S10MW_8H,G0144_T1_homogeneous_none__AIP_LINAK_CARBONATE_2017_V10,2059,51.51397123066419,80.0,False,0.060332007034712025,0.025018927261128796,stratified_log_count_counterexample_search,3170,10.213195101684889,True
S10MW_8H,G0144_T1_homogeneous_none__AIP_LINAK_CARBONATE_2017_V10,2555,64.21748172819065,80.0,False,0.04861980527767987,0.02513404372923313,stratified_log_count_counterexample_search,3170,12.703510497526459,True
S10MW_8H,G0144_T1_homogeneous_none__AIP_LINAK_CARBONATE_2017_V10,3170,80.01556760427044,80.0,True,0.03918725630424986,0.025241503976110552,stratified_log_count_counterexample_search,3170,15.798085876079796,True
S10MW_8H,G0233_T2_graded_two_layer_fine_hot__AIP_LINAK_CARBONATE_2017_V10,437,30.974154239604314,80.0,False,0.28426453657773926,0.07087907148650872,stratified_log_count_counterexample_search,1093,,True
S10MW_8H,G0233_T2_graded_two_layer_fine_hot__AIP_LINAK_CARBONATE_2017_V10,490,34.899404279744004,80.0,False,0.25351755609075927,0.07122327404029388,stratified_log_count_counterexample_search,1093,3.925250040139691,True
S10MW_8H,G0233_T2_graded_two_layer_fine_hot__AIP_LINAK_CARBONATE_2017_V10,550,39.355953612868866,80.0,False,0.22586109542631283,0.07155627929612521,stratified_log_count_counterexample_search,1093,4.456549333124862,True
S10MW_8H,G0233_T2_graded_two_layer_fine_hot__AIP_LINAK_CARBONATE_2017_V10,616,44.27072814321149,80.0,False,0.20166169234492218,0.07186806516755112,stratified_log_count_counterexample_search,1093,4.914774530342626,True
S10MW_8H,G0233_T2_graded_two_layer_fine_hot__AIP_LINAK_CARBONATE_2017_V10,691,49.86980171161913,80.0,False,0.17977366495582062,0.07217048004575852,stratified_log_count_counterexample_search,1093,5.59907356840764,True
S10MW_8H,G0233_T2_graded_two_layer_fine_hot__AIP_LINAK_CARBONATE_2017_V10,775,56.15652666850999,80.0,False,0.16028851933480265,0.07246003441098063,stratified_log_count_counterexample_search,1093,6.286724956890858,True
S10MW_8H,G0233_T2_graded_two_layer_fine_hot__AIP_LINAK_CARBONATE_2017_V10,869,63.20743159473445,80.0,False,0.1429500603964005,0.07273582461994758,stratified_log_count_counterexample_search,1093,7.050904926224462,True
S10MW_8H,G0233_T2_graded_two_layer_fine_hot__AIP_LINAK_CARBONATE_2017_V10,975,71.17653604027515,80.0,False,0.127408823060997,0.07300157542592324,stratified_log_count_counterexample_search,1093,7.969104445540701,True
S10MW_8H,G0233_T2_graded_two_layer_fine_hot__AIP_LINAK_CARBONATE_2017_V10,1093,80.06660456630418,80.0,True,0.1136537991623715,0.0732539840496836,stratified_log_count_counterexample_search,1093,8.890068526029026,True
S10MW_8H,G0228_T2_graded_two_layer_fine_hot__AIP_LINAK_CARBONATE_2017_V10,460,19.616866063814008,80.0,False,0.2700513097488523,0.04264536100829132,stratified_log_count_counterexample_search,1799,,True
S10MW_8H,G0228_T2_graded_two_layer_fine_hot__AIP_LINAK_CARBONATE_2017_V10,545,23.39597223499599,80.0,False,0.22793321556783863,0.04292838942201099,stratified_log_count_counterexample_search,1799,3.779106171181983,True
S10MW_8H,G0228_T2_graded_two_layer_fine_hot__AIP_LINAK_CARBONATE_2017_V10,647,27.947836861969197,80.0,False,0.19199938560196608,0.043196038426536625,stratified_log_count_counterexample_search,1799,4.551864626973206,True
S10MW_8H,G0228_T2_graded_two_layer_fine_hot__AIP_LINAK_CARBONATE_2017_V10,767,33.32167793755709,80.0,False,0.16196036829787752,0.04344416941011355,stratified_log_count_counterexample_search,1799,5.373841075587894,True
S10MW_8H,G0228_T2_graded_two_layer_fine_hot__AIP_LINAK_CARBONATE_2017_V10,910,39.74644244971322,80.0,False,0.13650945327963962,0.04367740928539914,stratified_log_count_counterexample_search,1799,6.4247645121561305,True
S10MW_8H,G0228_T2_graded_two_layer_fine_hot__AIP_LINAK_CARBONATE_2017_V10,1079,47.36269235989564,80.0,False,0.11512845457319004,0.04389498828535277,stratified_log_count_counterexample_search,1799,7.616249910182418,True
S10MW_8H,G0228_T2_graded_two_layer_fine_hot__AIP_LINAK_CARBONATE_2017_V10,1279,56.402079817629534,80.0,False,0.09712556879161224,0.04409857687070331,stratified_log_count_counterexample_search,1799,9.039387457733895,True
S10MW_8H,G0228_T2_graded_two_layer_fine_hot__AIP_LINAK_CARBONATE_2017_V10,1517,67.18851895973563,80.0,False,0.08188767467664605,0.04429038823977299,stratified_log_count_counterexample_search,1799,10.786439142106097,True
S10MW_8H,G0228_T2_graded_two_layer_fine_hot__AIP_LINAK_CARBONATE_2017_V10,1799,80.00244664852315,80.0,True,0.06905147442160758,0.044470509532253,stratified_log_count_counterexample_search,1799,12.813927688787516,True
S10MW_8H,G0144_T2_graded_two_layer_fine_hot__AIP_LINAK_CARBONATE_2017_V10,564,13.513960001371661,80.0,False,0.22025461433417032,0.023960921988247626,stratified_log_count_counterexample_search,3180,,True
S10MW_8H,G0144_T2_graded_two_layer_fine_hot__AIP_LINAK_CARBONATE_2017_V10,700,16.910334163022345,80.0,False,0.1774622892635315,0.024157620232889063,stratified_log_count_counterexample_search,3180,3.3963741616506837,True
S10MW_8H,G0144_T2_graded_two_layer_fine_hot__AIP_LINAK_CARBONATE_2017_V10,869,21.150316180189805,80.0,False,0.1429500603964005,0.02433868375165685,stratified_log_count_counterexample_search,3180,4.23998201716746,True
S10MW_8H,G0144_T2_graded_two_layer_fine_hot__AIP_LINAK_CARBONATE_2017_V10,1079,26.4412101947491,80.0,False,0.11512845457319004,0.024505292117469046,stratified_log_count_counterexample_search,3180,5.290894014559296,True
S10MW_8H,G0144_T2_graded_two_layer_fine_hot__AIP_LINAK_CARBONATE_2017_V10,1339,33.01746803199204,80.0,False,0.09277341485024052,0.02465830323524424,stratified_log_count_counterexample_search,3180,6.576257837242938,True
S10MW_8H,G0144_T2_graded_two_layer_fine_hot__AIP_LINAK_CARBONATE_2017_V10,1662,41.21690061308327,80.0,False,0.0747434431314513,0.024799579189580787,stratified_log_count_counterexample_search,3180,8.19943258109123,True
S10MW_8H,G0144_T2_graded_two_layer_fine_hot__AIP_LINAK_CARBONATE_2017_V10,2064,51.45663479493335,80.0,False,0.06018585391689538,0.024930540113824298,stratified_log_count_counterexample_search,3180,10.239734181850082,True
S10MW_8H,G0144_T2_graded_two_layer_fine_hot__AIP_LINAK_CARBONATE_2017_V10,2562,64.18234978475435,80.0,False,0.04848696427965342,0.025051658776250724,stratified_log_count_counterexample_search,3180,12.725714989821,True
S10MW_8H,G0144_T2_graded_two_layer_fine_hot__AIP_LINAK_CARBONATE_2017_V10,3180,80.02255588591447,80.0,True,0.03906402593851323,0.02516432575028757,stratified_log_count_counterexample_search,3180,15.84020610116012,True
S10MW_8H,G0233_T3_graded_two_layer_coarse_hot__AIP_LINAK_CARBONATE_2017_V10,437,30.973527593719673,80.0,False,0.28426453657773926,0.07087763751423266,stratified_log_count_counterexample_search,1093,,True
S10MW_8H,G0233_T3_graded_two_layer_coarse_hot__AIP_LINAK_CARBONATE_2017_V10,490,34.89933171066504,80.0,False,0.25351755609075927,0.07122312594013273,stratified_log_count_counterexample_search,1093,3.925804116945365,True
S10MW_8H,G0233_T3_graded_two_layer_coarse_hot__AIP_LINAK_CARBONATE_2017_V10,550,39.355777676488955,80.0,False,0.22586109542631283,0.0715559594117981,stratified_log_count_counterexample_search,1093,4.456445965823917,True
S10MW_8H,G0233_T3_graded_two_layer_coarse_hot__AIP_LINAK_CARBONATE_2017_V10,616,44.269811366419624,80.0,False,0.20166169234492218,0.07186657689353836,stratified_log_count_counterexample_search,1093,4.914033689930669,True
S10MW_8H,G0233_T3_graded_two_layer_coarse_hot__AIP_LINAK_CARBONATE_2017_V10,691,49.868793482462614,80.0,False,0.17977366495582062,0.07216902095870133,stratified_log_count_counterexample_search,1093,5.59898211604299,True
S10MW_8H,G0233_T3_graded_two_layer_coarse_hot__AIP_LINAK_CARBONATE_2017_V10,775,56.15511499709032,80.0,False,0.16028851933480265,0.07245821289947138,stratified_log_count_counterexample_search,1093,6.2863215146277085,True
S10MW_8H,G0233_T3_graded_two_layer_coarse_hot__AIP_LINAK_CARBONATE_2017_V10,869,63.205770238057944,80.0,False,0.1429500603964005,0.07273391281709775,stratified_log_count_counterexample_search,1093,7.050655240967622,True
S10MW_8H,G0233_T3_graded_two_layer_coarse_hot__AIP_LINAK_CARBONATE_2017_V10,975,71.17490199289888,80.0,False,0.127408823060997,0.07299989947989628,stratified_log_count_counterexample_search,1093,7.969131754840937,True
S10MW_8H,G0233_T3_graded_two_layer_coarse_hot__AIP_LINAK_CARBONATE_2017_V10,1093,80.06347168323057,80.0,True,0.1136537991623715,0.07325111773397125,stratified_log_count_counterexample_search,1093,8.888569690331693,True
S10MW_8H,G0228_T3_graded_two_layer_coarse_hot__AIP_LINAK_CARBONATE_2017_V10,460,19.61678124781911,80.0,False,0.2700513097488523,0.04264517662569371,stratified_log_count_counterexample_search,1800,,True
S10MW_8H,G0228_T3_graded_two_layer_coarse_hot__AIP_LINAK_CARBONATE_2017_V10,546,23.44027437993431,80.0,False,0.22751575546606603,0.042930905457755145,stratified_log_count_counterexample_search,1800,3.8234931321151997,True
S10MW_8H,G0228_T3_graded_two_layer_coarse_hot__AIP_LINAK_CARBONATE_2017_V10,647,27.9472483510842,80.0,False,0.19199938560196608,0.04319512882702349,stratified_log_count_counterexample_search,1800,4.50697397114989,True
S10MW_8H,G0228_T3_graded_two_layer_coarse_hot__AIP_LINAK_CARBONATE_2017_V10,767,33.320918587970695,80.0,False,0.16196036829787752,0.043443179384577174,stratified_log_count_counterexample_search,1800,5.373670236886497,True
S10MW_8H,G0228_T3_graded_two_layer_coarse_hot__AIP_LINAK_CARBONATE_2017_V10,910,39.74517819260625,80.0,False,0.13650945327963962,0.043676019991874995,stratified_log_count_counterexample_search,1800,6.424259604635552,True
S10MW_8H,G0228_T3_graded_two_layer_coarse_hot__AIP_LINAK_CARBONATE_2017_V10,1079,47.36023523867239,80.0,False,0.11512845457319004,0.04389271106457126,stratified_log_count_counterexample_search,1800,7.615057046066141,True
S10MW_8H,G0228_T3_graded_two_layer_coarse_hot__AIP_LINAK_CARBONATE_2017_V10,1280,56.4440622104598,80.0,False,0.09704968944099379,0.04409692360192172,stratified_log_count_counterexample_search,1800,9.08382697178741,True
S10MW_8H,G0228_T3_graded_two_layer_coarse_hot__AIP_LINAK_CARBONATE_2017_V10,1518,67.22892063677875,80.0,False,0.08183373022692493,0.04428782650644187,stratified_log_count_counterexample_search,1800,10.784858426318955,True
S10MW_8H,G0228_T3_graded_two_layer_coarse_hot__AIP_LINAK_CARBONATE_2017_V10,1800,80.04005055534121,80.0,True,0.06901311249137336,0.044466694752967335,stratified_log_count_counterexample_search,1800,12.811129918562457,True
S10MW_8H,G0144_T3_graded_two_layer_coarse_hot__AIP_LINAK_CARBONATE_2017_V10,564,13.51365463781067,80.0,False,0.22025461433417032,0.0239603805634941,stratified_log_count_counterexample_search,3180,,True
S10MW_8H,G0144_T3_graded_two_layer_coarse_hot__AIP_LINAK_CARBONATE_2017_V10,700,16.90995178248013,80.0,False,0.1774622892635315,0.02415707397497162,stratified_log_count_counterexample_search,3180,3.396297144669461,True
S10MW_8H,G0144_T3_graded_two_layer_coarse_hot__AIP_LINAK_CARBONATE_2017_V10,869,21.149629959900828,80.0,False,0.1429500603964005,0.02433789408504123,stratified_log_count_counterexample_search,3180,4.239678177420696,True
S10MW_8H,G0144_T3_graded_two_layer_coarse_hot__AIP_LINAK_CARBONATE_2017_V10,1079,26.440186831412625,80.0,False,0.11512845457319004,0.024504343680641912,stratified_log_count_counterexample_search,3180,5.2905568715117965,True
S10MW_8H,G0144_T3_graded_two_layer_coarse_hot__AIP_LINAK_CARBONATE_2017_V10,1339,33.015804729873295,80.0,False,0.09277341485024052,0.024657061037993498,stratified_log_count_counterexample_search,3180,6.575617898460671,True
S10MW_8H,G0144_T3_graded_two_layer_coarse_hot__AIP_LINAK_CARBONATE_2017_V10,1662,41.214018806631806,80.0,False,0.0747434431314513,0.024797845250680992,stratified_log_count_counterexample_search,3180,8.19821407675851,True
S10MW_8H,G0144_T3_graded_two_layer_coarse_hot__AIP_LINAK_CARBONATE_2017_V10,2064,51.451842083649346,80.0,False,0.06018585391689538,0.0249282180637836,stratified_log_count_counterexample_search,3180,10.23782327701754,True
S10MW_8H,G0144_T3_graded_two_layer_coarse_hot__AIP_LINAK_CARBONATE_2017_V10,2562,64.17426670834624,80.0,False,0.04848696427965342,0.02504850378936231,stratified_log_count_counterexample_search,3180,12.722424624696892,True
S10MW_8H,G0144_T3_graded_two_layer_coarse_hot__AIP_LINAK_CARBONATE_2017_V10,3180,80.00827103928907,80.0,True,0.03906402593851323,0.025159833660153796,stratified_log_count_counterexample_search,3180,15.834004330942832,True
S10MW_8H,G0141_T1_homogeneous_none__NREL_MGCL2_KCL_NACL_BASELINE_V10,449,24.118324970222197,80.0,False,0.4253056455034171,0.05371564581341247,stratified_log_count_counterexample_search,1424,,True
S10MW_8H,G0141_T1_homogeneous_none__NREL_MGCL2_KCL_NACL_BASELINE_V10,519,28.073966420374663,80.0,False,0.367942649000066,0.054092420848506094,stratified_log_count_counterexample_search,1424,3.9556414501524664,True
S10MW_8H,G0141_T1_homogeneous_none__NREL_MGCL2_KCL_NACL_BASELINE_V10,599,32.612671421678584,80.0,False,0.31880172759771996,0.05444519436006442,stratified_log_count_counterexample_search,1424,4.538705001303921,True
S10MW_8H,G0141_T1_homogeneous_none__NREL_MGCL2_KCL_NACL_BASELINE_V10,692,37.9084276346659,80.0,False,0.27595698675004954,0.05478096478997962,stratified_log_count_counterexample_search,1424,5.295756212987314,True
S10MW_8H,G0141_T1_homogeneous_none__NREL_MGCL2_KCL_NACL_BASELINE_V10,800,44.08005577344861,80.0,False,0.23870279353879284,0.055100069716810765,stratified_log_count_counterexample_search,1424,6.171628138782715,True
S10MW_8H,G0141_T1_homogeneous_none__NREL_MGCL2_KCL_NACL_BASELINE_V10,924,51.19002069681103,80.0,False,0.20666908531497216,0.05540045529957904,stratified_log_count_counterexample_search,1424,7.109964923362419,True
S10MW_8H,G0141_T1_homogeneous_none__NREL_MGCL2_KCL_NACL_BASELINE_V10,1067,59.41498919620043,80.0,False,0.17897116666451196,0.05568415107422721,stratified_log_count_counterexample_search,1424,8.224968499389398,True
S10MW_8H,G0141_T1_homogeneous_none__NREL_MGCL2_KCL_NACL_BASELINE_V10,1233,68.99162566881188,80.0,False,0.15487610286377476,0.055954278725719286,stratified_log_count_counterexample_search,1424,9.576636472611447,True
S10MW_8H,G0141_T1_homogeneous_none__NREL_MGCL2_KCL_NACL_BASELINE_V10,1424,80.04165070706644,80.0,True,0.13410269299932182,0.05620902437293991,stratified_log_count_counterexample_search,1424,11.05002503825456,True
S10MW_8H,G0229_T1_homogeneous_none__NREL_MGCL2_KCL_NACL_BASELINE_V10,778,25.678278162148235,80.0,False,0.2454527439987587,0.03300549892306971,stratified_log_count_counterexample_search,2341,,True
S10MW_8H,G0229_T1_homogeneous_none__NREL_MGCL2_KCL_NACL_BASELINE_V10,893,29.63097102866324,80.0,False,0.21384348805266995,0.033181378531537783,stratified_log_count_counterexample_search,2341,3.9526928665150045,True
S10MW_8H,G0229_T1_homogeneous_none__NREL_MGCL2_KCL_NACL_BASELINE_V10,1025,34.18174274618512,80.0,False,0.18630461934735051,0.03334804170359524,stratified_log_count_counterexample_search,2341,4.550771717521883,True
S10MW_8H,G0229_T1_homogeneous_none__NREL_MGCL2_KCL_NACL_BASELINE_V10,1176,39.40264849629476,80.0,False,0.16238285274747813,0.033505653483243844,stratified_log_count_counterexample_search,2341,5.220905750109637,True
S10MW_8H,G0229_T1_homogeneous_none__NREL_MGCL2_KCL_NACL_BASELINE_V10,1350,45.43499838299423,80.0,False,0.1414535072822476,0.0336555543577735,stratified_log_count_counterexample_search,2341,6.032349886699471,True
S10MW_8H,G0229_T1_homogeneous_none__NREL_MGCL2_KCL_NACL_BASELINE_V10,1549,52.35190153492741,80.0,False,0.12328097794127454,0.033797225006408915,stratified_log_count_counterexample_search,2341,6.916903151933177,True
S10MW_8H,G0229_T1_homogeneous_none__NREL_MGCL2_KCL_NACL_BASELINE_V10,1777,60.29624130477319,80.0,False,0.10746327227407668,0.033931480756766004,stratified_log_count_counterexample_search,2341,7.944339769845783,True
S10MW_8H,G0229_T1_homogeneous_none__NREL_MGCL2_KCL_NACL_BASELINE_V10,2040,69.48158542808697,80.0,False,0.09360893864266386,0.03405960070004263,stratified_log_count_counterexample_search,2341,9.185344123313783,True
S10MW_8H,G0229_T1_homogeneous_none__NREL_MGCL2_KCL_NACL_BASELINE_V10,2341,80.01764833609516,80.0,True,0.0815729324352987,0.034180968960314036,stratified_log_count_counterexample_search,2341,10.53606290800819,True
S10MW_8H,G0057_T1_homogeneous_none__NREL_MGCL2_KCL_NACL_BASELINE_V10,398,6.638860687859379,80.0,False,0.4798046101282268,0.016680554492108993,stratified_log_count_counterexample_search,4086,,True
S10MW_8H,G0057_T1_homogeneous_none__NREL_MGCL2_KCL_NACL_BASELINE_V10,532,9.147529648758306,80.0,False,0.3589515692312674,0.017194604602929146,stratified_log_count_counterexample_search,4086,2.5086689608989268,True
S10MW_8H,G0057_T1_homogeneous_none__NREL_MGCL2_KCL_NACL_BASELINE_V10,712,12.57316957583666,80.0,False,0.26820538599864363,0.017658946033478454,stratified_log_count_counterexample_search,4086,3.425639927078354,True
S10MW_8H,G0057_T1_homogeneous_none__NREL_MGCL2_KCL_NACL_BASELINE_V10,953,17.226010851029052,80.0,False,0.20038009950790583,0.01807556227809974,stratified_log_count_counterexample_search,4086,4.652841275192392,True
S10MW_8H,G0057_T1_homogeneous_none__NREL_MGCL2_KCL_NACL_BASELINE_V10,1275,23.52163304170625,80.0,False,0.14977430182826218,0.01844833964055392,stratified_log_count_counterexample_search,4086,6.2956221906771965,True
S10MW_8H,G0057_T1_homogeneous_none__NREL_MGCL2_KCL_NACL_BASELINE_V10,1706,32.04175313874457,80.0,False,0.11193565933823814,0.01878180137089365,stratified_log_count_counterexample_search,4086,8.520120097038319,True
S10MW_8H,G0057_T1_homogeneous_none__NREL_MGCL2_KCL_NACL_BASELINE_V10,2283,43.55866572153835,80.0,False,0.08364530654009385,0.01907957324640313,stratified_log_count_counterexample_search,4086,11.516912582793779,True
S10MW_8H,G0057_T1_homogeneous_none__NREL_MGCL2_KCL_NACL_BASELINE_V10,3054,59.07971706966213,80.0,False,0.062528564122801,0.01934502851003999,stratified_log_count_counterexample_search,4086,15.521051348123784,True
S10MW_8H,G0057_T1_homogeneous_none__NREL_MGCL2_KCL_NACL_BASELINE_V10,4086,80.01083318788395,80.0,True,0.0467357402914915,0.01958170171020165,stratified_log_count_counterexample_search,4086,20.931116118221816,True
S10MW_8H,G0141_T2_graded_two_layer_fine_hot__NREL_MGCL2_KCL_NACL_BASELINE_V10,449,23.934618696783186,80.0,False,0.4253056455034171,0.0533065004382699,stratified_log_count_counterexample_search,1431,,True
S10MW_8H,G0141_T2_graded_two_layer_fine_hot__NREL_MGCL2_KCL_NACL_BASELINE_V10,519,27.87131336858746,80.0,False,0.367942649000066,0.05370195254063095,stratified_log_count_counterexample_search,1431,3.9366946718042755,True
S10MW_8H,G0141_T2_graded_two_layer_fine_hot__NREL_MGCL2_KCL_NACL_BASELINE_V10,600,32.44613638438348,80.0,False,0.3182703913850571,0.054076893973972466,stratified_log_count_counterexample_search,1431,4.574823015796017,True
S10MW_8H,G0141_T2_graded_two_layer_fine_hot__NREL_MGCL2_KCL_NACL_BASELINE_V10,693,37.719876236317816,80.0,False,0.27555878041996285,0.05442983583884244,stratified_log_count_counterexample_search,1431,5.273739851934337,True
S10MW_8H,G0141_T2_graded_two_layer_fine_hot__NREL_MGCL2_KCL_NACL_BASELINE_V10,802,43.92433930964816,80.0,False,0.23810752472697538,0.05476850287986055,stratified_log_count_counterexample_search,1431,6.204463073330345,True
S10MW_8H,G0141_T2_graded_two_layer_fine_hot__NREL_MGCL2_KCL_NACL_BASELINE_V10,927,51.06511496889148,80.0,False,0.20600025332366156,0.055086423914661786,stratified_log_count_counterexample_search,1431,7.140775659243317,True
S10MW_8H,G0141_T2_graded_two_layer_fine_hot__NREL_MGCL2_KCL_NACL_BASELINE_V10,1071,59.31896710544538,80.0,False,0.17830274027174067,0.05538652390797888,stratified_log_count_counterexample_search,1431,8.253852136553903,True
S10MW_8H,G0141_T2_graded_two_layer_fine_hot__NREL_MGCL2_KCL_NACL_BASELINE_V10,1238,68.92154032384487,80.0,False,0.15425059356303253,0.05567168039082784,stratified_log_count_counterexample_search,1431,9.602573218399485,True
S10MW_8H,G0141_T2_graded_two_layer_fine_hot__NREL_MGCL2_KCL_NACL_BASELINE_V10,1431,80.05250448726805,80.0,True,0.13344670498325245,0.05594165233212303,stratified_log_count_counterexample_search,1431,11.130964163423187,True
S10MW_8H,G0229_T2_graded_two_layer_fine_hot__NREL_MGCL2_KCL_NACL_BASELINE_V10,778,25.515674182963195,80.0,False,0.2454527439987587,0.03279649637913007,stratified_log_count_counterexample_search,2350,,True
S10MW_8H,G0229_T2_graded_two_layer_fine_hot__NREL_MGCL2_KCL_NACL_BASELINE_V10,893,29.453400174757224,80.0,False,0.21384348805266995,0.03298253099076957,stratified_log_count_counterexample_search,2350,3.9377259917940286,True
S10MW_8H,G0229_T2_graded_two_layer_fine_hot__NREL_MGCL2_KCL_NACL_BASELINE_V10,1026,34.02225705385119,80.0,False,0.18612303589769422,0.03316009459439687,stratified_log_count_counterexample_search,2350,4.568856879093968,True
S10MW_8H,G0229_T2_graded_two_layer_fine_hot__NREL_MGCL2_KCL_NACL_BASELINE_V10,1178,39.25985634242525,80.0,False,0.16210716029799174,0.03332755207336609,stratified_log_count_counterexample_search,2350,5.23759928857406,True
S10MW_8H,G0229_T2_graded_two_layer_fine_hot__NREL_MGCL2_KCL_NACL_BASELINE_V10,1352,45.27290757750085,80.0,False,0.14124425653183006,0.03348587838572548,stratified_log_count_counterexample_search,2350,6.013051235075601,True
S10MW_8H,G0229_T2_graded_two_layer_fine_hot__NREL_MGCL2_KCL_NACL_BASELINE_V10,1553,52.238137162005785,80.0,False,0.12296344805604267,0.033636920258857554,stratified_log_count_counterexample_search,2350,6.965229584504932,True
S10MW_8H,G0229_T2_graded_two_layer_fine_hot__NREL_MGCL2_KCL_NACL_BASELINE_V10,1783,60.22914792969769,80.0,False,0.1071016460073103,0.033779667935893265,stratified_log_count_counterexample_search,2350,7.991010767691904,True
S10MW_8H,G0229_T2_graded_two_layer_fine_hot__NREL_MGCL2_KCL_NACL_BASELINE_V10,2047,69.42421145127024,80.0,False,0.0932888299125717,0.03391510085553016,stratified_log_count_counterexample_search,2350,9.19506352157255,True
S10MW_8H,G0229_T2_graded_two_layer_fine_hot__NREL_MGCL2_KCL_NACL_BASELINE_V10,2350,80.00255255198756,80.0,True,0.08126052546001458,0.034043639383824494,stratified_log_count_counterexample_search,2350,10.578341100717324,True
S10MW_8H,G0057_T2_graded_two_layer_fine_hot__NREL_MGCL2_KCL_NACL_BASELINE_V10,398,6.544912525864147,80.0,False,0.4798046101282268,0.016444503833829515,stratified_log_count_counterexample_search,4110,,True
S10MW_8H,G0057_T2_graded_two_layer_fine_hot__NREL_MGCL2_KCL_NACL_BASELINE_V10,533,9.04680726641675,80.0,False,0.3582781141295202,0.016973371982020168,stratified_log_count_counterexample_search,4110,2.5018947405526024,True
S10MW_8H,G0057_T2_graded_two_layer_fine_hot__NREL_MGCL2_KCL_NACL_BASELINE_V10,713,12.44238206831876,80.0,False,0.2678292213618994,0.01745074623887624,stratified_log_count_counterexample_search,4110,3.3955748019020113,True
S10MW_8H,G0057_T2_graded_two_layer_fine_hot__NREL_MGCL2_KCL_NACL_BASELINE_V10,955,17.078932335027115,80.0,False,0.19996045532045473,0.017883698780133104,stratified_log_count_counterexample_search,4110,4.636550266708355,True
S10MW_8H,G0057_T2_graded_two_layer_fine_hot__NREL_MGCL2_KCL_NACL_BASELINE_V10,1279,23.371377395098403,80.0,False,0.14930589118923712,0.018273164499686006,stratified_log_count_counterexample_search,4110,6.292445060071287,True
S10MW_8H,G0057_T2_graded_two_layer_fine_hot__NREL_MGCL2_KCL_NACL_BASELINE_V10,1712,31.881080382864145,80.0,False,0.11154336146672562,0.018622126391859898,stratified_log_count_counterexample_search,4110,8.509702987765742,True
S10MW_8H,G0057_T2_graded_two_layer_fine_hot__NREL_MGCL2_KCL_NACL_BASELINE_V10,2293,43.41902274459382,80.0,False,0.0832805210776425,0.01893546565398771,stratified_log_count_counterexample_search,4110,11.537942361729673,True
S10MW_8H,G0057_T2_graded_two_layer_fine_hot__NREL_MGCL2_KCL_NACL_BASELINE_V10,3070,58.990673795446874,80.0,False,0.06220268235538576,0.019215203190699307,stratified_log_count_counterexample_search,4110,15.571651050853056,True
S10MW_8H,G0057_T2_graded_two_layer_fine_hot__NREL_MGCL2_KCL_NACL_BASELINE_V10,4110,80.00169064383111,80.0,True,0.04646283085913242,0.01946513154351122,stratified_log_count_counterexample_search,4110,21.011016848384237,True
S10MW_8H,G0141_T3_graded_two_layer_coarse_hot__NREL_MGCL2_KCL_NACL_BASELINE_V10,449,23.93455656137031,80.0,False,0.4253056455034171,0.05330636205204969,stratified_log_count_counterexample_search,1431,,True
S10MW_8H,G0141_T3_graded_two_layer_coarse_hot__NREL_MGCL2_KCL_NACL_BASELINE_V10,519,27.87092711197519,80.0,False,0.367942649000066,0.05370120830823736,stratified_log_count_counterexample_search,1431,3.9363705506048774,True
S10MW_8H,G0141_T3_graded_two_layer_coarse_hot__NREL_MGCL2_KCL_NACL_BASELINE_V10,600,32.44566535625316,80.0,False,0.3182703913850571,0.0540761089270886,stratified_log_count_counterexample_search,1431,4.57473824427797,True
S10MW_8H,G0141_T3_graded_two_layer_coarse_hot__NREL_MGCL2_KCL_NACL_BASELINE_V10,693,37.71945771168812,80.0,False,0.27555878041996285,0.05442923190719787,stratified_log_count_counterexample_search,1431,5.2737923554349635,True
S10MW_8H,G0141_T3_graded_two_layer_coarse_hot__NREL_MGCL2_KCL_NACL_BASELINE_V10,802,43.923900353502916,80.0,False,0.23810752472697538,0.054767955552996156,stratified_log_count_counterexample_search,1431,6.2044426418147935,True
S10MW_8H,G0141_T3_graded_two_layer_coarse_hot__NREL_MGCL2_KCL_NACL_BASELINE_V10,927,51.064090992875045,80.0,False,0.20600025332366156,0.05508531930191483,stratified_log_count_counterexample_search,1431,7.140190639372129,True
S10MW_8H,G0141_T3_graded_two_layer_coarse_hot__NREL_MGCL2_KCL_NACL_BASELINE_V10,1071,59.31789963191574,80.0,False,0.17830274027174067,0.05538552720066829,stratified_log_count_counterexample_search,1431,8.253808639040699,True
S10MW_8H,G0141_T3_graded_two_layer_coarse_hot__NREL_MGCL2_KCL_NACL_BASELINE_V10,1238,68.91959237910936,80.0,False,0.15425059356303253,0.055670106929813695,stratified_log_count_counterexample_search,1431,9.601692747193617,True
S10MW_8H,G0141_T3_graded_two_layer_coarse_hot__NREL_MGCL2_KCL_NACL_BASELINE_V10,1431,80.04984270958911,80.0,True,0.13344670498325245,0.05593979224988757,stratified_log_count_counterexample_search,1431,11.130250330479754,True
S10MW_8H,G0229_T3_graded_two_layer_coarse_hot__NREL_MGCL2_KCL_NACL_BASELINE_V10,778,25.515218564522552,80.0,False,0.2454527439987587,0.032795910751314335,stratified_log_count_counterexample_search,2351,,True
S10MW_8H,G0229_T3_graded_two_layer_coarse_hot__NREL_MGCL2_KCL_NACL_BASELINE_V10,893,29.452821834161515,80.0,False,0.21384348805266995,0.03298188335292443,stratified_log_count_counterexample_search,2351,3.937603269638963,True
S10MW_8H,G0229_T3_graded_two_layer_coarse_hot__NREL_MGCL2_KCL_NACL_BASELINE_V10,1026,34.0216159775276,80.0,False,0.18612303589769422,0.03315946976367213,stratified_log_count_counterexample_search,2351,4.5687941433660875,True
S10MW_8H,G0229_T3_graded_two_layer_coarse_hot__NREL_MGCL2_KCL_NACL_BASELINE_V10,1178,39.25877223115826,80.0,False,0.16210716029799174,0.03332663177517679,stratified_log_count_counterexample_search,2351,5.237156253630658,True
S10MW_8H,G0229_T3_graded_two_layer_coarse_hot__NREL_MGCL2_KCL_NACL_BASELINE_V10,1352,45.27145563748348,80.0,False,0.14124425653183006,0.033484804465594285,stratified_log_count_counterexample_search,2351,6.012683406325216,True
S10MW_8H,G0229_T3_graded_two_layer_coarse_hot__NREL_MGCL2_KCL_NACL_BASELINE_V10,1553,52.23622780988999,80.0,False,0.12296344805604267,0.033635690798383765,stratified_log_count_counterexample_search,2351,6.964772172406512,True
S10MW_8H,G0229_T3_graded_two_layer_coarse_hot__NREL_MGCL2_KCL_NACL_BASELINE_V10,1783,60.22655340053468,80.0,False,0.1071016460073103,0.03377821278773678,stratified_log_count_counterexample_search,2351,7.990325590644687,True
S10MW_8H,G0229_T3_graded_two_layer_coarse_hot__NREL_MGCL2_KCL_NACL_BASELINE_V10,2047,69.42061827273926,80.0,False,0.0932888299125717,0.033913345516726555,stratified_log_count_counterexample_search,2351,9.194064872204585,True
S10MW_8H,G0229_T3_graded_two_layer_coarse_hot__NREL_MGCL2_KCL_NACL_BASELINE_V10,2351,80.03274227218715,80.0,True,0.08122596122119705,0.03404200011577505,stratified_log_count_counterexample_search,2351,10.612123999447888,True
S10MW_8H,G0057_T3_graded_two_layer_coarse_hot__NREL_MGCL2_KCL_NACL_BASELINE_V10,398,6.545085495042569,80.0,False,0.4798046101282268,0.0164449384297552,stratified_log_count_counterexample_search,4110,,True
S10MW_8H,G0057_T3_graded_two_layer_coarse_hot__NREL_MGCL2_KCL_NACL_BASELINE_V10,533,9.04673424074692,80.0,False,0.3582781141295202,0.016973234973258762,stratified_log_count_counterexample_search,4110,2.501648745704351,True
S10MW_8H,G0057_T3_graded_two_layer_coarse_hot__NREL_MGCL2_KCL_NACL_BASELINE_V10,713,12.442859299396966,80.0,False,0.2678292213618994,0.01745141556717667,stratified_log_count_counterexample_search,4110,3.396125058650046,True
S10MW_8H,G0057_T3_graded_two_layer_coarse_hot__NREL_MGCL2_KCL_NACL_BASELINE_V10,955,17.079079583222537,80.0,False,0.19996045532045473,0.01788385296672517,stratified_log_count_counterexample_search,4110,4.636220283825571,True
S10MW_8H,G0057_T3_graded_two_layer_coarse_hot__NREL_MGCL2_KCL_NACL_BASELINE_V10,1279,23.371293381823303,80.0,False,0.14930589118923712,0.01827309881299711,stratified_log_count_counterexample_search,4110,6.292213798600766,True
S10MW_8H,G0057_T3_graded_two_layer_coarse_hot__NREL_MGCL2_KCL_NACL_BASELINE_V10,1712,31.880899137171326,80.0,False,0.11154336146672562,0.018622020524048672,stratified_log_count_counterexample_search,4110,8.509605755348023,True
S10MW_8H,G0057_T3_graded_two_layer_coarse_hot__NREL_MGCL2_KCL_NACL_BASELINE_V10,2293,43.41911906299385,80.0,False,0.0832805210776425,0.018935507659395487,stratified_log_count_counterexample_search,4110,11.538219925822524,True
S10MW_8H,G0057_T3_graded_two_layer_coarse_hot__NREL_MGCL2_KCL_NACL_BASELINE_V10,3070,58.98995446030165,80.0,False,0.06220268235538576,0.019214968879577084,stratified_log_count_counterexample_search,4110,15.570835397307796,True
S10MW_8H,G0057_T3_graded_two_layer_coarse_hot__NREL_MGCL2_KCL_NACL_BASELINE_V10,4110,80.00102649369849,80.0,True,0.04646283085913242,0.019464969949804987,stratified_log_count_counterexample_search,4110,21.011072033396843,True
S10MW_8H,G0112_T1_homogeneous_none__SOLAR_SALT_60_40_V10,385,24.440371763166574,80.0,False,0.33879900833530263,0.06348148509913396,stratified_log_count_counterexample_search,1195,,True
S10MW_8H,G0112_T1_homogeneous_none__SOLAR_SALT_60_40_V10,444,28.4188035000872,80.0,False,0.2937784193898457,0.06400631418938559,stratified_log_count_counterexample_search,1195,3.9784317369206263,True
S10MW_8H,G0112_T1_homogeneous_none__SOLAR_SALT_60_40_V10,511,32.95760912239374,80.0,False,0.2552595268279677,0.06449629965243393,stratified_log_count_counterexample_search,1195,4.5388056223065405,True
S10MW_8H,G0112_T1_homogeneous_none__SOLAR_SALT_60_40_V10,589,38.26477080596548,80.0,False,0.22145605807995164,0.06496565501861712,stratified_log_count_counterexample_search,1195,5.307161683571742,True
S10MW_8H,G0112_T1_homogeneous_none__SOLAR_SALT_60_40_V10,678,44.34514797924681,80.0,False,0.19238586756503173,0.06540582297824013,stratified_log_count_counterexample_search,1195,6.080377173281327,True
S10MW_8H,G0112_T1_homogeneous_none__SOLAR_SALT_60_40_V10,781,51.40946825907019,80.0,False,0.16701359565824778,0.06582518343030754,stratified_log_count_counterexample_search,1195,7.064320279823377,True
S10MW_8H,G0112_T1_homogeneous_none__SOLAR_SALT_60_40_V10,900,59.60111619588635,80.0,False,0.14493068689899058,0.06622346243987372,stratified_log_count_counterexample_search,1195,8.19164793681616,True
S10MW_8H,G0112_T1_homogeneous_none__SOLAR_SALT_60_40_V10,1037,69.06363426902648,80.0,False,0.125783624116771,0.06659945445422033,stratified_log_count_counterexample_search,1195,9.462518073140131,True
S10MW_8H,G0112_T1_homogeneous_none__SOLAR_SALT_60_40_V10,1195,80.01314650863961,80.0,True,0.10915281858501381,0.06695660795702059,stratified_log_count_counterexample_search,1195,10.949512239613128,True
S10MW_8H,G0162_T1_homogeneous_none__SOLAR_SALT_60_40_V10,399,14.776984053594237,80.0,False,0.32691132383230953,0.037035047753369015,stratified_log_count_counterexample_search,1977,,True
S10MW_8H,G0162_T1_homogeneous_none__SOLAR_SALT_60_40_V10,487,18.305663618090165,80.0,False,0.26783905176404826,0.03758863165932272,stratified_log_count_counterexample_search,1977,3.5286795644959277,True
S10MW_8H,G0162_T1_homogeneous_none__SOLAR_SALT_60_40_V10,595,22.671452394038987,80.0,False,0.21922288774637227,0.038103281334519304,stratified_log_count_counterexample_search,1977,4.365788775948822,True
S10MW_8H,G0162_T1_homogeneous_none__SOLAR_SALT_60_40_V10,727,28.04741458329804,80.0,False,0.17941900716518777,0.03857966242544435,stratified_log_count_counterexample_search,1977,5.375962189259052,True
S10MW_8H,G0162_T1_homogeneous_none__SOLAR_SALT_60_40_V10,888,34.65023603392443,80.0,False,0.14688920969492286,0.03902053607423922,stratified_log_count_counterexample_search,1977,6.60282145062639,True
S10MW_8H,G0162_T1_homogeneous_none__SOLAR_SALT_60_40_V10,1085,42.77995364151595,80.0,False,0.12021900295768803,0.03942852870185802,stratified_log_count_counterexample_search,1977,8.129717607591523,True
S10MW_8H,G0162_T1_homogeneous_none__SOLAR_SALT_60_40_V10,1325,52.741452925846275,80.0,False,0.09844348544082378,0.03980487013271417,stratified_log_count_counterexample_search,1977,9.961499284330323,True
S10MW_8H,G0162_T1_homogeneous_none__SOLAR_SALT_60_40_V10,1619,65.00962059259983,80.0,False,0.08056678085799353,0.04015418195960459,stratified_log_count_counterexample_search,1977,12.268167666753556,True
S10MW_8H,G0162_T1_homogeneous_none__SOLAR_SALT_60_40_V10,1977,80.02090851411353,80.0,True,0.0659775509403599,0.04047592742241453,stratified_log_count_counterexample_search,1977,15.011287921513699,True
S10MW_8H,G0189_T1_homogeneous_none__SOLAR_SALT_60_40_V10,386,8.277284042913305,80.0,False,0.3379212906971283,0.02144374104381685,stratified_log_count_counterexample_search,3441,,True
S10MW_8H,G0189_T1_homogeneous_none__SOLAR_SALT_60_40_V10,507,11.032211056990109,80.0,False,0.25727340869643295,0.02175978512226846,stratified_log_count_counterexample_search,3441,2.754927014076804,True
S10MW_8H,G0189_T1_homogeneous_none__SOLAR_SALT_60_40_V10,667,14.704495884562753,80.0,False,0.19555864798964245,0.02204572096636095,stratified_log_count_counterexample_search,3441,3.6722848275726445,True
S10MW_8H,G0189_T1_homogeneous_none__SOLAR_SALT_60_40_V10,877,19.559211832780175,80.0,False,0.1487316057116209,0.022302408019133607,stratified_log_count_counterexample_search,3441,4.854715948217422,True
S10MW_8H,G0189_T1_homogeneous_none__SOLAR_SALT_60_40_V10,1152,25.958037691406922,80.0,False,0.11322709913983638,0.022533018829346288,stratified_log_count_counterexample_search,3441,6.398825858626747,True
S10MW_8H,G0189_T1_homogeneous_none__SOLAR_SALT_60_40_V10,1515,34.453747388907736,80.0,False,0.08609743776177657,0.02274174745142425,stratified_log_count_counterexample_search,3441,8.495709697500814,True
S10MW_8H,G0189_T1_homogeneous_none__SOLAR_SALT_60_40_V10,1991,45.65284649511569,80.0,False,0.06551362039632924,0.02292960647670301,stratified_log_count_counterexample_search,3441,11.199099106207953,True
S10MW_8H,G0189_T1_homogeneous_none__SOLAR_SALT_60_40_V10,2618,60.475153065713926,80.0,False,0.04982338357872097,0.02309975288988309,stratified_log_count_counterexample_search,3441,14.822306570598236,True
S10MW_8H,G0189_T1_homogeneous_none__SOLAR_SALT_60_40_V10,3441,80.01627210111172,80.0,True,0.037906892824496226,0.023253784394394572,stratified_log_count_counterexample_search,3441,19.5411190353978,True
S10MW_8H,G0112_T2_graded_two_layer_fine_hot__SOLAR_SALT_60_40_V10,385,24.22178950512545,80.0,False,0.33879900833530263,0.06291373897435182,stratified_log_count_counterexample_search,1202,,True
S10MW_8H,G0112_T2_graded_two_layer_fine_hot__SOLAR_SALT_60_40_V10,444,28.177949557368542,80.0,False,0.2937784193898457,0.06346385035443365,stratified_log_count_counterexample_search,1202,3.956160052243092,True
S10MW_8H,G0112_T2_graded_two_layer_fine_hot__SOLAR_SALT_60_40_V10,512,32.76044104464487,80.0,False,0.25476097306463186,0.06398523641532201,stratified_log_count_counterexample_search,1202,4.582491487276329,True
S10MW_8H,G0112_T2_graded_two_layer_fine_hot__SOLAR_SALT_60_40_V10,590,38.04140536860482,80.0,False,0.22108070882896866,0.06447695825187258,stratified_log_count_counterexample_search,1202,5.2809643239599495,True
S10MW_8H,G0112_T2_graded_two_layer_fine_hot__SOLAR_SALT_60_40_V10,680,44.16176153979596,80.0,False,0.19182002677807575,0.06494376697028818,stratified_log_count_counterexample_search,1202,6.1203561711911405,True
S10MW_8H,G0112_T2_graded_two_layer_fine_hot__SOLAR_SALT_60_40_V10,784,51.263445765115286,80.0,False,0.1663745130218004,0.06538704816978991,stratified_log_count_counterexample_search,1202,7.101684225319325,True
S10MW_8H,G0112_T2_graded_two_layer_fine_hot__SOLAR_SALT_60_40_V10,904,59.490116394416894,80.0,False,0.1442894006737738,0.06580765087877975,stratified_log_count_counterexample_search,1202,8.226670629301609,True
S10MW_8H,G0112_T2_graded_two_layer_fine_hot__SOLAR_SALT_60_40_V10,1043,69.05438220737962,80.0,False,0.12506003663383655,0.06620746136853271,stratified_log_count_counterexample_search,1202,9.564265812962724,True
S10MW_8H,G0112_T2_graded_two_layer_fine_hot__SOLAR_SALT_60_40_V10,1202,80.0332719725819,80.0,True,0.108517153252156,0.06658342094224784,stratified_log_count_counterexample_search,1202,10.978889765202283,True
S10MW_8H,G0140_T2_graded_two_layer_fine_hot__SOLAR_SALT_60_40_V10,435,16.648185092008788,80.0,False,0.2998565935841184,0.038271689866686866,stratified_log_count_counterexample_search,1988,,True
S10MW_8H,G0140_T2_graded_two_layer_fine_hot__SOLAR_SALT_60_40_V10,526,20.29501939009784,80.0,False,0.24798026275492682,0.03858368705341794,stratified_log_count_counterexample_search,1988,3.6468342980890505,True
S10MW_8H,G0140_T2_graded_two_layer_fine_hot__SOLAR_SALT_60_40_V10,636,24.723959561202506,80.0,False,0.2050905946683829,0.03887415025346306,stratified_log_count_counterexample_search,1988,4.428940171104667,True
S10MW_8H,G0140_T2_graded_two_layer_fine_hot__SOLAR_SALT_60_40_V10,769,30.102290537255456,80.0,False,0.16961978960870158,0.03914472111476652,stratified_log_count_counterexample_search,1988,5.3783309760529505,True
S10MW_8H,G0140_T2_graded_two_layer_fine_hot__SOLAR_SALT_60_40_V10,930,36.6393444358236,80.0,False,0.14025550345063603,0.03939714455464904,stratified_log_count_counterexample_search,1988,6.537053898568146,True
S10MW_8H,G0140_T2_graded_two_layer_fine_hot__SOLAR_SALT_60_40_V10,1124,44.54600702581034,80.0,False,0.11604770303299956,0.03963167884858571,stratified_log_count_counterexample_search,1988,7.9066625899867375,True
S10MW_8H,G0140_T2_graded_two_layer_fine_hot__SOLAR_SALT_60_40_V10,1360,54.19836076234588,80.0,False,0.09591001338903787,0.03985173585466609,stratified_log_count_counterexample_search,1988,9.652353736535538,True
S10MW_8H,G0140_T2_graded_two_layer_fine_hot__SOLAR_SALT_60_40_V10,1644,65.8523206445307,80.0,False,0.07934161691550579,0.040056156109811863,stratified_log_count_counterexample_search,1988,11.653959882184829,True
S10MW_8H,G0140_T2_graded_two_layer_fine_hot__SOLAR_SALT_60_40_V10,1988,80.0123129267533,80.0,True,0.06561248400859734,0.04024764231728033,stratified_log_count_counterexample_search,1988,14.15999228222259,True
S10MW_8H,G0189_T2_graded_two_layer_fine_hot__SOLAR_SALT_60_40_V10,386,8.205912933275325,80.0,False,0.3379212906971283,0.021258841796050067,stratified_log_count_counterexample_search,3454,,True
S10MW_8H,G0189_T2_graded_two_layer_fine_hot__SOLAR_SALT_60_40_V10,508,10.969123467088002,80.0,False,0.2567669649785266,0.021592762730488192,stratified_log_count_counterexample_search,3454,2.7632105338126767,True
S10MW_8H,G0189_T2_graded_two_layer_fine_hot__SOLAR_SALT_60_40_V10,668,14.62449867528327,80.0,False,0.19526589552259208,0.02189296208874741,stratified_log_count_counterexample_search,3454,3.6553752081952684,True
S10MW_8H,G0189_T2_graded_two_layer_fine_hot__SOLAR_SALT_60_40_V10,878,19.459275176950985,80.0,False,0.14856220752743907,0.022163183572837114,stratified_log_count_counterexample_search,3454,4.834776501667715,True
S10MW_8H,G0189_T2_graded_two_layer_fine_hot__SOLAR_SALT_60_40_V10,1155,25.880746721866995,80.0,False,0.11293300277843421,0.022407572919365362,stratified_log_count_counterexample_search,3454,6.42147154491601,True
S10MW_8H,G0189_T2_graded_two_layer_fine_hot__SOLAR_SALT_60_40_V10,1519,34.371498578937626,80.0,False,0.08587071639834859,0.022627714666845048,stratified_log_count_counterexample_search,3454,8.49075185707063,True
S10MW_8H,G0189_T2_graded_two_layer_fine_hot__SOLAR_SALT_60_40_V10,1997,45.5837796795987,80.0,False,0.06531678428096721,0.022826129033349372,stratified_log_count_counterexample_search,3454,11.212281100661073,True
S10MW_8H,G0189_T2_graded_two_layer_fine_hot__SOLAR_SALT_60_40_V10,2626,60.41265801154482,80.0,False,0.049671598708717256,0.023005581877968324,stratified_log_count_counterexample_search,3454,14.828878331946122,True
S10MW_8H,G0189_T2_graded_two_layer_fine_hot__SOLAR_SALT_60_40_V10,3454,80.02315083692784,80.0,True,0.03776422067431717,0.023168254440338112,stratified_log_count_counterexample_search,3454,19.61049282538302,True
S10MW_8H,G0112_T3_graded_two_layer_coarse_hot__SOLAR_SALT_60_40_V10,385,24.221475786593487,80.0,False,0.33879900833530263,0.06291292412102205,stratified_log_count_counterexample_search,1202,,True
S10MW_8H,G0112_T3_graded_two_layer_coarse_hot__SOLAR_SALT_60_40_V10,444,28.17767791860379,80.0,False,0.2937784193898457,0.06346323855541394,stratified_log_count_counterexample_search,1202,3.9562021320103042,True
S10MW_8H,G0112_T3_graded_two_layer_coarse_hot__SOLAR_SALT_60_40_V10,512,32.76023871053669,80.0,False,0.25476097306463186,0.06398484123151697,stratified_log_count_counterexample_search,1202,4.582560791932899,True
S10MW_8H,G0112_T3_graded_two_layer_coarse_hot__SOLAR_SALT_60_40_V10,590,38.04105121226871,80.0,False,0.22108070882896866,0.06447635798689612,stratified_log_count_counterexample_search,1202,5.280812501732022,True
S10MW_8H,G0112_T3_graded_two_layer_coarse_hot__SOLAR_SALT_60_40_V10,680,44.161143513983944,80.0,False,0.19182002677807575,0.06494285810879992,stratified_log_count_counterexample_search,1202,6.120092301715232,True
S10MW_8H,G0112_T3_graded_two_layer_coarse_hot__SOLAR_SALT_60_40_V10,784,51.2635238258639,80.0,False,0.1663745130218004,0.0653871477370713,stratified_log_count_counterexample_search,1202,7.102380311879955,True
S10MW_8H,G0112_T3_graded_two_layer_coarse_hot__SOLAR_SALT_60_40_V10,904,59.48983279066104,80.0,False,0.1442894006737738,0.06580733715781088,stratified_log_count_counterexample_search,1202,8.226308964797141,True
S10MW_8H,G0112_T3_graded_two_layer_coarse_hot__SOLAR_SALT_60_40_V10,1043,69.05397825163664,80.0,False,0.12506003663383655,0.06620707406676571,stratified_log_count_counterexample_search,1202,9.564145460975595,True
S10MW_8H,G0112_T3_graded_two_layer_coarse_hot__SOLAR_SALT_60_40_V10,1202,80.03156098922956,80.0,True,0.108517153252156,0.0665819974951993,stratified_log_count_counterexample_search,1202,10.977582737592925,True
S10MW_8H,G0140_T3_graded_two_layer_coarse_hot__SOLAR_SALT_60_40_V10,435,16.648305706004578,80.0,False,0.2998565935841184,0.03827196714024041,stratified_log_count_counterexample_search,1988,,True
S10MW_8H,G0140_T3_graded_two_layer_coarse_hot__SOLAR_SALT_60_40_V10,526,20.294719764384958,80.0,False,0.24798026275492682,0.03858311742278509,stratified_log_count_counterexample_search,1988,3.6464140583803797,True
S10MW_8H,G0140_T3_graded_two_layer_coarse_hot__SOLAR_SALT_60_40_V10,636,24.723379821778536,80.0,False,0.2050905946683829,0.038873238713488266,stratified_log_count_counterexample_search,1988,4.428660057393579,True
S10MW_8H,G0140_T3_graded_two_layer_coarse_hot__SOLAR_SALT_60_40_V10,769,30.101973424283948,80.0,False,0.16961978960870158,0.03914430874419239,stratified_log_count_counterexample_search,1988,5.378593602505411,True
S10MW_8H,G0140_T3_graded_two_layer_coarse_hot__SOLAR_SALT_60_40_V10,930,36.63814807664706,80.0,False,0.14025550345063603,0.039395858146932326,stratified_log_count_counterexample_search,1988,6.5361746523631155,True
S10MW_8H,G0140_T3_graded_two_layer_coarse_hot__SOLAR_SALT_60_40_V10,1124,44.54430555801318,80.0,False,0.11604770303299956,0.03963016508720034,stratified_log_count_counterexample_search,1988,7.906157481366115,True
S10MW_8H,G0140_T3_graded_two_layer_coarse_hot__SOLAR_SALT_60_40_V10,1360,54.195941629090775,80.0,False,0.09591001338903787,0.039849957080213806,stratified_log_count_counterexample_search,1988,9.651636071077597,True
S10MW_8H,G0140_T3_graded_two_layer_coarse_hot__SOLAR_SALT_60_40_V10,1644,65.84837873650599,80.0,False,0.07934161691550579,0.040053758355538926,stratified_log_count_counterexample_search,1988,11.652437107415217,True
S10MW_8H,G0140_T3_graded_two_layer_coarse_hot__SOLAR_SALT_60_40_V10,1988,80.00642628573893,80.0,True,0.06561248400859734,0.04024468123025097,stratified_log_count_counterexample_search,1988,14.158047549232933,True
S10MW_8H,G0189_T3_graded_two_layer_coarse_hot__SOLAR_SALT_60_40_V10,386,8.205984982972486,80.0,False,0.3379212906971283,0.021259028453296597,stratified_log_count_counterexample_search,3454,,True
S10MW_8H,G0189_T3_graded_two_layer_coarse_hot__SOLAR_SALT_60_40_V10,508,10.969209064945385,80.0,False,0.2567669649785266,0.021592931230207453,stratified_log_count_counterexample_search,3454,2.763224081972899,True
S10MW_8H,G0189_T3_graded_two_layer_coarse_hot__SOLAR_SALT_60_40_V10,668,14.624327061999056,80.0,False,0.19526589552259208,0.021892705182633317,stratified_log_count_counterexample_search,3454,3.6551179970536705,True
S10MW_8H,G0189_T3_graded_two_layer_coarse_hot__SOLAR_SALT_60_40_V10,878,19.458984356201253,80.0,False,0.14856220752743907,0.022162852341914865,stratified_log_count_counterexample_search,3454,4.834657294202197,True
S10MW_8H,G0189_T3_graded_two_layer_coarse_hot__SOLAR_SALT_60_40_V10,1155,25.88020499723813,80.0,False,0.11293300277843421,0.022407103893712668,stratified_log_count_counterexample_search,3454,6.421220641036879,True
S10MW_8H,G0189_T3_graded_two_layer_coarse_hot__SOLAR_SALT_60_40_V10,1519,34.370796023482185,80.0,False,0.08587071639834859,0.02262725215502448,stratified_log_count_counterexample_search,3454,8.490591026244054,True
S10MW_8H,G0189_T3_graded_two_layer_coarse_hot__SOLAR_SALT_60_40_V10,1997,45.58230191927067,80.0,False,0.06531678428096721,0.022825389043200136,stratified_log_count_counterexample_search,3454,11.211505895788484,True
S10MW_8H,G0189_T3_graded_two_layer_coarse_hot__SOLAR_SALT_60_40_V10,2626,60.409633996663196,80.0,False,0.049671598708717256,0.023004430310991315,stratified_log_count_counterexample_search,3454,14.827332077392526,True
S10MW_8H,G0189_T3_graded_two_layer_coarse_hot__SOLAR_SALT_60_40_V10,3454,80.01703690789304,80.0,True,0.03776422067431717,0.023166484339285767,stratified_log_count_counterexample_search,3454,19.607402911229848,True
S50MW_6H,G0187_T1_homogeneous_none__AIP_FLINAK_2017_V10,3956,297.11870848819456,300.0,False,0.13445775875051091,0.07510584137719782,stratified_log_count_counterexample_search,3994,,True
S50MW_6H,G0187_T1_homogeneous_none__AIP_FLINAK_2017_V10,3961,297.5032121406675,300.0,False,0.13428803171346154,0.07510810707918895,stratified_log_count_counterexample_search,3994,0.3845036524729153,True
S50MW_6H,G0187_T1_homogeneous_none__AIP_FLINAK_2017_V10,3965,297.8107977619154,300.0,False,0.13415255828928657,0.07510991116315648,stratified_log_count_counterexample_search,3994,0.307585621247938,True
S50MW_6H,G0187_T1_homogeneous_none__AIP_FLINAK_2017_V10,3970,298.1952941072086,300.0,False,0.13398360040731014,0.07511216476252106,stratified_log_count_counterexample_search,3994,0.38449634529320065,True
S50MW_6H,G0187_T1_homogeneous_none__AIP_FLINAK_2017_V10,3975,298.57980817058035,300.0,False,0.1338150675766091,0.07511441714983154,stratified_log_count_counterexample_search,3994,0.3845140633717392,True
S50MW_6H,G0187_T1_homogeneous_none__AIP_FLINAK_2017_V10,3980,298.9643392713733,300.0,False,0.13364695819523145,0.07511666815863652,stratified_log_count_counterexample_search,3994,0.3845311007929695,True
S50MW_6H,G0187_T1_homogeneous_none__AIP_FLINAK_2017_V10,3984,299.2719460398966,300.0,False,0.13351277450226437,0.07511846035137967,stratified_log_count_counterexample_search,3994,0.3076067685232715,True
S50MW_6H,G0187_T1_homogeneous_none__AIP_FLINAK_2017_V10,3989,299.6564703535649,300.0,False,0.13334542331838084,0.07512069951204936,stratified_log_count_counterexample_search,3994,0.38452431366829387,True
S50MW_6H,G0187_T1_homogeneous_none__AIP_FLINAK_2017_V10,3994,300.04101230208977,300.0,True,0.13317849114096675,0.07512293748174506,stratified_log_count_counterexample_search,3994,0.384541948524884,True
S50MW_6H,G0147_T1_homogeneous_none__AIP_FLINAK_2017_V10,2377,113.85756115007081,300.0,False,0.22377572301936105,0.04789968916704704,stratified_log_count_counterexample_search,6107,,True
S50MW_6H,G0147_T1_homogeneous_none__AIP_FLINAK_2017_V10,2675,128.60834562527643,300.0,False,0.19884668920262474,0.04807788621505661,stratified_log_count_counterexample_search,6107,14.75078447520562,True
S50MW_6H,G0147_T1_homogeneous_none__AIP_FLINAK_2017_V10,3009,145.17670834892536,300.0,False,0.17677464061715562,0.04824749363540225,stratified_log_count_counterexample_search,6107,16.56836272364893,True
S50MW_6H,G0147_T1_homogeneous_none__AIP_FLINAK_2017_V10,3386,163.91899708488626,300.0,False,0.15709240803810431,0.048410808353480876,stratified_log_count_counterexample_search,6107,18.742288735960898,True
S50MW_6H,G0147_T1_homogeneous_none__AIP_FLINAK_2017_V10,3810,185.03864511610996,300.0,False,0.13961020829843077,0.0485665735212887,stratified_log_count_counterexample_search,6107,21.119648031223704,True
S50MW_6H,G0147_T1_homogeneous_none__AIP_FLINAK_2017_V10,4287,208.84645601398023,300.0,False,0.12407625230161447,0.04871622486913465,stratified_log_count_counterexample_search,6107,23.80781089787027,True
S50MW_6H,G0147_T1_homogeneous_none__AIP_FLINAK_2017_V10,4824,235.69844017987555,300.0,False,0.11026428142973077,0.04885954398421964,stratified_log_count_counterexample_search,6107,26.851984165895317,True
S50MW_6H,G0147_T1_homogeneous_none__AIP_FLINAK_2017_V10,5428,265.9563407191071,300.0,False,0.09799463773342322,0.04899711509195046,stratified_log_count_counterexample_search,6107,30.25790053923157,True
S50MW_6H,G0147_T1_homogeneous_none__AIP_FLINAK_2017_V10,6107,300.0310887913953,300.0,True,0.08709921297151157,0.04912904679734653,stratified_log_count_counterexample_search,6107,34.07474807228817,True
S50MW_6H,G0144_T1_homogeneous_none__AIP_FLINAK_2017_V10,2816,75.13174811961156,300.0,False,0.1888902321083172,0.026680308281112057,stratified_log_count_counterexample_search,10868,,True
S50MW_6H,G0144_T1_homogeneous_none__AIP_FLINAK_2017_V10,3334,89.42617138996812,300.0,False,0.15954255957319172,0.026822486919606515,stratified_log_count_counterexample_search,10868,14.29442327035656,True
S50MW_6H,G0144_T1_homogeneous_none__AIP_FLINAK_2017_V10,3947,106.39405391017921,300.0,False,0.13476435105574391,0.026955676187022857,stratified_log_count_counterexample_search,10868,16.96788252021109,True
S50MW_6H,G0144_T1_homogeneous_none__AIP_FLINAK_2017_V10,4673,126.54798862139789,300.0,False,0.1138272830338158,0.027080673790155767,stratified_log_count_counterexample_search,10868,20.15393471121868,True
S50MW_6H,G0144_T1_homogeneous_none__AIP_FLINAK_2017_V10,5532,150.45987780798788,300.0,False,0.09615236688666327,0.027198097940706413,stratified_log_count_counterexample_search,10868,23.91188918658999,True
S50MW_6H,G0144_T1_homogeneous_none__AIP_FLINAK_2017_V10,6549,178.84334638476824,300.0,False,0.08122078082409852,0.027308496928503317,stratified_log_count_counterexample_search,10868,28.38346857678036,True
S50MW_6H,G0144_T1_homogeneous_none__AIP_FLINAK_2017_V10,7754,212.55816035606216,300.0,False,0.06859877400271101,0.027412710904831335,stratified_log_count_counterexample_search,10868,33.71481397129392,True
S50MW_6H,G0144_T1_homogeneous_none__AIP_FLINAK_2017_V10,9180,252.5528825549908,300.0,False,0.05794279886895656,0.027511207249998997,stratified_log_count_counterexample_search,10868,39.99472219892863,True
S50MW_6H,G0144_T1_homogeneous_none__AIP_FLINAK_2017_V10,10868,300.00724775886283,300.0,True,0.04894321803616316,0.027604641862243543,stratified_log_count_counterexample_search,10868,47.454365203872044,True
S50MW_6H,G0187_T2_graded_two_layer_fine_hot__AIP_FLINAK_2017_V10,3956,295.97267742758953,300.0,False,0.13445775875051091,0.07481614697360706,stratified_log_count_counterexample_search,4009,,True
S50MW_6H,G0187_T2_graded_two_layer_fine_hot__AIP_FLINAK_2017_V10,3963,296.5096189768246,300.0,False,0.1342202608168108,0.07481948498027367,stratified_log_count_counterexample_search,4009,0.5369415492350527,True
S50MW_6H,G0187_T2_graded_two_layer_fine_hot__AIP_FLINAK_2017_V10,3969,296.96987632182385,300.0,False,0.13401735792819885,0.07482234223275985,stratified_log_count_counterexample_search,4009,0.4602573449992633,True
S50MW_6H,G0187_T2_graded_two_layer_fine_hot__AIP_FLINAK_2017_V10,3976,297.5068524167982,300.0,False,0.13378141187550835,0.07482566710684059,stratified_log_count_counterexample_search,4009,0.5369760949743636,True
S50MW_6H,G0187_T2_graded_two_layer_fine_hot__AIP_FLINAK_2017_V10,3982,297.96712209287244,300.0,False,0.13357983265118564,0.07482850881287605,stratified_log_count_counterexample_search,4009,0.4602696760742333,True
S50MW_6H,G0187_T2_graded_two_layer_fine_hot__AIP_FLINAK_2017_V10,3989,298.50413812323086,300.0,False,0.13334542331838084,0.07483182204142162,stratified_log_count_counterexample_search,4009,0.5370160303584157,True
S50MW_6H,G0187_T2_graded_two_layer_fine_hot__AIP_FLINAK_2017_V10,3996,299.041149238172,300.0,False,0.1331118352394948,0.07483512243197497,stratified_log_count_counterexample_search,4009,0.5370111149411514,True
S50MW_6H,G0187_T2_graded_two_layer_fine_hot__AIP_FLINAK_2017_V10,4002,299.5014638808464,300.0,False,0.13291226727062,0.07483794699671324,stratified_log_count_counterexample_search,4009,0.4603146426744047,True
S50MW_6H,G0187_T2_graded_two_layer_fine_hot__AIP_FLINAK_2017_V10,4009,300.03850756838006,300.0,True,0.13268019297007264,0.07484123411533551,stratified_log_count_counterexample_search,4009,0.5370436875336395,True
S50MW_6H,G0147_T2_graded_two_layer_fine_hot__AIP_FLINAK_2017_V10,2377,113.29090688936809,300.0,False,0.22377572301936105,0.04766129864929242,stratified_log_count_counterexample_search,6128,,True
S50MW_6H,G0147_T2_graded_two_layer_fine_hot__AIP_FLINAK_2017_V10,2676,128.0458812029812,300.0,False,0.1987723817701873,0.04784973139124858,stratified_log_count_counterexample_search,6128,14.754974313613118,True
S50MW_6H,G0147_T2_graded_two_layer_fine_hot__AIP_FLINAK_2017_V10,3012,144.66371419050097,300.0,False,0.17659857025797518,0.04802912157719156,stratified_log_count_counterexample_search,6128,16.617832987519762,True
S50MW_6H,G0147_T2_graded_two_layer_fine_hot__AIP_FLINAK_2017_V10,3390,163.40189204291246,300.0,False,0.15690704826460802,0.048201148095254415,stratified_log_count_counterexample_search,6128,18.738177852411496,True
S50MW_6H,G0147_T2_graded_two_layer_fine_hot__AIP_FLINAK_2017_V10,3817,184.61332297124736,300.0,False,0.13935417700210145,0.048366078850208896,stratified_log_count_counterexample_search,6128,21.21143092833489,True
S50MW_6H,G0147_T2_graded_two_layer_fine_hot__AIP_FLINAK_2017_V10,4296,208.45721791073,300.0,False,0.12381631601885969,0.04852356096618483,stratified_log_count_counterexample_search,6128,23.843894939482652,True
S50MW_6H,G0147_T2_graded_two_layer_fine_hot__AIP_FLINAK_2017_V10,4836,235.3904526826883,300.0,False,0.10999067279094732,0.04867461800717293,stratified_log_count_counterexample_search,6128,26.933234771958297,True
S50MW_6H,G0147_T2_graded_two_layer_fine_hot__AIP_FLINAK_2017_V10,5444,265.77312611200676,300.0,False,0.09770662998108398,0.048819457404850615,stratified_log_count_counterexample_search,6128,30.38267342931846,True
S50MW_6H,G0147_T2_graded_two_layer_fine_hot__AIP_FLINAK_2017_V10,6128,300.01678668065284,300.0,True,0.08680073329259484,0.0489583529178611,stratified_log_count_counterexample_search,6128,34.24366056864608,True
S50MW_6H,G0217_T2_graded_two_layer_fine_hot__AIP_FLINAK_2017_V10,5234,139.4544029747372,300.0,False,0.10162684249465442,0.02664394401504341,stratified_log_count_counterexample_search,10905,,True
S50MW_6H,G0217_T2_graded_two_layer_fine_hot__AIP_FLINAK_2017_V10,5737,153.56090004247997,300.0,False,0.09271655806467165,0.02676675963787345,stratified_log_count_counterexample_search,10905,14.106497067742765,True
S50MW_6H,G0217_T2_graded_two_layer_fine_hot__AIP_FLINAK_2017_V10,6288,169.05472132223636,300.0,False,0.0845920632342591,0.02688529283114446,stratified_log_count_counterexample_search,10905,15.49382127975639,True
S50MW_6H,G0217_T2_graded_two_layer_fine_hot__AIP_FLINAK_2017_V10,6893,186.10767596204536,300.0,False,0.07716740078587281,0.026999517766146144,stratified_log_count_counterexample_search,10905,17.052954639809002,True
S50MW_6H,G0217_T2_graded_two_layer_fine_hot__AIP_FLINAK_2017_V10,7555,204.8125546213668,300.0,False,0.07040567751383471,0.027109537342338424,stratified_log_count_counterexample_search,10905,18.704878659321423,True
S50MW_6H,G0217_T2_graded_two_layer_fine_hot__AIP_FLINAK_2017_V10,8281,225.372411531998,300.0,False,0.06423317155138525,0.02721560337302234,stratified_log_count_counterexample_search,10905,20.559856910631225,True
S50MW_6H,G0217_T2_graded_two_layer_fine_hot__AIP_FLINAK_2017_V10,9077,247.96318500590348,300.0,False,0.058600296751902745,0.027317746502798664,stratified_log_count_counterexample_search,10905,22.59077347390547,True
S50MW_6H,G0217_T2_graded_two_layer_fine_hot__AIP_FLINAK_2017_V10,9949,272.7658513044832,300.0,False,0.05346415656015893,0.027416408815406895,stratified_log_count_counterexample_search,10905,24.80266629857971,True
S50MW_6H,G0217_T2_graded_two_layer_fine_hot__AIP_FLINAK_2017_V10,10905,300.0114997780619,300.0,True,0.04877715668198269,0.027511370910413745,stratified_log_count_counterexample_search,10905,27.245648473578683,True
S50MW_6H,G0187_T3_graded_two_layer_coarse_hot__AIP_FLINAK_2017_V10,3956,295.9531144131884,300.0,False,0.13445775875051091,0.074811201823354,stratified_log_count_counterexample_search,4009,,True
S50MW_6H,G0187_T3_graded_two_layer_coarse_hot__AIP_FLINAK_2017_V10,3963,296.49027954800465,300.0,False,0.1342202608168108,0.07481460498309479,stratified_log_count_counterexample_search,4009,0.5371651348162345,True
S50MW_6H,G0187_T3_graded_two_layer_coarse_hot__AIP_FLINAK_2017_V10,3969,296.9500239107719,300.0,False,0.13401735792819885,0.0748173403655258,stratified_log_count_counterexample_search,4009,0.4597443627672533,True
S50MW_6H,G0187_T3_graded_two_layer_coarse_hot__AIP_FLINAK_2017_V10,3976,297.4854397438867,300.0,False,0.13378141187550835,0.07482028162572603,stratified_log_count_counterexample_search,4009,0.5354158331147687,True
S50MW_6H,G0187_T3_graded_two_layer_coarse_hot__AIP_FLINAK_2017_V10,3982,297.9474287397109,300.0,False,0.13357983265118564,0.07482356321941509,stratified_log_count_counterexample_search,4009,0.46198899582424247,True
S50MW_6H,G0187_T3_graded_two_layer_coarse_hot__AIP_FLINAK_2017_V10,3989,298.4823557523153,300.0,False,0.13334542331838084,0.07482636143201687,stratified_log_count_counterexample_search,4009,0.5349270126043848,True
S50MW_6H,G0187_T3_graded_two_layer_coarse_hot__AIP_FLINAK_2017_V10,3996,299.02064330706486,300.0,False,0.1331118352394948,0.0748299908175838,stratified_log_count_counterexample_search,4009,0.5382875547495587,True
S50MW_6H,G0187_T3_graded_two_layer_coarse_hot__AIP_FLINAK_2017_V10,4002,299.4814988849376,300.0,False,0.13291226727062,0.07483295824211335,stratified_log_count_counterexample_search,4009,0.460855577872735,True
S50MW_6H,G0187_T3_graded_two_layer_coarse_hot__AIP_FLINAK_2017_V10,4009,300.0182922507504,300.0,True,0.13268019297007264,0.07483619163151668,stratified_log_count_counterexample_search,4009,0.5367933658127981,True
S50MW_6H,G0147_T3_graded_two_layer_coarse_hot__AIP_FLINAK_2017_V10,2377,113.29064638787519,300.0,False,0.22377572301936105,0.04766118905674177,stratified_log_count_counterexample_search,6129,,True
S50MW_6H,G0147_T3_graded_two_layer_coarse_hot__AIP_FLINAK_2017_V10,2676,128.04378239233097,300.0,False,0.1987723817701873,0.04784894708233594,stratified_log_count_counterexample_search,6129,14.753136004455783,True
S50MW_6H,G0147_T3_graded_two_layer_coarse_hot__AIP_FLINAK_2017_V10,3012,144.66059308773427,300.0,False,0.17659857025797518,0.048028085354493454,stratified_log_count_counterexample_search,6129,16.616810695403302,True
S50MW_6H,G0147_T3_graded_two_layer_coarse_hot__AIP_FLINAK_2017_V10,3391,163.44564692776095,300.0,False,0.15686077664907733,0.04819983689995899,stratified_log_count_counterexample_search,6129,18.785053840026677,True
S50MW_6H,G0147_T3_graded_two_layer_coarse_hot__AIP_FLINAK_2017_V10,3817,184.6095229860766,300.0,False,0.13935417700210145,0.04836508330785345,stratified_log_count_counterexample_search,6129,21.16387605831565,True
S50MW_6H,G0147_T3_graded_two_layer_coarse_hot__AIP_FLINAK_2017_V10,4297,208.49548523446205,300.0,False,0.12378750142355625,0.048521174129500126,stratified_log_count_counterexample_search,6129,23.885962248385454,True
S50MW_6H,G0147_T3_graded_two_layer_coarse_hot__AIP_FLINAK_2017_V10,4837,235.4280111421422,300.0,False,0.10996793335063494,0.04867231985572508,stratified_log_count_counterexample_search,6129,26.932525907680144,True
S50MW_6H,G0147_T3_graded_two_layer_coarse_hot__AIP_FLINAK_2017_V10,5445,265.80384634712345,300.0,False,0.09768868569642263,0.048816133397084197,stratified_log_count_counterexample_search,6129,30.375835204981257,True
S50MW_6H,G0147_T3_graded_two_layer_coarse_hot__AIP_FLINAK_2017_V10,6129,300.04478041510896,300.0,True,0.08678657099315079,0.04895493235684597,stratified_log_count_counterexample_search,6129,34.240934067985506,True
S50MW_6H,G0217_T3_graded_two_layer_coarse_hot__AIP_FLINAK_2017_V10,5234,139.45279174511546,300.0,False,0.10162684249465442,0.026643636175986904,stratified_log_count_counterexample_search,10905,,True
S50MW_6H,G0217_T3_graded_two_layer_coarse_hot__AIP_FLINAK_2017_V10,5737,153.56280407475293,300.0,False,0.09271655806467165,0.026767091524272778,stratified_log_count_counterexample_search,10905,14.11001232963747,True
S50MW_6H,G0217_T3_graded_two_layer_coarse_hot__AIP_FLINAK_2017_V10,6288,169.05134899743507,300.0,False,0.0845920632342591,0.026884756519948327,stratified_log_count_counterexample_search,10905,15.488544922682138,True
S50MW_6H,G0217_T3_graded_two_layer_coarse_hot__AIP_FLINAK_2017_V10,6893,186.1037711315275,300.0,False,0.07716740078587281,0.026998951273977587,stratified_log_count_counterexample_search,10905,17.05242213409244,True
S50MW_6H,G0217_T3_graded_two_layer_coarse_hot__AIP_FLINAK_2017_V10,7555,204.8100813423767,300.0,False,0.07040567751383471,0.027109209972518422,stratified_log_count_counterexample_search,10905,18.706310210849182,True
S50MW_6H,G0217_T3_graded_two_layer_coarse_hot__AIP_FLINAK_2017_V10,8281,225.37183401978575,300.0,False,0.06423317155138525,0.027215533633593254,stratified_log_count_counterexample_search,10905,20.56175267740906,True
S50MW_6H,G0217_T3_graded_two_layer_coarse_hot__AIP_FLINAK_2017_V10,9077,247.9628552416665,300.0,False,0.058600296751902745,0.02731771017314823,stratified_log_count_counterexample_search,10905,22.591021221880737,True
S50MW_6H,G0217_T3_graded_two_layer_coarse_hot__AIP_FLINAK_2017_V10,9949,272.76117837770596,300.0,False,0.05346415656015893,0.027415939127319926,stratified_log_count_counterexample_search,10905,24.79832313603947,True
S50MW_6H,G0217_T3_graded_two_layer_coarse_hot__AIP_FLINAK_2017_V10,10905,300.0099150672243,300.0,True,0.04877715668198269,0.027511225590758765,stratified_log_count_counterexample_search,10905,27.248736689518353,True
S50MW_6H,G0170_T1_homogeneous_none__AIP_LIF_NAK_CARBONATE_RECIPROCAL_2017_V10,4049,386.5340556090348,300.0,True,0.13570030858250173,0.09546407893530126,stratified_log_count_counterexample_search,4049,,True
S50MW_6H,G0147_T1_homogeneous_none__AIP_LIF_NAK_CARBONATE_RECIPROCAL_2017_V10,2377,111.1796423967655,300.0,False,0.231152944657362,0.046773093141255995,stratified_log_count_counterexample_search,6248,,True
S50MW_6H,G0147_T1_homogeneous_none__AIP_LIF_NAK_CARBONATE_RECIPROCAL_2017_V10,2682,125.93217038791704,300.0,False,0.20486597667805723,0.046954575088708816,stratified_log_count_counterexample_search,6248,14.752527991151538,True
S50MW_6H,G0147_T1_homogeneous_none__AIP_LIF_NAK_CARBONATE_RECIPROCAL_2017_V10,3027,142.65450736302265,300.0,False,0.18151653434111314,0.04712735624810791,stratified_log_count_counterexample_search,6248,16.722336975105605,True
S50MW_6H,G0147_T1_homogeneous_none__AIP_LIF_NAK_CARBONATE_RECIPROCAL_2017_V10,3415,161.5011602346668,300.0,False,0.1608932794877158,0.04729170138643245,stratified_log_count_counterexample_search,6248,18.846652871644153,True
S50MW_6H,G0147_T1_homogeneous_none__AIP_LIF_NAK_CARBONATE_RECIPROCAL_2017_V10,3854,182.87120954979497,300.0,False,0.14256630758965996,0.047449717060143996,stratified_log_count_counterexample_search,6248,21.37004931512817,True
S50MW_6H,G0147_T1_homogeneous_none__AIP_LIF_NAK_CARBONATE_RECIPROCAL_2017_V10,4349,207.0145006061049,300.0,False,0.12633951470465613,0.047600483008991695,stratified_log_count_counterexample_search,6248,24.14329105630992,True
S50MW_6H,G0147_T1_homogeneous_none__AIP_LIF_NAK_CARBONATE_RECIPROCAL_2017_V10,4907,234.28397265316408,300.0,False,0.11197280404535347,0.04774484871676464,stratified_log_count_counterexample_search,6248,27.269472047059196,True
S50MW_6H,G0147_T1_homogeneous_none__AIP_LIF_NAK_CARBONATE_RECIPROCAL_2017_V10,5537,265.1307096905794,300.0,False,0.09923253556990239,0.04788345849567987,stratified_log_count_counterexample_search,6248,30.846737037415323,True
S50MW_6H,G0147_T1_homogeneous_none__AIP_LIF_NAK_CARBONATE_RECIPROCAL_2017_V10,6248,300.00242141782485,300.0,True,0.08794022878529921,0.04801575246764162,stratified_log_count_counterexample_search,6248,34.87171172724544,True
S50MW_6H,G0144_T1_homogeneous_none__AIP_LIF_NAK_CARBONATE_RECIPROCAL_2017_V10,2816,73.61821031667114,300.0,False,0.19511738261738262,0.026142830368136055,stratified_log_count_counterexample_search,11083,,True
S50MW_6H,G0144_T1_homogeneous_none__AIP_LIF_NAK_CARBONATE_RECIPROCAL_2017_V10,3342,87.8476898170905,300.0,False,0.16440770480267788,0.026285963440182674,stratified_log_count_counterexample_search,11083,14.229479500419359,True
S50MW_6H,G0144_T1_homogeneous_none__AIP_LIF_NAK_CARBONATE_RECIPROCAL_2017_V10,3966,104.78207383748736,300.0,False,0.13854022931178755,0.02642008921772248,stratified_log_count_counterexample_search,11083,16.934384020396863,True
S50MW_6H,G0144_T1_homogeneous_none__AIP_LIF_NAK_CARBONATE_RECIPROCAL_2017_V10,4707,124.95021495379989,300.0,False,0.11673051826015499,0.026545616093860185,stratified_log_count_counterexample_search,11083,20.168141116312526,True
S50MW_6H,G0144_T1_homogeneous_none__AIP_LIF_NAK_CARBONATE_RECIPROCAL_2017_V10,5587,148.96960218198663,300.0,False,0.09834446920539637,0.026663612346874286,stratified_log_count_counterexample_search,11083,24.019387228186744,True
S50MW_6H,G0144_T1_homogeneous_none__AIP_LIF_NAK_CARBONATE_RECIPROCAL_2017_V10,6630,177.5126026112902,300.0,False,0.08287338604080687,0.0267741482068311,stratified_log_count_counterexample_search,11083,28.54300042930356,True
S50MW_6H,G0144_T1_homogeneous_none__AIP_LIF_NAK_CARBONATE_RECIPROCAL_2017_V10,7869,211.5055446771072,300.0,False,0.06982469811291771,0.026878325667442776,stratified_log_count_counterexample_search,11083,33.992942065817005,True
S50MW_6H,G0144_T1_homogeneous_none__AIP_LIF_NAK_CARBONATE_RECIPROCAL_2017_V10,9339,251.93498031829895,300.0,False,0.0588339810954652,0.026976654922186417,stratified_log_count_counterexample_search,11083,40.42943564119176,True
S50MW_6H,G0144_T1_homogeneous_none__AIP_LIF_NAK_CARBONATE_RECIPROCAL_2017_V10,11083,300.0144787313353,300.0,True,0.049575976671528424,0.0270697896536439,stratified_log_count_counterexample_search,11083,48.07949841303636,True
S50MW_6H,G0170_T2_graded_two_layer_fine_hot__AIP_LIF_NAK_CARBONATE_RECIPROCAL_2017_V10,4049,385.42734791108535,300.0,True,0.13570030858250173,0.09519075028675854,stratified_log_count_counterexample_search,4049,,True
S50MW_6H,G0147_T2_graded_two_layer_fine_hot__AIP_LIF_NAK_CARBONATE_RECIPROCAL_2017_V10,2377,110.61802782664593,300.0,False,0.231152944657362,0.04653682281306097,stratified_log_count_counterexample_search,6270,,True
S50MW_6H,G0147_T2_graded_two_layer_fine_hot__AIP_LIF_NAK_CARBONATE_RECIPROCAL_2017_V10,2683,125.37079986805631,300.0,False,0.20478961962376052,0.04672784191876866,stratified_log_count_counterexample_search,6270,14.752772041410381,True
S50MW_6H,G0147_T2_graded_two_layer_fine_hot__AIP_LIF_NAK_CARBONATE_RECIPROCAL_2017_V10,3029,142.09114317113077,300.0,False,0.18139668189189484,0.04691024865339411,stratified_log_count_counterexample_search,6270,16.720343303074458,True
S50MW_6H,G0147_T2_graded_two_layer_fine_hot__AIP_LIF_NAK_CARBONATE_RECIPROCAL_2017_V10,3420,161.029709604079,300.0,False,0.1606580553948975,0.04708471041054941,stratified_log_count_counterexample_search,6270,18.93856643294822,True
S50MW_6H,G0147_T2_graded_two_layer_fine_hot__AIP_LIF_NAK_CARBONATE_RECIPROCAL_2017_V10,3861,182.43755100798447,300.0,False,0.14230783461552693,0.04725137296244094,stratified_log_count_counterexample_search,6270,21.40784140390548,True
S50MW_6H,G0147_T2_graded_two_layer_fine_hot__AIP_LIF_NAK_CARBONATE_RECIPROCAL_2017_V10,4358,206.61485711781094,300.0,False,0.12607860244390764,0.0474104766218015,stratified_log_count_counterexample_search,6270,24.177306109826475,True
S50MW_6H,G0147_T2_graded_two_layer_fine_hot__AIP_LIF_NAK_CARBONATE_RECIPROCAL_2017_V10,4920,234.00904625288655,300.0,False,0.11167694094523363,0.04756281427904198,stratified_log_count_counterexample_search,6270,27.394189135075607,True
S50MW_6H,G0147_T2_graded_two_layer_fine_hot__AIP_LIF_NAK_CARBONATE_RECIPROCAL_2017_V10,5554,264.9731707780168,300.0,False,0.09892879896480905,0.04770852912819892,stratified_log_count_counterexample_search,6270,30.964124525130273,True
S50MW_6H,G0147_T2_graded_two_layer_fine_hot__AIP_LIF_NAK_CARBONATE_RECIPROCAL_2017_V10,6270,300.00818154958824,300.0,True,0.08763166657903501,0.04784819482449573,stratified_log_count_counterexample_search,6270,35.03501077157142,True
S50MW_6H,G0144_T2_graded_two_layer_fine_hot__AIP_LIF_NAK_CARBONATE_RECIPROCAL_2017_V10,2816,73.23387729518527,300.0,False,0.19511738261738262,0.026006348471301587,stratified_log_count_counterexample_search,11118,,True
S50MW_6H,G0144_T2_graded_two_layer_fine_hot__AIP_LIF_NAK_CARBONATE_RECIPROCAL_2017_V10,3343,87.44644414757568,300.0,False,0.16435852511233906,0.02615807482727361,stratified_log_count_counterexample_search,11118,14.21256685239041,True
S50MW_6H,G0144_T2_graded_two_layer_fine_hot__AIP_LIF_NAK_CARBONATE_RECIPROCAL_2017_V10,3969,104.38474944821058,300.0,False,0.13843551258517245,0.026300012458606848,stratified_log_count_counterexample_search,11118,16.93830530063491,True
S50MW_6H,G0144_T2_graded_two_layer_fine_hot__AIP_LIF_NAK_CARBONATE_RECIPROCAL_2017_V10,4713,124.57873411657316,300.0,False,0.11658191161692118,0.026433001085629782,stratified_log_count_counterexample_search,11118,20.193984668362575,True
S50MW_6H,G0144_T2_graded_two_layer_fine_hot__AIP_LIF_NAK_CARBONATE_RECIPROCAL_2017_V10,5595,148.58885637639753,300.0,False,0.098203851555058,0.02655743634966891,stratified_log_count_counterexample_search,11118,24.01012225982437,True
S50MW_6H,G0144_T2_graded_two_layer_fine_hot__AIP_LIF_NAK_CARBONATE_RECIPROCAL_2017_V10,6643,177.19745645119164,300.0,False,0.08271120720315361,0.02667431227625947,stratified_log_count_counterexample_search,11118,28.60860007479411,True
S50MW_6H,G0144_T2_graded_two_layer_fine_hot__AIP_LIF_NAK_CARBONATE_RECIPROCAL_2017_V10,7887,211.24689627831486,300.0,False,0.06966534163186883,0.02678418870017939,stratified_log_count_counterexample_search,11118,34.04943982712322,True
S50MW_6H,G0144_T2_graded_two_layer_fine_hot__AIP_LIF_NAK_CARBONATE_RECIPROCAL_2017_V10,9364,251.7770208438164,300.0,False,0.0586769061779741,0.026887763866276847,stratified_log_count_counterexample_search,11118,40.530124565501524,True
S50MW_6H,G0144_T2_graded_two_layer_fine_hot__AIP_LIF_NAK_CARBONATE_RECIPROCAL_2017_V10,11118,300.0252846420101,300.0,True,0.04941990910690317,0.02698554458014122,stratified_log_count_counterexample_search,11118,48.248263798193705,True
S50MW_6H,G0170_T3_graded_two_layer_coarse_hot__AIP_LIF_NAK_CARBONATE_RECIPROCAL_2017_V10,4049,385.2998061925423,300.0,True,0.13570030858250173,0.09515925072673309,stratified_log_count_counterexample_search,4049,,True
S50MW_6H,G0147_T3_graded_two_layer_coarse_hot__AIP_LIF_NAK_CARBONATE_RECIPROCAL_2017_V10,2377,110.61478454884363,300.0,False,0.231152944657362,0.04653545837141087,stratified_log_count_counterexample_search,6271,,True
S50MW_6H,G0147_T3_graded_two_layer_coarse_hot__AIP_LIF_NAK_CARBONATE_RECIPROCAL_2017_V10,2683,125.3664622171444,300.0,False,0.20478961962376052,0.04672622520206649,stratified_log_count_counterexample_search,6271,14.751677668300772,True
S50MW_6H,G0147_T3_graded_two_layer_coarse_hot__AIP_LIF_NAK_CARBONATE_RECIPROCAL_2017_V10,3029,142.08845888736275,300.0,False,0.18139668189189484,0.046909362458686946,stratified_log_count_counterexample_search,6271,16.721996670218346,True
S50MW_6H,G0147_T3_graded_two_layer_coarse_hot__AIP_LIF_NAK_CARBONATE_RECIPROCAL_2017_V10,3420,161.02721872003954,300.0,False,0.1606580553948975,0.04708398208188291,stratified_log_count_counterexample_search,6271,18.938759832676794,True
S50MW_6H,G0147_T3_graded_two_layer_coarse_hot__AIP_LIF_NAK_CARBONATE_RECIPROCAL_2017_V10,3861,182.43118771106853,300.0,False,0.14230783461552693,0.047249724866891614,stratified_log_count_counterexample_search,6271,21.40396899102899,True
S50MW_6H,G0147_T3_graded_two_layer_coarse_hot__AIP_LIF_NAK_CARBONATE_RECIPROCAL_2017_V10,4359,206.6563346408921,300.0,False,0.126049678699369,0.04740911554046619,stratified_log_count_counterexample_search,6271,24.22514692982358,True
S50MW_6H,G0147_T3_graded_two_layer_coarse_hot__AIP_LIF_NAK_CARBONATE_RECIPROCAL_2017_V10,4921,234.04401855453352,300.0,False,0.11165424699259287,0.04756025575178491,stratified_log_count_counterexample_search,6271,27.38768391364141,True
S50MW_6H,G0147_T3_graded_two_layer_coarse_hot__AIP_LIF_NAK_CARBONATE_RECIPROCAL_2017_V10,5555,265.0030197250977,300.0,False,0.09891099000009891,0.047705314081925784,stratified_log_count_counterexample_search,6271,30.959001170564193,True
S50MW_6H,G0147_T3_graded_two_layer_coarse_hot__AIP_LIF_NAK_CARBONATE_RECIPROCAL_2017_V10,6271,300.03324715016936,300.0,True,0.08761769246540416,0.047844561816324245,stratified_log_count_counterexample_search,6271,35.030227425071644,True
S50MW_6H,G0144_T3_graded_two_layer_coarse_hot__AIP_LIF_NAK_CARBONATE_RECIPROCAL_2017_V10,2816,73.23207492737667,300.0,False,0.19511738261738262,0.02600570842591501,stratified_log_count_counterexample_search,11119,,True
S50MW_6H,G0144_T3_graded_two_layer_coarse_hot__AIP_LIF_NAK_CARBONATE_RECIPROCAL_2017_V10,3343,87.44367856304989,300.0,False,0.16435852511233906,0.026157247551017018,stratified_log_count_counterexample_search,11119,14.211603635673214,True
S50MW_6H,G0144_T3_graded_two_layer_coarse_hot__AIP_LIF_NAK_CARBONATE_RECIPROCAL_2017_V10,3970,104.4077938664583,300.0,False,0.1384006421789797,0.02629919240968723,stratified_log_count_counterexample_search,11119,16.96411530340842,True
S50MW_6H,G0144_T3_graded_two_layer_coarse_hot__AIP_LIF_NAK_CARBONATE_RECIPROCAL_2017_V10,4713,124.57302063141508,300.0,False,0.11658191161692118,0.026431788803610242,stratified_log_count_counterexample_search,11119,20.16522676495677,True
S50MW_6H,G0144_T3_graded_two_layer_coarse_hot__AIP_LIF_NAK_CARBONATE_RECIPROCAL_2017_V10,5596,148.6083843575247,300.0,False,0.09818630261803958,0.02655618019255266,stratified_log_count_counterexample_search,11119,24.035363726109622,True
S50MW_6H,G0144_T3_graded_two_layer_coarse_hot__AIP_LIF_NAK_CARBONATE_RECIPROCAL_2017_V10,6644,177.2108981612894,300.0,False,0.08269875819544695,0.026672320614281972,stratified_log_count_counterexample_search,11119,28.602513803764708,True
S50MW_6H,G0144_T3_graded_two_layer_coarse_hot__AIP_LIF_NAK_CARBONATE_RECIPROCAL_2017_V10,7888,211.25278221612274,300.0,False,0.06965650981878163,0.02678153932760177,stratified_log_count_counterexample_search,11119,34.04188405483333,True
S50MW_6H,G0144_T3_graded_two_layer_coarse_hot__AIP_LIF_NAK_CARBONATE_RECIPROCAL_2017_V10,9365,251.77130737972874,300.0,False,0.05867064062472498,0.026884282688705685,stratified_log_count_counterexample_search,11119,40.518525163606,True
S50MW_6H,G0144_T3_graded_two_layer_coarse_hot__AIP_LIF_NAK_CARBONATE_RECIPROCAL_2017_V10,11119,300.00188805682683,300.0,True,0.0494154644707752,0.026981013405596443,stratified_log_count_counterexample_search,11119,48.23058067709809,True
S50MW_6H,G0023_T1_homogeneous_none__AIP_LINAK_CARBONATE_2017_V10,2658,182.94390145830215,300.0,False,0.23367871046740415,0.06882765291884957,stratified_log_count_counterexample_search,4299,,True
S50MW_6H,G0023_T1_homogeneous_none__AIP_LINAK_CARBONATE_2017_V10,2823,194.6670604912148,300.0,False,0.22002054991936248,0.06895751345774524,stratified_log_count_counterexample_search,4299,11.723159032912662,True
S50MW_6H,G0023_T1_homogeneous_none__AIP_LINAK_CARBONATE_2017_V10,2997,207.04074401882335,300.0,False,0.20724658405817828,0.06908266400361139,stratified_log_count_counterexample_search,4299,12.373683527608534,True
S50MW_6H,G0023_T1_homogeneous_none__AIP_LINAK_CARBONATE_2017_V10,3183,220.28635504053753,300.0,False,0.19513603908965135,0.0692071489288525,stratified_log_count_counterexample_search,4299,13.245611021714183,True
S50MW_6H,G0023_T1_homogeneous_none__AIP_LINAK_CARBONATE_2017_V10,3380,234.32787710093316,300.0,False,0.18376272556874565,0.06932777429021691,stratified_log_count_counterexample_search,4299,14.041522060395636,True
S50MW_6H,G0023_T1_homogeneous_none__AIP_LINAK_CARBONATE_2017_V10,3590,249.31223748084548,300.0,False,0.1730133739338051,0.06944630570497089,stratified_log_count_counterexample_search,4299,14.984360379912317,True
S50MW_6H,G0023_T1_homogeneous_none__AIP_LINAK_CARBONATE_2017_V10,3812,265.16656580684327,300.0,False,0.16293756884112284,0.06956100886853181,stratified_log_count_counterexample_search,4299,15.854328325997784,True
S50MW_6H,G0023_T1_homogeneous_none__AIP_LINAK_CARBONATE_2017_V10,4048,282.04139737849687,300.0,False,0.15343824417548427,0.06967425824567611,stratified_log_count_counterexample_search,4299,16.8748315716536,True
S50MW_6H,G0023_T1_homogeneous_none__AIP_LINAK_CARBONATE_2017_V10,4299,300.00413495385305,300.0,True,0.14447964931899518,0.06978463246193371,stratified_log_count_counterexample_search,4299,17.962737575356186,True
S50MW_6H,G0228_T1_homogeneous_none__AIP_LINAK_CARBONATE_2017_V10,2299,98.63199737514746,300.0,False,0.27016877443338855,0.04290213021972487,stratified_log_count_counterexample_search,6767,,True
S50MW_6H,G0228_T1_homogeneous_none__AIP_LINAK_CARBONATE_2017_V10,2631,113.43959614919874,300.0,False,0.23607678161245163,0.04311653217377375,stratified_log_count_counterexample_search,6767,14.807598774051272,True
S50MW_6H,G0228_T1_homogeneous_none__AIP_LINAK_CARBONATE_2017_V10,3011,130.4349992481395,300.0,False,0.20628296659659923,0.04331949493461956,stratified_log_count_counterexample_search,6767,16.995403098940756,True
S50MW_6H,G0228_T1_homogeneous_none__AIP_LINAK_CARBONATE_2017_V10,3446,149.942712531738,300.0,False,0.18024318410399312,0.043512104623255374,stratified_log_count_counterexample_search,6767,19.50771328359852,True
S50MW_6H,G0228_T1_homogeneous_none__AIP_LINAK_CARBONATE_2017_V10,3944,172.33280144005028,300.0,False,0.15748428306854975,0.0436949293712095,stratified_log_count_counterexample_search,6767,22.390088908312265,True
S50MW_6H,G0228_T1_homogeneous_none__AIP_LINAK_CARBONATE_2017_V10,4514,198.0223609384426,300.0,False,0.13759814187469213,0.0438684893527786,stratified_log_count_counterexample_search,6767,25.689559498392327,True
S50MW_6H,G0228_T1_homogeneous_none__AIP_LINAK_CARBONATE_2017_V10,5166,227.47474961156425,300.0,False,0.12023190329507555,0.04403305257676428,stratified_log_count_counterexample_search,6767,29.452388673121646,True
S50MW_6H,G0228_T1_homogeneous_none__AIP_LINAK_CARBONATE_2017_V10,5913,261.29269833156496,300.0,False,0.10504278918017254,0.04418953125850921,stratified_log_count_counterexample_search,6767,33.817948720000715,True
S50MW_6H,G0228_T1_homogeneous_none__AIP_LINAK_CARBONATE_2017_V10,6767,300.03661994865695,300.0,True,0.09178631778075369,0.044338203036597745,stratified_log_count_counterexample_search,6767,38.743921617091985,True
S50MW_6H,G0144_T1_homogeneous_none__AIP_LINAK_CARBONATE_2017_V10,2816,67.86788376215043,300.0,False,0.22056747600225862,0.024100810995081826,stratified_log_count_counterexample_search,11953,,True
S50MW_6H,G0144_T1_homogeneous_none__AIP_LINAK_CARBONATE_2017_V10,3374,81.84606623293665,300.0,False,0.18408951168416132,0.02425787380940624,stratified_log_count_counterexample_search,11953,13.978182470786223,True
S50MW_6H,G0144_T1_homogeneous_none__AIP_LINAK_CARBONATE_2017_V10,4042,98.64033568756581,300.0,False,0.15366601000058394,0.024403843564464574,stratified_log_count_counterexample_search,11953,16.79426945462916,True
S50MW_6H,G0144_T1_homogeneous_none__AIP_LINAK_CARBONATE_2017_V10,4843,118.84844239494575,300.0,False,0.1282506736366633,0.02454025240449014,stratified_log_count_counterexample_search,11953,20.20810670737994,True
S50MW_6H,G0144_T1_homogeneous_none__AIP_LINAK_CARBONATE_2017_V10,5802,143.1202511819455,300.0,False,0.10705239786665982,0.02466739937641253,stratified_log_count_counterexample_search,11953,24.271808786999742,True
S50MW_6H,G0144_T1_homogeneous_none__AIP_LINAK_CARBONATE_2017_V10,6951,172.28907751048993,300.0,False,0.08935664111960297,0.024786228961371018,stratified_log_count_counterexample_search,11953,29.16882632854444,True
S50MW_6H,G0144_T1_homogeneous_none__AIP_LINAK_CARBONATE_2017_V10,8328,207.34510759939792,300.0,False,0.07458189390278101,0.024897347214144803,stratified_log_count_counterexample_search,11953,35.05603008890799,True
S50MW_6H,G0144_T1_homogeneous_none__AIP_LINAK_CARBONATE_2017_V10,9977,249.43990127647527,300.0,False,0.06225498771397818,0.025001493562842064,stratified_log_count_counterexample_search,11953,42.09479367707735,True
S50MW_6H,G0144_T1_homogeneous_none__AIP_LINAK_CARBONATE_2017_V10,11953,300.01350457053417,300.0,True,0.05196335751881204,0.025099431487537367,stratified_log_count_counterexample_search,11953,50.5736032940589,True
S50MW_6H,G0023_T2_graded_two_layer_fine_hot__AIP_LINAK_CARBONATE_2017_V10,2658,182.03563336596758,300.0,False,0.23367871046740415,0.06848594182316313,stratified_log_count_counterexample_search,4317,,True
S50MW_6H,G0023_T2_graded_two_layer_fine_hot__AIP_LINAK_CARBONATE_2017_V10,2824,193.7927144788976,300.0,False,0.2199426389597593,0.06862348246419887,stratified_log_count_counterexample_search,4317,11.757081112930024,True
S50MW_6H,G0023_T2_graded_two_layer_fine_hot__AIP_LINAK_CARBONATE_2017_V10,3001,206.34357751321843,300.0,False,0.20697034735833397,0.06875827308004613,stratified_log_count_counterexample_search,4317,12.550863034320827,True
S50MW_6H,G0023_T2_graded_two_layer_fine_hot__AIP_LINAK_CARBONATE_2017_V10,3188,219.61971803498952,300.0,False,0.1948299913495484,0.06888949750156509,stratified_log_count_counterexample_search,4317,13.276140521771083,True
S50MW_6H,G0023_T2_graded_two_layer_fine_hot__AIP_LINAK_CARBONATE_2017_V10,3387,233.76317896095293,300.0,False,0.18338293841817546,0.0690177676294517,stratified_log_count_counterexample_search,4317,14.14346092596341,True
S50MW_6H,G0023_T2_graded_two_layer_fine_hot__AIP_LINAK_CARBONATE_2017_V10,3599,248.84736467204712,300.0,False,0.17258072031741045,0.06914347448514785,stratified_log_count_counterexample_search,4317,15.084185711094193,True
S50MW_6H,G0023_T2_graded_two_layer_fine_hot__AIP_LINAK_CARBONATE_2017_V10,3824,264.8739873066117,300.0,False,0.1624262584786507,0.06926621006972063,stratified_log_count_counterexample_search,4317,16.026622634564575,True
S50MW_6H,G0023_T2_graded_two_layer_fine_hot__AIP_LINAK_CARBONATE_2017_V10,4063,281.91597420775616,300.0,False,0.1528717726857889,0.06938616150818512,stratified_log_count_counterexample_search,4317,17.04198690114447,True
S50MW_6H,G0023_T2_graded_two_layer_fine_hot__AIP_LINAK_CARBONATE_2017_V10,4317,300.04650424771756,300.0,True,0.14387723243510778,0.06950347561911456,stratified_log_count_counterexample_search,4317,18.1305300399614,True
S50MW_6H,G0247_T2_graded_two_layer_fine_hot__AIP_LINAK_CARBONATE_2017_V10,1864,76.79882545054268,300.0,False,0.3332178178231546,0.041201086615098005,stratified_log_count_counterexample_search,6795,,True
S50MW_6H,G0247_T2_graded_two_layer_fine_hot__AIP_LINAK_CARBONATE_2017_V10,2191,91.26779152325413,300.0,False,0.2834860850855136,0.0416557697504583,stratified_log_count_counterexample_search,6795,14.468966072711453,True
S50MW_6H,G0247_T2_graded_two_layer_fine_hot__AIP_LINAK_CARBONATE_2017_V10,2576,108.40713760382378,300.0,False,0.24111724084718955,0.04208351615055271,stratified_log_count_counterexample_search,6795,17.139346080569652,True
S50MW_6H,G0247_T2_graded_two_layer_fine_hot__AIP_LINAK_CARBONATE_2017_V10,3028,128.6452626319759,300.0,False,0.2051248389770014,0.04248522543988636,stratified_log_count_counterexample_search,6795,20.238125028152112,True
S50MW_6H,G0247_T2_graded_two_layer_fine_hot__AIP_LINAK_CARBONATE_2017_V10,3559,152.54793625977527,300.0,False,0.17452037438110712,0.0428625839448652,stratified_log_count_counterexample_search,6795,23.902673627799373,True
S50MW_6H,G0247_T2_graded_two_layer_fine_hot__AIP_LINAK_CARBONATE_2017_V10,4183,180.77736024275004,300.0,False,0.14848625685449685,0.043217155209837446,stratified_log_count_counterexample_search,6795,28.229423982974765,True
S50MW_6H,G0247_T2_graded_two_layer_fine_hot__AIP_LINAK_CARBONATE_2017_V10,4918,214.18052192233955,300.0,False,0.12629483782479875,0.04355032979307433,stratified_log_count_counterexample_search,6795,33.403161679589516,True
S50MW_6H,G0247_T2_graded_two_layer_fine_hot__AIP_LINAK_CARBONATE_2017_V10,5781,253.571904382715,300.0,False,0.10744127528496113,0.04386298294113734,stratified_log_count_counterexample_search,6795,39.39138246037544,True
S50MW_6H,G0247_T2_graded_two_layer_fine_hot__AIP_LINAK_CARBONATE_2017_V10,6795,300.0395437142835,300.0,True,0.09140809601506406,0.04415592990644349,stratified_log_count_counterexample_search,6795,46.467639331568535,True
S50MW_6H,G0144_T2_graded_two_layer_fine_hot__AIP_LINAK_CARBONATE_2017_V10,2816,67.47010371613054,300.0,False,0.22056747600225862,0.02395955387646681,stratified_log_count_counterexample_search,11993,,True
S50MW_6H,G0144_T2_graded_two_layer_fine_hot__AIP_LINAK_CARBONATE_2017_V10,3375,81.42421969895152,300.0,False,0.1840349666436623,0.024125694725615265,stratified_log_count_counterexample_search,11993,13.95411598282098,True
S50MW_6H,G0144_T2_graded_two_layer_fine_hot__AIP_LINAK_CARBONATE_2017_V10,4045,98.21452405465655,300.0,False,0.15355204262604705,0.024280475662461446,stratified_log_count_counterexample_search,11993,16.790304355705032,True
S50MW_6H,G0144_T2_graded_two_layer_fine_hot__AIP_LINAK_CARBONATE_2017_V10,4849,118.43631671522009,300.0,False,0.12809198028920607,0.024424895177401543,stratified_log_count_counterexample_search,11993,20.221792660563537,True
S50MW_6H,G0144_T2_graded_two_layer_fine_hot__AIP_LINAK_CARBONATE_2017_V10,5811,142.71441755990284,300.0,False,0.10688659652768202,0.02455935597313764,stratified_log_count_counterexample_search,11993,24.278100844682754,True
S50MW_6H,G0144_T2_graded_two_layer_fine_hot__AIP_LINAK_CARBONATE_2017_V10,6965,171.93103800003996,300.0,False,0.0891770297806691,0.024685001866480972,stratified_log_count_counterexample_search,11993,29.21662044013712,True
S50MW_6H,G0144_T2_graded_two_layer_fine_hot__AIP_LINAK_CARBONATE_2017_V10,8348,207.05079607023373,300.0,False,0.07440321183784862,0.02480244322834616,stratified_log_count_counterexample_search,11993,35.11975807019377,True
S50MW_6H,G0144_T2_graded_two_layer_fine_hot__AIP_LINAK_CARBONATE_2017_V10,10006,249.2740704974681,300.0,False,0.062074556508331026,0.02491245957400241,stratified_log_count_counterexample_search,11993,42.22327442723437,True
S50MW_6H,G0144_T2_graded_two_layer_fine_hot__AIP_LINAK_CARBONATE_2017_V10,11993,300.01310373975844,300.0,True,0.0517900452282465,0.025015684460915403,stratified_log_count_counterexample_search,11993,50.73903324229033,True
S50MW_6H,G0023_T3_graded_two_layer_coarse_hot__AIP_LINAK_CARBONATE_2017_V10,2658,182.0325313208337,300.0,False,0.23367871046740415,0.06848477476329334,stratified_log_count_counterexample_search,4317,,True
S50MW_6H,G0023_T3_graded_two_layer_coarse_hot__AIP_LINAK_CARBONATE_2017_V10,2824,193.7900493136889,300.0,False,0.2199426389597593,0.06862253870881335,stratified_log_count_counterexample_search,4317,11.757517992855213,True
S50MW_6H,G0023_T3_graded_two_layer_coarse_hot__AIP_LINAK_CARBONATE_2017_V10,3001,206.3373731416395,300.0,False,0.20697034735833397,0.06875620564533139,stratified_log_count_counterexample_search,4317,12.547323827950578,True
S50MW_6H,G0023_T3_graded_two_layer_coarse_hot__AIP_LINAK_CARBONATE_2017_V10,3188,219.61233035178398,300.0,False,0.1948299913495484,0.0688871801605345,stratified_log_count_counterexample_search,4317,13.274957210144493,True
S50MW_6H,G0023_T3_graded_two_layer_coarse_hot__AIP_LINAK_CARBONATE_2017_V10,3387,233.7552375101554,300.0,False,0.18338293841817546,0.0690154229436538,stratified_log_count_counterexample_search,4317,14.142907158371429,True
S50MW_6H,G0023_T3_graded_two_layer_coarse_hot__AIP_LINAK_CARBONATE_2017_V10,3599,248.84185013365618,300.0,False,0.17258072031741045,0.06914194224330542,stratified_log_count_counterexample_search,4317,15.08661262350077,True
S50MW_6H,G0023_T3_graded_two_layer_coarse_hot__AIP_LINAK_CARBONATE_2017_V10,3824,264.8651667936146,300.0,False,0.1624262584786507,0.06926390345021302,stratified_log_count_counterexample_search,4317,16.023316659958425,True
S50MW_6H,G0023_T3_graded_two_layer_coarse_hot__AIP_LINAK_CARBONATE_2017_V10,4063,281.9043069001441,300.0,False,0.1528717726857889,0.06938328990896975,stratified_log_count_counterexample_search,4317,17.039140106529487,True
S50MW_6H,G0023_T3_graded_two_layer_coarse_hot__AIP_LINAK_CARBONATE_2017_V10,4317,300.0319403795693,300.0,True,0.14387723243510778,0.06950010201055577,stratified_log_count_counterexample_search,4317,18.127633479425185,True
S50MW_6H,G0247_T3_graded_two_layer_coarse_hot__AIP_LINAK_CARBONATE_2017_V10,1864,76.79927595373077,300.0,False,0.3332178178231546,0.04120132830135771,stratified_log_count_counterexample_search,6795,,True
S50MW_6H,G0247_T3_graded_two_layer_coarse_hot__AIP_LINAK_CARBONATE_2017_V10,2191,91.26965421570735,300.0,False,0.2834860850855136,0.04165661990675826,stratified_log_count_counterexample_search,6795,14.470378261976578,True
S50MW_6H,G0247_T3_graded_two_layer_coarse_hot__AIP_LINAK_CARBONATE_2017_V10,2576,108.40771204740183,300.0,False,0.24111724084718955,0.04208373914883611,stratified_log_count_counterexample_search,6795,17.138057831694482,True
S50MW_6H,G0247_T3_graded_two_layer_coarse_hot__AIP_LINAK_CARBONATE_2017_V10,3028,128.64461815356165,300.0,False,0.2051248389770014,0.04248501260025154,stratified_log_count_counterexample_search,6795,20.23690610615982,True
S50MW_6H,G0247_T3_graded_two_layer_coarse_hot__AIP_LINAK_CARBONATE_2017_V10,3559,152.55150877791993,300.0,False,0.17452037438110712,0.04286358774316379,stratified_log_count_counterexample_search,6795,23.906890624358283,True
S50MW_6H,G0247_T3_graded_two_layer_coarse_hot__AIP_LINAK_CARBONATE_2017_V10,4183,180.77921505968246,300.0,False,0.14848625685449685,0.04321759862770319,stratified_log_count_counterexample_search,6795,28.227706281762522,True
S50MW_6H,G0247_T3_graded_two_layer_coarse_hot__AIP_LINAK_CARBONATE_2017_V10,4918,214.18138207558806,300.0,False,0.12629483782479875,0.04355050469206752,stratified_log_count_counterexample_search,6795,33.402167015905604,True
S50MW_6H,G0247_T3_graded_two_layer_coarse_hot__AIP_LINAK_CARBONATE_2017_V10,5781,253.56753599842406,300.0,False,0.10744127528496113,0.04386222729604291,stratified_log_count_counterexample_search,6795,39.386153922836,True
S50MW_6H,G0247_T3_graded_two_layer_coarse_hot__AIP_LINAK_CARBONATE_2017_V10,6795,300.0351192817568,300.0,True,0.09140809601506406,0.04415527877582882,stratified_log_count_counterexample_search,6795,46.46758328333274,True
S50MW_6H,G0144_T3_graded_two_layer_coarse_hot__AIP_LINAK_CARBONATE_2017_V10,2816,67.46916808770526,300.0,False,0.22056747600225862,0.023959221622054425,stratified_log_count_counterexample_search,11994,,True
S50MW_6H,G0144_T3_graded_two_layer_coarse_hot__AIP_LINAK_CARBONATE_2017_V10,3375,81.42256739412734,300.0,False,0.1840349666436623,0.02412520515381551,stratified_log_count_counterexample_search,11994,13.953399306422085,True
S50MW_6H,G0144_T3_graded_two_layer_coarse_hot__AIP_LINAK_CARBONATE_2017_V10,4045,98.21265475223183,300.0,False,0.15355204262604705,0.024280013535780427,stratified_log_count_counterexample_search,11994,16.790087358104486,True
S50MW_6H,G0144_T3_graded_two_layer_coarse_hot__AIP_LINAK_CARBONATE_2017_V10,4849,118.43324242699413,300.0,False,0.12809198028920607,0.024424261172817926,stratified_log_count_counterexample_search,11994,20.2205876747623,True
S50MW_6H,G0144_T3_graded_two_layer_coarse_hot__AIP_LINAK_CARBONATE_2017_V10,5812,142.73392411636294,300.0,False,0.10686820585381285,0.02455848659951186,stratified_log_count_counterexample_search,11994,24.300681689368815,True
S50MW_6H,G0144_T3_graded_two_layer_coarse_hot__AIP_LINAK_CARBONATE_2017_V10,6966,171.9468930998883,300.0,False,0.08916422802503018,0.024683734295131828,stratified_log_count_counterexample_search,11994,29.21296898352537,True
S50MW_6H,G0144_T3_graded_two_layer_coarse_hot__AIP_LINAK_CARBONATE_2017_V10,8349,207.06336128325165,300.0,False,0.0743943002062954,0.02480097751625963,stratified_log_count_counterexample_search,11994,35.11646818336334,True
S50MW_6H,G0144_T3_graded_two_layer_coarse_hot__AIP_LINAK_CARBONATE_2017_V10,10007,249.2777019537825,300.0,False,0.062068353394859624,0.024910332962304636,stratified_log_count_counterexample_search,11994,42.214340670530845,True
S50MW_6H,G0144_T3_graded_two_layer_coarse_hot__AIP_LINAK_CARBONATE_2017_V10,11994,300.00451642015065,300.0,True,0.0517857272321461,0.025012882809750763,stratified_log_count_counterexample_search,11994,50.726814466368154,True
S50MW_6H,G0141_T1_homogeneous_none__NREL_MGCL2_KCL_NACL_BASELINE_V10,2244,120.53509994699469,300.0,False,0.425495175648472,0.05371439391577303,stratified_log_count_counterexample_search,5386,,True
S50MW_6H,G0141_T1_homogeneous_none__NREL_MGCL2_KCL_NACL_BASELINE_V10,2504,135.2199612814898,300.0,False,0.3813143666753879,0.054001581981425635,stratified_log_count_counterexample_search,5386,14.684861334495096,True
S50MW_6H,G0141_T1_homogeneous_none__NREL_MGCL2_KCL_NACL_BASELINE_V10,2793,151.59102013419476,300.0,False,0.3418586373631118,0.05427533839391148,stratified_log_count_counterexample_search,5386,16.371058852704977,True
S50MW_6H,G0141_T1_homogeneous_none__NREL_MGCL2_KCL_NACL_BASELINE_V10,3116,169.94248986649347,300.0,False,0.30642207129498433,0.05453866812146774,stratified_log_count_counterexample_search,5386,18.35146973229871,True
S50MW_6H,G0141_T1_homogeneous_none__NREL_MGCL2_KCL_NACL_BASELINE_V10,3477,190.51068390886033,300.0,False,0.2746077578818439,0.05479168360910564,stratified_log_count_counterexample_search,5386,20.568194042366855,True
S50MW_6H,G0141_T1_homogeneous_none__NREL_MGCL2_KCL_NACL_BASELINE_V10,3879,213.47633195583532,300.0,False,0.24614879457467678,0.0550338571682999,stratified_log_count_counterexample_search,5386,22.96564804697499,True
S50MW_6H,G0141_T1_homogeneous_none__NREL_MGCL2_KCL_NACL_BASELINE_V10,4327,239.1349694451311,300.0,False,0.2206635484527782,0.05526576599147934,stratified_log_count_counterexample_search,5386,25.658637489295785,True
S50MW_6H,G0141_T1_homogeneous_none__NREL_MGCL2_KCL_NACL_BASELINE_V10,4828,267.9015249021066,300.0,False,0.1977653633295715,0.05548913108991437,stratified_log_count_counterexample_search,5386,28.76655545697548,True
S50MW_6H,G0141_T1_homogeneous_none__NREL_MGCL2_KCL_NACL_BASELINE_V10,5386,300.0140385972981,300.0,True,0.17727648981715025,0.05570256936451878,stratified_log_count_counterexample_search,5386,32.112513695191524,True
S50MW_6H,G0229_T1_homogeneous_none__NREL_MGCL2_KCL_NACL_BASELINE_V10,3887,128.2883348330647,300.0,False,0.24564218527274792,0.03300445969463975,stratified_log_count_counterexample_search,8843,,True
S50MW_6H,G0229_T1_homogeneous_none__NREL_MGCL2_KCL_NACL_BASELINE_V10,4308,142.75281894029547,300.0,False,0.22163676280296454,0.033136680348258,stratified_log_count_counterexample_search,8843,14.46448410723076,True
S50MW_6H,G0229_T1_homogeneous_none__NREL_MGCL2_KCL_NACL_BASELINE_V10,4774,158.79959367816855,300.0,False,0.2000023406273924,0.033263425571463875,stratified_log_count_counterexample_search,8843,16.04677473787308,True
S50MW_6H,G0229_T1_homogeneous_none__NREL_MGCL2_KCL_NACL_BASELINE_V10,5290,176.60735032410847,300.0,False,0.18049360570041043,0.033385132386409916,stratified_log_count_counterexample_search,8843,17.807756645939918,True
S50MW_6H,G0229_T1_homogeneous_none__NREL_MGCL2_KCL_NACL_BASELINE_V10,5863,196.42460219667694,300.0,False,0.162853688240691,0.03350240528682875,stratified_log_count_counterexample_search,8843,19.817251872568477,True
S50MW_6H,G0229_T1_homogeneous_none__NREL_MGCL2_KCL_NACL_BASELINE_V10,6497,218.3956752551091,300.0,False,0.1469618553417225,0.03361484920041698,stratified_log_count_counterexample_search,8843,21.971073058432154,True
S50MW_6H,G0229_T1_homogeneous_none__NREL_MGCL2_KCL_NACL_BASELINE_V10,7200,242.80544121485124,300.0,False,0.13261266307710712,0.03372297794650712,stratified_log_count_counterexample_search,8843,24.409765959742145,True
S50MW_6H,G0229_T1_homogeneous_none__NREL_MGCL2_KCL_NACL_BASELINE_V10,7980,269.9398496723447,300.0,False,0.11965052307708912,0.033827048831120886,stratified_log_count_counterexample_search,8843,27.134408457493436,True
S50MW_6H,G0229_T1_homogeneous_none__NREL_MGCL2_KCL_NACL_BASELINE_V10,8843,300.0161375219725,300.0,True,0.10797367116987122,0.03392696341987702,stratified_log_count_counterexample_search,8843,30.076287849627818,True
S50MW_6H,G0057_T1_homogeneous_none__NREL_MGCL2_KCL_NACL_BASELINE_V10,1986,33.1196049108206,300.0,False,0.480770983965343,0.016676538222971098,stratified_log_count_counterexample_search,15498,,True
S50MW_6H,G0057_T1_homogeneous_none__NREL_MGCL2_KCL_NACL_BASELINE_V10,2568,44.0019597389055,300.0,False,0.37181120488908537,0.01713471952449591,stratified_log_count_counterexample_search,15498,10.8823548280849,True
S50MW_6H,G0057_T1_homogeneous_none__NREL_MGCL2_KCL_NACL_BASELINE_V10,3319,58.25501575164361,300.0,False,0.2876803778713984,0.01755197823189021,stratified_log_count_counterexample_search,15498,14.253056012738114,True
S50MW_6H,G0057_T1_homogeneous_none__NREL_MGCL2_KCL_NACL_BASELINE_V10,4291,76.94159680983888,300.0,False,0.22251483900143817,0.017930924448808876,stratified_log_count_counterexample_search,15498,18.686581058195273,True
S50MW_6H,G0057_T1_homogeneous_none__NREL_MGCL2_KCL_NACL_BASELINE_V10,5548,101.39402407632915,300.0,False,0.17210006743964873,0.0182757793937147,stratified_log_count_counterexample_search,15498,24.45242726649026,True
S50MW_6H,G0057_T1_homogeneous_none__NREL_MGCL2_KCL_NACL_BASELINE_V10,7172,133.31091952500216,300.0,False,0.13313039238081026,0.018587690954406325,stratified_log_count_counterexample_search,15498,31.916895448673017,True
S50MW_6H,G0057_T1_homogeneous_none__NREL_MGCL2_KCL_NACL_BASELINE_V10,9273,174.98684924082565,300.0,False,0.10296680407151636,0.018870575783546388,stratified_log_count_counterexample_search,15498,41.675929715823486,True
S50MW_6H,G0057_T1_homogeneous_none__NREL_MGCL2_KCL_NACL_BASELINE_V10,11988,229.285756876328,300.0,False,0.07964724509135562,0.019126272679039706,stratified_log_count_counterexample_search,15498,54.29890763550236,True
S50MW_6H,G0057_T1_homogeneous_none__NREL_MGCL2_KCL_NACL_BASELINE_V10,15498,300.0045340379168,300.0,True,0.06160867041909738,0.019357628986831642,stratified_log_count_counterexample_search,15498,70.7187771615888,True
S50MW_6H,G0141_T2_graded_two_layer_fine_hot__NREL_MGCL2_KCL_NACL_BASELINE_V10,2244,119.61651224984222,300.0,False,0.425495175648472,0.053305041109555355,stratified_log_count_counterexample_search,5415,,True
S50MW_6H,G0141_T2_graded_two_layer_fine_hot__NREL_MGCL2_KCL_NACL_BASELINE_V10,2505,134.28630737984886,300.0,False,0.3811621453713258,0.05360730833526901,stratified_log_count_counterexample_search,5415,14.669795130006648,True
S50MW_6H,G0141_T2_graded_two_layer_fine_hot__NREL_MGCL2_KCL_NACL_BASELINE_V10,2797,150.75296657465168,300.0,False,0.34136974406691856,0.05389809316219223,stratified_log_count_counterexample_search,5415,16.466659194802816,True
S50MW_6H,G0141_T2_graded_two_layer_fine_hot__NREL_MGCL2_KCL_NACL_BASELINE_V10,3122,169.13904953536235,300.0,False,0.3058331755782099,0.054176505296400494,stratified_log_count_counterexample_search,5415,18.386082960710667,True
S50MW_6H,G0141_T2_graded_two_layer_fine_hot__NREL_MGCL2_KCL_NACL_BASELINE_V10,3486,189.7921637658608,300.0,False,0.2738987877668305,0.05444410894029283,stratified_log_count_counterexample_search,5415,20.65311423049846,True
S50MW_6H,G0141_T2_graded_two_layer_fine_hot__NREL_MGCL2_KCL_NACL_BASELINE_V10,3892,212.89513984637415,300.0,False,0.24532661206453527,0.05470070396874978,stratified_log_count_counterexample_search,5415,23.102976080513344,True
S50MW_6H,G0141_T2_graded_two_layer_fine_hot__NREL_MGCL2_KCL_NACL_BASELINE_V10,4345,238.7434231283097,300.0,False,0.2197494071703501,0.05494670267625079,stratified_log_count_counterexample_search,5415,25.84828328193555,True
S50MW_6H,G0141_T2_graded_two_layer_fine_hot__NREL_MGCL2_KCL_NACL_BASELINE_V10,4850,267.63481423241143,300.0,False,0.19686828333096315,0.055182435924208545,stratified_log_count_counterexample_search,5415,28.89139110410173,True
S50MW_6H,G0141_T2_graded_two_layer_fine_hot__NREL_MGCL2_KCL_NACL_BASELINE_V10,5415,300.03977724846436,300.0,True,0.1763270866399208,0.05540900780211715,stratified_log_count_counterexample_search,5415,32.40496301605293,True
S50MW_6H,G0229_T2_graded_two_layer_fine_hot__NREL_MGCL2_KCL_NACL_BASELINE_V10,3887,127.47582412799191,300.0,False,0.24564218527274792,0.03279542684023461,stratified_log_count_counterexample_search,8883,,True
S50MW_6H,G0229_T2_graded_two_layer_fine_hot__NREL_MGCL2_KCL_NACL_BASELINE_V10,4310,141.95328834931632,300.0,False,0.2215339151172091,0.03293579776086226,stratified_log_count_counterexample_search,8883,14.47746422132441,True
S50MW_6H,G0229_T2_graded_two_layer_fine_hot__NREL_MGCL2_KCL_NACL_BASELINE_V10,4779,158.04461261625775,300.0,False,0.19979308938170562,0.03307064503374299,stratified_log_count_counterexample_search,8883,16.091324266941427,True
S50MW_6H,G0229_T2_graded_two_layer_fine_hot__NREL_MGCL2_KCL_NACL_BASELINE_V10,5299,175.9278103762853,300.0,False,0.18018704928385945,0.033200190673011,stratified_log_count_counterexample_search,8883,17.883197760027542,True
S50MW_6H,G0229_T2_graded_two_layer_fine_hot__NREL_MGCL2_KCL_NACL_BASELINE_V10,5876,195.81618815040417,300.0,False,0.16249339247024697,0.03332474270769302,stratified_log_count_counterexample_search,8883,19.88837777411888,True
S50MW_6H,G0229_T2_graded_two_layer_fine_hot__NREL_MGCL2_KCL_NACL_BASELINE_V10,6516,217.92403528945636,300.0,False,0.1465333293669692,0.033444449860260336,stratified_log_count_counterexample_search,8883,22.107847139052183,True
S50MW_6H,G0229_T2_graded_two_layer_fine_hot__NREL_MGCL2_KCL_NACL_BASELINE_V10,7225,242.4664896564054,300.0,False,0.13215379573081953,0.03355937573099037,stratified_log_count_counterexample_search,8883,24.542454366949045,True
S50MW_6H,G0229_T2_graded_two_layer_fine_hot__NREL_MGCL2_KCL_NACL_BASELINE_V10,8011,269.7289072717318,300.0,False,0.11918751393773203,0.03366981741002769,stratified_log_count_counterexample_search,8883,27.262417615326427,True
S50MW_6H,G0229_T2_graded_two_layer_fine_hot__NREL_MGCL2_KCL_NACL_BASELINE_V10,8883,300.0326063559779,300.0,True,0.10748746753970181,0.033776044844757165,stratified_log_count_counterexample_search,8883,30.30369908424609,True
S50MW_6H,G0057_T2_graded_two_layer_fine_hot__NREL_MGCL2_KCL_NACL_BASELINE_V10,1986,32.6514810366658,300.0,False,0.480770983965343,0.01644082630245005,stratified_log_count_counterexample_search,15601,,True
S50MW_6H,G0057_T2_graded_two_layer_fine_hot__NREL_MGCL2_KCL_NACL_BASELINE_V10,2570,43.45994787080548,300.0,False,0.37152185764792656,0.016910485552842597,stratified_log_count_counterexample_search,15601,10.80846683413968,True
S50MW_6H,G0057_T2_graded_two_layer_fine_hot__NREL_MGCL2_KCL_NACL_BASELINE_V10,3325,57.65793752865927,300.0,False,0.2871612553850139,0.017340733091326097,stratified_log_count_counterexample_search,15601,14.197989657853789,True
S50MW_6H,G0057_T2_graded_two_layer_fine_hot__NREL_MGCL2_KCL_NACL_BASELINE_V10,4302,76.29378070317446,300.0,False,0.2219458796269575,0.017734491097902014,stratified_log_count_counterexample_search,15601,18.635843174515195,True
S50MW_6H,G0057_T2_graded_two_layer_fine_hot__NREL_MGCL2_KCL_NACL_BASELINE_V10,5566,100.70793841023804,300.0,False,0.17154350954997685,0.01809341329684478,stratified_log_count_counterexample_search,15601,24.41415770706358,True
S50MW_6H,G0057_T2_graded_two_layer_fine_hot__NREL_MGCL2_KCL_NACL_BASELINE_V10,7202,132.66069293941456,300.0,False,0.13257583645586937,0.018419979580590745,stratified_log_count_counterexample_search,15601,31.952754529176516,True
S50MW_6H,G0057_T2_graded_two_layer_fine_hot__NREL_MGCL2_KCL_NACL_BASELINE_V10,9319,174.4221306948167,300.0,False,0.1024585442810571,0.018716829133471048,stratified_log_count_counterexample_search,15601,41.76143775540214,True
S50MW_6H,G0057_T2_graded_two_layer_fine_hot__NREL_MGCL2_KCL_NACL_BASELINE_V10,12057,228.91324726083764,300.0,False,0.07919143851332597,0.0189859208145341,stratified_log_count_counterexample_search,15601,54.491116566020935,True
S50MW_6H,G0057_T2_graded_two_layer_fine_hot__NREL_MGCL2_KCL_NACL_BASELINE_V10,15601,300.00430055276547,300.0,True,0.061201921297043216,0.019229812226957597,stratified_log_count_counterexample_search,15601,71.09105329192784,True
S50MW_6H,G0141_T3_graded_two_layer_coarse_hot__NREL_MGCL2_KCL_NACL_BASELINE_V10,2244,119.61615609392128,300.0,False,0.425495175648472,0.053304882394795576,stratified_log_count_counterexample_search,5415,,True
S50MW_6H,G0141_T3_graded_two_layer_coarse_hot__NREL_MGCL2_KCL_NACL_BASELINE_V10,2505,134.28559280123346,300.0,False,0.3811621453713258,0.0536070230743447,stratified_log_count_counterexample_search,5415,14.669436707312187,True
S50MW_6H,G0141_T3_graded_two_layer_coarse_hot__NREL_MGCL2_KCL_NACL_BASELINE_V10,2797,150.7510526300394,300.0,False,0.34136974406691856,0.053897408877382695,stratified_log_count_counterexample_search,5415,16.465459828805933,True
S50MW_6H,G0141_T3_graded_two_layer_coarse_hot__NREL_MGCL2_KCL_NACL_BASELINE_V10,3122,169.13832977244985,300.0,False,0.3058331755782099,0.05417627475094486,stratified_log_count_counterexample_search,5415,18.387277142410454,True
S50MW_6H,G0141_T3_graded_two_layer_coarse_hot__NREL_MGCL2_KCL_NACL_BASELINE_V10,3486,189.78903369862496,300.0,False,0.2738987877668305,0.05444321104378226,stratified_log_count_counterexample_search,5415,20.65070392617511,True
S50MW_6H,G0141_T3_graded_two_layer_coarse_hot__NREL_MGCL2_KCL_NACL_BASELINE_V10,3892,212.8939991351278,300.0,False,0.24532661206453527,0.054700410877473744,stratified_log_count_counterexample_search,5415,23.10496543650285,True
S50MW_6H,G0141_T3_graded_two_layer_coarse_hot__NREL_MGCL2_KCL_NACL_BASELINE_V10,4345,238.74057402611803,300.0,False,0.2197494071703501,0.05494604695652889,stratified_log_count_counterexample_search,5415,25.84657489099021,True
S50MW_6H,G0141_T3_graded_two_layer_coarse_hot__NREL_MGCL2_KCL_NACL_BASELINE_V10,4850,267.6313258397481,300.0,False,0.19686828333096315,0.0551817166679893,stratified_log_count_counterexample_search,5415,28.89075181363009,True
S50MW_6H,G0141_T3_graded_two_layer_coarse_hot__NREL_MGCL2_KCL_NACL_BASELINE_V10,5415,300.0334575228817,300.0,True,0.1763270866399208,0.05540784072444722,stratified_log_count_counterexample_search,5415,32.402131683133575,True
S50MW_6H,G0229_T3_graded_two_layer_coarse_hot__NREL_MGCL2_KCL_NACL_BASELINE_V10,3887,127.47339874771208,300.0,False,0.24564218527274792,0.03279480286794754,stratified_log_count_counterexample_search,8883,,True
S50MW_6H,G0229_T3_graded_two_layer_coarse_hot__NREL_MGCL2_KCL_NACL_BASELINE_V10,4310,141.95031242278503,300.0,False,0.2215339151172091,0.03293510729066938,stratified_log_count_counterexample_search,8883,14.47691367507295,True
S50MW_6H,G0229_T3_graded_two_layer_coarse_hot__NREL_MGCL2_KCL_NACL_BASELINE_V10,4779,158.0424002020522,300.0,False,0.19979308938170562,0.033070182088732414,stratified_log_count_counterexample_search,8883,16.09208777926716,True
S50MW_6H,G0229_T3_graded_two_layer_coarse_hot__NREL_MGCL2_KCL_NACL_BASELINE_V10,5299,175.92404371329928,300.0,False,0.18018704928385945,0.03319947984776359,stratified_log_count_counterexample_search,8883,17.88164351124709,True
S50MW_6H,G0229_T3_graded_two_layer_coarse_hot__NREL_MGCL2_KCL_NACL_BASELINE_V10,5876,195.81063602219405,300.0,False,0.16249339247024697,0.033323797825424446,stratified_log_count_counterexample_search,8883,19.886592308894762,True
S50MW_6H,G0229_T3_graded_two_layer_coarse_hot__NREL_MGCL2_KCL_NACL_BASELINE_V10,6516,217.9175189722483,300.0,False,0.1465333293669692,0.03344344981157893,stratified_log_count_counterexample_search,8883,22.106882950054256,True
S50MW_6H,G0229_T3_graded_two_layer_coarse_hot__NREL_MGCL2_KCL_NACL_BASELINE_V10,7225,242.459495182738,300.0,False,0.13215379573081953,0.033558407637749206,stratified_log_count_counterexample_search,8883,24.541976210489707,True
S50MW_6H,G0229_T3_graded_two_layer_coarse_hot__NREL_MGCL2_KCL_NACL_BASELINE_V10,8011,269.7191462242961,300.0,False,0.11918751393773203,0.033668598954474604,stratified_log_count_counterexample_search,8883,27.259651041558072,True
S50MW_6H,G0229_T3_graded_two_layer_coarse_hot__NREL_MGCL2_KCL_NACL_BASELINE_V10,8883,300.01945340709,300.0,True,0.10748746753970181,0.03377456415705167,stratified_log_count_counterexample_search,8883,30.300307182793915,True
S50MW_6H,G0057_T3_graded_two_layer_coarse_hot__NREL_MGCL2_KCL_NACL_BASELINE_V10,1986,32.651776353765165,300.0,False,0.480770983965343,0.01644097500189585,stratified_log_count_counterexample_search,15601,,True
S50MW_6H,G0057_T3_graded_two_layer_coarse_hot__NREL_MGCL2_KCL_NACL_BASELINE_V10,2570,43.461558871285476,300.0,False,0.37152185764792656,0.016911112401278395,stratified_log_count_counterexample_search,15601,10.809782517520311,True
S50MW_6H,G0057_T3_graded_two_layer_coarse_hot__NREL_MGCL2_KCL_NACL_BASELINE_V10,3325,57.660422579620345,300.0,False,0.2871612553850139,0.01734148047507379,stratified_log_count_counterexample_search,15601,14.19886370833487,True
S50MW_6H,G0057_T3_graded_two_layer_coarse_hot__NREL_MGCL2_KCL_NACL_BASELINE_V10,4302,76.29251805562667,300.0,False,0.2219458796269575,0.01773419759545018,stratified_log_count_counterexample_search,15601,18.632095476006327,True
S50MW_6H,G0057_T3_graded_two_layer_coarse_hot__NREL_MGCL2_KCL_NACL_BASELINE_V10,5566,100.70648754108997,300.0,False,0.17154350954997685,0.018093152630450946,stratified_log_count_counterexample_search,15601,24.413969485463298,True
S50MW_6H,G0057_T3_graded_two_layer_coarse_hot__NREL_MGCL2_KCL_NACL_BASELINE_V10,7202,132.65973492559445,300.0,False,0.13257583645586937,0.01841984656006588,stratified_log_count_counterexample_search,15601,31.95324738450448,True
S50MW_6H,G0057_T3_graded_two_layer_coarse_hot__NREL_MGCL2_KCL_NACL_BASELINE_V10,9319,174.42071401453396,300.0,False,0.1024585442810571,0.01871667711283764,stratified_log_count_counterexample_search,15601,41.76097908893951,True
S50MW_6H,G0057_T3_graded_two_layer_coarse_hot__NREL_MGCL2_KCL_NACL_BASELINE_V10,12057,228.91093904360048,300.0,False,0.07919143851332597,0.01898572937244758,stratified_log_count_counterexample_search,15601,54.49022502906652,True
S50MW_6H,G0057_T3_graded_two_layer_coarse_hot__NREL_MGCL2_KCL_NACL_BASELINE_V10,15601,300.0039195319236,300.0,True,0.061201921297043216,0.019229787804110225,stratified_log_count_counterexample_search,15601,71.09298048832312,True
S50MW_6H,G0244_T1_homogeneous_none__SOLAR_SALT_60_40_V10,4601,330.98897509943953,300.0,True,0.14174920474798033,0.07193848622026505,stratified_log_count_counterexample_search,4601,,True
S50MW_6H,G0140_T1_homogeneous_none__SOLAR_SALT_60_40_V10,2173,83.70482150237144,300.0,False,0.30013257756348716,0.03852039645760306,stratified_log_count_counterexample_search,7478,,True
S50MW_6H,G0140_T1_homogeneous_none__SOLAR_SALT_60_40_V10,2536,98.30368553506314,300.0,False,0.25717196019142646,0.038763282939693666,stratified_log_count_counterexample_search,7478,14.598864032691694,True
S50MW_6H,G0140_T1_homogeneous_none__SOLAR_SALT_60_40_V10,2960,115.41767876321832,300.0,False,0.22033381454238432,0.03899245904162781,stratified_log_count_counterexample_search,7478,17.11399322815518,True
S50MW_6H,G0140_T1_homogeneous_none__SOLAR_SALT_60_40_V10,3454,135.42521277325037,300.0,False,0.18882110337158586,0.03920822604900126,stratified_log_count_counterexample_search,7478,20.007534010032046,True
S50MW_6H,G0140_T1_homogeneous_none__SOLAR_SALT_60_40_V10,4031,158.87028212510776,300.0,False,0.16179312603459628,0.03941212655051048,stratified_log_count_counterexample_search,7478,23.4450693518574,True
S50MW_6H,G0140_T1_homogeneous_none__SOLAR_SALT_60_40_V10,4704,186.3001627053178,300.0,False,0.138645427518167,0.039604626425450214,stratified_log_count_counterexample_search,7478,27.42988058021004,True
S50MW_6H,G0140_T1_homogeneous_none__SOLAR_SALT_60_40_V10,5490,218.4283019435025,300.0,False,0.1187956449991726,0.03978657594599317,stratified_log_count_counterexample_search,7478,32.1281392381847,True
S50MW_6H,G0140_T1_homogeneous_none__SOLAR_SALT_60_40_V10,6408,256.0537407580877,300.0,False,0.10177716776614507,0.039958448932285846,stratified_log_count_counterexample_search,7478,37.62543881458521,True
S50MW_6H,G0140_T1_homogeneous_none__SOLAR_SALT_60_40_V10,7478,300.0234777369479,300.0,True,0.08721424057842439,0.04012081809801389,stratified_log_count_counterexample_search,7478,43.96973697886017,True
S50MW_6H,G0189_T1_homogeneous_none__SOLAR_SALT_60_40_V10,1930,41.38642021456652,300.0,False,0.3379212906971283,0.02144374104381685,stratified_log_count_counterexample_search,12990,,True
S50MW_6H,G0189_T1_homogeneous_none__SOLAR_SALT_60_40_V10,2449,53.19577438566226,300.0,False,0.26630791794424563,0.021721426862254905,stratified_log_count_counterexample_search,12990,11.809354171095741,True
S50MW_6H,G0189_T1_homogeneous_none__SOLAR_SALT_60_40_V10,3109,68.32093986166774,300.0,False,0.20977423320857433,0.021975213850649,stratified_log_count_counterexample_search,12990,15.125165476005478,True
S50MW_6H,G0189_T1_homogeneous_none__SOLAR_SALT_60_40_V10,3945,87.60406635809598,300.0,False,0.1653201751699512,0.022206353956424837,stratified_log_count_counterexample_search,12990,19.28312649642824,True
S50MW_6H,G0189_T1_homogeneous_none__SOLAR_SALT_60_40_V10,5007,112.24457768226563,300.0,False,0.13025526084391004,0.02241753099306284,stratified_log_count_counterexample_search,12990,24.64051132416965,True
S50MW_6H,G0189_T1_homogeneous_none__SOLAR_SALT_60_40_V10,6355,143.68942779790544,300.0,False,0.10262597813461173,0.022610452839953648,stratified_log_count_counterexample_search,12990,31.44485011563981,True
S50MW_6H,G0189_T1_homogeneous_none__SOLAR_SALT_60_40_V10,8065,183.77313040103695,300.0,False,0.08086647130135866,0.0227865009796698,stratified_log_count_counterexample_search,12990,40.08370260313151,True
S50MW_6H,G0189_T1_homogeneous_none__SOLAR_SALT_60_40_V10,10235,234.86899934605663,300.0,False,0.06372135721010821,0.022947630615149647,stratified_log_count_counterexample_search,12990,51.095868945019674,True
S50MW_6H,G0189_T1_homogeneous_none__SOLAR_SALT_60_40_V10,12990,300.0068122195785,300.0,True,0.0502069354153547,0.023095212641999884,stratified_log_count_counterexample_search,12990,65.13781287352185,True
S50MW_6H,G0117_T2_graded_two_layer_fine_hot__SOLAR_SALT_60_40_V10,3339,214.4616230829113,300.0,False,0.19532437587465037,0.06422929711976978,stratified_log_count_counterexample_search,4616,,True
S50MW_6H,G0117_T2_graded_two_layer_fine_hot__SOLAR_SALT_60_40_V10,3477,223.67766896818677,300.0,False,0.18757207105132515,0.06433064968886591,stratified_log_count_counterexample_search,4616,9.216045885275463,True
S50MW_6H,G0117_T2_graded_two_layer_fine_hot__SOLAR_SALT_60_40_V10,3621,233.30364369679677,300.0,False,0.18011270120007114,0.06443072181629295,stratified_log_count_counterexample_search,4616,9.625974728610004,True
S50MW_6H,G0117_T2_graded_two_layer_fine_hot__SOLAR_SALT_60_40_V10,3770,243.2730174251356,300.0,False,0.17299418860622218,0.064528651836906,stratified_log_count_counterexample_search,4616,9.969373728338837,True
S50MW_6H,G0117_T2_graded_two_layer_fine_hot__SOLAR_SALT_60_40_V10,3926,253.72021455525376,300.0,False,0.16612024733710076,0.06462562775222969,stratified_log_count_counterexample_search,4616,10.447197130118155,True
S50MW_6H,G0117_T2_graded_two_layer_fine_hot__SOLAR_SALT_60_40_V10,4088,264.5789491111603,300.0,False,0.15953720426747983,0.0647208779626126,stratified_log_count_counterexample_search,4616,10.858734555906523,True
S50MW_6H,G0117_T2_graded_two_layer_fine_hot__SOLAR_SALT_60_40_V10,4257,275.91685963726553,300.0,False,0.15320368593973632,0.06481486014500012,stratified_log_count_counterexample_search,4616,11.337910526105247,True
S50MW_6H,G0117_T2_graded_two_layer_fine_hot__SOLAR_SALT_60_40_V10,4433,287.7346314525177,300.0,False,0.14712115746570215,0.06490742870573375,stratified_log_count_counterexample_search,4616,11.817771815252172,True
S50MW_6H,G0117_T2_graded_two_layer_fine_hot__SOLAR_SALT_60_40_V10,4616,300.0329212650322,300.0,True,0.14128858124901594,0.06499846647855984,stratified_log_count_counterexample_search,4616,12.298289812514497,True
S50MW_6H,G0247_T2_graded_two_layer_fine_hot__SOLAR_SALT_60_40_V10,1864,68.81302469247079,300.0,False,0.3498863149385502,0.036916858740595915,stratified_log_count_counterexample_search,7513,,True
S50MW_6H,G0247_T2_graded_two_layer_fine_hot__SOLAR_SALT_60_40_V10,2219,82.9527481706776,300.0,False,0.29391081164734456,0.03738294194262172,stratified_log_count_counterexample_search,7513,14.139723478206804,True
S50MW_6H,G0247_T2_graded_two_layer_fine_hot__SOLAR_SALT_60_40_V10,2641,99.88320052428237,300.0,False,0.2469474028949101,0.03782021981229927,stratified_log_count_counterexample_search,7513,16.930452353604778,True
S50MW_6H,G0247_T2_graded_two_layer_fine_hot__SOLAR_SALT_60_40_V10,3144,120.20038545004664,300.0,False,0.2074389602561888,0.03823167476146522,stratified_log_count_counterexample_search,7513,20.317184925764266,True
S50MW_6H,G0247_T2_graded_two_layer_fine_hot__SOLAR_SALT_60_40_V10,3742,144.5039381403813,300.0,False,0.17428864004421635,0.03861676593810297,stratified_log_count_counterexample_search,7513,24.30355269033467,True
S50MW_6H,G0247_T2_graded_two_layer_fine_hot__SOLAR_SALT_60_40_V10,4455,173.65202621071515,300.0,False,0.1463946332313036,0.03897913046256232,stratified_log_count_counterexample_search,7513,29.14808807033384,True
S50MW_6H,G0247_T2_graded_two_layer_fine_hot__SOLAR_SALT_60_40_V10,5302,208.46143430027837,300.0,False,0.12300793871095013,0.039317509298430475,stratified_log_count_counterexample_search,7513,34.80940808956322,True
S50MW_6H,G0247_T2_graded_two_layer_fine_hot__SOLAR_SALT_60_40_V10,6312,250.1800555416628,300.0,False,0.10332510948121951,0.03963562350153086,stratified_log_count_counterexample_search,7513,41.718621241384426,True
S50MW_6H,G0247_T2_graded_two_layer_fine_hot__SOLAR_SALT_60_40_V10,7513,300.01646027922703,300.0,True,0.08680794503466759,0.03993297754282271,stratified_log_count_counterexample_search,7513,49.83640473756424,True
S50MW_6H,G0217_T2_graded_two_layer_fine_hot__SOLAR_SALT_60_40_V10,5234,114.70015182022874,300.0,False,0.12460605484246419,0.021914434814716992,stratified_log_count_counterexample_search,13060,,True
S50MW_6H,G0217_T2_graded_two_layer_fine_hot__SOLAR_SALT_60_40_V10,5868,129.49185508504323,300.0,False,0.11114316479983939,0.022067459966776285,stratified_log_count_counterexample_search,13060,14.791703264814487,True
S50MW_6H,G0217_T2_graded_two_layer_fine_hot__SOLAR_SALT_60_40_V10,6578,146.12328922373385,300.0,False,0.09914686698775578,0.022213938769190308,stratified_log_count_counterexample_search,13060,16.631434138690622,True
S50MW_6H,G0217_T2_graded_two_layer_fine_hot__SOLAR_SALT_60_40_V10,7375,164.86357755213044,300.0,False,0.08843228353158747,0.022354383396899043,stratified_log_count_counterexample_search,13060,18.740288328396588,True
S50MW_6H,G0217_T2_graded_two_layer_fine_hot__SOLAR_SALT_60_40_V10,8268,185.93707443346727,300.0,False,0.07888099794937803,0.02248876081681994,stratified_log_count_counterexample_search,13060,21.073496881336837,True
S50MW_6H,G0217_T2_graded_two_layer_fine_hot__SOLAR_SALT_60_40_V10,9269,209.64066318068652,300.0,False,0.07036229270098798,0.022617398120691176,stratified_log_count_counterexample_search,13060,23.703588747219243,True
S50MW_6H,G0217_T2_graded_two_layer_fine_hot__SOLAR_SALT_60_40_V10,10391,236.29607544306123,300.0,False,0.06276470898329878,0.022740455725441366,stratified_log_count_counterexample_search,13060,26.65541226237471,True
S50MW_6H,G0217_T2_graded_two_layer_fine_hot__SOLAR_SALT_60_40_V10,11649,266.2763511275,300.0,False,0.055986616108288915,0.022858301238518328,stratified_log_count_counterexample_search,13060,29.980275684438766,True
S50MW_6H,G0217_T2_graded_two_layer_fine_hot__SOLAR_SALT_60_40_V10,13060,300.00248390596283,300.0,True,0.04993783239245464,0.022971093714085976,stratified_log_count_counterexample_search,13060,33.72613277846284,True
S50MW_6H,G0117_T3_graded_two_layer_coarse_hot__SOLAR_SALT_60_40_V10,3339,214.45747282308085,300.0,False,0.19532437587465037,0.06422805415486099,stratified_log_count_counterexample_search,4616,,True
S50MW_6H,G0117_T3_graded_two_layer_coarse_hot__SOLAR_SALT_60_40_V10,3477,223.67342023062812,300.0,False,0.18757207105132515,0.06432942773385911,stratified_log_count_counterexample_search,4616,9.215947407547276,True
S50MW_6H,G0117_T3_graded_two_layer_coarse_hot__SOLAR_SALT_60_40_V10,3621,233.298398042258,300.0,False,0.18011270120007114,0.06442927314064015,stratified_log_count_counterexample_search,4616,9.624977811629861,True
S50MW_6H,G0117_T3_graded_two_layer_coarse_hot__SOLAR_SALT_60_40_V10,3770,243.2674070118922,300.0,False,0.17299418860622218,0.06452716366363188,stratified_log_count_counterexample_search,4616,9.969008969634217,True
S50MW_6H,G0117_T3_graded_two_layer_coarse_hot__SOLAR_SALT_60_40_V10,3926,253.71462472329637,300.0,False,0.16612024733710076,0.06462420395397259,stratified_log_count_counterexample_search,4616,10.447217711404164,True
S50MW_6H,G0117_T3_graded_two_layer_coarse_hot__SOLAR_SALT_60_40_V10,4088,264.5750226457079,300.0,False,0.15953720426747983,0.06471991747693442,stratified_log_count_counterexample_search,4616,10.86039792241155,True
S50MW_6H,G0117_T3_graded_two_layer_coarse_hot__SOLAR_SALT_60_40_V10,4257,275.9123434342543,300.0,False,0.15320368593973632,0.06481379925634351,stratified_log_count_counterexample_search,4616,11.337320788546378,True
S50MW_6H,G0117_T3_graded_two_layer_coarse_hot__SOLAR_SALT_60_40_V10,4433,287.7300685864793,300.0,False,0.14712115746570215,0.06490639941043973,stratified_log_count_counterexample_search,4616,11.817725152225023,True
S50MW_6H,G0117_T3_graded_two_layer_coarse_hot__SOLAR_SALT_60_40_V10,4616,300.0252368323418,300.0,True,0.14128858124901594,0.06499680174010872,stratified_log_count_counterexample_search,4616,12.295168245862499,True
S50MW_6H,G0247_T3_graded_two_layer_coarse_hot__SOLAR_SALT_60_40_V10,1864,68.81645516770817,300.0,False,0.3498863149385502,0.03691869912430696,stratified_log_count_counterexample_search,7513,,True
S50MW_6H,G0247_T3_graded_two_layer_coarse_hot__SOLAR_SALT_60_40_V10,2219,82.9532395843406,300.0,False,0.29391081164734456,0.037383163399883096,stratified_log_count_counterexample_search,7513,14.136784416632423,True
S50MW_6H,G0247_T3_graded_two_layer_coarse_hot__SOLAR_SALT_60_40_V10,2641,99.8825974908609,300.0,False,0.2469474028949101,0.03781999147703934,stratified_log_count_counterexample_search,7513,16.92935790652031,True
S50MW_6H,G0247_T3_graded_two_layer_coarse_hot__SOLAR_SALT_60_40_V10,3144,120.20278691556615,300.0,False,0.2074389602561888,0.038232438586376004,stratified_log_count_counterexample_search,7513,20.320189424705248,True
S50MW_6H,G0247_T3_graded_two_layer_coarse_hot__SOLAR_SALT_60_40_V10,3742,144.50537592315277,300.0,False,0.17428864004421635,0.038617150166529335,stratified_log_count_counterexample_search,7513,24.30258900758662,True
S50MW_6H,G0247_T3_graded_two_layer_coarse_hot__SOLAR_SALT_60_40_V10,4455,173.6533873841682,300.0,False,0.1463946332313036,0.038979436000935626,stratified_log_count_counterexample_search,7513,29.148011461015443,True
S50MW_6H,G0247_T3_graded_two_layer_coarse_hot__SOLAR_SALT_60_40_V10,5302,208.46445215370014,300.0,False,0.12300793871095013,0.039318078489947214,stratified_log_count_counterexample_search,7513,34.811064769531924,True
S50MW_6H,G0247_T3_graded_two_layer_coarse_hot__SOLAR_SALT_60_40_V10,6312,250.17591408800484,300.0,False,0.10332510948121951,0.03963496737769405,stratified_log_count_counterexample_search,7513,41.71146193430471,True
S50MW_6H,G0247_T3_graded_two_layer_coarse_hot__SOLAR_SALT_60_40_V10,7513,300.01178094744853,300.0,True,0.08680794503466759,0.039932354711493215,stratified_log_count_counterexample_search,7513,49.83586685944368,True
S50MW_6H,G0217_T3_graded_two_layer_coarse_hot__SOLAR_SALT_60_40_V10,5234,114.69882963790425,300.0,False,0.12460605484246419,0.021914182200593095,stratified_log_count_counterexample_search,13061,,True
S50MW_6H,G0217_T3_graded_two_layer_coarse_hot__SOLAR_SALT_60_40_V10,5868,129.4936125540027,300.0,False,0.11114316479983939,0.022067759467280627,stratified_log_count_counterexample_search,13061,14.794782916098455,True
S50MW_6H,G0217_T3_graded_two_layer_coarse_hot__SOLAR_SALT_60_40_V10,6578,146.12122777649637,300.0,False,0.09914686698775578,0.022213625384082756,stratified_log_count_counterexample_search,13061,16.62761522249366,True
S50MW_6H,G0217_T3_graded_two_layer_coarse_hot__SOLAR_SALT_60_40_V10,7375,164.86227270113974,300.0,False,0.08843228353158747,0.02235420646795115,stratified_log_count_counterexample_search,13061,18.741044924643376,True
S50MW_6H,G0217_T3_graded_two_layer_coarse_hot__SOLAR_SALT_60_40_V10,8268,185.93465496789725,300.0,False,0.07888099794937803,0.022488468186731645,stratified_log_count_counterexample_search,13061,21.0723822667575,True
S50MW_6H,G0217_T3_graded_two_layer_coarse_hot__SOLAR_SALT_60_40_V10,9269,209.64083055795882,300.0,False,0.07036229270098798,0.022617416178439834,stratified_log_count_counterexample_search,13061,23.706175590061576,True
S50MW_6H,G0217_T3_graded_two_layer_coarse_hot__SOLAR_SALT_60_40_V10,10392,236.31695953363294,300.0,False,0.06275866926919338,0.022740277091381152,stratified_log_count_counterexample_search,13061,26.676128975674118,True
S50MW_6H,G0217_T3_graded_two_layer_coarse_hot__SOLAR_SALT_60_40_V10,11650,266.2960218554017,300.0,False,0.05598181039016803,0.022858027627073108,stratified_log_count_counterexample_search,13061,29.979062321768765,True
S50MW_6H,G0217_T3_graded_two_layer_coarse_hot__SOLAR_SALT_60_40_V10,13061,300.0220917499082,300.0,True,0.04993400896144687,0.02297083621084972,stratified_log_count_counterexample_search,13061,33.72606989450651,True
