design_id,fluid_model_id,fluid_name,topology_id,standby_duration_h,surface_heat_transfer_coefficient_W_m2K,external_area_to_packed_volume_ratio_m1,wall_loss_W_m3K,ambient_temperature_C,effective_volumetric_heat_capacity_J_m3K,mean_temperature_after_standby_C,retained_sensible_inventory_fraction,standby_sensible_loss_pct,interpretation
G0011_T1_homogeneous_none__SOLAR_SALT_60_40_V10,SOLAR_SALT_60_40_V10,Solar Salt (NaNO3-KNO3 60:40 wt%),T1_homogeneous_none,2.0,0.0,4.592357427740836,0.0,25.0,3166472.465076882,550.0,1.0,0.0,Uniform-hot inventory screen with registered effective surface coefficients converted by each unit's external area-to-packed-volume ratio. It bounds standby sensitivity and is not a thermocline-cycle validation.
G0011_T1_homogeneous_none__SOLAR_SALT_60_40_V10,SOLAR_SALT_60_40_V10,Solar Salt (NaNO3-KNO3 60:40 wt%),T1_homogeneous_none,6.0,0.0,4.592357427740836,0.0,25.0,3166472.465076882,550.0,1.0,0.0,Uniform-hot inventory screen with registered effective surface coefficients converted by each unit's external area-to-packed-volume ratio. It bounds standby sensitivity and is not a thermocline-cycle validation.
G0011_T1_homogeneous_none__SOLAR_SALT_60_40_V10,SOLAR_SALT_60_40_V10,Solar Salt (NaNO3-KNO3 60:40 wt%),T1_homogeneous_none,12.0,0.0,4.592357427740836,0.0,25.0,3166472.465076882,550.0,1.0,0.0,Uniform-hot inventory screen with registered effective surface coefficients converted by each unit's external area-to-packed-volume ratio. It bounds standby sensitivity and is not a thermocline-cycle validation.
G0011_T1_homogeneous_none__SOLAR_SALT_60_40_V10,SOLAR_SALT_60_40_V10,Solar Salt (NaNO3-KNO3 60:40 wt%),T1_homogeneous_none,24.0,0.0,4.592357427740836,0.0,25.0,3166472.465076882,550.0,1.0,0.0,Uniform-hot inventory screen with registered effective surface coefficients converted by each unit's external area-to-packed-volume ratio. It bounds standby sensitivity and is not a thermocline-cycle validation.
G0011_T1_homogeneous_none__SOLAR_SALT_60_40_V10,SOLAR_SALT_60_40_V10,Solar Salt (NaNO3-KNO3 60:40 wt%),T1_homogeneous_none,2.0,0.1,4.592357427740836,0.45923574277408363,25.0,3166472.465076882,549.4520700543865,0.9890414010877293,1.095859891227069,Uniform-hot inventory screen with registered effective surface coefficients converted by each unit's external area-to-packed-volume ratio. It bounds standby sensitivity and is not a thermocline-cycle validation.
G0011_T1_homogeneous_none__SOLAR_SALT_60_40_V10,SOLAR_SALT_60_40_V10,Solar Salt (NaNO3-KNO3 60:40 wt%),T1_homogeneous_none,6.0,0.1,4.592357427740836,0.45923574277408363,25.0,3166472.465076882,548.357925150466,0.9671585030093206,3.2841496990679397,Uniform-hot inventory screen with registered effective surface coefficients converted by each unit's external area-to-packed-volume ratio. It bounds standby sensitivity and is not a thermocline-cycle validation.
G0011_T1_homogeneous_none__SOLAR_SALT_60_40_V10,SOLAR_SALT_60_40_V10,Solar Salt (NaNO3-KNO3 60:40 wt%),T1_homogeneous_none,12.0,0.1,4.592357427740836,0.45923574277408363,25.0,3166472.465076882,546.7209863196206,0.9344197263924116,6.558027360758844,Uniform-hot inventory screen with registered effective surface coefficients converted by each unit's external area-to-packed-volume ratio. It bounds standby sensitivity and is not a thermocline-cycle validation.
G0011_T1_homogeneous_none__SOLAR_SALT_60_40_V10,SOLAR_SALT_60_40_V10,Solar Salt (NaNO3-KNO3 60:40 wt%),T1_homogeneous_none,24.0,0.1,4.592357427740836,0.45923574277408363,25.0,3166472.465076882,543.4624525072719,0.8692490501454381,13.075094985456193,Uniform-hot inventory screen with registered effective surface coefficients converted by each unit's external area-to-packed-volume ratio. It bounds standby sensitivity and is not a thermocline-cycle validation.
G0011_T1_homogeneous_none__SOLAR_SALT_60_40_V10,SOLAR_SALT_60_40_V10,Solar Salt (NaNO3-KNO3 60:40 wt%),T1_homogeneous_none,2.0,0.5,4.592357427740836,2.296178713870418,25.0,3166472.465076882,547.2660629204811,0.9453212584096218,5.467874159037822,Uniform-hot inventory screen with registered effective surface coefficients converted by each unit's external area-to-packed-volume ratio. It bounds standby sensitivity and is not a thermocline-cycle validation.
G0011_T1_homogeneous_none__SOLAR_SALT_60_40_V10,SOLAR_SALT_60_40_V10,Solar Salt (NaNO3-KNO3 60:40 wt%),T1_homogeneous_none,6.0,0.5,4.592357427740836,2.296178713870418,25.0,3166472.465076882,541.8408255478624,0.8368165109572487,16.318348904275126,Uniform-hot inventory screen with registered effective surface coefficients converted by each unit's external area-to-packed-volume ratio. It bounds standby sensitivity and is not a thermocline-cycle validation.
G0011_T1_homogeneous_none__SOLAR_SALT_60_40_V10,SOLAR_SALT_60_40_V10,Solar Salt (NaNO3-KNO3 60:40 wt%),T1_homogeneous_none,12.0,0.5,4.592357427740836,2.296178713870418,25.0,3166472.465076882,533.8084551485639,0.6761691029712779,32.38308970287221,Uniform-hot inventory screen with registered effective surface coefficients converted by each unit's external area-to-packed-volume ratio. It bounds standby sensitivity and is not a thermocline-cycle validation.
G0011_T1_homogeneous_none__SOLAR_SALT_60_40_V10,SOLAR_SALT_60_40_V10,Solar Salt (NaNO3-KNO3 60:40 wt%),T1_homogeneous_none,24.0,0.5,4.592357427740836,2.296178713870418,25.0,3166472.465076882,518.1162743441299,0.3623254868825984,63.76745131174015,Uniform-hot inventory screen with registered effective surface coefficients converted by each unit's external area-to-packed-volume ratio. It bounds standby sensitivity and is not a thermocline-cycle validation.
G0011_T1_homogeneous_none__AIP_FLINAK_2017_V10,AIP_FLINAK_2017_V10,FLiNaK (LiF-NaF-KF),T1_homogeneous_none,2.0,0.0,4.592357427740836,0.0,25.0,3724061.2018635664,550.0,1.0,0.0,Uniform-hot inventory screen with registered effective surface coefficients converted by each unit's external area-to-packed-volume ratio. It bounds standby sensitivity and is not a thermocline-cycle validation.
G0011_T1_homogeneous_none__AIP_FLINAK_2017_V10,AIP_FLINAK_2017_V10,FLiNaK (LiF-NaF-KF),T1_homogeneous_none,6.0,0.0,4.592357427740836,0.0,25.0,3724061.2018635664,550.0,1.0,0.0,Uniform-hot inventory screen with registered effective surface coefficients converted by each unit's external area-to-packed-volume ratio. It bounds standby sensitivity and is not a thermocline-cycle validation.
G0011_T1_homogeneous_none__AIP_FLINAK_2017_V10,AIP_FLINAK_2017_V10,FLiNaK (LiF-NaF-KF),T1_homogeneous_none,12.0,0.0,4.592357427740836,0.0,25.0,3724061.2018635664,550.0,1.0,0.0,Uniform-hot inventory screen with registered effective surface coefficients converted by each unit's external area-to-packed-volume ratio. It bounds standby sensitivity and is not a thermocline-cycle validation.
G0011_T1_homogeneous_none__AIP_FLINAK_2017_V10,AIP_FLINAK_2017_V10,FLiNaK (LiF-NaF-KF),T1_homogeneous_none,24.0,0.0,4.592357427740836,0.0,25.0,3724061.2018635664,550.0,1.0,0.0,Uniform-hot inventory screen with registered effective surface coefficients converted by each unit's external area-to-packed-volume ratio. It bounds standby sensitivity and is not a thermocline-cycle validation.
G0011_T1_homogeneous_none__AIP_FLINAK_2017_V10,AIP_FLINAK_2017_V10,FLiNaK (LiF-NaF-KF),T1_homogeneous_none,2.0,0.1,4.592357427740836,0.45923574277408363,25.0,3724061.2018635664,549.5340729900951,0.9906814598019014,0.9318540198098635,Uniform-hot inventory screen with registered effective surface coefficients converted by each unit's external area-to-packed-volume ratio. It bounds standby sensitivity and is not a thermocline-cycle validation.
G0011_T1_homogeneous_none__AIP_FLINAK_2017_V10,AIP_FLINAK_2017_V10,FLiNaK (LiF-NaF-KF),T1_homogeneous_none,6.0,0.1,4.592357427740836,0.45923574277408363,25.0,3724061.2018635664,548.6034591060458,0.9720691821209152,2.79308178790848,Uniform-hot inventory screen with registered effective surface coefficients converted by each unit's external area-to-packed-volume ratio. It bounds standby sensitivity and is not a thermocline-cycle validation.
G0011_T1_homogeneous_none__AIP_FLINAK_2017_V10,AIP_FLINAK_2017_V10,FLiNaK (LiF-NaF-KF),T1_homogeneous_none,12.0,0.1,4.592357427740836,0.45923574277408363,25.0,3724061.2018635664,547.2106331196507,0.944212662393013,5.578733760698695,Uniform-hot inventory screen with registered effective surface coefficients converted by each unit's external area-to-packed-volume ratio. It bounds standby sensitivity and is not a thermocline-cycle validation.
G0011_T1_homogeneous_none__AIP_FLINAK_2017_V10,AIP_FLINAK_2017_V10,FLiNaK (LiF-NaF-KF),T1_homogeneous_none,24.0,0.1,4.592357427740836,0.45923574277408363,25.0,3724061.2018635664,544.4360863680503,0.8887217273610054,11.127827263899459,Uniform-hot inventory screen with registered effective surface coefficients converted by each unit's external area-to-packed-volume ratio. It bounds standby sensitivity and is not a thermocline-cycle validation.
G0011_T1_homogeneous_none__AIP_FLINAK_2017_V10,AIP_FLINAK_2017_V10,FLiNaK (LiF-NaF-KF),T1_homogeneous_none,2.0,0.5,4.592357427740836,2.296178713870418,25.0,3724061.2018635664,547.6744962914805,0.9534899258296105,4.651007417038954,Uniform-hot inventory screen with registered effective surface coefficients converted by each unit's external area-to-packed-volume ratio. It bounds standby sensitivity and is not a thermocline-cycle validation.
G0011_T1_homogeneous_none__AIP_FLINAK_2017_V10,AIP_FLINAK_2017_V10,FLiNaK (LiF-NaF-KF),T1_homogeneous_none,6.0,0.5,4.592357427740836,2.296178713870418,25.0,3724061.2018635664,543.0543459177484,0.8610869183549675,13.891308164503247,Uniform-hot inventory screen with registered effective surface coefficients converted by each unit's external area-to-packed-volume ratio. It bounds standby sensitivity and is not a thermocline-cycle validation.
G0011_T1_homogeneous_none__AIP_FLINAK_2017_V10,AIP_FLINAK_2017_V10,FLiNaK (LiF-NaF-KF),T1_homogeneous_none,12.0,0.5,4.592357427740836,2.296178713870418,25.0,3724061.2018635664,536.2005815700307,0.724011631400615,27.5988368599385,Uniform-hot inventory screen with registered effective surface coefficients converted by each unit's external area-to-packed-volume ratio. It bounds standby sensitivity and is not a thermocline-cycle validation.
G0011_T1_homogeneous_none__AIP_FLINAK_2017_V10,AIP_FLINAK_2017_V10,FLiNaK (LiF-NaF-KF),T1_homogeneous_none,24.0,0.5,4.592357427740836,2.296178713870418,25.0,3724061.2018635664,522.7638754238811,0.4552775084776226,54.47224915223774,Uniform-hot inventory screen with registered effective surface coefficients converted by each unit's external area-to-packed-volume ratio. It bounds standby sensitivity and is not a thermocline-cycle validation.
G0015_T1_homogeneous_none__AIP_FLINAK_2017_V10,AIP_FLINAK_2017_V10,FLiNaK (LiF-NaF-KF),T1_homogeneous_none,2.0,0.0,4.802953673840943,0.0,25.0,3763984.105113339,550.0,1.0,0.0,Uniform-hot inventory screen with registered effective surface coefficients converted by each unit's external area-to-packed-volume ratio. It bounds standby sensitivity and is not a thermocline-cycle validation.
G0015_T1_homogeneous_none__AIP_FLINAK_2017_V10,AIP_FLINAK_2017_V10,FLiNaK (LiF-NaF-KF),T1_homogeneous_none,6.0,0.0,4.802953673840943,0.0,25.0,3763984.105113339,550.0,1.0,0.0,Uniform-hot inventory screen with registered effective surface coefficients converted by each unit's external area-to-packed-volume ratio. It bounds standby sensitivity and is not a thermocline-cycle validation.
G0015_T1_homogeneous_none__AIP_FLINAK_2017_V10,AIP_FLINAK_2017_V10,FLiNaK (LiF-NaF-KF),T1_homogeneous_none,12.0,0.0,4.802953673840943,0.0,25.0,3763984.105113339,550.0,1.0,0.0,Uniform-hot inventory screen with registered effective surface coefficients converted by each unit's external area-to-packed-volume ratio. It bounds standby sensitivity and is not a thermocline-cycle validation.
G0015_T1_homogeneous_none__AIP_FLINAK_2017_V10,AIP_FLINAK_2017_V10,FLiNaK (LiF-NaF-KF),T1_homogeneous_none,24.0,0.0,4.802953673840943,0.0,25.0,3763984.105113339,550.0,1.0,0.0,Uniform-hot inventory screen with registered effective surface coefficients converted by each unit's external area-to-packed-volume ratio. It bounds standby sensitivity and is not a thermocline-cycle validation.
G0015_T1_homogeneous_none__AIP_FLINAK_2017_V10,AIP_FLINAK_2017_V10,FLiNaK (LiF-NaF-KF),T1_homogeneous_none,2.0,0.1,4.802953673840943,0.4802953673840943,25.0,3763984.105113339,549.5178824621365,0.9903576492427305,0.9642350757269491,Uniform-hot inventory screen with registered effective surface coefficients converted by each unit's external area-to-packed-volume ratio. It bounds standby sensitivity and is not a thermocline-cycle validation.
G0015_T1_homogeneous_none__AIP_FLINAK_2017_V10,AIP_FLINAK_2017_V10,FLiNaK (LiF-NaF-KF),T1_homogeneous_none,6.0,0.1,4.802953673840943,0.4802953673840943,25.0,3763984.105113339,548.554975193094,0.9710995038618807,2.890049613811929,Uniform-hot inventory screen with registered effective surface coefficients converted by each unit's external area-to-packed-volume ratio. It bounds standby sensitivity and is not a thermocline-cycle validation.
G0015_T1_homogeneous_none__AIP_FLINAK_2017_V10,AIP_FLINAK_2017_V10,FLiNaK (LiF-NaF-KF),T1_homogeneous_none,12.0,0.1,4.802953673840943,0.4802953673840943,25.0,3763984.105113339,547.1139277132215,0.9422785542644305,5.772144573556948,Uniform-hot inventory screen with registered effective surface coefficients converted by each unit's external area-to-packed-volume ratio. It bounds standby sensitivity and is not a thermocline-cycle validation.
G0015_T1_homogeneous_none__AIP_FLINAK_2017_V10,AIP_FLINAK_2017_V10,FLiNaK (LiF-NaF-KF),T1_homogeneous_none,24.0,0.1,4.802953673840943,0.4802953673840943,25.0,3763984.105113339,544.2437209754802,0.8848744195096038,11.512558049039622,Uniform-hot inventory screen with registered effective surface coefficients converted by each unit's external area-to-packed-volume ratio. It bounds standby sensitivity and is not a thermocline-cycle validation.
G0015_T1_homogeneous_none__AIP_FLINAK_2017_V10,AIP_FLINAK_2017_V10,FLiNaK (LiF-NaF-KF),T1_homogeneous_none,2.0,0.5,4.802953673840943,2.4014768369204713,25.0,3763984.105113339,547.5938356243336,0.9518767124866713,4.812328751332872,Uniform-hot inventory screen with registered effective surface coefficients converted by each unit's external area-to-packed-volume ratio. It bounds standby sensitivity and is not a thermocline-cycle validation.
G0015_T1_homogeneous_none__AIP_FLINAK_2017_V10,AIP_FLINAK_2017_V10,FLiNaK (LiF-NaF-KF),T1_homogeneous_none,6.0,0.5,4.802953673840943,2.4014768369204713,25.0,3763984.105113339,542.8145399133093,0.8562907982661864,14.370920173381363,Uniform-hot inventory screen with registered effective surface coefficients converted by each unit's external area-to-packed-volume ratio. It bounds standby sensitivity and is not a thermocline-cycle validation.
G0015_T1_homogeneous_none__AIP_FLINAK_2017_V10,AIP_FLINAK_2017_V10,FLiNaK (LiF-NaF-KF),T1_homogeneous_none,12.0,0.5,4.802953673840943,2.4014768369204713,25.0,3763984.105113339,535.7274242773947,0.7145484855478935,28.54515144521065,Uniform-hot inventory screen with registered effective surface coefficients converted by each unit's external area-to-packed-volume ratio. It bounds standby sensitivity and is not a thermocline-cycle validation.
G0015_T1_homogeneous_none__AIP_FLINAK_2017_V10,AIP_FLINAK_2017_V10,FLiNaK (LiF-NaF-KF),T1_homogeneous_none,24.0,0.5,4.802953673840943,2.4014768369204713,25.0,3763984.105113339,521.8428607790894,0.43685721558178786,56.314278441821216,Uniform-hot inventory screen with registered effective surface coefficients converted by each unit's external area-to-packed-volume ratio. It bounds standby sensitivity and is not a thermocline-cycle validation.
G0024_T1_homogeneous_none__SOLAR_SALT_60_40_V10,SOLAR_SALT_60_40_V10,Solar Salt (NaNO3-KNO3 60:40 wt%),T1_homogeneous_none,2.0,0.0,4.536043793329511,0.0,25.0,3182505.946607374,550.0,1.0,0.0,Uniform-hot inventory screen with registered effective surface coefficients converted by each unit's external area-to-packed-volume ratio. It bounds standby sensitivity and is not a thermocline-cycle validation.
G0024_T1_homogeneous_none__SOLAR_SALT_60_40_V10,SOLAR_SALT_60_40_V10,Solar Salt (NaNO3-KNO3 60:40 wt%),T1_homogeneous_none,6.0,0.0,4.536043793329511,0.0,25.0,3182505.946607374,550.0,1.0,0.0,Uniform-hot inventory screen with registered effective surface coefficients converted by each unit's external area-to-packed-volume ratio. It bounds standby sensitivity and is not a thermocline-cycle validation.
G0024_T1_homogeneous_none__SOLAR_SALT_60_40_V10,SOLAR_SALT_60_40_V10,Solar Salt (NaNO3-KNO3 60:40 wt%),T1_homogeneous_none,12.0,0.0,4.536043793329511,0.0,25.0,3182505.946607374,550.0,1.0,0.0,Uniform-hot inventory screen with registered effective surface coefficients converted by each unit's external area-to-packed-volume ratio. It bounds standby sensitivity and is not a thermocline-cycle validation.
G0024_T1_homogeneous_none__SOLAR_SALT_60_40_V10,SOLAR_SALT_60_40_V10,Solar Salt (NaNO3-KNO3 60:40 wt%),T1_homogeneous_none,24.0,0.0,4.536043793329511,0.0,25.0,3182505.946607374,550.0,1.0,0.0,Uniform-hot inventory screen with registered effective surface coefficients converted by each unit's external area-to-packed-volume ratio. It bounds standby sensitivity and is not a thermocline-cycle validation.
G0024_T1_homogeneous_none__SOLAR_SALT_60_40_V10,SOLAR_SALT_60_40_V10,Solar Salt (NaNO3-KNO3 60:40 wt%),T1_homogeneous_none,2.0,0.1,4.536043793329511,0.4536043793329511,25.0,3182505.946607374,549.4615108055017,0.9892302161100338,1.076978388996619,Uniform-hot inventory screen with registered effective surface coefficients converted by each unit's external area-to-packed-volume ratio. It bounds standby sensitivity and is not a thermocline-cycle validation.
G0024_T1_homogeneous_none__SOLAR_SALT_60_40_V10,SOLAR_SALT_60_40_V10,Solar Salt (NaNO3-KNO3 60:40 wt%),T1_homogeneous_none,6.0,0.1,4.536043793329511,0.4536043793329511,25.0,3182505.946607374,548.386188824918,0.9677237764983602,3.2276223501639834,Uniform-hot inventory screen with registered effective surface coefficients converted by each unit's external area-to-packed-volume ratio. It bounds standby sensitivity and is not a thermocline-cycle validation.
G0024_T1_homogeneous_none__SOLAR_SALT_60_40_V10,SOLAR_SALT_60_40_V10,Solar Salt (NaNO3-KNO3 60:40 wt%),T1_homogeneous_none,12.0,0.1,4.536043793329511,0.4536043793329511,25.0,3182505.946607374,546.7773383860434,0.9355467677208685,6.445323227913146,Uniform-hot inventory screen with registered effective surface coefficients converted by each unit's external area-to-packed-volume ratio. It bounds standby sensitivity and is not a thermocline-cycle validation.
G0024_T1_homogeneous_none__SOLAR_SALT_60_40_V10,SOLAR_SALT_60_40_V10,Solar Salt (NaNO3-KNO3 60:40 wt%),T1_homogeneous_none,24.0,0.1,4.536043793329511,0.4536043793329511,25.0,3182505.946607374,543.574458768045,0.8714891753609004,12.851082463909957,Uniform-hot inventory screen with registered effective surface coefficients converted by each unit's external area-to-packed-volume ratio. It bounds standby sensitivity and is not a thermocline-cycle validation.
G0024_T1_homogeneous_none__SOLAR_SALT_60_40_V10,SOLAR_SALT_60_40_V10,Solar Salt (NaNO3-KNO3 60:40 wt%),T1_homogeneous_none,2.0,0.5,4.536043793329511,2.2680218966647554,25.0,3182505.946607374,547.3130716150146,0.9462614323002912,5.373856769970875,Uniform-hot inventory screen with registered effective surface coefficients converted by each unit's external area-to-packed-volume ratio. It bounds standby sensitivity and is not a thermocline-cycle validation.
G0024_T1_homogeneous_none__SOLAR_SALT_60_40_V10,SOLAR_SALT_60_40_V10,Solar Salt (NaNO3-KNO3 60:40 wt%),T1_homogeneous_none,6.0,0.5,4.536043793329511,2.2680218966647554,25.0,3182505.946607374,541.9803992315269,0.8396079846305383,16.03920153694617,Uniform-hot inventory screen with registered effective surface coefficients converted by each unit's external area-to-packed-volume ratio. It bounds standby sensitivity and is not a thermocline-cycle validation.
G0024_T1_homogeneous_none__SOLAR_SALT_60_40_V10,SOLAR_SALT_60_40_V10,Solar Salt (NaNO3-KNO3 60:40 wt%),T1_homogeneous_none,12.0,0.5,4.536043793329511,2.2680218966647554,25.0,3182505.946607374,534.0833013135028,0.6816660262700566,31.833397372994344,Uniform-hot inventory screen with registered effective surface coefficients converted by each unit's external area-to-packed-volume ratio. It bounds standby sensitivity and is not a thermocline-cycle validation.
G0024_T1_homogeneous_none__SOLAR_SALT_60_40_V10,SOLAR_SALT_60_40_V10,Solar Salt (NaNO3-KNO3 60:40 wt%),T1_homogeneous_none,24.0,0.5,4.536043793329511,2.2680218966647554,25.0,3182505.946607374,518.6491574785806,0.3729831495716121,62.7016850428388,Uniform-hot inventory screen with registered effective surface coefficients converted by each unit's external area-to-packed-volume ratio. It bounds standby sensitivity and is not a thermocline-cycle validation.
G0024_T1_homogeneous_none__AIP_FLINAK_2017_V10,AIP_FLINAK_2017_V10,FLiNaK (LiF-NaF-KF),T1_homogeneous_none,2.0,0.0,4.536043793329511,0.0,25.0,3716027.738446288,550.0,1.0,0.0,Uniform-hot inventory screen with registered effective surface coefficients converted by each unit's external area-to-packed-volume ratio. It bounds standby sensitivity and is not a thermocline-cycle validation.
G0024_T1_homogeneous_none__AIP_FLINAK_2017_V10,AIP_FLINAK_2017_V10,FLiNaK (LiF-NaF-KF),T1_homogeneous_none,6.0,0.0,4.536043793329511,0.0,25.0,3716027.738446288,550.0,1.0,0.0,Uniform-hot inventory screen with registered effective surface coefficients converted by each unit's external area-to-packed-volume ratio. It bounds standby sensitivity and is not a thermocline-cycle validation.
G0024_T1_homogeneous_none__AIP_FLINAK_2017_V10,AIP_FLINAK_2017_V10,FLiNaK (LiF-NaF-KF),T1_homogeneous_none,12.0,0.0,4.536043793329511,0.0,25.0,3716027.738446288,550.0,1.0,0.0,Uniform-hot inventory screen with registered effective surface coefficients converted by each unit's external area-to-packed-volume ratio. It bounds standby sensitivity and is not a thermocline-cycle validation.
G0024_T1_homogeneous_none__AIP_FLINAK_2017_V10,AIP_FLINAK_2017_V10,FLiNaK (LiF-NaF-KF),T1_homogeneous_none,24.0,0.0,4.536043793329511,0.0,25.0,3716027.738446288,550.0,1.0,0.0,Uniform-hot inventory screen with registered effective surface coefficients converted by each unit's external area-to-packed-volume ratio. It bounds standby sensitivity and is not a thermocline-cycle validation.
G0024_T1_homogeneous_none__AIP_FLINAK_2017_V10,AIP_FLINAK_2017_V10,FLiNaK (LiF-NaF-KF),T1_homogeneous_none,2.0,0.1,4.536043793329511,0.4536043793329511,25.0,3716027.738446288,549.5387894228747,0.9907757884574948,0.922421154250519,Uniform-hot inventory screen with registered effective surface coefficients converted by each unit's external area-to-packed-volume ratio. It bounds standby sensitivity and is not a thermocline-cycle validation.
G0024_T1_homogeneous_none__AIP_FLINAK_2017_V10,AIP_FLINAK_2017_V10,FLiNaK (LiF-NaF-KF),T1_homogeneous_none,6.0,0.1,4.536043793329511,0.4536043793329511,25.0,3716027.738446288,548.6175834280906,0.972351668561812,2.764833143818801,Uniform-hot inventory screen with registered effective surface coefficients converted by each unit's external area-to-packed-volume ratio. It bounds standby sensitivity and is not a thermocline-cycle validation.
G0024_T1_homogeneous_none__AIP_FLINAK_2017_V10,AIP_FLINAK_2017_V10,FLiNaK (LiF-NaF-KF),T1_homogeneous_none,12.0,0.1,4.536043793329511,0.4536043793329511,25.0,3716027.738446288,547.2388070001399,0.944776140002798,5.522385999720203,Uniform-hot inventory screen with registered effective surface coefficients converted by each unit's external area-to-packed-volume ratio. It bounds standby sensitivity and is not a thermocline-cycle validation.
G0024_T1_homogeneous_none__AIP_FLINAK_2017_V10,AIP_FLINAK_2017_V10,FLiNaK (LiF-NaF-KF),T1_homogeneous_none,24.0,0.1,4.536043793329511,0.4536043793329511,25.0,3716027.738446288,544.4921362608179,0.8898427252163583,11.015727478364168,Uniform-hot inventory screen with registered effective surface coefficients converted by each unit's external area-to-packed-volume ratio. It bounds standby sensitivity and is not a thermocline-cycle validation.
G0024_T1_homogeneous_none__AIP_FLINAK_2017_V10,AIP_FLINAK_2017_V10,FLiNaK (LiF-NaF-KF),T1_homogeneous_none,2.0,0.5,4.536043793329511,2.2680218966647554,25.0,3716027.738446288,547.6979952745453,0.9539599054909058,4.604009450909419,Uniform-hot inventory screen with registered effective surface coefficients converted by each unit's external area-to-packed-volume ratio. It bounds standby sensitivity and is not a thermocline-cycle validation.
G0024_T1_homogeneous_none__AIP_FLINAK_2017_V10,AIP_FLINAK_2017_V10,FLiNaK (LiF-NaF-KF),T1_homogeneous_none,6.0,0.5,4.536043793329511,2.2680218966647554,25.0,3716027.738446288,543.1242228548302,0.8624844570966047,13.751554290339529,Uniform-hot inventory screen with registered effective surface coefficients converted by each unit's external area-to-packed-volume ratio. It bounds standby sensitivity and is not a thermocline-cycle validation.
G0024_T1_homogeneous_none__AIP_FLINAK_2017_V10,AIP_FLINAK_2017_V10,FLiNaK (LiF-NaF-KF),T1_homogeneous_none,12.0,0.5,4.536043793329511,2.2680218966647554,25.0,3716027.738446288,536.3384958265177,0.7267699165303543,27.32300834696457,Uniform-hot inventory screen with registered effective surface coefficients converted by each unit's external area-to-packed-volume ratio. It bounds standby sensitivity and is not a thermocline-cycle validation.
G0024_T1_homogeneous_none__AIP_FLINAK_2017_V10,AIP_FLINAK_2017_V10,FLiNaK (LiF-NaF-KF),T1_homogeneous_none,24.0,0.5,4.536043793329511,2.2680218966647554,25.0,3716027.738446288,523.0324901221442,0.46064980244288334,53.935019755711664,Uniform-hot inventory screen with registered effective surface coefficients converted by each unit's external area-to-packed-volume ratio. It bounds standby sensitivity and is not a thermocline-cycle validation.
G0029_T1_homogeneous_none__AIP_FLINAK_2017_V10,AIP_FLINAK_2017_V10,FLiNaK (LiF-NaF-KF),T1_homogeneous_none,2.0,0.0,4.839838432496768,0.0,25.0,3775743.0783125698,550.0,1.0,0.0,Uniform-hot inventory screen with registered effective surface coefficients converted by each unit's external area-to-packed-volume ratio. It bounds standby sensitivity and is not a thermocline-cycle validation.
G0029_T1_homogeneous_none__AIP_FLINAK_2017_V10,AIP_FLINAK_2017_V10,FLiNaK (LiF-NaF-KF),T1_homogeneous_none,6.0,0.0,4.839838432496768,0.0,25.0,3775743.0783125698,550.0,1.0,0.0,Uniform-hot inventory screen with registered effective surface coefficients converted by each unit's external area-to-packed-volume ratio. It bounds standby sensitivity and is not a thermocline-cycle validation.
G0029_T1_homogeneous_none__AIP_FLINAK_2017_V10,AIP_FLINAK_2017_V10,FLiNaK (LiF-NaF-KF),T1_homogeneous_none,12.0,0.0,4.839838432496768,0.0,25.0,3775743.0783125698,550.0,1.0,0.0,Uniform-hot inventory screen with registered effective surface coefficients converted by each unit's external area-to-packed-volume ratio. It bounds standby sensitivity and is not a thermocline-cycle validation.
G0029_T1_homogeneous_none__AIP_FLINAK_2017_V10,AIP_FLINAK_2017_V10,FLiNaK (LiF-NaF-KF),T1_homogeneous_none,24.0,0.0,4.839838432496768,0.0,25.0,3775743.0783125698,550.0,1.0,0.0,Uniform-hot inventory screen with registered effective surface coefficients converted by each unit's external area-to-packed-volume ratio. It bounds standby sensitivity and is not a thermocline-cycle validation.
G0029_T1_homogeneous_none__AIP_FLINAK_2017_V10,AIP_FLINAK_2017_V10,FLiNaK (LiF-NaF-KF),T1_homogeneous_none,2.0,0.1,4.839838432496768,0.4839838432496768,25.0,3775743.0783125698,549.5156940148784,0.9903138802975673,0.9686119702432716,Uniform-hot inventory screen with registered effective surface coefficients converted by each unit's external area-to-packed-volume ratio. It bounds standby sensitivity and is not a thermocline-cycle validation.
G0029_T1_homogeneous_none__AIP_FLINAK_2017_V10,AIP_FLINAK_2017_V10,FLiNaK (LiF-NaF-KF),T1_homogeneous_none,6.0,0.1,4.839838432496768,0.4839838432496768,25.0,3775743.0783125698,548.5484219312831,0.9709684386256617,2.9031561374338266,Uniform-hot inventory screen with registered effective surface coefficients converted by each unit's external area-to-packed-volume ratio. It bounds standby sensitivity and is not a thermocline-cycle validation.
G0029_T1_homogeneous_none__AIP_FLINAK_2017_V10,AIP_FLINAK_2017_V10,FLiNaK (LiF-NaF-KF),T1_homogeneous_none,12.0,0.1,4.839838432496768,0.4839838432496768,25.0,3775743.0783125698,547.1008573461653,0.942017146923306,5.7982853076694045,Uniform-hot inventory screen with registered effective surface coefficients converted by each unit's external area-to-packed-volume ratio. It bounds standby sensitivity and is not a thermocline-cycle validation.
G0029_T1_homogeneous_none__AIP_FLINAK_2017_V10,AIP_FLINAK_2017_V10,FLiNaK (LiF-NaF-KF),T1_homogeneous_none,24.0,0.1,4.839838432496768,0.4839838432496768,25.0,3775743.0783125698,544.217724269716,0.8843544853943195,11.564551460568051,Uniform-hot inventory screen with registered effective surface coefficients converted by each unit's external area-to-packed-volume ratio. It bounds standby sensitivity and is not a thermocline-cycle validation.
G0029_T1_homogeneous_none__AIP_FLINAK_2017_V10,AIP_FLINAK_2017_V10,FLiNaK (LiF-NaF-KF),T1_homogeneous_none,2.0,0.5,4.839838432496768,2.419919216248384,25.0,3775743.0783125698,547.5829336175432,0.9516586723508635,4.834132764913646,Uniform-hot inventory screen with registered effective surface coefficients converted by each unit's external area-to-packed-volume ratio. It bounds standby sensitivity and is not a thermocline-cycle validation.
G0029_T1_homogeneous_none__AIP_FLINAK_2017_V10,AIP_FLINAK_2017_V10,FLiNaK (LiF-NaF-KF),T1_homogeneous_none,6.0,0.5,4.839838432496768,2.419919216248384,25.0,3775743.0783125698,542.7821336764988,0.855642673529976,14.435732647002396,Uniform-hot inventory screen with registered effective surface coefficients converted by each unit's external area-to-packed-volume ratio. It bounds standby sensitivity and is not a thermocline-cycle validation.
G0029_T1_homogeneous_none__AIP_FLINAK_2017_V10,AIP_FLINAK_2017_V10,FLiNaK (LiF-NaF-KF),T1_homogeneous_none,12.0,0.5,4.839838432496768,2.419919216248384,25.0,3775743.0783125698,535.6635008658812,0.713270017317625,28.672998268237503,Uniform-hot inventory screen with registered effective surface coefficients converted by each unit's external area-to-packed-volume ratio. It bounds standby sensitivity and is not a thermocline-cycle validation.
G0029_T1_homogeneous_none__AIP_FLINAK_2017_V10,AIP_FLINAK_2017_V10,FLiNaK (LiF-NaF-KF),T1_homogeneous_none,24.0,0.5,4.839838432496768,2.419919216248384,25.0,3775743.0783125698,521.7184973649483,0.43436994729896694,56.563005270103304,Uniform-hot inventory screen with registered effective surface coefficients converted by each unit's external area-to-packed-volume ratio. It bounds standby sensitivity and is not a thermocline-cycle validation.
G0029_T2_graded_two_layer_fine_hot__AIP_FLINAK_2017_V10,AIP_FLINAK_2017_V10,FLiNaK (LiF-NaF-KF),T2_graded_two_layer_fine_hot,2.0,0.0,4.839838432496768,0.0,25.0,3775743.0783125698,550.0,1.0,0.0,Uniform-hot inventory screen with registered effective surface coefficients converted by each unit's external area-to-packed-volume ratio. It bounds standby sensitivity and is not a thermocline-cycle validation.
G0029_T2_graded_two_layer_fine_hot__AIP_FLINAK_2017_V10,AIP_FLINAK_2017_V10,FLiNaK (LiF-NaF-KF),T2_graded_two_layer_fine_hot,6.0,0.0,4.839838432496768,0.0,25.0,3775743.0783125698,550.0,1.0,0.0,Uniform-hot inventory screen with registered effective surface coefficients converted by each unit's external area-to-packed-volume ratio. It bounds standby sensitivity and is not a thermocline-cycle validation.
G0029_T2_graded_two_layer_fine_hot__AIP_FLINAK_2017_V10,AIP_FLINAK_2017_V10,FLiNaK (LiF-NaF-KF),T2_graded_two_layer_fine_hot,12.0,0.0,4.839838432496768,0.0,25.0,3775743.0783125698,550.0,1.0,0.0,Uniform-hot inventory screen with registered effective surface coefficients converted by each unit's external area-to-packed-volume ratio. It bounds standby sensitivity and is not a thermocline-cycle validation.
G0029_T2_graded_two_layer_fine_hot__AIP_FLINAK_2017_V10,AIP_FLINAK_2017_V10,FLiNaK (LiF-NaF-KF),T2_graded_two_layer_fine_hot,24.0,0.0,4.839838432496768,0.0,25.0,3775743.0783125698,550.0,1.0,0.0,Uniform-hot inventory screen with registered effective surface coefficients converted by each unit's external area-to-packed-volume ratio. It bounds standby sensitivity and is not a thermocline-cycle validation.
G0029_T2_graded_two_layer_fine_hot__AIP_FLINAK_2017_V10,AIP_FLINAK_2017_V10,FLiNaK (LiF-NaF-KF),T2_graded_two_layer_fine_hot,2.0,0.1,4.839838432496768,0.4839838432496768,25.0,3775743.0783125698,549.5156940148784,0.9903138802975673,0.9686119702432716,Uniform-hot inventory screen with registered effective surface coefficients converted by each unit's external area-to-packed-volume ratio. It bounds standby sensitivity and is not a thermocline-cycle validation.
G0029_T2_graded_two_layer_fine_hot__AIP_FLINAK_2017_V10,AIP_FLINAK_2017_V10,FLiNaK (LiF-NaF-KF),T2_graded_two_layer_fine_hot,6.0,0.1,4.839838432496768,0.4839838432496768,25.0,3775743.0783125698,548.5484219312831,0.9709684386256617,2.9031561374338266,Uniform-hot inventory screen with registered effective surface coefficients converted by each unit's external area-to-packed-volume ratio. It bounds standby sensitivity and is not a thermocline-cycle validation.
G0029_T2_graded_two_layer_fine_hot__AIP_FLINAK_2017_V10,AIP_FLINAK_2017_V10,FLiNaK (LiF-NaF-KF),T2_graded_two_layer_fine_hot,12.0,0.1,4.839838432496768,0.4839838432496768,25.0,3775743.0783125698,547.1008573461653,0.942017146923306,5.7982853076694045,Uniform-hot inventory screen with registered effective surface coefficients converted by each unit's external area-to-packed-volume ratio. It bounds standby sensitivity and is not a thermocline-cycle validation.
G0029_T2_graded_two_layer_fine_hot__AIP_FLINAK_2017_V10,AIP_FLINAK_2017_V10,FLiNaK (LiF-NaF-KF),T2_graded_two_layer_fine_hot,24.0,0.1,4.839838432496768,0.4839838432496768,25.0,3775743.0783125698,544.217724269716,0.8843544853943195,11.564551460568051,Uniform-hot inventory screen with registered effective surface coefficients converted by each unit's external area-to-packed-volume ratio. It bounds standby sensitivity and is not a thermocline-cycle validation.
G0029_T2_graded_two_layer_fine_hot__AIP_FLINAK_2017_V10,AIP_FLINAK_2017_V10,FLiNaK (LiF-NaF-KF),T2_graded_two_layer_fine_hot,2.0,0.5,4.839838432496768,2.419919216248384,25.0,3775743.0783125698,547.5829336175432,0.9516586723508635,4.834132764913646,Uniform-hot inventory screen with registered effective surface coefficients converted by each unit's external area-to-packed-volume ratio. It bounds standby sensitivity and is not a thermocline-cycle validation.
G0029_T2_graded_two_layer_fine_hot__AIP_FLINAK_2017_V10,AIP_FLINAK_2017_V10,FLiNaK (LiF-NaF-KF),T2_graded_two_layer_fine_hot,6.0,0.5,4.839838432496768,2.419919216248384,25.0,3775743.0783125698,542.7821336764988,0.855642673529976,14.435732647002396,Uniform-hot inventory screen with registered effective surface coefficients converted by each unit's external area-to-packed-volume ratio. It bounds standby sensitivity and is not a thermocline-cycle validation.
G0029_T2_graded_two_layer_fine_hot__AIP_FLINAK_2017_V10,AIP_FLINAK_2017_V10,FLiNaK (LiF-NaF-KF),T2_graded_two_layer_fine_hot,12.0,0.5,4.839838432496768,2.419919216248384,25.0,3775743.0783125698,535.6635008658812,0.713270017317625,28.672998268237503,Uniform-hot inventory screen with registered effective surface coefficients converted by each unit's external area-to-packed-volume ratio. It bounds standby sensitivity and is not a thermocline-cycle validation.
G0029_T2_graded_two_layer_fine_hot__AIP_FLINAK_2017_V10,AIP_FLINAK_2017_V10,FLiNaK (LiF-NaF-KF),T2_graded_two_layer_fine_hot,24.0,0.5,4.839838432496768,2.419919216248384,25.0,3775743.0783125698,521.7184973649483,0.43436994729896694,56.563005270103304,Uniform-hot inventory screen with registered effective surface coefficients converted by each unit's external area-to-packed-volume ratio. It bounds standby sensitivity and is not a thermocline-cycle validation.
G0045_T1_homogeneous_none__SOLAR_SALT_60_40_V10,SOLAR_SALT_60_40_V10,Solar Salt (NaNO3-KNO3 60:40 wt%),T1_homogeneous_none,2.0,0.0,5.592599324722605,0.0,25.0,3173282.8077873634,550.0,1.0,0.0,Uniform-hot inventory screen with registered effective surface coefficients converted by each unit's external area-to-packed-volume ratio. It bounds standby sensitivity and is not a thermocline-cycle validation.
G0045_T1_homogeneous_none__SOLAR_SALT_60_40_V10,SOLAR_SALT_60_40_V10,Solar Salt (NaNO3-KNO3 60:40 wt%),T1_homogeneous_none,6.0,0.0,5.592599324722605,0.0,25.0,3173282.8077873634,550.0,1.0,0.0,Uniform-hot inventory screen with registered effective surface coefficients converted by each unit's external area-to-packed-volume ratio. It bounds standby sensitivity and is not a thermocline-cycle validation.
G0045_T1_homogeneous_none__SOLAR_SALT_60_40_V10,SOLAR_SALT_60_40_V10,Solar Salt (NaNO3-KNO3 60:40 wt%),T1_homogeneous_none,12.0,0.0,5.592599324722605,0.0,25.0,3173282.8077873634,550.0,1.0,0.0,Uniform-hot inventory screen with registered effective surface coefficients converted by each unit's external area-to-packed-volume ratio. It bounds standby sensitivity and is not a thermocline-cycle validation.
G0045_T1_homogeneous_none__SOLAR_SALT_60_40_V10,SOLAR_SALT_60_40_V10,Solar Salt (NaNO3-KNO3 60:40 wt%),T1_homogeneous_none,24.0,0.0,5.592599324722605,0.0,25.0,3173282.8077873634,550.0,1.0,0.0,Uniform-hot inventory screen with registered effective surface coefficients converted by each unit's external area-to-packed-volume ratio. It bounds standby sensitivity and is not a thermocline-cycle validation.
G0045_T1_homogeneous_none__SOLAR_SALT_60_40_V10,SOLAR_SALT_60_40_V10,Solar Salt (NaNO3-KNO3 60:40 wt%),T1_homogeneous_none,2.0,0.1,5.592599324722605,0.5592599324722606,25.0,3173282.8077873634,549.334234614443,0.986684692288859,1.3315307711140978,Uniform-hot inventory screen with registered effective surface coefficients converted by each unit's external area-to-packed-volume ratio. It bounds standby sensitivity and is not a thermocline-cycle validation.
G0045_T1_homogeneous_none__SOLAR_SALT_60_40_V10,SOLAR_SALT_60_40_V10,Solar Salt (NaNO3-KNO3 60:40 wt%),T1_homogeneous_none,6.0,0.1,5.592599324722605,0.5592599324722606,25.0,3173282.8077873634,548.0052355929629,0.9601047118592578,3.989528814074217,Uniform-hot inventory screen with registered effective surface coefficients converted by each unit's external area-to-packed-volume ratio. It bounds standby sensitivity and is not a thermocline-cycle validation.
G0045_T1_homogeneous_none__SOLAR_SALT_60_40_V10,SOLAR_SALT_60_40_V10,Solar Salt (NaNO3-KNO3 60:40 wt%),T1_homogeneous_none,12.0,0.1,5.592599324722605,0.5592599324722606,25.0,3173282.8077873634,546.018050395525,0.920361007910501,7.963899208949899,Uniform-hot inventory screen with registered effective surface coefficients converted by each unit's external area-to-packed-volume ratio. It bounds standby sensitivity and is not a thermocline-cycle validation.
G0045_T1_homogeneous_none__SOLAR_SALT_60_40_V10,SOLAR_SALT_60_40_V10,Solar Salt (NaNO3-KNO3 60:40 wt%),T1_homogeneous_none,24.0,0.1,5.592599324722605,0.5592599324722606,25.0,3173282.8077873634,542.0663025484836,0.8413260509696715,15.86739490303285,Uniform-hot inventory screen with registered effective surface coefficients converted by each unit's external area-to-packed-volume ratio. It bounds standby sensitivity and is not a thermocline-cycle validation.
G0045_T1_homogeneous_none__SOLAR_SALT_60_40_V10,SOLAR_SALT_60_40_V10,Solar Salt (NaNO3-KNO3 60:40 wt%),T1_homogeneous_none,2.0,0.5,5.592599324722605,2.7962996623613026,25.0,3173282.8077873634,546.6796051068225,0.9335921021364493,6.640789786355072,Uniform-hot inventory screen with registered effective surface coefficients converted by each unit's external area-to-packed-volume ratio. It bounds standby sensitivity and is not a thermocline-cycle validation.
G0045_T1_homogeneous_none__SOLAR_SALT_60_40_V10,SOLAR_SALT_60_40_V10,Solar Salt (NaNO3-KNO3 60:40 wt%),T1_homogeneous_none,6.0,0.5,5.592599324722605,2.7962996623613026,25.0,3173282.8077873634,540.1016826315274,0.8020336526305482,19.796634736945183,Uniform-hot inventory screen with registered effective surface coefficients converted by each unit's external area-to-packed-volume ratio. It bounds standby sensitivity and is not a thermocline-cycle validation.
G0045_T1_homogeneous_none__SOLAR_SALT_60_40_V10,SOLAR_SALT_60_40_V10,Solar Salt (NaNO3-KNO3 60:40 wt%),T1_homogeneous_none,12.0,0.5,5.592599324722605,2.7962996623613026,25.0,3173282.8077873634,530.3899875234871,0.6077997504697419,39.22002495302581,Uniform-hot inventory screen with registered effective surface coefficients converted by each unit's external area-to-packed-volume ratio. It bounds standby sensitivity and is not a thermocline-cycle validation.
G0045_T1_homogeneous_none__SOLAR_SALT_60_40_V10,SOLAR_SALT_60_40_V10,Solar Salt (NaNO3-KNO3 60:40 wt%),T1_homogeneous_none,24.0,0.5,5.592599324722605,2.7962996623613026,25.0,3173282.8077873634,511.5124561695055,0.23024912339011053,76.97508766098895,Uniform-hot inventory screen with registered effective surface coefficients converted by each unit's external area-to-packed-volume ratio. It bounds standby sensitivity and is not a thermocline-cycle validation.
G0045_T1_homogeneous_none__AIP_FLINAK_2017_V10,AIP_FLINAK_2017_V10,FLiNaK (LiF-NaF-KF),T1_homogeneous_none,2.0,0.0,5.592599324722605,0.0,25.0,3720648.9274352267,550.0,1.0,0.0,Uniform-hot inventory screen with registered effective surface coefficients converted by each unit's external area-to-packed-volume ratio. It bounds standby sensitivity and is not a thermocline-cycle validation.
G0045_T1_homogeneous_none__AIP_FLINAK_2017_V10,AIP_FLINAK_2017_V10,FLiNaK (LiF-NaF-KF),T1_homogeneous_none,6.0,0.0,5.592599324722605,0.0,25.0,3720648.9274352267,550.0,1.0,0.0,Uniform-hot inventory screen with registered effective surface coefficients converted by each unit's external area-to-packed-volume ratio. It bounds standby sensitivity and is not a thermocline-cycle validation.
G0045_T1_homogeneous_none__AIP_FLINAK_2017_V10,AIP_FLINAK_2017_V10,FLiNaK (LiF-NaF-KF),T1_homogeneous_none,12.0,0.0,5.592599324722605,0.0,25.0,3720648.9274352267,550.0,1.0,0.0,Uniform-hot inventory screen with registered effective surface coefficients converted by each unit's external area-to-packed-volume ratio. It bounds standby sensitivity and is not a thermocline-cycle validation.
G0045_T1_homogeneous_none__AIP_FLINAK_2017_V10,AIP_FLINAK_2017_V10,FLiNaK (LiF-NaF-KF),T1_homogeneous_none,24.0,0.0,5.592599324722605,0.0,25.0,3720648.9274352267,550.0,1.0,0.0,Uniform-hot inventory screen with registered effective surface coefficients converted by each unit's external area-to-packed-volume ratio. It bounds standby sensitivity and is not a thermocline-cycle validation.
G0045_T1_homogeneous_none__AIP_FLINAK_2017_V10,AIP_FLINAK_2017_V10,FLiNaK (LiF-NaF-KF),T1_homogeneous_none,2.0,0.1,5.592599324722605,0.5592599324722606,25.0,3720648.9274352267,549.4321262072519,0.9886425241450388,1.1357475854961163,Uniform-hot inventory screen with registered effective surface coefficients converted by each unit's external area-to-packed-volume ratio. It bounds standby sensitivity and is not a thermocline-cycle validation.
G0045_T1_homogeneous_none__AIP_FLINAK_2017_V10,AIP_FLINAK_2017_V10,FLiNaK (LiF-NaF-KF),T1_homogeneous_none,6.0,0.1,5.592599324722605,0.5592599324722606,25.0,3720648.9274352267,548.2982207038849,0.9659644140776982,3.4035585922301825,Uniform-hot inventory screen with registered effective surface coefficients converted by each unit's external area-to-packed-volume ratio. It bounds standby sensitivity and is not a thermocline-cycle validation.
G0045_T1_homogeneous_none__AIP_FLINAK_2017_V10,AIP_FLINAK_2017_V10,FLiNaK (LiF-NaF-KF),T1_homogeneous_none,12.0,0.1,5.592599324722605,0.5592599324722606,25.0,3720648.9274352267,546.6019576987653,0.9320391539753063,6.7960846024693655,Uniform-hot inventory screen with registered effective surface coefficients converted by each unit's external area-to-packed-volume ratio. It bounds standby sensitivity and is not a thermocline-cycle validation.
G0045_T1_homogeneous_none__AIP_FLINAK_2017_V10,AIP_FLINAK_2017_V10,FLiNaK (LiF-NaF-KF),T1_homogeneous_none,24.0,0.1,5.592599324722605,0.5592599324722606,25.0,3720648.9274352267,543.2259090955897,0.8645181819117943,13.54818180882057,Uniform-hot inventory screen with registered effective surface coefficients converted by each unit's external area-to-packed-volume ratio. It bounds standby sensitivity and is not a thermocline-cycle validation.
G0045_T1_homogeneous_none__AIP_FLINAK_2017_V10,AIP_FLINAK_2017_V10,FLiNaK (LiF-NaF-KF),T1_homogeneous_none,2.0,0.5,5.592599324722605,2.7962996623613026,25.0,3720648.9274352267,547.1667668842082,0.9433353376841638,5.666466231583622,Uniform-hot inventory screen with registered effective surface coefficients converted by each unit's external area-to-packed-volume ratio. It bounds standby sensitivity and is not a thermocline-cycle validation.
G0045_T1_homogeneous_none__AIP_FLINAK_2017_V10,AIP_FLINAK_2017_V10,FLiNaK (LiF-NaF-KF),T1_homogeneous_none,6.0,0.5,5.592599324722605,2.7962996623613026,25.0,3720648.9274352267,541.5460879092863,0.8309217581857251,16.90782418142749,Uniform-hot inventory screen with registered effective surface coefficients converted by each unit's external area-to-packed-volume ratio. It bounds standby sensitivity and is not a thermocline-cycle validation.
G0045_T1_homogeneous_none__AIP_FLINAK_2017_V10,AIP_FLINAK_2017_V10,FLiNaK (LiF-NaF-KF),T1_homogeneous_none,12.0,0.5,5.592599324722605,2.7962996623613026,25.0,3720648.9274352267,533.2283065416916,0.6645661308338322,33.54338691661678,Uniform-hot inventory screen with registered effective surface coefficients converted by each unit's external area-to-packed-volume ratio. It bounds standby sensitivity and is not a thermocline-cycle validation.
G0045_T1_homogeneous_none__AIP_FLINAK_2017_V10,AIP_FLINAK_2017_V10,FLiNaK (LiF-NaF-KF),T1_homogeneous_none,24.0,0.5,5.592599324722605,2.7962996623613026,25.0,3720648.9274352267,516.992402990925,0.3398480598185006,66.01519401814994,Uniform-hot inventory screen with registered effective surface coefficients converted by each unit's external area-to-packed-volume ratio. It bounds standby sensitivity and is not a thermocline-cycle validation.
G0106_T1_homogeneous_none__AIP_FLINAK_2017_V10,AIP_FLINAK_2017_V10,FLiNaK (LiF-NaF-KF),T1_homogeneous_none,2.0,0.0,5.395992319558096,0.0,25.0,3742336.5918347463,550.0,1.0,0.0,Uniform-hot inventory screen with registered effective surface coefficients converted by each unit's external area-to-packed-volume ratio. It bounds standby sensitivity and is not a thermocline-cycle validation.
G0106_T1_homogeneous_none__AIP_FLINAK_2017_V10,AIP_FLINAK_2017_V10,FLiNaK (LiF-NaF-KF),T1_homogeneous_none,6.0,0.0,5.395992319558096,0.0,25.0,3742336.5918347463,550.0,1.0,0.0,Uniform-hot inventory screen with registered effective surface coefficients converted by each unit's external area-to-packed-volume ratio. It bounds standby sensitivity and is not a thermocline-cycle validation.
G0106_T1_homogeneous_none__AIP_FLINAK_2017_V10,AIP_FLINAK_2017_V10,FLiNaK (LiF-NaF-KF),T1_homogeneous_none,12.0,0.0,5.395992319558096,0.0,25.0,3742336.5918347463,550.0,1.0,0.0,Uniform-hot inventory screen with registered effective surface coefficients converted by each unit's external area-to-packed-volume ratio. It bounds standby sensitivity and is not a thermocline-cycle validation.
G0106_T1_homogeneous_none__AIP_FLINAK_2017_V10,AIP_FLINAK_2017_V10,FLiNaK (LiF-NaF-KF),T1_homogeneous_none,24.0,0.0,5.395992319558096,0.0,25.0,3742336.5918347463,550.0,1.0,0.0,Uniform-hot inventory screen with registered effective surface coefficients converted by each unit's external area-to-packed-volume ratio. It bounds standby sensitivity and is not a thermocline-cycle validation.
G0106_T1_homogeneous_none__AIP_FLINAK_2017_V10,AIP_FLINAK_2017_V10,FLiNaK (LiF-NaF-KF),T1_homogeneous_none,2.0,0.1,5.395992319558096,0.5395992319558096,25.0,3742336.5918347463,549.455252978613,0.9891050595722595,1.089494042774053,Uniform-hot inventory screen with registered effective surface coefficients converted by each unit's external area-to-packed-volume ratio. It bounds standby sensitivity and is not a thermocline-cycle validation.
G0106_T1_homogeneous_none__AIP_FLINAK_2017_V10,AIP_FLINAK_2017_V10,FLiNaK (LiF-NaF-KF),T1_homogeneous_none,6.0,0.1,5.395992319558096,0.5395992319558096,25.0,3742336.5918347463,548.3674540597265,0.9673490811945293,3.2650918805470663,Uniform-hot inventory screen with registered effective surface coefficients converted by each unit's external area-to-packed-volume ratio. It bounds standby sensitivity and is not a thermocline-cycle validation.
G0106_T1_homogeneous_none__AIP_FLINAK_2017_V10,AIP_FLINAK_2017_V10,FLiNaK (LiF-NaF-KF),T1_homogeneous_none,12.0,0.1,5.395992319558096,0.5395992319558096,25.0,3742336.5918347463,546.7399847027807,0.934799694055614,6.520030594438597,Uniform-hot inventory screen with registered effective surface coefficients converted by each unit's external area-to-packed-volume ratio. It bounds standby sensitivity and is not a thermocline-cycle validation.
G0106_T1_homogeneous_none__AIP_FLINAK_2017_V10,AIP_FLINAK_2017_V10,FLiNaK (LiF-NaF-KF),T1_homogeneous_none,24.0,0.1,5.395992319558096,0.5395992319558096,25.0,3742336.5918347463,543.5002126431577,0.8700042528631547,12.999574713684526,Uniform-hot inventory screen with registered effective surface coefficients converted by each unit's external area-to-packed-volume ratio. It bounds standby sensitivity and is not a thermocline-cycle validation.
G0106_T1_homogeneous_none__AIP_FLINAK_2017_V10,AIP_FLINAK_2017_V10,FLiNaK (LiF-NaF-KF),T1_homogeneous_none,2.0,0.5,5.395992319558096,2.697996159779048,25.0,3742336.5918347463,547.2819113990835,0.9456382279816694,5.436177201833059,Uniform-hot inventory screen with registered effective surface coefficients converted by each unit's external area-to-packed-volume ratio. It bounds standby sensitivity and is not a thermocline-cycle validation.
G0106_T1_homogeneous_none__AIP_FLINAK_2017_V10,AIP_FLINAK_2017_V10,FLiNaK (LiF-NaF-KF),T1_homogeneous_none,6.0,0.5,5.395992319558096,2.697996159779048,25.0,3742336.5918347463,541.8878785151928,0.8377575703038564,16.224242969614355,Uniform-hot inventory screen with registered effective surface coefficients converted by each unit's external area-to-packed-volume ratio. It bounds standby sensitivity and is not a thermocline-cycle validation.
G0106_T1_homogeneous_none__AIP_FLINAK_2017_V10,AIP_FLINAK_2017_V10,FLiNaK (LiF-NaF-KF),T1_homogeneous_none,12.0,0.5,5.395992319558096,2.697996159779048,25.0,3742336.5918347463,533.9011027732128,0.6780220554642551,32.19779445357449,Uniform-hot inventory screen with registered effective surface coefficients converted by each unit's external area-to-packed-volume ratio. It bounds standby sensitivity and is not a thermocline-cycle validation.
G0106_T1_homogeneous_none__AIP_FLINAK_2017_V10,AIP_FLINAK_2017_V10,FLiNaK (LiF-NaF-KF),T1_homogeneous_none,24.0,0.5,5.395992319558096,2.697996159779048,25.0,3742336.5918347463,518.2958712453184,0.36591742490636764,63.40825750936323,Uniform-hot inventory screen with registered effective surface coefficients converted by each unit's external area-to-packed-volume ratio. It bounds standby sensitivity and is not a thermocline-cycle validation.
G0110_T1_homogeneous_none__AIP_FLINAK_2017_V10,AIP_FLINAK_2017_V10,FLiNaK (LiF-NaF-KF),T1_homogeneous_none,2.0,0.0,5.505650724050867,0.0,25.0,3739336.581673296,550.0,1.0,0.0,Uniform-hot inventory screen with registered effective surface coefficients converted by each unit's external area-to-packed-volume ratio. It bounds standby sensitivity and is not a thermocline-cycle validation.
G0110_T1_homogeneous_none__AIP_FLINAK_2017_V10,AIP_FLINAK_2017_V10,FLiNaK (LiF-NaF-KF),T1_homogeneous_none,6.0,0.0,5.505650724050867,0.0,25.0,3739336.581673296,550.0,1.0,0.0,Uniform-hot inventory screen with registered effective surface coefficients converted by each unit's external area-to-packed-volume ratio. It bounds standby sensitivity and is not a thermocline-cycle validation.
G0110_T1_homogeneous_none__AIP_FLINAK_2017_V10,AIP_FLINAK_2017_V10,FLiNaK (LiF-NaF-KF),T1_homogeneous_none,12.0,0.0,5.505650724050867,0.0,25.0,3739336.581673296,550.0,1.0,0.0,Uniform-hot inventory screen with registered effective surface coefficients converted by each unit's external area-to-packed-volume ratio. It bounds standby sensitivity and is not a thermocline-cycle validation.
G0110_T1_homogeneous_none__AIP_FLINAK_2017_V10,AIP_FLINAK_2017_V10,FLiNaK (LiF-NaF-KF),T1_homogeneous_none,24.0,0.0,5.505650724050867,0.0,25.0,3739336.581673296,550.0,1.0,0.0,Uniform-hot inventory screen with registered effective surface coefficients converted by each unit's external area-to-packed-volume ratio. It bounds standby sensitivity and is not a thermocline-cycle validation.
G0110_T1_homogeneous_none__AIP_FLINAK_2017_V10,AIP_FLINAK_2017_V10,FLiNaK (LiF-NaF-KF),T1_homogeneous_none,2.0,0.1,5.505650724050867,0.5505650724050868,25.0,3739336.581673296,549.4437427034333,0.9888748540686652,1.1125145931334846,Uniform-hot inventory screen with registered effective surface coefficients converted by each unit's external area-to-packed-volume ratio. It bounds standby sensitivity and is not a thermocline-cycle validation.
G0110_T1_homogeneous_none__AIP_FLINAK_2017_V10,AIP_FLINAK_2017_V10,FLiNaK (LiF-NaF-KF),T1_homogeneous_none,6.0,0.1,5.505650724050867,0.5505650724050868,25.0,3739336.581673296,548.3329956125768,0.9666599122515368,3.33400877484632,Uniform-hot inventory screen with registered effective surface coefficients converted by each unit's external area-to-packed-volume ratio. It bounds standby sensitivity and is not a thermocline-cycle validation.
G0110_T1_homogeneous_none__AIP_FLINAK_2017_V10,AIP_FLINAK_2017_V10,FLiNaK (LiF-NaF-KF),T1_homogeneous_none,12.0,0.1,5.505650724050867,0.5505650724050868,25.0,3739336.581673296,546.6712843749208,0.9334256874984157,6.65743125015843,Uniform-hot inventory screen with registered effective surface coefficients converted by each unit's external area-to-packed-volume ratio. It bounds standby sensitivity and is not a thermocline-cycle validation.
G0110_T1_homogeneous_none__AIP_FLINAK_2017_V10,AIP_FLINAK_2017_V10,FLiNaK (LiF-NaF-KF),T1_homogeneous_none,24.0,0.1,5.505650724050867,0.5505650724050868,25.0,3739336.581673296,543.3636741740561,0.8672734834811218,13.272651651887823,Uniform-hot inventory screen with registered effective surface coefficients converted by each unit's external area-to-packed-volume ratio. It bounds standby sensitivity and is not a thermocline-cycle validation.
G0110_T1_homogeneous_none__AIP_FLINAK_2017_V10,AIP_FLINAK_2017_V10,FLiNaK (LiF-NaF-KF),T1_homogeneous_none,2.0,0.5,5.505650724050867,2.7528253620254337,25.0,3739336.581673296,547.2246010316265,0.944492020632531,5.550797936746898,Uniform-hot inventory screen with registered effective surface coefficients converted by each unit's external area-to-packed-volume ratio. It bounds standby sensitivity and is not a thermocline-cycle validation.
G0110_T1_homogeneous_none__AIP_FLINAK_2017_V10,AIP_FLINAK_2017_V10,FLiNaK (LiF-NaF-KF),T1_homogeneous_none,6.0,0.5,5.505650724050867,2.7528253620254337,25.0,3739336.581673296,541.7177417566677,0.8343548351333538,16.564516486664616,Uniform-hot inventory screen with registered effective surface coefficients converted by each unit's external area-to-packed-volume ratio. It bounds standby sensitivity and is not a thermocline-cycle validation.
G0110_T1_homogeneous_none__AIP_FLINAK_2017_V10,AIP_FLINAK_2017_V10,FLiNaK (LiF-NaF-KF),T1_homogeneous_none,12.0,0.5,5.505650724050867,2.7528253620254337,25.0,3739336.581673296,533.5661421830674,0.6713228436613485,32.867715633865146,Uniform-hot inventory screen with registered effective surface coefficients converted by each unit's external area-to-packed-volume ratio. It bounds standby sensitivity and is not a thermocline-cycle validation.
G0110_T1_homogeneous_none__AIP_FLINAK_2017_V10,AIP_FLINAK_2017_V10,FLiNaK (LiF-NaF-KF),T1_homogeneous_none,24.0,0.5,5.505650724050867,2.7528253620254337,25.0,3739336.581673296,517.6467066189865,0.35293413237973026,64.70658676202697,Uniform-hot inventory screen with registered effective surface coefficients converted by each unit's external area-to-packed-volume ratio. It bounds standby sensitivity and is not a thermocline-cycle validation.
G0121_T1_homogeneous_none__SOLAR_SALT_60_40_V10,SOLAR_SALT_60_40_V10,Solar Salt (NaNO3-KNO3 60:40 wt%),T1_homogeneous_none,2.0,0.0,4.599494081014933,0.0,25.0,3130275.6829636884,550.0,1.0,0.0,Uniform-hot inventory screen with registered effective surface coefficients converted by each unit's external area-to-packed-volume ratio. It bounds standby sensitivity and is not a thermocline-cycle validation.
G0121_T1_homogeneous_none__SOLAR_SALT_60_40_V10,SOLAR_SALT_60_40_V10,Solar Salt (NaNO3-KNO3 60:40 wt%),T1_homogeneous_none,6.0,0.0,4.599494081014933,0.0,25.0,3130275.6829636884,550.0,1.0,0.0,Uniform-hot inventory screen with registered effective surface coefficients converted by each unit's external area-to-packed-volume ratio. It bounds standby sensitivity and is not a thermocline-cycle validation.
G0121_T1_homogeneous_none__SOLAR_SALT_60_40_V10,SOLAR_SALT_60_40_V10,Solar Salt (NaNO3-KNO3 60:40 wt%),T1_homogeneous_none,12.0,0.0,4.599494081014933,0.0,25.0,3130275.6829636884,550.0,1.0,0.0,Uniform-hot inventory screen with registered effective surface coefficients converted by each unit's external area-to-packed-volume ratio. It bounds standby sensitivity and is not a thermocline-cycle validation.
G0121_T1_homogeneous_none__SOLAR_SALT_60_40_V10,SOLAR_SALT_60_40_V10,Solar Salt (NaNO3-KNO3 60:40 wt%),T1_homogeneous_none,24.0,0.0,4.599494081014933,0.0,25.0,3130275.6829636884,550.0,1.0,0.0,Uniform-hot inventory screen with registered effective surface coefficients converted by each unit's external area-to-packed-volume ratio. It bounds standby sensitivity and is not a thermocline-cycle validation.
G0121_T1_homogeneous_none__SOLAR_SALT_60_40_V10,SOLAR_SALT_60_40_V10,Solar Salt (NaNO3-KNO3 60:40 wt%),T1_homogeneous_none,2.0,0.1,4.599494081014933,0.4599494081014934,25.0,3130275.6829636884,549.44487655618,0.9888975311236003,1.1102468876399652,Uniform-hot inventory screen with registered effective surface coefficients converted by each unit's external area-to-packed-volume ratio. It bounds standby sensitivity and is not a thermocline-cycle validation.
G0121_T1_homogeneous_none__SOLAR_SALT_60_40_V10,SOLAR_SALT_60_40_V10,Solar Salt (NaNO3-KNO3 60:40 wt%),T1_homogeneous_none,6.0,0.1,4.599494081014933,0.4599494081014934,25.0,3130275.6829636884,548.336389973816,0.9667277994763208,3.3272200523679185,Uniform-hot inventory screen with registered effective surface coefficients converted by each unit's external area-to-packed-volume ratio. It bounds standby sensitivity and is not a thermocline-cycle validation.
G0121_T1_homogeneous_none__SOLAR_SALT_60_40_V10,SOLAR_SALT_60_40_V10,Solar Salt (NaNO3-KNO3 60:40 wt%),T1_homogeneous_none,12.0,0.1,4.599494081014933,0.4599494081014934,25.0,3130275.6829636884,546.6780515634782,0.9335610312695644,6.643896873043564,Uniform-hot inventory screen with registered effective surface coefficients converted by each unit's external area-to-packed-volume ratio. It bounds standby sensitivity and is not a thermocline-cycle validation.
G0121_T1_homogeneous_none__SOLAR_SALT_60_40_V10,SOLAR_SALT_60_40_V10,Solar Salt (NaNO3-KNO3 60:40 wt%),T1_homogeneous_none,24.0,0.1,4.599494081014933,0.4599494081014934,25.0,3130275.6829636884,543.3771228248896,0.8675424564977925,13.24575435022075,Uniform-hot inventory screen with registered effective surface coefficients converted by each unit's external area-to-packed-volume ratio. It bounds standby sensitivity and is not a thermocline-cycle validation.
G0121_T1_homogeneous_none__SOLAR_SALT_60_40_V10,SOLAR_SALT_60_40_V10,Solar Salt (NaNO3-KNO3 60:40 wt%),T1_homogeneous_none,2.0,0.5,4.599494081014933,2.2997470405074667,25.0,3130275.6829636884,547.2302463307356,0.9446049266147111,5.539507338528892,Uniform-hot inventory screen with registered effective surface coefficients converted by each unit's external area-to-packed-volume ratio. It bounds standby sensitivity and is not a thermocline-cycle validation.
G0121_T1_homogeneous_none__SOLAR_SALT_60_40_V10,SOLAR_SALT_60_40_V10,Solar Salt (NaNO3-KNO3 60:40 wt%),T1_homogeneous_none,6.0,0.5,4.599494081014933,2.2997470405074667,25.0,3130275.6829636884,541.7344992460785,0.8346899849215696,16.531001507843037,Uniform-hot inventory screen with registered effective surface coefficients converted by each unit's external area-to-packed-volume ratio. It bounds standby sensitivity and is not a thermocline-cycle validation.
G0121_T1_homogeneous_none__SOLAR_SALT_60_40_V10,SOLAR_SALT_60_40_V10,Solar Salt (NaNO3-KNO3 60:40 wt%),T1_homogeneous_none,12.0,0.5,4.599494081014933,2.2997470405074667,25.0,3130275.6829636884,533.5991289735151,0.6719825794703024,32.801742052969765,Uniform-hot inventory screen with registered effective surface coefficients converted by each unit's external area-to-packed-volume ratio. It bounds standby sensitivity and is not a thermocline-cycle validation.
G0121_T1_homogeneous_none__SOLAR_SALT_60_40_V10,SOLAR_SALT_60_40_V10,Solar Salt (NaNO3-KNO3 60:40 wt%),T1_homogeneous_none,24.0,0.5,4.599494081014933,2.2997470405074667,25.0,3130275.6829636884,517.7106171287968,0.354212342575936,64.5787657424064,Uniform-hot inventory screen with registered effective surface coefficients converted by each unit's external area-to-packed-volume ratio. It bounds standby sensitivity and is not a thermocline-cycle validation.
G0121_T1_homogeneous_none__AIP_FLINAK_2017_V10,AIP_FLINAK_2017_V10,FLiNaK (LiF-NaF-KF),T1_homogeneous_none,2.0,0.0,4.599494081014933,0.0,25.0,3742197.3455561656,550.0,1.0,0.0,Uniform-hot inventory screen with registered effective surface coefficients converted by each unit's external area-to-packed-volume ratio. It bounds standby sensitivity and is not a thermocline-cycle validation.
G0121_T1_homogeneous_none__AIP_FLINAK_2017_V10,AIP_FLINAK_2017_V10,FLiNaK (LiF-NaF-KF),T1_homogeneous_none,6.0,0.0,4.599494081014933,0.0,25.0,3742197.3455561656,550.0,1.0,0.0,Uniform-hot inventory screen with registered effective surface coefficients converted by each unit's external area-to-packed-volume ratio. It bounds standby sensitivity and is not a thermocline-cycle validation.
G0121_T1_homogeneous_none__AIP_FLINAK_2017_V10,AIP_FLINAK_2017_V10,FLiNaK (LiF-NaF-KF),T1_homogeneous_none,12.0,0.0,4.599494081014933,0.0,25.0,3742197.3455561656,550.0,1.0,0.0,Uniform-hot inventory screen with registered effective surface coefficients converted by each unit's external area-to-packed-volume ratio. It bounds standby sensitivity and is not a thermocline-cycle validation.
G0121_T1_homogeneous_none__AIP_FLINAK_2017_V10,AIP_FLINAK_2017_V10,FLiNaK (LiF-NaF-KF),T1_homogeneous_none,24.0,0.0,4.599494081014933,0.0,25.0,3742197.3455561656,550.0,1.0,0.0,Uniform-hot inventory screen with registered effective surface coefficients converted by each unit's external area-to-packed-volume ratio. It bounds standby sensitivity and is not a thermocline-cycle validation.
G0121_T1_homogeneous_none__AIP_FLINAK_2017_V10,AIP_FLINAK_2017_V10,FLiNaK (LiF-NaF-KF),T1_homogeneous_none,2.0,0.1,4.599494081014933,0.4599494081014934,25.0,3742197.3455561656,549.53560981873,0.9907121963746,0.9287803625400048,Uniform-hot inventory screen with registered effective surface coefficients converted by each unit's external area-to-packed-volume ratio. It bounds standby sensitivity and is not a thermocline-cycle validation.
G0121_T1_homogeneous_none__AIP_FLINAK_2017_V10,AIP_FLINAK_2017_V10,FLiNaK (LiF-NaF-KF),T1_homogeneous_none,6.0,0.1,4.599494081014933,0.4599494081014934,25.0,3742197.3455561656,548.6080614256382,0.972161228512764,2.7838771487236014,Uniform-hot inventory screen with registered effective surface coefficients converted by each unit's external area-to-packed-volume ratio. It bounds standby sensitivity and is not a thermocline-cycle validation.
G0121_T1_homogeneous_none__AIP_FLINAK_2017_V10,AIP_FLINAK_2017_V10,FLiNaK (LiF-NaF-KF),T1_homogeneous_none,12.0,0.1,4.599494081014933,0.4599494081014934,25.0,3742197.3455561656,547.2198133141236,0.944396266282472,5.560373371752803,Uniform-hot inventory screen with registered effective surface coefficients converted by each unit's external area-to-packed-volume ratio. It bounds standby sensitivity and is not a thermocline-cycle validation.
G0121_T1_homogeneous_none__AIP_FLINAK_2017_V10,AIP_FLINAK_2017_V10,FLiNaK (LiF-NaF-KF),T1_homogeneous_none,24.0,0.1,4.599494081014933,0.4599494081014934,25.0,3742197.3455561656,544.4543493673108,0.8890869873462157,11.091301265378428,Uniform-hot inventory screen with registered effective surface coefficients converted by each unit's external area-to-packed-volume ratio. It bounds standby sensitivity and is not a thermocline-cycle validation.
G0121_T1_homogeneous_none__AIP_FLINAK_2017_V10,AIP_FLINAK_2017_V10,FLiNaK (LiF-NaF-KF),T1_homogeneous_none,2.0,0.5,4.599494081014933,2.2997470405074667,25.0,3742197.3455561656,547.6821532377211,0.9536430647544216,4.635693524557838,Uniform-hot inventory screen with registered effective surface coefficients converted by each unit's external area-to-packed-volume ratio. It bounds standby sensitivity and is not a thermocline-cycle validation.
G0121_T1_homogeneous_none__AIP_FLINAK_2017_V10,AIP_FLINAK_2017_V10,FLiNaK (LiF-NaF-KF),T1_homogeneous_none,6.0,0.5,4.599494081014933,2.2997470405074667,25.0,3742197.3455561656,543.0771140406357,0.8615422808127141,13.84577191872859,Uniform-hot inventory screen with registered effective surface coefficients converted by each unit's external area-to-packed-volume ratio. It bounds standby sensitivity and is not a thermocline-cycle validation.
G0121_T1_homogeneous_none__AIP_FLINAK_2017_V10,AIP_FLINAK_2017_V10,FLiNaK (LiF-NaF-KF),T1_homogeneous_none,12.0,0.5,4.599494081014933,2.2997470405074667,25.0,3742197.3455561656,536.2455163669979,0.7249103273399577,27.508967266004227,Uniform-hot inventory screen with registered effective surface coefficients converted by each unit's external area-to-packed-volume ratio. It bounds standby sensitivity and is not a thermocline-cycle validation.
G0121_T1_homogeneous_none__AIP_FLINAK_2017_V10,AIP_FLINAK_2017_V10,FLiNaK (LiF-NaF-KF),T1_homogeneous_none,24.0,0.5,4.599494081014933,2.2997470405074667,25.0,3742197.3455561656,522.851386676873,0.45702773353745896,54.2972266462541,Uniform-hot inventory screen with registered effective surface coefficients converted by each unit's external area-to-packed-volume ratio. It bounds standby sensitivity and is not a thermocline-cycle validation.
G0126_T1_homogeneous_none__AIP_FLINAK_2017_V10,AIP_FLINAK_2017_V10,FLiNaK (LiF-NaF-KF),T1_homogeneous_none,2.0,0.0,5.853093602894273,0.0,25.0,3745210.0013721753,550.0,1.0,0.0,Uniform-hot inventory screen with registered effective surface coefficients converted by each unit's external area-to-packed-volume ratio. It bounds standby sensitivity and is not a thermocline-cycle validation.
G0126_T1_homogeneous_none__AIP_FLINAK_2017_V10,AIP_FLINAK_2017_V10,FLiNaK (LiF-NaF-KF),T1_homogeneous_none,6.0,0.0,5.853093602894273,0.0,25.0,3745210.0013721753,550.0,1.0,0.0,Uniform-hot inventory screen with registered effective surface coefficients converted by each unit's external area-to-packed-volume ratio. It bounds standby sensitivity and is not a thermocline-cycle validation.
G0126_T1_homogeneous_none__AIP_FLINAK_2017_V10,AIP_FLINAK_2017_V10,FLiNaK (LiF-NaF-KF),T1_homogeneous_none,12.0,0.0,5.853093602894273,0.0,25.0,3745210.0013721753,550.0,1.0,0.0,Uniform-hot inventory screen with registered effective surface coefficients converted by each unit's external area-to-packed-volume ratio. It bounds standby sensitivity and is not a thermocline-cycle validation.
G0126_T1_homogeneous_none__AIP_FLINAK_2017_V10,AIP_FLINAK_2017_V10,FLiNaK (LiF-NaF-KF),T1_homogeneous_none,24.0,0.0,5.853093602894273,0.0,25.0,3745210.0013721753,550.0,1.0,0.0,Uniform-hot inventory screen with registered effective surface coefficients converted by each unit's external area-to-packed-volume ratio. It bounds standby sensitivity and is not a thermocline-cycle validation.
G0126_T1_homogeneous_none__AIP_FLINAK_2017_V10,AIP_FLINAK_2017_V10,FLiNaK (LiF-NaF-KF),T1_homogeneous_none,2.0,0.1,5.853093602894273,0.5853093602894273,25.0,3745210.0013721753,549.4095858234987,0.9881917164699735,1.1808283530026498,Uniform-hot inventory screen with registered effective surface coefficients converted by each unit's external area-to-packed-volume ratio. It bounds standby sensitivity and is not a thermocline-cycle validation.
G0126_T1_homogeneous_none__AIP_FLINAK_2017_V10,AIP_FLINAK_2017_V10,FLiNaK (LiF-NaF-KF),T1_homogeneous_none,6.0,0.1,5.853093602894273,0.5853093602894273,25.0,3745210.0013721753,548.2307486603568,0.9646149732071353,3.5385026792864704,Uniform-hot inventory screen with registered effective surface coefficients converted by each unit's external area-to-packed-volume ratio. It bounds standby sensitivity and is not a thermocline-cycle validation.
G0126_T1_homogeneous_none__AIP_FLINAK_2017_V10,AIP_FLINAK_2017_V10,FLiNaK (LiF-NaF-KF),T1_homogeneous_none,12.0,0.1,5.853093602894273,0.5853093602894273,25.0,3745210.0013721753,546.4674597022426,0.9293491940448529,7.065080595514706,Uniform-hot inventory screen with registered effective surface coefficients converted by each unit's external area-to-packed-volume ratio. It bounds standby sensitivity and is not a thermocline-cycle validation.
G0126_T1_homogeneous_none__AIP_FLINAK_2017_V10,AIP_FLINAK_2017_V10,FLiNaK (LiF-NaF-KF),T1_homogeneous_none,24.0,0.1,5.853093602894273,0.5853093602894273,25.0,3745210.0013721753,542.9586886253526,0.8591737725070516,14.082622749294838,Uniform-hot inventory screen with registered effective surface coefficients converted by each unit's external area-to-packed-volume ratio. It bounds standby sensitivity and is not a thermocline-cycle validation.
G0126_T1_homogeneous_none__AIP_FLINAK_2017_V10,AIP_FLINAK_2017_V10,FLiNaK (LiF-NaF-KF),T1_homogeneous_none,2.0,0.5,5.853093602894273,2.9265468014471363,25.0,3745210.0013721753,547.0545614431632,0.941091228863263,5.890877113673698,Uniform-hot inventory screen with registered effective surface coefficients converted by each unit's external area-to-packed-volume ratio. It bounds standby sensitivity and is not a thermocline-cycle validation.
G0126_T1_homogeneous_none__AIP_FLINAK_2017_V10,AIP_FLINAK_2017_V10,FLiNaK (LiF-NaF-KF),T1_homogeneous_none,6.0,0.5,5.853093602894273,2.9265468014471363,25.0,3745210.0013721753,541.2131665230091,0.8242633304601827,17.573666953981725,Uniform-hot inventory screen with registered effective surface coefficients converted by each unit's external area-to-packed-volume ratio. It bounds standby sensitivity and is not a thermocline-cycle validation.
G0126_T1_homogeneous_none__AIP_FLINAK_2017_V10,AIP_FLINAK_2017_V10,FLiNaK (LiF-NaF-KF),T1_homogeneous_none,12.0,0.5,5.853093602894273,2.9265468014471363,25.0,3745210.0013721753,532.5733967461181,0.6514679349223615,34.85320650776384,Uniform-hot inventory screen with registered effective surface coefficients converted by each unit's external area-to-packed-volume ratio. It bounds standby sensitivity and is not a thermocline-cycle validation.
G0126_T1_homogeneous_none__AIP_FLINAK_2017_V10,AIP_FLINAK_2017_V10,FLiNaK (LiF-NaF-KF),T1_homogeneous_none,24.0,0.5,5.853093602894273,2.9265468014471363,25.0,3745210.0013721753,515.7252439702709,0.3145048794054173,68.54951205945827,Uniform-hot inventory screen with registered effective surface coefficients converted by each unit's external area-to-packed-volume ratio. It bounds standby sensitivity and is not a thermocline-cycle validation.
G0127_T1_homogeneous_none__AIP_FLINAK_2017_V10,AIP_FLINAK_2017_V10,FLiNaK (LiF-NaF-KF),T1_homogeneous_none,2.0,0.0,5.631505963638052,0.0,25.0,3756548.473818932,550.0,1.0,0.0,Uniform-hot inventory screen with registered effective surface coefficients converted by each unit's external area-to-packed-volume ratio. It bounds standby sensitivity and is not a thermocline-cycle validation.
G0127_T1_homogeneous_none__AIP_FLINAK_2017_V10,AIP_FLINAK_2017_V10,FLiNaK (LiF-NaF-KF),T1_homogeneous_none,6.0,0.0,5.631505963638052,0.0,25.0,3756548.473818932,550.0,1.0,0.0,Uniform-hot inventory screen with registered effective surface coefficients converted by each unit's external area-to-packed-volume ratio. It bounds standby sensitivity and is not a thermocline-cycle validation.
G0127_T1_homogeneous_none__AIP_FLINAK_2017_V10,AIP_FLINAK_2017_V10,FLiNaK (LiF-NaF-KF),T1_homogeneous_none,12.0,0.0,5.631505963638052,0.0,25.0,3756548.473818932,550.0,1.0,0.0,Uniform-hot inventory screen with registered effective surface coefficients converted by each unit's external area-to-packed-volume ratio. It bounds standby sensitivity and is not a thermocline-cycle validation.
G0127_T1_homogeneous_none__AIP_FLINAK_2017_V10,AIP_FLINAK_2017_V10,FLiNaK (LiF-NaF-KF),T1_homogeneous_none,24.0,0.0,5.631505963638052,0.0,25.0,3756548.473818932,550.0,1.0,0.0,Uniform-hot inventory screen with registered effective surface coefficients converted by each unit's external area-to-packed-volume ratio. It bounds standby sensitivity and is not a thermocline-cycle validation.
G0127_T1_homogeneous_none__AIP_FLINAK_2017_V10,AIP_FLINAK_2017_V10,FLiNaK (LiF-NaF-KF),T1_homogeneous_none,2.0,0.1,5.631505963638052,0.5631505963638052,25.0,3756548.473818932,549.4336394549613,0.9886727890992256,1.1327210900774376,Uniform-hot inventory screen with registered effective surface coefficients converted by each unit's external area-to-packed-volume ratio. It bounds standby sensitivity and is not a thermocline-cycle validation.
G0127_T1_homogeneous_none__AIP_FLINAK_2017_V10,AIP_FLINAK_2017_V10,FLiNaK (LiF-NaF-KF),T1_homogeneous_none,6.0,0.1,5.631505963638052,0.5631505963638052,25.0,3756548.473818932,548.3027506444386,0.9660550128887713,3.394498711122873,Uniform-hot inventory screen with registered effective surface coefficients converted by each unit's external area-to-packed-volume ratio. It bounds standby sensitivity and is not a thermocline-cycle validation.
G0127_T1_homogeneous_none__AIP_FLINAK_2017_V10,AIP_FLINAK_2017_V10,FLiNaK (LiF-NaF-KF),T1_homogeneous_none,12.0,0.1,5.631505963638052,0.5631505963638052,25.0,3756548.473818932,546.6109882514962,0.9322197650299244,6.778023497007557,Uniform-hot inventory screen with registered effective surface coefficients converted by each unit's external area-to-packed-volume ratio. It bounds standby sensitivity and is not a thermocline-cycle validation.
G0127_T1_homogeneous_none__AIP_FLINAK_2017_V10,AIP_FLINAK_2017_V10,FLiNaK (LiF-NaF-KF),T1_homogeneous_none,24.0,0.1,5.631505963638052,0.5631505963638052,25.0,3756548.473818932,543.2438534565763,0.8648770691315257,13.512293086847427,Uniform-hot inventory screen with registered effective surface coefficients converted by each unit's external area-to-packed-volume ratio. It bounds standby sensitivity and is not a thermocline-cycle validation.
G0127_T1_homogeneous_none__AIP_FLINAK_2017_V10,AIP_FLINAK_2017_V10,FLiNaK (LiF-NaF-KF),T1_homogeneous_none,2.0,0.5,5.631505963638052,2.815752981819026,25.0,3756548.473818932,547.174300482785,0.9434860096557008,5.651399034429916,Uniform-hot inventory screen with registered effective surface coefficients converted by each unit's external area-to-packed-volume ratio. It bounds standby sensitivity and is not a thermocline-cycle validation.
G0127_T1_homogeneous_none__AIP_FLINAK_2017_V10,AIP_FLINAK_2017_V10,FLiNaK (LiF-NaF-KF),T1_homogeneous_none,6.0,0.5,5.631505963638052,2.815752981819026,25.0,3756548.473818932,541.5684457493328,0.8313689149866559,16.863108501334413,Uniform-hot inventory screen with registered effective surface coefficients converted by each unit's external area-to-packed-volume ratio. It bounds standby sensitivity and is not a thermocline-cycle validation.
G0127_T1_homogeneous_none__AIP_FLINAK_2017_V10,AIP_FLINAK_2017_V10,FLiNaK (LiF-NaF-KF),T1_homogeneous_none,12.0,0.5,5.631505963638052,2.815752981819026,25.0,3756548.473818932,533.2723031312025,0.6654460626240507,33.45539373759493,Uniform-hot inventory screen with registered effective surface coefficients converted by each unit's external area-to-packed-volume ratio. It bounds standby sensitivity and is not a thermocline-cycle validation.
G0127_T1_homogeneous_none__AIP_FLINAK_2017_V10,AIP_FLINAK_2017_V10,FLiNaK (LiF-NaF-KF),T1_homogeneous_none,24.0,0.5,5.631505963638052,2.815752981819026,25.0,3756548.473818932,517.0775888196134,0.34155177639226847,65.84482236077316,Uniform-hot inventory screen with registered effective surface coefficients converted by each unit's external area-to-packed-volume ratio. It bounds standby sensitivity and is not a thermocline-cycle validation.
G0130_T2_graded_two_layer_fine_hot__AIP_FLINAK_2017_V10,AIP_FLINAK_2017_V10,FLiNaK (LiF-NaF-KF),T2_graded_two_layer_fine_hot,2.0,0.0,6.751278253407882,0.0,25.0,3728411.256611559,550.0,1.0,0.0,Uniform-hot inventory screen with registered effective surface coefficients converted by each unit's external area-to-packed-volume ratio. It bounds standby sensitivity and is not a thermocline-cycle validation.
G0130_T2_graded_two_layer_fine_hot__AIP_FLINAK_2017_V10,AIP_FLINAK_2017_V10,FLiNaK (LiF-NaF-KF),T2_graded_two_layer_fine_hot,6.0,0.0,6.751278253407882,0.0,25.0,3728411.256611559,550.0,1.0,0.0,Uniform-hot inventory screen with registered effective surface coefficients converted by each unit's external area-to-packed-volume ratio. It bounds standby sensitivity and is not a thermocline-cycle validation.
G0130_T2_graded_two_layer_fine_hot__AIP_FLINAK_2017_V10,AIP_FLINAK_2017_V10,FLiNaK (LiF-NaF-KF),T2_graded_two_layer_fine_hot,12.0,0.0,6.751278253407882,0.0,25.0,3728411.256611559,550.0,1.0,0.0,Uniform-hot inventory screen with registered effective surface coefficients converted by each unit's external area-to-packed-volume ratio. It bounds standby sensitivity and is not a thermocline-cycle validation.
G0130_T2_graded_two_layer_fine_hot__AIP_FLINAK_2017_V10,AIP_FLINAK_2017_V10,FLiNaK (LiF-NaF-KF),T2_graded_two_layer_fine_hot,24.0,0.0,6.751278253407882,0.0,25.0,3728411.256611559,550.0,1.0,0.0,Uniform-hot inventory screen with registered effective surface coefficients converted by each unit's external area-to-packed-volume ratio. It bounds standby sensitivity and is not a thermocline-cycle validation.
G0130_T2_graded_two_layer_fine_hot__AIP_FLINAK_2017_V10,AIP_FLINAK_2017_V10,FLiNaK (LiF-NaF-KF),T2_graded_two_layer_fine_hot,2.0,0.1,6.751278253407882,0.6751278253407883,25.0,3728411.256611559,549.31597665828,0.9863195331655993,1.3680466834400717,Uniform-hot inventory screen with registered effective surface coefficients converted by each unit's external area-to-packed-volume ratio. It bounds standby sensitivity and is not a thermocline-cycle validation.
G0130_T2_graded_two_layer_fine_hot__AIP_FLINAK_2017_V10,AIP_FLINAK_2017_V10,FLiNaK (LiF-NaF-KF),T2_graded_two_layer_fine_hot,6.0,0.1,6.751278253407882,0.6751278253407883,25.0,3728411.256611559,547.950602459,0.9590120491800007,4.098795081999929,Uniform-hot inventory screen with registered effective surface coefficients converted by each unit's external area-to-packed-volume ratio. It bounds standby sensitivity and is not a thermocline-cycle validation.
G0130_T2_graded_two_layer_fine_hot__AIP_FLINAK_2017_V10,AIP_FLINAK_2017_V10,FLiNaK (LiF-NaF-KF),T2_graded_two_layer_fine_hot,12.0,0.1,6.751278253407882,0.6751278253407883,25.0,3728411.256611559,545.9092049756783,0.9181840995135667,8.181590048643328,Uniform-hot inventory screen with registered effective surface coefficients converted by each unit's external area-to-packed-volume ratio. It bounds standby sensitivity and is not a thermocline-cycle validation.
G0130_T2_graded_two_layer_fine_hot__AIP_FLINAK_2017_V10,AIP_FLINAK_2017_V10,FLiNaK (LiF-NaF-KF),T2_graded_two_layer_fine_hot,24.0,0.1,6.751278253407882,0.6751278253407883,25.0,3728411.256611559,541.8502853874157,0.8370057077483147,16.299429225168527,Uniform-hot inventory screen with registered effective surface coefficients converted by each unit's external area-to-packed-volume ratio. It bounds standby sensitivity and is not a thermocline-cycle validation.
G0130_T2_graded_two_layer_fine_hot__AIP_FLINAK_2017_V10,AIP_FLINAK_2017_V10,FLiNaK (LiF-NaF-KF),T2_graded_two_layer_fine_hot,2.0,0.5,6.751278253407882,3.375639126703941,25.0,3728411.256611559,546.5887838383924,0.9317756767678474,6.822432323215255,Uniform-hot inventory screen with registered effective surface coefficients converted by each unit's external area-to-packed-volume ratio. It bounds standby sensitivity and is not a thermocline-cycle validation.
G0130_T2_graded_two_layer_fine_hot__AIP_FLINAK_2017_V10,AIP_FLINAK_2017_V10,FLiNaK (LiF-NaF-KF),T2_graded_two_layer_fine_hot,6.0,0.5,6.751278253407882,3.375639126703941,25.0,3728411.256611559,539.8327011894385,0.7966540237887694,20.334597621123063,Uniform-hot inventory screen with registered effective surface coefficients converted by each unit's external area-to-packed-volume ratio. It bounds standby sensitivity and is not a thermocline-cycle validation.
G0130_T2_graded_two_layer_fine_hot__AIP_FLINAK_2017_V10,AIP_FLINAK_2017_V10,FLiNaK (LiF-NaF-KF),T2_graded_two_layer_fine_hot,12.0,0.5,6.751278253407882,3.375639126703941,25.0,3728411.256611559,529.8623051695498,0.5972461033909963,40.27538966090037,Uniform-hot inventory screen with registered effective surface coefficients converted by each unit's external area-to-packed-volume ratio. It bounds standby sensitivity and is not a thermocline-cycle validation.
G0130_T2_graded_two_layer_fine_hot__AIP_FLINAK_2017_V10,AIP_FLINAK_2017_V10,FLiNaK (LiF-NaF-KF),T2_graded_two_layer_fine_hot,24.0,0.5,6.751278253407882,3.375639126703941,25.0,3728411.256611559,510.4970422497364,0.2099408449947282,79.00591550052718,Uniform-hot inventory screen with registered effective surface coefficients converted by each unit's external area-to-packed-volume ratio. It bounds standby sensitivity and is not a thermocline-cycle validation.
G0134_T1_homogeneous_none__AIP_FLINAK_2017_V10,AIP_FLINAK_2017_V10,FLiNaK (LiF-NaF-KF),T1_homogeneous_none,2.0,0.0,4.639984780983611,0.0,25.0,3777775.1703836746,550.0,1.0,0.0,Uniform-hot inventory screen with registered effective surface coefficients converted by each unit's external area-to-packed-volume ratio. It bounds standby sensitivity and is not a thermocline-cycle validation.
G0134_T1_homogeneous_none__AIP_FLINAK_2017_V10,AIP_FLINAK_2017_V10,FLiNaK (LiF-NaF-KF),T1_homogeneous_none,6.0,0.0,4.639984780983611,0.0,25.0,3777775.1703836746,550.0,1.0,0.0,Uniform-hot inventory screen with registered effective surface coefficients converted by each unit's external area-to-packed-volume ratio. It bounds standby sensitivity and is not a thermocline-cycle validation.
G0134_T1_homogeneous_none__AIP_FLINAK_2017_V10,AIP_FLINAK_2017_V10,FLiNaK (LiF-NaF-KF),T1_homogeneous_none,12.0,0.0,4.639984780983611,0.0,25.0,3777775.1703836746,550.0,1.0,0.0,Uniform-hot inventory screen with registered effective surface coefficients converted by each unit's external area-to-packed-volume ratio. It bounds standby sensitivity and is not a thermocline-cycle validation.
G0134_T1_homogeneous_none__AIP_FLINAK_2017_V10,AIP_FLINAK_2017_V10,FLiNaK (LiF-NaF-KF),T1_homogeneous_none,24.0,0.0,4.639984780983611,0.0,25.0,3777775.1703836746,550.0,1.0,0.0,Uniform-hot inventory screen with registered effective surface coefficients converted by each unit's external area-to-packed-volume ratio. It bounds standby sensitivity and is not a thermocline-cycle validation.
G0134_T1_homogeneous_none__AIP_FLINAK_2017_V10,AIP_FLINAK_2017_V10,FLiNaK (LiF-NaF-KF),T1_homogeneous_none,2.0,0.1,4.639984780983611,0.46399847809836114,25.0,3777775.1703836746,549.5359334847293,0.990718669694586,0.9281330305414004,Uniform-hot inventory screen with registered effective surface coefficients converted by each unit's external area-to-packed-volume ratio. It bounds standby sensitivity and is not a thermocline-cycle validation.
G0134_T1_homogeneous_none__AIP_FLINAK_2017_V10,AIP_FLINAK_2017_V10,FLiNaK (LiF-NaF-KF),T1_homogeneous_none,6.0,0.1,4.639984780983611,0.46399847809836114,25.0,3777775.1703836746,548.6090307071962,0.9721806141439242,2.7819385856075796,Uniform-hot inventory screen with registered effective surface coefficients converted by each unit's external area-to-packed-volume ratio. It bounds standby sensitivity and is not a thermocline-cycle validation.
G0134_T1_homogeneous_none__AIP_FLINAK_2017_V10,AIP_FLINAK_2017_V10,FLiNaK (LiF-NaF-KF),T1_homogeneous_none,12.0,0.1,4.639984780983611,0.46399847809836114,25.0,3777775.1703836746,547.2217467392943,0.944434934785886,5.556506521411397,Uniform-hot inventory screen with registered effective surface coefficients converted by each unit's external area-to-packed-volume ratio. It bounds standby sensitivity and is not a thermocline-cycle validation.
G0134_T1_homogeneous_none__AIP_FLINAK_2017_V10,AIP_FLINAK_2017_V10,FLiNaK (LiF-NaF-KF),T1_homogeneous_none,24.0,0.1,4.639984780983611,0.46399847809836114,25.0,3777775.1703836746,544.4581957475041,0.8891639149500815,11.08360850499185,Uniform-hot inventory screen with registered effective surface coefficients converted by each unit's external area-to-packed-volume ratio. It bounds standby sensitivity and is not a thermocline-cycle validation.
G0134_T1_homogeneous_none__AIP_FLINAK_2017_V10,AIP_FLINAK_2017_V10,FLiNaK (LiF-NaF-KF),T1_homogeneous_none,2.0,0.5,4.639984780983611,2.3199923904918056,25.0,3777775.1703836746,547.683765851308,0.953675317026159,4.632468297384095,Uniform-hot inventory screen with registered effective surface coefficients converted by each unit's external area-to-packed-volume ratio. It bounds standby sensitivity and is not a thermocline-cycle validation.
G0134_T1_homogeneous_none__AIP_FLINAK_2017_V10,AIP_FLINAK_2017_V10,FLiNaK (LiF-NaF-KF),T1_homogeneous_none,6.0,0.5,4.639984780983611,2.3199923904918056,25.0,3777775.1703836746,543.0819092728754,0.861638185457507,13.836181454249296,Uniform-hot inventory screen with registered effective surface coefficients converted by each unit's external area-to-packed-volume ratio. It bounds standby sensitivity and is not a thermocline-cycle validation.
G0134_T1_homogeneous_none__AIP_FLINAK_2017_V10,AIP_FLINAK_2017_V10,FLiNaK (LiF-NaF-KF),T1_homogeneous_none,12.0,0.5,4.639984780983611,2.3199923904918056,25.0,3777775.1703836746,536.2549804111007,0.7250996082220149,27.490039177798508,Uniform-hot inventory screen with registered effective surface coefficients converted by each unit's external area-to-packed-volume ratio. It bounds standby sensitivity and is not a thermocline-cycle validation.
G0134_T1_homogeneous_none__AIP_FLINAK_2017_V10,AIP_FLINAK_2017_V10,FLiNaK (LiF-NaF-KF),T1_homogeneous_none,24.0,0.5,4.639984780983611,2.3199923904918056,25.0,3777775.1703836746,522.8698190383905,0.4573963807678092,54.26036192321908,Uniform-hot inventory screen with registered effective surface coefficients converted by each unit's external area-to-packed-volume ratio. It bounds standby sensitivity and is not a thermocline-cycle validation.
G0138_T2_graded_two_layer_fine_hot__AIP_FLINAK_2017_V10,AIP_FLINAK_2017_V10,FLiNaK (LiF-NaF-KF),T2_graded_two_layer_fine_hot,2.0,0.0,4.739781217830526,0.0,25.0,3749653.6381031955,550.0,1.0,0.0,Uniform-hot inventory screen with registered effective surface coefficients converted by each unit's external area-to-packed-volume ratio. It bounds standby sensitivity and is not a thermocline-cycle validation.
G0138_T2_graded_two_layer_fine_hot__AIP_FLINAK_2017_V10,AIP_FLINAK_2017_V10,FLiNaK (LiF-NaF-KF),T2_graded_two_layer_fine_hot,6.0,0.0,4.739781217830526,0.0,25.0,3749653.6381031955,550.0,1.0,0.0,Uniform-hot inventory screen with registered effective surface coefficients converted by each unit's external area-to-packed-volume ratio. It bounds standby sensitivity and is not a thermocline-cycle validation.
G0138_T2_graded_two_layer_fine_hot__AIP_FLINAK_2017_V10,AIP_FLINAK_2017_V10,FLiNaK (LiF-NaF-KF),T2_graded_two_layer_fine_hot,12.0,0.0,4.739781217830526,0.0,25.0,3749653.6381031955,550.0,1.0,0.0,Uniform-hot inventory screen with registered effective surface coefficients converted by each unit's external area-to-packed-volume ratio. It bounds standby sensitivity and is not a thermocline-cycle validation.
G0138_T2_graded_two_layer_fine_hot__AIP_FLINAK_2017_V10,AIP_FLINAK_2017_V10,FLiNaK (LiF-NaF-KF),T2_graded_two_layer_fine_hot,24.0,0.0,4.739781217830526,0.0,25.0,3749653.6381031955,550.0,1.0,0.0,Uniform-hot inventory screen with registered effective surface coefficients converted by each unit's external area-to-packed-volume ratio. It bounds standby sensitivity and is not a thermocline-cycle validation.
G0138_T2_graded_two_layer_fine_hot__AIP_FLINAK_2017_V10,AIP_FLINAK_2017_V10,FLiNaK (LiF-NaF-KF),T2_graded_two_layer_fine_hot,2.0,0.1,4.739781217830526,0.4739781217830526,25.0,3749653.6381031955,549.5224032894355,0.9904480657887098,0.9551934211290192,Uniform-hot inventory screen with registered effective surface coefficients converted by each unit's external area-to-packed-volume ratio. It bounds standby sensitivity and is not a thermocline-cycle validation.
G0138_T2_graded_two_layer_fine_hot__AIP_FLINAK_2017_V10,AIP_FLINAK_2017_V10,FLiNaK (LiF-NaF-KF),T2_graded_two_layer_fine_hot,6.0,0.1,4.739781217830526,0.4739781217830526,25.0,3749653.6381031955,548.5685128937362,0.9713702578747234,2.862974212527658,Uniform-hot inventory screen with registered effective surface coefficients converted by each unit's external area-to-packed-volume ratio. It bounds standby sensitivity and is not a thermocline-cycle validation.
G0138_T2_graded_two_layer_fine_hot__AIP_FLINAK_2017_V10,AIP_FLINAK_2017_V10,FLiNaK (LiF-NaF-KF),T2_graded_two_layer_fine_hot,12.0,0.1,4.739781217830526,0.4739781217830526,25.0,3749653.6381031955,547.1409289404922,0.9428185788098449,5.718142119015512,Uniform-hot inventory screen with registered effective surface coefficients converted by each unit's external area-to-packed-volume ratio. It bounds standby sensitivity and is not a thermocline-cycle validation.
G0138_T2_graded_two_layer_fine_hot__AIP_FLINAK_2017_V10,AIP_FLINAK_2017_V10,FLiNaK (LiF-NaF-KF),T2_graded_two_layer_fine_hot,24.0,0.1,4.739781217830526,0.4739781217830526,25.0,3749653.6381031955,544.2974279520765,0.8859485590415307,11.40514409584693,Uniform-hot inventory screen with registered effective surface coefficients converted by each unit's external area-to-packed-volume ratio. It bounds standby sensitivity and is not a thermocline-cycle validation.
G0138_T2_graded_two_layer_fine_hot__AIP_FLINAK_2017_V10,AIP_FLINAK_2017_V10,FLiNaK (LiF-NaF-KF),T2_graded_two_layer_fine_hot,2.0,0.5,4.739781217830526,2.369890608915263,25.0,3749653.6381031955,547.6163572321137,0.9523271446422745,4.767285535772547,Uniform-hot inventory screen with registered effective surface coefficients converted by each unit's external area-to-packed-volume ratio. It bounds standby sensitivity and is not a thermocline-cycle validation.
G0138_T2_graded_two_layer_fine_hot__AIP_FLINAK_2017_V10,AIP_FLINAK_2017_V10,FLiNaK (LiF-NaF-KF),T2_graded_two_layer_fine_hot,6.0,0.5,4.739781217830526,2.369890608915263,25.0,3749653.6381031955,542.8814897188778,0.8576297943775557,14.237020562244428,Uniform-hot inventory screen with registered effective surface coefficients converted by each unit's external area-to-packed-volume ratio. It bounds standby sensitivity and is not a thermocline-cycle validation.
G0138_T2_graded_two_layer_fine_hot__AIP_FLINAK_2017_V10,AIP_FLINAK_2017_V10,FLiNaK (LiF-NaF-KF),T2_graded_two_layer_fine_hot,12.0,0.5,4.739781217830526,2.369890608915263,25.0,3749653.6381031955,535.8594997970364,0.7171899959407279,28.281000405927216,Uniform-hot inventory screen with registered effective surface coefficients converted by each unit's external area-to-packed-volume ratio. It bounds standby sensitivity and is not a thermocline-cycle validation.
G0138_T2_graded_two_layer_fine_hot__AIP_FLINAK_2017_V10,AIP_FLINAK_2017_V10,FLiNaK (LiF-NaF-KF),T2_graded_two_layer_fine_hot,24.0,0.5,4.739781217830526,2.369890608915263,25.0,3749653.6381031955,522.0998638721491,0.4419972774429812,55.80027225570188,Uniform-hot inventory screen with registered effective surface coefficients converted by each unit's external area-to-packed-volume ratio. It bounds standby sensitivity and is not a thermocline-cycle validation.
G0161_T1_homogeneous_none__SOLAR_SALT_60_40_V10,SOLAR_SALT_60_40_V10,Solar Salt (NaNO3-KNO3 60:40 wt%),T1_homogeneous_none,2.0,0.0,5.1550807967295205,0.0,25.0,3179465.273313779,550.0,1.0,0.0,Uniform-hot inventory screen with registered effective surface coefficients converted by each unit's external area-to-packed-volume ratio. It bounds standby sensitivity and is not a thermocline-cycle validation.
G0161_T1_homogeneous_none__SOLAR_SALT_60_40_V10,SOLAR_SALT_60_40_V10,Solar Salt (NaNO3-KNO3 60:40 wt%),T1_homogeneous_none,6.0,0.0,5.1550807967295205,0.0,25.0,3179465.273313779,550.0,1.0,0.0,Uniform-hot inventory screen with registered effective surface coefficients converted by each unit's external area-to-packed-volume ratio. It bounds standby sensitivity and is not a thermocline-cycle validation.
G0161_T1_homogeneous_none__SOLAR_SALT_60_40_V10,SOLAR_SALT_60_40_V10,Solar Salt (NaNO3-KNO3 60:40 wt%),T1_homogeneous_none,12.0,0.0,5.1550807967295205,0.0,25.0,3179465.273313779,550.0,1.0,0.0,Uniform-hot inventory screen with registered effective surface coefficients converted by each unit's external area-to-packed-volume ratio. It bounds standby sensitivity and is not a thermocline-cycle validation.
G0161_T1_homogeneous_none__SOLAR_SALT_60_40_V10,SOLAR_SALT_60_40_V10,Solar Salt (NaNO3-KNO3 60:40 wt%),T1_homogeneous_none,24.0,0.0,5.1550807967295205,0.0,25.0,3179465.273313779,550.0,1.0,0.0,Uniform-hot inventory screen with registered effective surface coefficients converted by each unit's external area-to-packed-volume ratio. It bounds standby sensitivity and is not a thermocline-cycle validation.
G0161_T1_homogeneous_none__SOLAR_SALT_60_40_V10,SOLAR_SALT_60_40_V10,Solar Salt (NaNO3-KNO3 60:40 wt%),T1_homogeneous_none,2.0,0.1,5.1550807967295205,0.5155080796729521,25.0,3179465.273313779,549.3874807800677,0.9877496156013535,1.2250384398646452,Uniform-hot inventory screen with registered effective surface coefficients converted by each unit's external area-to-packed-volume ratio. It bounds standby sensitivity and is not a thermocline-cycle validation.
G0161_T1_homogeneous_none__SOLAR_SALT_60_40_V10,SOLAR_SALT_60_40_V10,Solar Salt (NaNO3-KNO3 60:40 wt%),T1_homogeneous_none,6.0,0.1,5.1550807967295205,0.5155080796729521,25.0,3179465.273313779,548.1645853909855,0.9632917078197102,3.6708292180289814,Uniform-hot inventory screen with registered effective surface coefficients converted by each unit's external area-to-packed-volume ratio. It bounds standby sensitivity and is not a thermocline-cycle validation.
G0161_T1_homogeneous_none__SOLAR_SALT_60_40_V10,SOLAR_SALT_60_40_V10,Solar Salt (NaNO3-KNO3 60:40 wt%),T1_homogeneous_none,12.0,0.1,5.1550807967295205,0.5155080796729521,25.0,3179465.273313779,546.3355874425176,0.9267117488503527,7.328825114964732,Uniform-hot inventory screen with registered effective surface coefficients converted by each unit's external area-to-packed-volume ratio. It bounds standby sensitivity and is not a thermocline-cycle validation.
G0161_T1_homogeneous_none__SOLAR_SALT_60_40_V10,SOLAR_SALT_60_40_V10,Solar Salt (NaNO3-KNO3 60:40 wt%),T1_homogeneous_none,24.0,0.1,5.1550807967295205,0.5155080796729521,25.0,3179465.273313779,542.6967518743525,0.8539350374870491,14.606496251295088,Uniform-hot inventory screen with registered effective surface coefficients converted by each unit's external area-to-packed-volume ratio. It bounds standby sensitivity and is not a thermocline-cycle validation.
G0161_T1_homogeneous_none__SOLAR_SALT_60_40_V10,SOLAR_SALT_60_40_V10,Solar Salt (NaNO3-KNO3 60:40 wt%),T1_homogeneous_none,2.0,0.5,5.1550807967295205,2.5775403983647602,25.0,3179465.273313779,546.9445418494159,0.9388908369883189,6.110916301168112,Uniform-hot inventory screen with registered effective surface coefficients converted by each unit's external area-to-packed-volume ratio. It bounds standby sensitivity and is not a thermocline-cycle validation.
G0161_T1_homogeneous_none__SOLAR_SALT_60_40_V10,SOLAR_SALT_60_40_V10,Solar Salt (NaNO3-KNO3 60:40 wt%),T1_homogeneous_none,6.0,0.5,5.1550807967295205,2.5775403983647602,25.0,3179465.273313779,540.8868696240104,0.8177373924802077,18.22626075197923,Uniform-hot inventory screen with registered effective surface coefficients converted by each unit's external area-to-packed-volume ratio. It bounds standby sensitivity and is not a thermocline-cycle validation.
G0161_T1_homogeneous_none__SOLAR_SALT_60_40_V10,SOLAR_SALT_60_40_V10,Solar Salt (NaNO3-KNO3 60:40 wt%),T1_homogeneous_none,12.0,0.5,5.1550807967295205,2.5775403983647602,25.0,3179465.273313779,531.9319280961157,0.6386385619223143,36.136143807768576,Uniform-hot inventory screen with registered effective surface coefficients converted by each unit's external area-to-packed-volume ratio. It bounds standby sensitivity and is not a thermocline-cycle validation.
G0161_T1_homogeneous_none__SOLAR_SALT_60_40_V10,SOLAR_SALT_60_40_V10,Solar Salt (NaNO3-KNO3 60:40 wt%),T1_homogeneous_none,24.0,0.5,5.1550807967295205,2.5775403983647602,25.0,3179465.273313779,514.4856756633246,0.28971351326649253,71.02864867335074,Uniform-hot inventory screen with registered effective surface coefficients converted by each unit's external area-to-packed-volume ratio. It bounds standby sensitivity and is not a thermocline-cycle validation.
G0161_T1_homogeneous_none__AIP_FLINAK_2017_V10,AIP_FLINAK_2017_V10,FLiNaK (LiF-NaF-KF),T1_homogeneous_none,2.0,0.0,5.1550807967295205,0.0,25.0,3717551.2464642776,550.0,1.0,0.0,Uniform-hot inventory screen with registered effective surface coefficients converted by each unit's external area-to-packed-volume ratio. It bounds standby sensitivity and is not a thermocline-cycle validation.
G0161_T1_homogeneous_none__AIP_FLINAK_2017_V10,AIP_FLINAK_2017_V10,FLiNaK (LiF-NaF-KF),T1_homogeneous_none,6.0,0.0,5.1550807967295205,0.0,25.0,3717551.2464642776,550.0,1.0,0.0,Uniform-hot inventory screen with registered effective surface coefficients converted by each unit's external area-to-packed-volume ratio. It bounds standby sensitivity and is not a thermocline-cycle validation.
G0161_T1_homogeneous_none__AIP_FLINAK_2017_V10,AIP_FLINAK_2017_V10,FLiNaK (LiF-NaF-KF),T1_homogeneous_none,12.0,0.0,5.1550807967295205,0.0,25.0,3717551.2464642776,550.0,1.0,0.0,Uniform-hot inventory screen with registered effective surface coefficients converted by each unit's external area-to-packed-volume ratio. It bounds standby sensitivity and is not a thermocline-cycle validation.
G0161_T1_homogeneous_none__AIP_FLINAK_2017_V10,AIP_FLINAK_2017_V10,FLiNaK (LiF-NaF-KF),T1_homogeneous_none,24.0,0.0,5.1550807967295205,0.0,25.0,3717551.2464642776,550.0,1.0,0.0,Uniform-hot inventory screen with registered effective surface coefficients converted by each unit's external area-to-packed-volume ratio. It bounds standby sensitivity and is not a thermocline-cycle validation.
G0161_T1_homogeneous_none__AIP_FLINAK_2017_V10,AIP_FLINAK_2017_V10,FLiNaK (LiF-NaF-KF),T1_homogeneous_none,2.0,0.1,5.1550807967295205,0.5155080796729521,25.0,3717551.2464642776,549.47609381286,0.9895218762571995,1.047812374280055,Uniform-hot inventory screen with registered effective surface coefficients converted by each unit's external area-to-packed-volume ratio. It bounds standby sensitivity and is not a thermocline-cycle validation.
G0161_T1_homogeneous_none__AIP_FLINAK_2017_V10,AIP_FLINAK_2017_V10,FLiNaK (LiF-NaF-KF),T1_homogeneous_none,6.0,0.1,5.1550807967295205,0.5155080796729521,25.0,3717551.2464642776,548.4298493608138,0.9685969872162764,3.1403012783723594,Uniform-hot inventory screen with registered effective surface coefficients converted by each unit's external area-to-packed-volume ratio. It bounds standby sensitivity and is not a thermocline-cycle validation.
G0161_T1_homogeneous_none__AIP_FLINAK_2017_V10,AIP_FLINAK_2017_V10,FLiNaK (LiF-NaF-KF),T1_homogeneous_none,12.0,0.1,5.1550807967295205,0.5155080796729521,25.0,3717551.2464642776,546.8643946702558,0.9372878934051164,6.271210659488357,Uniform-hot inventory screen with registered effective surface coefficients converted by each unit's external area-to-packed-volume ratio. It bounds standby sensitivity and is not a thermocline-cycle validation.
G0161_T1_homogeneous_none__AIP_FLINAK_2017_V10,AIP_FLINAK_2017_V10,FLiNaK (LiF-NaF-KF),T1_homogeneous_none,24.0,0.1,5.1550807967295205,0.5155080796729521,25.0,3717551.2464642776,543.7475169991476,0.8749503399829518,12.50496600170482,Uniform-hot inventory screen with registered effective surface coefficients converted by each unit's external area-to-packed-volume ratio. It bounds standby sensitivity and is not a thermocline-cycle validation.
G0161_T1_homogeneous_none__AIP_FLINAK_2017_V10,AIP_FLINAK_2017_V10,FLiNaK (LiF-NaF-KF),T1_homogeneous_none,2.0,0.5,5.1550807967295205,2.5775403983647602,25.0,3717551.2464642776,547.3856919961801,0.9477138399236015,5.228616007639852,Uniform-hot inventory screen with registered effective surface coefficients converted by each unit's external area-to-packed-volume ratio. It bounds standby sensitivity and is not a thermocline-cycle validation.
G0161_T1_homogeneous_none__AIP_FLINAK_2017_V10,AIP_FLINAK_2017_V10,FLiNaK (LiF-NaF-KF),T1_homogeneous_none,6.0,0.5,5.1550807967295205,2.5775403983647602,25.0,3717551.2464642776,542.1960660555429,0.8439213211108586,15.60786788891414,Uniform-hot inventory screen with registered effective surface coefficients converted by each unit's external area-to-packed-volume ratio. It bounds standby sensitivity and is not a thermocline-cycle validation.
G0161_T1_homogeneous_none__AIP_FLINAK_2017_V10,AIP_FLINAK_2017_V10,FLiNaK (LiF-NaF-KF),T1_homogeneous_none,12.0,0.5,5.1550807967295205,2.5775403983647602,25.0,3717551.2464642776,534.508134749199,0.6901626949839806,30.983730501601936,Uniform-hot inventory screen with registered effective surface coefficients converted by each unit's external area-to-packed-volume ratio. It bounds standby sensitivity and is not a thermocline-cycle validation.
G0161_T1_homogeneous_none__AIP_FLINAK_2017_V10,AIP_FLINAK_2017_V10,FLiNaK (LiF-NaF-KF),T1_homogeneous_none,24.0,0.5,5.1550807967295205,2.5775403983647602,25.0,3717551.2464642776,519.4734083344914,0.3894681666898282,61.05318333101718,Uniform-hot inventory screen with registered effective surface coefficients converted by each unit's external area-to-packed-volume ratio. It bounds standby sensitivity and is not a thermocline-cycle validation.
G0170_T1_homogeneous_none__AIP_FLINAK_2017_V10,AIP_FLINAK_2017_V10,FLiNaK (LiF-NaF-KF),T1_homogeneous_none,2.0,0.0,4.70917082034683,0.0,25.0,3753116.6044317135,550.0,1.0,0.0,Uniform-hot inventory screen with registered effective surface coefficients converted by each unit's external area-to-packed-volume ratio. It bounds standby sensitivity and is not a thermocline-cycle validation.
G0170_T1_homogeneous_none__AIP_FLINAK_2017_V10,AIP_FLINAK_2017_V10,FLiNaK (LiF-NaF-KF),T1_homogeneous_none,6.0,0.0,4.70917082034683,0.0,25.0,3753116.6044317135,550.0,1.0,0.0,Uniform-hot inventory screen with registered effective surface coefficients converted by each unit's external area-to-packed-volume ratio. It bounds standby sensitivity and is not a thermocline-cycle validation.
G0170_T1_homogeneous_none__AIP_FLINAK_2017_V10,AIP_FLINAK_2017_V10,FLiNaK (LiF-NaF-KF),T1_homogeneous_none,12.0,0.0,4.70917082034683,0.0,25.0,3753116.6044317135,550.0,1.0,0.0,Uniform-hot inventory screen with registered effective surface coefficients converted by each unit's external area-to-packed-volume ratio. It bounds standby sensitivity and is not a thermocline-cycle validation.
G0170_T1_homogeneous_none__AIP_FLINAK_2017_V10,AIP_FLINAK_2017_V10,FLiNaK (LiF-NaF-KF),T1_homogeneous_none,24.0,0.0,4.70917082034683,0.0,25.0,3753116.6044317135,550.0,1.0,0.0,Uniform-hot inventory screen with registered effective surface coefficients converted by each unit's external area-to-packed-volume ratio. It bounds standby sensitivity and is not a thermocline-cycle validation.
G0170_T1_homogeneous_none__AIP_FLINAK_2017_V10,AIP_FLINAK_2017_V10,FLiNaK (LiF-NaF-KF),T1_homogeneous_none,2.0,0.1,4.70917082034683,0.470917082034683,25.0,3753116.6044317135,549.5259239360913,0.9905184787218263,0.9481521278173699,Uniform-hot inventory screen with registered effective surface coefficients converted by each unit's external area-to-packed-volume ratio. It bounds standby sensitivity and is not a thermocline-cycle validation.
G0170_T1_homogeneous_none__AIP_FLINAK_2017_V10,AIP_FLINAK_2017_V10,FLiNaK (LiF-NaF-KF),T1_homogeneous_none,6.0,0.1,4.70917082034683,0.470917082034683,25.0,3753116.6044317135,548.5790556966458,0.9715811139329162,2.841888606708376,Uniform-hot inventory screen with registered effective surface coefficients converted by each unit's external area-to-packed-volume ratio. It bounds standby sensitivity and is not a thermocline-cycle validation.
G0170_T1_homogeneous_none__AIP_FLINAK_2017_V10,AIP_FLINAK_2017_V10,FLiNaK (LiF-NaF-KF),T1_homogeneous_none,12.0,0.1,4.70917082034683,0.470917082034683,25.0,3753116.6044317135,547.1619572651264,0.9432391453025275,5.67608546974725,Uniform-hot inventory screen with registered effective surface coefficients converted by each unit's external area-to-packed-volume ratio. It bounds standby sensitivity and is not a thermocline-cycle validation.
G0170_T1_homogeneous_none__AIP_FLINAK_2017_V10,AIP_FLINAK_2017_V10,FLiNaK (LiF-NaF-KF),T1_homogeneous_none,24.0,0.1,4.70917082034683,0.470917082034683,25.0,3753116.6044317135,544.3392564094241,0.8867851281884828,11.321487181151724,Uniform-hot inventory screen with registered effective surface coefficients converted by each unit's external area-to-packed-volume ratio. It bounds standby sensitivity and is not a thermocline-cycle validation.
G0170_T1_homogeneous_none__AIP_FLINAK_2017_V10,AIP_FLINAK_2017_V10,FLiNaK (LiF-NaF-KF),T1_homogeneous_none,2.0,0.5,4.70917082034683,2.354585410173415,25.0,3753116.6044317135,547.63389673299,0.9526779346598004,4.732206534019956,Uniform-hot inventory screen with registered effective surface coefficients converted by each unit's external area-to-packed-volume ratio. It bounds standby sensitivity and is not a thermocline-cycle validation.
G0170_T1_homogeneous_none__AIP_FLINAK_2017_V10,AIP_FLINAK_2017_V10,FLiNaK (LiF-NaF-KF),T1_homogeneous_none,6.0,0.5,4.70917082034683,2.354585410173415,25.0,3753116.6044317135,542.9336332515134,0.8586726650302672,14.132733496973282,Uniform-hot inventory screen with registered effective surface coefficients converted by each unit's external area-to-packed-volume ratio. It bounds standby sensitivity and is not a thermocline-cycle validation.
G0170_T1_homogeneous_none__AIP_FLINAK_2017_V10,AIP_FLINAK_2017_V10,FLiNaK (LiF-NaF-KF),T1_homogeneous_none,12.0,0.5,4.70917082034683,2.354585410173415,25.0,3753116.6044317135,535.9623780059297,0.7192475601185947,28.07524398814053,Uniform-hot inventory screen with registered effective surface coefficients converted by each unit's external area-to-packed-volume ratio. It bounds standby sensitivity and is not a thermocline-cycle validation.
G0170_T1_homogeneous_none__AIP_FLINAK_2017_V10,AIP_FLINAK_2017_V10,FLiNaK (LiF-NaF-KF),T1_homogeneous_none,24.0,0.5,4.70917082034683,2.354585410173415,25.0,3753116.6044317135,522.3000985475709,0.44600197095141764,55.39980290485824,Uniform-hot inventory screen with registered effective surface coefficients converted by each unit's external area-to-packed-volume ratio. It bounds standby sensitivity and is not a thermocline-cycle validation.
G0174_T1_homogeneous_none__AIP_FLINAK_2017_V10,AIP_FLINAK_2017_V10,FLiNaK (LiF-NaF-KF),T1_homogeneous_none,2.0,0.0,5.043183985325774,0.0,25.0,3736987.1385596814,550.0,1.0,0.0,Uniform-hot inventory screen with registered effective surface coefficients converted by each unit's external area-to-packed-volume ratio. It bounds standby sensitivity and is not a thermocline-cycle validation.
G0174_T1_homogeneous_none__AIP_FLINAK_2017_V10,AIP_FLINAK_2017_V10,FLiNaK (LiF-NaF-KF),T1_homogeneous_none,6.0,0.0,5.043183985325774,0.0,25.0,3736987.1385596814,550.0,1.0,0.0,Uniform-hot inventory screen with registered effective surface coefficients converted by each unit's external area-to-packed-volume ratio. It bounds standby sensitivity and is not a thermocline-cycle validation.
G0174_T1_homogeneous_none__AIP_FLINAK_2017_V10,AIP_FLINAK_2017_V10,FLiNaK (LiF-NaF-KF),T1_homogeneous_none,12.0,0.0,5.043183985325774,0.0,25.0,3736987.1385596814,550.0,1.0,0.0,Uniform-hot inventory screen with registered effective surface coefficients converted by each unit's external area-to-packed-volume ratio. It bounds standby sensitivity and is not a thermocline-cycle validation.
G0174_T1_homogeneous_none__AIP_FLINAK_2017_V10,AIP_FLINAK_2017_V10,FLiNaK (LiF-NaF-KF),T1_homogeneous_none,24.0,0.0,5.043183985325774,0.0,25.0,3736987.1385596814,550.0,1.0,0.0,Uniform-hot inventory screen with registered effective surface coefficients converted by each unit's external area-to-packed-volume ratio. It bounds standby sensitivity and is not a thermocline-cycle validation.
G0174_T1_homogeneous_none__AIP_FLINAK_2017_V10,AIP_FLINAK_2017_V10,FLiNaK (LiF-NaF-KF),T1_homogeneous_none,2.0,0.1,5.043183985325774,0.5043183985325774,25.0,3736987.1385596814,549.4901246315312,0.9898024926306244,1.0197507369375636,Uniform-hot inventory screen with registered effective surface coefficients converted by each unit's external area-to-packed-volume ratio. It bounds standby sensitivity and is not a thermocline-cycle validation.
G0174_T1_homogeneous_none__AIP_FLINAK_2017_V10,AIP_FLINAK_2017_V10,FLiNaK (LiF-NaF-KF),T1_homogeneous_none,6.0,0.1,5.043183985325774,0.5043183985325774,25.0,3736987.1385596814,548.4718589730525,0.9694371794610492,3.0562820538950763,Uniform-hot inventory screen with registered effective surface coefficients converted by each unit's external area-to-packed-volume ratio. It bounds standby sensitivity and is not a thermocline-cycle validation.
G0174_T1_homogeneous_none__AIP_FLINAK_2017_V10,AIP_FLINAK_2017_V10,FLiNaK (LiF-NaF-KF),T1_homogeneous_none,12.0,0.1,5.043183985325774,0.5043183985325774,25.0,3736987.1385596814,546.9481659746729,0.9389633194934572,6.103668050654276,Uniform-hot inventory screen with registered effective surface coefficients converted by each unit's external area-to-packed-volume ratio. It bounds standby sensitivity and is not a thermocline-cycle validation.
G0174_T1_homogeneous_none__AIP_FLINAK_2017_V10,AIP_FLINAK_2017_V10,FLiNaK (LiF-NaF-KF),T1_homogeneous_none,24.0,0.1,5.043183985325774,0.5043183985325774,25.0,3736987.1385596814,543.9140723129993,0.8782814462599867,12.171855374001328,Uniform-hot inventory screen with registered effective surface coefficients converted by each unit's external area-to-packed-volume ratio. It bounds standby sensitivity and is not a thermocline-cycle validation.
G0174_T1_homogeneous_none__AIP_FLINAK_2017_V10,AIP_FLINAK_2017_V10,FLiNaK (LiF-NaF-KF),T1_homogeneous_none,2.0,0.5,5.043183985325774,2.521591992662887,25.0,3736987.1385596814,547.4555702153816,0.9491114043076323,5.08885956923677,Uniform-hot inventory screen with registered effective surface coefficients converted by each unit's external area-to-packed-volume ratio. It bounds standby sensitivity and is not a thermocline-cycle validation.
G0174_T1_homogeneous_none__AIP_FLINAK_2017_V10,AIP_FLINAK_2017_V10,FLiNaK (LiF-NaF-KF),T1_homogeneous_none,6.0,0.5,5.043183985325774,2.521591992662887,25.0,3736987.1385596814,542.4036458685005,0.8480729173700092,15.192708262999076,Uniform-hot inventory screen with registered effective surface coefficients converted by each unit's external area-to-packed-volume ratio. It bounds standby sensitivity and is not a thermocline-cycle validation.
G0174_T1_homogeneous_none__AIP_FLINAK_2017_V10,AIP_FLINAK_2017_V10,FLiNaK (LiF-NaF-KF),T1_homogeneous_none,12.0,0.5,5.043183985325774,2.521591992662887,25.0,3736987.1385596814,534.9172052533651,0.6983441050673014,30.165589493269863,Uniform-hot inventory screen with registered effective surface coefficients converted by each unit's external area-to-packed-volume ratio. It bounds standby sensitivity and is not a thermocline-cycle validation.
G0174_T1_homogeneous_none__AIP_FLINAK_2017_V10,AIP_FLINAK_2017_V10,FLiNaK (LiF-NaF-KF),T1_homogeneous_none,24.0,0.5,5.043183985325774,2.521591992662887,25.0,3736987.1385596814,520.2677261207665,0.40535452241532993,59.46454775846701,Uniform-hot inventory screen with registered effective surface coefficients converted by each unit's external area-to-packed-volume ratio. It bounds standby sensitivity and is not a thermocline-cycle validation.
G0175_T1_homogeneous_none__SOLAR_SALT_60_40_V10,SOLAR_SALT_60_40_V10,Solar Salt (NaNO3-KNO3 60:40 wt%),T1_homogeneous_none,2.0,0.0,6.221522612621201,0.0,25.0,3171703.9299342986,550.0,1.0,0.0,Uniform-hot inventory screen with registered effective surface coefficients converted by each unit's external area-to-packed-volume ratio. It bounds standby sensitivity and is not a thermocline-cycle validation.
G0175_T1_homogeneous_none__SOLAR_SALT_60_40_V10,SOLAR_SALT_60_40_V10,Solar Salt (NaNO3-KNO3 60:40 wt%),T1_homogeneous_none,6.0,0.0,6.221522612621201,0.0,25.0,3171703.9299342986,550.0,1.0,0.0,Uniform-hot inventory screen with registered effective surface coefficients converted by each unit's external area-to-packed-volume ratio. It bounds standby sensitivity and is not a thermocline-cycle validation.
G0175_T1_homogeneous_none__SOLAR_SALT_60_40_V10,SOLAR_SALT_60_40_V10,Solar Salt (NaNO3-KNO3 60:40 wt%),T1_homogeneous_none,12.0,0.0,6.221522612621201,0.0,25.0,3171703.9299342986,550.0,1.0,0.0,Uniform-hot inventory screen with registered effective surface coefficients converted by each unit's external area-to-packed-volume ratio. It bounds standby sensitivity and is not a thermocline-cycle validation.
G0175_T1_homogeneous_none__SOLAR_SALT_60_40_V10,SOLAR_SALT_60_40_V10,Solar Salt (NaNO3-KNO3 60:40 wt%),T1_homogeneous_none,24.0,0.0,6.221522612621201,0.0,25.0,3171703.9299342986,550.0,1.0,0.0,Uniform-hot inventory screen with registered effective surface coefficients converted by each unit's external area-to-packed-volume ratio. It bounds standby sensitivity and is not a thermocline-cycle validation.
G0175_T1_homogeneous_none__SOLAR_SALT_60_40_V10,SOLAR_SALT_60_40_V10,Solar Salt (NaNO3-KNO3 60:40 wt%),T1_homogeneous_none,2.0,0.1,6.221522612621201,0.6221522612621202,25.0,3171703.9299342986,549.2590494994669,0.9851809899893373,1.4819010010662659,Uniform-hot inventory screen with registered effective surface coefficients converted by each unit's external area-to-packed-volume ratio. It bounds standby sensitivity and is not a thermocline-cycle validation.
G0175_T1_homogeneous_none__SOLAR_SALT_60_40_V10,SOLAR_SALT_60_40_V10,Solar Salt (NaNO3-KNO3 60:40 wt%),T1_homogeneous_none,6.0,0.1,6.221522612621201,0.6221522612621202,25.0,3171703.9299342986,547.780284209066,0.9556056841813211,4.4394315818678916,Uniform-hot inventory screen with registered effective surface coefficients converted by each unit's external area-to-packed-volume ratio. It bounds standby sensitivity and is not a thermocline-cycle validation.
G0175_T1_homogeneous_none__SOLAR_SALT_60_40_V10,SOLAR_SALT_60_40_V10,Solar Salt (NaNO3-KNO3 60:40 wt%),T1_homogeneous_none,12.0,0.1,6.221522612621201,0.6221522612621202,25.0,3171703.9299342986,545.5699534432608,0.9113990688652166,8.86009311347834,Uniform-hot inventory screen with registered effective surface coefficients converted by each unit's external area-to-packed-volume ratio. It bounds standby sensitivity and is not a thermocline-cycle validation.
G0175_T1_homogeneous_none__SOLAR_SALT_60_40_V10,SOLAR_SALT_60_40_V10,Solar Salt (NaNO3-KNO3 60:40 wt%),T1_homogeneous_none,24.0,0.1,6.221522612621201,0.6221522612621202,25.0,3171703.9299342986,541.1772884341309,0.823545768682618,17.6454231317382,Uniform-hot inventory screen with registered effective surface coefficients converted by each unit's external area-to-packed-volume ratio. It bounds standby sensitivity and is not a thermocline-cycle validation.
G0175_T1_homogeneous_none__SOLAR_SALT_60_40_V10,SOLAR_SALT_60_40_V10,Solar Salt (NaNO3-KNO3 60:40 wt%),T1_homogeneous_none,2.0,0.5,6.221522612621201,3.1107613063106005,25.0,3171703.9299342986,546.305690037478,0.9261138007495606,7.388619925043938,Uniform-hot inventory screen with registered effective surface coefficients converted by each unit's external area-to-packed-volume ratio. It bounds standby sensitivity and is not a thermocline-cycle validation.
G0175_T1_homogeneous_none__SOLAR_SALT_60_40_V10,SOLAR_SALT_60_40_V10,Solar Salt (NaNO3-KNO3 60:40 wt%),T1_homogeneous_none,6.0,0.5,6.221522612621201,3.1107613063106005,25.0,3171703.9299342986,538.9948753330668,0.7798975066613366,22.010249333866337,Uniform-hot inventory screen with registered effective surface coefficients converted by each unit's external area-to-packed-volume ratio. It bounds standby sensitivity and is not a thermocline-cycle validation.
G0175_T1_homogeneous_none__SOLAR_SALT_60_40_V10,SOLAR_SALT_60_40_V10,Solar Salt (NaNO3-KNO3 60:40 wt%),T1_homogeneous_none,12.0,0.5,6.221522612621201,3.1107613063106005,25.0,3171703.9299342986,528.2204416545807,0.5644088330916134,43.559116690838664,Uniform-hot inventory screen with registered effective surface coefficients converted by each unit's external area-to-packed-volume ratio. It bounds standby sensitivity and is not a thermocline-cycle validation.
G0175_T1_homogeneous_none__SOLAR_SALT_60_40_V10,SOLAR_SALT_60_40_V10,Solar Salt (NaNO3-KNO3 60:40 wt%),T1_homogeneous_none,24.0,0.5,6.221522612621201,3.1107613063106005,25.0,3171703.9299342986,507.3444055219644,0.1468881104392881,85.31118895607119,Uniform-hot inventory screen with registered effective surface coefficients converted by each unit's external area-to-packed-volume ratio. It bounds standby sensitivity and is not a thermocline-cycle validation.
G0175_T1_homogeneous_none__AIP_FLINAK_2017_V10,AIP_FLINAK_2017_V10,FLiNaK (LiF-NaF-KF),T1_homogeneous_none,2.0,0.0,6.221522612621201,0.0,25.0,3721440.01310485,550.0,1.0,0.0,Uniform-hot inventory screen with registered effective surface coefficients converted by each unit's external area-to-packed-volume ratio. It bounds standby sensitivity and is not a thermocline-cycle validation.
G0175_T1_homogeneous_none__AIP_FLINAK_2017_V10,AIP_FLINAK_2017_V10,FLiNaK (LiF-NaF-KF),T1_homogeneous_none,6.0,0.0,6.221522612621201,0.0,25.0,3721440.01310485,550.0,1.0,0.0,Uniform-hot inventory screen with registered effective surface coefficients converted by each unit's external area-to-packed-volume ratio. It bounds standby sensitivity and is not a thermocline-cycle validation.
G0175_T1_homogeneous_none__AIP_FLINAK_2017_V10,AIP_FLINAK_2017_V10,FLiNaK (LiF-NaF-KF),T1_homogeneous_none,12.0,0.0,6.221522612621201,0.0,25.0,3721440.01310485,550.0,1.0,0.0,Uniform-hot inventory screen with registered effective surface coefficients converted by each unit's external area-to-packed-volume ratio. It bounds standby sensitivity and is not a thermocline-cycle validation.
G0175_T1_homogeneous_none__AIP_FLINAK_2017_V10,AIP_FLINAK_2017_V10,FLiNaK (LiF-NaF-KF),T1_homogeneous_none,24.0,0.0,6.221522612621201,0.0,25.0,3721440.01310485,550.0,1.0,0.0,Uniform-hot inventory screen with registered effective surface coefficients converted by each unit's external area-to-packed-volume ratio. It bounds standby sensitivity and is not a thermocline-cycle validation.
G0175_T1_homogeneous_none__AIP_FLINAK_2017_V10,AIP_FLINAK_2017_V10,FLiNaK (LiF-NaF-KF),T1_homogeneous_none,2.0,0.1,6.221522612621201,0.6221522612621202,25.0,3721440.01310485,549.3684378317743,0.9873687566354852,1.2631243364514821,Uniform-hot inventory screen with registered effective surface coefficients converted by each unit's external area-to-packed-volume ratio. It bounds standby sensitivity and is not a thermocline-cycle validation.
G0175_T1_homogeneous_none__AIP_FLINAK_2017_V10,AIP_FLINAK_2017_V10,FLiNaK (LiF-NaF-KF),T1_homogeneous_none,6.0,0.1,6.221522612621201,0.6221522612621202,25.0,3721440.01310485,548.1075918429135,0.9621518368582701,3.7848163141729896,Uniform-hot inventory screen with registered effective surface coefficients converted by each unit's external area-to-packed-volume ratio. It bounds standby sensitivity and is not a thermocline-cycle validation.
G0175_T1_homogeneous_none__AIP_FLINAK_2017_V10,AIP_FLINAK_2017_V10,FLiNaK (LiF-NaF-KF),T1_homogeneous_none,12.0,0.1,6.221522612621201,0.6221522612621202,25.0,3721440.01310485,546.2220050356043,0.9244401007120859,7.555989928791407,Uniform-hot inventory screen with registered effective surface coefficients converted by each unit's external area-to-packed-volume ratio. It bounds standby sensitivity and is not a thermocline-cycle validation.
G0175_T1_homogeneous_none__AIP_FLINAK_2017_V10,AIP_FLINAK_2017_V10,FLiNaK (LiF-NaF-KF),T1_homogeneous_none,24.0,0.1,6.221522612621201,0.6221522612621202,25.0,3721440.01310485,542.4711972063534,0.8494239441270679,15.05760558729321,Uniform-hot inventory screen with registered effective surface coefficients converted by each unit's external area-to-packed-volume ratio. It bounds standby sensitivity and is not a thermocline-cycle validation.
G0175_T1_homogeneous_none__AIP_FLINAK_2017_V10,AIP_FLINAK_2017_V10,FLiNaK (LiF-NaF-KF),T1_homogeneous_none,2.0,0.5,6.221522612621201,3.1107613063106005,25.0,3721440.01310485,546.8497775632347,0.9369955512646948,6.30044487353052,Uniform-hot inventory screen with registered effective surface coefficients converted by each unit's external area-to-packed-volume ratio. It bounds standby sensitivity and is not a thermocline-cycle validation.
G0175_T1_homogeneous_none__AIP_FLINAK_2017_V10,AIP_FLINAK_2017_V10,FLiNaK (LiF-NaF-KF),T1_homogeneous_none,6.0,0.5,6.221522612621201,3.1107613063106005,25.0,3721440.01310485,540.6059272736856,0.812118545473711,18.788145452628903,Uniform-hot inventory screen with registered effective surface coefficients converted by each unit's external area-to-packed-volume ratio. It bounds standby sensitivity and is not a thermocline-cycle validation.
G0175_T1_homogeneous_none__AIP_FLINAK_2017_V10,AIP_FLINAK_2017_V10,FLiNaK (LiF-NaF-KF),T1_homogeneous_none,12.0,0.5,6.221522612621201,3.1107613063106005,25.0,3721440.01310485,531.379947123347,0.627598942466941,37.2401057533059,Uniform-hot inventory screen with registered effective surface coefficients converted by each unit's external area-to-packed-volume ratio. It bounds standby sensitivity and is not a thermocline-cycle validation.
G0175_T1_homogeneous_none__AIP_FLINAK_2017_V10,AIP_FLINAK_2017_V10,FLiNaK (LiF-NaF-KF),T1_homogeneous_none,24.0,0.5,6.221522612621201,3.1107613063106005,25.0,3721440.01310485,513.4202873307498,0.2684057466149966,73.15942533850034,Uniform-hot inventory screen with registered effective surface coefficients converted by each unit's external area-to-packed-volume ratio. It bounds standby sensitivity and is not a thermocline-cycle validation.
G0184_T1_homogeneous_none__AIP_FLINAK_2017_V10,AIP_FLINAK_2017_V10,FLiNaK (LiF-NaF-KF),T1_homogeneous_none,2.0,0.0,5.790955388750883,0.0,25.0,3769642.351976339,550.0,1.0,0.0,Uniform-hot inventory screen with registered effective surface coefficients converted by each unit's external area-to-packed-volume ratio. It bounds standby sensitivity and is not a thermocline-cycle validation.
G0184_T1_homogeneous_none__AIP_FLINAK_2017_V10,AIP_FLINAK_2017_V10,FLiNaK (LiF-NaF-KF),T1_homogeneous_none,6.0,0.0,5.790955388750883,0.0,25.0,3769642.351976339,550.0,1.0,0.0,Uniform-hot inventory screen with registered effective surface coefficients converted by each unit's external area-to-packed-volume ratio. It bounds standby sensitivity and is not a thermocline-cycle validation.
G0184_T1_homogeneous_none__AIP_FLINAK_2017_V10,AIP_FLINAK_2017_V10,FLiNaK (LiF-NaF-KF),T1_homogeneous_none,12.0,0.0,5.790955388750883,0.0,25.0,3769642.351976339,550.0,1.0,0.0,Uniform-hot inventory screen with registered effective surface coefficients converted by each unit's external area-to-packed-volume ratio. It bounds standby sensitivity and is not a thermocline-cycle validation.
G0184_T1_homogeneous_none__AIP_FLINAK_2017_V10,AIP_FLINAK_2017_V10,FLiNaK (LiF-NaF-KF),T1_homogeneous_none,24.0,0.0,5.790955388750883,0.0,25.0,3769642.351976339,550.0,1.0,0.0,Uniform-hot inventory screen with registered effective surface coefficients converted by each unit's external area-to-packed-volume ratio. It bounds standby sensitivity and is not a thermocline-cycle validation.
G0184_T1_homogeneous_none__AIP_FLINAK_2017_V10,AIP_FLINAK_2017_V10,FLiNaK (LiF-NaF-KF),T1_homogeneous_none,2.0,0.1,5.790955388750883,0.5790955388750884,25.0,3769642.351976339,549.4196343324319,0.9883926866486377,1.1607313351362336,Uniform-hot inventory screen with registered effective surface coefficients converted by each unit's external area-to-packed-volume ratio. It bounds standby sensitivity and is not a thermocline-cycle validation.
G0184_T1_homogeneous_none__AIP_FLINAK_2017_V10,AIP_FLINAK_2017_V10,FLiNaK (LiF-NaF-KF),T1_homogeneous_none,6.0,0.1,5.790955388750883,0.5790955388750884,25.0,3769642.351976339,548.2608269983984,0.9652165399679689,3.4783460032031144,Uniform-hot inventory screen with registered effective surface coefficients converted by each unit's external area-to-packed-volume ratio. It bounds standby sensitivity and is not a thermocline-cycle validation.
G0184_T1_homogeneous_none__AIP_FLINAK_2017_V10,AIP_FLINAK_2017_V10,FLiNaK (LiF-NaF-KF),T1_homogeneous_none,12.0,0.1,5.790955388750883,0.5790955388750884,25.0,3769642.351976339,546.5274153734246,0.9305483074684912,6.945169253150885,Uniform-hot inventory screen with registered effective surface coefficients converted by each unit's external area-to-packed-volume ratio. It bounds standby sensitivity and is not a thermocline-cycle validation.
G0184_T1_homogeneous_none__AIP_FLINAK_2017_V10,AIP_FLINAK_2017_V10,FLiNaK (LiF-NaF-KF),T1_homogeneous_none,24.0,0.1,5.790955388750883,0.5790955388750884,25.0,3769642.351976339,543.0777999734943,0.8615559994698856,13.84440005301144,Uniform-hot inventory screen with registered effective surface coefficients converted by each unit's external area-to-packed-volume ratio. It bounds standby sensitivity and is not a thermocline-cycle validation.
G0184_T1_homogeneous_none__AIP_FLINAK_2017_V10,AIP_FLINAK_2017_V10,FLiNaK (LiF-NaF-KF),T1_homogeneous_none,2.0,0.5,5.790955388750883,2.8954776943754417,25.0,3769642.351976339,547.1045802748943,0.9420916054978852,5.790839450211482,Uniform-hot inventory screen with registered effective surface coefficients converted by each unit's external area-to-packed-volume ratio. It bounds standby sensitivity and is not a thermocline-cycle validation.
G0184_T1_homogeneous_none__AIP_FLINAK_2017_V10,AIP_FLINAK_2017_V10,FLiNaK (LiF-NaF-KF),T1_homogeneous_none,6.0,0.5,5.790955388750883,2.8954776943754417,25.0,3769642.351976339,541.3615582164599,0.8272311643291982,17.27688356708018,Uniform-hot inventory screen with registered effective surface coefficients converted by each unit's external area-to-packed-volume ratio. It bounds standby sensitivity and is not a thermocline-cycle validation.
G0184_T1_homogeneous_none__AIP_FLINAK_2017_V10,AIP_FLINAK_2017_V10,FLiNaK (LiF-NaF-KF),T1_homogeneous_none,12.0,0.5,5.790955388750883,2.8954776943754417,25.0,3769642.351976339,532.8652548642486,0.6573050972849728,34.269490271502725,Uniform-hot inventory screen with registered effective surface coefficients converted by each unit's external area-to-packed-volume ratio. It bounds standby sensitivity and is not a thermocline-cycle validation.
G0184_T1_homogeneous_none__AIP_FLINAK_2017_V10,AIP_FLINAK_2017_V10,FLiNaK (LiF-NaF-KF),T1_homogeneous_none,24.0,0.5,5.790955388750883,2.8954776943754417,25.0,3769642.351976339,516.2897468539585,0.3257949370791698,67.42050629208303,Uniform-hot inventory screen with registered effective surface coefficients converted by each unit's external area-to-packed-volume ratio. It bounds standby sensitivity and is not a thermocline-cycle validation.
G0187_T1_homogeneous_none__AIP_FLINAK_2017_V10,AIP_FLINAK_2017_V10,FLiNaK (LiF-NaF-KF),T1_homogeneous_none,2.0,0.0,4.942171398166918,0.0,25.0,3727126.821713385,550.0,1.0,0.0,Uniform-hot inventory screen with registered effective surface coefficients converted by each unit's external area-to-packed-volume ratio. It bounds standby sensitivity and is not a thermocline-cycle validation.
G0187_T1_homogeneous_none__AIP_FLINAK_2017_V10,AIP_FLINAK_2017_V10,FLiNaK (LiF-NaF-KF),T1_homogeneous_none,6.0,0.0,4.942171398166918,0.0,25.0,3727126.821713385,550.0,1.0,0.0,Uniform-hot inventory screen with registered effective surface coefficients converted by each unit's external area-to-packed-volume ratio. It bounds standby sensitivity and is not a thermocline-cycle validation.
G0187_T1_homogeneous_none__AIP_FLINAK_2017_V10,AIP_FLINAK_2017_V10,FLiNaK (LiF-NaF-KF),T1_homogeneous_none,12.0,0.0,4.942171398166918,0.0,25.0,3727126.821713385,550.0,1.0,0.0,Uniform-hot inventory screen with registered effective surface coefficients converted by each unit's external area-to-packed-volume ratio. It bounds standby sensitivity and is not a thermocline-cycle validation.
G0187_T1_homogeneous_none__AIP_FLINAK_2017_V10,AIP_FLINAK_2017_V10,FLiNaK (LiF-NaF-KF),T1_homogeneous_none,24.0,0.0,4.942171398166918,0.0,25.0,3727126.821713385,550.0,1.0,0.0,Uniform-hot inventory screen with registered effective surface coefficients converted by each unit's external area-to-packed-volume ratio. It bounds standby sensitivity and is not a thermocline-cycle validation.
G0187_T1_homogeneous_none__AIP_FLINAK_2017_V10,AIP_FLINAK_2017_V10,FLiNaK (LiF-NaF-KF),T1_homogeneous_none,2.0,0.1,4.942171398166918,0.49421713981669185,25.0,3727126.821713385,549.4990110651854,0.9899802213037083,1.001977869629167,Uniform-hot inventory screen with registered effective surface coefficients converted by each unit's external area-to-packed-volume ratio. It bounds standby sensitivity and is not a thermocline-cycle validation.
G0187_T1_homogeneous_none__AIP_FLINAK_2017_V10,AIP_FLINAK_2017_V10,FLiNaK (LiF-NaF-KF),T1_homogeneous_none,6.0,0.1,4.942171398166918,0.49421713981669185,25.0,3727126.821713385,548.4984669674184,0.9699693393483676,3.00306606516324,Uniform-hot inventory screen with registered effective surface coefficients converted by each unit's external area-to-packed-volume ratio. It bounds standby sensitivity and is not a thermocline-cycle validation.
G0187_T1_homogeneous_none__AIP_FLINAK_2017_V10,AIP_FLINAK_2017_V10,FLiNaK (LiF-NaF-KF),T1_homogeneous_none,12.0,0.1,4.942171398166918,0.49421713981669185,25.0,3727126.821713385,547.0012284137853,0.9400245682757054,5.997543172429465,Uniform-hot inventory screen with registered effective surface coefficients converted by each unit's external area-to-packed-volume ratio. It bounds standby sensitivity and is not a thermocline-cycle validation.
G0187_T1_homogeneous_none__AIP_FLINAK_2017_V10,AIP_FLINAK_2017_V10,FLiNaK (LiF-NaF-KF),T1_homogeneous_none,24.0,0.1,4.942171398166918,0.49421713981669185,25.0,3727126.821713385,544.0195856485731,0.8803917129714613,11.960828702853865,Uniform-hot inventory screen with registered effective surface coefficients converted by each unit's external area-to-packed-volume ratio. It bounds standby sensitivity and is not a thermocline-cycle validation.
G0187_T1_homogeneous_none__AIP_FLINAK_2017_V10,AIP_FLINAK_2017_V10,FLiNaK (LiF-NaF-KF),T1_homogeneous_none,2.0,0.5,4.942171398166918,2.471085699083459,25.0,3727126.821713385,547.499831526237,0.9499966305247404,5.0003369475259625,Uniform-hot inventory screen with registered effective surface coefficients converted by each unit's external area-to-packed-volume ratio. It bounds standby sensitivity and is not a thermocline-cycle validation.
G0187_T1_homogeneous_none__AIP_FLINAK_2017_V10,AIP_FLINAK_2017_V10,FLiNaK (LiF-NaF-KF),T1_homogeneous_none,6.0,0.5,4.942171398166918,2.471085699083459,25.0,3727126.821713385,542.5351569773195,0.8507031395463901,14.92968604536099,Uniform-hot inventory screen with registered effective surface coefficients converted by each unit's external area-to-packed-volume ratio. It bounds standby sensitivity and is not a thermocline-cycle validation.
G0187_T1_homogeneous_none__AIP_FLINAK_2017_V10,AIP_FLINAK_2017_V10,FLiNaK (LiF-NaF-KF),T1_homogeneous_none,12.0,0.5,4.942171398166918,2.471085699083459,25.0,3727126.821713385,535.1764546810261,0.7035290936205228,29.647090637947716,Uniform-hot inventory screen with registered effective surface coefficients converted by each unit's external area-to-packed-volume ratio. It bounds standby sensitivity and is not a thermocline-cycle validation.
G0187_T1_homogeneous_none__AIP_FLINAK_2017_V10,AIP_FLINAK_2017_V10,FLiNaK (LiF-NaF-KF),T1_homogeneous_none,24.0,0.5,4.942171398166918,2.471085699083459,25.0,3727126.821713385,520.7714569731451,0.4154291394629013,58.45708605370987,Uniform-hot inventory screen with registered effective surface coefficients converted by each unit's external area-to-packed-volume ratio. It bounds standby sensitivity and is not a thermocline-cycle validation.
G0192_T1_homogeneous_none__AIP_FLINAK_2017_V10,AIP_FLINAK_2017_V10,FLiNaK (LiF-NaF-KF),T1_homogeneous_none,2.0,0.0,5.668083775780266,0.0,25.0,3733157.1714615156,550.0,1.0,0.0,Uniform-hot inventory screen with registered effective surface coefficients converted by each unit's external area-to-packed-volume ratio. It bounds standby sensitivity and is not a thermocline-cycle validation.
G0192_T1_homogeneous_none__AIP_FLINAK_2017_V10,AIP_FLINAK_2017_V10,FLiNaK (LiF-NaF-KF),T1_homogeneous_none,6.0,0.0,5.668083775780266,0.0,25.0,3733157.1714615156,550.0,1.0,0.0,Uniform-hot inventory screen with registered effective surface coefficients converted by each unit's external area-to-packed-volume ratio. It bounds standby sensitivity and is not a thermocline-cycle validation.
G0192_T1_homogeneous_none__AIP_FLINAK_2017_V10,AIP_FLINAK_2017_V10,FLiNaK (LiF-NaF-KF),T1_homogeneous_none,12.0,0.0,5.668083775780266,0.0,25.0,3733157.1714615156,550.0,1.0,0.0,Uniform-hot inventory screen with registered effective surface coefficients converted by each unit's external area-to-packed-volume ratio. It bounds standby sensitivity and is not a thermocline-cycle validation.
G0192_T1_homogeneous_none__AIP_FLINAK_2017_V10,AIP_FLINAK_2017_V10,FLiNaK (LiF-NaF-KF),T1_homogeneous_none,24.0,0.0,5.668083775780266,0.0,25.0,3733157.1714615156,550.0,1.0,0.0,Uniform-hot inventory screen with registered effective surface coefficients converted by each unit's external area-to-packed-volume ratio. It bounds standby sensitivity and is not a thermocline-cycle validation.
G0192_T1_homogeneous_none__AIP_FLINAK_2017_V10,AIP_FLINAK_2017_V10,FLiNaK (LiF-NaF-KF),T1_homogeneous_none,2.0,0.1,5.668083775780266,0.5668083775780266,25.0,3733157.1714615156,549.4263930221057,0.9885278604421137,1.1472139557886285,Uniform-hot inventory screen with registered effective surface coefficients converted by each unit's external area-to-packed-volume ratio. It bounds standby sensitivity and is not a thermocline-cycle validation.
G0192_T1_homogeneous_none__AIP_FLINAK_2017_V10,AIP_FLINAK_2017_V10,FLiNaK (LiF-NaF-KF),T1_homogeneous_none,6.0,0.1,5.668083775780266,0.5668083775780266,25.0,3733157.1714615156,548.2810585242364,0.9656211704847283,3.4378829515271714,Uniform-hot inventory screen with registered effective surface coefficients converted by each unit's external area-to-packed-volume ratio. It bounds standby sensitivity and is not a thermocline-cycle validation.
G0192_T1_homogeneous_none__AIP_FLINAK_2017_V10,AIP_FLINAK_2017_V10,FLiNaK (LiF-NaF-KF),T1_homogeneous_none,12.0,0.1,5.668083775780266,0.5668083775780266,25.0,3733157.1714615156,546.5677451623719,0.9313549032474384,6.8645096752561585,Uniform-hot inventory screen with registered effective surface coefficients converted by each unit's external area-to-packed-volume ratio. It bounds standby sensitivity and is not a thermocline-cycle validation.
G0192_T1_homogeneous_none__AIP_FLINAK_2017_V10,AIP_FLINAK_2017_V10,FLiNaK (LiF-NaF-KF),T1_homogeneous_none,24.0,0.1,5.668083775780266,0.5668083775780266,25.0,3733157.1714615156,543.1579291309733,0.8631585826194669,13.684141738053313,Uniform-hot inventory screen with registered effective surface coefficients converted by each unit's external area-to-packed-volume ratio. It bounds standby sensitivity and is not a thermocline-cycle validation.
G0192_T1_homogeneous_none__AIP_FLINAK_2017_V10,AIP_FLINAK_2017_V10,FLiNaK (LiF-NaF-KF),T1_homogeneous_none,2.0,0.5,5.668083775780266,2.834041887890133,25.0,3733157.1714615156,547.1382254090767,0.9427645081815331,5.723549181846687,Uniform-hot inventory screen with registered effective surface coefficients converted by each unit's external area-to-packed-volume ratio. It bounds standby sensitivity and is not a thermocline-cycle validation.
G0192_T1_homogeneous_none__AIP_FLINAK_2017_V10,AIP_FLINAK_2017_V10,FLiNaK (LiF-NaF-KF),T1_homogeneous_none,6.0,0.5,5.668083775780266,2.834041887890133,25.0,3733157.1714615156,541.4613897873943,0.829227795747886,17.077220425211404,Uniform-hot inventory screen with registered effective surface coefficients converted by each unit's external area-to-packed-volume ratio. It bounds standby sensitivity and is not a thermocline-cycle validation.
G0192_T1_homogeneous_none__AIP_FLINAK_2017_V10,AIP_FLINAK_2017_V10,FLiNaK (LiF-NaF-KF),T1_homogeneous_none,12.0,0.5,5.668083775780266,2.834041887890133,25.0,3733157.1714615156,533.0616516973843,0.6612330339476853,33.87669660523147,Uniform-hot inventory screen with registered effective surface coefficients converted by each unit's external area-to-packed-volume ratio. It bounds standby sensitivity and is not a thermocline-cycle validation.
G0192_T1_homogeneous_none__AIP_FLINAK_2017_V10,AIP_FLINAK_2017_V10,FLiNaK (LiF-NaF-KF),T1_homogeneous_none,24.0,0.5,5.668083775780266,2.834041887890133,25.0,3733157.1714615156,516.6697941437604,0.3333958828752088,66.66041171247912,Uniform-hot inventory screen with registered effective surface coefficients converted by each unit's external area-to-packed-volume ratio. It bounds standby sensitivity and is not a thermocline-cycle validation.
G0197_T1_homogeneous_none__AIP_FLINAK_2017_V10,AIP_FLINAK_2017_V10,FLiNaK (LiF-NaF-KF),T1_homogeneous_none,2.0,0.0,5.384352501394019,0.0,25.0,3766739.090559466,550.0,1.0,0.0,Uniform-hot inventory screen with registered effective surface coefficients converted by each unit's external area-to-packed-volume ratio. It bounds standby sensitivity and is not a thermocline-cycle validation.
G0197_T1_homogeneous_none__AIP_FLINAK_2017_V10,AIP_FLINAK_2017_V10,FLiNaK (LiF-NaF-KF),T1_homogeneous_none,6.0,0.0,5.384352501394019,0.0,25.0,3766739.090559466,550.0,1.0,0.0,Uniform-hot inventory screen with registered effective surface coefficients converted by each unit's external area-to-packed-volume ratio. It bounds standby sensitivity and is not a thermocline-cycle validation.
G0197_T1_homogeneous_none__AIP_FLINAK_2017_V10,AIP_FLINAK_2017_V10,FLiNaK (LiF-NaF-KF),T1_homogeneous_none,12.0,0.0,5.384352501394019,0.0,25.0,3766739.090559466,550.0,1.0,0.0,Uniform-hot inventory screen with registered effective surface coefficients converted by each unit's external area-to-packed-volume ratio. It bounds standby sensitivity and is not a thermocline-cycle validation.
G0197_T1_homogeneous_none__AIP_FLINAK_2017_V10,AIP_FLINAK_2017_V10,FLiNaK (LiF-NaF-KF),T1_homogeneous_none,24.0,0.0,5.384352501394019,0.0,25.0,3766739.090559466,550.0,1.0,0.0,Uniform-hot inventory screen with registered effective surface coefficients converted by each unit's external area-to-packed-volume ratio. It bounds standby sensitivity and is not a thermocline-cycle validation.
G0197_T1_homogeneous_none__AIP_FLINAK_2017_V10,AIP_FLINAK_2017_V10,FLiNaK (LiF-NaF-KF),T1_homogeneous_none,2.0,0.1,5.384352501394019,0.538435250139402,25.0,3766739.090559466,549.4599471329303,0.9891989426586065,1.0801057341393472,Uniform-hot inventory screen with registered effective surface coefficients converted by each unit's external area-to-packed-volume ratio. It bounds standby sensitivity and is not a thermocline-cycle validation.
G0197_T1_homogeneous_none__AIP_FLINAK_2017_V10,AIP_FLINAK_2017_V10,FLiNaK (LiF-NaF-KF),T1_homogeneous_none,6.0,0.1,5.384352501394019,0.538435250139402,25.0,3766739.090559466,548.3815074393208,0.9676301487864157,3.2369851213584266,Uniform-hot inventory screen with registered effective surface coefficients converted by each unit's external area-to-packed-volume ratio. It bounds standby sensitivity and is not a thermocline-cycle validation.
G0197_T1_homogeneous_none__AIP_FLINAK_2017_V10,AIP_FLINAK_2017_V10,FLiNaK (LiF-NaF-KF),T1_homogeneous_none,12.0,0.1,5.384352501394019,0.538435250139402,25.0,3766739.090559466,546.7680044370588,0.9353600887411767,6.463991125882329,Uniform-hot inventory screen with registered effective surface coefficients converted by each unit's external area-to-packed-volume ratio. It bounds standby sensitivity and is not a thermocline-cycle validation.
G0197_T1_homogeneous_none__AIP_FLINAK_2017_V10,AIP_FLINAK_2017_V10,FLiNaK (LiF-NaF-KF),T1_homogeneous_none,24.0,0.1,5.384352501394019,0.538435250139402,25.0,3766739.090559466,543.555905627106,0.8711181125421195,12.888188745788053,Uniform-hot inventory screen with registered effective surface coefficients converted by each unit's external area-to-packed-volume ratio. It bounds standby sensitivity and is not a thermocline-cycle validation.
G0197_T1_homogeneous_none__AIP_FLINAK_2017_V10,AIP_FLINAK_2017_V10,FLiNaK (LiF-NaF-KF),T1_homogeneous_none,2.0,0.5,5.384352501394019,2.6921762506970097,25.0,3766739.090559466,547.3052853262514,0.946105706525027,5.389429347497298,Uniform-hot inventory screen with registered effective surface coefficients converted by each unit's external area-to-packed-volume ratio. It bounds standby sensitivity and is not a thermocline-cycle validation.
G0197_T1_homogeneous_none__AIP_FLINAK_2017_V10,AIP_FLINAK_2017_V10,FLiNaK (LiF-NaF-KF),T1_homogeneous_none,6.0,0.5,5.384352501394019,2.6921762506970097,25.0,3766739.090559466,541.9572791974798,0.8391455839495962,16.085441605040383,Uniform-hot inventory screen with registered effective surface coefficients converted by each unit's external area-to-packed-volume ratio. It bounds standby sensitivity and is not a thermocline-cycle validation.
G0197_T1_homogeneous_none__AIP_FLINAK_2017_V10,AIP_FLINAK_2017_V10,FLiNaK (LiF-NaF-KF),T1_homogeneous_none,12.0,0.5,5.384352501394019,2.6921762506970097,25.0,3766739.090559466,534.0377686004973,0.6807553720099463,31.924462799005372,Uniform-hot inventory screen with registered effective surface coefficients converted by each unit's external area-to-packed-volume ratio. It bounds standby sensitivity and is not a thermocline-cycle validation.
G0197_T1_homogeneous_none__AIP_FLINAK_2017_V10,AIP_FLINAK_2017_V10,FLiNaK (LiF-NaF-KF),T1_homogeneous_none,24.0,0.5,5.384352501394019,2.6921762506970097,25.0,3766739.090559466,518.5608568795686,0.37121713759137265,62.878286240862735,Uniform-hot inventory screen with registered effective surface coefficients converted by each unit's external area-to-packed-volume ratio. It bounds standby sensitivity and is not a thermocline-cycle validation.
G0202_T1_homogeneous_none__AIP_FLINAK_2017_V10,AIP_FLINAK_2017_V10,FLiNaK (LiF-NaF-KF),T1_homogeneous_none,2.0,0.0,4.849769807259363,0.0,25.0,3755111.049081661,550.0,1.0,0.0,Uniform-hot inventory screen with registered effective surface coefficients converted by each unit's external area-to-packed-volume ratio. It bounds standby sensitivity and is not a thermocline-cycle validation.
G0202_T1_homogeneous_none__AIP_FLINAK_2017_V10,AIP_FLINAK_2017_V10,FLiNaK (LiF-NaF-KF),T1_homogeneous_none,6.0,0.0,4.849769807259363,0.0,25.0,3755111.049081661,550.0,1.0,0.0,Uniform-hot inventory screen with registered effective surface coefficients converted by each unit's external area-to-packed-volume ratio. It bounds standby sensitivity and is not a thermocline-cycle validation.
G0202_T1_homogeneous_none__AIP_FLINAK_2017_V10,AIP_FLINAK_2017_V10,FLiNaK (LiF-NaF-KF),T1_homogeneous_none,12.0,0.0,4.849769807259363,0.0,25.0,3755111.049081661,550.0,1.0,0.0,Uniform-hot inventory screen with registered effective surface coefficients converted by each unit's external area-to-packed-volume ratio. It bounds standby sensitivity and is not a thermocline-cycle validation.
G0202_T1_homogeneous_none__AIP_FLINAK_2017_V10,AIP_FLINAK_2017_V10,FLiNaK (LiF-NaF-KF),T1_homogeneous_none,24.0,0.0,4.849769807259363,0.0,25.0,3755111.049081661,550.0,1.0,0.0,Uniform-hot inventory screen with registered effective surface coefficients converted by each unit's external area-to-packed-volume ratio. It bounds standby sensitivity and is not a thermocline-cycle validation.
G0202_T1_homogeneous_none__AIP_FLINAK_2017_V10,AIP_FLINAK_2017_V10,FLiNaK (LiF-NaF-KF),T1_homogeneous_none,2.0,0.1,4.849769807259363,0.4849769807259363,25.0,3755111.049081661,549.5120354936066,0.9902407098721323,0.9759290127867692,Uniform-hot inventory screen with registered effective surface coefficients converted by each unit's external area-to-packed-volume ratio. It bounds standby sensitivity and is not a thermocline-cycle validation.
G0202_T1_homogeneous_none__AIP_FLINAK_2017_V10,AIP_FLINAK_2017_V10,FLiNaK (LiF-NaF-KF),T1_homogeneous_none,6.0,0.1,4.849769807259363,0.4849769807259363,25.0,3755111.049081661,548.5374666841842,0.9707493336836842,2.9250666316315788,Uniform-hot inventory screen with registered effective surface coefficients converted by each unit's external area-to-packed-volume ratio. It bounds standby sensitivity and is not a thermocline-cycle validation.
G0202_T1_homogeneous_none__AIP_FLINAK_2017_V10,AIP_FLINAK_2017_V10,FLiNaK (LiF-NaF-KF),T1_homogeneous_none,12.0,0.1,4.849769807259363,0.4849769807259363,25.0,3755111.049081661,547.07900766113,0.941580153222601,5.841984677739898,Uniform-hot inventory screen with registered effective surface coefficients converted by each unit's external area-to-packed-volume ratio. It bounds standby sensitivity and is not a thermocline-cycle validation.
G0202_T1_homogeneous_none__AIP_FLINAK_2017_V10,AIP_FLINAK_2017_V10,FLiNaK (LiF-NaF-KF),T1_homogeneous_none,24.0,0.1,4.849769807259363,0.4849769807259363,25.0,3755111.049081661,544.1742671246291,0.8834853424925814,11.651465750741863,Uniform-hot inventory screen with registered effective surface coefficients converted by each unit's external area-to-packed-volume ratio. It bounds standby sensitivity and is not a thermocline-cycle validation.
G0202_T1_homogeneous_none__AIP_FLINAK_2017_V10,AIP_FLINAK_2017_V10,FLiNaK (LiF-NaF-KF),T1_homogeneous_none,2.0,0.5,4.849769807259363,2.4248849036296813,25.0,3755111.049081661,547.5647086708923,0.9512941734178457,4.870582658215428,Uniform-hot inventory screen with registered effective surface coefficients converted by each unit's external area-to-packed-volume ratio. It bounds standby sensitivity and is not a thermocline-cycle validation.
G0202_T1_homogeneous_none__AIP_FLINAK_2017_V10,AIP_FLINAK_2017_V10,FLiNaK (LiF-NaF-KF),T1_homogeneous_none,6.0,0.5,4.849769807259363,2.4248849036296813,25.0,3755111.049081661,542.7279630058024,0.8545592601160479,14.544073988395212,Uniform-hot inventory screen with registered effective surface coefficients converted by each unit's external area-to-packed-volume ratio. It bounds standby sensitivity and is not a thermocline-cycle validation.
G0202_T1_homogeneous_none__AIP_FLINAK_2017_V10,AIP_FLINAK_2017_V10,FLiNaK (LiF-NaF-KF),T1_homogeneous_none,12.0,0.5,4.849769807259363,2.4248849036296813,25.0,3755111.049081661,535.5566546250237,0.7111330925004745,28.88669074995255,Uniform-hot inventory screen with registered effective surface coefficients converted by each unit's external area-to-packed-volume ratio. It bounds standby sensitivity and is not a thermocline-cycle validation.
G0202_T1_homogeneous_none__AIP_FLINAK_2017_V10,AIP_FLINAK_2017_V10,FLiNaK (LiF-NaF-KF),T1_homogeneous_none,24.0,0.5,4.849769807259363,2.4248849036296813,25.0,3755111.049081661,521.5106620607538,0.4302132412150763,56.97867587849237,Uniform-hot inventory screen with registered effective surface coefficients converted by each unit's external area-to-packed-volume ratio. It bounds standby sensitivity and is not a thermocline-cycle validation.
G0212_T1_homogeneous_none__AIP_FLINAK_2017_V10,AIP_FLINAK_2017_V10,FLiNaK (LiF-NaF-KF),T1_homogeneous_none,2.0,0.0,6.106190167527984,0.0,25.0,3753632.3643995184,550.0,1.0,0.0,Uniform-hot inventory screen with registered effective surface coefficients converted by each unit's external area-to-packed-volume ratio. It bounds standby sensitivity and is not a thermocline-cycle validation.
G0212_T1_homogeneous_none__AIP_FLINAK_2017_V10,AIP_FLINAK_2017_V10,FLiNaK (LiF-NaF-KF),T1_homogeneous_none,6.0,0.0,6.106190167527984,0.0,25.0,3753632.3643995184,550.0,1.0,0.0,Uniform-hot inventory screen with registered effective surface coefficients converted by each unit's external area-to-packed-volume ratio. It bounds standby sensitivity and is not a thermocline-cycle validation.
G0212_T1_homogeneous_none__AIP_FLINAK_2017_V10,AIP_FLINAK_2017_V10,FLiNaK (LiF-NaF-KF),T1_homogeneous_none,12.0,0.0,6.106190167527984,0.0,25.0,3753632.3643995184,550.0,1.0,0.0,Uniform-hot inventory screen with registered effective surface coefficients converted by each unit's external area-to-packed-volume ratio. It bounds standby sensitivity and is not a thermocline-cycle validation.
G0212_T1_homogeneous_none__AIP_FLINAK_2017_V10,AIP_FLINAK_2017_V10,FLiNaK (LiF-NaF-KF),T1_homogeneous_none,24.0,0.0,6.106190167527984,0.0,25.0,3753632.3643995184,550.0,1.0,0.0,Uniform-hot inventory screen with registered effective surface coefficients converted by each unit's external area-to-packed-volume ratio. It bounds standby sensitivity and is not a thermocline-cycle validation.
G0212_T1_homogeneous_none__AIP_FLINAK_2017_V10,AIP_FLINAK_2017_V10,FLiNaK (LiF-NaF-KF),T1_homogeneous_none,2.0,0.1,6.106190167527984,0.6106190167527985,25.0,3753632.3643995184,549.3854516164807,0.9877090323296147,1.2290967670385289,Uniform-hot inventory screen with registered effective surface coefficients converted by each unit's external area-to-packed-volume ratio. It bounds standby sensitivity and is not a thermocline-cycle validation.
G0212_T1_homogeneous_none__AIP_FLINAK_2017_V10,AIP_FLINAK_2017_V10,FLiNaK (LiF-NaF-KF),T1_homogeneous_none,6.0,0.1,6.106190167527984,0.6106190167527985,25.0,3753632.3643995184,548.1585121200304,0.9631702424006084,3.6829757599391555,Uniform-hot inventory screen with registered effective surface coefficients converted by each unit's external area-to-packed-volume ratio. It bounds standby sensitivity and is not a thermocline-cycle validation.
G0212_T1_homogeneous_none__AIP_FLINAK_2017_V10,AIP_FLINAK_2017_V10,FLiNaK (LiF-NaF-KF),T1_homogeneous_none,12.0,0.1,6.106190167527984,0.6106190167527985,25.0,3753632.3643995184,546.3234834355125,0.9264696687102492,7.353033128975084,Uniform-hot inventory screen with registered effective surface coefficients converted by each unit's external area-to-packed-volume ratio. It bounds standby sensitivity and is not a thermocline-cycle validation.
G0212_T1_homogeneous_none__AIP_FLINAK_2017_V10,AIP_FLINAK_2017_V10,FLiNaK (LiF-NaF-KF),T1_homogeneous_none,24.0,0.1,6.106190167527984,0.6106190167527985,25.0,3753632.3643995184,542.6727131073086,0.8534542621461719,14.654573785382807,Uniform-hot inventory screen with registered effective surface coefficients converted by each unit's external area-to-packed-volume ratio. It bounds standby sensitivity and is not a thermocline-cycle validation.
G0212_T1_homogeneous_none__AIP_FLINAK_2017_V10,AIP_FLINAK_2017_V10,FLiNaK (LiF-NaF-KF),T1_homogeneous_none,2.0,0.5,6.106190167527984,3.053095083763992,25.0,3753632.3643995184,546.9344433754733,0.9386888675094656,6.131113249053444,Uniform-hot inventory screen with registered effective surface coefficients converted by each unit's external area-to-packed-volume ratio. It bounds standby sensitivity and is not a thermocline-cycle validation.
G0212_T1_homogeneous_none__AIP_FLINAK_2017_V10,AIP_FLINAK_2017_V10,FLiNaK (LiF-NaF-KF),T1_homogeneous_none,6.0,0.5,6.106190167527984,3.053095083763992,25.0,3753632.3643995184,540.856926389255,0.8171385277851004,18.286147221489955,Uniform-hot inventory screen with registered effective surface coefficients converted by each unit's external area-to-packed-volume ratio. It bounds standby sensitivity and is not a thermocline-cycle validation.
G0212_T1_homogeneous_none__AIP_FLINAK_2017_V10,AIP_FLINAK_2017_V10,FLiNaK (LiF-NaF-KF),T1_homogeneous_none,12.0,0.5,6.106190167527984,3.053095083763992,25.0,3753632.3643995184,531.8730828643226,0.6374616572864511,36.25383427135489,Uniform-hot inventory screen with registered effective surface coefficients converted by each unit's external area-to-packed-volume ratio. It bounds standby sensitivity and is not a thermocline-cycle validation.
G0212_T1_homogeneous_none__AIP_FLINAK_2017_V10,AIP_FLINAK_2017_V10,FLiNaK (LiF-NaF-KF),T1_homogeneous_none,24.0,0.5,6.106190167527984,3.053095083763992,25.0,3753632.3643995184,514.3720421569187,0.2874408431383745,71.25591568616255,Uniform-hot inventory screen with registered effective surface coefficients converted by each unit's external area-to-packed-volume ratio. It bounds standby sensitivity and is not a thermocline-cycle validation.
G0213_T1_homogeneous_none__AIP_FLINAK_2017_V10,AIP_FLINAK_2017_V10,FLiNaK (LiF-NaF-KF),T1_homogeneous_none,2.0,0.0,6.503811599195677,0.0,25.0,3716272.29077283,550.0,1.0,0.0,Uniform-hot inventory screen with registered effective surface coefficients converted by each unit's external area-to-packed-volume ratio. It bounds standby sensitivity and is not a thermocline-cycle validation.
G0213_T1_homogeneous_none__AIP_FLINAK_2017_V10,AIP_FLINAK_2017_V10,FLiNaK (LiF-NaF-KF),T1_homogeneous_none,6.0,0.0,6.503811599195677,0.0,25.0,3716272.29077283,550.0,1.0,0.0,Uniform-hot inventory screen with registered effective surface coefficients converted by each unit's external area-to-packed-volume ratio. It bounds standby sensitivity and is not a thermocline-cycle validation.
G0213_T1_homogeneous_none__AIP_FLINAK_2017_V10,AIP_FLINAK_2017_V10,FLiNaK (LiF-NaF-KF),T1_homogeneous_none,12.0,0.0,6.503811599195677,0.0,25.0,3716272.29077283,550.0,1.0,0.0,Uniform-hot inventory screen with registered effective surface coefficients converted by each unit's external area-to-packed-volume ratio. It bounds standby sensitivity and is not a thermocline-cycle validation.
G0213_T1_homogeneous_none__AIP_FLINAK_2017_V10,AIP_FLINAK_2017_V10,FLiNaK (LiF-NaF-KF),T1_homogeneous_none,24.0,0.0,6.503811599195677,0.0,25.0,3716272.29077283,550.0,1.0,0.0,Uniform-hot inventory screen with registered effective surface coefficients converted by each unit's external area-to-packed-volume ratio. It bounds standby sensitivity and is not a thermocline-cycle validation.
G0213_T1_homogeneous_none__AIP_FLINAK_2017_V10,AIP_FLINAK_2017_V10,FLiNaK (LiF-NaF-KF),T1_homogeneous_none,2.0,0.1,6.503811599195677,0.6503811599195677,25.0,3716272.29077283,549.3388825292848,0.9867776505856954,1.3222349414304557,Uniform-hot inventory screen with registered effective surface coefficients converted by each unit's external area-to-packed-volume ratio. It bounds standby sensitivity and is not a thermocline-cycle validation.
G0213_T1_homogeneous_none__AIP_FLINAK_2017_V10,AIP_FLINAK_2017_V10,FLiNaK (LiF-NaF-KF),T1_homogeneous_none,6.0,0.1,6.503811599195677,0.6503811599195677,25.0,3716272.29077283,548.0191441183925,0.960382882367851,3.9617117632149035,Uniform-hot inventory screen with registered effective surface coefficients converted by each unit's external area-to-packed-volume ratio. It bounds standby sensitivity and is not a thermocline-cycle validation.
G0213_T1_homogeneous_none__AIP_FLINAK_2017_V10,AIP_FLINAK_2017_V10,FLiNaK (LiF-NaF-KF),T1_homogeneous_none,12.0,0.1,6.503811599195677,0.6503811599195677,25.0,3716272.29077283,546.0457621225446,0.9209152424508921,7.908475754910793,Uniform-hot inventory screen with registered effective surface coefficients converted by each unit's external area-to-packed-volume ratio. It bounds standby sensitivity and is not a thermocline-cycle validation.
G0213_T1_homogeneous_none__AIP_FLINAK_2017_V10,AIP_FLINAK_2017_V10,FLiNaK (LiF-NaF-KF),T1_homogeneous_none,24.0,0.1,6.503811599195677,0.6503811599195677,25.0,3716272.29077283,542.1213070968824,0.842426141937649,15.757385806235103,Uniform-hot inventory screen with registered effective surface coefficients converted by each unit's external area-to-packed-volume ratio. It bounds standby sensitivity and is not a thermocline-cycle validation.
G0213_T1_homogeneous_none__AIP_FLINAK_2017_V10,AIP_FLINAK_2017_V10,FLiNaK (LiF-NaF-KF),T1_homogeneous_none,2.0,0.5,6.503811599195677,3.2519057995978384,25.0,3716272.29077283,546.702727432307,0.9340545486461406,6.594545135385943,Uniform-hot inventory screen with registered effective surface coefficients converted by each unit's external area-to-packed-volume ratio. It bounds standby sensitivity and is not a thermocline-cycle validation.
G0213_T1_homogeneous_none__AIP_FLINAK_2017_V10,AIP_FLINAK_2017_V10,FLiNaK (LiF-NaF-KF),T1_homogeneous_none,6.0,0.5,6.503811599195677,3.2519057995978384,25.0,3716272.29077283,540.1701779870398,0.8034035597407956,19.659644025920443,Uniform-hot inventory screen with registered effective surface coefficients converted by each unit's external area-to-packed-volume ratio. It bounds standby sensitivity and is not a thermocline-cycle validation.
G0213_T1_homogeneous_none__AIP_FLINAK_2017_V10,AIP_FLINAK_2017_V10,FLiNaK (LiF-NaF-KF),T1_homogeneous_none,12.0,0.5,6.503811599195677,3.2519057995978384,25.0,3716272.29077283,530.5244043565682,0.6104880871313639,38.951191286863605,Uniform-hot inventory screen with registered effective surface coefficients converted by each unit's external area-to-packed-volume ratio. It bounds standby sensitivity and is not a thermocline-cycle validation.
G0213_T1_homogeneous_none__AIP_FLINAK_2017_V10,AIP_FLINAK_2017_V10,FLiNaK (LiF-NaF-KF),T1_homogeneous_none,24.0,0.5,6.503811599195677,3.2519057995978384,25.0,3716272.29077283,511.77128266678676,0.2354256533357352,76.45743466642648,Uniform-hot inventory screen with registered effective surface coefficients converted by each unit's external area-to-packed-volume ratio. It bounds standby sensitivity and is not a thermocline-cycle validation.
G0225_T1_homogeneous_none__SOLAR_SALT_60_40_V10,SOLAR_SALT_60_40_V10,Solar Salt (NaNO3-KNO3 60:40 wt%),T1_homogeneous_none,2.0,0.0,6.527849710655722,0.0,25.0,3181752.742519634,550.0,1.0,0.0,Uniform-hot inventory screen with registered effective surface coefficients converted by each unit's external area-to-packed-volume ratio. It bounds standby sensitivity and is not a thermocline-cycle validation.
G0225_T1_homogeneous_none__SOLAR_SALT_60_40_V10,SOLAR_SALT_60_40_V10,Solar Salt (NaNO3-KNO3 60:40 wt%),T1_homogeneous_none,6.0,0.0,6.527849710655722,0.0,25.0,3181752.742519634,550.0,1.0,0.0,Uniform-hot inventory screen with registered effective surface coefficients converted by each unit's external area-to-packed-volume ratio. It bounds standby sensitivity and is not a thermocline-cycle validation.
G0225_T1_homogeneous_none__SOLAR_SALT_60_40_V10,SOLAR_SALT_60_40_V10,Solar Salt (NaNO3-KNO3 60:40 wt%),T1_homogeneous_none,12.0,0.0,6.527849710655722,0.0,25.0,3181752.742519634,550.0,1.0,0.0,Uniform-hot inventory screen with registered effective surface coefficients converted by each unit's external area-to-packed-volume ratio. It bounds standby sensitivity and is not a thermocline-cycle validation.
G0225_T1_homogeneous_none__SOLAR_SALT_60_40_V10,SOLAR_SALT_60_40_V10,Solar Salt (NaNO3-KNO3 60:40 wt%),T1_homogeneous_none,24.0,0.0,6.527849710655722,0.0,25.0,3181752.742519634,550.0,1.0,0.0,Uniform-hot inventory screen with registered effective surface coefficients converted by each unit's external area-to-packed-volume ratio. It bounds standby sensitivity and is not a thermocline-cycle validation.
G0225_T1_homogeneous_none__SOLAR_SALT_60_40_V10,SOLAR_SALT_60_40_V10,Solar Salt (NaNO3-KNO3 60:40 wt%),T1_homogeneous_none,2.0,0.1,6.527849710655722,0.6527849710655722,25.0,3181752.742519634,549.2250480208306,0.9845009604166125,1.5499039583387497,Uniform-hot inventory screen with registered effective surface coefficients converted by each unit's external area-to-packed-volume ratio. It bounds standby sensitivity and is not a thermocline-cycle validation.
G0225_T1_homogeneous_none__SOLAR_SALT_60_40_V10,SOLAR_SALT_60_40_V10,Solar Salt (NaNO3-KNO3 60:40 wt%),T1_homogeneous_none,6.0,0.1,6.527849710655722,0.6527849710655722,25.0,3181752.742519634,547.6785740915167,0.9535714818303336,4.642851816966642,Uniform-hot inventory screen with registered effective surface coefficients converted by each unit's external area-to-packed-volume ratio. It bounds standby sensitivity and is not a thermocline-cycle validation.
G0225_T1_homogeneous_none__SOLAR_SALT_60_40_V10,SOLAR_SALT_60_40_V10,Solar Salt (NaNO3-KNO3 60:40 wt%),T1_homogeneous_none,12.0,0.1,6.527849710655722,0.6527849710655722,25.0,3181752.742519634,545.3674129796973,0.9073482595939458,9.265174040605418,Uniform-hot inventory screen with registered effective surface coefficients converted by each unit's external area-to-packed-volume ratio. It bounds standby sensitivity and is not a thermocline-cycle validation.
G0225_T1_homogeneous_none__SOLAR_SALT_60_40_V10,SOLAR_SALT_60_40_V10,Solar Salt (NaNO3-KNO3 60:40 wt%),T1_homogeneous_none,24.0,0.1,6.527849710655722,0.6527849710655722,25.0,3181752.742519634,540.7757037927291,0.8155140758545827,18.448592414541732,Uniform-hot inventory screen with registered effective surface coefficients converted by each unit's external area-to-packed-volume ratio. It bounds standby sensitivity and is not a thermocline-cycle validation.
G0225_T1_homogeneous_none__SOLAR_SALT_60_40_V10,SOLAR_SALT_60_40_V10,Solar Salt (NaNO3-KNO3 60:40 wt%),T1_homogeneous_none,2.0,0.5,6.527849710655722,3.263924855327861,25.0,3181752.742519634,546.1366622899054,0.9227332457981083,7.726675420189166,Uniform-hot inventory screen with registered effective surface coefficients converted by each unit's external area-to-packed-volume ratio. It bounds standby sensitivity and is not a thermocline-cycle validation.
G0225_T1_homogeneous_none__SOLAR_SALT_60_40_V10,SOLAR_SALT_60_40_V10,Solar Salt (NaNO3-KNO3 60:40 wt%),T1_homogeneous_none,6.0,0.5,6.527849710655722,3.263924855327861,25.0,3181752.742519634,538.4950655417755,0.7699013108355097,23.00986891644903,Uniform-hot inventory screen with registered effective surface coefficients converted by each unit's external area-to-packed-volume ratio. It bounds standby sensitivity and is not a thermocline-cycle validation.
G0225_T1_homogeneous_none__SOLAR_SALT_60_40_V10,SOLAR_SALT_60_40_V10,Solar Salt (NaNO3-KNO3 60:40 wt%),T1_homogeneous_none,12.0,0.5,6.527849710655722,3.263924855327861,25.0,3181752.742519634,527.2422520680996,0.5448450413619912,45.51549586380088,Uniform-hot inventory screen with registered effective surface coefficients converted by each unit's external area-to-packed-volume ratio. It bounds standby sensitivity and is not a thermocline-cycle validation.
G0225_T1_homogeneous_none__SOLAR_SALT_60_40_V10,SOLAR_SALT_60_40_V10,Solar Salt (NaNO3-KNO3 60:40 wt%),T1_homogeneous_none,24.0,0.5,6.527849710655722,3.263924855327861,25.0,3181752.742519634,505.47100907130755,0.10942018142615098,89.0579818573849,Uniform-hot inventory screen with registered effective surface coefficients converted by each unit's external area-to-packed-volume ratio. It bounds standby sensitivity and is not a thermocline-cycle validation.
G0225_T1_homogeneous_none__AIP_FLINAK_2017_V10,AIP_FLINAK_2017_V10,FLiNaK (LiF-NaF-KF),T1_homogeneous_none,2.0,0.0,6.527849710655722,0.0,25.0,3716405.1260693753,550.0,1.0,0.0,Uniform-hot inventory screen with registered effective surface coefficients converted by each unit's external area-to-packed-volume ratio. It bounds standby sensitivity and is not a thermocline-cycle validation.
G0225_T1_homogeneous_none__AIP_FLINAK_2017_V10,AIP_FLINAK_2017_V10,FLiNaK (LiF-NaF-KF),T1_homogeneous_none,6.0,0.0,6.527849710655722,0.0,25.0,3716405.1260693753,550.0,1.0,0.0,Uniform-hot inventory screen with registered effective surface coefficients converted by each unit's external area-to-packed-volume ratio. It bounds standby sensitivity and is not a thermocline-cycle validation.
G0225_T1_homogeneous_none__AIP_FLINAK_2017_V10,AIP_FLINAK_2017_V10,FLiNaK (LiF-NaF-KF),T1_homogeneous_none,12.0,0.0,6.527849710655722,0.0,25.0,3716405.1260693753,550.0,1.0,0.0,Uniform-hot inventory screen with registered effective surface coefficients converted by each unit's external area-to-packed-volume ratio. It bounds standby sensitivity and is not a thermocline-cycle validation.
G0225_T1_homogeneous_none__AIP_FLINAK_2017_V10,AIP_FLINAK_2017_V10,FLiNaK (LiF-NaF-KF),T1_homogeneous_none,24.0,0.0,6.527849710655722,0.0,25.0,3716405.1260693753,550.0,1.0,0.0,Uniform-hot inventory screen with registered effective surface coefficients converted by each unit's external area-to-packed-volume ratio. It bounds standby sensitivity and is not a thermocline-cycle validation.
G0225_T1_homogeneous_none__AIP_FLINAK_2017_V10,AIP_FLINAK_2017_V10,FLiNaK (LiF-NaF-KF),T1_homogeneous_none,2.0,0.1,6.527849710655722,0.6527849710655722,25.0,3716405.1260693753,549.3364642841167,0.9867292856823338,1.3270714317666243,Uniform-hot inventory screen with registered effective surface coefficients converted by each unit's external area-to-packed-volume ratio. It bounds standby sensitivity and is not a thermocline-cycle validation.
G0225_T1_homogeneous_none__AIP_FLINAK_2017_V10,AIP_FLINAK_2017_V10,FLiNaK (LiF-NaF-KF),T1_homogeneous_none,6.0,0.1,6.527849710655722,0.6527849710655722,25.0,3716405.1260693753,548.01190767612,0.9602381535224004,3.9761846477599616,Uniform-hot inventory screen with registered effective surface coefficients converted by each unit's external area-to-packed-volume ratio. It bounds standby sensitivity and is not a thermocline-cycle validation.
G0225_T1_homogeneous_none__AIP_FLINAK_2017_V10,AIP_FLINAK_2017_V10,FLiNaK (LiF-NaF-KF),T1_homogeneous_none,12.0,0.1,6.527849710655722,0.6527849710655722,25.0,3716405.1260693753,546.0313439447891,0.9206268788957823,7.937312110421768,Uniform-hot inventory screen with registered effective surface coefficients converted by each unit's external area-to-packed-volume ratio. It bounds standby sensitivity and is not a thermocline-cycle validation.
G0225_T1_homogeneous_none__AIP_FLINAK_2017_V10,AIP_FLINAK_2017_V10,FLiNaK (LiF-NaF-KF),T1_homogeneous_none,24.0,0.1,6.527849710655722,0.6527849710655722,25.0,3716405.1260693753,542.0926883293585,0.841853766587169,15.814623341283095,Uniform-hot inventory screen with registered effective surface coefficients converted by each unit's external area-to-packed-volume ratio. It bounds standby sensitivity and is not a thermocline-cycle validation.
G0225_T1_homogeneous_none__AIP_FLINAK_2017_V10,AIP_FLINAK_2017_V10,FLiNaK (LiF-NaF-KF),T1_homogeneous_none,2.0,0.5,6.527849710655722,3.263924855327861,25.0,3716405.1260693753,546.6906971070264,0.9338139421405276,6.61860578594724,Uniform-hot inventory screen with registered effective surface coefficients converted by each unit's external area-to-packed-volume ratio. It bounds standby sensitivity and is not a thermocline-cycle validation.
G0225_T1_homogeneous_none__AIP_FLINAK_2017_V10,AIP_FLINAK_2017_V10,FLiNaK (LiF-NaF-KF),T1_homogeneous_none,6.0,0.5,6.527849710655722,3.263924855327861,25.0,3716405.1260693753,540.134539749545,0.8026907949908991,19.730920500910088,Uniform-hot inventory screen with registered effective surface coefficients converted by each unit's external area-to-packed-volume ratio. It bounds standby sensitivity and is not a thermocline-cycle validation.
G0225_T1_homogeneous_none__AIP_FLINAK_2017_V10,AIP_FLINAK_2017_V10,FLiNaK (LiF-NaF-KF),T1_homogeneous_none,12.0,0.5,6.527849710655722,3.263924855327861,25.0,3716405.1260693753,530.4544648437628,0.6090892968752564,39.091070312474365,Uniform-hot inventory screen with registered effective surface coefficients converted by each unit's external area-to-packed-volume ratio. It bounds standby sensitivity and is not a thermocline-cycle validation.
G0225_T1_homogeneous_none__AIP_FLINAK_2017_V10,AIP_FLINAK_2017_V10,FLiNaK (LiF-NaF-KF),T1_homogeneous_none,24.0,0.5,6.527849710655722,3.263924855327861,25.0,3716405.1260693753,511.63660196284707,0.23273203925694133,76.72679607430587,Uniform-hot inventory screen with registered effective surface coefficients converted by each unit's external area-to-packed-volume ratio. It bounds standby sensitivity and is not a thermocline-cycle validation.
