design_id,study_model,solver_backend,fluid_model_id,fluid_name,family,topology,gradient_ratio,gradient_orientation,layer_fraction,counterflow_discharge,cycle_coupled_discharge,discharge_initialization,temperature_clipping_used,internal_diameter_m,bed_height_m,porosity,particle_diameter_m,particle_diameter_min_m,particle_diameter_max_m,mass_flow_kg_s,nominal_thermal_input_kW,cold_temperature_C,hot_temperature_C,n_cells,time_step_s,cfl_number,maximum_time_step_s,transport_property_temperature_C,transport_property_treatment,axial_dispersion_m2_s,solid_axial_diffusivity_m2_s,wall_loss_W_m3K,ambient_temperature_C,temperature_extrema_scope,storage_volume_m3,salt_inventory_kg,solid_inventory_kg,stored_heat_MWh,volumetric_capacity_MWh_m3,fluid_volumetric_sensible_kWh_m3,charge_t10_h,charge_t50_h,charge_t90_h,discharge_t10_h,discharge_t50_h,discharge_t90_h,high_grade_discharge_duration_h,high_grade_discharge_fraction,high_grade_fraction_of_charged_inventory,deliverable_energy_MWh,minimum_outlet_grade_fraction,deliverable_energy_definition,threshold_crossing_interpolation_used,thermal_front_thickness_ratio,thermal_front_crossings_90,thermal_front_crossings_10,thermal_front_nonmonotonic_steps,thermal_front_definition,charge_energy_balance_error_pct,discharge_energy_balance_error_pct,charge_final_inventory_fraction,discharge_energy_recovery_fraction,charge_wall_loss_fraction,discharge_wall_loss_fraction,pressure_drop_kPa,pump_power_W,pump_energy_fraction,particle_Re_min,particle_Re_max,Pr,Nu_min,Nu_max,particle_Biot_raw_min,particle_Biot_raw_max,particle_resistance_correction_min,particle_resistance_correction_max,thermal_capacity_ratio_Gamma,interphase_NTU,bed_to_particle_ratio_min,temperature_min_K,temperature_max_K,correlation_valid,source_ids,quantitative_use_class,density_multiplier,cp_multiplier,viscosity_multiplier,conductivity_multiplier,base_design_id,topology_id,sample_seed,sample_index,surface_heat_transfer_coefficient_W_m2K,external_area_to_packed_volume_ratio_m1,skeleton_id,pair_evidence_tier,pair_chemical_compatibility_status,engineering_deployment_eligible,physics_comparison_admissible,admissibility_reason,pareto_scope
G0006_T1_homogeneous_none__SOLAR_SALT_60_40_V10,V16_conservative_MUSCL_LTNE_effective_particle_resistance,numba,SOLAR_SALT_60_40_V10,Solar Salt (NaNO3-KNO3 60:40 wt%),nitrate,homogeneous,1.0,none,0.5,True,True,charge_end_profile_reversed_for_counterflow,False,0.7460449524826657,1.259911043204744,0.45358597165625275,0.01573392023153357,0.01573392023153357,0.01573392023153357,0.23580312132951467,18.07784629672724,500.0,550.0,2048,0.4087822963630118,0.45,5.0,525.0,run-wise frozen at the registered transport-property temperature,0.0,0.0,0.0,25.0,initial state and every explicit transient time step,0.5507566590047178,438.7009895767681,822.1712619164462,0.024130087751855198,0.04381261189916634,37.39729638493229,0.13353555014525229,0.6674506494504129,1.216922186144898,0.13353555014525229,0.6674506494504129,1.216922186144898,1.1527948297300776,0.859297947383724,0.8592979473872082,0.02073493487535831,0.9,"time integral of positive outlet enthalpy flow following the simulated charge end state, with linear within-step interpolation at the registered outlet-grade threshold",True,0.19686874014201786,1,1,0,0.90-to-0.10 solid-temperature thickness at charge t50; reported only for a single crossing of each isotherm,7.069234086998222e-10,5.3942628142067406e-09,0.9999999999959454,1.0000000000336424,0.0,0.0,0.001077377226540889,0.00014466654112389797,7.295784636049638e-09,6.7637031443374775,6.7637031443374775,3.5449440459465764,11.79485864422183,11.79485864422183,1.8022690115854163,1.8022690115854163,0.48045476228214806,0.48045476228214806,0.6317714746331032,62.04793744352246,80.07610466205738,773.1499999999997,823.1499999999999,True,ZAVOICO_SANDIA_SOLAR_SALT_2001,Q1_authoritative_design_basis_full_property_vector,1.0,1.0,1.0,1.0,G0006,T1_homogeneous_none,20260821,5,0.0,6.949020874781064,Ceramic_sphere_Weiss2024,Tier_2_unit_pair_partial,direct_source_unit_pair,False,True,PASS,pooled_material_topology_unit_reference
G0008_T1_homogeneous_none__SOLAR_SALT_60_40_V10,V16_conservative_MUSCL_LTNE_effective_particle_resistance,numba,SOLAR_SALT_60_40_V10,Solar Salt (NaNO3-KNO3 60:40 wt%),nitrate,homogeneous,1.0,none,0.5,True,True,charge_end_profile_reversed_for_counterflow,False,0.8647161770827899,1.8864106263394176,0.5770128688126821,0.010974652764952702,0.010974652764952702,0.010974652764952702,0.21942449172632092,16.822178658198393,500.0,550.0,2048,1.1240630719636604,0.45,5.0,525.0,run-wise frozen at the registered transport-property temperature,0.0,0.0,0.0,25.0,initial state and every explicit transient time step,1.107830412058014,1122.5560250499173,1280.2097574147374,0.04693155862184068,0.04236348642447541,37.39729638493229,0.2791423295376373,1.3950871682038044,2.5119687260968973,0.2791423295376373,1.3950871682038044,2.5119687260968973,2.6117138252657384,0.9339852493197845,0.9339852493197689,0.04383338348038596,0.9,"time integral of positive outlet enthalpy flow following the simulated charge end state, with linear within-step interpolation at the registered outlet-grade threshold",True,0.09152971122417551,1,1,0,0.90-to-0.10 solid-temperature thickness at charge t50; reported only for a single crossing of each isotherm,5.88462611972318e-10,4.025291211462445e-09,1.0000000000000167,1.0000000000274893,0.0,0.0,0.0006368006402131984,7.956816628311418e-05,4.258813283968903e-09,3.26780971190854,3.26780971190854,3.5449440459465764,8.013661310136523,8.013661310136523,1.224497375021565,1.224497375021565,0.5764690770342638,0.5764690770342638,1.038198945985231,173.96613171073722,171.88795552271375,773.15,823.1500000000007,True,ZAVOICO_SANDIA_SOLAR_SALT_2001,Q1_authoritative_design_basis_full_property_vector,1.0,1.0,1.0,1.0,G0008,T1_homogeneous_none,20260821,7,0.0,5.686009821411056,Ceramic_sphere_Weiss2024,Tier_2_unit_pair_partial,direct_source_unit_pair,False,True,PASS,pooled_material_topology_unit_reference
G0008_T1_homogeneous_none__AIP_FLINAK_2017_V10,V16_conservative_MUSCL_LTNE_effective_particle_resistance,numba,AIP_FLINAK_2017_V10,FLiNaK (LiF-NaF-KF),fluoride,homogeneous,1.0,none,0.5,True,True,charge_end_profile_reversed_for_counterflow,False,0.8647161770827899,1.8864106263394176,0.5770128688126821,0.010974652764952702,0.010974652764952702,0.010974652764952702,0.1789593474276425,16.822178658198393,500.0,550.0,2048,1.6537636009625318,0.45,5.0,525.0,run-wise frozen at the registered transport-property temperature,0.0,0.0,0.0,25.0,initial state and every explicit transient time step,1.107830412058014,1346.974541361289,1280.2097574147374,0.058196996855712606,0.052532405882954755,55.02068055555556,0.3463715986460393,1.7300204781180148,3.113669357590451,0.3463715986460393,1.7300204781180148,3.113669357590451,3.297404674470249,0.9515513966295893,0.9515513966334477,0.055377433637701146,0.9,"time integral of positive outlet enthalpy flow following the simulated charge end state, with linear within-step interpolation at the registered outlet-grade threshold",True,0.06721229817446261,1,1,0,0.90-to-0.10 solid-temperature thickness at charge t50; reported only for a single crossing of each isotherm,-1.2312484365395449e-09,1.3589795955226691e-09,0.9999999999959452,1.0000000000094826,0.0,0.0,0.002195135490339641,0.00018642970558517452,9.974405776716422e-09,0.48856285877100375,0.48856285877100375,19.164589033215517,8.151908943566307,8.151908943566307,1.5411055336725155,1.5411055336725155,0.5195713917872464,0.5195713917872464,1.52744765215656,197.33696408445627,171.88795552271375,773.1499999999999,823.1499999999999,True,AIP_AN_CHENG_SU_ZHANG_2017;TASIDOU_ETAL_REFERENCE_VISCOSITY_2019,Q1_primary_experiment_common_table_domain,1.0,1.0,1.0,1.0,G0008,T1_homogeneous_none,20260821,7,0.0,5.686009821411056,Ceramic_sphere_Weiss2024,Tier_3_hypothetical_common_skeleton,unresolved,False,True,PASS,pooled_material_topology_unit_reference
G0008_T1_homogeneous_none__AIP_LIF_NAK_CARBONATE_RECIPROCAL_2017_V10,V16_conservative_MUSCL_LTNE_effective_particle_resistance,numba,AIP_LIF_NAK_CARBONATE_RECIPROCAL_2017_V10,LiF-Na2CO3-K2CO3 reciprocal salt,fluoride_carbonate,homogeneous,1.0,none,0.5,True,True,charge_end_profile_reversed_for_counterflow,False,0.8647161770827899,1.8864106263394176,0.5770128688126821,0.010974652764952702,0.010974652764952702,0.010974652764952702,0.1848591061340483,16.822178658198396,500.0,550.0,2048,1.5903844415226078,0.45,5.0,525.0,run-wise frozen at the registered transport-property temperature,0.0,0.0,0.0,25.0,initial state and every explicit transient time step,1.107830412058014,1338.0252877022158,1280.2097574147374,0.05684830082597386,0.05131498486340243,52.9108125,0.33795669382355475,1.6897834691176907,3.0416102444117934,0.33795669382355475,1.6897834691176907,3.0416102444117934,3.218889395107925,0.9509070848050416,0.9509070848092134,0.05405745201454685,0.9,"time integral of positive outlet enthalpy flow following the simulated charge end state, with linear within-step interpolation at the registered outlet-grade threshold",True,0.06807147428598394,1,1,0,0.90-to-0.10 solid-temperature thickness at charge t50; reported only for a single crossing of each isotherm,-1.2961520745591315e-09,1.499622648282184e-09,0.999999999995613,1.0000000000104388,0.0,0.0,0.003468333374194744,0.00030630645183920505,1.6388613701851895e-08,0.3307191298234761,0.3307191298234761,27.373757098453936,8.267691835658406,8.267691835658406,1.6165292736105752,1.6165292736105752,0.507635455508613,0.507635455508613,1.4688748941448813,202.23967260028206,171.88795552271375,773.1499999999999,823.1499999999999,True,AIP_AN_CHENG_SU_ZHANG_2017,Q1_primary_experiment_direct_table1_resolution,1.0,1.0,1.0,1.0,G0008,T1_homogeneous_none,20260821,7,0.0,5.686009821411056,Ceramic_sphere_Weiss2024,Tier_3_hypothetical_common_skeleton,unresolved,False,True,PASS,pooled_material_topology_unit_reference
G0011_T1_homogeneous_none__SOLAR_SALT_60_40_V10,V16_conservative_MUSCL_LTNE_effective_particle_resistance,numba,SOLAR_SALT_60_40_V10,Solar Salt (NaNO3-KNO3 60:40 wt%),nitrate,homogeneous,1.0,none,0.5,True,True,charge_end_profile_reversed_for_counterflow,False,1.133739926560774,1.879325827107074,0.43943251397965327,0.010202879502093077,0.010202879502093077,0.010202879502093077,0.18648545007847694,14.296907030266434,500.0,550.0,2048,1.7250091091749327,0.45,5.0,525.0,run-wise frozen at the registered transport-property temperature,0.0,0.0,0.0,25.0,initial state and every explicit transient time step,1.8972250324391369,1464.0647242123518,2905.543925832226,0.08343765035101557,0.043978784237178915,37.39729638493229,0.5836280819375055,2.9181404096876253,5.252652737437751,0.5836280819375055,2.9181404096876253,5.252652737437751,5.581062855115866,0.9547685861811196,0.9547685861916184,0.07966364745991372,0.9,"time integral of positive outlet enthalpy flow following the simulated charge end state, with linear within-step interpolation at the registered outlet-grade threshold",True,0.06227998645771458,1,1,0,0.90-to-0.10 solid-temperature thickness at charge t50; reported only for a single crossing of each isotherm,-3.308620044606414e-09,3.6465719333023117e-09,0.9999999999890038,1.0000000000254925,0.0,0.0,0.0013650741255024504,0.00014496125658265918,9.12575004219367e-09,1.5019963095423765,1.5019963095423765,3.5449440459465764,8.733803525029058,8.733803525029058,1.3345359975252034,1.3345359975252034,0.5553329292127122,0.5553329292127122,0.5966044970225891,564.335113329573,184.19563092179402,773.15,823.1499999999997,True,ZAVOICO_SANDIA_SOLAR_SALT_2001,Q1_authoritative_design_basis_full_property_vector,1.0,1.0,1.0,1.0,G0011,T1_homogeneous_none,20260821,10,0.0,4.592357427740836,Ceramic_sphere_Weiss2024,Tier_2_unit_pair_partial,direct_source_unit_pair,False,True,PASS,pooled_material_topology_unit_reference
G0012_T1_homogeneous_none__SOLAR_SALT_60_40_V10,V16_conservative_MUSCL_LTNE_effective_particle_resistance,numba,SOLAR_SALT_60_40_V10,Solar Salt (NaNO3-KNO3 60:40 wt%),nitrate,homogeneous,1.0,none,0.5,True,True,charge_end_profile_reversed_for_counterflow,False,0.9781703804944197,1.4094170265121155,0.5532218760722327,0.011630065436672408,0.011630065436672408,0.011630065436672408,0.2821277862805732,21.629326735200145,500.0,550.0,2048,0.8013824922810039,0.45,5.0,525.0,run-wise frozen at the registered transport-property temperature,0.0,0.0,0.0,25.0,initial state and every explicit transient time step,1.059152293833111,1028.9801552571312,1292.7989963332427,0.045165230811472994,0.042642810740671076,37.39729638493229,0.20902726673663105,1.044245908691662,1.8821358256209522,0.20902726673663105,1.044245908691662,1.8821358256209522,1.9214810561072135,0.917521679778012,0.9175216797912994,0.041440078441704324,0.9,"time integral of positive outlet enthalpy flow following the simulated charge end state, with linear within-step interpolation at the registered outlet-grade threshold",True,0.11465371828256361,1,1,0,0.90-to-0.10 solid-temperature thickness at charge t50; reported only for a single crossing of each isotherm,-4.473332815280173e-09,-8.659295502866371e-10,0.9999999999855181,0.999999999990831,0.0,0.0,0.0005392396354096948,8.66320167489782e-05,3.6101492107868746e-09,3.479581723325858,3.479581723325858,3.5449440459465764,8.453038986569423,8.453038986569423,1.2916348282546608,1.2916348282546608,0.5633863450117987,0.5633863450117987,0.9423878630691582,125.42475719210016,121.18736856526041,773.1499999999987,823.1499999999997,True,ZAVOICO_SANDIA_SOLAR_SALT_2001,Q1_authoritative_design_basis_full_property_vector,1.0,1.0,1.0,1.0,G0012,T1_homogeneous_none,20260821,11,0.0,5.508293567682174,Ceramic_sphere_Weiss2024,Tier_2_unit_pair_partial,direct_source_unit_pair,False,True,PASS,pooled_material_topology_unit_reference
G0012_T1_homogeneous_none__AIP_FLINAK_2017_V10,V16_conservative_MUSCL_LTNE_effective_particle_resistance,numba,AIP_FLINAK_2017_V10,FLiNaK (LiF-NaF-KF),fluoride,homogeneous,1.0,none,0.5,True,True,charge_end_profile_reversed_for_counterflow,False,0.9781703804944197,1.4094170265121155,0.5532218760722327,0.011630065436672408,0.011630065436672408,0.011630065436672408,0.2300992205872356,21.629326735200145,500.0,550.0,2048,1.179025587478152,0.45,5.0,525.0,run-wise frozen at the registered transport-property temperature,0.0,0.0,0.0,25.0,initial state and every explicit transient time step,1.059152293833111,1234.6912241067969,1292.7989963332427,0.055491586132949,0.05239245239428497,55.02068055555556,0.25676557238412956,1.2828453405977434,2.309580123026905,0.25676557238412956,1.2828453405977434,2.309580123026905,2.4114106559901316,0.9379055504276622,0.9379055504276825,0.052045866636127563,0.9,"time integral of positive outlet enthalpy flow following the simulated charge end state, with linear within-step interpolation at the registered outlet-grade threshold",True,0.08630003744073392,1,1,0,0.90-to-0.10 solid-temperature thickness at charge t50; reported only for a single crossing of each isotherm,3.715250329605624e-10,2.67708077927864e-09,0.9999999999999784,1.000000000018271,0.0,0.0,0.001857785340086153,0.00020286637738783735,8.443372869589381e-09,0.5202244145001171,0.5202244145001171,19.164589033215517,8.551979982639612,8.551979982639612,1.6167383328666947,1.6167383328666947,0.5076031336078048,0.5076031336078048,1.3864858314798385,141.44944095040046,121.18736856526041,773.1499999999997,823.1500000000004,True,AIP_AN_CHENG_SU_ZHANG_2017;TASIDOU_ETAL_REFERENCE_VISCOSITY_2019,Q1_primary_experiment_common_table_domain,1.0,1.0,1.0,1.0,G0012,T1_homogeneous_none,20260821,11,0.0,5.508293567682174,Ceramic_sphere_Weiss2024,Tier_3_hypothetical_common_skeleton,unresolved,False,True,PASS,pooled_material_topology_unit_reference
G0013_T1_homogeneous_none__SOLAR_SALT_60_40_V10,V16_conservative_MUSCL_LTNE_effective_particle_resistance,numba,SOLAR_SALT_60_40_V10,Solar Salt (NaNO3-KNO3 60:40 wt%),nitrate,homogeneous,1.0,none,0.5,True,True,charge_end_profile_reversed_for_counterflow,False,0.8178358164887117,1.6005945522951217,0.5647125467181509,0.019451244779141168,0.019451244779141168,0.019451244779141168,0.12765366753694812,9.786568421720126,500.0,550.0,2048,1.4351808301725946,0.45,5.0,525.0,run-wise frozen at the registered transport-property temperature,0.0,0.0,0.0,25.0,initial state and every explicit transient time step,0.8408208418630155,833.8350528303322,999.9086202997687,0.03574152956197924,0.042507901543908405,37.39729638493229,0.36557245035230046,1.826267606394648,3.3005172480552925,0.36557245035230046,1.826267606394648,3.3005172480552925,3.28575646600054,0.8964398915803602,0.896439891582765,0.032040132885456915,0.9,"time integral of positive outlet enthalpy flow following the simulated charge end state, with linear within-step interpolation at the registered outlet-grade threshold",True,0.14468928449916216,1,1,0,0.90-to-0.10 solid-temperature thickness at charge t50; reported only for a single crossing of each isotherm,3.0822011609643596e-10,4.069966585973361e-09,0.9999999999973174,1.000000000027277,0.0,0.0,0.00012763304213311909,9.27784632264135e-06,8.567538151825088e-10,3.766833993776625,3.766833993776625,3.5449440459465764,8.427586302275188,8.427586302275188,1.2877456265652756,1.2877456265652756,0.5641279893414733,0.5641279893414733,0.9873554483177107,76.51671658581304,82.28751272574304,773.1499999999999,823.1500000000003,True,ZAVOICO_SANDIA_SOLAR_SALT_2001,Q1_authoritative_design_basis_full_property_vector,1.0,1.0,1.0,1.0,G0013,T1_homogeneous_none,20260821,12,0.0,6.14049290903785,Ceramic_sphere_Weiss2024,Tier_2_unit_pair_partial,direct_source_unit_pair,False,True,PASS,pooled_material_topology_unit_reference
G0013_T1_homogeneous_none__AIP_FLINAK_2017_V10,V16_conservative_MUSCL_LTNE_effective_particle_resistance,numba,AIP_FLINAK_2017_V10,FLiNaK (LiF-NaF-KF),fluoride,homogeneous,1.0,none,0.5,True,True,charge_end_profile_reversed_for_counterflow,False,0.8178358164887117,1.6005945522951217,0.5647125467181509,0.019451244779141168,0.019451244779141168,0.019451244779141168,0.10411243001829924,9.786568421720128,500.0,550.0,2048,2.1114754173750256,0.45,5.0,525.0,run-wise frozen at the registered transport-property temperature,0.0,0.0,0.0,25.0,initial state and every explicit transient time step,0.8408208418630155,1000.5332141949522,999.9086202997687,0.04410950147187099,0.052460047700693416,55.02068055555556,0.4510346099892727,2.254000008047818,4.060484531802757,0.4510346099892727,2.254000008047818,4.060484531802757,4.165765082701244,0.9217929326968557,0.9217929327016607,0.04065982672155223,0.9,"time integral of positive outlet enthalpy flow following the simulated charge end state, with linear within-step interpolation at the registered outlet-grade threshold",True,0.10926255940881084,1,1,0,0.90-to-0.10 solid-temperature thickness at charge t50; reported only for a single crossing of each isotherm,-1.3165246670610031e-09,1.4679590876198745e-09,0.9999999999947872,1.0000000000094786,0.0,0.0,0.00043633661922467485,2.1558753180656684e-05,1.984583386661813e-09,0.56317085349516,0.56317085349516,19.164589033215517,8.509432960379291,8.509432960379291,1.6086948853870195,1.6086948853870195,0.508849676647651,0.508849676647651,1.452644280952998,86.22074639801595,82.28751272574304,773.1499999999996,823.1499999999997,True,AIP_AN_CHENG_SU_ZHANG_2017;TASIDOU_ETAL_REFERENCE_VISCOSITY_2019,Q1_primary_experiment_common_table_domain,1.0,1.0,1.0,1.0,G0013,T1_homogeneous_none,20260821,12,0.0,6.14049290903785,Ceramic_sphere_Weiss2024,Tier_3_hypothetical_common_skeleton,unresolved,False,True,PASS,pooled_material_topology_unit_reference
G0014_T1_homogeneous_none__SOLAR_SALT_60_40_V10,V16_conservative_MUSCL_LTNE_effective_particle_resistance,numba,SOLAR_SALT_60_40_V10,Solar Salt (NaNO3-KNO3 60:40 wt%),nitrate,homogeneous,1.0,none,0.5,True,True,charge_end_profile_reversed_for_counterflow,False,1.0176537124668277,1.2984788312240005,0.4660140970291187,0.01665808395692877,0.01665808395692877,0.01665808395692877,0.2502002821390361,19.181604630189202,500.0,550.0,2048,0.7590132171776025,0.45,5.0,525.0,run-wise frozen at the registered transport-property temperature,0.0,0.0,0.0,25.0,initial state and every explicit transient time step,1.0561480407996906,864.3170794750266,1540.7610274284402,0.04611849571610158,0.04366669627222121,37.39729638493229,0.24056502244435124,1.2021926012074449,2.1773137482753735,0.24056502244435124,1.2021926012074449,2.1773137482753735,2.1387986844081888,0.8859459612057394,0.8859459612087871,0.0408584950165644,0.9,"time integral of positive outlet enthalpy flow following the simulated charge end state, with linear within-step interpolation at the registered outlet-grade threshold",True,0.15891579270349104,1,1,0,0.90-to-0.10 solid-temperature thickness at charge t50; reported only for a single crossing of each isotherm,4.1098235925574045e-10,5.429412475166373e-09,0.99999999999656,1.0000000000356997,0.0,0.0,0.0004734612253705974,6.745637046273973e-05,3.184702374539968e-09,4.083577824407869,4.083577824407869,3.5449440459465764,10.197974629330933,10.197974629330933,1.5582631559879967,1.5582631559879967,0.5168071115714133,0.5168071115714133,0.6641887292663414,90.9249470068461,77.94887062529847,773.15,823.1499999999999,True,ZAVOICO_SANDIA_SOLAR_SALT_2001,Q1_authoritative_design_basis_full_property_vector,1.0,1.0,1.0,1.0,G0014,T1_homogeneous_none,20260821,13,0.0,5.470873985922176,Ceramic_sphere_Weiss2024,Tier_2_unit_pair_partial,direct_source_unit_pair,False,True,PASS,pooled_material_topology_unit_reference
G0015_T1_homogeneous_none__SOLAR_SALT_60_40_V10,V16_conservative_MUSCL_LTNE_effective_particle_resistance,numba,SOLAR_SALT_60_40_V10,Solar Salt (NaNO3-KNO3 60:40 wt%),nitrate,homogeneous,1.0,none,0.5,True,True,charge_end_profile_reversed_for_counterflow,False,1.1184836875112638,1.6304125851209328,0.5336905649956429,0.010067448094452152,0.010067448094452152,0.010067448094452152,0.3175190665138647,24.342599234285437,500.0,550.0,2048,1.0389147344789609,0.45,5.0,525.0,run-wise frozen at the registered transport-property temperature,0.0,0.0,0.0,25.0,initial state and every explicit transient time step,1.6019417102927382,1501.3621999747647,2040.8054584413726,0.06867864229930447,0.04287212316030785,37.39729638493229,0.2822385028667777,1.4109039269076171,2.5398579383745576,0.2822385028667777,1.4109039269076171,2.5398579383745576,2.651650788626612,0.9377975666579921,0.937797566674112,0.06440666362966238,0.9,"time integral of positive outlet enthalpy flow following the simulated charge end state, with linear within-step interpolation at the registered outlet-grade threshold",True,0.08605280908700289,1,1,0,0.90-to-0.10 solid-temperature thickness at charge t50; reported only for a single crossing of each isotherm,-5.393174795642608e-09,-5.521361146065829e-10,0.9999999999828109,0.9999999999931214,0.0,0.0,0.0008487485478483504,0.0001534615606274167,5.675280552231302e-09,2.592733844380069,2.592733844380069,3.5449440459465764,8.235266491680246,8.235266491680246,1.2583589212723691,1.2583589212723691,0.5697955852211861,0.5697955852211861,0.871038921738452,231.3305492622658,161.9489437466681,773.1499999999993,823.1499999999996,True,ZAVOICO_SANDIA_SOLAR_SALT_2001,Q1_authoritative_design_basis_full_property_vector,1.0,1.0,1.0,1.0,G0015,T1_homogeneous_none,20260821,14,0.0,4.802953673840943,Ceramic_sphere_Weiss2024,Tier_2_unit_pair_partial,direct_source_unit_pair,False,True,PASS,pooled_material_topology_unit_reference
G0015_T1_homogeneous_none__AIP_FLINAK_2017_V10,V16_conservative_MUSCL_LTNE_effective_particle_resistance,numba,AIP_FLINAK_2017_V10,FLiNaK (LiF-NaF-KF),fluoride,homogeneous,1.0,none,0.5,True,True,charge_end_profile_reversed_for_counterflow,False,1.1184836875112638,1.6304125851209328,0.5336905649956429,0.010067448094452152,0.010067448094452152,0.010067448094452152,0.2589638216413344,24.342599234285437,500.0,550.0,2048,1.5285031006102598,0.45,5.0,525.0,run-wise frozen at the registered transport-property temperature,0.0,0.0,0.0,25.0,initial state and every explicit transient time step,1.6019417102927382,1801.5106734991318,2040.8054584413726,0.08374559909527701,0.05227755701546305,55.02068055555556,0.34433778183192304,1.7204151565758548,3.096492531319501,0.34433778183192304,1.7204151565758548,3.096492531319501,3.286113143366576,0.9536532135442285,0.9536532135524123,0.07986425969739755,0.9,"time integral of positive outlet enthalpy flow following the simulated charge end state, with linear within-step interpolation at the registered outlet-grade threshold",True,0.06414352542899864,1,1,0,0.90-to-0.10 solid-temperature thickness at charge t50; reported only for a single crossing of each isotherm,-2.861033632228782e-09,-5.082934073641354e-10,0.9999999999914184,0.9999999999949064,0.0,0.0,0.002983997122924613,0.00036672193753214824,1.3559539282146652e-08,0.3876337885974537,0.3876337885974537,19.164589033215517,8.41075894187003,8.41075894187003,1.5900407177549902,1.5900407177549902,0.5117643281797766,0.5117643281797766,1.2815138765950038,262.5352559193815,161.9489437466681,773.1499999999995,823.1499999999997,True,AIP_AN_CHENG_SU_ZHANG_2017;TASIDOU_ETAL_REFERENCE_VISCOSITY_2019,Q1_primary_experiment_common_table_domain,1.0,1.0,1.0,1.0,G0015,T1_homogeneous_none,20260821,14,0.0,4.802953673840943,Ceramic_sphere_Weiss2024,Tier_3_hypothetical_common_skeleton,unresolved,False,True,PASS,pooled_material_topology_unit_reference
G0016_T1_homogeneous_none__SOLAR_SALT_60_40_V10,V16_conservative_MUSCL_LTNE_effective_particle_resistance,numba,SOLAR_SALT_60_40_V10,Solar Salt (NaNO3-KNO3 60:40 wt%),nitrate,homogeneous,1.0,none,0.5,True,True,charge_end_profile_reversed_for_counterflow,False,0.9820716089858754,1.2732414594123895,0.5136698710889748,0.01615872007188634,0.01615872007188634,0.01615872007188634,0.20464119192756058,15.688816979126432,500.0,550.0,2048,0.9340880842216482,0.45,5.0,525.0,run-wise frozen at the registered transport-property temperature,0.0,0.0,0.0,25.0,initial state and every explicit transient time step,0.9644660955225864,870.0021009415907,1281.4416509858004,0.041575414843080596,0.04310718130589481,37.39729638493229,0.26517722835403806,1.3251077350332736,2.395157529291814,0.26517722835403806,1.3251077350332736,2.395157529291814,2.382597981745107,0.895781739370907,0.8957817393868225,0.037242497423201765,0.9,"time integral of positive outlet enthalpy flow following the simulated charge end state, with linear within-step interpolation at the registered outlet-grade threshold",True,0.1452342635715892,1,1,0,0.90-to-0.10 solid-temperature thickness at charge t50; reported only for a single crossing of each isotherm,-5.055833529610254e-09,-6.256439810670145e-10,0.9999999999822329,0.9999999999912282,0.0,0.0,0.00026696796517463857,3.111021160515547e-05,1.792257704347382e-09,3.478898352445101,3.478898352445101,3.5449440459465764,9.051575304598444,9.051575304598444,1.3830919190796191,1.3830919190796191,0.5464913434316402,0.5464913434316402,0.8038502606514724,92.22370635668474,78.79593518224452,773.1499999999987,823.1499999999995,True,ZAVOICO_SANDIA_SOLAR_SALT_2001,Q1_authoritative_design_basis_full_property_vector,1.0,1.0,1.0,1.0,G0016,T1_homogeneous_none,20260821,15,0.0,5.643816709030597,Ceramic_sphere_Weiss2024,Tier_2_unit_pair_partial,direct_source_unit_pair,False,True,PASS,pooled_material_topology_unit_reference
G0017_T1_homogeneous_none__SOLAR_SALT_60_40_V10,V16_conservative_MUSCL_LTNE_effective_particle_resistance,numba,SOLAR_SALT_60_40_V10,Solar Salt (NaNO3-KNO3 60:40 wt%),nitrate,homogeneous,1.0,none,0.5,True,True,charge_end_profile_reversed_for_counterflow,False,1.0554322697423761,1.5442814425452425,0.5245954675015312,0.01002304579310067,0.01002304579310067,0.01002304579310067,0.16786783118437268,12.869587277749932,500.0,550.0,2048,1.6291285559481175,0.45,5.0,525.0,run-wise frozen at the registered transport-property temperature,0.0,0.0,0.0,25.0,initial state and every explicit transient time step,1.3510675745347875,1244.6603302540886,1754.773568099645,0.05806740697410909,0.04297890650961956,37.39729638493229,0.4516306385656277,2.256343049988275,4.061055461409926,0.4516306385656277,2.256343049988275,4.061055461409926,4.296208345285848,0.950516845685117,0.9505168456851028,0.05519404851414413,0.9,"time integral of positive outlet enthalpy flow following the simulated charge end state, with linear within-step interpolation at the registered outlet-grade threshold",True,0.06829438473699259,1,1,0,0.90-to-0.10 solid-temperature thickness at charge t50; reported only for a single crossing of each isotherm,5.795808277753167e-10,4.6528336739015685e-09,1.0000000000000149,1.0000000000321998,0.0,0.0,0.000513518027783281,4.908784101022483e-05,3.4330522957961694e-09,1.5326200208522858,1.5326200208522858,3.5449440459465764,7.593546867129284,7.593546867129284,1.1603033677180234,1.1603033677180234,0.5895593679433636,0.5895593679433636,0.8398146672928043,362.1342900929984,154.07307064368032,773.15,823.1500000000001,True,ZAVOICO_SANDIA_SOLAR_SALT_2001,Q1_authoritative_design_basis_full_property_vector,1.0,1.0,1.0,1.0,G0017,T1_homogeneous_none,20260821,16,0.0,5.0850170501352885,Ceramic_sphere_Weiss2024,Tier_2_unit_pair_partial,direct_source_unit_pair,False,True,PASS,pooled_material_topology_unit_reference
G0017_T1_homogeneous_none__AIP_FLINAK_2017_V10,V16_conservative_MUSCL_LTNE_effective_particle_resistance,numba,AIP_FLINAK_2017_V10,FLiNaK (LiF-NaF-KF),fluoride,homogeneous,1.0,none,0.5,True,True,charge_end_profile_reversed_for_counterflow,False,1.0554322697423761,1.5442814425452425,0.5245954675015312,0.01002304579310067,0.01002304579310067,0.01002304579310067,0.13691050295478652,12.869587277749932,500.0,550.0,2048,2.3968778537954574,0.45,5.0,525.0,run-wise frozen at the registered transport-property temperature,0.0,0.0,0.0,25.0,initial state and every explicit transient time step,1.3510675745347875,1493.4896255356525,1754.773568099645,0.07055822592633426,0.052224053967566755,55.02068055555556,0.5486187087576369,2.7417619449803956,4.934905181202791,0.5486187087576369,2.7417619449803956,4.934905181202791,5.291873581047979,0.9640169983819911,0.9640169983852329,0.06801932916866313,0.9,"time integral of positive outlet enthalpy flow following the simulated charge end state, with linear within-step interpolation at the registered outlet-grade threshold",True,0.0497313917736373,1,1,0,0.90-to-0.10 solid-temperature thickness at charge t50; reported only for a single crossing of each isotherm,-1.052125053746522e-09,1.1821654766208667e-09,0.999999999996637,1.000000000008198,0.0,0.0,0.0018453545113193501,0.0001198991133980882,8.385850808488245e-09,0.22913856215940673,0.22913856215940673,19.164589033215517,7.879672255411683,7.879672255411683,1.48963961697887,1.48963961697887,0.5280433889773414,0.5280433889773414,1.2355752688476385,416.4102160913832,154.07307064368032,773.15,823.1499999999997,True,AIP_AN_CHENG_SU_ZHANG_2017;TASIDOU_ETAL_REFERENCE_VISCOSITY_2019,Q1_primary_experiment_common_table_domain,1.0,1.0,1.0,1.0,G0017,T1_homogeneous_none,20260821,16,0.0,5.0850170501352885,Ceramic_sphere_Weiss2024,Tier_3_hypothetical_common_skeleton,unresolved,False,True,PASS,pooled_material_topology_unit_reference
G0018_T1_homogeneous_none__SOLAR_SALT_60_40_V10,V16_conservative_MUSCL_LTNE_effective_particle_resistance,numba,SOLAR_SALT_60_40_V10,Solar Salt (NaNO3-KNO3 60:40 wt%),nitrate,homogeneous,1.0,none,0.5,True,True,charge_end_profile_reversed_for_counterflow,False,0.9062384277868658,1.1107759485460382,0.44780780335846715,0.019153070254530072,0.019153070254530072,0.019153070254530072,0.21915919656388544,16.801839804570275,500.0,550.0,2048,0.5648845053507503,0.45,5.0,525.0,run-wise frozen at the registered transport-property temperature,0.0,0.0,0.0,25.0,initial state and every explicit transient time step,0.7164754214776501,563.4328921777958,1080.8669978070245,0.031439265328145186,0.043880451981597964,37.39729638493229,0.18719644857873177,0.9356684181684364,1.7094032781366475,0.18719644857873177,0.9356684181684364,1.7094032781366475,1.6041041107778324,0.8527353381154609,0.852735338125477,0.02680937254969757,0.9,"time integral of positive outlet enthalpy flow following the simulated charge end state, with linear within-step interpolation at the registered outlet-grade threshold",True,0.20623058783856477,1,1,0,0.90-to-0.10 solid-temperature thickness at charge t50; reported only for a single crossing of each isotherm,-2.09232631220857e-09,2.2059021276277235e-09,0.9999999999882542,1.000000000010278,0.0,0.0,0.0004154506991845022,5.184775436773531e-05,2.8190455583225056e-09,5.18610363529028,5.18610363529028,3.5449440459465764,11.146315161817192,11.146315161817192,1.7031707640980522,1.7031707640980522,0.494583700522446,0.494583700522446,0.6171967512574793,57.61693128342103,57.994667893170714,773.1499999999994,823.1499999999996,True,ZAVOICO_SANDIA_SOLAR_SALT_2001,Q1_authoritative_design_basis_full_property_vector,1.0,1.0,1.0,1.0,G0018,T1_homogeneous_none,20260821,17,0.0,6.214392592574494,Ceramic_sphere_Weiss2024,Tier_2_unit_pair_partial,direct_source_unit_pair,False,True,PASS,pooled_material_topology_unit_reference
G0019_T1_homogeneous_none__SOLAR_SALT_60_40_V10,V16_conservative_MUSCL_LTNE_effective_particle_resistance,numba,SOLAR_SALT_60_40_V10,Solar Salt (NaNO3-KNO3 60:40 wt%),nitrate,homogeneous,1.0,none,0.5,True,True,charge_end_profile_reversed_for_counterflow,False,0.9949765152412463,1.3455887163144742,0.4813295955016542,0.01385519621150274,0.01385519621150274,0.01385519621150274,0.24403602829699783,18.709022109389338,500.0,550.0,2048,0.7962369250498451,0.45,5.0,525.0,run-wise frozen at the registered transport-property temperature,0.0,0.0,0.0,25.0,initial state and every explicit transient time step,1.0462317083027386,884.340850615379,1482.518224576837,0.04549735347627547,0.04348688069307713,37.39729638493229,0.24329461598745014,1.2160307260901027,2.1947386131306357,0.24329461598745014,1.2160307260901027,2.1947386131306357,2.2095140958011608,0.9055224651066288,0.9055224651155817,0.04119887567566461,0.9,"time integral of positive outlet enthalpy flow following the simulated charge end state, with linear within-step interpolation at the registered outlet-grade threshold",True,0.13126257019528606,1,1,0,0.90-to-0.10 solid-temperature thickness at charge t50; reported only for a single crossing of each isotherm,-2.4675705923016267e-09,2.6785684781316377e-09,0.999999999990113,1.0000000000167195,0.0,0.0,0.0006132025152781522,8.521354499755674e-05,4.110600799349895e-09,3.465524760281562,3.465524760281562,3.5449440459465764,9.571011972216123,9.571011972216123,1.462462485337923,1.462462485337923,0.532629554647485,0.532629554647485,0.7062741928990267,125.41431314892343,97.11798344633699,773.15,823.1499999999997,True,ZAVOICO_SANDIA_SOLAR_SALT_2001,Q1_authoritative_design_basis_full_property_vector,1.0,1.0,1.0,1.0,G0019,T1_homogeneous_none,20260821,18,0.0,5.506533656748819,Ceramic_sphere_Weiss2024,Tier_2_unit_pair_partial,direct_source_unit_pair,False,True,PASS,pooled_material_topology_unit_reference
G0021_T1_homogeneous_none__SOLAR_SALT_60_40_V10,V16_conservative_MUSCL_LTNE_effective_particle_resistance,numba,SOLAR_SALT_60_40_V10,Solar Salt (NaNO3-KNO3 60:40 wt%),nitrate,homogeneous,1.0,none,0.5,True,True,charge_end_profile_reversed_for_counterflow,False,1.1026436907183752,1.814606559321629,0.5062367984202505,0.011094799735267395,0.011094799735267395,0.011094799735267395,0.27817869719364063,21.326569820350457,500.0,550.0,2048,1.2167006006412129,0.45,5.0,525.0,run-wise frozen at the registered transport-property temperature,0.0,0.0,0.0,25.0,initial state and every explicit transient time step,1.7327773058182327,1540.44325580481,2337.449122837624,0.07484636481474735,0.04319445122199603,37.39729638493229,0.35115331224060836,1.7550906164248816,3.1593658929988826,0.35115331224060836,1.7550906164248816,3.1593658929988826,3.298329236983593,0.9377495931390228,0.9377495931484844,0.0701871481529642,0.9,"time integral of positive outlet enthalpy flow following the simulated charge end state, with linear within-step interpolation at the registered outlet-grade threshold",True,0.08605568771244282,1,1,0,0.90-to-0.10 solid-temperature thickness at charge t50; reported only for a single crossing of each isotherm,-2.9024449510473005e-09,2.8855806633032444e-09,0.9999999999899103,1.0000000000196068,0.0,0.0,0.0009176254474345259,0.00014535838020560788,6.13577305751361e-09,2.5757338195707167,2.5757338195707167,3.5449440459465764,8.619965202002657,8.619965202002657,1.3171413607508287,1.3171413607508287,0.5585703407699381,0.5585703407699381,0.7802921356451773,255.50888042017414,163.55469252441583,773.1499999999991,823.1499999999997,True,ZAVOICO_SANDIA_SOLAR_SALT_2001,Q1_authoritative_design_basis_full_property_vector,1.0,1.0,1.0,1.0,G0021,T1_homogeneous_none,20260821,20,0.0,4.729812409973772,Ceramic_sphere_Weiss2024,Tier_2_unit_pair_partial,direct_source_unit_pair,False,True,PASS,pooled_material_topology_unit_reference
G0022_T1_homogeneous_none__SOLAR_SALT_60_40_V10,V16_conservative_MUSCL_LTNE_effective_particle_resistance,numba,SOLAR_SALT_60_40_V10,Solar Salt (NaNO3-KNO3 60:40 wt%),nitrate,homogeneous,1.0,none,0.5,True,True,charge_end_profile_reversed_for_counterflow,False,0.9906540571056901,1.5727216020726709,0.5412210506457127,0.00885513295938191,0.00885513295938191,0.00885513295938191,0.2579769657630637,19.77780408022528,500.0,550.0,2048,0.9812802407686514,0.45,5.0,525.0,run-wise frozen at the registered transport-property temperature,0.0,0.0,0.0,25.0,initial state and every explicit transient time step,1.2122320955649974,1152.151796402416,1519.3924215271695,0.05186378587396411,0.042783709541852566,37.39729638493229,0.2624924644056165,1.3113720106494755,2.360524134737992,0.2624924644056165,1.3113720106494755,2.360524134737992,2.479381096573217,0.9436160036605683,0.9436160036688598,0.04893949836109745,0.9,"time integral of positive outlet enthalpy flow following the simulated charge end state, with linear within-step interpolation at the registered outlet-grade threshold",True,0.07793530898988904,1,1,0,0.90-to-0.10 solid-temperature thickness at charge t50; reported only for a single crossing of each isotherm,-2.481315153346486e-09,2.746847194146085e-09,0.999999999991213,1.0000000000187774,0.0,0.0,0.0010126215646080927,0.00014875749598761002,6.770536581252939e-09,2.3618918607255805,2.3618918607255805,3.5449440459465764,7.985976005561302,7.985976005561302,1.2202670261876118,1.2202670261876118,0.5773138021119053,0.5773138021119053,0.8978286025562086,269.20433298851907,177.6056451423906,773.1499999999995,823.1499999999997,True,ZAVOICO_SANDIA_SOLAR_SALT_2001,Q1_authoritative_design_basis_full_property_vector,1.0,1.0,1.0,1.0,G0022,T1_homogeneous_none,20260821,21,0.0,5.309417340098594,Ceramic_sphere_Weiss2024,Tier_2_unit_pair_partial,direct_source_unit_pair,False,True,PASS,pooled_material_topology_unit_reference
G0022_T1_homogeneous_none__AIP_FLINAK_2017_V10,V16_conservative_MUSCL_LTNE_effective_particle_resistance,numba,AIP_FLINAK_2017_V10,FLiNaK (LiF-NaF-KF),fluoride,homogeneous,1.0,none,0.5,True,True,charge_end_profile_reversed_for_counterflow,False,0.9906540571056901,1.5727216020726709,0.5412210506457127,0.00885513295938191,0.00885513295938191,0.00885513295938191,0.21040217106622638,19.77780408022528,500.0,550.0,2048,1.4436972471991167,0.45,5.0,525.0,run-wise frozen at the registered transport-property temperature,0.0,0.0,0.0,25.0,initial state and every explicit transient time step,1.2122320955649974,1382.4870232812832,1519.3924215271695,0.06342623318953469,0.05232185603861031,55.02068055555556,0.32082161048869434,1.6037070254304338,2.8865924403723917,0.32082161048869434,1.6037070254304338,2.8865924403723917,3.0784598998519743,0.9585621124849694,0.9585621124935191,0.06079798407312465,0.9,"time integral of positive outlet enthalpy flow following the simulated charge end state, with linear within-step interpolation at the registered outlet-grade threshold",True,0.05732614228624804,1,1,0,0.90-to-0.10 solid-temperature thickness at charge t50; reported only for a single crossing of each isotherm,-2.9215185826103607e-09,-4.955591492716849e-10,0.9999999999910806,0.9999999999950311,0.0,0.0,0.003573729701266778,0.00035683817810594124,1.6240068746930164e-08,0.3531211243356362,0.3531211243356362,19.164589033215517,8.189687084234775,8.189687084234775,1.5482474316057577,1.5482474316057577,0.5184171693925731,0.5184171693925731,1.3209281287721466,306.71497044414593,177.6056451423906,773.1499999999996,823.1499999999997,True,AIP_AN_CHENG_SU_ZHANG_2017;TASIDOU_ETAL_REFERENCE_VISCOSITY_2019,Q1_primary_experiment_common_table_domain,1.0,1.0,1.0,1.0,G0022,T1_homogeneous_none,20260821,21,0.0,5.309417340098594,Ceramic_sphere_Weiss2024,Tier_3_hypothetical_common_skeleton,unresolved,False,True,PASS,pooled_material_topology_unit_reference
G0022_T1_homogeneous_none__AIP_LIF_NAK_CARBONATE_RECIPROCAL_2017_V10,V16_conservative_MUSCL_LTNE_effective_particle_resistance,numba,AIP_LIF_NAK_CARBONATE_RECIPROCAL_2017_V10,LiF-Na2CO3-K2CO3 reciprocal salt,fluoride_carbonate,homogeneous,1.0,none,0.5,True,True,charge_end_profile_reversed_for_counterflow,False,0.9906540571056901,1.5727216020726709,0.5412210506457127,0.00885513295938191,0.00885513295938191,0.00885513295938191,0.21733850637610197,19.77780408022528,500.0,550.0,2048,1.388356675683758,0.45,5.0,525.0,run-wise frozen at the registered transport-property temperature,0.0,0.0,0.0,25.0,initial state and every explicit transient time step,1.2122320955649974,1373.301825883849,1519.3924215271695,0.062041979291476236,0.05117995103285868,52.9108125,0.3139228705573868,1.5688430435226484,2.8233775618556445,0.3139228705573868,1.5688430435226484,2.8233775618556445,3.00978042583669,0.9580676239228014,0.9580676239270177,0.05944041168325229,0.9,"time integral of positive outlet enthalpy flow following the simulated charge end state, with linear within-step interpolation at the registered outlet-grade threshold",True,0.057999887335388634,1,1,0,0.90-to-0.10 solid-temperature thickness at charge t50; reported only for a single crossing of each isotherm,-1.1078804540431975e-09,1.7841728094936116e-09,0.9999999999955991,1.0000000000125646,0.0,0.0,0.005654578953508065,0.0005871261332383506,2.6718663226013005e-08,0.239035589517269,0.239035589517269,27.373757098453936,8.312412064544326,8.312412064544326,1.6252731359307528,1.6252731359307528,0.5062871032306322,0.5062871032306322,1.2702747374574563,314.44048025863106,177.6056451423906,773.15,823.1499999999997,True,AIP_AN_CHENG_SU_ZHANG_2017,Q1_primary_experiment_direct_table1_resolution,1.0,1.0,1.0,1.0,G0022,T1_homogeneous_none,20260821,21,0.0,5.309417340098594,Ceramic_sphere_Weiss2024,Tier_3_hypothetical_common_skeleton,unresolved,False,True,PASS,pooled_material_topology_unit_reference
G0023_T1_homogeneous_none__AIP_FLINAK_2017_V10,V16_conservative_MUSCL_LTNE_effective_particle_resistance,numba,AIP_FLINAK_2017_V10,FLiNaK (LiF-NaF-KF),fluoride,homogeneous,1.0,none,0.5,True,True,charge_end_profile_reversed_for_counterflow,False,1.0140668387238057,1.9218553244572967,0.5567778046021591,0.012422297150883665,0.012422297150883665,0.012422297150883665,0.20013217562247476,18.812424508512628,500.0,550.0,2048,1.999325568412862,0.45,5.0,525.0,run-wise frozen at the registered transport-property temperature,0.0,0.0,0.0,25.0,initial state and every explicit transient time step,1.5521859020008295,1821.0683811631848,1879.5155802868535,0.08135529490358694,0.05241337058835331,55.02068055555556,0.432631838275999,2.1626038231667124,3.8925758080574417,0.432631838275999,2.1626038231667124,3.8925758080574417,4.114222698985053,0.9497165630213693,0.9497165630298302,0.07726447105942451,0.9,"time integral of positive outlet enthalpy flow following the simulated charge end state, with linear within-step interpolation at the registered outlet-grade threshold",True,0.0697216856492432,1,1,0,0.90-to-0.10 solid-temperature thickness at charge t50; reported only for a single crossing of each isotherm,-2.8519520078873484e-09,-5.374811706815308e-10,0.9999999999910912,0.9999999999946141,0.0,0.0,0.0017317962216643113,0.00016448000074813918,7.869811947461185e-09,0.44968469702951286,0.44968469702951286,19.164589033215517,8.302848866903066,8.302848866903066,1.5696404882109822,1.5696404882109822,0.5149902610927164,0.5149902610927164,1.4065928470281688,204.13151476208068,154.71013944635712,773.1499999999993,823.1499999999997,True,AIP_AN_CHENG_SU_ZHANG_2017;TASIDOU_ETAL_REFERENCE_VISCOSITY_2019,Q1_primary_experiment_common_table_domain,1.0,1.0,1.0,1.0,G0023,T1_homogeneous_none,20260821,22,0.0,4.985174229861871,Ceramic_sphere_Weiss2024,Tier_3_hypothetical_common_skeleton,unresolved,False,True,PASS,pooled_material_topology_unit_reference
G0025_T1_homogeneous_none__SOLAR_SALT_60_40_V10,V16_conservative_MUSCL_LTNE_effective_particle_resistance,numba,SOLAR_SALT_60_40_V10,Solar Salt (NaNO3-KNO3 60:40 wt%),nitrate,homogeneous,1.0,none,0.5,True,True,charge_end_profile_reversed_for_counterflow,False,1.0746568804498315,1.018995624149116,0.5256339019818881,0.018126405040597857,0.018126405040597857,0.018126405040597857,0.1339481816155813,10.26913734355854,500.0,550.0,2048,1.399454613148442,0.45,5.0,525.0,run-wise frozen at the registered transport-property temperature,0.0,0.0,0.0,25.0,initial state and every explicit transient time step,0.9242763647677268,853.1678052663137,1197.832758066773,0.03971311868450831,0.042966714500471216,37.39729638493229,0.38679370557853243,1.9339685278924088,3.4924167345905244,0.38679370557853243,1.9339685278924088,3.4924167345905244,3.4971362333587703,0.9011488455184026,0.9011488455274071,0.03578743105447997,0.9,"time integral of positive outlet enthalpy flow following the simulated charge end state, with linear within-step interpolation at the registered outlet-grade threshold",True,0.13769513321196122,1,1,0,0.90-to-0.10 solid-temperature thickness at charge t50; reported only for a single crossing of each isotherm,-2.332978255026319e-09,2.4806157128409723e-09,0.9999999999900077,1.0000000000148257,0.0,0.0,8.005071430538177e-05,6.105943635461699e-06,5.369636140228749e-10,2.1332261212258428,2.1332261212258428,3.5449440459465764,8.043012392761137,8.043012392761137,1.228982256804929,1.228982256804929,0.5755762216741728,0.5755762216741728,0.8433191536858515,97.94918727152964,56.21609038675144,773.1499999999996,823.1499999999997,True,ZAVOICO_SANDIA_SOLAR_SALT_2001,Q1_authoritative_design_basis_full_property_vector,1.0,1.0,1.0,1.0,G0025,T1_homogeneous_none,20260821,24,0.0,5.684835228100105,Ceramic_sphere_Weiss2024,Tier_2_unit_pair_partial,direct_source_unit_pair,False,True,PASS,pooled_material_topology_unit_reference
G0025_T1_homogeneous_none__AIP_FLINAK_2017_V10,V16_conservative_MUSCL_LTNE_effective_particle_resistance,numba,AIP_FLINAK_2017_V10,FLiNaK (LiF-NaF-KF),fluoride,homogeneous,1.0,none,0.5,True,True,charge_end_profile_reversed_for_counterflow,False,1.0746568804498315,1.018995624149116,0.5256339019818881,0.018126405040597857,0.018126405040597857,0.018126405040597857,0.10924614195275044,10.26913734355854,500.0,550.0,2048,2.0589412904391633,0.45,5.0,525.0,run-wise frozen at the registered transport-property temperature,0.0,0.0,0.0,25.0,initial state and every explicit transient time step,0.9242763647677268,1023.730920825719,1197.832758066773,0.0482751049006781,0.05223016268820178,55.02068055555556,0.47012492798361183,2.350624639918062,4.234555920669911,0.47012492798361183,2.350624639918062,4.234555920669911,4.358298308931586,0.9246929928481901,0.9246929928536957,0.04463965123066836,0.9,"time integral of positive outlet enthalpy flow following the simulated charge end state, with linear within-step interpolation at the registered outlet-grade threshold",True,0.10484111076165839,1,1,0,0.90-to-0.10 solid-temperature thickness at charge t50; reported only for a single crossing of each isotherm,-1.527256099365104e-09,1.6833201499366623e-09,0.9999999999940461,1.00000000001092,0.0,0.0,0.00028423289437834757,1.4736007748240218e-05,1.2926009997436958e-09,0.3189338254284029,0.3189338254284029,19.164589033215517,8.264205011523327,8.264205011523327,1.56233492827644,1.56233492827644,0.5161554175993005,0.5161554175993005,1.2407312358554798,111.66241391757859,56.21609038675144,773.1499999999991,823.1499999999999,True,AIP_AN_CHENG_SU_ZHANG_2017;TASIDOU_ETAL_REFERENCE_VISCOSITY_2019,Q1_primary_experiment_common_table_domain,1.0,1.0,1.0,1.0,G0025,T1_homogeneous_none,20260821,24,0.0,5.684835228100105,Ceramic_sphere_Weiss2024,Tier_3_hypothetical_common_skeleton,unresolved,False,True,PASS,pooled_material_topology_unit_reference
G0025_T1_homogeneous_none__AIP_LIF_NAK_CARBONATE_RECIPROCAL_2017_V10,V16_conservative_MUSCL_LTNE_effective_particle_resistance,numba,AIP_LIF_NAK_CARBONATE_RECIPROCAL_2017_V10,LiF-Na2CO3-K2CO3 reciprocal salt,fluoride_carbonate,homogeneous,1.0,none,0.5,True,True,charge_end_profile_reversed_for_counterflow,False,1.0746568804498315,1.018995624149116,0.5256339019818881,0.018126405040597857,0.018126405040597857,0.018126405040597857,0.11284766311602792,10.26913734355854,500.0,550.0,2048,1.9799663681892623,0.45,5.0,525.0,run-wise frozen at the registered transport-property temperature,0.0,0.0,0.0,25.0,initial state and every explicit transient time step,0.9242763647677268,1016.929286936004,1197.832758066773,0.04725006560999996,0.05112114450949315,52.9108125,0.46034218060400145,2.3006109217046125,4.144729597410192,0.46034218060400145,2.3006109217046125,4.144729597410192,4.262427503026322,0.9239413639109012,0.9239413639168912,0.04365629006458293,0.9,"time integral of positive outlet enthalpy flow following the simulated charge end state, with linear within-step interpolation at the registered outlet-grade threshold",True,0.10584883819208553,1,1,0,0.90-to-0.10 solid-temperature thickness at charge t50; reported only for a single crossing of each isotherm,-1.7341572622342483e-09,1.7498225091117092e-09,0.999999999993517,1.0000000000111606,0.0,0.0,0.00044989385357426486,2.4254766097493154e-05,2.127604387945341e-09,0.21589344200720875,0.21589344200720875,27.373757098453936,8.389404852559577,8.389404852559577,1.6403270467631272,1.6403270467631272,0.5039824115474688,0.5039824115474688,1.1931531402443531,114.47171940496573,56.21609038675144,773.1499999999991,823.1499999999997,True,AIP_AN_CHENG_SU_ZHANG_2017,Q1_primary_experiment_direct_table1_resolution,1.0,1.0,1.0,1.0,G0025,T1_homogeneous_none,20260821,24,0.0,5.684835228100105,Ceramic_sphere_Weiss2024,Tier_3_hypothetical_common_skeleton,unresolved,False,True,PASS,pooled_material_topology_unit_reference
G0026_T1_homogeneous_none__SOLAR_SALT_60_40_V10,V16_conservative_MUSCL_LTNE_effective_particle_resistance,numba,SOLAR_SALT_60_40_V10,Solar Salt (NaNO3-KNO3 60:40 wt%),nitrate,homogeneous,1.0,none,0.5,True,True,charge_end_profile_reversed_for_counterflow,False,0.8859096496107859,1.1845786592731,0.4844260022501516,0.01269934342676035,0.01269934342676035,0.01269934342676035,0.2953925181690698,22.646267405431736,500.0,550.0,2048,0.46203369964110785,0.45,5.0,525.0,run-wise frozen at the registered transport-property temperature,0.0,0.0,0.0,25.0,initial state and every explicit transient time step,0.7301845678857046,621.1683788557121,1028.5001309085335,0.03172690393663244,0.043450526527148724,37.39729638493229,0.1401502222244671,0.7004944257337067,1.2681541628208115,0.1401502222244671,0.7004944257337067,1.2681541628208115,1.2491740144255248,0.88809552128452,0.8880955213004916,0.02817652129034747,0.9,"time integral of positive outlet enthalpy flow following the simulated charge end state, with linear within-step interpolation at the registered outlet-grade threshold",True,0.15597887549303593,1,1,0,0.90-to-0.10 solid-temperature thickness at charge t50; reported only for a single crossing of each isotherm,-5.117850587765815e-09,-4.2317260806612467e-10,0.9999999999820158,0.9999999999917558,0.0,0.0,0.0009789920774689255,0.00016467566484318374,6.58224106276707e-09,4.84986815405173,4.84986815405173,3.5449440459465764,10.269284148585832,10.269284148585832,1.5691593388640093,1.5691593388640093,0.5150668372829685,0.5150668372829685,0.715086665316328,88.7747249962478,93.27873256635682,773.1499999999987,823.1499999999995,True,ZAVOICO_SANDIA_SOLAR_SALT_2001,Q1_authoritative_design_basis_full_property_vector,1.0,1.0,1.0,1.0,G0026,T1_homogeneous_none,20260821,25,0.0,6.203497150503343,Ceramic_sphere_Weiss2024,Tier_2_unit_pair_partial,direct_source_unit_pair,False,True,PASS,pooled_material_topology_unit_reference
G0027_T1_homogeneous_none__SOLAR_SALT_60_40_V10,V16_conservative_MUSCL_LTNE_effective_particle_resistance,numba,SOLAR_SALT_60_40_V10,Solar Salt (NaNO3-KNO3 60:40 wt%),nitrate,homogeneous,1.0,none,0.5,True,True,charge_end_profile_reversed_for_counterflow,False,0.8975401432581627,1.0493115840527516,0.5320785149915543,0.010370783063502857,0.010370783063502857,0.010370783063502857,0.13007102686342575,9.971895274484536,500.0,550.0,2048,1.0479114209747027,0.45,5.0,525.0,run-wise frozen at the registered transport-property temperature,0.0,0.0,0.0,25.0,initial state and every explicit transient time step,0.6638991498015362,620.3361325182308,848.7031110259159,0.02847533153029163,0.04289104985117687,37.39729638493229,0.28584694872143734,1.4280703975839062,2.5708760194577716,0.285555862215611,1.4277793110780799,2.5708760194577716,2.674876860979242,0.9345673201635503,0.9345673201773164,0.026612114279033292,0.9,"time integral of positive outlet enthalpy flow following the simulated charge end state, with linear within-step interpolation at the registered outlet-grade threshold",True,0.09056700241436594,1,1,0,0.90-to-0.10 solid-temperature thickness at charge t50; reported only for a single crossing of each isotherm,-4.606548476004946e-09,2.618349981275969e-10,0.9999999999852701,0.999999999998105,0.0,0.0,0.00032570630086410987,2.4124453624100375e-05,2.178059954762732e-09,1.6990743845206213,1.6990743845206213,3.5449440459465764,7.635194226919338,7.635194226919338,1.1666671358841418,1.1666671358841418,0.5882351967022704,0.5882351967022704,0.8654161097918707,211.81976093992017,101.17959055044913,773.1499999999987,823.1499999999994,True,ZAVOICO_SANDIA_SOLAR_SALT_2001,Q1_authoritative_design_basis_full_property_vector,1.0,1.0,1.0,1.0,G0027,T1_homogeneous_none,20260821,26,0.0,6.3626367283969625,Ceramic_sphere_Weiss2024,Tier_2_unit_pair_partial,direct_source_unit_pair,False,True,PASS,pooled_material_topology_unit_reference
G0027_T1_homogeneous_none__AIP_FLINAK_2017_V10,V16_conservative_MUSCL_LTNE_effective_particle_resistance,numba,AIP_FLINAK_2017_V10,FLiNaK (LiF-NaF-KF),fluoride,homogeneous,1.0,none,0.5,True,True,charge_end_profile_reversed_for_counterflow,False,0.8975401432581627,1.0493115840527516,0.5320785149915543,0.010370783063502857,0.010370783063502857,0.010370783063502857,0.10608399228175037,9.971895274484536,500.0,550.0,2048,1.5416700724295695,0.45,5.0,525.0,run-wise frozen at the registered transport-property temperature,0.0,0.0,0.0,25.0,initial state and every explicit transient time step,0.6638991498015362,744.352138283186,848.7031110259159,0.03470072984376321,0.052268073929807764,55.02068055555556,0.34816049135701144,1.739945973411596,3.1321596971526944,0.34816049135701144,1.739945973411596,3.1321596971526944,3.316215800636002,0.9513716739292486,0.9513716739298014,0.033013291438027635,0.9,"time integral of positive outlet enthalpy flow following the simulated charge end state, with linear within-step interpolation at the registered outlet-grade threshold",True,0.06731602258001694,1,1,0,0.90-to-0.10 solid-temperature thickness at charge t50; reported only for a single crossing of each isotherm,-1.6017187576267133e-10,8.486544800234697e-11,0.999999999999419,1.000000000000387,0.0,0.0,0.0011659305558291634,5.869781488753326e-05,5.2981862609066935e-09,0.2540247785973933,0.2540247785973933,19.164589033215517,7.905055211936872,7.905055211936872,1.494438224891782,1.494438224891782,0.5272418106458301,0.5272418106458301,1.2732413283136408,243.19593576088917,101.17959055044913,773.15,823.1499999999999,True,AIP_AN_CHENG_SU_ZHANG_2017;TASIDOU_ETAL_REFERENCE_VISCOSITY_2019,Q1_primary_experiment_common_table_domain,1.0,1.0,1.0,1.0,G0027,T1_homogeneous_none,20260821,26,0.0,6.3626367283969625,Ceramic_sphere_Weiss2024,Tier_3_hypothetical_common_skeleton,unresolved,False,True,PASS,pooled_material_topology_unit_reference
G0027_T1_homogeneous_none__AIP_LIF_NAK_CARBONATE_RECIPROCAL_2017_V10,V16_conservative_MUSCL_LTNE_effective_particle_resistance,numba,AIP_LIF_NAK_CARBONATE_RECIPROCAL_2017_V10,LiF-Na2CO3-K2CO3 reciprocal salt,fluoride_carbonate,homogeneous,1.0,none,0.5,True,True,charge_end_profile_reversed_for_counterflow,False,0.8975401432581627,1.0493115840527516,0.5320785149915543,0.010370783063502857,0.010370783063502857,0.010370783063502857,0.10958126675257732,9.971895274484536,500.0,550.0,2048,1.4825998850799835,0.45,5.0,525.0,run-wise frozen at the registered transport-property temperature,0.0,0.0,0.0,25.0,initial state and every explicit transient time step,0.6638991498015362,739.4066876509582,848.7031110259159,0.03395542639310146,0.05114545846797963,52.9108125,0.34058614026697914,1.702930701335049,3.0648634291012584,0.34058614026697914,1.702930701335049,3.0648634291012584,3.243353602878799,0.9508711966105847,0.9508711966159323,0.03228723692583101,0.9,"time integral of positive outlet enthalpy flow following the simulated charge end state, with linear within-step interpolation at the registered outlet-grade threshold",True,0.068009963210734,1,1,0,0.90-to-0.10 solid-temperature thickness at charge t50; reported only for a single crossing of each isotherm,-1.646849323577726e-09,1.5605072789526275e-09,0.999999999994376,1.0000000000111668,0.0,0.0,0.0018463661402354748,9.666040371018673e-05,8.72470081641215e-09,0.1719550559833042,0.1719550559833042,27.373757098453936,8.031020255362725,8.031020255362725,1.5702543826997222,1.5702543826997222,0.5148925912150092,0.5148925912150092,1.2244165740849178,249.5486125479327,101.17959055044913,773.15,823.1499999999999,True,AIP_AN_CHENG_SU_ZHANG_2017,Q1_primary_experiment_direct_table1_resolution,1.0,1.0,1.0,1.0,G0027,T1_homogeneous_none,20260821,26,0.0,6.3626367283969625,Ceramic_sphere_Weiss2024,Tier_3_hypothetical_common_skeleton,unresolved,False,True,PASS,pooled_material_topology_unit_reference
G0028_T1_homogeneous_none__SOLAR_SALT_60_40_V10,V16_conservative_MUSCL_LTNE_effective_particle_resistance,numba,SOLAR_SALT_60_40_V10,Solar Salt (NaNO3-KNO3 60:40 wt%),nitrate,homogeneous,1.0,none,0.5,True,True,charge_end_profile_reversed_for_counterflow,False,1.0581156185520477,1.1497412350505198,0.5553556253577039,0.008533196484892707,0.008533196484892707,0.008533196484892707,0.18178374765482178,13.936451013956912,500.0,550.0,2048,1.1917702831767727,0.45,5.0,525.0,run-wise frozen at the registered transport-property temperature,0.0,0.0,0.0,25.0,initial state and every explicit transient time step,1.011011833084548,985.9994141754592,1228.1452587270596,0.0430870585516702,0.04261775890417987,37.39729638493229,0.30919817902419433,1.5459908951211574,2.782783611217783,0.30919817902419433,1.5459908951211574,2.782783611217783,2.9408223169574392,0.9495209458358295,0.9495209458436338,0.04091206458926565,0.9,"time integral of positive outlet enthalpy flow following the simulated charge end state, with linear within-step interpolation at the registered outlet-grade threshold",True,0.06973591802703849,1,1,0,0.90-to-0.10 solid-temperature thickness at charge t50; reported only for a single crossing of each isotherm,-2.4071522553015257e-09,2.633737672397274e-09,0.9999999999917808,1.0000000000183196,0.0,0.0,0.00041873837147300306,4.334595436093583e-05,2.7995044327185917e-09,1.405816337514811,1.405816337514811,3.5449440459465764,7.113942292890788,7.113942292890788,1.087019194669616,1.087019194669616,0.6052493823162103,0.6052493823162103,0.9505623579380528,310.56973855639154,134.7374617572721,773.1499999999996,823.1499999999999,True,ZAVOICO_SANDIA_SOLAR_SALT_2001,Q1_authoritative_design_basis_full_property_vector,1.0,1.0,1.0,1.0,G0028,T1_homogeneous_none,20260821,27,0.0,5.519827073425942,Ceramic_sphere_Weiss2024,Tier_2_unit_pair_partial,direct_source_unit_pair,False,True,PASS,pooled_material_topology_unit_reference
G0028_T1_homogeneous_none__AIP_FLINAK_2017_V10,V16_conservative_MUSCL_LTNE_effective_particle_resistance,numba,AIP_FLINAK_2017_V10,FLiNaK (LiF-NaF-KF),fluoride,homogeneous,1.0,none,0.5,True,True,charge_end_profile_reversed_for_counterflow,False,1.0581156185520477,1.1497412350505198,0.5553556253577039,0.008533196484892707,0.008533196484892707,0.008533196484892707,0.14826011716975437,13.936451013956912,500.0,550.0,2048,1.7534004351104135,0.45,5.0,525.0,run-wise frozen at the registered transport-property temperature,0.0,0.0,0.0,25.0,initial state and every explicit transient time step,1.011011833084548,1183.1178836997742,1228.1452587270596,0.05298207960287665,0.052405004441175435,55.02068055555556,0.3803904832836786,1.9009783050654256,3.4215661268475706,0.3803904832836786,1.9009783050654256,3.4215661268475706,3.6690847812709535,0.9639200594621167,0.9639200594623292,0.05107048932123146,0.9,"time integral of positive outlet enthalpy flow following the simulated charge end state, with linear within-step interpolation at the registered outlet-grade threshold",True,0.04991983379291192,1,1,0,0.90-to-0.10 solid-temperature thickness at charge t50; reported only for a single crossing of each isotherm,-2.8044233602031454e-11,2.8197444379429726e-10,0.9999999999997795,1.0000000000016274,0.0,0.0,0.0015056488010691995,0.00010593693815796964,6.841374326944587e-09,0.21018042949694288,0.21018042949694288,19.164589033215517,7.416399648921842,7.416399648921842,1.4020586611067052,1.4020586611067052,0.5431136672880329,0.5431136672880329,1.3985125370003384,359.45496357400907,134.7374617572721,773.15,823.1499999999999,True,AIP_AN_CHENG_SU_ZHANG_2017;TASIDOU_ETAL_REFERENCE_VISCOSITY_2019,Q1_primary_experiment_common_table_domain,1.0,1.0,1.0,1.0,G0028,T1_homogeneous_none,20260821,27,0.0,5.519827073425942,Ceramic_sphere_Weiss2024,Tier_3_hypothetical_common_skeleton,unresolved,False,True,PASS,pooled_material_topology_unit_reference
G0028_T1_homogeneous_none__AIP_LIF_NAK_CARBONATE_RECIPROCAL_2017_V10,V16_conservative_MUSCL_LTNE_effective_particle_resistance,numba,AIP_LIF_NAK_CARBONATE_RECIPROCAL_2017_V10,LiF-Na2CO3-K2CO3 reciprocal salt,fluoride_carbonate,homogeneous,1.0,none,0.5,True,True,charge_end_profile_reversed_for_counterflow,False,1.0581156185520477,1.1497412350505198,0.5553556253577039,0.008533196484892707,0.008533196484892707,0.008533196484892707,0.15314781334018585,13.936451013956912,500.0,550.0,2048,1.6861137760358857,0.45,5.0,525.0,run-wise frozen at the registered transport-property temperature,0.0,0.0,0.0,25.0,initial state and every explicit transient time step,1.011011833084548,1175.2572881764802,1228.1452587270596,0.051797449646288005,0.05123327734776012,52.9108125,0.3718817606034695,1.8584720731419455,3.345062385679871,0.3718817606034695,1.8584720731419455,3.345062385679871,3.585495457767109,0.9634862324869929,0.9634862324898542,0.04990612961213676,0.9,"time integral of positive outlet enthalpy flow following the simulated charge end state, with linear within-step interpolation at the registered outlet-grade threshold",True,0.050502510917347636,1,1,0,0.90-to-0.10 solid-temperature thickness at charge t50; reported only for a single crossing of each isotherm,-7.05635549991257e-10,9.529932398777419e-10,0.9999999999970304,1.0000000000056912,0.0,0.0,0.002384968152845146,0.0001744969519959947,1.1268956184591191e-08,0.1422758351382049,0.1422758351382049,27.373757098453936,7.539900174404163,7.539900174404163,1.4742287925460844,1.4742287925460844,0.5306342373726783,0.5306342373726783,1.344884030458483,369.27314526270476,134.7374617572721,773.1499999999996,823.1499999999997,True,AIP_AN_CHENG_SU_ZHANG_2017,Q1_primary_experiment_direct_table1_resolution,1.0,1.0,1.0,1.0,G0028,T1_homogeneous_none,20260821,27,0.0,5.519827073425942,Ceramic_sphere_Weiss2024,Tier_3_hypothetical_common_skeleton,unresolved,False,True,PASS,pooled_material_topology_unit_reference
G0029_T1_homogeneous_none__SOLAR_SALT_60_40_V10,V16_conservative_MUSCL_LTNE_effective_particle_resistance,numba,SOLAR_SALT_60_40_V10,Solar Salt (NaNO3-KNO3 60:40 wt%),nitrate,homogeneous,1.0,none,0.5,True,True,charge_end_profile_reversed_for_counterflow,False,1.0334641386197911,2.063215610088049,0.5614535232347825,0.00937386804669813,0.00937386804669813,0.00937386804669813,0.20446716376854268,15.675475110315325,500.0,550.0,2048,1.8337054036778138,0.45,5.0,525.0,run-wise frozen at the registered transport-property temperature,0.0,0.0,0.0,25.0,initial state and every explicit transient time step,1.7307140471837346,1706.4295886776347,2073.584032263118,0.07363524533926533,0.04254616495375803,37.39729638493229,0.47014169099851566,2.3491803671559337,4.228219043314082,0.47014169099851566,2.3491803671559337,4.228219043314082,4.500601297852534,0.9566334641027255,0.9566334641094337,0.07044193982895547,0.9,"time integral of positive outlet enthalpy flow following the simulated charge end state, with linear within-step interpolation at the registered outlet-grade threshold",True,0.059861661857705535,1,1,0,0.90-to-0.10 solid-temperature thickness at charge t50; reported only for a single crossing of each isotherm,-2.165889689820233e-09,2.454170200394401e-09,0.9999999999929877,1.0000000000174176,0.0,0.0,0.0006988880537753152,8.137330342643098e-05,4.67254708774008e-09,1.8208728645132795,1.8208728645132795,3.5449440459465764,7.3620439369004655,7.3620439369004655,1.1249294332074122,1.1249294332074122,0.5970300168931477,0.5970300168931477,0.9743621935631485,394.36486819506337,220.10290733874797,773.1499999999999,823.1499999999999,True,ZAVOICO_SANDIA_SOLAR_SALT_2001,Q1_authoritative_design_basis_full_property_vector,1.0,1.0,1.0,1.0,G0029,T1_homogeneous_none,20260821,28,0.0,4.839838432496768,Ceramic_sphere_Weiss2024,Tier_2_unit_pair_partial,direct_source_unit_pair,False,True,PASS,pooled_material_topology_unit_reference
G0029_T1_homogeneous_none__AIP_FLINAK_2017_V10,V16_conservative_MUSCL_LTNE_effective_particle_resistance,numba,AIP_FLINAK_2017_V10,FLiNaK (LiF-NaF-KF),fluoride,homogeneous,1.0,none,0.5,True,True,charge_end_profile_reversed_for_counterflow,False,1.0334641386197911,2.063215610088049,0.5614535232347825,0.00937386804669813,0.00937386804669813,0.00937386804669813,0.1667603735139928,15.675475110315325,500.0,550.0,2048,2.6979099601837517,0.45,5.0,525.0,run-wise frozen at the registered transport-property temperature,0.0,0.0,0.0,25.0,initial state and every explicit transient time step,1.7307140471837346,2047.5746076657338,2073.584032263118,0.09076016089156,0.05244087608767458,55.02068055555556,0.5793012220061264,2.895007271163762,5.21146273975475,0.5793012220061264,2.895007271163762,5.21146273975475,5.620020058381866,0.9696388127270474,0.9696388127345409,0.08800457464980804,0.9,"time integral of positive outlet enthalpy flow following the simulated charge end state, with linear within-step interpolation at the registered outlet-grade threshold",True,0.0420285109404146,1,1,0,0.90-to-0.10 solid-temperature thickness at charge t50; reported only for a single crossing of each isotherm,-2.602540405405307e-09,-3.5952352206436444e-10,0.999999999992272,0.9999999999963939,0.0,0.0,0.002489551936861562,0.00019702142008780392,1.1313000986720815e-08,0.2722345945980997,0.2722345945980997,19.164589033215517,7.626717407431377,7.626717407431377,1.4418189017708811,1.4418189017708811,0.5361667699504237,0.5361667699504237,1.4335279867730863,453.9284271813574,220.10290733874797,773.1499999999996,823.1499999999997,True,AIP_AN_CHENG_SU_ZHANG_2017;TASIDOU_ETAL_REFERENCE_VISCOSITY_2019,Q1_primary_experiment_common_table_domain,1.0,1.0,1.0,1.0,G0029,T1_homogeneous_none,20260821,28,0.0,4.839838432496768,Ceramic_sphere_Weiss2024,Tier_3_hypothetical_common_skeleton,unresolved,False,True,PASS,pooled_material_topology_unit_reference
G0029_T1_homogeneous_none__AIP_LIF_NAK_CARBONATE_RECIPROCAL_2017_V10,V16_conservative_MUSCL_LTNE_effective_particle_resistance,numba,AIP_LIF_NAK_CARBONATE_RECIPROCAL_2017_V10,LiF-Na2CO3-K2CO3 reciprocal salt,fluoride_carbonate,homogeneous,1.0,none,0.5,True,True,charge_end_profile_reversed_for_counterflow,False,1.0334641386197911,2.063215610088049,0.5614535232347825,0.00937386804669813,0.00937386804669813,0.00937386804669813,0.17225796824522335,15.675475110315325,500.0,550.0,2048,2.5943806878209257,0.45,5.0,525.0,run-wise frozen at the registered transport-property temperature,0.0,0.0,0.0,25.0,initial state and every explicit transient time step,1.7307140471837346,2033.9705906726886,2073.584032263118,0.08870996940006987,0.05125628323432237,52.9108125,0.5664397835075599,2.830036933631337,5.0936340837546155,0.5664397835075599,2.830036933631337,5.0936340837546155,5.490777450749427,0.9692181127710048,0.9692181127710118,0.08597930912590929,0.9,"time integral of positive outlet enthalpy flow following the simulated charge end state, with linear within-step interpolation at the registered outlet-grade threshold",True,0.04259369710882697,1,1,0,0.90-to-0.10 solid-temperature thickness at charge t50; reported only for a single crossing of each isotherm,2.1811441541785825e-10,2.696465273288595e-09,0.9999999999999927,1.000000000018885,0.0,0.0,0.0039413070993527845,0.000324350115573225,1.862384594343267e-08,0.18428168784629234,0.18428168784629234,27.373757098453936,7.749293403676069,7.749293403676069,1.5151701207356503,1.5151701207356503,0.523806460867325,0.523806460867325,1.3785567491312067,466.0247913443279,220.10290733874797,773.15,823.1499999999999,True,AIP_AN_CHENG_SU_ZHANG_2017,Q1_primary_experiment_direct_table1_resolution,1.0,1.0,1.0,1.0,G0029,T1_homogeneous_none,20260821,28,0.0,4.839838432496768,Ceramic_sphere_Weiss2024,Tier_3_hypothetical_common_skeleton,unresolved,False,True,PASS,pooled_material_topology_unit_reference
G0030_T1_homogeneous_none__SOLAR_SALT_60_40_V10,V16_conservative_MUSCL_LTNE_effective_particle_resistance,numba,SOLAR_SALT_60_40_V10,Solar Salt (NaNO3-KNO3 60:40 wt%),nitrate,homogeneous,1.0,none,0.5,True,True,charge_end_profile_reversed_for_counterflow,False,0.8072441285954042,1.4352884319430266,0.5355081478770827,0.013498703054426027,0.013498703054426027,0.013498703054426027,0.1302907739461293,9.988742184580003,500.0,550.0,2048,1.164961142108211,0.45,5.0,525.0,run-wise frozen at the registered transport-property temperature,0.0,0.0,0.0,25.0,initial state and every explicit transient time step,0.7345795870626556,690.802947198642,932.1754283549817,0.031477310744008,0.042850783357424226,37.39729638493229,0.31518670900371615,1.5759335450184677,2.83959278388888,0.31518670900371615,1.5759335450184677,2.83959278388888,2.908422213139243,0.9203464062345057,0.9203464062485106,0.02897002982117456,0.9,"time integral of positive outlet enthalpy flow following the simulated charge end state, with linear within-step interpolation at the registered outlet-grade threshold",True,0.11056442048845176,1,1,0,0.90-to-0.10 solid-temperature thickness at charge t50; reported only for a single crossing of each isotherm,-4.621791838133049e-09,-8.871126055964851e-10,0.9999999999847831,0.9999999999903857,0.0,0.0,0.000322731545253962,2.3944503620505074e-05,2.1600523706597272e-09,2.7385706881544927,2.7385706881544927,3.5449440459465764,8.298717967690845,8.298717967690845,1.2680543854065898,1.2680543854065898,0.5679131464604573,0.5679131464604573,0.8774254400246504,143.858682576796,106.32787654903014,773.1499999999983,823.1499999999995,True,ZAVOICO_SANDIA_SOLAR_SALT_2001,Q1_authoritative_design_basis_full_property_vector,1.0,1.0,1.0,1.0,G0030,T1_homogeneous_none,20260821,29,0.0,6.348578639730582,Ceramic_sphere_Weiss2024,Tier_2_unit_pair_partial,direct_source_unit_pair,False,True,PASS,pooled_material_topology_unit_reference
G0033_T1_homogeneous_none__SOLAR_SALT_60_40_V10,V16_conservative_MUSCL_LTNE_effective_particle_resistance,numba,SOLAR_SALT_60_40_V10,Solar Salt (NaNO3-KNO3 60:40 wt%),nitrate,homogeneous,1.0,none,0.5,True,True,charge_end_profile_reversed_for_counterflow,False,1.0922097061738523,1.3151709294914138,0.4433948943745461,0.017331761871178106,0.017331761871178106,0.017331761871178106,0.3062817722430656,23.481092069014622,500.0,550.0,2048,0.6882878454665629,0.45,5.0,525.0,run-wise frozen at the registered transport-property temperature,0.0,0.0,0.0,25.0,initial state and every explicit transient time step,1.2322083441546772,959.4538198773041,1873.7516405647302,0.05413370090230058,0.043932262883220066,37.39729638493229,0.23057642823129815,1.152882141156624,2.0910567127407194,0.23057642823129815,1.152882141156624,2.0910567127407194,2.034227733357013,0.878520663698905,0.8785206637094689,0.04755757484516712,0.9,"time integral of positive outlet enthalpy flow following the simulated charge end state, with linear within-step interpolation at the registered outlet-grade threshold",True,0.16935081303521485,1,1,0,0.90-to-0.10 solid-temperature thickness at charge t50; reported only for a single crossing of each isotherm,-2.583611102835448e-09,2.748090643933665e-09,0.9999999999879755,1.000000000015078,0.0,0.0,0.0005968072722195081,0.00010408928251405992,4.020722568335248e-09,4.515229599320553,4.515229599320553,3.5449440459465764,10.867757855727465,10.867757855727465,1.6606068626678159,1.6606068626678159,0.5009106260644677,0.5009106260644677,0.6062695294502989,86.18841570732495,75.8821255026865,773.1499999999994,823.1499999999997,True,ZAVOICO_SANDIA_SOLAR_SALT_2001,Q1_authoritative_design_basis_full_property_vector,1.0,1.0,1.0,1.0,G0033,T1_homogeneous_none,20260821,32,0.0,5.183015238205027,Ceramic_sphere_Weiss2024,Tier_2_unit_pair_partial,direct_source_unit_pair,False,True,PASS,pooled_material_topology_unit_reference
G0034_T1_homogeneous_none__SOLAR_SALT_60_40_V10,V16_conservative_MUSCL_LTNE_effective_particle_resistance,numba,SOLAR_SALT_60_40_V10,Solar Salt (NaNO3-KNO3 60:40 wt%),nitrate,homogeneous,1.0,none,0.5,True,True,charge_end_profile_reversed_for_counterflow,False,0.6931335628064924,1.5255787276330959,0.5291426595290959,0.014741565298941736,0.014741565298941736,0.014741565298941736,0.31141376661094256,23.874536417227908,500.0,550.0,2048,0.37740211648927396,0.45,5.0,525.0,run-wise frozen at the registered transport-property temperature,0.0,0.0,0.0,25.0,initial state and every explicit transient time step,0.5756498066459506,534.9095871854252,740.5056958837336,0.024710066725836866,0.04292551902312133,37.39729638493229,0.10357591419205721,0.5175650691965621,0.9437149590654962,0.10357591419205721,0.5175650691965621,0.9437149590654962,0.8932510334208897,0.858777704576126,0.8587777045794929,0.02122045438273709,0.9,"time integral of positive outlet enthalpy flow following the simulated charge end state, with linear within-step interpolation at the registered outlet-grade threshold",True,0.198433489832163,1,1,0,0.90-to-0.10 solid-temperature thickness at charge t50; reported only for a single crossing of each isotherm,5.8546500980583e-10,4.321454305511452e-09,0.9999999999960796,1.0000000000268687,0.0,0.0,0.0011525222181365147,0.00020437975346090223,7.805573040784225e-09,9.695620051025875,9.695620051025875,3.5449440459465764,11.296348902238913,11.296348902238913,1.7260961054870976,1.7260961054870976,0.4912417338299924,0.4912417338299924,0.8552747876594629,47.20413023993329,103.48824542686887,773.15,823.15,True,ZAVOICO_SANDIA_SOLAR_SALT_2001,Q1_authoritative_design_basis_full_property_vector,1.0,1.0,1.0,1.0,G0034,T1_homogeneous_none,20260821,33,0.0,7.081871442266129,Ceramic_sphere_Weiss2024,Tier_2_unit_pair_partial,direct_source_unit_pair,False,True,PASS,pooled_material_topology_unit_reference
G0035_T1_homogeneous_none__SOLAR_SALT_60_40_V10,V16_conservative_MUSCL_LTNE_effective_particle_resistance,numba,SOLAR_SALT_60_40_V10,Solar Salt (NaNO3-KNO3 60:40 wt%),nitrate,homogeneous,1.0,none,0.5,True,True,charge_end_profile_reversed_for_counterflow,False,0.7962134627206552,1.076993608419589,0.47005007141219857,0.017037643953067293,0.017037643953067293,0.017037643953067293,0.30964832841761053,23.73918909813611,500.0,550.0,2048,0.31409508530191177,0.45,5.0,525.0,run-wise frozen at the registered transport-property temperature,0.0,0.0,0.0,25.0,initial state and every explicit transient time step,0.5362434992563926,442.64484035987135,776.3857817011855,0.02339057189552922,0.04361931086897065,37.39729638493229,0.09859095733087872,0.4926930407499758,0.9085200342355427,0.09859095733087872,0.4926930407499758,0.9085200342355427,0.8200994108406439,0.8271916838738588,0.8271916838835013,0.01934848655303537,0.9,"time integral of positive outlet enthalpy flow following the simulated charge end state, with linear within-step interpolation at the registered outlet-grade threshold",True,0.24339601107401326,1,1,0,0.90-to-0.10 solid-temperature thickness at charge t50; reported only for a single crossing of each isotherm,-1.469568911005581e-09,1.5627943383833554e-09,0.9999999999883431,1.0000000000039893,0.0,0.0,0.0007930858265225196,0.0001398426629886665,5.431669714340613e-09,8.44398168495003,8.44398168495003,3.5449440459465764,12.141779365485448,12.141779365485448,1.855278927538634,1.855278927538634,0.4732232858477012,0.4732232858477012,0.6750431339771646,38.58170822579927,63.212590390216334,773.1499999999995,823.1499999999997,True,ZAVOICO_SANDIA_SOLAR_SALT_2001,Q1_authoritative_design_basis_full_property_vector,1.0,1.0,1.0,1.0,G0035,T1_homogeneous_none,20260821,34,0.0,6.880799639530738,Ceramic_sphere_Weiss2024,Tier_2_unit_pair_partial,direct_source_unit_pair,False,True,PASS,pooled_material_topology_unit_reference
G0036_T1_homogeneous_none__SOLAR_SALT_60_40_V10,V16_conservative_MUSCL_LTNE_effective_particle_resistance,numba,SOLAR_SALT_60_40_V10,Solar Salt (NaNO3-KNO3 60:40 wt%),nitrate,homogeneous,1.0,none,0.5,True,True,charge_end_profile_reversed_for_counterflow,False,0.7196821070793349,1.0668596009555429,0.5540442282384614,0.015091526756397314,0.015091526756397314,0.015091526756397314,0.31302903245789926,23.998370773384845,500.0,550.0,2048,0.29638763543311936,0.45,5.0,525.0,run-wise frozen at the registered transport-property temperature,0.0,0.0,0.0,25.0,initial state and every explicit transient time step,0.43398884003237176,422.25250986755395,528.7508103487955,0.018502313790001806,0.04263315570193394,37.39729638493229,0.07714311511134272,0.3855509157592509,0.7086957682799764,0.07714311511134272,0.3855509157592509,0.7086957682799764,0.6475120646092724,0.8350827237728247,0.8350827237763186,0.015450962595854203,0.9,"time integral of positive outlet enthalpy flow following the simulated charge end state, with linear within-step interpolation at the registered outlet-grade threshold",True,0.23333472663625518,1,1,0,0.90-to-0.10 solid-temperature thickness at charge t50; reported only for a single crossing of each isotherm,9.773959419590028e-10,3.6815661630384966e-09,0.999999999995816,1.0000000000208389,0.0,0.0,0.0005611642230623596,0.00010002886725995057,3.831414586173198e-09,9.254744296306747,9.254744296306747,3.5449440459465764,10.650410792371698,10.650410792371698,1.6273959621508278,1.6273959621508278,0.5059608314930455,0.5059608314930455,0.9455290688699223,31.068950242799986,70.69262230233267,773.15,823.15,True,ZAVOICO_SANDIA_SOLAR_SALT_2001,Q1_authoritative_design_basis_full_property_vector,1.0,1.0,1.0,1.0,G0036,T1_homogeneous_none,20260821,35,0.0,7.432670435524526,Ceramic_sphere_Weiss2024,Tier_2_unit_pair_partial,direct_source_unit_pair,False,True,PASS,pooled_material_topology_unit_reference
G0036_T1_homogeneous_none__NREL_MGCL2_KCL_NACL_BASELINE_V10,V16_conservative_MUSCL_LTNE_effective_particle_resistance,numba,NREL_MGCL2_KCL_NACL_BASELINE_V10,Purified MgCl2-KCl-NaCl baseline (NREL),chloride,homogeneous,1.0,none,0.5,True,True,charge_end_profile_reversed_for_counterflow,False,0.7196821070793349,1.0668596009555429,0.5540442282384614,0.015091526756397314,0.015091526756397314,0.015091526756397314,0.4582782515189346,23.998370773384845,500.0,550.0,2048,0.19205062337986398,0.45,5.0,525.0,run-wise frozen at the registered transport-property temperature,0.0,0.0,0.0,25.0,initial state and every explicit transient time step,0.43398884003237176,400.4449867296702,528.7508103487955,0.015336819946868991,0.03533920352819441,24.232368745617165,0.06391017966918747,0.3195508983459137,0.5985044288051488,0.06391017966918747,0.3195508983459137,0.5985044288051488,0.5104104085254496,0.7927204450788113,0.7927204459926604,0.01215781073437558,0.9,"time integral of positive outlet enthalpy flow following the simulated charge end state, with linear within-step interpolation at the registered outlet-grade threshold",True,0.29322610752836725,1,1,0,0.90-to-0.10 solid-temperature thickness at charge t50; reported only for a single crossing of each isotherm,7.428280213161997e-10,2.988209679699594e-09,0.9999999988471988,0.999999998868165,0.0,0.0,0.002023638644541177,0.0005568552872883637,2.173073406352979e-08,5.319416453944103,5.319416453944103,7.464421665217784,11.03800456985186,11.03800456985186,1.393577404412302,1.393577404412302,0.5446188695920061,0.5446188695920061,0.6126755480053264,28.63783801781054,70.69262230233267,773.1499999999999,823.1499999999999,True,NREL_ZHAO_CHLORIDE_2020,Q1_official_lab_measured_correlations,1.0,1.0,1.0,1.0,G0036,T1_homogeneous_none,20260821,35,0.0,7.432670435524526,Ceramic_sphere_Weiss2024,Tier_3_hypothetical_common_skeleton,unresolved,False,True,PASS,pooled_material_topology_unit_reference
G0036_T1_homogeneous_none__AIP_FLINAK_2017_V10,V16_conservative_MUSCL_LTNE_effective_particle_resistance,numba,AIP_FLINAK_2017_V10,FLiNaK (LiF-NaF-KF),fluoride,homogeneous,1.0,none,0.5,True,True,charge_end_profile_reversed_for_counterflow,False,0.7196821070793349,1.0668596009555429,0.5540442282384614,0.015091526756397314,0.015091526756397314,0.015091526756397314,0.2553018167381367,23.99837077338485,500.0,550.0,2048,0.4360637043983959,0.45,5.0,525.0,run-wise frozen at the registered transport-property temperature,0.0,0.0,0.0,25.0,initial state and every explicit transient time step,0.43398884003237176,506.66814673433356,528.7508103487955,0.0227398391008644,0.05239728998369684,55.02068055555556,0.09484385570665244,0.47385589211288515,0.8607413009595932,0.09484385570665244,0.47385589211288515,0.8607413009595932,0.8294134313915346,0.8715730738748924,0.8715730738800403,0.019819431464560857,0.9,"time integral of positive outlet enthalpy flow following the simulated charge end state, with linear within-step interpolation at the registered outlet-grade threshold",True,0.18181212099665947,1,1,0,0.90-to-0.10 solid-temperature thickness at charge t50; reported only for a single crossing of each isotherm,-1.0556333585043376e-09,1.1904255359240778e-09,0.9999999999940935,1.0000000000059202,0.0,0.0,0.001735780605473188,0.00021030428988390982,7.960372422563842e-09,1.3836559436496385,1.3836559436496385,19.164589033215517,10.218354490104664,10.218354490104664,1.9317638063359466,1.9317638063359466,0.46316489346422235,0.46316489346422235,1.3911073228075566,33.760285169198106,70.69262230233267,773.1499999999997,823.1499999999999,True,AIP_AN_CHENG_SU_ZHANG_2017;TASIDOU_ETAL_REFERENCE_VISCOSITY_2019,Q1_primary_experiment_common_table_domain,1.0,1.0,1.0,1.0,G0036,T1_homogeneous_none,20260821,35,0.0,7.432670435524526,Ceramic_sphere_Weiss2024,Tier_3_hypothetical_common_skeleton,unresolved,False,True,PASS,pooled_material_topology_unit_reference
G0036_T1_homogeneous_none__AIP_LINAK_CARBONATE_2017_V10,V16_conservative_MUSCL_LTNE_effective_particle_resistance,numba,AIP_LINAK_CARBONATE_2017_V10,Li2CO3-Na2CO3-K2CO3 eutectic,carbonate,homogeneous,1.0,none,0.5,True,True,charge_end_profile_reversed_for_counterflow,False,0.7196821070793349,1.0668596009555429,0.5540442282384614,0.015091526756397314,0.015091526756397314,0.015091526756397314,0.29811640712279314,23.998370773384845,500.0,550.0,2048,0.361906844920173,0.45,5.0,525.0,run-wise frozen at the registered transport-property temperature,0.0,0.0,0.0,25.0,initial state and every explicit transient time step,0.43398884003237176,491.0329497329454,528.7508103487955,0.020490213173218495,0.04721368681206205,45.664743055555554,0.08545022727281895,0.426949547326689,0.7809145475944864,0.08545022727281895,0.426949547326689,0.7809145475944864,0.7285031792223277,0.8488805357508439,0.8488805357522106,0.017393743136130714,0.9,"time integral of positive outlet enthalpy flow following the simulated charge end state, with linear within-step interpolation at the registered outlet-grade threshold",True,0.21415619587793588,1,1,0,0.90-to-0.10 solid-temperature thickness at charge t50; reported only for a single crossing of each isotherm,8.695044684259301e-10,2.8385960249011077e-09,0.99999999999839,1.0000000000170417,0.0,0.0,0.005000972983720289,0.0007300502402002043,2.7823373443100167e-08,0.663399699706732,0.663399699706732,56.93282447382672,11.486637981890178,11.486637981890178,1.5245989517348326,1.5245989517348326,0.5222588358224778,0.5222588358224778,1.1545578465640156,30.044007449097297,70.69262230233267,773.1499999999999,823.15,True,AIP_AN_CHENG_SU_ZHANG_2017;TASIDOU_ETAL_REFERENCE_VISCOSITY_2019,Q1_primary_experiment_common_table_domain,1.0,1.0,1.0,1.0,G0036,T1_homogeneous_none,20260821,35,0.0,7.432670435524526,Ceramic_sphere_Weiss2024,Tier_3_hypothetical_common_skeleton,unresolved,False,True,PASS,pooled_material_topology_unit_reference
G0036_T1_homogeneous_none__AIP_LIF_NAK_CARBONATE_RECIPROCAL_2017_V10,V16_conservative_MUSCL_LTNE_effective_particle_resistance,numba,AIP_LIF_NAK_CARBONATE_RECIPROCAL_2017_V10,LiF-Na2CO3-K2CO3 reciprocal salt,fluoride_carbonate,homogeneous,1.0,none,0.5,True,True,charge_end_profile_reversed_for_counterflow,False,0.7196821070793349,1.0668596009555429,0.5540442282384614,0.015091526756397314,0.015091526756397314,0.015091526756397314,0.2637183601470862,23.998370773384845,500.0,550.0,2048,0.4193422192172255,0.45,5.0,525.0,run-wise frozen at the registered transport-property temperature,0.0,0.0,0.0,25.0,initial state and every explicit transient time step,0.43398884003237176,503.3018605671758,528.7508103487955,0.022232523411582633,0.05122832976517157,52.9108125,0.09272122402691983,0.4632566682852661,0.8419459890282441,0.09272122402691983,0.4632566682852661,0.8419459890282441,0.8092743434638007,0.869748507815313,0.8697485078205429,0.019336704062193007,0.9,"time integral of positive outlet enthalpy flow following the simulated charge end state, with linear within-step interpolation at the registered outlet-grade threshold",True,0.18425720294006812,1,1,0,0.90-to-0.10 solid-temperature thickness at charge t50; reported only for a single crossing of each isotherm,-1.0717760012823874e-09,1.1874945471390674e-09,0.9999999999939868,1.000000000005913,0.0,0.0,0.0027232941470330804,0.000343106843266197,1.299346120762965e-08,0.936627665086947,0.936627665086947,27.373757098453936,10.29056048664313,10.29056048664313,2.0120479329880783,2.0120479329880783,0.453056800552858,0.453056800552858,1.3377627826709173,34.3959591313697,70.69262230233267,773.1499999999996,823.1499999999999,True,AIP_AN_CHENG_SU_ZHANG_2017,Q1_primary_experiment_direct_table1_resolution,1.0,1.0,1.0,1.0,G0036,T1_homogeneous_none,20260821,35,0.0,7.432670435524526,Ceramic_sphere_Weiss2024,Tier_3_hypothetical_common_skeleton,unresolved,False,True,PASS,pooled_material_topology_unit_reference
G0037_T1_homogeneous_none__SOLAR_SALT_60_40_V10,V16_conservative_MUSCL_LTNE_effective_particle_resistance,numba,SOLAR_SALT_60_40_V10,Solar Salt (NaNO3-KNO3 60:40 wt%),nitrate,homogeneous,1.0,none,0.5,True,True,charge_end_profile_reversed_for_counterflow,False,0.7118337235097884,1.242788489950186,0.45285936013419975,0.012850407141621105,0.012850407141621105,0.012850407141621105,0.14720814053291523,11.285712093955944,500.0,550.0,2048,0.5870704868797629,0.45,5.0,525.0,run-wise frozen at the registered transport-property temperature,0.0,0.0,0.0,25.0,initial state and every explicit transient time step,0.49458873672753717,393.32976572397394,739.3054214177835,0.021673443694058596,0.04382114287005737,37.39729638493229,0.1921025093178765,0.9603494714542249,1.7344671384589274,0.1921025093178765,0.9603494714542249,1.7344671384589274,1.7360176031518082,0.9007625789064557,0.9007625789165963,0.01952262703564408,0.9,"time integral of positive outlet enthalpy flow following the simulated charge end state, with linear within-step interpolation at the registered outlet-grade threshold",True,0.13786786402889045,1,1,0,0.90-to-0.10 solid-temperature thickness at charge t50; reported only for a single crossing of each isotherm,-2.7336466423832917e-09,2.8801183660220886e-09,0.9999999999887422,1.0000000000175344,0.0,0.0,0.0010394769242496038,8.71359632968841e-05,6.9732557063758e-09,3.78808428968065,3.78808428968065,3.5449440459465764,10.26328233039849,10.26328233039849,1.568242253610299,1.568242253610299,0.5152128569122035,0.5152128569122035,0.6299217643756327,125.01856468005458,96.71199334415842,773.1499999999995,823.1499999999996,True,ZAVOICO_SANDIA_SOLAR_SALT_2001,Q1_authoritative_design_basis_full_property_vector,1.0,1.0,1.0,1.0,G0037,T1_homogeneous_none,20260821,36,0.0,7.228574121445598,Ceramic_sphere_Weiss2024,Tier_2_unit_pair_partial,direct_source_unit_pair,False,True,PASS,pooled_material_topology_unit_reference
G0038_T1_homogeneous_none__SOLAR_SALT_60_40_V10,V16_conservative_MUSCL_LTNE_effective_particle_resistance,numba,SOLAR_SALT_60_40_V10,Solar Salt (NaNO3-KNO3 60:40 wt%),nitrate,homogeneous,1.0,none,0.5,True,True,charge_end_profile_reversed_for_counterflow,False,0.7175300408908646,1.1785827189905833,0.5444821085394067,0.014000098584886413,0.014000098584886413,0.014000098584886413,0.2690047455545335,20.62324881793831,500.0,550.0,2048,0.3721995026847421,0.45,5.0,525.0,run-wise frozen at the registered transport-property temperature,0.0,0.0,0.0,25.0,initial state and every explicit transient time step,0.4765737606834763,455.68316456527214,593.0840733852963,0.020371346632008694,0.04274542224648124,37.39729638493229,0.09883964571294705,0.4939914510632322,0.8999990752419728,0.09883964571294705,0.4939914510632322,0.8999990752419728,0.8549698470335287,0.8613607120368634,0.8613607120447869,0.017547077640096765,0.9,"time integral of positive outlet enthalpy flow following the simulated charge end state, with linear within-step interpolation at the registered outlet-grade threshold",True,0.19490174326791182,1,1,0,0.90-to-0.10 solid-temperature thickness at charge t50; reported only for a single crossing of each isotherm,-1.6410428571589364e-09,1.822719752908597e-09,0.999999999990801,1.000000000008871,0.0,0.0,0.0006559263175854271,0.0001004767907092933,4.439029994195752e-09,7.422306701680965,7.422306701680965,3.5449440459465764,10.22914080940209,10.22914080940209,1.5630253869096242,1.5630253869096242,0.5160450714863479,0.5160450714863479,0.9097046473286109,46.159827357119156,84.18388712368811,773.1499999999997,823.1499999999999,True,ZAVOICO_SANDIA_SOLAR_SALT_2001,Q1_authoritative_design_basis_full_property_vector,1.0,1.0,1.0,1.0,G0038,T1_homogeneous_none,20260821,37,0.0,7.2716329272175235,Ceramic_sphere_Weiss2024,Tier_2_unit_pair_partial,direct_source_unit_pair,False,True,PASS,pooled_material_topology_unit_reference
G0038_T1_homogeneous_none__AIP_FLINAK_2017_V10,V16_conservative_MUSCL_LTNE_effective_particle_resistance,numba,AIP_FLINAK_2017_V10,FLiNaK (LiF-NaF-KF),fluoride,homogeneous,1.0,none,0.5,True,True,charge_end_profile_reversed_for_counterflow,False,0.7175300408908646,1.1785827189905833,0.5444821085394067,0.014000098584886413,0.014000098584886413,0.014000098584886413,0.21939626402062032,20.62324881793831,500.0,550.0,2048,0.5475848821985023,0.45,5.0,525.0,run-wise frozen at the registered transport-property temperature,0.0,0.0,0.0,25.0,initial state and every explicit transient time step,0.4765737606834763,546.7821720248434,593.0840733852963,0.024944366089453666,0.05234103961930218,55.02068055555556,0.12107710173055891,0.6047770810058526,1.0938008021913745,0.12107710173055891,0.6047770810058526,1.0938008021913745,1.083198933555942,0.8922870086513556,0.8922870086564179,0.02225753380066292,0.9,"time integral of positive outlet enthalpy flow following the simulated charge end state, with linear within-step interpolation at the registered outlet-grade threshold",True,0.15145458440829318,1,1,0,0.90-to-0.10 solid-temperature thickness at charge t50; reported only for a single crossing of each isotherm,-1.1928236176572682e-09,1.304734098539484e-09,0.9999999999943265,1.0000000000075249,0.0,0.0,0.002101679481775075,0.0002188240779575711,9.595351156667595e-09,1.1096923323391858,1.1096923323391858,19.164589033215517,9.938040592329664,9.938040592329664,1.8787709058979079,1.8787709058979079,0.4700877205013349,0.4700877205013349,1.338400730506776,50.543259082412355,84.18388712368811,773.1499999999995,823.15,True,AIP_AN_CHENG_SU_ZHANG_2017;TASIDOU_ETAL_REFERENCE_VISCOSITY_2019,Q1_primary_experiment_common_table_domain,1.0,1.0,1.0,1.0,G0038,T1_homogeneous_none,20260821,37,0.0,7.2716329272175235,Ceramic_sphere_Weiss2024,Tier_3_hypothetical_common_skeleton,unresolved,False,True,PASS,pooled_material_topology_unit_reference
G0038_T1_homogeneous_none__AIP_LIF_NAK_CARBONATE_RECIPROCAL_2017_V10,V16_conservative_MUSCL_LTNE_effective_particle_resistance,numba,AIP_LIF_NAK_CARBONATE_RECIPROCAL_2017_V10,LiF-Na2CO3-K2CO3 reciprocal salt,fluoride_carbonate,homogeneous,1.0,none,0.5,True,True,charge_end_profile_reversed_for_counterflow,False,0.7175300408908646,1.1785827189905833,0.5444821085394067,0.014000098584886413,0.014000098584886413,0.014000098584886413,0.226629107889432,20.62324881793831,500.0,550.0,2048,0.5265961882097766,0.45,5.0,525.0,run-wise frozen at the registered transport-property temperature,0.0,0.0,0.0,25.0,initial state and every explicit transient time step,0.4765737606834763,543.1493696195624,593.0840733852963,0.024396885107521697,0.05119225421167335,52.9108125,0.11833786562825356,0.5915430514223404,1.0700141990983623,0.11833786562825356,0.5915430514223404,1.0700141990983623,1.0577902196382964,0.8908565550079014,0.890856555013449,0.02173412501981035,0.9,"time integral of positive outlet enthalpy flow following the simulated charge end state, with linear within-step interpolation at the registered outlet-grade threshold",True,0.15338741358083471,1,1,0,0.90-to-0.10 solid-temperature thickness at charge t50; reported only for a single crossing of each isotherm,-1.337308042081986e-09,1.4486634114518893e-09,0.9999999999937728,1.0000000000084104,0.0,0.0,0.0033052215878533243,0.00035785800032586413,1.5695165178753362e-08,0.7511755671444023,0.7511755671444023,27.373757098453936,10.024001893757585,10.024001893757585,1.959929424328447,1.959929424328447,0.4595677668117005,0.4595677668117005,1.287077320503202,51.54665674923601,84.18388712368811,773.1499999999994,823.1499999999997,True,AIP_AN_CHENG_SU_ZHANG_2017,Q1_primary_experiment_direct_table1_resolution,1.0,1.0,1.0,1.0,G0038,T1_homogeneous_none,20260821,37,0.0,7.2716329272175235,Ceramic_sphere_Weiss2024,Tier_3_hypothetical_common_skeleton,unresolved,False,True,PASS,pooled_material_topology_unit_reference
G0039_T1_homogeneous_none__SOLAR_SALT_60_40_V10,V16_conservative_MUSCL_LTNE_effective_particle_resistance,numba,SOLAR_SALT_60_40_V10,Solar Salt (NaNO3-KNO3 60:40 wt%),nitrate,homogeneous,1.0,none,0.5,True,True,charge_end_profile_reversed_for_counterflow,False,0.8602571390853532,1.554828947544372,0.5178981479387523,0.013396732072463561,0.013396732072463561,0.013396732072463561,0.30276520510655264,23.211494449493856,500.0,550.0,2048,0.5964783621253559,0.45,5.0,525.0,run-wise frozen at the registered transport-property temperature,0.0,0.0,0.0,25.0,initial state and every explicit transient time step,0.9037099622867691,821.9069838147326,1190.2784335599888,0.03891152615573281,0.04305753812569484,37.39729638493229,0.1676766951307969,0.8382177872199584,1.5155521051002567,0.1676766951307969,0.8382177872199584,1.5155521051002567,1.5053161677933835,0.8946101653484099,0.8946101653574019,0.03481064684813911,0.9,"time integral of positive outlet enthalpy flow following the simulated charge end state, with linear within-step interpolation at the registered outlet-grade threshold",True,0.14693087051648424,1,1,0,0.90-to-0.10 solid-temperature thickness at charge t50; reported only for a single crossing of each isotherm,-2.302213975013956e-09,2.4555690814054287e-09,0.9999999999899486,1.000000000014418,0.0,0.0,0.0009182238702658814,0.0001583088881127397,6.165920289918918e-09,5.56129971999379,5.56129971999379,3.5449440459465764,9.991186923803207,9.991186923803207,1.526665738427419,1.526665738427419,0.5219208197705811,0.5219208197705811,0.8175753657630401,88.79935591229,116.06031524212234,773.1499999999992,823.1499999999997,True,ZAVOICO_SANDIA_SOLAR_SALT_2001,Q1_authoritative_design_basis_full_property_vector,1.0,1.0,1.0,1.0,G0039,T1_homogeneous_none,20260821,38,0.0,5.936087643797477,Ceramic_sphere_Weiss2024,Tier_2_unit_pair_partial,direct_source_unit_pair,False,True,PASS,pooled_material_topology_unit_reference
G0040_T1_homogeneous_none__SOLAR_SALT_60_40_V10,V16_conservative_MUSCL_LTNE_effective_particle_resistance,numba,SOLAR_SALT_60_40_V10,Solar Salt (NaNO3-KNO3 60:40 wt%),nitrate,homogeneous,1.0,none,0.5,True,True,charge_end_profile_reversed_for_counterflow,False,1.0849262977241585,1.9496941588681471,0.5029724580253576,0.01544046797742844,0.01544046797742844,0.01544046797742844,0.18875409351397443,14.470832579248851,500.0,550.0,2048,1.8532260785759647,0.45,5.0,525.0,run-wise frozen at the registered transport-property temperature,0.0,0.0,0.0,25.0,initial state and every explicit transient time step,1.8024235140888947,1592.026497497222,2447.473479894989,0.07792377394586042,0.04323277705642341,37.39729638493229,0.5389799178525116,2.692840449175252,4.849274905607125,0.5389799178525116,2.692840449175252,4.849274905607125,5.016717807121869,0.9292978208000152,0.9292978208165955,0.07241439331640108,0.9,"time integral of positive outlet enthalpy flow following the simulated charge end state, with linear within-step interpolation at the registered outlet-grade threshold",True,0.09786500928321493,1,1,0,0.90-to-0.10 solid-temperature thickness at charge t50; reported only for a single crossing of each isotherm,-5.540945480220216e-09,-1.0502820835256443e-09,0.9999999999821583,0.9999999999894302,0.0,0.0,0.0003679499436480921,3.954903369501372e-05,2.46117618445287e-09,2.5123746519000054,2.5123746519000054,3.5449440459465764,8.625943771968142,8.625943771968142,1.3180548936474406,1.3180548936474406,0.5583993793013206,0.5583993793013206,0.7701689196562412,203.6551979574982,126.27170120221074,773.1499999999993,823.1499999999997,True,ZAVOICO_SANDIA_SOLAR_SALT_2001,Q1_authoritative_design_basis_full_property_vector,1.0,1.0,1.0,1.0,G0040,T1_homogeneous_none,20260821,39,0.0,4.712688302924919,Ceramic_sphere_Weiss2024,Tier_2_unit_pair_partial,direct_source_unit_pair,False,True,PASS,pooled_material_topology_unit_reference
G0041_T1_homogeneous_none__AIP_FLINAK_2017_V10,V16_conservative_MUSCL_LTNE_effective_particle_resistance,numba,AIP_FLINAK_2017_V10,FLiNaK (LiF-NaF-KF),fluoride,homogeneous,1.0,none,0.5,True,True,charge_end_profile_reversed_for_counterflow,False,0.9342231231446183,2.0098795645068286,0.5720317843028425,0.010505185550839896,0.010505185550839896,0.010505185550839896,0.16397197879206912,15.413366006454499,500.0,550.0,2048,2.225252665300137,0.45,5.0,525.0,run-wise frozen at the registered transport-property temperature,0.0,0.0,0.0,25.0,initial state and every explicit transient time step,1.3777205636598022,1660.664516989933,1610.843510232154,0.07233460607905155,0.05250310403069006,55.02068055555556,0.4697755626744692,2.347023436151281,4.22427130962883,0.4697755626744692,2.347023436151281,4.22427130962883,4.515088090915906,0.9607997335231028,0.9607997335231139,0.06949907024525134,0.9,"time integral of positive outlet enthalpy flow following the simulated charge end state, with linear within-step interpolation at the registered outlet-grade threshold",True,0.054287386598478954,1,1,0,0.90-to-0.10 solid-temperature thickness at charge t50; reported only for a single crossing of each isotherm,2.388977904388412e-10,2.8233193560822656e-09,0.9999999999999885,1.0000000000197142,0.0,0.0,0.0020980055585786412,0.00016325844932523406,9.534136161402333e-09,0.3671086188342442,0.3671086188342442,19.164589033215517,7.849984430699164,7.849984430699164,1.4840271805220973,1.4840271805220973,0.5289840103486302,0.5289840103486302,1.4966375434807584,289.96549548594675,191.32261441551952,773.15,823.15,True,AIP_AN_CHENG_SU_ZHANG_2017;TASIDOU_ETAL_REFERENCE_VISCOSITY_2019,Q1_primary_experiment_common_table_domain,1.0,1.0,1.0,1.0,G0041,T1_homogeneous_none,20260821,40,0.0,5.27671690686571,Ceramic_sphere_Weiss2024,Tier_3_hypothetical_common_skeleton,unresolved,False,True,PASS,pooled_material_topology_unit_reference
G0044_T1_homogeneous_none__SOLAR_SALT_60_40_V10,V16_conservative_MUSCL_LTNE_effective_particle_resistance,numba,SOLAR_SALT_60_40_V10,Solar Salt (NaNO3-KNO3 60:40 wt%),nitrate,homogeneous,1.0,none,0.5,True,True,charge_end_profile_reversed_for_counterflow,False,0.921306230592897,1.61728229025789,0.5588638552518457,0.016747313523217646,0.016747313523217646,0.016747313523217646,0.2095982896966195,16.068852879591333,500.0,550.0,2048,1.1092473693593745,0.45,5.0,525.0,run-wise frozen at the registered transport-property temperature,0.0,0.0,0.0,25.0,initial state and every explicit transient time step,1.078161274406451,1058.1299179315845,1299.3826606790003,0.045904408563378504,0.042576569621877565,37.39729638493229,0.2859393218793108,1.4284641123195185,2.5805407551070902,0.2859393218793108,1.4284641123195185,2.5805407551070902,2.578736185355339,0.8995171432985833,0.8995171433068156,0.04129180245574126,0.9,"time integral of positive outlet enthalpy flow following the simulated charge end state, with linear within-step interpolation at the registered outlet-grade threshold",True,0.14024470185052618,1,1,0,0.90-to-0.10 solid-temperature thickness at charge t50; reported only for a single crossing of each isotherm,-2.1562085450455015e-09,2.369526796996979e-09,0.9999999999908481,1.0000000000145117,0.0,0.0,0.00024068064076578375,2.8726297288078556e-05,1.6148640885517854e-09,4.196168376033626,4.196168376033626,3.5449440459465764,8.712968959914097,8.712968959914097,1.3313524501670542,1.3313524501670542,0.5559226281475059,0.5559226281475059,0.9641744487729976,83.23055711007355,96.56965506830514,773.1499999999993,823.1499999999999,True,ZAVOICO_SANDIA_SOLAR_SALT_2001,Q1_authoritative_design_basis_full_property_vector,1.0,1.0,1.0,1.0,G0044,T1_homogeneous_none,20260821,43,0.0,5.5783042177239,Ceramic_sphere_Weiss2024,Tier_2_unit_pair_partial,direct_source_unit_pair,False,True,PASS,pooled_material_topology_unit_reference
G0045_T1_homogeneous_none__SOLAR_SALT_60_40_V10,V16_conservative_MUSCL_LTNE_effective_particle_resistance,numba,SOLAR_SALT_60_40_V10,Solar Salt (NaNO3-KNO3 60:40 wt%),nitrate,homogeneous,1.0,none,0.5,True,True,charge_end_profile_reversed_for_counterflow,False,0.9122944725044981,1.6555604439129814,0.4313761275206079,0.009134458313508818,0.009134458313508818,0.009134458313508818,0.22067569169536433,16.918101903825107,500.0,550.0,2048,0.8162702992337783,0.45,5.0,525.0,run-wise frozen at the registered transport-property temperature,0.0,0.0,0.0,25.0,initial state and every explicit transient time step,1.0821937208776626,819.804617416706,1681.166755612342,0.047695926793840604,0.04407337233038005,37.39729638493229,0.2820667367352309,1.409653458426718,2.537693663618176,0.2820667367352309,1.409653458426718,2.537693663618176,2.6595329181076766,0.9413836629613392,0.9413836629809514,0.04490016627352155,0.9,"time integral of positive outlet enthalpy flow following the simulated charge end state, with linear within-step interpolation at the registered outlet-grade threshold",True,0.08084187217706851,1,1,0,0.90-to-0.10 solid-temperature thickness at charge t50; reported only for a single crossing of each isotherm,-6.601785784710046e-09,-1.0930700788946979e-09,0.9999999999791667,0.9999999999889602,0.0,0.0,0.0030376909300400623,0.0003817234480629379,2.0309851186892043e-08,2.4575097256472045,2.4575097256472045,3.5449440459465764,9.719480209110738,9.719480209110738,1.4851486158487766,1.4851486158487766,0.528795794573504,0.528795794573504,0.5773687287247391,364.8085302385298,181.24341773661578,773.1499999999994,823.1499999999993,True,ZAVOICO_SANDIA_SOLAR_SALT_2001,Q1_authoritative_design_basis_full_property_vector,1.0,1.0,1.0,1.0,G0045,T1_homogeneous_none,20260821,44,0.0,5.592599324722605,Ceramic_sphere_Weiss2024,Tier_2_unit_pair_partial,direct_source_unit_pair,False,True,PASS,pooled_material_topology_unit_reference
G0046_T1_homogeneous_none__SOLAR_SALT_60_40_V10,V16_conservative_MUSCL_LTNE_effective_particle_resistance,numba,SOLAR_SALT_60_40_V10,Solar Salt (NaNO3-KNO3 60:40 wt%),nitrate,homogeneous,1.0,none,0.5,True,True,charge_end_profile_reversed_for_counterflow,False,0.9413575051279242,1.039661176702681,0.5240515601669833,0.015542156571768214,0.015542156571768214,0.015542156571768214,0.34413295277166317,26.382952824239553,500.0,550.0,2048,0.42516787350998436,0.45,5.0,525.0,run-wise frozen at the registered transport-property temperature,0.0,0.0,0.0,25.0,initial state and every explicit transient time step,0.7235872187323749,665.9078708302321,940.8740478155624,0.03110360817023952,0.0429852923946456,37.39729638493229,0.11798408489901863,0.5895661179338194,1.0759109243543827,0.11798408489901863,0.5895661179338194,1.0759109243543827,1.0141451464451685,0.855878302296909,0.8558783023003564,0.02662090335605287,0.9,"time integral of positive outlet enthalpy flow following the simulated charge end state, with linear within-step interpolation at the registered outlet-grade threshold",True,0.2025547185139745,1,1,0,0.90-to-0.10 solid-temperature thickness at charge t50; reported only for a single crossing of each isotherm,6.271205776897659e-10,4.367506356572903e-09,0.9999999999959721,1.0000000000269365,0.0,0.0,0.0004129163672614473,8.091687757726232e-05,2.7990113582167182e-09,6.12429919316353,6.12429919316353,3.5449440459465764,10.115496767862977,10.115496767862977,1.5456604365871711,1.5456604365871711,0.5188346681688994,0.5188346681688994,0.8379852030351858,46.17874482722956,66.89298051411922,773.15,823.1500000000007,True,ZAVOICO_SANDIA_SOLAR_SALT_2001,Q1_authoritative_design_basis_full_property_vector,1.0,1.0,1.0,1.0,G0046,T1_homogeneous_none,20260821,45,0.0,6.17288632274738,Ceramic_sphere_Weiss2024,Tier_2_unit_pair_partial,direct_source_unit_pair,False,True,PASS,pooled_material_topology_unit_reference
G0046_T1_homogeneous_none__AIP_FLINAK_2017_V10,V16_conservative_MUSCL_LTNE_effective_particle_resistance,numba,AIP_FLINAK_2017_V10,FLiNaK (LiF-NaF-KF),fluoride,homogeneous,1.0,none,0.5,True,True,charge_end_profile_reversed_for_counterflow,False,0.9413575051279242,1.039661176702681,0.5240515601669833,0.015542156571768214,0.015542156571768214,0.015542156571768214,0.2806697108961655,26.382952824239553,500.0,550.0,2048,0.6255226343764305,0.45,5.0,525.0,run-wise frozen at the registered transport-property temperature,0.0,0.0,0.0,25.0,initial state and every explicit transient time step,0.7235872187323749,799.0344614296991,940.8740478155624,0.03778634276956926,0.05222085436468285,55.02068055555556,0.14334893704459653,0.7162234163610434,1.2963956597452158,0.14334893704459653,0.7162234163610434,1.2963956597452158,1.275708945596533,0.8872956802001174,0.8872956802058327,0.03352765870999975,0.9,"time integral of positive outlet enthalpy flow following the simulated charge end state, with linear within-step interpolation at the registered outlet-grade threshold",True,0.15839547597327255,1,1,0,0.90-to-0.10 solid-temperature thickness at charge t50; reported only for a single crossing of each isotherm,-1.3501533224768991e-09,1.4556356120465352e-09,0.9999999999935587,1.0000000000082034,0.0,0.0,0.0013610733325529689,0.00018129109293538612,6.2198394659452295e-09,0.9156301576793493,0.9156301576793493,19.164589033215517,9.909323549327457,9.909323549327457,1.873341994192958,1.873341994192958,0.4708086409771517,0.4708086409771517,1.2328836740470377,50.787933203942835,66.89298051411922,773.1499999999992,823.15,True,AIP_AN_CHENG_SU_ZHANG_2017;TASIDOU_ETAL_REFERENCE_VISCOSITY_2019,Q1_primary_experiment_common_table_domain,1.0,1.0,1.0,1.0,G0046,T1_homogeneous_none,20260821,45,0.0,6.17288632274738,Ceramic_sphere_Weiss2024,Tier_3_hypothetical_common_skeleton,unresolved,False,True,PASS,pooled_material_topology_unit_reference
G0048_T1_homogeneous_none__SOLAR_SALT_60_40_V10,V16_conservative_MUSCL_LTNE_effective_particle_resistance,numba,SOLAR_SALT_60_40_V10,Solar Salt (NaNO3-KNO3 60:40 wt%),nitrate,homogeneous,1.0,none,0.5,True,True,charge_end_profile_reversed_for_counterflow,False,1.032804812246234,1.6883752907629037,0.555817595506217,0.01068787575575403,0.01068787575575403,0.01068787575575403,0.31692550010966275,24.297093465907295,500.0,550.0,2048,0.9571879886375536,0.45,5.0,525.0,run-wise frozen at the registered transport-property temperature,0.0,0.0,0.0,25.0,initial state and every explicit transient time step,1.4144753214295678,1380.6287367643304,1716.4747548780256,0.060274096279826744,0.04261233502392217,37.39729638493229,0.24833710594096298,1.2406219874952644,2.233970411259586,0.24807122038856366,1.2403561019428648,2.233970411259586,2.31455203535314,0.9307523055211988,0.9307523055291089,0.056100254075655456,0.9,"time integral of positive outlet enthalpy flow following the simulated charge end state, with linear within-step interpolation at the registered outlet-grade threshold",True,0.09600399711659642,1,1,0,0.90-to-0.10 solid-temperature thickness at charge t50; reported only for a single crossing of each isotherm,-2.3052448838711825e-09,2.565303525159379e-09,0.9999999999915015,1.0000000000169738,0.0,0.0,0.0007468762064556517,0.00013478965619894375,4.9957796512508424e-09,3.222108145952011,3.222108145952011,3.5449440459465764,8.28296787336861,8.28296787336861,1.2656477514839004,1.2656477514839004,0.5683792489476097,0.5683792489476097,0.9523425300764876,173.52613169882412,157.97108137731985,773.1499999999994,823.1499999999997,True,ZAVOICO_SANDIA_SOLAR_SALT_2001,Q1_authoritative_design_basis_full_property_vector,1.0,1.0,1.0,1.0,G0048,T1_homogeneous_none,20260821,47,0.0,5.057519406006173,Ceramic_sphere_Weiss2024,Tier_2_unit_pair_partial,direct_source_unit_pair,False,True,PASS,pooled_material_topology_unit_reference
G0048_T1_homogeneous_none__AIP_FLINAK_2017_V10,V16_conservative_MUSCL_LTNE_effective_particle_resistance,numba,AIP_FLINAK_2017_V10,FLiNaK (LiF-NaF-KF),fluoride,homogeneous,1.0,none,0.5,True,True,charge_end_profile_reversed_for_counterflow,False,1.032804812246234,1.6883752907629037,0.555817595506217,0.01068787575575403,0.01068787575575403,0.01068787575575403,0.258479717722418,24.29709346590729,500.0,550.0,2048,1.408216863371154,0.45,5.0,525.0,run-wise frozen at the registered transport-property temperature,0.0,0.0,0.0,25.0,initial state and every explicit transient time step,1.4144753214295678,1656.640486527748,1716.4747548780256,0.07412942947554457,0.052407722038320316,55.02068055555556,0.30511365373041915,1.525568268652177,2.7460228835736733,0.30511365373041915,1.525568268652177,2.7460228835736733,2.898850125886387,0.9484578662544769,0.9484578662588123,0.07030864050703674,0.9,"time integral of positive outlet enthalpy flow following the simulated charge end state, with linear within-step interpolation at the registered outlet-grade threshold",True,0.07147017912312331,1,1,0,0.90-to-0.10 solid-temperature thickness at charge t50; reported only for a single crossing of each isotherm,-1.2122969295091934e-09,1.5295320565655857e-09,0.999999999995429,1.0000000000105436,0.0,0.0,0.0025855386789629693,0.0003171589013246369,1.1748715819455449e-08,0.4817301207346775,0.4817301207346775,19.164589033215517,8.409264406221881,8.409264406221881,1.5897581781469576,1.5897581781469576,0.511808730768376,0.511808730768376,1.401131610891525,196.26939222071903,157.97108137731985,773.1499999999996,823.1499999999999,True,AIP_AN_CHENG_SU_ZHANG_2017;TASIDOU_ETAL_REFERENCE_VISCOSITY_2019,Q1_primary_experiment_common_table_domain,1.0,1.0,1.0,1.0,G0048,T1_homogeneous_none,20260821,47,0.0,5.057519406006173,Ceramic_sphere_Weiss2024,Tier_3_hypothetical_common_skeleton,unresolved,False,True,PASS,pooled_material_topology_unit_reference
G0048_T1_homogeneous_none__AIP_LIF_NAK_CARBONATE_RECIPROCAL_2017_V10,V16_conservative_MUSCL_LTNE_effective_particle_resistance,numba,AIP_LIF_NAK_CARBONATE_RECIPROCAL_2017_V10,LiF-Na2CO3-K2CO3 reciprocal salt,fluoride_carbonate,homogeneous,1.0,none,0.5,True,True,charge_end_profile_reversed_for_counterflow,False,1.032804812246234,1.6883752907629037,0.555817595506217,0.01068787575575403,0.01068787575575403,0.01068787575575403,0.26700102709788237,24.297093465907295,500.0,550.0,2048,1.3542132729360905,0.45,5.0,525.0,run-wise frozen at the registered transport-property temperature,0.0,0.0,0.0,25.0,initial state and every explicit transient time step,1.4144753214295678,1645.6338227189096,1716.4747548780256,0.07247067173493693,0.051235020248846054,52.9108125,0.2983030903995364,1.4915154519977638,2.684727813596037,0.2983030903995364,1.4915154519977638,2.684727813596037,2.8321724186931543,0.9478264509208814,0.9478264509258472,0.06868961958637751,0.9,"time integral of positive outlet enthalpy flow following the simulated charge end state, with linear within-step interpolation at the registered outlet-grade threshold",True,0.0723327367959079,1,1,0,0.90-to-0.10 solid-temperature thickness at charge t50; reported only for a single crossing of each isotherm,-1.4853118734947657e-09,1.6534329461137531e-09,0.9999999999947609,1.0000000000113525,0.0,0.0,0.004086236117450503,0.0005212317366315513,1.930940209553872e-08,0.3260938965763767,0.3260938965763767,27.373757098453936,8.526413971225018,8.526413971225018,1.6671155695427298,1.6671155695427298,0.49993267363549015,0.49993267363549015,1.3474026711983094,201.04396862623054,157.97108137731985,773.1499999999996,823.1499999999999,True,AIP_AN_CHENG_SU_ZHANG_2017,Q1_primary_experiment_direct_table1_resolution,1.0,1.0,1.0,1.0,G0048,T1_homogeneous_none,20260821,47,0.0,5.057519406006173,Ceramic_sphere_Weiss2024,Tier_3_hypothetical_common_skeleton,unresolved,False,True,PASS,pooled_material_topology_unit_reference
G0049_T1_homogeneous_none__SOLAR_SALT_60_40_V10,V16_conservative_MUSCL_LTNE_effective_particle_resistance,numba,SOLAR_SALT_60_40_V10,Solar Salt (NaNO3-KNO3 60:40 wt%),nitrate,homogeneous,1.0,none,0.5,True,True,charge_end_profile_reversed_for_counterflow,False,0.7857813998761334,1.7505864934661313,0.5787633899485995,0.014525713812102457,0.014525713812102457,0.014525713812102457,0.14638375695137332,11.222510726677035,500.0,550.0,2048,1.2950989405477098,0.45,5.0,525.0,run-wise frozen at the registered transport-property temperature,0.0,0.0,0.0,25.0,initial state and every explicit transient time step,0.8489398958408624,862.8339764891443,976.9756684693284,0.03594660596036666,0.04234293397739552,37.39729638493229,0.3205369877855589,1.6016056898107547,2.886631638598594,0.3205369877855589,1.6016056898107547,2.886631638598594,2.9490790740471553,0.918070794754693,0.9180707947618371,0.03300152910276761,0.9,"time integral of positive outlet enthalpy flow following the simulated charge end state, with linear within-step interpolation at the registered outlet-grade threshold",True,0.1139990076092127,1,1,0,0.90-to-0.10 solid-temperature thickness at charge t50; reported only for a single crossing of each isotherm,-2.0014878643337397e-09,2.198996540414555e-09,0.9999999999922183,1.0000000000141742,0.0,0.0,0.00026946348622105637,2.2461749031520328e-05,1.8037529185408117e-09,3.494257622205187,3.494257622205187,3.5449440459465764,8.100280832962827,8.100280832962827,1.2377329454083827,1.2377329454083827,0.5738420635154665,0.5738420635154665,1.045676100136542,114.30141298667274,120.51638329867045,773.1499999999997,823.1499999999999,True,ZAVOICO_SANDIA_SOLAR_SALT_2001,Q1_authoritative_design_basis_full_property_vector,1.0,1.0,1.0,1.0,G0049,T1_homogeneous_none,20260821,48,0.0,6.232948527691318,Ceramic_sphere_Weiss2024,Tier_2_unit_pair_partial,direct_source_unit_pair,False,True,PASS,pooled_material_topology_unit_reference
G0049_T1_homogeneous_none__AIP_FLINAK_2017_V10,V16_conservative_MUSCL_LTNE_effective_particle_resistance,numba,AIP_FLINAK_2017_V10,FLiNaK (LiF-NaF-KF),fluoride,homogeneous,1.0,none,0.5,True,True,charge_end_profile_reversed_for_counterflow,False,0.7857813998761334,1.7505864934661313,0.5787633899485995,0.014525713812102457,0.014525713812102457,0.014525713812102457,0.11938841198592591,11.222510726677035,500.0,550.0,2048,1.9054088594231668,0.45,5.0,525.0,run-wise frozen at the registered transport-property temperature,0.0,0.0,0.0,25.0,initial state and every explicit transient time step,0.8489398958408624,1035.3295281638364,976.9756684693284,0.04460559727244158,0.05254270354235196,55.02068055555556,0.3974894592852225,1.9874472964259953,3.5779344138060973,0.3974894592852225,1.9874472964259953,3.5779344138060973,3.740503548665899,0.9391331561315284,0.9391331561394656,0.04189059534759995,0.9,"time integral of positive outlet enthalpy flow following the simulated charge end state, with linear within-step interpolation at the registered outlet-grade threshold",True,0.08469514441105716,1,1,0,0.90-to-0.10 solid-temperature thickness at charge t50; reported only for a single crossing of each isotherm,-2.6914470652172895e-09,-5.788369783488179e-10,0.9999999999915483,0.9999999999940705,0.0,0.0,0.0009241524063981035,5.2360666879989375e-05,4.199989315589687e-09,0.5224185750368796,0.5224185750368796,19.164589033215517,8.21956535988134,8.21956535988134,1.5538958725113514,1.5538958725113514,0.5175079342169983,0.5175079342169983,1.5384483968571767,129.41100036478437,120.51638329867045,773.1499999999994,823.1499999999997,True,AIP_AN_CHENG_SU_ZHANG_2017;TASIDOU_ETAL_REFERENCE_VISCOSITY_2019,Q1_primary_experiment_common_table_domain,1.0,1.0,1.0,1.0,G0049,T1_homogeneous_none,20260821,48,0.0,6.232948527691318,Ceramic_sphere_Weiss2024,Tier_3_hypothetical_common_skeleton,unresolved,False,True,PASS,pooled_material_topology_unit_reference
G0054_T1_homogeneous_none__SOLAR_SALT_60_40_V10,V16_conservative_MUSCL_LTNE_effective_particle_resistance,numba,SOLAR_SALT_60_40_V10,Solar Salt (NaNO3-KNO3 60:40 wt%),nitrate,homogeneous,1.0,none,0.5,True,True,charge_end_profile_reversed_for_counterflow,False,0.7544886782450524,1.2538529072486102,0.439070844930195,0.01994714949114059,0.01994714949114059,0.01994714949114059,0.17592304987428797,13.487140618612287,500.0,550.0,2048,0.539850613501928,0.45,5.0,525.0,run-wise frozen at the registered transport-property temperature,0.0,0.0,0.0,25.0,initial state and every explicit transient time step,0.5605855862703794,432.2408116848108,859.0741195536094,0.024656252942371542,0.04398303050638808,37.39729638493229,0.1829493745756528,0.9141470388633941,1.6736868603595627,0.1829493745756528,0.9141470388633941,1.6736868603595627,1.5556116425213238,0.8462190185229008,0.8462190185333965,0.020864590165346034,0.9,"time integral of positive outlet enthalpy flow following the simulated charge end state, with linear within-step interpolation at the registered outlet-grade threshold",True,0.21550933085379087,1,1,0,0.90-to-0.10 solid-temperature thickness at charge t50; reported only for a single crossing of each isotherm,-2.10133022093828e-09,2.19744222818008e-09,0.9999999999875969,1.0000000000095912,0.0,0.0,0.0005582954564210924,5.5929069770830944e-05,3.796511554548052e-09,6.25498353978767,6.25498353978767,3.5449440459465764,11.869184594527038,11.869184594527038,1.813626108862486,1.813626108862486,0.47888691387846305,0.47888691387846305,0.5957291149139164,54.230462830982695,62.8587512118211,773.15,823.1499999999996,True,ZAVOICO_SANDIA_SOLAR_SALT_2001,Q1_authoritative_design_basis_full_property_vector,1.0,1.0,1.0,1.0,G0054,T1_homogeneous_none,20260821,53,0.0,6.89668717534077,Ceramic_sphere_Weiss2024,Tier_2_unit_pair_partial,direct_source_unit_pair,False,True,PASS,pooled_material_topology_unit_reference
G0055_T1_homogeneous_none__SOLAR_SALT_60_40_V10,V16_conservative_MUSCL_LTNE_effective_particle_resistance,numba,SOLAR_SALT_60_40_V10,Solar Salt (NaNO3-KNO3 60:40 wt%),nitrate,homogeneous,1.0,none,0.5,True,True,charge_end_profile_reversed_for_counterflow,False,0.9936392173445139,1.2079442730057814,0.5266219113404917,0.01573462946881135,0.01573462946881135,0.01573462946881135,0.34803349947397366,26.68198823717219,500.0,550.0,2048,0.5468690620393057,0.45,5.0,525.0,run-wise frozen at the registered transport-property temperature,0.0,0.0,0.0,25.0,initial state and every explicit transient time step,0.9366864301891753,866.2483023865966,1211.3874650137545,0.04023547287860576,0.04295511452053353,37.39729638493229,0.15084471627917553,0.7540716733230616,1.3705146326994144,0.15084471627917553,0.7540716733230616,1.3705146326994144,1.3183166140718023,0.8702504357259377,0.8702504357344418,0.035014937804245805,0.9,"time integral of positive outlet enthalpy flow following the simulated charge end state, with linear within-step interpolation at the registered outlet-grade threshold",True,0.18187568816653613,1,1,0,0.90-to-0.10 solid-temperature thickness at charge t50; reported only for a single crossing of each isotherm,-1.8906098908644253e-09,2.0406565326425152e-09,0.9999999999902279,1.0000000000105203,0.0,0.0,0.00041007357342907837,8.127062285878916e-05,2.768268144197482e-09,5.627923144985665,5.627923144985665,3.5449440459465764,9.864239845523908,9.864239845523908,1.507268067612078,1.507268067612078,0.5251105665994122,0.5251105665994122,0.8466677400352889,56.61175510633894,76.76979463673598,773.1499999999997,823.1499999999999,True,ZAVOICO_SANDIA_SOLAR_SALT_2001,Q1_authoritative_design_basis_full_property_vector,1.0,1.0,1.0,1.0,G0055,T1_homogeneous_none,20260821,54,0.0,5.681311524300438,Ceramic_sphere_Weiss2024,Tier_2_unit_pair_partial,direct_source_unit_pair,False,True,PASS,pooled_material_topology_unit_reference
G0055_T1_homogeneous_none__AIP_FLINAK_2017_V10,V16_conservative_MUSCL_LTNE_effective_particle_resistance,numba,AIP_FLINAK_2017_V10,FLiNaK (LiF-NaF-KF),fluoride,homogeneous,1.0,none,0.5,True,True,charge_end_profile_reversed_for_counterflow,False,0.9936392173445139,1.2079442730057814,0.5266219113404917,0.01573462946881135,0.01573462946881135,0.01573462946881135,0.2838509386933212,26.68198823717219,500.0,550.0,2048,0.8045807898175066,0.45,5.0,525.0,run-wise frozen at the registered transport-property temperature,0.0,0.0,0.0,25.0,initial state and every explicit transient time step,0.9366864301891753,1039.4264373221781,1211.3874650137545,0.048928728741090353,0.0522359747767549,55.02068055555556,0.18348911901115766,0.9169986057280795,1.6565424483689253,0.18348911901115766,0.9169986057280795,1.6565424483689253,1.6542157825238588,0.8989642467167911,0.8989642467223333,0.0439851777755445,0.9,"time integral of positive outlet enthalpy flow following the simulated charge end state, with linear within-step interpolation at the registered outlet-grade threshold",True,0.14159287396419723,1,1,0,0.90-to-0.10 solid-temperature thickness at charge t50; reported only for a single crossing of each isotherm,-1.4200862707980377e-09,1.5730972080518768e-09,0.9999999999938349,1.0000000000095295,0.0,0.0,0.001362977463370289,0.00018360242143889249,6.216086388556117e-09,0.8414180944005504,0.8414180944005504,19.164589033215517,9.713369766313752,9.713369766313752,1.8362972404503615,1.8362972404503615,0.4757875647192576,0.4757875647192576,1.2456578353066445,62.491569452920636,76.76979463673598,773.1499999999999,823.1499999999999,True,AIP_AN_CHENG_SU_ZHANG_2017;TASIDOU_ETAL_REFERENCE_VISCOSITY_2019,Q1_primary_experiment_common_table_domain,1.0,1.0,1.0,1.0,G0055,T1_homogeneous_none,20260821,54,0.0,5.681311524300438,Ceramic_sphere_Weiss2024,Tier_3_hypothetical_common_skeleton,unresolved,False,True,PASS,pooled_material_topology_unit_reference
G0056_T1_homogeneous_none__SOLAR_SALT_60_40_V10,V16_conservative_MUSCL_LTNE_effective_particle_resistance,numba,SOLAR_SALT_60_40_V10,Solar Salt (NaNO3-KNO3 60:40 wt%),nitrate,homogeneous,1.0,none,0.5,True,True,charge_end_profile_reversed_for_counterflow,False,0.6832110369645545,1.6672352172008698,0.5020053243701752,0.008723104378657297,0.008723104378657297,0.008723104378657297,0.1432616923068362,10.983157640703597,500.0,550.0,2048,0.826393747705058,0.45,5.0,525.0,run-wise frozen at the registered transport-property temperature,0.0,0.0,0.0,25.0,initial state and every explicit transient time step,0.611218518487084,538.8328568086597,831.5759073741706,0.026431614257476865,0.04324413193975472,37.39729638493229,0.24080195592850653,1.203321118185995,2.1662993880810917,0.24080195592850653,1.203321118185995,2.1662993880810917,2.2698363988072963,0.9412267600328882,0.9412267600418333,0.024878142650004043,0.9,"time integral of positive outlet enthalpy flow following the simulated charge end state, with linear within-step interpolation at the registered outlet-grade threshold",True,0.0811808128296964,1,1,0,0.90-to-0.10 solid-temperature thickness at charge t50; reported only for a single crossing of each isotherm,-2.6450175383274654e-09,2.6357582783020916e-09,0.9999999999904964,1.000000000017863,0.0,0.0,0.0019135025810134636,0.00015610251010163872,1.2793950790025763e-08,2.716560844699572,2.716560844699572,3.5449440459465764,8.775626409100433,8.775626409100433,1.3409265860189359,1.3409265860189359,0.554152947769261,0.554152947769261,0.7671951756396922,288.39033995795535,191.12865613302438,773.1499999999999,823.1499999999999,True,ZAVOICO_SANDIA_SOLAR_SALT_2001,Q1_authoritative_design_basis_full_property_vector,1.0,1.0,1.0,1.0,G0056,T1_homogeneous_none,20260821,55,0.0,7.054297138325037,Ceramic_sphere_Weiss2024,Tier_2_unit_pair_partial,direct_source_unit_pair,False,True,PASS,pooled_material_topology_unit_reference
G0057_T1_homogeneous_none__SOLAR_SALT_60_40_V10,V16_conservative_MUSCL_LTNE_effective_particle_resistance,numba,SOLAR_SALT_60_40_V10,Solar Salt (NaNO3-KNO3 60:40 wt%),nitrate,homogeneous,1.0,none,0.5,True,True,charge_end_profile_reversed_for_counterflow,False,0.7812127437278957,1.2441466625792437,0.5451207600765751,0.017890856579979797,0.017890856579979797,0.017890856579979797,0.3285248807489022,25.186359982614583,500.0,550.0,2048,0.3818037306922999,0.45,5.0,525.0,run-wise frozen at the registered transport-property temperature,0.0,0.0,0.0,25.0,initial state and every explicit transient time step,0.5963484553511014,570.876365421931,741.1001656961549,0.02548669495789345,0.042737923992589376,37.39729638493229,0.10128404522531788,0.5059959997592073,0.9323434990323363,0.10128404522531788,0.5059959997592073,0.9323434990323363,0.8441633673690261,0.8292957273378618,0.8292957273537493,0.021136007232544465,0.9,"time integral of positive outlet enthalpy flow following the simulated charge end state, with linear within-step interpolation at the registered outlet-grade threshold",True,0.24164236838526243,1,1,0,0.90-to-0.10 solid-temperature thickness at charge t50; reported only for a single crossing of each isotherm,-3.653954916416069e-09,-1.0968337349481772e-09,0.9999999999808422,0.9999999999818006,0.0,0.0,0.00045616015837309735,8.533680407261669e-05,3.121754885705922e-09,9.772120187943132,9.772120187943132,3.5449440459465764,10.988947479126468,10.988947479126468,1.6791247872454649,1.6791247872454649,0.49813824012189534,0.49813824012189534,0.912050413100013,29.991321830137313,69.5409220356429,773.1499999999994,823.1499999999996,True,ZAVOICO_SANDIA_SOLAR_SALT_2001,Q1_authoritative_design_basis_full_property_vector,1.0,1.0,1.0,1.0,G0057,T1_homogeneous_none,20260821,56,0.0,6.727771695142943,Ceramic_sphere_Weiss2024,Tier_2_unit_pair_partial,direct_source_unit_pair,False,True,PASS,pooled_material_topology_unit_reference
G0057_T1_homogeneous_none__AIP_FLINAK_2017_V10,V16_conservative_MUSCL_LTNE_effective_particle_resistance,numba,AIP_FLINAK_2017_V10,FLiNaK (LiF-NaF-KF),fluoride,homogeneous,1.0,none,0.5,True,True,charge_end_profile_reversed_for_counterflow,False,0.7812127437278957,1.2441466625792437,0.5451207600765751,0.017890856579979797,0.017890856579979797,0.017890856579979797,0.2679399998150488,25.186359982614587,500.0,550.0,2048,0.5617152385338906,0.45,5.0,525.0,run-wise frozen at the registered transport-property temperature,0.0,0.0,0.0,25.0,initial state and every explicit transient time step,0.5963484553511014,685.0045016274458,741.1001656961549,0.03121573857827941,0.052344796566801,55.02068055555556,0.12404544850956833,0.619759146515741,1.1274873093461113,0.12404544850956833,0.619759146515741,1.1274873093461113,1.078464223411267,0.8662770787027523,0.8662770787080268,0.027041478825140696,0.9,"time integral of positive outlet enthalpy flow following the simulated charge end state, with linear within-step interpolation at the registered outlet-grade threshold",True,0.18937431359601078,1,1,0,0.90-to-0.10 solid-temperature thickness at charge t50; reported only for a single crossing of each isotherm,-1.0414558104798743e-09,1.1722400827807178e-09,0.9999999999939113,1.0000000000056566,0.0,0.0,0.0014030947324047446,0.00017841195075920282,6.4440958144317e-09,1.4610076461542016,1.4610076461542016,19.164589033215517,10.486968455389771,10.486968455389771,1.98254485298261,1.98254485298261,0.45671966606826037,0.45671966606826037,1.3418519326428349,32.466501019899944,69.5409220356429,773.1499999999994,823.1499999999999,True,AIP_AN_CHENG_SU_ZHANG_2017;TASIDOU_ETAL_REFERENCE_VISCOSITY_2019,Q1_primary_experiment_common_table_domain,1.0,1.0,1.0,1.0,G0057,T1_homogeneous_none,20260821,56,0.0,6.727771695142943,Ceramic_sphere_Weiss2024,Tier_3_hypothetical_common_skeleton,unresolved,False,True,PASS,pooled_material_topology_unit_reference
G0058_T1_homogeneous_none__SOLAR_SALT_60_40_V10,V16_conservative_MUSCL_LTNE_effective_particle_resistance,numba,SOLAR_SALT_60_40_V10,Solar Salt (NaNO3-KNO3 60:40 wt%),nitrate,homogeneous,1.0,none,0.5,True,True,charge_end_profile_reversed_for_counterflow,False,0.7742814606566066,1.0055298647955178,0.5732193129545431,0.016417255547866213,0.016417255547866213,0.016417255547866213,0.21589608990852358,16.55167373283696,500.0,550.0,2048,0.4850352116862988,0.45,5.0,525.0,run-wise frozen at the registered transport-property temperature,0.0,0.0,0.0,25.0,initial state and every explicit transient time step,0.4734592181790807,476.5984589773788,552.0368001541959,0.020078470668865003,0.04240802565020615,37.39729638493229,0.12139353492482016,0.6065634786144369,1.1077665306903925,0.12139353492482016,0.6065634786144369,1.1077665306903925,1.0412096468752032,0.8540142986925493,0.8540142987000505,0.017147301047089666,0.9,"time integral of positive outlet enthalpy flow following the simulated charge end state, with linear within-step interpolation at the registered outlet-grade threshold",True,0.2060367614306404,1,1,0,0.90-to-0.10 solid-temperature thickness at charge t50; reported only for a single crossing of each isotherm,-1.432320928529407e-09,1.5437873202017727e-09,0.9999999999912165,1.000000000006721,0.0,0.0,0.00020638184761913737,2.5372720191941515e-05,1.399860113090673e-09,5.998955654289842,5.998955654289842,3.5449440459465764,9.2188660391362,9.2188660391362,1.4086541505465018,1.4086541505465018,0.5419488780936315,0.5419488780936315,1.0222056929102685,36.84692189722811,61.248353104073395,773.1499999999997,823.1499999999997,True,ZAVOICO_SANDIA_SOLAR_SALT_2001,Q1_authoritative_design_basis_full_property_vector,1.0,1.0,1.0,1.0,G0058,T1_homogeneous_none,20260821,57,0.0,7.155081133859619,Ceramic_sphere_Weiss2024,Tier_2_unit_pair_partial,direct_source_unit_pair,False,True,PASS,pooled_material_topology_unit_reference
G0058_T1_homogeneous_none__AIP_FLINAK_2017_V10,V16_conservative_MUSCL_LTNE_effective_particle_resistance,numba,AIP_FLINAK_2017_V10,FLiNaK (LiF-NaF-KF),fluoride,homogeneous,1.0,none,0.5,True,True,charge_end_profile_reversed_for_counterflow,False,0.7742814606566066,1.0055298647955178,0.5732193129545431,0.016417255547866213,0.016417255547866213,0.016417255547866213,0.17608163545571234,16.55167373283696,500.0,550.0,2048,0.7135870351263579,0.45,5.0,525.0,run-wise frozen at the registered transport-property temperature,0.0,0.0,0.0,25.0,initial state and every explicit transient time step,0.4734592181790807,571.87879835753,552.0368001541959,0.024861386070997776,0.052510089816424764,55.02068055555556,0.15024971461827097,0.7510503544705021,1.3591850832948928,0.15024971461827097,0.7510503544705021,1.3591850832948928,1.3394872846518433,0.8884618012999774,0.8884618013050183,0.022088391851452855,0.9,"time integral of positive outlet enthalpy flow following the simulated charge end state, with linear within-step interpolation at the registered outlet-grade threshold",True,0.15741090046591005,1,1,0,0.90-to-0.10 solid-temperature thickness at charge t50; reported only for a single crossing of each isotherm,-1.1744272221392293e-09,1.2913003999415196e-09,0.9999999999943263,1.000000000007385,0.0,0.0,0.0006735428481054556,5.628318779593866e-05,3.0770315490078706e-09,0.8968903279219929,0.8968903279219929,19.164589033215517,9.11021813652693,9.11021813652693,1.7222723757538947,1.7222723757538947,0.4917960004014248,0.4917960004014248,1.503917617807977,40.88136058510829,61.248353104073395,773.1499999999997,823.1499999999999,True,AIP_AN_CHENG_SU_ZHANG_2017;TASIDOU_ETAL_REFERENCE_VISCOSITY_2019,Q1_primary_experiment_common_table_domain,1.0,1.0,1.0,1.0,G0058,T1_homogeneous_none,20260821,57,0.0,7.155081133859619,Ceramic_sphere_Weiss2024,Tier_3_hypothetical_common_skeleton,unresolved,False,True,PASS,pooled_material_topology_unit_reference
G0058_T1_homogeneous_none__AIP_LIF_NAK_CARBONATE_RECIPROCAL_2017_V10,V16_conservative_MUSCL_LTNE_effective_particle_resistance,numba,AIP_LIF_NAK_CARBONATE_RECIPROCAL_2017_V10,LiF-Na2CO3-K2CO3 reciprocal salt,fluoride_carbonate,homogeneous,1.0,none,0.5,True,True,charge_end_profile_reversed_for_counterflow,False,0.7742814606566066,1.0055298647955178,0.5732193129545431,0.016417255547866213,0.016417255547866213,0.016417255547866213,0.1818865245366699,16.55167373283696,500.0,550.0,2048,0.6862432035300715,0.45,5.0,525.0,run-wise frozen at the registered transport-property temperature,0.0,0.0,0.0,25.0,initial state and every explicit transient time step,0.4734592181790807,568.0792548089374,552.0368001541959,0.02428877638822153,0.05130067269919448,52.9108125,0.1467797963105984,0.7338989815529645,1.3282618450549175,0.1467797963105984,0.7338989815529645,1.3282618450549175,1.3065392903926254,0.8869789940740569,0.8869789940791116,0.021543634448114433,0.9,"time integral of positive outlet enthalpy flow following the simulated charge end state, with linear within-step interpolation at the registered outlet-grade threshold",True,0.15944287572497837,1,1,0,0.90-to-0.10 solid-temperature thickness at charge t50; reported only for a single crossing of each isotherm,-1.140432193125207e-09,1.2535750215647568e-09,0.9999999999943011,1.0000000000069231,0.0,0.0,0.0010605313596992114,9.215491450922091e-05,5.039605734781058e-09,0.6071251292896231,0.6071251292896231,27.373757098453936,9.20880172168452,9.20880172168452,1.8005385123057147,1.8005385123057147,0.48069455963394625,0.48069455963394625,1.4462471617547044,41.774391736748214,61.248353104073395,773.1499999999997,823.1499999999999,True,AIP_AN_CHENG_SU_ZHANG_2017,Q1_primary_experiment_direct_table1_resolution,1.0,1.0,1.0,1.0,G0058,T1_homogeneous_none,20260821,57,0.0,7.155081133859619,Ceramic_sphere_Weiss2024,Tier_3_hypothetical_common_skeleton,unresolved,False,True,PASS,pooled_material_topology_unit_reference
G0059_T1_homogeneous_none__SOLAR_SALT_60_40_V10,V16_conservative_MUSCL_LTNE_effective_particle_resistance,numba,SOLAR_SALT_60_40_V10,Solar Salt (NaNO3-KNO3 60:40 wt%),nitrate,homogeneous,1.0,none,0.5,True,True,charge_end_profile_reversed_for_counterflow,False,0.7454785472177878,1.1713779539043618,0.447180863434403,0.011968229133178299,0.011968229133178299,0.011968229133178299,0.2735740096942337,20.973551453208422,500.0,550.0,2048,0.32246203445158084,0.45,5.0,525.0,run-wise frozen at the registered transport-property temperature,0.0,0.0,0.0,25.0,initial state and every explicit transient time step,0.5112781437762053,401.50381932163174,772.184342309093,0.022438879428148047,0.04388781273226087,37.39729638493229,0.10703948088045388,0.5350182588275538,0.9703420053373871,0.10703948088045388,0.5350182588275538,0.9703420053373871,0.944616656725863,0.879100096459516,0.8791000964641652,0.019726021069728397,0.9,"time integral of positive outlet enthalpy flow following the simulated charge end state, with linear within-step interpolation at the registered outlet-grade threshold",True,0.16856338894642126,1,1,0,0.90-to-0.10 solid-temperature thickness at charge t50; reported only for a single crossing of each isotherm,2.0199397710030098e-10,5.802425206979933e-09,0.9999999999947113,1.0000000000378115,0.0,0.0,0.0021144290443226594,0.0003293962939862744,1.4244341455678695e-08,5.978090264112246,5.978090264112246,3.5449440459465764,11.560574453566606,11.560574453566606,1.7664700970363953,1.7664700970363953,0.48546468765461037,0.48546468765461037,0.6156336941957913,85.97390969327999,97.87395786541808,773.15,823.1499999999999,True,ZAVOICO_SANDIA_SOLAR_SALT_2001,Q1_authoritative_design_basis_full_property_vector,1.0,1.0,1.0,1.0,G0059,T1_homogeneous_none,20260821,58,0.0,7.073071746762913,Ceramic_sphere_Weiss2024,Tier_2_unit_pair_partial,direct_source_unit_pair,False,True,PASS,pooled_material_topology_unit_reference
G0059_T1_homogeneous_none__AIP_FLINAK_2017_V10,V16_conservative_MUSCL_LTNE_effective_particle_resistance,numba,AIP_FLINAK_2017_V10,FLiNaK (LiF-NaF-KF),fluoride,homogeneous,1.0,none,0.5,True,True,charge_end_profile_reversed_for_counterflow,False,0.7454785472177878,1.1713779539043618,0.447180863434403,0.011968229133178299,0.011968229133178299,0.011968229133178299,0.2231228878000896,20.97355145320842,500.0,550.0,2048,0.47443268625595375,0.45,5.0,525.0,run-wise frozen at the registered transport-property temperature,0.0,0.0,0.0,25.0,initial state and every explicit transient time step,0.5112781437762053,481.77143128469874,772.184342309093,0.026468180751465415,0.05176865288231637,55.02068055555556,0.12625180928700327,0.6309954727204582,1.1394291681581612,0.12625180928700327,0.6309954727204582,1.1394291681581612,1.142558620895108,0.9022650269307314,0.9022650269316678,0.02388131381852841,0.9,"time integral of positive outlet enthalpy flow following the simulated charge end state, with linear within-step interpolation at the registered outlet-grade threshold",True,0.13620560403957183,1,1,0,0.90-to-0.10 solid-temperature thickness at charge t50; reported only for a single crossing of each isotherm,4.794165064936351e-10,4.0464964712327856e-09,0.9999999999989623,1.0000000000264504,0.0,0.0,0.007093024158135962,0.0007510605589944333,3.233241891489086e-08,0.8937707905029714,0.8937707905029714,19.164589033215517,11.21899221890545,11.21899221890545,2.1209327913837304,2.1209327913837304,0.4400324493457804,0.4400324493457804,0.9057495621857513,93.56520043622697,97.87395786541808,773.1499999999999,823.1499999999999,True,AIP_AN_CHENG_SU_ZHANG_2017;TASIDOU_ETAL_REFERENCE_VISCOSITY_2019,Q1_primary_experiment_common_table_domain,1.0,1.0,1.0,1.0,G0059,T1_homogeneous_none,20260821,58,0.0,7.073071746762913,Ceramic_sphere_Weiss2024,Tier_3_hypothetical_common_skeleton,unresolved,False,True,PASS,pooled_material_topology_unit_reference
G0062_T1_homogeneous_none__SOLAR_SALT_60_40_V10,V16_conservative_MUSCL_LTNE_effective_particle_resistance,numba,SOLAR_SALT_60_40_V10,Solar Salt (NaNO3-KNO3 60:40 wt%),nitrate,homogeneous,1.0,none,0.5,True,True,charge_end_profile_reversed_for_counterflow,False,0.886777836130365,1.3376402605527122,0.5761912302200451,0.01492618177728032,0.01492618177728032,0.01492618177728032,0.19061625520206169,14.61359520506606,500.0,550.0,2048,0.9635446454110187,0.45,5.0,525.0,run-wise frozen at the registered transport-property temperature,0.0,0.0,0.0,25.0,initial state and every explicit transient time step,0.8261499350056142,835.9393320640388,956.554033346474,0.03500656114441877,0.042373133085316865,37.39729638493229,0.23981555619118783,1.1980071757942765,2.162890077657512,0.23954790490079586,1.1977395245038844,2.162890077657512,2.16913078403334,0.9024370293756173,0.9024370293826174,0.031591217047825186,0.9,"time integral of positive outlet enthalpy flow following the simulated charge end state, with linear within-step interpolation at the registered outlet-grade threshold",True,0.1362155723389669,1,1,0,0.90-to-0.10 solid-temperature thickness at charge t50; reported only for a single crossing of each isotherm,-1.810940286617324e-09,2.098854423593366e-09,0.9999999999922432,1.0000000000129101,0.0,0.0,0.00020533251292782762,2.2287862129452435e-05,1.3770617357448432e-09,3.6711914842579407,3.6711914842579407,3.5449440459465764,8.21953504675368,8.21953504675368,1.2559551370004391,1.2559551370004391,0.570264228021377,0.570264228021377,1.0347107090578886,82.07648599988505,89.61704208833787,773.1499999999997,823.1499999999997,True,ZAVOICO_SANDIA_SOLAR_SALT_2001,Q1_authoritative_design_basis_full_property_vector,1.0,1.0,1.0,1.0,G0062,T1_homogeneous_none,20260821,61,0.0,6.00588295415006,Ceramic_sphere_Weiss2024,Tier_2_unit_pair_partial,direct_source_unit_pair,False,True,PASS,pooled_material_topology_unit_reference
G0062_T1_homogeneous_none__AIP_FLINAK_2017_V10,V16_conservative_MUSCL_LTNE_effective_particle_resistance,numba,AIP_FLINAK_2017_V10,FLiNaK (LiF-NaF-KF),fluoride,homogeneous,1.0,none,0.5,True,True,charge_end_profile_reversed_for_counterflow,False,0.886777836130365,1.3376402605527122,0.5761912302200451,0.01492618177728032,0.01492618177728032,0.01492618177728032,0.1554637787772985,14.61359520506606,500.0,550.0,2048,1.4176464220219729,0.45,5.0,525.0,run-wise frozen at the registered transport-property temperature,0.0,0.0,0.0,25.0,initial state and every explicit transient time step,0.8261499350056142,1003.0581755264742,956.554033346474,0.043395650599631304,0.05252757249122873,55.02068055555556,0.2973119579518343,1.4849846270679103,2.674626249547862,0.2973119579518343,1.4849846270679103,2.674626249547862,2.7593228712491005,0.9268976949010705,0.9268976949056934,0.04022332850953052,0.9,"time integral of positive outlet enthalpy flow following the simulated charge end state, with linear within-step interpolation at the registered outlet-grade threshold",True,0.10205869274304677,1,1,0,0.90-to-0.10 solid-temperature thickness at charge t50; reported only for a single crossing of each isotherm,-1.3235412765766341e-09,1.4703349648925723e-09,0.9999999999950127,1.0000000000097315,0.0,0.0,0.0007019120388652199,5.178587347100506e-05,3.1917451317688313e-09,0.5488715576395299,0.5488715576395299,19.164589033215517,8.320727305179108,8.320727305179108,1.573020378780341,1.573020378780341,0.5144529836636434,0.5144529836636434,1.522315592135273,92.73603801965858,89.61704208833787,773.1499999999997,823.1499999999997,True,AIP_AN_CHENG_SU_ZHANG_2017;TASIDOU_ETAL_REFERENCE_VISCOSITY_2019,Q1_primary_experiment_common_table_domain,1.0,1.0,1.0,1.0,G0062,T1_homogeneous_none,20260821,61,0.0,6.00588295415006,Ceramic_sphere_Weiss2024,Tier_3_hypothetical_common_skeleton,unresolved,False,True,PASS,pooled_material_topology_unit_reference
G0063_T1_homogeneous_none__SOLAR_SALT_60_40_V10,V16_conservative_MUSCL_LTNE_effective_particle_resistance,numba,SOLAR_SALT_60_40_V10,Solar Salt (NaNO3-KNO3 60:40 wt%),nitrate,homogeneous,1.0,none,0.5,True,True,charge_end_profile_reversed_for_counterflow,False,1.050309605296705,1.8739337760372416,0.5428775430562398,0.009474924362967348,0.009474924362967348,0.009474924362967348,0.13227739550053014,10.141046526048143,500.0,550.0,2048,2.571017315996145,0.45,5.0,525.0,run-wise frozen at the registered transport-property temperature,0.0,0.0,0.0,25.0,initial state and every explicit transient time step,1.6235990736256458,1547.8537174005753,2027.6455887179702,0.06943201464680947,0.04276426106339258,37.39729638493229,0.6848904461223048,3.423738059135073,6.162585672148404,0.6848904461223048,3.423738059135073,6.162585672148404,6.606122882607953,0.9636412630353892,0.9636412630479554,0.06690755428934313,0.9,"time integral of positive outlet enthalpy flow following the simulated charge end state, with linear within-step interpolation at the registered outlet-grade threshold",True,0.05013397023338645,1,1,0,0.90-to-0.10 solid-temperature thickness at charge t50; reported only for a single crossing of each isotherm,-4.36982672269437e-09,-8.77753425498895e-10,0.9999999999869598,0.9999999999912178,0.0,0.0,0.0004592411016935997,3.459211709972295e-05,3.0702966965949662e-09,1.152802076567534,1.152802076567534,3.5449440459465764,7.029703702576824,7.029703702576824,1.0741474337200372,1.0741474337200372,0.6080918317048628,0.6080918317048628,0.9038400028738431,567.419622107407,197.77823064862596,773.1499999999997,823.1499999999996,True,ZAVOICO_SANDIA_SOLAR_SALT_2001,Q1_authoritative_design_basis_full_property_vector,1.0,1.0,1.0,1.0,G0063,T1_homogeneous_none,20260821,62,0.0,4.875674430869232,Ceramic_sphere_Weiss2024,Tier_2_unit_pair_partial,direct_source_unit_pair,False,True,PASS,pooled_material_topology_unit_reference
G0063_T1_homogeneous_none__AIP_FLINAK_2017_V10,V16_conservative_MUSCL_LTNE_effective_particle_resistance,numba,AIP_FLINAK_2017_V10,FLiNaK (LiF-NaF-KF),fluoride,homogeneous,1.0,none,0.5,True,True,charge_end_profile_reversed_for_counterflow,False,1.050309605296705,1.8739337760372416,0.5428775430562398,0.009474924362967348,0.009474924362967348,0.009474924362967348,0.10788347368136322,10.141046526048143,500.0,550.0,2048,3.782736694898125,0.45,5.0,525.0,run-wise frozen at the registered transport-property temperature,0.0,0.0,0.0,25.0,initial state and every explicit transient time step,1.6235990736256458,1857.2966556366707,2027.6455887179702,0.08496553819425987,0.05233160056227675,55.02068055555556,0.8385066340357602,4.189380889599821,7.54130590535722,0.8385066340357602,4.189380889599821,7.54130590535722,8.17836122189784,0.9752957438210372,0.9752957438210915,0.08286652777232542,0.9,"time integral of positive outlet enthalpy flow following the simulated charge end state, with linear within-step interpolation at the registered outlet-grade threshold",True,0.03424771824670494,1,1,0,0.90-to-0.10 solid-temperature thickness at charge t50; reported only for a single crossing of each isotherm,-6.938893903907228e-12,9.525713551283843e-12,0.9999999999999443,1.0000000000000548,0.0,0.0,0.0016614110568014089,8.506118192383672e-05,7.549794977962387e-09,0.17235283807148055,0.17235283807148055,19.164589033215517,7.355146828286121,7.355146828286121,1.3904789119352843,1.3904789119352843,0.5451708542544587,0.5451708542544587,1.3297723867410578,658.519017669508,197.77823064862596,773.15,823.1499999999997,True,AIP_AN_CHENG_SU_ZHANG_2017;TASIDOU_ETAL_REFERENCE_VISCOSITY_2019,Q1_primary_experiment_common_table_domain,1.0,1.0,1.0,1.0,G0063,T1_homogeneous_none,20260821,62,0.0,4.875674430869232,Ceramic_sphere_Weiss2024,Tier_3_hypothetical_common_skeleton,unresolved,False,True,PASS,pooled_material_topology_unit_reference
G0063_T1_homogeneous_none__AIP_LIF_NAK_CARBONATE_RECIPROCAL_2017_V10,V16_conservative_MUSCL_LTNE_effective_particle_resistance,numba,AIP_LIF_NAK_CARBONATE_RECIPROCAL_2017_V10,LiF-Na2CO3-K2CO3 reciprocal salt,fluoride_carbonate,homogeneous,1.0,none,0.5,True,True,charge_end_profile_reversed_for_counterflow,False,1.050309605296705,1.8739337760372416,0.5428775430562398,0.009474924362967348,0.009474924362967348,0.009474924362967348,0.11144007171481476,10.141046526048143,500.0,550.0,2048,3.637526952082215,0.45,5.0,525.0,run-wise frozen at the registered transport-property temperature,0.0,0.0,0.0,25.0,initial state and every explicit transient time step,1.6235990736256458,1844.9568389726949,2027.6455887179702,0.08310586783777883,0.05118620057610392,52.9108125,0.8204644125252128,4.098280366012185,7.376096319500206,0.8204644125252128,4.098280366012185,7.376096319500206,7.996640821562375,0.9749510507189988,0.9749510507190206,0.08102415316935671,0.9,"time integral of positive outlet enthalpy flow following the simulated charge end state, with linear within-step interpolation at the registered outlet-grade threshold",True,0.03470602111927751,1,1,0,0.90-to-0.10 solid-temperature thickness at charge t50; reported only for a single crossing of each isotherm,6.838973831690964e-12,6.483702463810914e-12,0.9999999999999777,0.9999999999999428,0.0,0.0,0.0026326388590114888,0.00014016098188037235,1.2440047008514353e-08,0.11666949217751199,0.11666949217751199,27.373757098453936,7.4797018186321,7.4797018186321,1.462458590382881,1.462458590382881,0.5326302176341021,0.5326302176341021,1.2787798462705355,676.675830585819,197.77823064862596,773.1499999999999,823.1499999999999,True,AIP_AN_CHENG_SU_ZHANG_2017,Q1_primary_experiment_direct_table1_resolution,1.0,1.0,1.0,1.0,G0063,T1_homogeneous_none,20260821,62,0.0,4.875674430869232,Ceramic_sphere_Weiss2024,Tier_3_hypothetical_common_skeleton,unresolved,False,True,PASS,pooled_material_topology_unit_reference
G0065_T1_homogeneous_none__SOLAR_SALT_60_40_V10,V16_conservative_MUSCL_LTNE_effective_particle_resistance,numba,SOLAR_SALT_60_40_V10,Solar Salt (NaNO3-KNO3 60:40 wt%),nitrate,homogeneous,1.0,none,0.5,True,True,charge_end_profile_reversed_for_counterflow,False,0.6894766980436946,1.4851675416038996,0.4954010465273721,0.013353896598910089,0.013353896598910089,0.013353896598910089,0.14224218512936324,10.904997122942632,500.0,550.0,2048,0.7451647105291244,0.45,5.0,525.0,run-wise frozen at the registered transport-property temperature,0.0,0.0,0.0,25.0,initial state and every explicit transient time step,0.5545037872034787,482.40375456154277,764.4191479256303,0.024022030734744713,0.04332167117540295,37.39729638493229,0.2204445601982028,1.1016018303987845,1.9881408457309548,0.2204445601982028,1.1016018303987845,1.9881408457309548,2.001908803813603,0.9057437023831034,0.9057437024002922,0.02175780305644838,0.9,"time integral of positive outlet enthalpy flow following the simulated charge end state, with linear within-step interpolation at the registered outlet-grade threshold",True,0.1310120384477484,1,1,0,0.90-to-0.10 solid-temperature thickness at charge t50; reported only for a single crossing of each isotherm,-5.61921620345629e-09,-2.859268377619628e-10,0.9999999999810224,0.9999999999934445,0.0,0.0,0.000778966837560367,6.309546444843481e-05,5.221984412369527e-09,4.054387701681468,4.054387701681468,3.5449440459465764,9.664491461563863,9.664491461563863,1.4767462671069218,1.4767462671069218,0.5302092667366726,0.5302092667366726,0.7471930325329552,120.04848840730631,111.2160432427727,773.1499999999988,823.1499999999996,True,ZAVOICO_SANDIA_SOLAR_SALT_2001,Q1_authoritative_design_basis_full_property_vector,1.0,1.0,1.0,1.0,G0065,T1_homogeneous_none,20260821,64,0.0,7.148150772259951,Ceramic_sphere_Weiss2024,Tier_2_unit_pair_partial,direct_source_unit_pair,False,True,PASS,pooled_material_topology_unit_reference
G0066_T1_homogeneous_none__SOLAR_SALT_60_40_V10,V16_conservative_MUSCL_LTNE_effective_particle_resistance,numba,SOLAR_SALT_60_40_V10,Solar Salt (NaNO3-KNO3 60:40 wt%),nitrate,homogeneous,1.0,none,0.5,True,True,charge_end_profile_reversed_for_counterflow,False,0.852465887894421,1.1373576993377332,0.5635649277992354,0.011254789826524317,0.011254789826524317,0.011254789826524317,0.21648682786525236,16.596962658289574,500.0,550.0,2048,0.6520365975627306,0.45,5.0,525.0,run-wise frozen at the registered transport-property temperature,0.0,0.0,0.0,25.0,initial state and every explicit transient time step,0.6491438874955073,642.4423659948459,774.0006235020732,0.02760249096857518,0.042521375461255055,37.39729638493229,0.16645045365560038,0.8317089044466202,1.5000464169484642,0.16645045365560038,0.8317089044466202,1.5000464169484642,1.5194351099727823,0.9107642341195046,0.9107642341270895,0.02513936154678492,0.9,"time integral of positive outlet enthalpy flow following the simulated charge end state, with linear within-step interpolation at the registered outlet-grade threshold",True,0.12426490908383016,1,1,0,0.90-to-0.10 solid-temperature thickness at charge t50; reported only for a single crossing of each isotherm,-2.071010030135767e-09,2.2346346995050226e-09,0.9999999999916719,1.0000000000141984,0.0,0.0,0.00042378297291344793,5.224271482793606e-05,2.8391096034964523e-09,3.4020671780696694,3.4020671780696694,3.5449440459465764,8.266138462265838,8.266138462265838,1.2630761966201531,1.2630761966201531,0.5688781386079961,0.5688781386079961,0.9827579228287107,103.18111748242843,101.05543656242313,773.1499999999995,823.1499999999999,True,ZAVOICO_SANDIA_SOLAR_SALT_2001,Q1_authoritative_design_basis_full_property_vector,1.0,1.0,1.0,1.0,G0066,T1_homogeneous_none,20260821,65,0.0,6.450731609759339,Ceramic_sphere_Weiss2024,Tier_2_unit_pair_partial,direct_source_unit_pair,False,True,PASS,pooled_material_topology_unit_reference
G0066_T1_homogeneous_none__AIP_FLINAK_2017_V10,V16_conservative_MUSCL_LTNE_effective_particle_resistance,numba,AIP_FLINAK_2017_V10,FLiNaK (LiF-NaF-KF),fluoride,homogeneous,1.0,none,0.5,True,True,charge_end_profile_reversed_for_counterflow,False,0.852465887894421,1.1373576993377332,0.5635649277992354,0.011254789826524317,0.011254789826524317,0.011254789826524317,0.17656343253499546,16.596962658289574,500.0,550.0,2048,0.9592862002549206,0.45,5.0,525.0,run-wise frozen at the registered transport-property temperature,0.0,0.0,0.0,25.0,initial state and every explicit transient time step,0.6491438874955073,770.8777931582424,774.0006235020732,0.034049736924620565,0.052453296688950525,55.02068055555556,0.20518065949896927,1.025903297494892,1.847158872268475,0.20518065949896927,1.025903297494892,1.847158872268475,1.918501497864262,0.9329969900976208,0.9329969901024164,0.0317683020642868,0.9,"time integral of positive outlet enthalpy flow following the simulated charge end state, with linear within-step interpolation at the registered outlet-grade threshold",True,0.09328995617276234,1,1,0,0.90-to-0.10 solid-temperature thickness at charge t50; reported only for a single crossing of each isotherm,-1.4022116801015727e-09,1.4883427823519924e-09,0.9999999999948599,1.0000000000098683,0.0,0.0,0.0014599234774686162,0.0001223292324654032,6.636219468787578e-09,0.5086353896898017,0.5086353896898017,19.164589033215517,8.381339203211347,8.381339203211347,1.584478962544037,1.584478962544037,0.5126398066245009,0.5126398066245009,1.4458801828569057,116.64073170999038,101.05543656242313,773.1499999999995,823.1499999999999,True,AIP_AN_CHENG_SU_ZHANG_2017;TASIDOU_ETAL_REFERENCE_VISCOSITY_2019,Q1_primary_experiment_common_table_domain,1.0,1.0,1.0,1.0,G0066,T1_homogeneous_none,20260821,65,0.0,6.450731609759339,Ceramic_sphere_Weiss2024,Tier_3_hypothetical_common_skeleton,unresolved,False,True,PASS,pooled_material_topology_unit_reference
G0066_T1_homogeneous_none__AIP_LIF_NAK_CARBONATE_RECIPROCAL_2017_V10,V16_conservative_MUSCL_LTNE_effective_particle_resistance,numba,AIP_LIF_NAK_CARBONATE_RECIPROCAL_2017_V10,LiF-Na2CO3-K2CO3 reciprocal salt,fluoride_carbonate,homogeneous,1.0,none,0.5,True,True,charge_end_profile_reversed_for_counterflow,False,0.852465887894421,1.1373576993377332,0.5635649277992354,0.011254789826524317,0.011254789826524317,0.011254789826524317,0.18238420503614916,16.596962658289574,500.0,550.0,2048,0.9225084184791182,0.45,5.0,525.0,run-wise frozen at the registered transport-property temperature,0.0,0.0,0.0,25.0,initial state and every explicit transient time step,0.6491438874955073,765.7561069650143,774.0006235020732,0.03327787391821544,0.05126424905055546,52.9108125,0.2006455810192073,1.0027154004190768,1.805297724495879,0.2006455810192073,1.0027154004190768,1.805297724495879,1.8734404401244928,0.9321834700153414,0.9321834700202751,0.031021083983815097,0.9,"time integral of positive outlet enthalpy flow following the simulated charge end state, with linear within-step interpolation at the registered outlet-grade threshold",True,0.09439573142114509,1,1,0,0.90-to-0.10 solid-temperature thickness at charge t50; reported only for a single crossing of each isotherm,-1.4521162050584735e-09,1.677169514380239e-09,0.9999999999947073,1.0000000000111569,0.0,0.0,0.0023066035105990612,0.00020098082941665202,1.0903047319215082e-08,0.3443066750894399,0.3443066750894399,27.373757098453936,8.497052346047772,8.497052346047772,1.6613746774578204,1.6613746774578204,0.5007950606169886,0.5007950606169886,1.390435277792703,119.47555461923609,101.05543656242313,773.15,823.1499999999997,True,AIP_AN_CHENG_SU_ZHANG_2017,Q1_primary_experiment_direct_table1_resolution,1.0,1.0,1.0,1.0,G0066,T1_homogeneous_none,20260821,65,0.0,6.450731609759339,Ceramic_sphere_Weiss2024,Tier_3_hypothetical_common_skeleton,unresolved,False,True,PASS,pooled_material_topology_unit_reference
G0067_T1_homogeneous_none__SOLAR_SALT_60_40_V10,V16_conservative_MUSCL_LTNE_effective_particle_resistance,numba,SOLAR_SALT_60_40_V10,Solar Salt (NaNO3-KNO3 60:40 wt%),nitrate,homogeneous,1.0,none,0.5,True,True,charge_end_profile_reversed_for_counterflow,False,1.1493392434150156,1.7323019018040504,0.5610204914880637,0.013966282232152561,0.013966282232152561,0.013966282232152561,0.2632221583101314,20.179926766846222,500.0,550.0,2048,1.4780260037573938,0.45,5.0,525.0,run-wise frozen at the registered transport-property temperature,0.0,0.0,0.0,25.0,initial state and every explicit transient time step,1.797255969762813,1770.6711124084975,2155.434737499734,0.07647548642128466,0.042551249075209505,37.39729638493229,0.3793600076310583,1.8951577870402179,3.4134189431218402,0.3793600076310583,1.8951577870402179,3.4134189431218402,3.5191079959169063,0.9262021225286705,0.9262021225361967,0.07083175784480637,0.9,"time integral of positive outlet enthalpy flow following the simulated charge end state, with linear within-step interpolation at the registered outlet-grade threshold",True,0.10242010032319972,1,1,0,0.90-to-0.10 solid-temperature thickness at charge t50; reported only for a single crossing of each isotherm,-2.156497203031904e-09,2.3776536295372352e-09,0.9999999999918742,1.0000000000156632,0.0,0.0,0.0002833362883038778,4.2469329386098945e-05,1.8955827574552616e-09,2.8238058017949204,2.8238058017949204,3.5449440459465764,7.995600917361184,7.995600917361184,1.221737724633385,1.221737724633385,0.5770198493281307,0.5770198493281307,0.9726502789391986,150.56912195073141,124.03457648994241,773.1499999999999,823.1499999999997,True,ZAVOICO_SANDIA_SOLAR_SALT_2001,Q1_authoritative_design_basis_full_property_vector,1.0,1.0,1.0,1.0,G0067,T1_homogeneous_none,20260821,66,0.0,4.634793692625484,Ceramic_sphere_Weiss2024,Tier_2_unit_pair_partial,direct_source_unit_pair,False,True,PASS,pooled_material_topology_unit_reference
G0067_T1_homogeneous_none__AIP_FLINAK_2017_V10,V16_conservative_MUSCL_LTNE_effective_particle_resistance,numba,AIP_FLINAK_2017_V10,FLiNaK (LiF-NaF-KF),fluoride,homogeneous,1.0,none,0.5,True,True,charge_end_profile_reversed_for_counterflow,False,1.1493392434150156,1.7323019018040504,0.5610204914880637,0.013966282232152561,0.013966282232152561,0.013966282232152561,0.2146800719877258,20.179926766846222,500.0,550.0,2048,2.174503237981438,0.45,5.0,525.0,run-wise frozen at the registered transport-property temperature,0.0,0.0,0.0,25.0,initial state and every explicit transient time step,1.797255969762813,2124.6591317632115,2155.434737499734,0.0942450993441249,0.052438328724295505,55.02068055555556,0.4675181961660141,2.335174866121098,4.204039593431362,0.4675181961660141,2.335174866121098,4.204039593431362,4.422462454719878,0.945160259763117,0.9451602597631442,0.08907672257749386,0.9,"time integral of positive outlet enthalpy flow following the simulated charge end state, with linear within-step interpolation at the registered outlet-grade threshold",True,0.07611920285113528,1,1,0,0.90-to-0.10 solid-temperature thickness at charge t50; reported only for a single crossing of each isotherm,3.412825577697731e-10,2.6607827052771427e-09,0.9999999999999711,1.0000000000182676,0.0,0.0,0.0009881974534865611,0.0001006780644477,4.490998174692362e-09,0.42218083571742726,0.42218083571742726,19.164589033215517,8.164161842592359,8.164161842592359,1.5434219249157568,1.5434219249157568,0.5191964704765603,0.5191964704765603,1.4310093365826217,171.1526301084453,124.03457648994241,773.1499999999997,823.1499999999999,True,AIP_AN_CHENG_SU_ZHANG_2017;TASIDOU_ETAL_REFERENCE_VISCOSITY_2019,Q1_primary_experiment_common_table_domain,1.0,1.0,1.0,1.0,G0067,T1_homogeneous_none,20260821,66,0.0,4.634793692625484,Ceramic_sphere_Weiss2024,Tier_3_hypothetical_common_skeleton,unresolved,False,True,PASS,pooled_material_topology_unit_reference
G0068_T1_homogeneous_none__SOLAR_SALT_60_40_V10,V16_conservative_MUSCL_LTNE_effective_particle_resistance,numba,SOLAR_SALT_60_40_V10,Solar Salt (NaNO3-KNO3 60:40 wt%),nitrate,homogeneous,1.0,none,0.5,True,True,charge_end_profile_reversed_for_counterflow,False,1.0895599963887157,1.2135822874396145,0.5095752180452386,0.01637187638476618,0.01637187638476618,0.01637187638476618,0.15770067354198555,12.090122137096323,500.0,550.0,2048,1.4107870170673509,0.45,5.0,525.0,run-wise frozen at the registered transport-property temperature,0.0,0.0,0.0,25.0,initial state and every explicit transient time step,1.1315178506145926,1012.555767114008,1516.0534475923694,0.04883094210581832,0.04315525564116856,37.39729638493229,0.4040337262767948,2.019776746101461,3.642181815728064,0.4040337262767948,2.019776746101461,3.642181815728064,3.6963366611981385,0.9123434048444009,0.912343404847237,0.04455058798258211,0.9,"time integral of positive outlet enthalpy flow following the simulated charge end state, with linear within-step interpolation at the registered outlet-grade threshold",True,0.12174588647151728,1,1,0,0.90-to-0.10 solid-temperature thickness at charge t50; reported only for a single crossing of each isotherm,9.887646257311644e-11,4.946243414849505e-09,0.9999999999968915,1.000000000033952,0.0,0.0,0.00015702848751319434,1.410141691595582e-05,1.0517905666451343e-09,2.20677341574973,2.20677341574973,3.5449440459465764,8.317970389700834,8.317970389700834,1.270996179338437,1.270996179338437,0.5673444346866248,0.5673444346866248,0.7907844679306287,131.58048151065964,74.12603533757664,773.15,823.1499999999999,True,ZAVOICO_SANDIA_SOLAR_SALT_2001,Q1_authoritative_design_basis_full_property_vector,1.0,1.0,1.0,1.0,G0068,T1_homogeneous_none,20260821,67,0.0,5.319220243536209,Ceramic_sphere_Weiss2024,Tier_2_unit_pair_partial,direct_source_unit_pair,False,True,PASS,pooled_material_topology_unit_reference
G0068_T1_homogeneous_none__AIP_FLINAK_2017_V10,V16_conservative_MUSCL_LTNE_effective_particle_resistance,numba,AIP_FLINAK_2017_V10,FLiNaK (LiF-NaF-KF),fluoride,homogeneous,1.0,none,0.5,True,True,charge_end_profile_reversed_for_counterflow,False,1.0895599963887157,1.2135822874396145,0.5095752180452386,0.01637187638476618,0.01637187638476618,0.01637187638476618,0.1286183206074077,12.090122137096323,500.0,550.0,2048,2.075557275717128,0.45,5.0,525.0,run-wise frozen at the registered transport-property temperature,0.0,0.0,0.0,25.0,initial state and every explicit transient time step,1.1315178506145926,1214.9833144857696,1516.0534475923694,0.05899247008146343,0.052135695472608955,55.02068055555556,0.4883325034812155,2.439932886342964,4.3932629002678105,0.4883325034812155,2.439932886342964,4.3932629002678105,4.562694459369264,0.9329172096055575,0.9329172096159108,0.0550350905761382,0.9,"time integral of positive outlet enthalpy flow following the simulated charge end state, with linear within-step interpolation at the registered outlet-grade threshold",True,0.09313677134562033,1,1,0,0.90-to-0.10 solid-temperature thickness at charge t50; reported only for a single crossing of each isotherm,-3.4155789307988016e-09,-1.8773871346411397e-11,0.9999999999889021,0.9999999999974969,0.0,0.0,0.0005575406606582327,3.4031318444935263e-05,2.534366310901638e-09,0.32992971553072975,0.32992971553072975,19.164589033215517,8.524051211603188,8.524051211603188,1.611458442734105,1.611458442734105,0.508420701176755,0.508420701176755,1.1634397083270556,149.50054044256953,74.12603533757664,773.1499999999987,823.1499999999996,True,AIP_AN_CHENG_SU_ZHANG_2017;TASIDOU_ETAL_REFERENCE_VISCOSITY_2019,Q1_primary_experiment_common_table_domain,1.0,1.0,1.0,1.0,G0068,T1_homogeneous_none,20260821,67,0.0,5.319220243536209,Ceramic_sphere_Weiss2024,Tier_3_hypothetical_common_skeleton,unresolved,False,True,PASS,pooled_material_topology_unit_reference
G0072_T1_homogeneous_none__AIP_FLINAK_2017_V10,V16_conservative_MUSCL_LTNE_effective_particle_resistance,numba,AIP_FLINAK_2017_V10,FLiNaK (LiF-NaF-KF),fluoride,homogeneous,1.0,none,0.5,True,True,charge_end_profile_reversed_for_counterflow,False,0.9666931229657891,1.8276198657198535,0.5775539092034108,0.012937768174025617,0.012937768174025617,0.012937768174025617,0.19670740229463657,18.490495815695837,500.0,550.0,2048,1.8235031667251362,0.45,5.0,525.0,run-wise frozen at the registered transport-property temperature,0.0,0.0,0.0,25.0,initial state and every explicit transient time step,1.3413836532683718,1632.4735084910985,1548.1213505491253,0.07047037979061643,0.05253558862068328,55.02068055555556,0.38141607904001074,1.9060673378852986,3.4307185967301757,0.38141607904001074,1.9060673378852986,3.4307185967301757,3.608156509794449,0.944949890861381,0.9449498908613936,0.06659097769210306,0.9,"time integral of positive outlet enthalpy flow following the simulated charge end state, with linear within-step interpolation at the registered outlet-grade threshold",True,0.07648304640676096,1,1,0,0.90-to-0.10 solid-temperature thickness at charge t50; reported only for a single crossing of each isotherm,3.1321611970724916e-10,2.6030955169176195e-09,0.9999999999999867,1.0000000000179252,0.0,0.0,0.0013393604858126208,0.00012503096415830817,6.086898569008829e-09,0.5065534181609558,0.5065534181609558,19.164589033215517,8.193398303490154,8.193398303490154,1.5489490317549657,1.5489490317549657,0.5183040583751165,0.5183040583751165,1.5308379607355331,156.62928566054794,141.26237548366777,773.15,823.15,True,AIP_AN_CHENG_SU_ZHANG_2017;TASIDOU_ETAL_REFERENCE_VISCOSITY_2019,Q1_primary_experiment_common_table_domain,1.0,1.0,1.0,1.0,G0072,T1_homogeneous_none,20260821,71,0.0,5.232137256722855,Ceramic_sphere_Weiss2024,Tier_3_hypothetical_common_skeleton,unresolved,False,True,PASS,pooled_material_topology_unit_reference
G0073_T1_homogeneous_none__SOLAR_SALT_60_40_V10,V16_conservative_MUSCL_LTNE_effective_particle_resistance,numba,SOLAR_SALT_60_40_V10,Solar Salt (NaNO3-KNO3 60:40 wt%),nitrate,homogeneous,1.0,none,0.5,True,True,charge_end_profile_reversed_for_counterflow,False,0.6890307690682459,1.0350621471040935,0.48103997793185893,0.01297439587173705,0.01297439587173705,0.01297439587173705,0.31231253417177657,23.943440432279246,500.0,550.0,2048,0.2293725021213866,0.45,5.0,525.0,run-wise frozen at the registered transport-property temperature,0.0,0.0,0.0,25.0,initial state and every explicit transient time step,0.3859522168868661,326.03479683447114,547.2025823524826,0.016785170373942893,0.04349028102321567,37.39729638493229,0.07014975689879002,0.35055764074215867,0.6421792913558867,0.07014975689879002,0.35055764074215867,0.6421792913558867,0.5953352519195012,0.8445291469557985,0.8445291469646291,0.014175565617413732,0.9,"time integral of positive outlet enthalpy flow following the simulated charge end state, with linear within-step interpolation at the registered outlet-grade threshold",True,0.21841955837648036,1,1,0,0.90-to-0.10 solid-temperature thickness at charge t50; reported only for a single crossing of each isotherm,-1.6857626405908377e-09,1.8070656082613823e-09,0.9999999999895438,1.000000000007618,0.0,0.0,0.0015955760330663648,0.00028376424711047595,1.0856459545053538e-08,8.660188892256661,8.660188892256661,3.5449440459465764,11.97865407753898,11.97865407753898,1.8303531814708003,1.8303531814708003,0.476596284563367,0.476596284563367,0.7054553100537688,46.194084216425075,79.77729039074838,773.1499999999996,823.1499999999997,True,ZAVOICO_SANDIA_SOLAR_SALT_2001,Q1_authoritative_design_basis_full_property_vector,1.0,1.0,1.0,1.0,G0073,T1_homogeneous_none,20260821,72,0.0,7.737507117582306,Ceramic_sphere_Weiss2024,Tier_2_unit_pair_partial,direct_source_unit_pair,False,True,PASS,pooled_material_topology_unit_reference
G0073_T1_homogeneous_none__NREL_MGCL2_KCL_NACL_BASELINE_V10,V16_conservative_MUSCL_LTNE_effective_particle_resistance,numba,NREL_MGCL2_KCL_NACL_BASELINE_V10,Purified MgCl2-KCl-NaCl baseline (NREL),chloride,homogeneous,1.0,none,0.5,True,True,charge_end_profile_reversed_for_counterflow,False,0.6890307690682459,1.0350621471040935,0.48103997793185893,0.01297439587173705,0.01297439587173705,0.01297439587173705,0.45722928944917907,23.94344043227925,500.0,550.0,2048,0.14862631419022881,0.45,5.0,525.0,run-wise frozen at the registered transport-property temperature,0.0,0.0,0.0,25.0,initial state and every explicit transient time step,0.3859522168868661,309.19650408411394,547.2025823524826,0.014340990368120553,0.03715742452212502,24.232368745617165,0.05990466163611837,0.2994820230932956,0.5561514106825296,0.05990466163611837,0.2994820230932956,0.5561514106825296,0.4889161295915576,0.810602059279856,0.8106020593172052,0.0116248363245111,0.9,"time integral of positive outlet enthalpy flow following the simulated charge end state, with linear within-step interpolation at the registered outlet-grade threshold",True,0.2661596275675796,1,1,0,0.90-to-0.10 solid-temperature thickness at charge t50; reported only for a single crossing of each isotherm,-6.904399274532125e-09,-2.5742408205076117e-09,0.9999999999539242,0.9999999999556556,0.0,0.0,0.005839136208201983,0.0016031080124493241,6.21694011162635e-08,4.977679535253922,4.977679535253922,7.464421665217784,12.38160842572327,12.38160842572327,1.5632109611094767,1.5632109611094767,0.5160154218642057,0.5160154218642057,0.45711468098705377,42.715066214623704,79.77729039074838,773.1499999999974,823.1499999999991,True,NREL_ZHAO_CHLORIDE_2020,Q1_official_lab_measured_correlations,1.0,1.0,1.0,1.0,G0073,T1_homogeneous_none,20260821,72,0.0,7.737507117582306,Ceramic_sphere_Weiss2024,Tier_3_hypothetical_common_skeleton,unresolved,False,True,PASS,pooled_material_topology_unit_reference
G0073_T1_homogeneous_none__AIP_FLINAK_2017_V10,V16_conservative_MUSCL_LTNE_effective_particle_resistance,numba,AIP_FLINAK_2017_V10,FLiNaK (LiF-NaF-KF),fluoride,homogeneous,1.0,none,0.5,True,True,charge_end_profile_reversed_for_counterflow,False,0.6890307690682459,1.0350621471040935,0.48103997793185893,0.01297439587173705,0.01297439587173705,0.01297439587173705,0.25471745140722607,23.94344043227925,500.0,550.0,2048,0.33746074751797417,0.45,5.0,525.0,run-wise frozen at the registered transport-property temperature,0.0,0.0,0.0,25.0,initial state and every explicit transient time step,0.3859522168868661,391.2148357267108,547.2025823524826,0.020057100490453908,0.051967833355736966,55.02068055555556,0.08380275230029802,0.41892002240495874,0.7604115510738481,0.08380275230029802,0.41892002240495874,0.7604115510738481,0.7361299397243279,0.8749719066915481,0.8749719066976811,0.01754939945883644,0.9,"time integral of positive outlet enthalpy flow following the simulated charge end state, with linear within-step interpolation at the registered outlet-grade threshold",True,0.17565042731660988,1,1,0,0.90-to-0.10 solid-temperature thickness at charge t50; reported only for a single crossing of each isotherm,-1.3491097128337515e-09,1.424904638724911e-09,0.9999999999929906,1.0000000000073377,0.0,0.0,0.005096207074095114,0.0006160346804403923,2.3355314348248538e-08,1.2947653063393019,1.2947653063393019,19.164589033215517,11.401191475564515,11.401191475564515,2.155377273604046,2.155377273604046,0.4360668513268368,0.4360668513268368,1.0378993941478507,49.77109369678459,79.77729039074838,773.1499999999999,823.1499999999999,True,AIP_AN_CHENG_SU_ZHANG_2017;TASIDOU_ETAL_REFERENCE_VISCOSITY_2019,Q1_primary_experiment_common_table_domain,1.0,1.0,1.0,1.0,G0073,T1_homogeneous_none,20260821,72,0.0,7.737507117582306,Ceramic_sphere_Weiss2024,Tier_3_hypothetical_common_skeleton,unresolved,False,True,PASS,pooled_material_topology_unit_reference
G0073_T1_homogeneous_none__AIP_LINAK_CARBONATE_2017_V10,V16_conservative_MUSCL_LTNE_effective_particle_resistance,numba,AIP_LINAK_CARBONATE_2017_V10,Li2CO3-Na2CO3-K2CO3 eutectic,carbonate,homogeneous,1.0,none,0.5,True,True,charge_end_profile_reversed_for_counterflow,False,0.6890307690682459,1.0350621471040935,0.48103997793185893,0.01297439587173705,0.01297439587173705,0.01297439587173705,0.29743404263700934,23.94344043227925,500.0,550.0,2048,0.28008464292948193,0.45,5.0,525.0,run-wise frozen at the registered transport-property temperature,0.0,0.0,0.0,25.0,initial state and every explicit transient time step,0.3859522168868661,379.14239528245275,547.2025823524826,0.018320091674322414,0.0474672533872051,45.664743055555554,0.07655646906739295,0.38262674275758657,0.6984221776606242,0.07655646906739295,0.38262674275758657,0.6984221776606242,0.6576593546350149,0.8551732772491862,0.8551732772622755,0.01566685283663583,0.9,"time integral of positive outlet enthalpy flow following the simulated charge end state, with linear within-step interpolation at the registered outlet-grade threshold",True,0.20366966515402854,1,1,0,0.90-to-0.10 solid-temperature thickness at charge t50; reported only for a single crossing of each isotherm,-3.801980952289341e-09,-5.634603894577594e-10,0.9999999999846939,0.9999999999900072,0.0,0.0,0.014734489014996117,0.002146041492505889,8.181416333449953e-08,0.6207807073415682,0.6207807073415682,56.93282447382672,12.787658752064676,12.787658752064676,1.6972808892626383,1.6972808892626383,0.49544965816396114,0.49544965816396114,0.8614108126747398,44.53014049156436,79.77729039074838,773.1499999999984,823.1499999999996,True,AIP_AN_CHENG_SU_ZHANG_2017;TASIDOU_ETAL_REFERENCE_VISCOSITY_2019,Q1_primary_experiment_common_table_domain,1.0,1.0,1.0,1.0,G0073,T1_homogeneous_none,20260821,72,0.0,7.737507117582306,Ceramic_sphere_Weiss2024,Tier_3_hypothetical_common_skeleton,unresolved,False,True,PASS,pooled_material_topology_unit_reference
G0073_T1_homogeneous_none__AIP_LIF_NAK_CARBONATE_RECIPROCAL_2017_V10,V16_conservative_MUSCL_LTNE_effective_particle_resistance,numba,AIP_LIF_NAK_CARBONATE_RECIPROCAL_2017_V10,LiF-Na2CO3-K2CO3 reciprocal salt,fluoride_carbonate,homogeneous,1.0,none,0.5,True,True,charge_end_profile_reversed_for_counterflow,False,0.6890307690682459,1.0350621471040935,0.48103997793185893,0.01297439587173705,0.01297439587173705,0.01297439587173705,0.2631147300250467,23.943440432279246,500.0,550.0,2048,0.3245313834715205,0.45,5.0,525.0,run-wise frozen at the registered transport-property temperature,0.0,0.0,0.0,25.0,initial state and every explicit transient time step,0.3859522168868661,388.6156174841947,547.2025823524826,0.019665385666218047,0.05095290247285339,52.9108125,0.0822146171461181,0.41071249530452714,0.7457911487388245,0.0822146171461181,0.41071249530452714,0.7457911487388245,0.7205867074972191,0.8734992903080443,0.8734992903101334,0.01717770042307545,0.9,"time integral of positive outlet enthalpy flow following the simulated charge end state, with linear within-step interpolation at the registered outlet-grade threshold",True,0.17765747057992012,1,1,0,0.90-to-0.10 solid-temperature thickness at charge t50; reported only for a single crossing of each isotherm,4.5354831001986895e-10,3.2725377963060964e-09,0.9999999999976082,1.0000000000209968,0.0,0.0,0.008012893481929522,0.0010072307882605814,3.819827484555174e-08,0.8764556039223307,0.8764556039223307,27.373757098453936,11.468327750449335,11.468327750449335,2.2423292856664028,2.2423292856664028,0.4263669461391801,0.4263669461391801,0.9980992543734629,50.62717901661496,79.77729039074838,773.15,823.15,True,AIP_AN_CHENG_SU_ZHANG_2017,Q1_primary_experiment_direct_table1_resolution,1.0,1.0,1.0,1.0,G0073,T1_homogeneous_none,20260821,72,0.0,7.737507117582306,Ceramic_sphere_Weiss2024,Tier_3_hypothetical_common_skeleton,unresolved,False,True,PASS,pooled_material_topology_unit_reference
G0074_T1_homogeneous_none__SOLAR_SALT_60_40_V10,V16_conservative_MUSCL_LTNE_effective_particle_resistance,numba,SOLAR_SALT_60_40_V10,Solar Salt (NaNO3-KNO3 60:40 wt%),nitrate,homogeneous,1.0,none,0.5,True,True,charge_end_profile_reversed_for_counterflow,False,0.6791916891736126,1.3488020694324452,0.5205933580431918,0.009062501933617975,0.009062501933617975,0.009062501933617975,0.29845288879081394,22.880890719147747,500.0,550.0,2048,0.32889920913769743,0.45,5.0,525.0,run-wise frozen at the registered transport-property temperature,0.0,0.0,0.0,25.0,initial state and every explicit transient time step,0.4886780488018955,446.7563117818131,640.0406724861014,0.021025810080806246,0.04302589431294441,37.39729638493229,0.09190905677570148,0.4595452838785271,0.8294655332668511,0.09190905677570148,0.4595452838785271,0.8294655332668511,0.8338323207123228,0.9043368553373784,0.9043368553465925,0.01901441496939727,0.9,"time integral of positive outlet enthalpy flow following the simulated charge end state, with linear within-step interpolation at the registered outlet-grade threshold",True,0.13313572659958728,1,1,0,0.90-to-0.10 solid-temperature thickness at charge t50; reported only for a single crossing of each isotherm,-2.4625634864605672e-09,2.637579044062477e-09,0.9999999999898114,1.000000000016238,0.0,0.0,0.0027040312631242906,0.0004595558008428438,1.8129417889109342e-08,5.949318373934102,5.949318373934102,3.5449440459465764,10.106732015594101,10.106732015594101,1.5443211715832486,1.5443211715832486,0.5190510679651313,0.5190510679651313,0.8264504404986096,106.48775043467067,148.83330004366354,773.15,823.1499999999999,True,ZAVOICO_SANDIA_SOLAR_SALT_2001,Q1_authoritative_design_basis_full_property_vector,1.0,1.0,1.0,1.0,G0074,T1_homogeneous_none,20260821,73,0.0,7.372150821441416,Ceramic_sphere_Weiss2024,Tier_2_unit_pair_partial,direct_source_unit_pair,False,True,PASS,pooled_material_topology_unit_reference
G0074_T1_homogeneous_none__NREL_MGCL2_KCL_NACL_BASELINE_V10,V16_conservative_MUSCL_LTNE_effective_particle_resistance,numba,NREL_MGCL2_KCL_NACL_BASELINE_V10,Purified MgCl2-KCl-NaCl baseline (NREL),chloride,homogeneous,1.0,none,0.5,True,True,charge_end_profile_reversed_for_counterflow,False,0.6791916891736126,1.3488020694324452,0.5205933580431918,0.009062501933617975,0.009062501933617975,0.009062501933617975,0.43693860266531254,22.88089071914775,500.0,550.0,2048,0.21311708272560603,0.45,5.0,525.0,run-wise frozen at the registered transport-property temperature,0.0,0.0,0.0,25.0,initial state and every explicit transient time step,0.4886780488018955,423.6832728335462,640.0406724861014,0.01767661896582709,0.0361723204247977,24.232368745617165,0.07725494248803118,0.38627471244015527,0.7003856127018355,0.07731414167767718,0.3863339116298013,0.7003856127018355,0.6834372739596348,0.8808462423382112,0.8808462423450071,0.01557038339329315,0.9,"time integral of positive outlet enthalpy flow following the simulated charge end state, with linear within-step interpolation at the registered outlet-grade threshold",True,0.16585732464870787,1,1,0,0.90-to-0.10 solid-temperature thickness at charge t50; reported only for a single crossing of each isotherm,-8.705258736085852e-10,4.884692650364286e-09,0.9999999999922848,1.0000000000317373,0.0,0.0,0.010060599032570772,0.002639516563999429,1.0458331593203994e-07,3.4195328401116662,3.4195328401116662,7.464421665217784,10.533653554343331,10.533653554343331,1.3299017486669882,1.3299017486669882,0.5561917619294838,0.5561917619294838,0.5355160335122261,98.26436394514681,148.83330004366354,773.15,823.1499999999997,True,NREL_ZHAO_CHLORIDE_2020,Q1_official_lab_measured_correlations,1.0,1.0,1.0,1.0,G0074,T1_homogeneous_none,20260821,73,0.0,7.372150821441416,Ceramic_sphere_Weiss2024,Tier_3_hypothetical_common_skeleton,unresolved,False,True,PASS,pooled_material_topology_unit_reference
G0074_T1_homogeneous_none__AIP_FLINAK_2017_V10,V16_conservative_MUSCL_LTNE_effective_particle_resistance,numba,AIP_FLINAK_2017_V10,FLiNaK (LiF-NaF-KF),fluoride,homogeneous,1.0,none,0.5,True,True,charge_end_profile_reversed_for_counterflow,False,0.6791916891736126,1.3488020694324452,0.5205933580431918,0.009062501933617975,0.009062501933617975,0.009062501933617975,0.24341373105476333,22.88089071914775,500.0,550.0,2048,0.48390306031557356,0.45,5.0,525.0,run-wise frozen at the registered transport-property temperature,0.0,0.0,0.0,25.0,initial state and every explicit transient time step,0.4886780488018955,536.0706857689438,640.0406724861014,0.025509243890487705,0.05220051105841437,55.02068055555556,0.11156653890609199,0.5575638594968906,1.0042332676716244,0.11156653890609199,0.5575638594968906,1.0042332676716244,1.0346849011797346,0.9256913939899938,0.925691393995973,0.023613687536616298,0.9,"time integral of positive outlet enthalpy flow following the simulated charge end state, with linear within-step interpolation at the registered outlet-grade threshold",True,0.10341522990267525,1,1,0,0.90-to-0.10 solid-temperature thickness at charge t50; reported only for a single crossing of each isotherm,-1.6546986003618258e-09,1.7938317498078504e-09,0.9999999999935408,1.0000000000115874,0.0,0.0,0.008947740409367017,0.0010336127172890248,4.0690672018591895e-08,0.8894691701037014,0.8894691701037014,19.164589033215517,9.912207099516426,9.912207099516426,1.873887124810045,1.873887124810045,0.47073615169437244,0.47073615169437244,1.2159131829645633,117.18524117312512,148.83330004366354,773.15,823.1499999999997,True,AIP_AN_CHENG_SU_ZHANG_2017;TASIDOU_ETAL_REFERENCE_VISCOSITY_2019,Q1_primary_experiment_common_table_domain,1.0,1.0,1.0,1.0,G0074,T1_homogeneous_none,20260821,73,0.0,7.372150821441416,Ceramic_sphere_Weiss2024,Tier_3_hypothetical_common_skeleton,unresolved,False,True,PASS,pooled_material_topology_unit_reference
G0074_T1_homogeneous_none__AIP_LINAK_CARBONATE_2017_V10,V16_conservative_MUSCL_LTNE_effective_particle_resistance,numba,AIP_LINAK_CARBONATE_2017_V10,Li2CO3-Na2CO3-K2CO3 eutectic,carbonate,homogeneous,1.0,none,0.5,True,True,charge_end_profile_reversed_for_counterflow,False,0.6791916891736126,1.3488020694324452,0.5205933580431918,0.009062501933617975,0.009062501933617975,0.009062501933617975,0.28423466731860564,22.880890719147757,500.0,550.0,2048,0.4016004373308969,0.45,5.0,525.0,run-wise frozen at the registered transport-property temperature,0.0,0.0,0.0,25.0,initial state and every explicit transient time step,0.4886780488018955,519.5281601874777,640.0406724861014,0.023129069566268624,0.04732987213764718,45.664743055555554,0.10118099907197915,0.5054587726517507,0.9115214370639098,0.10118099907197915,0.5054587726517507,0.9115214370639098,0.9251482559508333,0.9124243328846078,0.9124243328921685,0.021103525869244334,0.9,"time integral of positive outlet enthalpy flow following the simulated charge end state, with linear within-step interpolation at the registered outlet-grade threshold",True,0.12194034118617011,1,1,0,0.90-to-0.10 solid-temperature thickness at charge t50; reported only for a single crossing of each isotherm,-2.066502524655789e-09,2.224109785231576e-09,0.9999999999917135,1.0000000000139075,0.0,0.0,0.025967296195276938,0.0036142329384365665,1.424376710220992e-07,0.4264597590559743,0.4264597590559743,56.93282447382672,11.160204551434635,11.160204551434635,1.4812720821435414,1.4812720821435414,0.5294469809161942,0.5294469809161942,1.0091544218882458,104.18597303142423,148.83330004366354,773.15,823.1499999999997,True,AIP_AN_CHENG_SU_ZHANG_2017;TASIDOU_ETAL_REFERENCE_VISCOSITY_2019,Q1_primary_experiment_common_table_domain,1.0,1.0,1.0,1.0,G0074,T1_homogeneous_none,20260821,73,0.0,7.372150821441416,Ceramic_sphere_Weiss2024,Tier_3_hypothetical_common_skeleton,unresolved,False,True,PASS,pooled_material_topology_unit_reference
G0074_T1_homogeneous_none__AIP_LIF_NAK_CARBONATE_RECIPROCAL_2017_V10,V16_conservative_MUSCL_LTNE_effective_particle_resistance,numba,AIP_LIF_NAK_CARBONATE_RECIPROCAL_2017_V10,LiF-Na2CO3-K2CO3 reciprocal salt,fluoride_carbonate,homogeneous,1.0,none,0.5,True,True,charge_end_profile_reversed_for_counterflow,False,0.6791916891736126,1.3488020694324452,0.5205933580431918,0.009062501933617975,0.009062501933617975,0.009062501933617975,0.2514383595510742,22.88089071914775,500.0,550.0,2048,0.465330872514088,0.45,5.0,525.0,run-wise frozen at the registered transport-property temperature,0.0,0.0,0.0,25.0,initial state and every explicit transient time step,0.4886780488018955,532.509050118955,640.0406724861014,0.024972488084527768,0.05110212776234467,52.9108125,0.10922349646511212,0.5457297065985164,0.983140726761852,0.10922349646511212,0.5457297065985164,0.983140726761852,1.0119685077107003,0.9247922008592371,0.9247922008686165,0.02309436221662151,0.9,"time integral of positive outlet enthalpy flow following the simulated charge end state, with linear within-step interpolation at the registered outlet-grade threshold",True,0.1046372154139921,1,1,0,0.90-to-0.10 solid-temperature thickness at charge t50; reported only for a single crossing of each isotherm,-3.1250446674846444e-09,-7.0921046813055e-10,0.9999999999898579,0.999999999992788,0.0,0.0,0.01410131074868923,0.0016938910708231988,6.668671911215462e-08,0.6021015815272699,0.6021015815272699,27.373757098453936,10.009135650592592,10.009135650592592,1.9570227222231293,1.9570227222231293,0.459936403980058,0.459936403980058,1.1692867807252194,119.57643234282692,148.83330004366354,773.1499999999991,823.1499999999997,True,AIP_AN_CHENG_SU_ZHANG_2017,Q1_primary_experiment_direct_table1_resolution,1.0,1.0,1.0,1.0,G0074,T1_homogeneous_none,20260821,73,0.0,7.372150821441416,Ceramic_sphere_Weiss2024,Tier_3_hypothetical_common_skeleton,unresolved,False,True,PASS,pooled_material_topology_unit_reference
G0075_T1_homogeneous_none__SOLAR_SALT_60_40_V10,V16_conservative_MUSCL_LTNE_effective_particle_resistance,numba,SOLAR_SALT_60_40_V10,Solar Salt (NaNO3-KNO3 60:40 wt%),nitrate,homogeneous,1.0,none,0.5,True,True,charge_end_profile_reversed_for_counterflow,False,1.1306029409090659,1.9020313227479224,0.48528793207845783,0.015996017730726494,0.015996017730726494,0.015996017730726494,0.20205629938149855,15.490646192082584,500.0,550.0,2048,1.769627029921726,0.45,5.0,525.0,run-wise frozen at the registered transport-property temperature,0.0,0.0,0.0,25.0,initial state and every explicit transient time step,1.9095356359050064,1627.3332650221798,2685.176350151316,0.08295100485453255,0.04344040681661262,37.39729638493229,0.5358037396152008,2.6775440088845963,4.823216782664801,0.5358037396152008,2.6775440088845963,4.823216782664801,4.971419322150401,0.9259432526787937,0.9259432526895397,0.07680792324798028,0.9,"time integral of positive outlet enthalpy flow following the simulated charge end state, with linear within-step interpolation at the registered outlet-grade threshold",True,0.10252378538162918,1,1,0,0.90-to-0.10 solid-temperature thickness at charge t50; reported only for a single crossing of each isotherm,-3.213784793842933e-09,2.8970603693778685e-09,0.9999999999883946,1.0000000000189595,0.0,0.0,0.00039333186040628395,4.525663694694716e-05,2.631463853057305e-09,2.5656185533675924,2.5656185533675924,3.5449440459465764,8.929774593687188,8.929774593687188,1.36448061957312,1.36448061957312,0.5498468102268326,0.5498468102268326,0.7175586102537022,198.2449455410779,118.90655254115785,773.1499999999999,823.1499999999994,True,ZAVOICO_SANDIA_SOLAR_SALT_2001,Q1_authoritative_design_basis_full_property_vector,1.0,1.0,1.0,1.0,G0075,T1_homogeneous_none,20260821,74,0.0,4.589442645687482,Ceramic_sphere_Weiss2024,Tier_2_unit_pair_partial,direct_source_unit_pair,False,True,PASS,pooled_material_topology_unit_reference
G0076_T1_homogeneous_none__AIP_FLINAK_2017_V10,V16_conservative_MUSCL_LTNE_effective_particle_resistance,numba,AIP_FLINAK_2017_V10,FLiNaK (LiF-NaF-KF),fluoride,homogeneous,1.0,none,0.5,True,True,charge_end_profile_reversed_for_counterflow,False,0.6771164785947565,2.0773304235725965,0.5768695660610984,0.017940957839967367,0.017940957839967367,0.017940957839967367,0.22100784948358396,20.77473785145689,500.0,550.0,2048,0.9039767396231198,0.45,5.0,525.0,run-wise frozen at the registered transport-property temperature,0.0,0.0,0.0,25.0,initial state and every explicit transient time step,0.748035534867951,909.2859105891712,864.7233524851176,0.03929547574133153,0.05253156288660574,55.02068055555556,0.18933290602106503,0.9459112161556007,1.7097715611373034,0.18933290602106503,0.9459112161556007,1.7097715611373034,1.698154575095671,0.8946197445820369,0.8946197445823154,0.035154508470939635,0.9,"time integral of positive outlet enthalpy flow following the simulated charge end state, with linear within-step interpolation at the registered outlet-grade threshold",True,0.14853819593373613,1,1,0,0.90-to-0.10 solid-temperature thickness at charge t50; reported only for a single crossing of each isotherm,5.756950471891287e-10,2.5304425221861493e-09,0.9999999999996886,1.000000000016281,0.0,0.0,0.0018799513653528909,0.0001971758436723907,8.579248468029486e-09,1.6086034595014913,1.6086034595014913,19.164589033215517,10.146767951550887,10.146767951550887,1.9182304840840148,1.9182304840840148,0.4649133842843064,0.4649133842843064,1.5265511298449759,44.981790487065915,115.78704114363913,773.15,823.15,True,AIP_AN_CHENG_SU_ZHANG_2017;TASIDOU_ETAL_REFERENCE_VISCOSITY_2019,Q1_primary_experiment_common_table_domain,1.0,1.0,1.0,1.0,G0076,T1_homogeneous_none,20260821,75,0.0,6.870177256777298,Ceramic_sphere_Weiss2024,Tier_3_hypothetical_common_skeleton,unresolved,False,True,PASS,pooled_material_topology_unit_reference
G0077_T1_homogeneous_none__SOLAR_SALT_60_40_V10,V16_conservative_MUSCL_LTNE_effective_particle_resistance,numba,SOLAR_SALT_60_40_V10,Solar Salt (NaNO3-KNO3 60:40 wt%),nitrate,homogeneous,1.0,none,0.5,True,True,charge_end_profile_reversed_for_counterflow,False,1.1152569392671086,1.507953800152781,0.5378505979942703,0.01822971950148014,0.01822971950148014,0.01822971950148014,0.17999117048274857,13.799023085059918,500.0,550.0,2048,1.6984723520977782,0.45,5.0,525.0,run-wise frozen at the registered transport-property temperature,0.0,0.0,0.0,25.0,initial state and every explicit transient time step,1.4730849270869195,1391.3573432420533,1859.9054892045788,0.06308233008582188,0.042823281214729114,37.39729638493229,0.45717214143964213,2.285860707198499,4.123513432593612,0.45717214143964213,2.285860707198499,4.123513432593612,4.175008845689009,0.9103881173187066,0.9103881173192278,0.05742940372290859,0.9,"time integral of positive outlet enthalpy flow following the simulated charge end state, with linear within-step interpolation at the registered outlet-grade threshold",True,0.12466052748065692,1,1,0,0.90-to-0.10 solid-temperature thickness at charge t50; reported only for a single crossing of each isotherm,7.30349114519413e-10,4.799871611282924e-09,0.9999999999994276,1.0000000000320102,0.0,0.0,0.00013132307758709414,1.3459936476452297e-05,8.79837963927433e-10,2.6767595249503477,2.6767595249503477,3.5449440459465764,8.22850690557085,8.22850690557085,1.257326048141492,1.257326048141492,0.5699968601925931,0.5699968601925931,0.8857302958031685,113.37477954812033,82.71952840691512,773.15,823.1499999999999,True,ZAVOICO_SANDIA_SOLAR_SALT_2001,Q1_authoritative_design_basis_full_property_vector,1.0,1.0,1.0,1.0,G0077,T1_homogeneous_none,20260821,76,0.0,4.912918030512507,Ceramic_sphere_Weiss2024,Tier_2_unit_pair_partial,direct_source_unit_pair,False,True,PASS,pooled_material_topology_unit_reference
G0077_T1_homogeneous_none__AIP_FLINAK_2017_V10,V16_conservative_MUSCL_LTNE_effective_particle_resistance,numba,AIP_FLINAK_2017_V10,FLiNaK (LiF-NaF-KF),fluoride,homogeneous,1.0,none,0.5,True,True,charge_end_profile_reversed_for_counterflow,False,1.1152569392671086,1.507953800152781,0.5378505979942703,0.01822971950148014,0.01822971950148014,0.01822971950148014,0.14679811792616934,13.799023085059918,500.0,550.0,2048,2.4988952590564226,0.45,5.0,525.0,run-wise frozen at the registered transport-property temperature,0.0,0.0,0.0,25.0,initial state and every explicit transient time step,1.4730849270869195,1669.5139284471693,1859.9054892045788,0.07704533047223068,0.05230202892958161,55.02068055555556,0.5587807454278851,2.7918213144235104,5.027638433706699,0.5587807454278851,2.7918213144235104,5.027638433706699,5.216504198633902,0.9321039205869924,0.9321039205921449,0.07181425459608669,0.9,"time integral of positive outlet enthalpy flow following the simulated charge end state, with linear within-step interpolation at the registered outlet-grade threshold",True,0.0944139623058146,1,1,0,0.90-to-0.10 solid-temperature thickness at charge t50; reported only for a single crossing of each isotherm,-1.448341446774748e-09,1.6014300996403108e-09,0.9999999999944722,1.0000000000104194,0.0,0.0,0.0004607151450425996,3.209610791336066e-05,2.094450432343479e-09,0.4001962785612951,0.4001962785612951,19.164589033215517,8.397576050334234,8.397576050334234,1.587548512893986,1.587548512893986,0.512156257255146,0.512156257255146,1.303128524643804,128.62505332495957,82.71952840691512,773.15,823.1499999999997,True,AIP_AN_CHENG_SU_ZHANG_2017;TASIDOU_ETAL_REFERENCE_VISCOSITY_2019,Q1_primary_experiment_common_table_domain,1.0,1.0,1.0,1.0,G0077,T1_homogeneous_none,20260821,76,0.0,4.912918030512507,Ceramic_sphere_Weiss2024,Tier_3_hypothetical_common_skeleton,unresolved,False,True,PASS,pooled_material_topology_unit_reference
G0080_T1_homogeneous_none__SOLAR_SALT_60_40_V10,V16_conservative_MUSCL_LTNE_effective_particle_resistance,numba,SOLAR_SALT_60_40_V10,Solar Salt (NaNO3-KNO3 60:40 wt%),nitrate,homogeneous,1.0,none,0.5,True,True,charge_end_profile_reversed_for_counterflow,False,1.0362962596310699,1.469585096833343,0.45134669971079067,0.019001148884570156,0.019001148884570156,0.019001148884570156,0.3089132077208352,23.682831069917828,500.0,550.0,2048,0.6987902916689736,0.45,5.0,525.0,run-wise frozen at the registered transport-property temperature,0.0,0.0,0.0,25.0,initial state and every explicit transient time step,1.2395169835466129,982.4534811671979,1857.9378089071072,0.05433906437694724,0.043838902651795554,37.39729638493229,0.22963025417899535,1.147374837237558,2.0864713458748945,0.22963025417899535,1.147374837237558,2.0864713458748945,2.0023830691704925,0.8685935865637033,0.868593586581376,0.04719856281768857,0.9,"time integral of positive outlet enthalpy flow following the simulated charge end state, with linear within-step interpolation at the registered outlet-grade threshold",True,0.18357271221119667,1,1,0,0.90-to-0.10 solid-temperature thickness at charge t50; reported only for a single crossing of each isotherm,-5.4305782093422295e-09,-5.492606369728037e-10,0.9999999999796538,0.9999999999891931,0.0,0.0,0.0005848139781177905,0.00010287384653513412,3.950074140889124e-09,5.545957209333871,5.545957209333871,3.5449440459465764,11.259597608151704,11.259597608151704,1.7204804622253207,1.7204804622253207,0.4920561768487072,0.4920561768487072,0.6260867524949388,71.74898861958633,77.34190736364982,773.1499999999979,823.1499999999995,True,ZAVOICO_SANDIA_SOLAR_SALT_2001,Q1_authoritative_design_basis_full_property_vector,1.0,1.0,1.0,1.0,G0080,T1_homogeneous_none,20260821,79,0.0,5.2208284007856065,Ceramic_sphere_Weiss2024,Tier_2_unit_pair_partial,direct_source_unit_pair,False,True,PASS,pooled_material_topology_unit_reference
G0082_T1_homogeneous_none__SOLAR_SALT_60_40_V10,V16_conservative_MUSCL_LTNE_effective_particle_resistance,numba,SOLAR_SALT_60_40_V10,Solar Salt (NaNO3-KNO3 60:40 wt%),nitrate,homogeneous,1.0,none,0.5,True,True,charge_end_profile_reversed_for_counterflow,False,1.1354247042034742,1.285305901705888,0.433878305190512,0.015486385127418623,0.015486385127418623,0.015486385127418623,0.17641199009050862,13.524625220288844,500.0,550.0,2048,1.2349979410113172,0.45,5.0,525.0,run-wise frozen at the registered transport-property temperature,0.0,0.0,0.0,25.0,initial state and every explicit transient time step,1.3014067696465192,991.5856644587827,2012.8135837800394,0.057319153079529714,0.044043994864955575,37.39729638493229,0.42401595974720974,2.1193936887686413,3.820260297528801,0.42401595974720974,2.1193936887686413,3.820260297528801,3.896995451263299,0.916767427766691,0.9167674277709873,0.05254833253048566,0.9,"time integral of positive outlet enthalpy flow following the simulated charge end state, with linear within-step interpolation at the registered outlet-grade threshold",True,0.11524595776244503,1,1,0,0.90-to-0.10 solid-temperature thickness at charge t50; reported only for a single crossing of each isotherm,-2.922773134628187e-10,6.329092805401615e-09,0.9999999999953136,1.0000000000434015,0.0,0.0,0.0004101080608984862,4.119809758855501e-05,2.7458091771331708e-09,2.150252760083101,2.150252760083101,3.5449440459465764,9.424659997616358,9.424659997616358,1.440099722327218,1.440099722327218,0.5364634665068624,0.5364634665068624,0.5832844199354195,186.9926083542058,82.99586321344003,773.15,823.1499999999999,True,ZAVOICO_SANDIA_SOLAR_SALT_2001,Q1_authoritative_design_basis_full_property_vector,1.0,1.0,1.0,1.0,G0082,T1_homogeneous_none,20260821,81,0.0,5.078960648149931,Ceramic_sphere_Weiss2024,Tier_2_unit_pair_partial,direct_source_unit_pair,False,True,PASS,pooled_material_topology_unit_reference
G0084_T1_homogeneous_none__SOLAR_SALT_60_40_V10,V16_conservative_MUSCL_LTNE_effective_particle_resistance,numba,SOLAR_SALT_60_40_V10,Solar Salt (NaNO3-KNO3 60:40 wt%),nitrate,homogeneous,1.0,none,0.5,True,True,charge_end_profile_reversed_for_counterflow,False,0.6547325330529127,1.2653295837294292,0.5431414389810544,0.011194272534871668,0.011194272534871668,0.011194272534871668,0.22381678127577315,17.15891353650715,500.0,550.0,2048,0.3988928789145005,0.45,5.0,525.0,run-wise frozen at the registered transport-property temperature,0.0,0.0,0.0,25.0,initial state and every explicit transient time step,0.42601156168200455,406.3343777594983,531.7210433576998,0.01821674971177008,0.04276116272489322,37.39729638493229,0.10626063079972521,0.5308599396886848,0.9603346059865938,0.10626063079972521,0.5308599396886848,0.9603346059865938,0.9497374787085809,0.8911749470131263,0.8911749470209983,0.016234310959138087,0.9,"time integral of positive outlet enthalpy flow following the simulated charge end state, with linear within-step interpolation at the registered outlet-grade threshold",True,0.1520105973225119,1,1,0,0.90-to-0.10 solid-temperature thickness at charge t50; reported only for a single crossing of each isotherm,-1.979305608301729e-09,2.1279200623780525e-09,0.9999999999911667,1.0000000000124667,0.0,0.0,0.0010791422327332296,0.00013753780597295298,7.250597213945156e-09,5.930464589849307,5.930464589849307,3.5449440459465764,9.698210260588514,9.698210260588514,1.4818985413666714,1.4818985413666714,0.5293416386658553,0.5293416386658553,0.9048017050487138,75.66070004887547,113.03365893475944,773.15,823.1499999999997,True,ZAVOICO_SANDIA_SOLAR_SALT_2001,Q1_authoritative_design_basis_full_property_vector,1.0,1.0,1.0,1.0,G0084,T1_homogeneous_none,20260821,83,0.0,7.689980820255128,Ceramic_sphere_Weiss2024,Tier_2_unit_pair_partial,direct_source_unit_pair,False,True,PASS,pooled_material_topology_unit_reference
G0084_T1_homogeneous_none__NREL_MGCL2_KCL_NACL_BASELINE_V10,V16_conservative_MUSCL_LTNE_effective_particle_resistance,numba,NREL_MGCL2_KCL_NACL_BASELINE_V10,Purified MgCl2-KCl-NaCl baseline (NREL),chloride,homogeneous,1.0,none,0.5,True,True,charge_end_profile_reversed_for_counterflow,False,0.6547325330529127,1.2653295837294292,0.5431414389810544,0.011194272534871668,0.011194272534871668,0.011194272534871668,0.32767044762038905,17.15891353650715,500.0,550.0,2048,0.25847158409254095,0.45,5.0,525.0,run-wise frozen at the registered transport-property temperature,0.0,0.0,0.0,25.0,initial state and every explicit transient time step,0.42601156168200455,385.3489575722096,531.7210433576998,0.015170589082779743,0.035610744982794144,24.232368745617165,0.0884547198894489,0.442130004122754,0.8051389844483663,0.0884547198894489,0.442130004122754,0.8051389844483663,0.7670583094276893,0.8633230140092018,0.863323014009275,0.0130971186912405,0.9,"time integral of positive outlet enthalpy flow following the simulated charge end state, with linear within-step interpolation at the registered outlet-grade threshold",True,0.19096500598152633,1,1,0,0.90-to-0.10 solid-temperature thickness at charge t50; reported only for a single crossing of each isotherm,1.8507195775896434e-09,5.74322811530692e-09,0.9999999999999152,1.0000000000370044,0.0,0.0,0.004005926697114559,0.0007881709217745798,4.183009190128568e-08,3.4086961139884173,3.4086961139884173,7.464421665217784,10.119083815523796,10.119083815523796,1.2775612176483673,1.2775612176483673,0.5660793702639672,0.5660793702639672,0.5862853916690496,69.75492482150739,113.03365893475944,773.15,823.1499999999999,True,NREL_ZHAO_CHLORIDE_2020,Q1_official_lab_measured_correlations,1.0,1.0,1.0,1.0,G0084,T1_homogeneous_none,20260821,83,0.0,7.689980820255128,Ceramic_sphere_Weiss2024,Tier_3_hypothetical_common_skeleton,unresolved,False,True,PASS,pooled_material_topology_unit_reference
G0084_T1_homogeneous_none__AIP_FLINAK_2017_V10,V16_conservative_MUSCL_LTNE_effective_particle_resistance,numba,AIP_FLINAK_2017_V10,FLiNaK (LiF-NaF-KF),fluoride,homogeneous,1.0,none,0.5,True,True,charge_end_profile_reversed_for_counterflow,False,0.6547325330529127,1.2653295837294292,0.5431414389810544,0.011194272534871668,0.011194272534871668,0.011194272534871668,0.18254163336709733,17.15891353650715,500.0,550.0,2048,0.5868845546804947,0.45,5.0,525.0,run-wise frozen at the registered transport-property temperature,0.0,0.0,0.0,25.0,initial state and every explicit transient time step,0.42601156168200455,487.567702554166,531.7210433576998,0.02229452822152852,0.05233315296304147,55.02068055555556,0.1300927429541735,0.6498116208212186,1.1711607335624918,0.12992971946676227,0.6496485973338072,1.1711607335624918,1.1937512977955074,0.9161289023167135,0.9161289023221771,0.020424661667257912,0.9,"time integral of positive outlet enthalpy flow following the simulated charge end state, with linear within-step interpolation at the registered outlet-grade threshold",True,0.1171545023094787,1,1,0,0.90-to-0.10 solid-temperature thickness at charge t50; reported only for a single crossing of each isotherm,-1.4879208976026348e-09,1.6291634707954472e-09,0.9999999999940362,1.0000000000102904,0.0,0.0,0.0035537171171560185,0.0003078535608529296,1.6171950290932112e-08,0.8866503833739994,0.8866503833739994,19.164589033215517,9.545425420816535,9.545425420816535,1.8045476267112341,1.8045476267112341,0.48013937654215055,0.48013937654215055,1.3311872887063894,83.57021128270407,113.03365893475944,773.1499999999999,823.1499999999999,True,AIP_AN_CHENG_SU_ZHANG_2017;TASIDOU_ETAL_REFERENCE_VISCOSITY_2019,Q1_primary_experiment_common_table_domain,1.0,1.0,1.0,1.0,G0084,T1_homogeneous_none,20260821,83,0.0,7.689980820255128,Ceramic_sphere_Weiss2024,Tier_3_hypothetical_common_skeleton,unresolved,False,True,PASS,pooled_material_topology_unit_reference
G0084_T1_homogeneous_none__AIP_LIF_NAK_CARBONATE_RECIPROCAL_2017_V10,V16_conservative_MUSCL_LTNE_effective_particle_resistance,numba,AIP_LIF_NAK_CARBONATE_RECIPROCAL_2017_V10,LiF-Na2CO3-K2CO3 reciprocal salt,fluoride_carbonate,homogeneous,1.0,none,0.5,True,True,charge_end_profile_reversed_for_counterflow,False,0.6547325330529127,1.2653295837294292,0.5431414389810544,0.011194272534871668,0.011194272534871668,0.011194272534871668,0.18855948941216646,17.15891353650715,500.0,550.0,2048,0.5643770701272025,0.45,5.0,525.0,run-wise frozen at the registered transport-property temperature,0.0,0.0,0.0,25.0,initial state and every explicit transient time step,0.42601156168200455,484.3283190972826,531.7210433576998,0.02180633738757328,0.051187196191286886,52.9108125,0.12714161218698786,0.6355512895265679,1.1456854523582032,0.12714161218698786,0.6355512895265679,1.1456854523582032,1.1663305590381052,0.9150812044087911,0.9150812044144883,0.01995456948036501,0.9,"time integral of positive outlet enthalpy flow following the simulated charge end state, with linear within-step interpolation at the registered outlet-grade threshold",True,0.11859424583823062,1,1,0,0.90-to-0.10 solid-temperature thickness at charge t50; reported only for a single crossing of each isotherm,-1.558853046645936e-09,1.701971896750365e-09,0.9999999999937742,1.000000000010776,0.0,0.0,0.005598790446498897,0.0005043558555388572,2.6498405313669615e-08,0.600193481724616,0.600193481724616,27.373757098453936,9.643391086321111,9.643391086321111,1.885511010543359,1.885511010543359,0.469195749232823,0.469195749232823,1.2801404912468906,85.32945444360452,113.03365893475944,773.1499999999999,823.1499999999997,True,AIP_AN_CHENG_SU_ZHANG_2017,Q1_primary_experiment_direct_table1_resolution,1.0,1.0,1.0,1.0,G0084,T1_homogeneous_none,20260821,83,0.0,7.689980820255128,Ceramic_sphere_Weiss2024,Tier_3_hypothetical_common_skeleton,unresolved,False,True,PASS,pooled_material_topology_unit_reference
G0086_T1_homogeneous_none__SOLAR_SALT_60_40_V10,V16_conservative_MUSCL_LTNE_effective_particle_resistance,numba,SOLAR_SALT_60_40_V10,Solar Salt (NaNO3-KNO3 60:40 wt%),nitrate,homogeneous,1.0,none,0.5,True,True,charge_end_profile_reversed_for_counterflow,False,0.8734031936212526,1.4795690918228204,0.515251660672768,0.01989935469133036,0.01989935469133036,0.01989935469133036,0.1389271684359074,10.650851368138841,500.0,550.0,2048,1.2685393105149199,0.45,5.0,525.0,run-wise frozen at the registered transport-property temperature,0.0,0.0,0.0,25.0,initial state and every explicit transient time step,0.8864508951193908,802.0904139809458,1173.9556972992468,0.03819593681116807,0.04308860989533288,37.39729638493229,0.3587147272511608,1.793221264225009,3.244641658672388,0.3587147272511608,1.793221264225009,3.244641658672388,3.2044795571121387,0.8900928530823241,0.890092853086208,0.033997930372404755,0.9,"time integral of positive outlet enthalpy flow following the simulated charge end state, with linear within-step interpolation at the registered outlet-grade threshold",True,0.15335900773216013,1,1,0,0.90-to-0.10 solid-temperature thickness at charge t50; reported only for a single crossing of each isotherm,2.7045032879868813e-11,4.690448029975869e-09,0.9999999999956365,1.0000000000314093,0.0,0.0,0.00017364127629744517,1.3736968760094017e-05,1.1669183903836075e-09,3.6772627600275323,3.6772627600275323,3.5449440459465764,9.134650043427255,9.134650043427255,1.3957858420805584,1.3957858420805584,0.5442261265786811,0.5442261265786811,0.8089567619312128,82.47096763872568,74.35261669401928,773.15,823.1500000000008,True,ZAVOICO_SANDIA_SOLAR_SALT_2001,Q1_authoritative_design_basis_full_property_vector,1.0,1.0,1.0,1.0,G0086,T1_homogeneous_none,20260821,85,0.0,5.931531239826246,Ceramic_sphere_Weiss2024,Tier_2_unit_pair_partial,direct_source_unit_pair,False,True,PASS,pooled_material_topology_unit_reference
G0091_T1_homogeneous_none__SOLAR_SALT_60_40_V10,V16_conservative_MUSCL_LTNE_effective_particle_resistance,numba,SOLAR_SALT_60_40_V10,Solar Salt (NaNO3-KNO3 60:40 wt%),nitrate,homogeneous,1.0,none,0.5,True,True,charge_end_profile_reversed_for_counterflow,False,0.8004218655735995,1.851745492393181,0.568645205864955,0.013794922949874291,0.013794922949874291,0.013794922949874291,0.12287690113200685,9.420357625285304,500.0,550.0,2048,1.663827466622927,0.45,5.0,525.0,run-wise frozen at the registered transport-property temperature,0.0,0.0,0.0,25.0,initial state and every explicit transient time step,0.9317707338515658,930.4642478081337,1098.0557480589368,0.039564596521352205,0.04246172913996564,37.39729638493229,0.4201164353222906,2.1001200023151694,3.781972266492361,0.4201164353222906,2.1001200023151694,3.781972266492361,3.9199968085512116,0.9311027948013547,0.9311027948144437,0.036838706396219,0.9,"time integral of positive outlet enthalpy flow following the simulated charge end state, with linear within-step interpolation at the registered outlet-grade threshold",True,0.09555932857451602,1,1,0,0.90-to-0.10 solid-temperature thickness at charge t50; reported only for a single crossing of each isotherm,-4.457445523797787e-09,-8.809175611190767e-10,0.9999999999859426,0.9999999999909854,0.0,0.0,0.0002764368647089381,1.9342694205388157e-05,1.848964465100536e-09,2.6846005754971354,2.6846005754971354,3.5449440459465764,7.816265051667335,7.816265051667335,1.1943349822050808,1.1943349822050808,0.5825465592876979,0.5825465592876979,1.0032957951831998,166.222095348284,134.2338408936206,773.1499999999991,823.1499999999997,True,ZAVOICO_SANDIA_SOLAR_SALT_2001,Q1_authoritative_design_basis_full_property_vector,1.0,1.0,1.0,1.0,G0091,T1_homogeneous_none,20260821,90,0.0,6.077426762226279,Ceramic_sphere_Weiss2024,Tier_2_unit_pair_partial,direct_source_unit_pair,False,True,PASS,pooled_material_topology_unit_reference
G0091_T1_homogeneous_none__AIP_FLINAK_2017_V10,V16_conservative_MUSCL_LTNE_effective_particle_resistance,numba,AIP_FLINAK_2017_V10,FLiNaK (LiF-NaF-KF),fluoride,homogeneous,1.0,none,0.5,True,True,charge_end_profile_reversed_for_counterflow,False,0.8004218655735995,1.851745492393181,0.568645205864955,0.013794922949874291,0.013794922949874291,0.013794922949874291,0.10021657048175857,9.420357625285305,500.0,550.0,2048,2.4478294153425217,0.45,5.0,525.0,run-wise frozen at the registered transport-property temperature,0.0,0.0,0.0,25.0,initial state and every explicit transient time step,0.9317707338515658,1116.480269560449,1098.0557480589368,0.048902293062638415,0.05248318205970688,55.02068055555556,0.5194837981449161,2.596059085493768,4.672634372843177,0.5194837981449161,2.596059085493768,4.672634372843177,4.93625739115602,0.9492447860454317,0.9492447860477938,0.0464202467153752,0.9,"time integral of positive outlet enthalpy flow following the simulated charge end state, with linear within-step interpolation at the registered outlet-grade threshold",True,0.07042397203316185,1,1,0,0.90-to-0.10 solid-temperature thickness at charge t50; reported only for a single crossing of each isotherm,-5.276445946833519e-10,1.4566792216896829e-09,0.9999999999975115,1.0000000000100224,0.0,0.0,0.0009659776750042308,4.594158992531079e-05,4.389737960817232e-09,0.4013685763413485,0.4013685763413485,19.164589033215517,8.002571673112874,8.002571673112874,1.5128735581349366,1.5128735581349366,0.5241848030938697,0.5241848030938697,1.4760964771706955,189.46064714028967,134.2338408936206,773.1499999999999,823.1499999999999,True,AIP_AN_CHENG_SU_ZHANG_2017;TASIDOU_ETAL_REFERENCE_VISCOSITY_2019,Q1_primary_experiment_common_table_domain,1.0,1.0,1.0,1.0,G0091,T1_homogeneous_none,20260821,90,0.0,6.077426762226279,Ceramic_sphere_Weiss2024,Tier_3_hypothetical_common_skeleton,unresolved,False,True,PASS,pooled_material_topology_unit_reference
G0092_T1_homogeneous_none__SOLAR_SALT_60_40_V10,V16_conservative_MUSCL_LTNE_effective_particle_resistance,numba,SOLAR_SALT_60_40_V10,Solar Salt (NaNO3-KNO3 60:40 wt%),nitrate,homogeneous,1.0,none,0.5,True,True,charge_end_profile_reversed_for_counterflow,False,0.7714892069140091,1.0648698230467635,0.5753126656115706,0.014513563371292414,0.014513563371292414,0.014513563371292414,0.139464850950859,10.692072798147604,500.0,550.0,2048,0.7923383507106989,0.45,5.0,525.0,run-wise frozen at the registered transport-property temperature,0.0,0.0,0.0,25.0,initial state and every explicit transient time step,0.4977899343617508,502.9204422011872,577.558679405508,0.0210980538481223,0.042383448100800795,37.39729638493229,0.1974243057187463,0.986681340621226,1.7836416650442422,0.1974243057187463,0.986681340621226,1.7836416650442422,1.7724740908094851,0.8949780877790142,0.894978087791284,0.01888229588885117,0.9,"time integral of positive outlet enthalpy flow following the simulated charge end state, with linear within-step interpolation at the registered outlet-grade threshold",True,0.14684922286356272,1,1,0,0.90-to-0.10 solid-temperature thickness at charge t50; reported only for a single crossing of each isotherm,-3.943012583107475e-09,-4.0942804702126523e-10,0.9999999999862905,0.9999999999926771,0.0,0.0,0.00016762825909859185,1.3312596190613912e-05,1.1254545754039537e-09,3.4506995624561143,3.4506995624561143,3.5449440459465764,8.126652301689974,8.126652301689974,1.2417625384972506,1.2417625384972506,0.5730470123555007,0.5730470123555007,1.030995727215222,71.1751553828083,73.37066685863364,773.1499999999986,823.1499999999997,True,ZAVOICO_SANDIA_SOLAR_SALT_2001,Q1_authoritative_design_basis_full_property_vector,1.0,1.0,1.0,1.0,G0092,T1_homogeneous_none,20260821,91,0.0,7.062941497398135,Ceramic_sphere_Weiss2024,Tier_2_unit_pair_partial,direct_source_unit_pair,False,True,PASS,pooled_material_topology_unit_reference
G0092_T1_homogeneous_none__AIP_FLINAK_2017_V10,V16_conservative_MUSCL_LTNE_effective_particle_resistance,numba,AIP_FLINAK_2017_V10,FLiNaK (LiF-NaF-KF),fluoride,homogeneous,1.0,none,0.5,True,True,charge_end_profile_reversed_for_counterflow,False,0.7714892069140091,1.0648698230467635,0.5753126656115706,0.014513563371292414,0.014513563371292414,0.014513563371292414,0.11374545529944262,10.692072798147606,500.0,550.0,2048,1.1656811586745055,0.45,5.0,525.0,run-wise frozen at the registered transport-property temperature,0.0,0.0,0.0,25.0,initial state and every explicit transient time step,0.4977899343617508,603.4630048375872,577.558679405508,0.026145124151733284,0.05252240422509882,55.02068055555556,0.2447930433216438,1.2226700153207979,2.203137389894784,0.2447930433216438,1.2226700153207979,2.203137389894784,2.2585733663953214,0.9211764026903331,0.9211764026985223,0.024084271413985815,0.9,"time integral of positive outlet enthalpy flow following the simulated charge end state, with linear within-step interpolation at the registered outlet-grade threshold",True,0.11018624812033817,1,1,0,0.90-to-0.10 solid-temperature thickness at charge t50; reported only for a single crossing of each isotherm,-2.7276847447410546e-09,-6.71740441049451e-10,0.99999999999111,0.9999999999932238,0.0,0.0,0.0005757711187270082,3.10801656473112e-05,2.618992154113572e-09,0.5159063077784855,0.5159063077784855,19.164589033215517,8.247015784297671,8.247015784297671,1.5590853319695626,1.5590853319695626,0.5166753883656566,0.5166753883656566,1.5168499342136097,80.57258135889539,73.37066685863364,773.1499999999988,823.1499999999997,True,AIP_AN_CHENG_SU_ZHANG_2017;TASIDOU_ETAL_REFERENCE_VISCOSITY_2019,Q1_primary_experiment_common_table_domain,1.0,1.0,1.0,1.0,G0092,T1_homogeneous_none,20260821,91,0.0,7.062941497398135,Ceramic_sphere_Weiss2024,Tier_3_hypothetical_common_skeleton,unresolved,False,True,PASS,pooled_material_topology_unit_reference
G0092_T1_homogeneous_none__AIP_LIF_NAK_CARBONATE_RECIPROCAL_2017_V10,V16_conservative_MUSCL_LTNE_effective_particle_resistance,numba,AIP_LIF_NAK_CARBONATE_RECIPROCAL_2017_V10,LiF-Na2CO3-K2CO3 reciprocal salt,fluoride_carbonate,homogeneous,1.0,none,0.5,True,True,charge_end_profile_reversed_for_counterflow,False,0.7714892069140091,1.0648698230467635,0.5753126656115706,0.014513563371292414,0.014513563371292414,0.014513563371292414,0.11749530547414952,10.692072798147606,500.0,550.0,2048,1.1209959642041805,0.45,5.0,525.0,run-wise frozen at the registered transport-property temperature,0.0,0.0,0.0,25.0,initial state and every explicit transient time step,0.4977899343617508,599.4536168808554,577.558679405508,0.025540889896573462,0.051308570409968446,52.9108125,0.23914580569689317,1.1944834774131265,2.1523122512716704,0.23914580569689317,1.1944834774131265,2.1523122512716704,2.2042016306277756,0.9202281607603477,0.9202281607687567,0.023503446133706345,0.9,"time integral of positive outlet enthalpy flow following the simulated charge end state, with linear within-step interpolation at the registered outlet-grade threshold",True,0.11150145216058674,1,1,0,0.90-to-0.10 solid-temperature thickness at charge t50; reported only for a single crossing of each isotherm,-2.7499225119242965e-09,-6.969536059386883e-10,0.9999999999908621,0.999999999992954,0.0,0.0,0.0009095232020183163,5.105388056754389e-05,4.302273455054018e-09,0.3492285222174762,0.3492285222174762,27.373757098453936,8.361913439870325,8.361913439870325,1.634951825447618,1.634951825447618,0.5048029233684627,0.5048029233684627,1.4586835649692784,82.55177945659283,73.37066685863364,773.1499999999986,823.1499999999997,True,AIP_AN_CHENG_SU_ZHANG_2017,Q1_primary_experiment_direct_table1_resolution,1.0,1.0,1.0,1.0,G0092,T1_homogeneous_none,20260821,91,0.0,7.062941497398135,Ceramic_sphere_Weiss2024,Tier_3_hypothetical_common_skeleton,unresolved,False,True,PASS,pooled_material_topology_unit_reference
G0096_T1_homogeneous_none__SOLAR_SALT_60_40_V10,V16_conservative_MUSCL_LTNE_effective_particle_resistance,numba,SOLAR_SALT_60_40_V10,Solar Salt (NaNO3-KNO3 60:40 wt%),nitrate,homogeneous,1.0,none,0.5,True,True,charge_end_profile_reversed_for_counterflow,False,0.7312206019833325,1.375402545544497,0.5070262625319814,0.013934741557592296,0.013934741557592296,0.013934741557592296,0.24142799411246033,18.50907716863177,500.0,550.0,2048,0.468037535434922,0.45,5.0,525.0,run-wise frozen at the registered transport-property temperature,0.0,0.0,0.0,25.0,initial state and every explicit transient time step,0.5775858475185678,514.2759810084441,777.8950746183417,0.024943150127067684,0.043185182313986374,37.39729638493229,0.1348208122905582,0.6738440405997914,1.2223580300443295,0.1348208122905582,0.6738440405997914,1.2223580300443295,1.1885512931488547,0.8781659179564995,0.8781659179654953,0.021904224328063167,0.9,"time integral of positive outlet enthalpy flow following the simulated charge end state, with linear within-step interpolation at the registered outlet-grade threshold",True,0.17030969743024651,1,1,0,0.90-to-0.10 solid-temperature thickness at charge t50; reported only for a single crossing of each isotherm,-2.161348877649516e-09,2.10997885830011e-09,0.9999999999897562,1.0000000000117588,0.0,0.0,0.0009367487738325032,0.00012878388329462333,6.311152083178394e-09,6.3843655283803,6.3843655283803,3.5449440459465764,10.540505869278663,10.540505869278663,1.610602353758726,1.610602353758726,0.5085535109505084,0.5085535109505084,0.782760516263443,69.14756988682004,98.70312555564503,773.1499999999999,823.1499999999996,True,ZAVOICO_SANDIA_SOLAR_SALT_2001,Q1_authoritative_design_basis_full_property_vector,1.0,1.0,1.0,1.0,G0096,T1_homogeneous_none,20260821,95,0.0,6.92442513545097,Ceramic_sphere_Weiss2024,Tier_2_unit_pair_partial,direct_source_unit_pair,False,True,PASS,pooled_material_topology_unit_reference
G0097_T1_homogeneous_none__SOLAR_SALT_60_40_V10,V16_conservative_MUSCL_LTNE_effective_particle_resistance,numba,SOLAR_SALT_60_40_V10,Solar Salt (NaNO3-KNO3 60:40 wt%),nitrate,homogeneous,1.0,none,0.5,True,True,charge_end_profile_reversed_for_counterflow,False,1.0976414522134554,1.3108849652105565,0.5799066014666152,0.013288627935761865,0.013288627935761865,0.013288627935761865,0.20786322787126132,15.93583436475025,500.0,550.0,2048,1.3352969759785422,0.45,5.0,525.0,run-wise frozen at the registered transport-property temperature,0.0,0.0,0.0,25.0,initial state and every explicit transient time step,1.2404391458974962,1263.2309534727274,1423.6460099667725,0.05250718347124173,0.042329511806281445,37.39729638493229,0.32974416990136407,1.6476081020269933,2.9680684449390515,0.32974416990136407,1.6476081020269933,2.9680684449390515,3.0546178288852524,0.9246340056239909,0.9246340056361199,0.04854992737704805,0.9,"time integral of positive outlet enthalpy flow following the simulated charge end state, with linear within-step interpolation at the registered outlet-grade threshold",True,0.10471385692227973,1,1,0,0.90-to-0.10 solid-temperature thickness at charge t50; reported only for a single crossing of each isotherm,-4.120936925033902e-09,-6.602940416655656e-10,0.9999999999868825,0.9999999999923598,0.0,0.0,0.00016838415365725103,1.993102539807907e-05,1.1266391310384696e-09,2.326295320939922,2.326295320939922,3.5449440459465764,7.465828151530322,7.465828151530322,1.1407877897643817,1.1407877897643817,0.5936575971335264,0.5936575971335264,1.050592835851049,133.63534377247902,98.64712681756642,773.149999999999,823.1499999999997,True,ZAVOICO_SANDIA_SOLAR_SALT_2001,Q1_authoritative_design_basis_full_property_vector,1.0,1.0,1.0,1.0,G0097,T1_homogeneous_none,20260821,96,0.0,5.169864127607399,Ceramic_sphere_Weiss2024,Tier_2_unit_pair_partial,direct_source_unit_pair,False,True,PASS,pooled_material_topology_unit_reference
G0097_T1_homogeneous_none__AIP_FLINAK_2017_V10,V16_conservative_MUSCL_LTNE_effective_particle_resistance,numba,AIP_FLINAK_2017_V10,FLiNaK (LiF-NaF-KF),fluoride,homogeneous,1.0,none,0.5,True,True,charge_end_profile_reversed_for_counterflow,False,1.0976414522134554,1.3108849652105565,0.5799066014666152,0.013288627935761865,0.013288627935761865,0.013288627935761865,0.16953015281649203,15.935834364750251,500.0,550.0,2048,1.9644765291100026,0.45,5.0,525.0,run-wise frozen at the registered transport-property temperature,0.0,0.0,0.0,25.0,initial state and every explicit transient time step,1.2404391458974962,1515.7728400341068,1423.6460099667725,0.06518436836348736,0.052549428627008093,55.02068055555556,0.40926594356458634,2.045238341973217,3.681756428307083,0.40926594356458634,2.045238341973217,3.681756428307083,3.871348737216097,0.9446498958594486,0.9446498958674697,0.06157640678623227,0.9,"time integral of positive outlet enthalpy flow following the simulated charge end state, with linear within-step interpolation at the registered outlet-grade threshold",True,0.07691115284340957,1,1,0,0.90-to-0.10 solid-temperature thickness at charge t50; reported only for a single crossing of each isotherm,-2.7502666810619303e-09,-5.521694212973216e-10,0.9999999999915089,0.999999999994449,0.0,0.0,0.0005921216692725491,4.763841497632213e-05,2.690722407485655e-09,0.3477991659680298,0.3477991659680298,19.164589033215517,7.6904391036196245,7.6904391036196245,1.453865387973136,1.453865387973136,0.5340969544563922,0.5340969544563922,1.545682132214394,153.22327479646347,98.64712681756642,773.1499999999996,823.1499999999997,True,AIP_AN_CHENG_SU_ZHANG_2017;TASIDOU_ETAL_REFERENCE_VISCOSITY_2019,Q1_primary_experiment_common_table_domain,1.0,1.0,1.0,1.0,G0097,T1_homogeneous_none,20260821,96,0.0,5.169864127607399,Ceramic_sphere_Weiss2024,Tier_3_hypothetical_common_skeleton,unresolved,False,True,PASS,pooled_material_topology_unit_reference
G0097_T1_homogeneous_none__AIP_LIF_NAK_CARBONATE_RECIPROCAL_2017_V10,V16_conservative_MUSCL_LTNE_effective_particle_resistance,numba,AIP_LIF_NAK_CARBONATE_RECIPROCAL_2017_V10,LiF-Na2CO3-K2CO3 reciprocal salt,fluoride_carbonate,homogeneous,1.0,none,0.5,True,True,charge_end_profile_reversed_for_counterflow,False,1.0976414522134554,1.3108849652105565,0.5799066014666152,0.013288627935761865,0.013288627935761865,0.013288627935761865,0.17511905895329946,15.935834364750251,500.0,550.0,2048,1.889180905588242,0.45,5.0,525.0,run-wise frozen at the registered transport-property temperature,0.0,0.0,0.0,25.0,initial state and every explicit transient time step,1.2404391458974962,1505.7020961421767,1423.6460099667725,0.06366665830396849,0.051325902213367906,52.9108125,0.39987662501618043,1.9978088076596683,3.5962657627764525,0.39987662501618043,1.9978088076596683,3.5962657627764525,3.778586452339598,0.9439686895699957,0.9439686895783906,0.060099332008497826,0.9,"time integral of positive outlet enthalpy flow following the simulated charge end state, with linear within-step interpolation at the registered outlet-grade threshold",True,0.07782741096727905,1,1,0,0.90-to-0.10 solid-temperature thickness at charge t50; reported only for a single crossing of each isotherm,-2.8672286767061905e-09,-5.858424856342026e-10,0.9999999999911068,0.9999999999940364,0.0,0.0,0.0009366896200027424,7.836526080533348e-05,4.426528923188381e-09,0.23543303682892286,0.23543303682892286,27.373757098453936,7.810041850936668,7.810041850936668,1.5270478787937827,1.5270478787937827,0.5218583699146403,0.5218583699146403,1.4864101399039884,157.2482238074162,98.64712681756642,773.1499999999991,823.1499999999997,True,AIP_AN_CHENG_SU_ZHANG_2017,Q1_primary_experiment_direct_table1_resolution,1.0,1.0,1.0,1.0,G0097,T1_homogeneous_none,20260821,96,0.0,5.169864127607399,Ceramic_sphere_Weiss2024,Tier_3_hypothetical_common_skeleton,unresolved,False,True,PASS,pooled_material_topology_unit_reference
G0098_T1_homogeneous_none__SOLAR_SALT_60_40_V10,V16_conservative_MUSCL_LTNE_effective_particle_resistance,numba,SOLAR_SALT_60_40_V10,Solar Salt (NaNO3-KNO3 60:40 wt%),nitrate,homogeneous,1.0,none,0.5,True,True,charge_end_profile_reversed_for_counterflow,False,0.6599367531567197,2.1310021135475052,0.5570506495581412,0.010602466299764558,0.010602466299764558,0.010602466299764558,0.16642609252795967,12.759056383656029,500.0,550.0,2048,0.9413910848292002,0.45,5.0,525.0,run-wise frozen at the registered transport-property temperature,0.0,0.0,0.0,25.0,initial state and every explicit transient time step,0.7289175273705804,713.0538369589539,882.0905256898917,0.031050325348882635,0.04259785803325416,37.39729638493229,0.24345419443777513,1.2170094746653182,2.1913492474631937,0.24345419443777513,1.2170094746653182,2.1913492474631937,2.27291090235054,0.9317378026394505,0.9317378026472938,0.028930761911807934,0.9,"time integral of positive outlet enthalpy flow following the simulated charge end state, with linear within-step interpolation at the registered outlet-grade threshold",True,0.09462013159534911,1,1,0,0.90-to-0.10 solid-temperature thickness at charge t50; reported only for a single crossing of each isotherm,-2.2615465056219364e-09,2.493316664242684e-09,0.9999999999915821,1.0000000000165985,0.0,0.0,0.0012436388709817546,0.00011786000672705245,8.317865727504444e-09,4.111040198937818,4.111040198937818,3.5449440459465764,8.701384876554599,8.701384876554599,1.3295823878800703,1.3295823878800703,0.5562510446645079,0.5562510446645079,0.9571122066833865,177.41094510699148,200.99117066703874,773.1499999999996,823.1499999999999,True,ZAVOICO_SANDIA_SOLAR_SALT_2001,Q1_authoritative_design_basis_full_property_vector,1.0,1.0,1.0,1.0,G0098,T1_homogeneous_none,20260821,97,0.0,6.9997124778948665,Ceramic_sphere_Weiss2024,Tier_2_unit_pair_partial,direct_source_unit_pair,False,True,PASS,pooled_material_topology_unit_reference
G0098_T1_homogeneous_none__AIP_FLINAK_2017_V10,V16_conservative_MUSCL_LTNE_effective_particle_resistance,numba,AIP_FLINAK_2017_V10,FLiNaK (LiF-NaF-KF),fluoride,homogeneous,1.0,none,0.5,True,True,charge_end_profile_reversed_for_counterflow,False,0.6599367531567197,2.1310021135475052,0.5570506495581412,0.010602466299764558,0.010602466299764558,0.010602466299764558,0.13573464237931945,12.759056383656029,500.0,550.0,2048,1.3850343672440577,0.45,5.0,525.0,run-wise frozen at the registered transport-property temperature,0.0,0.0,0.0,25.0,initial state and every explicit transient time step,0.7289175273705804,855.6057279733408,882.0905256898917,0.038206194435531804,0.0524149756329125,55.02068055555556,0.2997060478008692,1.4973760436981745,2.6954307713641144,0.2997060478008692,1.4973760436981745,2.6954307713641144,2.8468522318670435,0.9490446427671902,0.9490446427755842,0.03625938414956309,0.9,"time integral of positive outlet enthalpy flow following the simulated charge end state, with linear within-step interpolation at the registered outlet-grade threshold",True,0.07067046139552265,1,1,0,0.90-to-0.10 solid-temperature thickness at charge t50; reported only for a single crossing of each isotherm,-2.7924329515371937e-09,-5.255906820877954e-10,0.9999999999911554,0.999999999994689,0.0,0.0,0.004228077945179322,0.000272353576632602,1.9214429021066448e-08,0.6146323467967557,0.6146323467967557,19.164589033215517,8.742851581355055,8.742851581355055,1.6528223076801574,1.6528223076801574,0.502085314801992,0.502085314801992,1.4081489858974687,199.0664176704226,200.99117066703874,773.1499999999997,823.1499999999997,True,AIP_AN_CHENG_SU_ZHANG_2017;TASIDOU_ETAL_REFERENCE_VISCOSITY_2019,Q1_primary_experiment_common_table_domain,1.0,1.0,1.0,1.0,G0098,T1_homogeneous_none,20260821,97,0.0,6.9997124778948665,Ceramic_sphere_Weiss2024,Tier_3_hypothetical_common_skeleton,unresolved,False,True,PASS,pooled_material_topology_unit_reference
G0099_T1_homogeneous_none__SOLAR_SALT_60_40_V10,V16_conservative_MUSCL_LTNE_effective_particle_resistance,numba,SOLAR_SALT_60_40_V10,Solar Salt (NaNO3-KNO3 60:40 wt%),nitrate,homogeneous,1.0,none,0.5,True,True,charge_end_profile_reversed_for_counterflow,False,0.8349585852031869,1.1624585520107225,0.5441245948858151,0.01905934499850989,0.01905934499850989,0.01905934499850989,0.13650631969639124,10.465256999523834,500.0,550.0,2048,0.9789539217847809,0.45,5.0,525.0,run-wise frozen at the registered transport-property temperature,0.0,0.0,0.0,25.0,initial state and every explicit transient time step,0.6364982696979998,608.1977751188404,792.7277927029419,0.027210058987239286,0.04274961972818823,37.39729638493229,0.26023858420778573,1.3001051944592374,2.35819122492142,0.26023858420778573,1.3001051944592374,2.35819122492142,2.2936306719646784,0.8784009629109419,0.8784009629143039,0.02390134201525452,0.9,"time integral of positive outlet enthalpy flow following the simulated charge end state, with linear within-step interpolation at the registered outlet-grade threshold",True,0.17033083699191645,1,1,0,0.90-to-0.10 solid-temperature thickness at charge t50; reported only for a single crossing of each isotherm,2.87259105391513e-10,4.4190651138364956e-09,0.9999999999961726,1.0000000000286775,0.0,0.0,0.0001210001997652807,9.405667076183937e-06,8.151530128615746e-10,3.7866825455368853,3.7866825455368853,3.5449440459465764,8.741764395207472,8.741764395207472,1.3357524283499032,1.3357524283499032,0.5551079359417239,0.5551079359417239,0.9083943698695147,60.308033751884096,60.99152683901815,773.15,823.1500000000003,True,ZAVOICO_SANDIA_SOLAR_SALT_2001,Q1_authoritative_design_basis_full_property_vector,1.0,1.0,1.0,1.0,G0099,T1_homogeneous_none,20260821,98,0.0,6.511148221595623,Ceramic_sphere_Weiss2024,Tier_2_unit_pair_partial,direct_source_unit_pair,False,True,PASS,pooled_material_topology_unit_reference
G0099_T1_homogeneous_none__AIP_FLINAK_2017_V10,V16_conservative_MUSCL_LTNE_effective_particle_resistance,numba,AIP_FLINAK_2017_V10,FLiNaK (LiF-NaF-KF),fluoride,homogeneous,1.0,none,0.5,True,True,charge_end_profile_reversed_for_counterflow,False,0.8349585852031869,1.1624585520107225,0.5441245948858151,0.01905934499850989,0.01905934499850989,0.01905934499850989,0.11133252127153015,10.465256999523834,500.0,550.0,2048,1.4402413967993302,0.45,5.0,525.0,run-wise frozen at the registered transport-property temperature,0.0,0.0,0.0,25.0,initial state and every explicit transient time step,0.6364982696979998,729.7871116599525,792.7277927029419,0.03331364252043084,0.052338936500545725,55.02068055555556,0.318453375514522,1.5918668105177993,2.8720813854507434,0.318453375514522,1.5918668105177993,2.8720813854507434,2.896065773179203,0.9068901922332513,0.9068901922332964,0.03021181566934334,0.9,"time integral of positive outlet enthalpy flow following the simulated charge end state, with linear within-step interpolation at the registered outlet-grade threshold",True,0.13039361713552874,1,1,0,0.90-to-0.10 solid-temperature thickness at charge t50; reported only for a single crossing of each isotherm,5.60440582830779e-10,2.7760460596937264e-09,0.9999999999999503,1.0000000000183682,0.0,0.0,0.0004149411818988051,2.192340359020137e-05,1.8900905032682996e-09,0.5661383656961054,0.5661383656961054,19.164589033215517,8.80163107891561,8.80163107891561,1.6639344790236015,1.6639344790236015,0.5004101643402424,0.5004101643402424,1.3364729880097248,67.72267501521513,60.99152683901815,773.15,823.1500000000003,True,AIP_AN_CHENG_SU_ZHANG_2017;TASIDOU_ETAL_REFERENCE_VISCOSITY_2019,Q1_primary_experiment_common_table_domain,1.0,1.0,1.0,1.0,G0099,T1_homogeneous_none,20260821,98,0.0,6.511148221595623,Ceramic_sphere_Weiss2024,Tier_3_hypothetical_common_skeleton,unresolved,False,True,PASS,pooled_material_topology_unit_reference
G0100_T1_homogeneous_none__SOLAR_SALT_60_40_V10,V16_conservative_MUSCL_LTNE_effective_particle_resistance,numba,SOLAR_SALT_60_40_V10,Solar Salt (NaNO3-KNO3 60:40 wt%),nitrate,homogeneous,1.0,none,0.5,True,True,charge_end_profile_reversed_for_counterflow,False,0.9639619634565568,1.3895217798741923,0.5466020823639479,0.015203797605735463,0.015203797605735463,0.015203797605735463,0.34267167780391505,26.27092417883715,500.0,550.0,2048,0.6241601721764546,0.45,5.0,525.0,run-wise frozen at the registered transport-property temperature,0.0,0.0,0.0,25.0,initial state and every explicit transient time step,1.0140865789755016,973.4094537875156,1256.1319184501574,0.04332231829428621,0.04272053214435924,37.39729638493229,0.1650556899755504,0.8245849385752879,1.494690234537036,0.1650556899755504,0.8245849385752879,1.494690234537036,1.4594742626525783,0.8813614628451344,0.8813614628529637,0.038182621825694624,0.9,"time integral of positive outlet enthalpy flow following the simulated charge end state, with linear within-step interpolation at the registered outlet-grade threshold",True,0.1661173689291601,1,1,0,0.90-to-0.10 solid-temperature thickness at charge t50; reported only for a single crossing of each isotherm,-1.8272161561583289e-09,2.0271562206630733e-09,0.9999999999911169,1.0000000000113936,0.0,0.0,0.00043654669068636493,8.518432147215046e-05,2.938997229446044e-09,5.689034048094572,5.689034048094572,3.5449440459465764,9.542971179752117,9.542971179752117,1.4581778175142068,1.4581778175142068,0.5333598760206961,0.5333598760206961,0.9175167470299479,62.74802866187789,91.39307269849546,773.1499999999995,823.1499999999997,True,ZAVOICO_SANDIA_SOLAR_SALT_2001,Q1_authoritative_design_basis_full_property_vector,1.0,1.0,1.0,1.0,G0100,T1_homogeneous_none,20260821,99,0.0,5.58888543929328,Ceramic_sphere_Weiss2024,Tier_2_unit_pair_partial,direct_source_unit_pair,False,True,PASS,pooled_material_topology_unit_reference
G0100_T1_homogeneous_none__AIP_FLINAK_2017_V10,V16_conservative_MUSCL_LTNE_effective_particle_resistance,numba,AIP_FLINAK_2017_V10,FLiNaK (LiF-NaF-KF),fluoride,homogeneous,1.0,none,0.5,True,True,charge_end_profile_reversed_for_counterflow,False,0.9639619634565568,1.3895217798741923,0.5466020823639479,0.015203797605735463,0.015203797605735463,0.015203797605735463,0.27947791679613987,26.27092417883715,500.0,550.0,2048,0.9182761139664132,0.45,5.0,525.0,run-wise frozen at the registered transport-property temperature,0.0,0.0,0.0,25.0,initial state and every explicit transient time step,1.0140865789755016,1168.0109707788329,1256.1319184501574,0.05309099249246055,0.05235351063032176,55.02068055555556,0.20227582177093098,1.0106138787596741,1.823033162921601,0.20227582177093098,1.0106138787596741,1.823033162921601,1.842001337903136,0.9086326702594993,0.9086326702645526,0.04824021027515146,0.9,"time integral of positive outlet enthalpy flow following the simulated charge end state, with linear within-step interpolation at the registered outlet-grade threshold",True,0.12793169231084808,1,1,0,0.90-to-0.10 solid-temperature thickness at charge t50; reported only for a single crossing of each isotherm,-1.3441692203741695e-09,1.4933831948837906e-09,0.9999999999944387,1.0000000000093445,0.0,0.0,0.0014428628937005156,0.00019136916286206427,6.571215075846084e-09,0.8505546476754129,0.8505546476754129,19.164589033215517,9.419166917486262,9.419166917486262,1.7806786557128451,1.7806786557128451,0.48346379918686505,0.48346379918686505,1.3498942630261106,69.45743982992255,91.39307269849546,773.1499999999997,823.1499999999999,True,AIP_AN_CHENG_SU_ZHANG_2017;TASIDOU_ETAL_REFERENCE_VISCOSITY_2019,Q1_primary_experiment_common_table_domain,1.0,1.0,1.0,1.0,G0100,T1_homogeneous_none,20260821,99,0.0,5.58888543929328,Ceramic_sphere_Weiss2024,Tier_3_hypothetical_common_skeleton,unresolved,False,True,PASS,pooled_material_topology_unit_reference
G0102_T1_homogeneous_none__SOLAR_SALT_60_40_V10,V16_conservative_MUSCL_LTNE_effective_particle_resistance,numba,SOLAR_SALT_60_40_V10,Solar Salt (NaNO3-KNO3 60:40 wt%),nitrate,homogeneous,1.0,none,0.5,True,True,charge_end_profile_reversed_for_counterflow,False,1.0290791286041474,1.1303747084850548,0.42662041925287686,0.018365833656313238,0.018365833656313238,0.018365833656313238,0.27208525360606195,20.85941596770874,500.0,550.0,2048,0.5688180054004278,0.45,5.0,525.0,run-wise frozen at the registered transport-property temperature,0.0,0.0,0.0,25.0,initial state and every explicit transient time step,0.9401774995826028,704.3698117332588,1472.7626820313221,0.04148928839447971,0.04412920795583719,37.39729638493229,0.19892829688865052,0.994641484443111,1.8124753722075666,0.19892829688865052,0.994641484443111,1.8124753722075666,1.7215795528041646,0.8612163594629568,0.8612163594679246,0.03573125390780252,0.9,"time integral of positive outlet enthalpy flow following the simulated charge end state, with linear within-step interpolation at the registered outlet-grade threshold",True,0.19392794297046745,1,1,0,0.90-to-0.10 solid-temperature thickness at charge t50; reported only for a single crossing of each isotherm,4.4804160381772817e-10,5.859068785696309e-09,0.9999999999942315,1.0000000000370786,0.0,0.0,0.0005459783866438081,8.459237389294978e-05,3.695450085809275e-09,4.787911877804294,4.787911877804294,3.5449440459465764,11.357197735519769,11.357197735519769,1.7353938825882194,1.7353938825882194,0.4898991780236531,0.4898991780236531,0.5662675234481129,69.41089163733903,61.54769392112454,773.15,823.1499999999999,True,ZAVOICO_SANDIA_SOLAR_SALT_2001,Q1_authoritative_design_basis_full_property_vector,1.0,1.0,1.0,1.0,G0102,T1_homogeneous_none,20260821,101,0.0,5.656295086589817,Ceramic_sphere_Weiss2024,Tier_2_unit_pair_partial,direct_source_unit_pair,False,True,PASS,pooled_material_topology_unit_reference
G0103_T1_homogeneous_none__AIP_FLINAK_2017_V10,V16_conservative_MUSCL_LTNE_effective_particle_resistance,numba,AIP_FLINAK_2017_V10,FLiNaK (LiF-NaF-KF),fluoride,homogeneous,1.0,none,0.5,True,True,charge_end_profile_reversed_for_counterflow,False,1.1365685390215503,1.4659292516839177,0.5710358477513056,0.01909648149233347,0.01909648149233347,0.01909648149233347,0.25031696473344106,23.52979468494346,500.0,550.0,2048,1.5708755177022076,0.45,5.0,525.0,run-wise frozen at the registered transport-property temperature,0.0,0.0,0.0,25.0,initial state and every explicit transient time step,1.4872848462408053,1789.6088993533301,1742.9938249570862,0.07807835741810674,0.052497245309433574,55.02068055555556,0.3320656302698321,1.659455442728062,2.9920815069119313,0.3320656302698321,1.659455442728062,2.9920815069119313,3.0338030535536986,0.9115331451078896,0.9115331451126434,0.07117101070218478,0.9,"time integral of positive outlet enthalpy flow following the simulated charge end state, with linear within-step interpolation at the registered outlet-grade threshold",True,0.12401386384541901,1,1,0,0.90-to-0.10 solid-temperature thickness at charge t50; reported only for a single crossing of each isotherm,-1.2279621763866544e-09,1.3825829370262e-09,0.999999999994785,1.000000000008591,0.0,0.0,0.00048651965725476497,5.779497378583498e-05,2.214791370815314e-09,0.688295325295147,0.688295325295147,19.164589033215517,8.719102935404907,8.719102935404907,1.6483326636048412,1.6483326636048412,0.5027653102210919,0.5027653102210919,1.4905630909035699,65.65906355953398,76.76436375320941,773.1499999999996,823.1499999999999,True,AIP_AN_CHENG_SU_ZHANG_2017;TASIDOU_ETAL_REFERENCE_VISCOSITY_2019,Q1_primary_experiment_common_table_domain,1.0,1.0,1.0,1.0,G0103,T1_homogeneous_none,20260821,102,0.0,4.883687729581028,Ceramic_sphere_Weiss2024,Tier_3_hypothetical_common_skeleton,unresolved,False,True,PASS,pooled_material_topology_unit_reference
G0104_T1_homogeneous_none__SOLAR_SALT_60_40_V10,V16_conservative_MUSCL_LTNE_effective_particle_resistance,numba,SOLAR_SALT_60_40_V10,Solar Salt (NaNO3-KNO3 60:40 wt%),nitrate,homogeneous,1.0,none,0.5,True,True,charge_end_profile_reversed_for_counterflow,False,0.6503192413938194,1.7924155537967108,0.5370702374581819,0.013479157255299077,0.013479157255299077,0.013479157255299077,0.27290558563799105,20.922306722936586,500.0,550.0,2048,0.4520759026115775,0.45,5.0,525.0,run-wise frozen at the registered transport-property temperature,0.0,0.0,0.0,25.0,initial state and every explicit transient time step,0.5953629342564472,561.5159822771894,752.9698579071594,0.025500849088649576,0.04283244323984959,37.39729638493229,0.12193491706551003,0.6094234320483384,1.1049488519667123,0.12193491706551003,0.6094234320483384,1.1049488519667123,1.0776986677168625,0.880498050217436,0.8804980502256307,0.02245344790144503,0.9,"time integral of positive outlet enthalpy flow following the simulated charge end state, with linear within-step interpolation at the registered outlet-grade threshold",True,0.16724699534583418,1,1,0,0.90-to-0.10 solid-temperature thickness at charge t50; reported only for a single crossing of each isotherm,-1.963951223871163e-09,2.148237143728693e-09,0.9999999999906931,1.0000000000120302,0.0,0.0,0.0014691477654151346,0.00022831195906233313,9.892730872576423e-09,8.8257169362404,8.8257169362404,3.5449440459465764,10.850110258318647,10.850110258318647,1.6579102879229863,1.6579102879229863,0.5013169162367549,0.5013169162367549,0.8829542921132643,64.21395944867704,132.97682635849185,773.1499999999992,823.1499999999997,True,ZAVOICO_SANDIA_SOLAR_SALT_2001,Q1_authoritative_design_basis_full_property_vector,1.0,1.0,1.0,1.0,G0104,T1_homogeneous_none,20260821,103,0.0,7.266637912276819,Ceramic_sphere_Weiss2024,Tier_2_unit_pair_partial,direct_source_unit_pair,False,True,PASS,pooled_material_topology_unit_reference
G0105_T1_homogeneous_none__SOLAR_SALT_60_40_V10,V16_conservative_MUSCL_LTNE_effective_particle_resistance,numba,SOLAR_SALT_60_40_V10,Solar Salt (NaNO3-KNO3 60:40 wt%),nitrate,homogeneous,1.0,none,0.5,True,True,charge_end_profile_reversed_for_counterflow,False,0.8357734589017661,1.1146570901399453,0.571752558695075,0.018519177527851406,0.018519177527851406,0.018519177527851406,0.12163864150753591,9.32542645117524,500.0,550.0,2048,1.1090646874371997,0.45,5.0,525.0,run-wise frozen at the registered transport-property temperature,0.0,0.0,0.0,25.0,initial state and every explicit transient time step,0.6115166905888284,613.996187944014,715.457411419705,0.025943746311857377,0.04242524645872901,37.39729638493229,0.2784984659564565,1.3912600356851534,2.518809134579481,0.2784984659564565,1.3912600356851534,2.518809134579481,2.476202777508378,0.8865603184423834,0.8865603184493002,0.023000695991828687,0.9,"time integral of positive outlet enthalpy flow following the simulated charge end state, with linear within-step interpolation at the registered outlet-grade threshold",True,0.15891040657006042,1,1,0,0.90-to-0.10 solid-temperature thickness at charge t50; reported only for a single crossing of each isotherm,-1.6370682587307783e-09,1.722888498534303e-09,0.9999999999921982,1.0000000000095637,0.0,0.0,8.254245015615704e-05,5.717414443197108e-06,5.550885193137907e-10,3.2722324177396214,3.2722324177396214,3.5449440459465764,8.087325857353445,8.087325857353445,1.235753409087439,1.235753409087439,0.5742334407722266,0.5742334407722266,1.0160979596467319,61.91637332355557,60.1893409393364,773.1499999999997,823.1499999999999,True,ZAVOICO_SANDIA_SOLAR_SALT_2001,Q1_authoritative_design_basis_full_property_vector,1.0,1.0,1.0,1.0,G0105,T1_homogeneous_none,20260821,104,0.0,6.580259700583513,Ceramic_sphere_Weiss2024,Tier_2_unit_pair_partial,direct_source_unit_pair,False,True,PASS,pooled_material_topology_unit_reference
G0105_T1_homogeneous_none__AIP_FLINAK_2017_V10,V16_conservative_MUSCL_LTNE_effective_particle_resistance,numba,AIP_FLINAK_2017_V10,FLiNaK (LiF-NaF-KF),fluoride,homogeneous,1.0,none,0.5,True,True,charge_end_profile_reversed_for_counterflow,False,0.8357734589017661,1.1146570901399453,0.571752558695075,0.018519177527851406,0.018519177527851406,0.018519177527851406,0.0992066643742047,9.325426451175241,500.0,550.0,2048,1.6316753364328649,0.45,5.0,525.0,run-wise frozen at the registered transport-property temperature,0.0,0.0,0.0,25.0,initial state and every explicit transient time step,0.6115166905888284,736.7447282791002,715.457411419705,0.03210551995768368,0.05250146145114916,55.02068055555556,0.34446479324693785,1.7214174799366688,3.1038090844147805,0.34446479324693785,1.7214174799366688,3.1038090844147805,3.157972502681608,0.9146177939903448,0.9146177939951268,0.029364279838609637,0.9,"time integral of positive outlet enthalpy flow following the simulated charge end state, with linear within-step interpolation at the registered outlet-grade threshold",True,0.11955749777004016,1,1,0,0.90-to-0.10 solid-temperature thickness at charge t50; reported only for a single crossing of each isotherm,-1.2606138355408802e-09,1.4913847934394653e-09,0.9999999999947715,1.00000000000961,0.0,0.0,0.0002847509747483374,1.3406192832624695e-05,1.296047008619103e-09,0.48922408754343255,0.48922408754343255,19.164589033215517,8.2211678399192,8.2211678399192,1.554198818836076,1.554198818836076,0.5174592587515395,0.5174592587515395,1.4949316302287523,70.17266159454633,60.1893409393364,773.1499999999996,823.1499999999997,True,AIP_AN_CHENG_SU_ZHANG_2017;TASIDOU_ETAL_REFERENCE_VISCOSITY_2019,Q1_primary_experiment_common_table_domain,1.0,1.0,1.0,1.0,G0105,T1_homogeneous_none,20260821,104,0.0,6.580259700583513,Ceramic_sphere_Weiss2024,Tier_3_hypothetical_common_skeleton,unresolved,False,True,PASS,pooled_material_topology_unit_reference
G0105_T1_homogeneous_none__AIP_LIF_NAK_CARBONATE_RECIPROCAL_2017_V10,V16_conservative_MUSCL_LTNE_effective_particle_resistance,numba,AIP_LIF_NAK_CARBONATE_RECIPROCAL_2017_V10,LiF-Na2CO3-K2CO3 reciprocal salt,fluoride_carbonate,homogeneous,1.0,none,0.5,True,True,charge_end_profile_reversed_for_counterflow,False,0.8357734589017661,1.1146570901399453,0.571752558695075,0.018519177527851406,0.018519177527851406,0.018519177527851406,0.10247721374917847,9.325426451175241,500.0,550.0,2048,1.5691139272103871,0.45,5.0,525.0,run-wise frozen at the registered transport-property temperature,0.0,0.0,0.0,25.0,initial state and every explicit transient time step,0.6115166905888284,731.8498210236954,715.457411419705,0.03136783363960616,0.051295138991876287,52.9108125,0.33648776439067185,1.6820029569735129,3.0327485293141607,0.33648776439067185,1.6820029569735129,3.0327485293141607,3.082099806447741,0.9135948930100107,0.9135948930150172,0.0286574926179318,0.9,"time integral of positive outlet enthalpy flow following the simulated charge end state, with linear within-step interpolation at the registered outlet-grade threshold",True,0.1209466736994986,1,1,0,0.90-to-0.10 solid-temperature thickness at charge t50; reported only for a single crossing of each isotherm,-1.3616108240910307e-09,1.5091039529124828e-09,0.99999999999452,1.000000000009636,0.0,0.0,0.000449930011535609,2.2027577228041103e-05,2.129700865231142e-09,0.33116673037334593,0.33116673037334593,27.373757098453936,8.337195376173351,8.337195376173351,1.6301188594460567,1.6301188594460567,0.5055429458378665,0.5055429458378665,1.4376057582109658,71.90557100937089,60.1893409393364,773.1499999999997,823.1499999999999,True,AIP_AN_CHENG_SU_ZHANG_2017,Q1_primary_experiment_direct_table1_resolution,1.0,1.0,1.0,1.0,G0105,T1_homogeneous_none,20260821,104,0.0,6.580259700583513,Ceramic_sphere_Weiss2024,Tier_3_hypothetical_common_skeleton,unresolved,False,True,PASS,pooled_material_topology_unit_reference
G0106_T1_homogeneous_none__SOLAR_SALT_60_40_V10,V16_conservative_MUSCL_LTNE_effective_particle_resistance,numba,SOLAR_SALT_60_40_V10,Solar Salt (NaNO3-KNO3 60:40 wt%),nitrate,homogeneous,1.0,none,0.5,True,True,charge_end_profile_reversed_for_counterflow,False,0.9382964688843188,1.7653070300882212,0.48258074469482104,0.00841532075710259,0.00841532075710259,0.00841532075710259,0.23082629070746002,17.69629757708742,500.0,550.0,2048,0.9846577400039978,0.45,5.0,525.0,run-wise frozen at the registered transport-property temperature,0.0,0.0,0.0,25.0,initial state and every explicit transient time step,1.220647584275299,1034.4500576250389,1725.4944929731003,0.053064225234558005,0.04347219125171361,37.39729638493229,0.3000470946623264,1.4994149251949374,2.6990562717664384,0.3000470946623264,1.4994149251949374,2.6990562717664384,2.850779089707169,0.9489835384697057,0.9489835384700062,0.050357076229244305,0.9,"time integral of positive outlet enthalpy flow following the simulated charge end state, with linear within-step interpolation at the registered outlet-grade threshold",True,0.07035505353593138,1,1,0,0.90-to-0.10 solid-temperature thickness at charge t50; reported only for a single crossing of each isotherm,5.49671419491915e-10,5.040812212087076e-09,0.9999999999996835,1.000000000035049,0.0,0.0,0.002231930549712409,0.00029337067929319374,1.492199251753139e-08,2.2387408328815894,2.2387408328815894,3.5449440459465764,8.734870958389038,8.734870958389038,1.3346991026648793,1.3346991026648793,0.555302750400149,0.555302750400149,0.7098223046116756,398.03065972082254,209.77299392875665,773.15,823.1499999999999,True,ZAVOICO_SANDIA_SOLAR_SALT_2001,Q1_authoritative_design_basis_full_property_vector,1.0,1.0,1.0,1.0,G0106,T1_homogeneous_none,20260821,105,0.0,5.395992319558096,Ceramic_sphere_Weiss2024,Tier_2_unit_pair_partial,direct_source_unit_pair,False,True,PASS,pooled_material_topology_unit_reference
G0106_T1_homogeneous_none__AIP_FLINAK_2017_V10,V16_conservative_MUSCL_LTNE_effective_particle_resistance,numba,AIP_FLINAK_2017_V10,FLiNaK (LiF-NaF-KF),fluoride,homogeneous,1.0,none,0.5,True,True,charge_end_profile_reversed_for_counterflow,False,0.9382964688843188,1.7653070300882212,0.48258074469482104,0.00841532075710259,0.00841532075710259,0.00841532075710259,0.18825848486263214,17.69629757708742,500.0,550.0,2048,1.448729631938921,0.45,5.0,525.0,run-wise frozen at the registered transport-property temperature,0.0,0.0,0.0,25.0,initial state and every explicit transient time step,1.220647584275299,1241.2546553021136,1725.4944929731003,0.06344547389400193,0.05197689710881592,55.02068055555556,0.35856058390488516,1.7928029195242219,3.227045255143314,0.35856058390488516,1.7928029195242219,3.227045255143314,3.4522771610875074,0.9616240600779913,0.9616240600809748,0.06101069419952235,0.9,"time integral of positive outlet enthalpy flow following the simulated charge end state, with linear within-step interpolation at the registered outlet-grade threshold",True,0.05297140708211648,1,1,0,0.90-to-0.10 solid-temperature thickness at charge t50; reported only for a single crossing of each isotherm,-1.0189404875404762e-09,1.7401191598764854e-09,0.9999999999968974,1.0000000000126676,0.0,0.0,0.00793747277122516,0.0007091468898165773,3.6069540749361026e-08,0.3347090919566431,0.3347090919566431,19.164589033215517,8.924474940408649,8.924474940408649,1.6871579173661058,1.6871579173661058,0.49694509206042026,0.49694509206042026,1.044324324177157,450.26425745417015,209.77299392875665,773.1499999999996,823.1499999999997,True,AIP_AN_CHENG_SU_ZHANG_2017;TASIDOU_ETAL_REFERENCE_VISCOSITY_2019,Q1_primary_experiment_common_table_domain,1.0,1.0,1.0,1.0,G0106,T1_homogeneous_none,20260821,105,0.0,5.395992319558096,Ceramic_sphere_Weiss2024,Tier_3_hypothetical_common_skeleton,unresolved,False,True,PASS,pooled_material_topology_unit_reference
G0106_T1_homogeneous_none__AIP_LIF_NAK_CARBONATE_RECIPROCAL_2017_V10,V16_conservative_MUSCL_LTNE_effective_particle_resistance,numba,AIP_LIF_NAK_CARBONATE_RECIPROCAL_2017_V10,LiF-Na2CO3-K2CO3 reciprocal salt,fluoride_carbonate,homogeneous,1.0,none,0.5,True,True,charge_end_profile_reversed_for_counterflow,False,0.9382964688843188,1.7653070300882212,0.48258074469482104,0.00841532075710259,0.00841532075710259,0.00841532075710259,0.19446480853942222,17.69629757708742,500.0,550.0,2048,1.3931274451712388,0.45,5.0,525.0,run-wise frozen at the registered transport-property temperature,0.0,0.0,0.0,25.0,initial state and every explicit transient time step,1.220647584275299,1233.0078010189006,1725.4944929731003,0.06220263286464673,0.05095871541135811,52.9108125,0.3517646799057391,1.7576624599911488,3.1635602400767793,0.3517646799057391,1.7576624599911488,3.1635602400767793,3.383323741970136,0.9612320282533483,0.9612320282580388,0.05979116295118276,0.9,"time integral of positive outlet enthalpy flow following the simulated charge end state, with linear within-step interpolation at the registered outlet-grade threshold",True,0.053499071143739266,1,1,0,0.90-to-0.10 solid-temperature thickness at charge t50; reported only for a single crossing of each isotherm,-1.5869860980899375e-09,4.384492768849668e-10,0.9999999999951203,1.0000000000034852,0.0,0.0,0.012564902047570853,0.0011673325312013853,5.93693001820794e-08,0.2265720728635883,0.2265720728635883,27.373757098453936,9.053460451528894,9.053460451528894,1.7701656203791711,1.7701656203791711,0.4849426819425238,0.4849426819425238,1.0042778087765298,461.00713302123273,209.77299392875665,773.1499999999996,823.1499999999996,True,AIP_AN_CHENG_SU_ZHANG_2017,Q1_primary_experiment_direct_table1_resolution,1.0,1.0,1.0,1.0,G0106,T1_homogeneous_none,20260821,105,0.0,5.395992319558096,Ceramic_sphere_Weiss2024,Tier_3_hypothetical_common_skeleton,unresolved,False,True,PASS,pooled_material_topology_unit_reference
G0109_T1_homogeneous_none__SOLAR_SALT_60_40_V10,V16_conservative_MUSCL_LTNE_effective_particle_resistance,numba,SOLAR_SALT_60_40_V10,Solar Salt (NaNO3-KNO3 60:40 wt%),nitrate,homogeneous,1.0,none,0.5,True,True,charge_end_profile_reversed_for_counterflow,False,0.8919654864012014,1.0160248730099244,0.48740548678626483,0.01777112591455908,0.01777112591455908,0.01777112591455908,0.2923527197668793,22.413221260927802,500.0,550.0,2048,0.40840054170670886,0.45,5.0,525.0,run-wise frozen at the registered transport-property temperature,0.0,0.0,0.0,25.0,initial state and every explicit transient time step,0.6348780637260814,543.4129430909529,889.0884528543477,0.027563577219339403,0.04341554511675762,37.39729638493229,0.12308738548660669,0.6149831490533088,1.1295678316037119,0.12308738548660669,0.6149831490533088,1.1295678316037119,1.0354555854071905,0.8371104441868116,0.8371104442039898,0.023073758369458686,0.9,"time integral of positive outlet enthalpy flow following the simulated charge end state, with linear within-step interpolation at the registered outlet-grade threshold",True,0.22927167487068778,1,1,0,0.90-to-0.10 solid-temperature thickness at charge t50; reported only for a single crossing of each isotherm,-4.681355303404189e-09,-1.1779577313575373e-09,0.999999999979479,0.9999999999842367,0.0,0.0,0.00042130786595023925,7.01386597971256e-05,2.874313926243292e-09,6.6260394877266435,6.6260394877266435,3.5449440459465764,11.027586265255461,11.027586265255461,1.6850288416293366,1.6850288416293366,0.4972607632588909,0.4972607632588909,0.7236668851609757,41.050254242102426,57.17279129610697,773.1499999999986,823.1499999999996,True,ZAVOICO_SANDIA_SOLAR_SALT_2001,Q1_authoritative_design_basis_full_property_vector,1.0,1.0,1.0,1.0,G0109,T1_homogeneous_none,20260821,108,0.0,6.452934194493237,Ceramic_sphere_Weiss2024,Tier_2_unit_pair_partial,direct_source_unit_pair,False,True,PASS,pooled_material_topology_unit_reference
G0111_T1_homogeneous_none__SOLAR_SALT_60_40_V10,V16_conservative_MUSCL_LTNE_effective_particle_resistance,numba,SOLAR_SALT_60_40_V10,Solar Salt (NaNO3-KNO3 60:40 wt%),nitrate,homogeneous,1.0,none,0.5,True,True,charge_end_profile_reversed_for_counterflow,False,0.7635436068794347,1.4305420073291142,0.49675805445831744,0.013343281357310399,0.013343281357310399,0.013343281357310399,0.2349237286008309,18.010427653182703,500.0,550.0,2048,0.5344461396655619,0.45,5.0,525.0,run-wise frozen at the registered transport-property temperature,0.0,0.0,0.0,25.0,initial state and every explicit transient time step,0.6550254692683457,571.4159350193621,900.5663484707675,0.028366361926705216,0.04330573887209309,37.39729638493229,0.1575131539403255,0.787565769701675,1.4248927912528504,0.1575131539403255,0.787565769701675,1.4248927912528504,1.4080002279469674,0.8904974442919692,0.8904974443015454,0.025260172799592015,0.9,"time integral of positive outlet enthalpy flow following the simulated charge end state, with linear within-step interpolation at the registered outlet-grade threshold",True,0.1526514675642459,1,1,0,0.90-to-0.10 solid-temperature thickness at charge t50; reported only for a single crossing of each isotherm,-2.4632296202753423e-09,2.346256522400836e-09,0.9999999999892462,1.0000000000135958,0.0,0.0,0.001028278865081615,0.00013755885486384817,6.909825841429668e-09,5.455692398798446,5.455692398798446,3.5449440459465764,10.33057334879614,10.33057334879614,1.578524404577451,1.578524404577451,0.5135804425924642,0.5135804425924642,0.7512601006574646,88.80546584046981,107.21066048310234,773.1499999999994,823.1499999999996,True,ZAVOICO_SANDIA_SOLAR_SALT_2001,Q1_authoritative_design_basis_full_property_vector,1.0,1.0,1.0,1.0,G0111,T1_homogeneous_none,20260821,110,0.0,6.636803065064845,Ceramic_sphere_Weiss2024,Tier_2_unit_pair_partial,direct_source_unit_pair,False,True,PASS,pooled_material_topology_unit_reference
G0113_T1_homogeneous_none__SOLAR_SALT_60_40_V10,V16_conservative_MUSCL_LTNE_effective_particle_resistance,numba,SOLAR_SALT_60_40_V10,Solar Salt (NaNO3-KNO3 60:40 wt%),nitrate,homogeneous,1.0,none,0.5,True,True,charge_end_profile_reversed_for_counterflow,False,0.8507846589195567,1.3031355502430462,0.49057580846160503,0.018751491756211113,0.018751491756211113,0.018751491756211113,0.15890321451788744,12.18231494101384,500.0,550.0,2048,0.8825010883213917,0.45,5.0,525.0,run-wise frozen at the registered transport-property temperature,0.0,0.0,0.0,25.0,initial state and every explicit transient time step,0.7408303646111969,638.2254904168939,1031.048356915607,0.032135978943193894,0.04337832313347405,37.39729638493229,0.2640149089228222,1.3190939878492856,2.392558506115397,0.2640149089228222,1.3190939878492856,2.392558506115397,2.328307561597025,0.8788304715672752,0.8788304715847381,0.028242077528923118,0.9,"time integral of positive outlet enthalpy flow following the simulated charge end state, with linear within-step interpolation at the registered outlet-grade threshold",True,0.16924649107279072,1,1,0,0.90-to-0.10 solid-temperature thickness at charge t50; reported only for a single crossing of each isotherm,-5.348543830052677e-09,-4.740541292846956e-10,0.9999999999801293,0.9999999999910091,0.0,0.0,0.0002674001092594742,2.419608047592094e-05,1.8014244488910462e-09,4.176930443618413,4.176930443618413,3.5449440459465764,9.812936695560653,9.812936695560653,1.4994288827464937,1.4994288827464937,0.5264107291315278,0.5264107291315278,0.7329068868612868,74.10400603367704,69.49503363173251,773.1499999999987,823.1499999999995,True,ZAVOICO_SANDIA_SOLAR_SALT_2001,Q1_authoritative_design_basis_full_property_vector,1.0,1.0,1.0,1.0,G0113,T1_homogeneous_none,20260821,112,0.0,6.2363019836776825,Ceramic_sphere_Weiss2024,Tier_2_unit_pair_partial,direct_source_unit_pair,False,True,PASS,pooled_material_topology_unit_reference
G0114_T1_homogeneous_none__SOLAR_SALT_60_40_V10,V16_conservative_MUSCL_LTNE_effective_particle_resistance,numba,SOLAR_SALT_60_40_V10,Solar Salt (NaNO3-KNO3 60:40 wt%),nitrate,homogeneous,1.0,none,0.5,True,True,charge_end_profile_reversed_for_counterflow,False,0.7038681774734806,1.504138954983689,0.5581313044615623,0.008767043106994566,0.008767043106994566,0.008767043106994566,0.3039632525553147,23.3033427571532,500.0,550.0,2048,0.41466750143185527,0.45,5.0,525.0,run-wise frozen at the registered transport-property temperature,0.0,0.0,0.0,25.0,initial state and every explicit transient time step,0.5852757119749344,573.6488492891443,706.536222020058,0.024924065881120658,0.04258517032428655,37.39729638493229,0.1070072524528305,0.5348058914300768,0.9641019408289926,0.1070072524528305,0.5348058914300768,0.9641019408289926,0.9822370060182708,0.9156518247522494,0.9156518247598092,0.02282176640429341,0.9,"time integral of positive outlet enthalpy flow following the simulated charge end state, with linear within-step interpolation at the registered outlet-grade threshold",True,0.11731523328153448,1,1,0,0.90-to-0.10 solid-temperature thickness at charge t50; reported only for a single crossing of each isotherm,-2.150091216179817e-09,2.3543611504805995e-09,0.9999999999917438,1.0000000000150784,0.0,0.0,0.002105216559182495,0.00036439181861079627,1.409524678760314e-08,5.45782493305599,5.45782493305599,3.5449440459465764,9.25873505212703,9.25873505212703,1.4147461851187912,1.4147461851187912,0.54087743085155,0.54087743085155,0.9613142639205395,117.73371096461297,171.56741864125766,773.1499999999999,823.1499999999999,True,ZAVOICO_SANDIA_SOLAR_SALT_2001,Q1_authoritative_design_basis_full_property_vector,1.0,1.0,1.0,1.0,G0114,T1_homogeneous_none,20260821,113,0.0,7.012546675607929,Ceramic_sphere_Weiss2024,Tier_2_unit_pair_partial,direct_source_unit_pair,False,True,PASS,pooled_material_topology_unit_reference
G0114_T1_homogeneous_none__NREL_MGCL2_KCL_NACL_BASELINE_V10,V16_conservative_MUSCL_LTNE_effective_particle_resistance,numba,NREL_MGCL2_KCL_NACL_BASELINE_V10,Purified MgCl2-KCl-NaCl baseline (NREL),chloride,homogeneous,1.0,none,0.5,True,True,charge_end_profile_reversed_for_counterflow,False,0.7038681774734806,1.504138954983689,0.5581313044615623,0.008767043106994566,0.008767043106994566,0.008767043106994566,0.4450058411939571,23.303342757153203,500.0,550.0,2048,0.2686874166205236,0.45,5.0,525.0,run-wise frozen at the registered transport-property temperature,0.0,0.0,0.0,25.0,initial state and every explicit transient time step,0.5852757119749344,544.0223574115297,706.536222020058,0.02062360144784922,0.03523741208781352,24.232368745617165,0.08851757669776394,0.44251324809525466,0.8003899599551534,0.08851757669776394,0.44251324809525466,0.8003899599551534,0.7932630297308327,0.8928976267166183,0.8928976267255188,0.018414764787133983,0.9,"time integral of positive outlet enthalpy flow following the simulated charge end state, with linear within-step interpolation at the registered outlet-grade threshold",True,0.14897140797150035,1,1,0,0.90-to-0.10 solid-temperature thickness at charge t50; reported only for a single crossing of each isotherm,-2.2786217357406713e-09,2.4394042341668865e-09,0.9999999999900319,1.000000000014396,0.0,0.0,0.007834473945600993,0.0020934167175397636,8.124428349520102e-08,3.1370335929465143,3.1370335929465143,7.464421665217784,9.678825479611985,9.678825479611985,1.2219774329934299,1.2219774329934299,0.5769719664886308,0.5769719664886308,0.6229038988264884,108.47791760646939,171.56741864125766,773.1499999999996,823.1499999999997,True,NREL_ZHAO_CHLORIDE_2020,Q1_official_lab_measured_correlations,1.0,1.0,1.0,1.0,G0114,T1_homogeneous_none,20260821,113,0.0,7.012546675607929,Ceramic_sphere_Weiss2024,Tier_3_hypothetical_common_skeleton,unresolved,False,True,PASS,pooled_material_topology_unit_reference
G0114_T1_homogeneous_none__AIP_FLINAK_2017_V10,V16_conservative_MUSCL_LTNE_effective_particle_resistance,numba,AIP_FLINAK_2017_V10,FLiNaK (LiF-NaF-KF),fluoride,homogeneous,1.0,none,0.5,True,True,charge_end_profile_reversed_for_counterflow,False,0.7038681774734806,1.504138954983689,0.5581313044615623,0.008767043106994566,0.008767043106994566,0.008767043106994566,0.24790790167184257,23.3033427571532,500.0,550.0,2048,0.6100741651444285,0.45,5.0,525.0,run-wise frozen at the registered transport-property temperature,0.0,0.0,0.0,25.0,initial state and every explicit transient time step,0.5852757119749344,688.3312533459671,706.536222020058,0.03068093283064435,0.05242133272046375,55.02068055555556,0.13167434064367467,0.6583717032183384,1.1852385308388744,0.13167434064367467,0.6583717032183384,1.1852385308388744,1.2351101136325144,0.9360554413254847,0.9360554413303919,0.02871905412106635,0.9,"time integral of positive outlet enthalpy flow following the simulated charge end state, with linear within-step interpolation at the registered outlet-grade threshold",True,0.08893817095095903,1,1,0,0.90-to-0.10 solid-temperature thickness at charge t50; reported only for a single crossing of each isotherm,-1.4494072608783881e-09,1.589306464211404e-09,0.9999999999947576,1.0000000000107656,0.0,0.0,0.006969673868498588,0.0008199780388798074,3.167666288005864e-08,0.8159870944285041,0.8159870944285041,19.164589033215517,9.17484422766697,9.17484422766697,1.7344898363959376,1.7344898363959376,0.49002939593220735,0.49002939593220735,1.4143312522982756,130.77277340368204,171.56741864125766,773.1499999999999,823.1499999999999,True,AIP_AN_CHENG_SU_ZHANG_2017;TASIDOU_ETAL_REFERENCE_VISCOSITY_2019,Q1_primary_experiment_common_table_domain,1.0,1.0,1.0,1.0,G0114,T1_homogeneous_none,20260821,113,0.0,7.012546675607929,Ceramic_sphere_Weiss2024,Tier_3_hypothetical_common_skeleton,unresolved,False,True,PASS,pooled_material_topology_unit_reference
G0114_T1_homogeneous_none__AIP_LIF_NAK_CARBONATE_RECIPROCAL_2017_V10,V16_conservative_MUSCL_LTNE_effective_particle_resistance,numba,AIP_LIF_NAK_CARBONATE_RECIPROCAL_2017_V10,LiF-Na2CO3-K2CO3 reciprocal salt,fluoride_carbonate,homogeneous,1.0,none,0.5,True,True,charge_end_profile_reversed_for_counterflow,False,0.7038681774734806,1.504138954983689,0.5581313044615623,0.008767043106994566,0.008767043106994566,0.008767043106994566,0.2560806896390462,23.303342757153203,500.0,550.0,2048,0.5866560383501714,0.45,5.0,525.0,run-wise frozen at the registered transport-property temperature,0.0,0.0,0.0,25.0,initial state and every explicit transient time step,0.5852757119749344,683.7580035936477,706.536222020058,0.029991721861894645,0.051243749310374766,52.9108125,0.12873840841573136,0.6435290820679938,1.1586456757415617,0.12873840841573136,0.6435290820679938,1.1586456757415617,1.206314844475201,0.9352088795852783,0.9352088795906129,0.02804852459929579,0.9,"time integral of positive outlet enthalpy flow following the simulated charge end state, with linear within-step interpolation at the registered outlet-grade threshold",True,0.09008592137126473,1,1,0,0.90-to-0.10 solid-temperature thickness at charge t50; reported only for a single crossing of each isotherm,-1.5423218258092675e-09,1.797695325933546e-09,0.9999999999942958,1.0000000000120988,0.0,0.0,0.01098429716588158,0.0013438276271401939,5.1914994287349293e-08,0.5523599204725259,0.5523599204725259,27.373757098453936,9.276869483731236,9.276869483731236,1.8138473694964368,1.8138473694964368,0.4788564704379097,0.4788564704379097,1.3600961483506795,133.63786884696322,171.56741864125766,773.1499999999996,823.1499999999997,True,AIP_AN_CHENG_SU_ZHANG_2017,Q1_primary_experiment_direct_table1_resolution,1.0,1.0,1.0,1.0,G0114,T1_homogeneous_none,20260821,113,0.0,7.012546675607929,Ceramic_sphere_Weiss2024,Tier_3_hypothetical_common_skeleton,unresolved,False,True,PASS,pooled_material_topology_unit_reference
G0115_T1_homogeneous_none__SOLAR_SALT_60_40_V10,V16_conservative_MUSCL_LTNE_effective_particle_resistance,numba,SOLAR_SALT_60_40_V10,Solar Salt (NaNO3-KNO3 60:40 wt%),nitrate,homogeneous,1.0,none,0.5,True,True,charge_end_profile_reversed_for_counterflow,False,0.7505257192487881,1.9767021131048086,0.5670428486593173,0.009327734945142803,0.009327734945142803,0.009327734945142803,0.19679944769454513,15.087629657502303,500.0,550.0,2048,0.9722296362823464,0.45,5.0,525.0,run-wise frozen at the registered transport-property temperature,0.0,0.0,0.0,25.0,initial state and every explicit transient time step,0.8745049390532363,870.8179794709575,1034.398492915653,0.037149443818913136,0.04248054203002235,37.39729638493229,0.24629817452486194,1.231220808836498,2.216413506936061,0.24629817452486194,1.231220808836498,2.216413506936061,2.3203346896347097,0.940398860004278,0.9403988600118952,0.03493529461709889,0.9,"time integral of positive outlet enthalpy flow following the simulated charge end state, with linear within-step interpolation at the registered outlet-grade threshold",True,0.08249800111516824,1,1,0,0.90-to-0.10 solid-temperature thickness at charge t50; reported only for a single crossing of each isotherm,-2.3081203615049617e-09,2.623545825031215e-09,0.9999999999919,1.0000000000180302,0.0,0.0,0.0012129068623128844,0.00013592585878258607,8.109620989648006e-09,3.3067164120635293,3.3067164120635293,3.5449440459465764,8.169540305709983,8.169540305709983,1.24831587863854,1.24831587863854,0.5717587123638032,0.5717587123638032,0.9967659628459878,219.363957701209,211.91662549696798,773.1499999999997,823.1499999999997,True,ZAVOICO_SANDIA_SOLAR_SALT_2001,Q1_authoritative_design_basis_full_property_vector,1.0,1.0,1.0,1.0,G0115,T1_homogeneous_none,20260821,114,0.0,6.341383744704093,Ceramic_sphere_Weiss2024,Tier_2_unit_pair_partial,direct_source_unit_pair,False,True,PASS,pooled_material_topology_unit_reference
G0115_T1_homogeneous_none__AIP_FLINAK_2017_V10,V16_conservative_MUSCL_LTNE_effective_particle_resistance,numba,AIP_FLINAK_2017_V10,FLiNaK (LiF-NaF-KF),fluoride,homogeneous,1.0,none,0.5,True,True,charge_end_profile_reversed_for_counterflow,False,0.7505257192487881,1.9767021131048086,0.5670428486593173,0.009327734945142803,0.009327734945142803,0.009327734945142803,0.16050669848406704,15.087629657502303,500.0,550.0,2048,1.4304296290019534,0.45,5.0,525.0,run-wise frozen at the registered transport-property temperature,0.0,0.0,0.0,25.0,initial state and every explicit transient time step,0.8745049390532363,1044.9096725082372,1034.398492915653,0.0458885587866841,0.05247375599315007,55.02068055555556,0.3043636377265304,1.5210235055054468,2.7376833732840695,0.3043636377265304,1.5210235055054468,2.7376833732840695,2.913084315901671,0.9563511024173179,0.9563511024212245,0.04388557378398724,0.9,"time integral of positive outlet enthalpy flow following the simulated charge end state, with linear within-step interpolation at the registered outlet-grade threshold",True,0.06047765077473075,1,1,0,0.90-to-0.10 solid-temperature thickness at charge t50; reported only for a single crossing of each isotherm,-1.1182499370931964e-09,3.4086067302041556e-10,0.9999999999959152,1.0000000000019686,0.0,0.0,0.004184358340479628,0.0003187288870191867,1.9015170614400907e-08,0.4943797117486411,0.4943797117486411,19.164589033215517,8.296523892920804,8.296523892920804,1.5684447618514417,1.5684447618514417,0.5151806061376095,0.5151806061376095,1.4664894773649062,248.34574357600053,211.91662549696798,773.1499999999997,823.1499999999997,True,AIP_AN_CHENG_SU_ZHANG_2017;TASIDOU_ETAL_REFERENCE_VISCOSITY_2019,Q1_primary_experiment_common_table_domain,1.0,1.0,1.0,1.0,G0115,T1_homogeneous_none,20260821,114,0.0,6.341383744704093,Ceramic_sphere_Weiss2024,Tier_3_hypothetical_common_skeleton,unresolved,False,True,PASS,pooled_material_topology_unit_reference
G0116_T1_homogeneous_none__SOLAR_SALT_60_40_V10,V16_conservative_MUSCL_LTNE_effective_particle_resistance,numba,SOLAR_SALT_60_40_V10,Solar Salt (NaNO3-KNO3 60:40 wt%),nitrate,homogeneous,1.0,none,0.5,True,True,charge_end_profile_reversed_for_counterflow,False,1.1237050063868619,1.6642972182539408,0.4917324594415657,0.009451645278124261,0.009451645278124261,0.009451645278124261,0.1656242665685716,12.697584396479542,500.0,550.0,2048,1.8908273304844199,0.45,5.0,525.0,run-wise frozen at the registered transport-property temperature,0.0,0.0,0.0,25.0,initial state and every explicit transient time step,1.6505375162748925,1425.2909260081435,2291.914807398345,0.07157513549045383,0.043364743172873865,37.39729638493229,0.5640968202611798,2.8189084118636916,5.073720003466066,0.5640968202611798,2.8189084118636916,5.073720003466066,5.409646219563292,0.9582680113817355,0.9582680113910446,0.06858816275081547,0.9,"time integral of positive outlet enthalpy flow following the simulated charge end state, with linear within-step interpolation at the registered outlet-grade threshold",True,0.057499437483423496,1,1,0,0.90-to-0.10 solid-temperature thickness at charge t50; reported only for a single crossing of each isotherm,-3.002564863407997e-09,2.9720004235400665e-09,0.9999999999902854,1.0000000000208087,0.0,0.0,0.0007454696832310303,7.03079947236745e-05,4.983896667309433e-09,1.2579251156389986,1.2579251156389986,3.5449440459465764,7.757802977402443,7.757802977402443,1.1854019048381694,1.1854019048381694,0.5843711765272473,0.5843711765272473,0.7363066810658242,545.9218267665052,176.0854506575633,773.15,823.1499999999996,True,ZAVOICO_SANDIA_SOLAR_SALT_2001,Q1_authoritative_design_basis_full_property_vector,1.0,1.0,1.0,1.0,G0116,T1_homogeneous_none,20260821,115,0.0,4.761361523253669,Ceramic_sphere_Weiss2024,Tier_2_unit_pair_partial,direct_source_unit_pair,False,True,PASS,pooled_material_topology_unit_reference
G0116_T1_homogeneous_none__AIP_FLINAK_2017_V10,V16_conservative_MUSCL_LTNE_effective_particle_resistance,numba,AIP_FLINAK_2017_V10,FLiNaK (LiF-NaF-KF),fluoride,homogeneous,1.0,none,0.5,True,True,charge_end_profile_reversed_for_counterflow,False,1.1237050063868619,1.6642972182539408,0.4917324594415657,0.009451645278124261,0.009451645278124261,0.009451645278124261,0.1350806850689313,12.697584396479542,500.0,550.0,2048,2.7817835997827367,0.45,5.0,525.0,run-wise frozen at the registered transport-property temperature,0.0,0.0,0.0,25.0,initial state and every explicit transient time step,1.6505375162748925,1710.231425893292,2291.914807398345,0.0858786771702812,0.05203073321477798,55.02068055555556,0.6769006759471325,3.382185226736036,6.08746977752401,0.6769006759471325,3.382185226736036,6.08746977752401,6.566127906996931,0.9698139299659838,0.9698139299749983,0.08328633740679044,0.9,"time integral of positive outlet enthalpy flow following the simulated charge end state, with linear within-step interpolation at the registered outlet-grade threshold",True,0.04168779878022497,1,1,0,0.90-to-0.10 solid-temperature thickness at charge t50; reported only for a single crossing of each isotherm,-3.100675272094122e-09,-4.3106629377120953e-10,0.999999999990705,0.9999999999956645,0.0,0.0,0.0026981247561595604,0.00017296358416528127,1.2260442590780214e-08,0.18806954651514768,0.18806954651514768,19.164589033215517,8.071731634510202,8.071731634510202,1.5259481398011263,1.5259481398011263,0.522038131029848,0.522038131029848,1.0832893980583773,627.7952872775776,176.0854506575633,773.15,823.1499999999997,True,AIP_AN_CHENG_SU_ZHANG_2017;TASIDOU_ETAL_REFERENCE_VISCOSITY_2019,Q1_primary_experiment_common_table_domain,1.0,1.0,1.0,1.0,G0116,T1_homogeneous_none,20260821,115,0.0,4.761361523253669,Ceramic_sphere_Weiss2024,Tier_3_hypothetical_common_skeleton,unresolved,False,True,PASS,pooled_material_topology_unit_reference
G0118_T1_homogeneous_none__SOLAR_SALT_60_40_V10,V16_conservative_MUSCL_LTNE_effective_particle_resistance,numba,SOLAR_SALT_60_40_V10,Solar Salt (NaNO3-KNO3 60:40 wt%),nitrate,homogeneous,1.0,none,0.5,True,True,charge_end_profile_reversed_for_counterflow,False,0.752681502335177,1.7725827133881236,0.4969926957233368,0.01251417212548979,0.01251417212548979,0.01251417212548979,0.2232088971706487,17.112310101587784,500.0,550.0,2048,0.6776036473203307,0.45,5.0,525.0,run-wise frozen at the registered transport-property temperature,0.0,0.0,0.0,25.0,initial state and every explicit transient time step,0.788712778468878,688.363962753237,1083.8616843081838,0.0341536168309784,0.04330298400550902,37.39729638493229,0.19970485272412927,0.997959593914521,1.8005434695182378,0.19970485272412927,0.997959593914521,1.8005434695182378,1.8191134857511593,0.9084893154267858,0.9084893154364145,0.031028195974124317,0.9,"time integral of positive outlet enthalpy flow following the simulated charge end state, with linear within-step interpolation at the registered outlet-grade threshold",True,0.1271311031770058,1,1,0,0.90-to-0.10 solid-temperature thickness at charge t50; reported only for a single crossing of each isotherm,-2.6119217899633895e-09,2.620326178259802e-09,0.9999999999894014,1.0000000000165041,0.0,0.0,0.0013999165574517254,0.00017793623991784675,9.380615129584546e-09,5.002869532964694,5.002869532964694,3.5449440459465764,10.114543401703493,10.114543401703493,1.5455147610570303,1.5455147610570303,0.5188581978222024,0.5188581978222024,0.7519655657131714,126.50169093755585,141.6460230539419,773.1499999999999,823.1499999999997,True,ZAVOICO_SANDIA_SOLAR_SALT_2001,Q1_authoritative_design_basis_full_property_vector,1.0,1.0,1.0,1.0,G0118,T1_homogeneous_none,20260821,117,0.0,6.442629942217652,Ceramic_sphere_Weiss2024,Tier_2_unit_pair_partial,direct_source_unit_pair,False,True,PASS,pooled_material_topology_unit_reference
G0121_T1_homogeneous_none__SOLAR_SALT_60_40_V10,V16_conservative_MUSCL_LTNE_effective_particle_resistance,numba,SOLAR_SALT_60_40_V10,Solar Salt (NaNO3-KNO3 60:40 wt%),nitrate,homogeneous,1.0,none,0.5,True,True,charge_end_profile_reversed_for_counterflow,False,1.0961766490586573,2.1042726350280967,0.48225198396446955,0.00836262513848123,0.00836262513848123,0.00836262513848123,0.1872127247923739,14.352663546207344,500.0,550.0,2048,1.9738423354279166,0.45,5.0,525.0,run-wise frozen at the registered transport-property temperature,0.0,0.0,0.0,25.0,initial state and every explicit transient time step,1.9858799069278823,1681.8073554071977,2809.0024633418802,0.08633821641586865,0.04347605115227345,37.39729638493229,0.6020219123055073,3.0079164033774877,5.41435918398721,0.6020219123055073,3.0079164033774877,5.41435918398721,5.814949868218432,0.9654850366335678,0.9654850366420726,0.08335825603915185,0.9,"time integral of positive outlet enthalpy flow following the simulated charge end state, with linear within-step interpolation at the registered outlet-grade threshold",True,0.04753202532239353,1,1,0,0.90-to-0.10 solid-temperature thickness at charge t50; reported only for a single crossing of each isotherm,-2.675670796037366e-09,2.9191316031074166e-09,0.9999999999911912,1.0000000000202942,0.0,0.0,0.001574667282118605,0.00016787070925734627,1.0527346453533e-08,1.3220410446161015,1.3220410446161015,3.5449440459465764,7.947621173332353,7.947621173332353,1.214406360311412,1.214406360311412,0.5784881712681933,0.5784881712681933,0.7088883169353379,766.8428799497782,251.6282387626264,773.1499999999999,823.1499999999997,True,ZAVOICO_SANDIA_SOLAR_SALT_2001,Q1_authoritative_design_basis_full_property_vector,1.0,1.0,1.0,1.0,G0121,T1_homogeneous_none,20260821,120,0.0,4.599494081014933,Ceramic_sphere_Weiss2024,Tier_2_unit_pair_partial,direct_source_unit_pair,False,True,PASS,pooled_material_topology_unit_reference
G0121_T1_homogeneous_none__AIP_FLINAK_2017_V10,V16_conservative_MUSCL_LTNE_effective_particle_resistance,numba,AIP_FLINAK_2017_V10,FLiNaK (LiF-NaF-KF),fluoride,homogeneous,1.0,none,0.5,True,True,charge_end_profile_reversed_for_counterflow,False,1.0961766490586573,2.1042726350280967,0.48225198396446955,0.00836262513848123,0.00836262513848123,0.00836262513848123,0.1526879100660356,14.352663546207346,500.0,550.0,2048,2.9039947077933417,0.45,5.0,525.0,run-wise frozen at the registered transport-property temperature,0.0,0.0,0.0,25.0,initial state and every explicit transient time step,1.9858799069278823,2018.0299607825082,2809.0024633418802,0.10321603494859509,0.051974963132724525,55.02068055555556,0.7195453553754502,3.5961134464838262,6.472681537592984,0.7195453553754502,3.5961134464838262,6.472681537592984,7.022648813874055,0.9757044793619314,0.9757044793619608,0.10070834764132189,0.9,"time integral of positive outlet enthalpy flow following the simulated charge end state, with linear within-step interpolation at the registered outlet-grade threshold",True,0.03362234258405074,1,1,0,0.90-to-0.10 solid-temperature thickness at charge t50; reported only for a single crossing of each isotherm,-1.5987211554602254e-12,3.042011087472929e-12,0.9999999999999698,1.0000000000000167,0.0,0.0,0.005694997906262428,0.00041266497948089676,2.5878236799422265e-08,0.19765537442907394,0.19765537442907394,19.164589033215517,8.253341900825875,8.253341900825875,1.560281274325612,1.560281274325612,0.5164839027908739,0.5164839027908739,1.0429501970997965,879.6452464963634,251.6282387626264,773.1499999999997,823.1499999999999,True,AIP_AN_CHENG_SU_ZHANG_2017;TASIDOU_ETAL_REFERENCE_VISCOSITY_2019,Q1_primary_experiment_common_table_domain,1.0,1.0,1.0,1.0,G0121,T1_homogeneous_none,20260821,120,0.0,4.599494081014933,Ceramic_sphere_Weiss2024,Tier_3_hypothetical_common_skeleton,unresolved,False,True,PASS,pooled_material_topology_unit_reference
G0121_T1_homogeneous_none__AIP_LIF_NAK_CARBONATE_RECIPROCAL_2017_V10,V16_conservative_MUSCL_LTNE_effective_particle_resistance,numba,AIP_LIF_NAK_CARBONATE_RECIPROCAL_2017_V10,LiF-Na2CO3-K2CO3 reciprocal salt,fluoride_carbonate,homogeneous,1.0,none,0.5,True,True,charge_end_profile_reversed_for_counterflow,False,1.0961766490586573,2.1042726350280967,0.48225198396446955,0.00836262513848123,0.00836262513848123,0.00836262513848123,0.15772157743084997,14.352663546207346,500.0,550.0,2048,2.792610918091476,0.45,5.0,525.0,run-wise frozen at the registered transport-property temperature,0.0,0.0,0.0,25.0,initial state and every explicit transient time step,1.9858799069278823,2004.622237432072,2809.0024633418802,0.10119542586325149,0.050957475077029635,52.9108125,0.7051342568181022,3.5256712840906865,6.346208311363272,0.7051342568181022,3.5256712840906865,6.346208311363272,6.883227990302813,0.9754182350161447,0.975418235016453,0.09870786368723988,0.9,"time integral of positive outlet enthalpy flow following the simulated charge end state, with linear within-step interpolation at the registered outlet-grade threshold",True,0.0340002600767112,1,1,0,0.90-to-0.10 solid-temperature thickness at charge t50; reported only for a single crossing of each isotherm,-4.6695980415734084e-11,4.0190073491430667e-11,0.9999999999996839,1.0000000000003793,0.0,0.0,0.00902402081707059,0.0006799635950349115,4.2642150882059196e-08,0.13379734513702723,0.13379734513702723,27.373757098453936,8.386201112011353,8.386201112011353,1.6397006397218141,1.6397006397218141,0.5040778934168549,0.5040778934168549,1.002956375100915,902.2150993654503,251.6282387626264,773.15,823.1499999999997,True,AIP_AN_CHENG_SU_ZHANG_2017,Q1_primary_experiment_direct_table1_resolution,1.0,1.0,1.0,1.0,G0121,T1_homogeneous_none,20260821,120,0.0,4.599494081014933,Ceramic_sphere_Weiss2024,Tier_3_hypothetical_common_skeleton,unresolved,False,True,PASS,pooled_material_topology_unit_reference
G0123_T1_homogeneous_none__SOLAR_SALT_60_40_V10,V16_conservative_MUSCL_LTNE_effective_particle_resistance,numba,SOLAR_SALT_60_40_V10,Solar Salt (NaNO3-KNO3 60:40 wt%),nitrate,homogeneous,1.0,none,0.5,True,True,charge_end_profile_reversed_for_counterflow,False,0.7767795908965471,1.4491927965147684,0.4880096044022512,0.01079219967690162,0.01079219967690162,0.01079219967690162,0.28691004425849626,21.995958543077613,500.0,550.0,2048,0.4507312461963478,0.45,5.0,525.0,run-wise frozen at the registered transport-property temperature,0.0,0.0,0.0,25.0,initial state and every explicit transient time step,0.6867705456619931,588.5580078274003,960.6256306150545,0.029811646484306814,0.043408452317317596,37.39729638493229,0.1355949832307369,0.6777245099057702,1.2234849271753447,0.1355949832307369,0.6777245099057702,1.2234849271753447,1.2294229946739352,0.9040127585901047,0.9040127586003203,0.026950108776391198,0.9,"time integral of positive outlet enthalpy flow following the simulated charge end state, with linear within-step interpolation at the registered outlet-grade threshold",True,0.13341881939604555,1,1,0,0.90-to-0.10 solid-temperature thickness at charge t50; reported only for a single crossing of each isotherm,-2.7639557309555585e-09,2.6324054047677237e-09,0.9999999999886996,1.000000000015967,0.0,0.0,0.002037154164882555,0.0003328284218483195,1.3659445401022594e-08,5.207006853508974,5.207006853508974,3.5449440459465764,10.37732244303318,10.37732244303318,1.5856677240867847,1.5856677240867847,0.5124524315227496,0.5124524315227496,0.7254187797522745,118.84217587160931,134.2815032987625,773.1499999999997,823.1499999999997,True,ZAVOICO_SANDIA_SOLAR_SALT_2001,Q1_authoritative_design_basis_full_property_vector,1.0,1.0,1.0,1.0,G0123,T1_homogeneous_none,20260821,122,0.0,6.529544504150065,Ceramic_sphere_Weiss2024,Tier_2_unit_pair_partial,direct_source_unit_pair,False,True,PASS,pooled_material_topology_unit_reference
G0123_T1_homogeneous_none__AIP_FLINAK_2017_V10,V16_conservative_MUSCL_LTNE_effective_particle_resistance,numba,AIP_FLINAK_2017_V10,FLiNaK (LiF-NaF-KF),fluoride,homogeneous,1.0,none,0.5,True,True,charge_end_profile_reversed_for_counterflow,False,0.7767795908965471,1.4491927965147684,0.4880096044022512,0.01079219967690162,0.01079219967690162,0.01079219967690162,0.23399955896891078,21.995958543077613,500.0,550.0,2048,0.6631376227281748,0.45,5.0,525.0,run-wise frozen at the registered transport-property temperature,0.0,0.0,0.0,25.0,initial state and every explicit transient time step,0.6867705456619931,706.2210125526464,960.6256306150545,0.035718134656187096,0.05200883305465234,55.02068055555556,0.1624687175684049,0.8119751780516158,1.4627710728011383,0.1624687175684049,0.8119751780516158,1.4627710728011383,1.5051137152603422,0.9244393845389698,0.9244393845456782,0.033019250418445646,0.9,"time integral of positive outlet enthalpy flow following the simulated charge end state, with linear within-step interpolation at the registered outlet-grade threshold",True,0.10500534114401401,1,1,0,0.90-to-0.10 solid-temperature thickness at charge t50; reported only for a single crossing of each isotherm,-1.916022895898095e-09,2.1489698909249455e-09,0.9999999999927432,1.000000000014218,0.0,0.0,0.006872095258129875,0.0007631389227732551,3.125296299783041e-08,0.7784878491302291,0.7784878491302291,19.164589033215517,10.2078853233114,10.2078853233114,1.929784626859123,1.929784626859123,0.4634197798443549,0.4634197798443549,1.067270599963267,130.79413172366085,134.2815032987625,773.1499999999997,823.1499999999999,True,AIP_AN_CHENG_SU_ZHANG_2017;TASIDOU_ETAL_REFERENCE_VISCOSITY_2019,Q1_primary_experiment_common_table_domain,1.0,1.0,1.0,1.0,G0123,T1_homogeneous_none,20260821,122,0.0,6.529544504150065,Ceramic_sphere_Weiss2024,Tier_3_hypothetical_common_skeleton,unresolved,False,True,PASS,pooled_material_topology_unit_reference
G0124_T1_homogeneous_none__SOLAR_SALT_60_40_V10,V16_conservative_MUSCL_LTNE_effective_particle_resistance,numba,SOLAR_SALT_60_40_V10,Solar Salt (NaNO3-KNO3 60:40 wt%),nitrate,homogeneous,1.0,none,0.5,True,True,charge_end_profile_reversed_for_counterflow,False,0.7280338705303528,1.1592868424304605,0.5523555337396737,0.015654292501860685,0.015654292501860685,0.015654292501860685,0.12359707127752292,9.475569469491294,500.0,550.0,2048,0.8321616599983483,0.45,5.0,525.0,run-wise frozen at the registered transport-property temperature,0.0,0.0,0.0,25.0,initial state and every explicit transient time step,0.48259626601344024,468.11430144597483,590.198188914197,0.020584169971737995,0.042652982257356975,37.39729638493229,0.21728665566623032,1.0862021223144467,1.9650572976797611,0.21728665566623032,1.0862021223144467,1.9650572976797611,1.9430482362058672,0.8910410175489469,0.8910410175529543,0.0183413397570179,0.9,"time integral of positive outlet enthalpy flow following the simulated charge end state, with linear within-step interpolation at the registered outlet-grade threshold",True,0.15229313679555398,1,1,0,0.90-to-0.10 solid-temperature thickness at charge t50; reported only for a single crossing of each isotherm,-1.0850209619661655e-10,4.964029187704e-09,0.9999999999955027,1.0000000000327336,0.0,0.0,0.00019628885339624538,1.3815117250839355e-05,1.318853128852748e-09,3.703961746459644,3.703961746459644,3.5449440459465764,8.57778270083727,8.57778270083727,1.310695822319659,1.310695822319659,0.5597795608804425,0.5597795608804425,0.9390911082092763,72.73746024622935,74.05552453377669,773.1499999999999,823.1500000000004,True,ZAVOICO_SANDIA_SOLAR_SALT_2001,Q1_authoritative_design_basis_full_property_vector,1.0,1.0,1.0,1.0,G0124,T1_homogeneous_none,20260821,123,0.0,7.2194484396382546,Ceramic_sphere_Weiss2024,Tier_2_unit_pair_partial,direct_source_unit_pair,False,True,PASS,pooled_material_topology_unit_reference
G0125_T1_homogeneous_none__SOLAR_SALT_60_40_V10,V16_conservative_MUSCL_LTNE_effective_particle_resistance,numba,SOLAR_SALT_60_40_V10,Solar Salt (NaNO3-KNO3 60:40 wt%),nitrate,homogeneous,1.0,none,0.5,True,True,charge_end_profile_reversed_for_counterflow,False,1.0719345323014293,1.3595013588866143,0.5749822436857482,0.01218720954801028,0.01218720954801028,0.01218720954801028,0.2802009417450738,21.481605198886083,500.0,550.0,2048,0.9713984205463986,0.45,5.0,525.0,run-wise frozen at the registered transport-property temperature,0.0,0.0,0.0,25.0,initial state and every explicit transient time step,1.226891199345341,1238.824333469098,1424.6028883593362,0.0520046390797226,0.042387327505056555,37.39729638493229,0.24230993934740594,1.2104703651586444,2.181329119915845,0.24230993934740594,1.2104703651586444,2.181329119915845,2.2337401859248693,0.9201215274289704,0.9201215274295047,0.047850587943426684,0.9,"time integral of positive outlet enthalpy flow following the simulated charge end state, with linear within-step interpolation at the registered outlet-grade threshold",True,0.11105889982454156,1,1,0,0.90-to-0.10 solid-temperature thickness at charge t50; reported only for a single crossing of each isotherm,6.040501432380552e-10,4.073297255047237e-09,0.9999999999994192,1.0000000000274398,0.0,0.0,0.0003134208557982475,5.000900800479241e-05,2.0976225842415774e-09,3.0155420084838753,3.0155420084838753,3.5449440459465764,7.91230677370145,7.91230677370145,1.209010276302495,1.209010276302495,0.579573679422355,0.579573679422355,1.0296025232109156,122.03114785179656,111.55148793749677,773.15,823.1499999999999,True,ZAVOICO_SANDIA_SOLAR_SALT_2001,Q1_authoritative_design_basis_full_property_vector,1.0,1.0,1.0,1.0,G0125,T1_homogeneous_none,20260821,124,0.0,5.202698794039983,Ceramic_sphere_Weiss2024,Tier_2_unit_pair_partial,direct_source_unit_pair,False,True,PASS,pooled_material_topology_unit_reference
G0125_T1_homogeneous_none__AIP_FLINAK_2017_V10,V16_conservative_MUSCL_LTNE_effective_particle_resistance,numba,AIP_FLINAK_2017_V10,FLiNaK (LiF-NaF-KF),fluoride,homogeneous,1.0,none,0.5,True,True,charge_end_profile_reversed_for_counterflow,False,1.0719345323014293,1.3595013588866143,0.5749822436857482,0.01218720954801028,0.01218720954801028,0.01218720954801028,0.22852771488176687,21.481605198886086,500.0,550.0,2048,1.429169115433101,0.45,5.0,525.0,run-wise frozen at the registered transport-property temperature,0.0,0.0,0.0,25.0,initial state and every explicit transient time step,1.226891199345341,1486.486911268007,1424.6028883593362,0.06443689074457212,0.05252046047681743,55.02068055555556,0.30012551424094885,1.4998335883628198,2.700335645326868,0.30012551424094885,1.4998335883628198,2.700335645326868,2.8276656850211777,0.9407621702372202,0.940762170241794,0.06061978918020231,0.9,"time integral of positive outlet enthalpy flow following the simulated charge end state, with linear within-step interpolation at the registered outlet-grade threshold",True,0.08236430833040946,1,1,0,0.90-to-0.10 solid-temperature thickness at charge t50; reported only for a single crossing of each isotherm,-1.3613332683348744e-09,1.4386269953092778e-09,0.9999999999951382,1.0000000000097202,0.0,0.0,0.0010865618244217303,0.00011783999469093056,4.938282006349803e-09,0.450846883476724,0.450846883476724,19.164589033215517,8.071990113482522,8.071990113482522,1.5259970048433318,1.5259970048433318,0.5220301410196464,0.5220301410196464,1.5148001862403704,138.73348949655468,111.55148793749677,773.1499999999997,823.1499999999997,True,AIP_AN_CHENG_SU_ZHANG_2017;TASIDOU_ETAL_REFERENCE_VISCOSITY_2019,Q1_primary_experiment_common_table_domain,1.0,1.0,1.0,1.0,G0125,T1_homogeneous_none,20260821,124,0.0,5.202698794039983,Ceramic_sphere_Weiss2024,Tier_3_hypothetical_common_skeleton,unresolved,False,True,PASS,pooled_material_topology_unit_reference
G0125_T1_homogeneous_none__AIP_LIF_NAK_CARBONATE_RECIPROCAL_2017_V10,V16_conservative_MUSCL_LTNE_effective_particle_resistance,numba,AIP_LIF_NAK_CARBONATE_RECIPROCAL_2017_V10,LiF-Na2CO3-K2CO3 reciprocal salt,fluoride_carbonate,homogeneous,1.0,none,0.5,True,True,charge_end_profile_reversed_for_counterflow,False,1.0719345323014293,1.3595013588866143,0.5749822436857482,0.01218720954801028,0.01218720954801028,0.01218720954801028,0.23606159559215478,21.481605198886086,500.0,550.0,2048,1.3744124473682016,0.45,5.0,525.0,run-wise frozen at the registered transport-property temperature,0.0,0.0,0.0,25.0,initial state and every explicit transient time step,1.226891199345341,1476.6107421041966,1424.6028883593362,0.06294850404243024,0.05130732380835321,52.9108125,0.29320798877188187,1.4652763813886172,2.637726555240693,0.29320798877188187,1.4652763813886172,2.637726555240693,2.760319681269799,0.9400401389981681,0.9400401390030276,0.05917412048977287,0.9,"time integral of positive outlet enthalpy flow following the simulated charge end state, with linear within-step interpolation at the registered outlet-grade threshold",True,0.08336016161438181,1,1,0,0.90-to-0.10 solid-temperature thickness at charge t50; reported only for a single crossing of each isotherm,-1.442557184816451e-09,1.6239676270402015e-09,0.9999999999948305,1.0000000000110714,0.0,0.0,0.0017173742728794038,0.00019367998905243404,8.115758398292966e-09,0.30518834231919223,0.30518834231919223,27.373757098453936,8.18914282951318,8.18914282951318,1.6011710853313355,1.6011710853313355,0.5100212413078474,0.5100212413078474,1.456712418309709,142.21914142780028,111.55148793749677,773.1499999999996,823.1499999999999,True,AIP_AN_CHENG_SU_ZHANG_2017,Q1_primary_experiment_direct_table1_resolution,1.0,1.0,1.0,1.0,G0125,T1_homogeneous_none,20260821,124,0.0,5.202698794039983,Ceramic_sphere_Weiss2024,Tier_3_hypothetical_common_skeleton,unresolved,False,True,PASS,pooled_material_topology_unit_reference
G0126_T1_homogeneous_none__SOLAR_SALT_60_40_V10,V16_conservative_MUSCL_LTNE_effective_particle_resistance,numba,SOLAR_SALT_60_40_V10,Solar Salt (NaNO3-KNO3 60:40 wt%),nitrate,homogeneous,1.0,none,0.5,True,True,charge_end_profile_reversed_for_counterflow,False,0.8245171991794619,1.9964668605226783,0.48936487011461716,0.009830554574467647,0.009830554574467647,0.009830554574467647,0.30138846968067284,23.105947028068783,500.0,550.0,2048,0.6678345805404111,0.45,5.0,525.0,run-wise frozen at the registered transport-property temperature,0.0,0.0,0.0,25.0,initial state and every explicit transient time step,1.0659858153100645,916.0801192544842,1487.109027961661,0.04625583263019689,0.043392540468976504,37.39729638493229,0.20035037416212378,1.0010098323877112,1.8029678578532238,0.20035037416212378,1.0010098323877112,1.8029678578532238,1.862662202412243,0.9280715949053508,0.9280715949150704,0.0429287243627818,0.9,"time integral of positive outlet enthalpy flow following the simulated charge end state, with linear within-step interpolation at the registered outlet-grade threshold",True,0.09954743736375064,1,1,0,0.90-to-0.10 solid-temperature thickness at charge t50; reported only for a single crossing of each isotherm,-2.8908764271307064e-09,2.837596824178945e-09,0.9999999999895272,1.000000000018769,0.0,0.0,0.0030619026950639136,0.0005254952266821028,2.0482843985054698e-08,4.4221477699396825,4.4221477699396825,3.5449440459465764,9.962734041506534,9.962734041506534,1.5223181027667996,1.5223181027667996,0.5226323695997944,0.5226323695997944,0.729364026647478,206.67037760624044,203.08791791950281,773.1499999999999,823.1499999999997,True,ZAVOICO_SANDIA_SOLAR_SALT_2001,Q1_authoritative_design_basis_full_property_vector,1.0,1.0,1.0,1.0,G0126,T1_homogeneous_none,20260821,125,0.0,5.853093602894273,Ceramic_sphere_Weiss2024,Tier_2_unit_pair_partial,direct_source_unit_pair,False,True,PASS,pooled_material_topology_unit_reference
G0127_T1_homogeneous_none__SOLAR_SALT_60_40_V10,V16_conservative_MUSCL_LTNE_effective_particle_resistance,numba,SOLAR_SALT_60_40_V10,Solar Salt (NaNO3-KNO3 60:40 wt%),nitrate,homogeneous,1.0,none,0.5,True,True,charge_end_profile_reversed_for_counterflow,False,0.8826600610600707,1.8185951435498344,0.5161350252720026,0.008498326625046147,0.008498326625046147,0.008498326625046147,0.22767572092812244,17.454759144954508,500.0,550.0,2048,0.9733797869707065,0.45,5.0,525.0,run-wise frozen at the registered transport-property temperature,0.0,0.0,0.0,25.0,initial state and every explicit transient time step,1.1127890927727533,1008.6150279129554,1471.0171682006812,0.047936993965719,0.043078238524313424,37.39729638493229,0.27470940654506176,1.3732766494511408,2.4721142756309766,0.27470940654506176,1.3732766494511408,2.4721142756309766,2.6057281037610833,0.9470207634655086,0.947020763473852,0.04539732862365669,0.9,"time integral of positive outlet enthalpy flow following the simulated charge end state, with linear within-step interpolation at the registered outlet-grade threshold",True,0.07313794410893476,1,1,0,0.90-to-0.10 solid-temperature thickness at charge t50; reported only for a single crossing of each isotherm,-2.574862545401402e-09,2.8202773449947927e-09,0.9999999999911898,1.0000000000194278,0.0,0.0,0.001813879617587596,0.00023516676135247597,1.212756703745554e-08,2.5199459454618216,2.5199459454618216,3.5449440459465764,8.438493832331867,8.438493832331867,1.2894123106695161,1.2894123106695161,0.5638099250543547,0.5638099250543547,0.8118230623960081,330.8834834904577,213.9944984216183,773.1499999999997,823.1499999999997,True,ZAVOICO_SANDIA_SOLAR_SALT_2001,Q1_authoritative_design_basis_full_property_vector,1.0,1.0,1.0,1.0,G0127,T1_homogeneous_none,20260821,126,0.0,5.631505963638052,Ceramic_sphere_Weiss2024,Tier_2_unit_pair_partial,direct_source_unit_pair,False,True,PASS,pooled_material_topology_unit_reference
G0127_T1_homogeneous_none__AIP_FLINAK_2017_V10,V16_conservative_MUSCL_LTNE_effective_particle_resistance,numba,AIP_FLINAK_2017_V10,FLiNaK (LiF-NaF-KF),fluoride,homogeneous,1.0,none,0.5,True,True,charge_end_profile_reversed_for_counterflow,False,0.8826600610600707,1.8185951435498344,0.5161350252720026,0.008498326625046147,0.008498326625046147,0.008498326625046147,0.18568892707398413,17.454759144954508,500.0,550.0,2048,1.4320470311517404,0.45,5.0,525.0,run-wise frozen at the registered transport-property temperature,0.0,0.0,0.0,25.0,initial state and every explicit transient time step,1.1127890927727533,1210.2547528287012,1471.0171682006812,0.05805897455747001,0.05217428435859628,55.02068055555556,0.3329509347427871,1.6631635103458446,2.993773876791089,0.3329509347427871,1.6631635103458446,2.993773876791089,3.199838308667487,0.9606815872103792,0.9606815872195873,0.05577618782967731,0.9,"time integral of positive outlet enthalpy flow following the simulated charge end state, with linear within-step interpolation at the registered outlet-grade threshold",True,0.05433295195871432,1,1,0,0.90-to-0.10 solid-temperature thickness at charge t50; reported only for a single crossing of each isotherm,-3.1642355402539124e-09,-5.098588218288569e-10,0.999999999990415,0.9999999999948745,0.0,0.0,0.006397972907811238,0.0005638035401425544,2.9072168824654967e-08,0.37675143401914374,0.37675143401914374,19.164589033215517,8.611932081781982,8.611932081781982,1.6280721826904843,1.6280721826904843,0.5058569868115211,0.5058569868115211,1.194392688818018,374.8452129880525,213.9944984216183,773.15,823.1499999999997,True,AIP_AN_CHENG_SU_ZHANG_2017;TASIDOU_ETAL_REFERENCE_VISCOSITY_2019,Q1_primary_experiment_common_table_domain,1.0,1.0,1.0,1.0,G0127,T1_homogeneous_none,20260821,126,0.0,5.631505963638052,Ceramic_sphere_Weiss2024,Tier_3_hypothetical_common_skeleton,unresolved,False,True,PASS,pooled_material_topology_unit_reference
G0127_T1_homogeneous_none__AIP_LIF_NAK_CARBONATE_RECIPROCAL_2017_V10,V16_conservative_MUSCL_LTNE_effective_particle_resistance,numba,AIP_LIF_NAK_CARBONATE_RECIPROCAL_2017_V10,LiF-Na2CO3-K2CO3 reciprocal salt,fluoride_carbonate,homogeneous,1.0,none,0.5,True,True,charge_end_profile_reversed_for_counterflow,False,0.8826600610600707,1.8185951435498344,0.5161350252720026,0.008498326625046147,0.008498326625046147,0.008498326625046147,0.19181054005444514,17.454759144954508,500.0,550.0,2048,1.3771537096927178,0.45,5.0,525.0,run-wise frozen at the registered transport-property temperature,0.0,0.0,0.0,25.0,initial state and every explicit transient time step,1.1127890927727533,1202.2138608574116,1471.0171682006812,0.056847173049727355,0.051085307556421496,52.9108125,0.3259263779606104,1.6284842617116417,2.93142468815981,0.3259263779606104,1.6284842617116417,2.93142468815981,3.131632613362765,0.9602290159012681,0.9602290159013185,0.05458630503430879,0.9,"time integral of positive outlet enthalpy flow following the simulated charge end state, with linear within-step interpolation at the registered outlet-grade threshold",True,0.05494243874018028,1,1,0,0.90-to-0.10 solid-temperature thickness at charge t50; reported only for a single crossing of each isotherm,2.9896085607106215e-10,3.2394531501722668e-09,0.9999999999999476,1.000000000022715,0.0,0.0,0.010122937743217972,0.00092762724352439,4.783473402799351e-08,0.2550314748280103,0.2550314748280103,27.373757098453936,8.73600683936454,8.73600683936454,1.708095931852104,1.708095931852104,0.4938618993223965,0.4938618993223965,1.1485915290635187,383.9444029081097,213.9944984216183,773.15,823.1499999999999,True,AIP_AN_CHENG_SU_ZHANG_2017,Q1_primary_experiment_direct_table1_resolution,1.0,1.0,1.0,1.0,G0127,T1_homogeneous_none,20260821,126,0.0,5.631505963638052,Ceramic_sphere_Weiss2024,Tier_3_hypothetical_common_skeleton,unresolved,False,True,PASS,pooled_material_topology_unit_reference
G0130_T1_homogeneous_none__AIP_FLINAK_2017_V10,V16_conservative_MUSCL_LTNE_effective_particle_resistance,numba,AIP_FLINAK_2017_V10,FLiNaK (LiF-NaF-KF),fluoride,homogeneous,1.0,none,0.5,True,True,charge_end_profile_reversed_for_counterflow,False,0.6855878492451463,2.1813363832407076,0.4497030015690293,0.008080294880479124,0.008080294880479124,0.008080294880479124,0.22474276050585812,21.125819487550665,500.0,550.0,2048,0.7460260873091136,0.45,5.0,525.0,run-wise frozen at the registered transport-property temperature,0.0,0.0,0.0,25.0,initial state and every explicit transient time step,0.8052648610227586,763.0713355558092,1210.6443718502514,0.041699424616541615,0.05178348967516055,55.02068055555556,0.19748968366822106,0.9870339594036129,1.776578235139381,0.19748968366822106,0.9870339594036129,1.776578235139381,1.875965546399301,0.9486909462986024,0.9486909462986941,0.0395598665995741,0.9,"time integral of positive outlet enthalpy flow following the simulated charge end state, with linear within-step interpolation at the registered outlet-grade threshold",True,0.07087378142748581,1,1,0,0.90-to-0.10 solid-temperature thickness at charge t50; reported only for a single crossing of each isotherm,4.0445424787094453e-10,3.754285771151444e-09,0.9999999999999033,1.000000000025799,0.0,0.0,0.03350425123771992,0.003573427888925689,1.5224368850852412e-07,0.7186362781924875,0.7186362781924875,19.164589033215517,10.723809507365841,10.723809507365841,2.0273192804606315,2.0273192804606315,0.4511838135071368,0.4511838135071368,0.9150327395324556,313.13944734032634,269.9575220343152,773.15,823.1500000000003,True,AIP_AN_CHENG_SU_ZHANG_2017;TASIDOU_ETAL_REFERENCE_VISCOSITY_2019,Q1_primary_experiment_common_table_domain,1.0,1.0,1.0,1.0,G0130,T1_homogeneous_none,20260821,129,0.0,6.751278253407882,Ceramic_sphere_Weiss2024,Tier_3_hypothetical_common_skeleton,unresolved,False,True,PASS,pooled_material_topology_unit_reference
G0130_T1_homogeneous_none__AIP_LIF_NAK_CARBONATE_RECIPROCAL_2017_V10,V16_conservative_MUSCL_LTNE_effective_particle_resistance,numba,AIP_LIF_NAK_CARBONATE_RECIPROCAL_2017_V10,LiF-Na2CO3-K2CO3 reciprocal salt,fluoride_carbonate,homogeneous,1.0,none,0.5,True,True,charge_end_profile_reversed_for_counterflow,False,0.6855878492451463,2.1813363832407076,0.4497030015690293,0.008080294880479124,0.008080294880479124,0.008080294880479124,0.23215186250055675,21.125819487550665,500.0,550.0,2048,0.7174296723632689,0.45,5.0,525.0,run-wise frozen at the registered transport-property temperature,0.0,0.0,0.0,25.0,initial state and every explicit transient time step,0.8052648610227586,758.0015152049692,1210.6443718502514,0.04093537804470999,0.05083467567766261,52.9108125,0.193905297558187,0.9689286297306771,1.744151247923268,0.193905297558187,0.9689286297306771,1.744151247923268,1.8406064524766366,0.9481633760568859,0.9481633760647741,0.038813426247037146,0.9,"time integral of positive outlet enthalpy flow following the simulated charge end state, with linear within-step interpolation at the registered outlet-grade threshold",True,0.0715814499637908,1,1,0,0.90-to-0.10 solid-temperature thickness at charge t50; reported only for a single crossing of each isotherm,-2.3744450849960685e-09,2.6459501256681506e-09,0.9999999999916807,1.0000000000181977,0.0,0.0,0.05290762668486443,0.005867929855542624,2.500174096130881e-07,0.48646097491172313,0.48646097491172313,27.373757098453936,10.830610494957336,10.830610494957336,2.1176404810664047,2.1176404810664047,0.4404152732859056,0.4404152732859056,0.8799441450724569,319.28368072215665,269.9575220343152,773.1499999999994,823.1499999999997,True,AIP_AN_CHENG_SU_ZHANG_2017,Q1_primary_experiment_direct_table1_resolution,1.0,1.0,1.0,1.0,G0130,T1_homogeneous_none,20260821,129,0.0,6.751278253407882,Ceramic_sphere_Weiss2024,Tier_3_hypothetical_common_skeleton,unresolved,False,True,PASS,pooled_material_topology_unit_reference
G0132_T1_homogeneous_none__SOLAR_SALT_60_40_V10,V16_conservative_MUSCL_LTNE_effective_particle_resistance,numba,SOLAR_SALT_60_40_V10,Solar Salt (NaNO3-KNO3 60:40 wt%),nitrate,homogeneous,1.0,none,0.5,True,True,charge_end_profile_reversed_for_counterflow,False,1.0376116634119081,1.1514688890450255,0.5040463599515043,0.016986151297813133,0.016986151297813133,0.016986151297813133,0.2875997893693473,22.04883785200101,500.0,550.0,2048,0.6584209832333694,0.45,5.0,525.0,run-wise frozen at the registered transport-property temperature,0.0,0.0,0.0,25.0,initial state and every explicit transient time step,0.9736699786719273,861.8496412834926,1319.2696047904712,0.042082180670638084,0.043220168632535645,37.39729638493229,0.19094208513767486,0.954344636253338,1.7336590277972757,0.19094208513767486,0.954344636253338,1.7336590277972757,1.6728165659166307,0.8725146306345096,0.8725146306434333,0.03671731832413649,0.9,"time integral of positive outlet enthalpy flow following the simulated charge end state, with linear within-step interpolation at the registered outlet-grade threshold",True,0.17838042970995052,1,1,0,0.90-to-0.10 solid-temperature thickness at charge t50; reported only for a single crossing of each isotherm,-2.0653256882496862e-09,2.0333956740614667e-09,0.9999999999897725,1.0000000000108373,0.0,0.0,0.0003097028790322108,5.072062113589448e-05,2.0895367427829513e-09,4.604069805247041,4.604069805247041,3.5449440459465764,9.796219846019486,9.796219846019486,1.4968745274287942,1.4968745274287942,0.5268357718171615,0.5268357718171615,0.7734845440286297,63.786980929154076,67.78868672818606,773.1499999999997,823.1499999999997,True,ZAVOICO_SANDIA_SOLAR_SALT_2001,Q1_authoritative_design_basis_full_property_vector,1.0,1.0,1.0,1.0,G0132,T1_homogeneous_none,20260821,131,0.0,5.591918668672424,Ceramic_sphere_Weiss2024,Tier_2_unit_pair_partial,direct_source_unit_pair,False,True,PASS,pooled_material_topology_unit_reference
G0132_T1_homogeneous_none__AIP_FLINAK_2017_V10,V16_conservative_MUSCL_LTNE_effective_particle_resistance,numba,AIP_FLINAK_2017_V10,FLiNaK (LiF-NaF-KF),fluoride,homogeneous,1.0,none,0.5,True,True,charge_end_profile_reversed_for_counterflow,False,1.0376116634119081,1.1514688890450255,0.5040463599515043,0.016986151297813133,0.016986151297813133,0.016986151297813133,0.2345621048085214,22.04883785200101,500.0,550.0,2048,0.9687317448995828,0.45,5.0,525.0,run-wise frozen at the registered transport-property temperature,0.0,0.0,0.0,25.0,initial state and every explicit transient time step,0.9736699786719273,1034.1484071929524,1319.2696047904712,0.05073129366286679,0.05210317127376526,55.02068055555556,0.23034288156501484,1.1506380392196964,2.0779295928098382,0.23034288156501484,1.1506380392196964,2.0779295928098382,2.0781373855897893,0.9000849323480516,0.9000849323499649,0.0456624730244706,0.9,"time integral of positive outlet enthalpy flow following the simulated charge end state, with linear within-step interpolation at the registered outlet-grade threshold",True,0.1397844209063923,1,1,0,0.90-to-0.10 solid-temperature thickness at charge t50; reported only for a single crossing of each isotherm,1.5096812688852879e-10,3.192512920691115e-09,0.9999999999978744,1.0000000000213793,0.0,0.0,0.0010528960666928364,0.00011720408487576257,4.800623417569294e-09,0.6883440911004026,0.6883440911004026,19.164589033215517,9.720773976134483,9.720773976134483,1.8376969946436672,1.8376969946436672,0.475597520048326,0.475597520048326,1.1379872377299887,70.69437839022955,67.78868672818606,773.15,823.15,True,AIP_AN_CHENG_SU_ZHANG_2017;TASIDOU_ETAL_REFERENCE_VISCOSITY_2019,Q1_primary_experiment_common_table_domain,1.0,1.0,1.0,1.0,G0132,T1_homogeneous_none,20260821,131,0.0,5.591918668672424,Ceramic_sphere_Weiss2024,Tier_3_hypothetical_common_skeleton,unresolved,False,True,PASS,pooled_material_topology_unit_reference
G0133_T1_homogeneous_none__SOLAR_SALT_60_40_V10,V16_conservative_MUSCL_LTNE_effective_particle_resistance,numba,SOLAR_SALT_60_40_V10,Solar Salt (NaNO3-KNO3 60:40 wt%),nitrate,homogeneous,1.0,none,0.5,True,True,charge_end_profile_reversed_for_counterflow,False,0.8087641004978042,1.0998214514209352,0.5726861132301003,0.01651240975147505,0.01651240975147505,0.01651240975147505,0.24771389978893918,18.990986127319022,500.0,550.0,2048,0.5040165641128899,0.45,5.0,525.0,run-wise frozen at the registered transport-property temperature,0.0,0.0,0.0,25.0,initial state and every explicit transient time step,0.5650095630009153,568.2267745989496,659.6043333935246,0.023964477096018896,0.04241428581976067,37.39729638493229,0.12628415023050643,0.6310007373490975,1.1513978397958156,0.12628415023050643,0.6310007373490975,1.1513978397958156,1.0860695975629315,0.8564223763964365,0.8564223764040473,0.020523714423670476,0.9,"time integral of positive outlet enthalpy flow following the simulated charge end state, with linear within-step interpolation at the registered outlet-grade threshold",True,0.20249370583127774,1,1,0,0.90-to-0.10 solid-temperature thickness at charge t50; reported only for a single crossing of each isotherm,-1.489874890125975e-09,1.627431522877032e-09,0.9999999999911132,1.0000000000074694,0.0,0.0,0.00023777849345554228,3.3540822219583814e-05,1.6115031466728668e-09,6.345197436439448,6.345197436439448,3.5449440459465764,9.352488951130317,9.352488951130317,1.42907189702308,1.42907189702308,0.5383744887941058,0.5383744887941058,1.019980537284161,38.22672899557675,66.60575094575087,773.1499999999999,823.1499999999999,True,ZAVOICO_SANDIA_SOLAR_SALT_2001,Q1_authoritative_design_basis_full_property_vector,1.0,1.0,1.0,1.0,G0133,T1_homogeneous_none,20260821,132,0.0,6.764294930839333,Ceramic_sphere_Weiss2024,Tier_2_unit_pair_partial,direct_source_unit_pair,False,True,PASS,pooled_material_topology_unit_reference
G0133_T1_homogeneous_none__AIP_FLINAK_2017_V10,V16_conservative_MUSCL_LTNE_effective_particle_resistance,numba,AIP_FLINAK_2017_V10,FLiNaK (LiF-NaF-KF),fluoride,homogeneous,1.0,none,0.5,True,True,charge_end_profile_reversed_for_counterflow,False,0.8087641004978042,1.0998214514209352,0.5726861132301003,0.01651240975147505,0.01651240975147505,0.01651240975147505,0.20203176731190448,18.990986127319022,500.0,550.0,2048,0.7415220519796624,0.45,5.0,525.0,run-wise frozen at the registered transport-property temperature,0.0,0.0,0.0,25.0,initial state and every explicit transient time step,0.5650095630009153,681.8252114148066,659.6043333935246,0.029666930683395147,0.052506953202395776,55.02068055555556,0.15633756595904477,0.7812758730997145,1.4132174440646368,0.15633756595904477,0.7812758730997145,1.4132174440646368,1.3958004108028434,0.8902316090704573,0.8902316090754919,0.02641043943846058,0.9,"time integral of positive outlet enthalpy flow following the simulated charge end state, with linear within-step interpolation at the registered outlet-grade threshold",True,0.15488526268665784,1,1,0,0.90-to-0.10 solid-temperature thickness at charge t50; reported only for a single crossing of each isotherm,-1.1638467967145516e-09,1.2911671731785646e-09,0.9999999999943446,1.0000000000072908,0.0,0.0,0.0007709300331080782,7.391524532260019e-05,3.521035431234614e-09,0.9486561557474384,0.9486561557474384,19.164589033215517,9.212964120714428,9.212964120714428,1.7416963420776288,1.7416963420776288,0.48899329748350295,0.48899329748350295,1.5006438630522771,42.315934145391765,66.60575094575087,773.1499999999996,823.1499999999999,True,AIP_AN_CHENG_SU_ZHANG_2017;TASIDOU_ETAL_REFERENCE_VISCOSITY_2019,Q1_primary_experiment_common_table_domain,1.0,1.0,1.0,1.0,G0133,T1_homogeneous_none,20260821,132,0.0,6.764294930839333,Ceramic_sphere_Weiss2024,Tier_3_hypothetical_common_skeleton,unresolved,False,True,PASS,pooled_material_topology_unit_reference
G0133_T1_homogeneous_none__AIP_LIF_NAK_CARBONATE_RECIPROCAL_2017_V10,V16_conservative_MUSCL_LTNE_effective_particle_resistance,numba,AIP_LIF_NAK_CARBONATE_RECIPROCAL_2017_V10,LiF-Na2CO3-K2CO3 reciprocal salt,fluoride_carbonate,homogeneous,1.0,none,0.5,True,True,charge_end_profile_reversed_for_counterflow,False,0.8087641004978042,1.0998214514209352,0.5726861132301003,0.01651240975147505,0.01651240975147505,0.01651240975147505,0.20869215524526397,18.990986127319022,500.0,550.0,2048,0.7130897099287151,0.45,5.0,525.0,run-wise frozen at the registered transport-property temperature,0.0,0.0,0.0,25.0,initial state and every explicit transient time step,0.5650095630009153,677.2951875867869,659.6043333935246,0.028984234071563416,0.0512986610662313,52.9108125,0.1527200462097346,0.7632040700986779,1.3810170715618881,0.1527200462097346,0.7632040700986779,1.3810170715618881,1.3614550315757485,0.8887237885686533,0.8887237885737841,0.02575897831284048,0.9,"time integral of positive outlet enthalpy flow following the simulated charge end state, with linear within-step interpolation at the registered outlet-grade threshold",True,0.15688362848134266,1,1,0,0.90-to-0.10 solid-temperature thickness at charge t50; reported only for a single crossing of each isotherm,-1.1912471009623005e-09,1.3235190721161416e-09,0.9999999999942268,1.0000000000074072,0.0,0.0,0.0012133530436897965,0.00012097281009042463,5.764013481163523e-09,0.6421665763126105,0.6421665763126105,27.373757098453936,9.309078155762279,9.309078155762279,1.820144926570074,1.820144926570074,0.4779916041060113,0.4779916041060113,1.4430989450787068,43.226972944212044,66.60575094575087,773.1499999999996,823.1499999999999,True,AIP_AN_CHENG_SU_ZHANG_2017,Q1_primary_experiment_direct_table1_resolution,1.0,1.0,1.0,1.0,G0133,T1_homogeneous_none,20260821,132,0.0,6.764294930839333,Ceramic_sphere_Weiss2024,Tier_3_hypothetical_common_skeleton,unresolved,False,True,PASS,pooled_material_topology_unit_reference
G0134_T1_homogeneous_none__AIP_FLINAK_2017_V10,V16_conservative_MUSCL_LTNE_effective_particle_resistance,numba,AIP_FLINAK_2017_V10,FLiNaK (LiF-NaF-KF),fluoride,homogeneous,1.0,none,0.5,True,True,charge_end_profile_reversed_for_counterflow,False,1.0788731839371053,2.14497272480169,0.5662512965056532,0.011892605351488067,0.011892605351488067,0.011892605351488067,0.2184567741783325,20.534936772763256,500.0,550.0,2048,2.353308105691914,0.45,5.0,525.0,run-wise frozen at the registered transport-property temperature,0.0,0.0,0.0,25.0,initial state and every explicit transient time step,1.9608864822321934,2339.711270645019,2323.6533403128406,0.10288594811830234,0.052469099588662145,55.02068055555556,0.5013853658515793,2.5056194358660298,4.5098535058804865,0.5013853658515793,2.5056194358660298,4.5098535058804865,4.798451198641364,0.9562800839652317,0.9562800839654919,0.09838778310541264,0.9,"time integral of positive outlet enthalpy flow following the simulated charge end state, with linear within-step interpolation at the registered outlet-grade threshold",True,0.0605738313889214,1,1,0,0.90-to-0.10 solid-temperature thickness at charge t50; reported only for a single crossing of each isotherm,-4.728439861878542e-11,2.8619329128787285e-10,0.9999999999997279,1.000000000001483,0.0,0.0,0.0018503442171412734,0.00019183040269375566,8.408602243021002e-09,0.415168281929666,0.415168281929666,19.164589033215517,8.075762654017717,8.075762654017717,1.526710197683811,1.526710197683811,0.5219135534150809,0.5219135534150809,1.461769885774052,248.6523974725924,180.36188550840117,773.15,823.1499999999999,True,AIP_AN_CHENG_SU_ZHANG_2017;TASIDOU_ETAL_REFERENCE_VISCOSITY_2019,Q1_primary_experiment_common_table_domain,1.0,1.0,1.0,1.0,G0134,T1_homogeneous_none,20260821,133,0.0,4.639984780983611,Ceramic_sphere_Weiss2024,Tier_3_hypothetical_common_skeleton,unresolved,False,True,PASS,pooled_material_topology_unit_reference
G0135_T1_homogeneous_none__SOLAR_SALT_60_40_V10,V16_conservative_MUSCL_LTNE_effective_particle_resistance,numba,SOLAR_SALT_60_40_V10,Solar Salt (NaNO3-KNO3 60:40 wt%),nitrate,homogeneous,1.0,none,0.5,True,True,charge_end_profile_reversed_for_counterflow,False,0.812629103567639,1.2380805770260794,0.4490859619621066,0.019523763712168185,0.019523763712168185,0.019523763712168185,0.26486433930275166,20.305824572645456,500.0,550.0,2048,0.4200932698647463,0.45,5.0,525.0,run-wise frozen at the registered transport-property temperature,0.0,0.0,0.0,25.0,initial state and every explicit transient time step,0.6421308511432897,506.4099831356998,966.469315215426,0.028167355809264338,0.04386544542925079,37.39729638493229,0.138747471630331,0.6936206655766403,1.277200232963611,0.138747471630331,0.6936206655766403,1.277200232963611,1.1595450750998357,0.8308369274996537,0.8308369275039632,0.0234024793563587,0.9,"time integral of positive outlet enthalpy flow following the simulated charge end state, with linear within-step interpolation at the registered outlet-grade threshold",True,0.23780263244179173,1,1,0,0.90-to-0.10 solid-temperature thickness at charge t50; reported only for a single crossing of each isotherm,1.0772494007937894e-09,4.98097119105978e-09,0.9999999999948129,1.0000000000287275,0.0,0.0,0.0006960097397763617,0.000104975889684042,4.759950904441055e-09,7.945666380930089,7.945666380930089,3.5449440459465764,12.415536930547162,12.415536930547162,1.8971094225941647,1.8971094225941647,0.467668738136787,0.467668738136787,0.6203944156656526,43.21003241814737,63.41403201138138,773.15,823.1499999999999,True,ZAVOICO_SANDIA_SOLAR_SALT_2001,Q1_authoritative_design_basis_full_property_vector,1.0,1.0,1.0,1.0,G0135,T1_homogeneous_none,20260821,134,0.0,6.537698531088173,Ceramic_sphere_Weiss2024,Tier_2_unit_pair_partial,direct_source_unit_pair,False,True,PASS,pooled_material_topology_unit_reference
G0137_T1_homogeneous_none__SOLAR_SALT_60_40_V10,V16_conservative_MUSCL_LTNE_effective_particle_resistance,numba,SOLAR_SALT_60_40_V10,Solar Salt (NaNO3-KNO3 60:40 wt%),nitrate,homogeneous,1.0,none,0.5,True,True,charge_end_profile_reversed_for_counterflow,False,0.8582052196360179,1.1045380773464042,0.527376092393426,0.019405950551571398,0.019405950551571398,0.019405950551571398,0.1177172922973727,9.024796213978078,500.0,550.0,2048,1.104459377895481,0.45,5.0,525.0,run-wise frozen at the registered transport-property temperature,0.0,0.0,0.0,25.0,initial state and every explicit transient time step,0.638929406295465,591.7285959838742,824.9910902639195,0.02743962831650675,0.04294625986241997,37.39729638493229,0.3043399174645362,1.5204724102360754,2.7547057650339415,0.3043399174645362,1.5204724102360754,2.7547057650339415,2.69648911226786,0.8832221223473333,0.8832221223561115,0.024235286758127077,0.9,"time integral of positive outlet enthalpy flow following the simulated charge end state, with linear within-step interpolation at the registered outlet-grade threshold",True,0.16326808414082586,1,1,0,0.90-to-0.10 solid-temperature thickness at charge t50; reported only for a single crossing of each isotherm,-2.1261881144596373e-09,2.2570834090629432e-09,0.9999999999900613,1.0000000000127431,0.0,0.0,0.00010499436609620441,7.03812566671844e-06,7.065680746659203e-10,3.147175189220176,3.147175189220176,3.5449440459465764,8.655182980849522,8.655182980849522,1.3225226809842565,1.3225226809842565,0.5575647685137207,0.5575647685137207,0.8492332518468501,69.81584242644192,56.91749416814649,773.1499999999996,823.1499999999999,True,ZAVOICO_SANDIA_SOLAR_SALT_2001,Q1_authoritative_design_basis_full_property_vector,1.0,1.0,1.0,1.0,G0137,T1_homogeneous_none,20260821,136,0.0,6.471601535130244,Ceramic_sphere_Weiss2024,Tier_2_unit_pair_partial,direct_source_unit_pair,False,True,PASS,pooled_material_topology_unit_reference
G0140_T1_homogeneous_none__SOLAR_SALT_60_40_V10,V16_conservative_MUSCL_LTNE_effective_particle_resistance,numba,SOLAR_SALT_60_40_V10,Solar Salt (NaNO3-KNO3 60:40 wt%),nitrate,homogeneous,1.0,none,0.5,True,True,charge_end_profile_reversed_for_counterflow,False,0.9860393334290563,1.2785357095202317,0.5147037558644055,0.010915611493300314,0.010915611493300314,0.010915611493300314,0.30018532278950233,23.013707771657195,500.0,550.0,2048,0.6459213410981637,0.45,5.0,525.0,run-wise frozen at the registered transport-property temperature,0.0,0.0,0.0,25.0,initial state and every explicit transient time step,0.9763178343468542,882.4656366306842,1294.4308289449557,0.042074458773360184,0.043095042713736285,37.39729638493229,0.18283162404973397,0.9141581202485709,1.6481759553686322,0.18283162404973397,0.9141581202485709,1.6481759553686322,1.678812903443764,0.9155270667909703,0.9155270668001689,0.038520305827592055,0.9,"time integral of positive outlet enthalpy flow following the simulated charge end state, with linear within-step interpolation at the registered outlet-grade threshold",True,0.11728340958651111,1,1,0,0.90-to-0.10 solid-temperature thickness at charge t50; reported only for a single crossing of each isotherm,-2.5957125338038622e-09,2.522271280724908e-09,0.9999999999899526,1.0000000000163909,0.0,0.0,0.0008450934177885917,0.00014445910848251932,5.658873247007244e-09,3.4196139711470335,3.4196139711470335,3.5449440459465764,9.002331557184021,9.002331557184021,1.3755674134745577,1.3755674134745577,0.5478430070671281,0.5478430070671281,0.8071841890897924,138.75467743876277,117.12909627692042,773.1499999999999,823.1499999999999,True,ZAVOICO_SANDIA_SOLAR_SALT_2001,Q1_authoritative_design_basis_full_property_vector,1.0,1.0,1.0,1.0,G0140,T1_homogeneous_none,20260821,139,0.0,5.620922816095305,Ceramic_sphere_Weiss2024,Tier_2_unit_pair_partial,direct_source_unit_pair,False,True,PASS,pooled_material_topology_unit_reference
G0140_T1_homogeneous_none__AIP_FLINAK_2017_V10,V16_conservative_MUSCL_LTNE_effective_particle_resistance,numba,AIP_FLINAK_2017_V10,FLiNaK (LiF-NaF-KF),fluoride,homogeneous,1.0,none,0.5,True,True,charge_end_profile_reversed_for_counterflow,False,0.9860393334290563,1.2785357095202317,0.5147037558644055,0.010915611493300314,0.010915611493300314,0.010915611493300314,0.24482667842188505,23.013707771657195,500.0,550.0,2048,0.9503008276062177,0.45,5.0,525.0,run-wise frozen at the registered transport-property temperature,0.0,0.0,0.0,25.0,initial state and every explicit transient time step,0.9763178343468542,1058.885899360664,1294.4308289449557,0.050930464087246774,0.05216586473739742,55.02068055555556,0.22147288732267512,1.106572519256942,1.9924640685474642,0.22147288732267512,1.106572519256942,1.9924640685474642,2.0741685872138733,0.9351347574449941,0.9351347574546066,0.047626847180788495,0.9,"time integral of positive outlet enthalpy flow following the simulated charge end state, with linear within-step interpolation at the registered outlet-grade threshold",True,0.09004972948422545,1,1,0,0.90-to-0.10 solid-temperature thickness at charge t50; reported only for a single crossing of each isotherm,-3.24427151809914e-09,-6.17328410612572e-10,0.9999999999897208,0.9999999999938087,0.0,0.0,0.002931045627324672,0.00034054986664177857,1.3322740819129554e-08,0.5112587711421854,0.5112587711421854,19.164589033215517,9.07294270049523,9.07294270049523,1.7152255133396805,1.7152255133396805,0.4928207577166279,0.4928207577166279,1.187567757847291,155.63950854811438,117.12909627692042,773.1499999999988,823.1499999999997,True,AIP_AN_CHENG_SU_ZHANG_2017;TASIDOU_ETAL_REFERENCE_VISCOSITY_2019,Q1_primary_experiment_common_table_domain,1.0,1.0,1.0,1.0,G0140,T1_homogeneous_none,20260821,139,0.0,5.620922816095305,Ceramic_sphere_Weiss2024,Tier_3_hypothetical_common_skeleton,unresolved,False,True,PASS,pooled_material_topology_unit_reference
G0142_T1_homogeneous_none__SOLAR_SALT_60_40_V10,V16_conservative_MUSCL_LTNE_effective_particle_resistance,numba,SOLAR_SALT_60_40_V10,Solar Salt (NaNO3-KNO3 60:40 wt%),nitrate,homogeneous,1.0,none,0.5,True,True,charge_end_profile_reversed_for_counterflow,False,1.0430178617256298,1.086531905354817,0.4544624037122134,0.009006428012047322,0.009006428012047322,0.009006428012047322,0.30515884895059114,23.395003154797067,500.0,550.0,2048,0.5334714712477073,0.45,5.0,525.0,run-wise frozen at the registered transport-property temperature,0.0,0.0,0.0,25.0,initial state and every explicit transient time step,0.928358795988542,740.9059128181632,1383.6340383855738,0.040664270840516444,0.043802321921467886,37.39729638493229,0.17382278771487816,0.8691139385742663,1.5655905815923237,0.17382278771487816,0.8691139385742663,1.5655905815923237,1.6137634363417812,0.9259804946802167,0.9259804946906838,0.037654321628711726,0.9,"time integral of positive outlet enthalpy flow following the simulated charge end state, with linear within-step interpolation at the registered outlet-grade threshold",True,0.1023839002115035,1,1,0,0.90-to-0.10 solid-temperature thickness at charge t50; reported only for a single crossing of each isotherm,-3.0035196552091747e-09,3.199662756969701e-09,0.9999999999886963,1.000000000020719,0.0,0.0,0.0017149370226012264,0.0002980059266782895,1.1473346562539697e-08,2.5634396421105334,2.5634396421105334,3.5449440459465764,9.417803811307813,9.417803811307813,1.439052088566249,1.439052088566249,0.536644428558913,0.536644428558913,0.6340091339528003,219.61885400467682,120.63960361437775,773.1499999999992,823.1499999999997,True,ZAVOICO_SANDIA_SOLAR_SALT_2001,Q1_authoritative_design_basis_full_property_vector,1.0,1.0,1.0,1.0,G0142,T1_homogeneous_none,20260821,141,0.0,5.675744478832444,Ceramic_sphere_Weiss2024,Tier_2_unit_pair_partial,direct_source_unit_pair,False,True,PASS,pooled_material_topology_unit_reference
G0143_T1_homogeneous_none__SOLAR_SALT_60_40_V10,V16_conservative_MUSCL_LTNE_effective_particle_resistance,numba,SOLAR_SALT_60_40_V10,Solar Salt (NaNO3-KNO3 60:40 wt%),nitrate,homogeneous,1.0,none,0.5,True,True,charge_end_profile_reversed_for_counterflow,False,0.7677515944213668,1.1179211219535912,0.5742865761248488,0.01231498977133105,0.01231498977133105,0.01231498977133105,0.255606987867847,19.59610972488849,500.0,550.0,2048,0.44866346873723895,0.45,5.0,525.0,run-wise frozen at the registered transport-property temperature,0.0,0.0,0.0,25.0,initial state and every explicit transient time step,0.5175383027133438,521.9397881170056,601.9224437442149,0.021941292613155687,0.042395495170351905,37.39729638493229,0.11204123844299603,0.5599569347323832,1.0141040680876063,0.11204123844299603,0.5599569347323832,1.0141040680876063,0.9947419274917342,0.8848739681508128,0.8848739681630156,0.01941527866096119,0.9,"time integral of positive outlet enthalpy flow following the simulated charge end state, with linear within-step interpolation at the registered outlet-grade threshold",True,0.16135432717444706,1,1,0,0.90-to-0.10 solid-temperature thickness at charge t50; reported only for a single crossing of each isotherm,-3.879974119769258e-09,-4.5146109073357366e-10,0.9999999999862096,0.9999999999921114,0.0,0.0,0.00047938866198866736,6.977683042475982e-05,3.225013623380635e-09,5.418678215745065,5.418678215745065,3.5449440459465764,8.98450225480807,8.98450225480807,1.3728430739856645,1.3728430739856645,0.5483340436043384,0.5483340436043384,1.0266763530812153,59.46784319111131,90.777267599205,773.1499999999987,823.1499999999996,True,ZAVOICO_SANDIA_SOLAR_SALT_2001,Q1_authoritative_design_basis_full_property_vector,1.0,1.0,1.0,1.0,G0143,T1_homogeneous_none,20260821,142,0.0,6.999053473638547,Ceramic_sphere_Weiss2024,Tier_2_unit_pair_partial,direct_source_unit_pair,False,True,PASS,pooled_material_topology_unit_reference
G0143_T1_homogeneous_none__NREL_MGCL2_KCL_NACL_BASELINE_V10,V16_conservative_MUSCL_LTNE_effective_particle_resistance,numba,NREL_MGCL2_KCL_NACL_BASELINE_V10,Purified MgCl2-KCl-NaCl baseline (NREL),chloride,homogeneous,1.0,none,0.5,True,True,charge_end_profile_reversed_for_counterflow,False,0.7677515944213668,1.1179211219535912,0.5742865761248488,0.01231498977133105,0.01231498977133105,0.01231498977133105,0.374211690705887,19.59610972488849,500.0,550.0,2048,0.29072424385440165,0.45,5.0,525.0,run-wise frozen at the registered transport-property temperature,0.0,0.0,0.0,25.0,initial state and every explicit transient time step,0.5175383027133438,494.9838464945059,601.9224437442149,0.018028474696955107,0.034835053951438245,24.232368745617165,0.09206267722056251,0.46007111589954497,0.840273821473732,0.09206267722056251,0.46007111589954497,0.840273821473732,0.7893034687601838,0.8534435471359431,0.8534435471443118,0.015386285394819963,0.9,"time integral of positive outlet enthalpy flow following the simulated charge end state, with linear within-step interpolation at the registered outlet-grade threshold",True,0.2054059789028787,1,1,0,0.90-to-0.10 solid-temperature thickness at charge t50; reported only for a single crossing of each isotherm,-1.7148393816057705e-09,1.864108867266623e-09,0.9999999999901941,1.0000000000087361,0.0,0.0,0.0017813431611051352,0.0004002626604606819,1.8655501419393178e-08,3.1145329505176638,3.1145329505176638,7.464421665217784,9.4002794046557,9.4002794046557,1.1868102509461385,1.1868102509461385,0.5840827575577469,0.5840827575577469,0.665256646207541,54.761048522258974,90.777267599205,773.15,823.1499999999997,True,NREL_ZHAO_CHLORIDE_2020,Q1_official_lab_measured_correlations,1.0,1.0,1.0,1.0,G0143,T1_homogeneous_none,20260821,142,0.0,6.999053473638547,Ceramic_sphere_Weiss2024,Tier_3_hypothetical_common_skeleton,unresolved,False,True,PASS,pooled_material_topology_unit_reference
G0143_T1_homogeneous_none__AIP_FLINAK_2017_V10,V16_conservative_MUSCL_LTNE_effective_particle_resistance,numba,AIP_FLINAK_2017_V10,FLiNaK (LiF-NaF-KF),fluoride,homogeneous,1.0,none,0.5,True,True,charge_end_profile_reversed_for_counterflow,False,0.7677515944213668,1.1179211219535912,0.5742865761248488,0.01231498977133105,0.01231498977133105,0.01231498977133105,0.20846925239243075,19.59610972488849,500.0,550.0,2048,0.6600654220100676,0.45,5.0,525.0,run-wise frozen at the registered transport-property temperature,0.0,0.0,0.0,25.0,initial state and every explicit transient time step,0.5175383027133438,626.2846495219244,601.9224437442149,0.027179232024305226,0.052516368125432,55.02068055555556,0.1387970901282274,0.6936187476289561,1.2506406232030522,0.1387970901282274,0.6936187476289561,1.2506406232030522,1.2695950682331705,0.9126682857121817,0.9126682857169928,0.02480562309859628,0.9,"time integral of positive outlet enthalpy flow following the simulated charge end state, with linear within-step interpolation at the registered outlet-grade threshold",True,0.12241759451411859,1,1,0,0.90-to-0.10 solid-temperature thickness at charge t50; reported only for a single crossing of each isotherm,-1.2821299577581158e-09,1.4380496793364728e-09,0.9999999999947286,1.000000000009091,0.0,0.0,0.0015820396237161104,0.0001565160072662688,7.202016476907561e-09,0.8101343570272934,0.8101343570272934,19.164589033215517,8.928106786168767,8.928106786168767,1.6878445120811731,1.6878445120811731,0.4968433783216052,0.4968433783216052,1.5104950656161344,66.24727556913453,90.777267599205,773.1499999999996,823.1499999999997,True,AIP_AN_CHENG_SU_ZHANG_2017;TASIDOU_ETAL_REFERENCE_VISCOSITY_2019,Q1_primary_experiment_common_table_domain,1.0,1.0,1.0,1.0,G0143,T1_homogeneous_none,20260821,142,0.0,6.999053473638547,Ceramic_sphere_Weiss2024,Tier_3_hypothetical_common_skeleton,unresolved,False,True,PASS,pooled_material_topology_unit_reference
G0143_T1_homogeneous_none__AIP_LINAK_CARBONATE_2017_V10,V16_conservative_MUSCL_LTNE_effective_particle_resistance,numba,AIP_LINAK_CARBONATE_2017_V10,Li2CO3-Na2CO3-K2CO3 eutectic,carbonate,homogeneous,1.0,none,0.5,True,True,charge_end_profile_reversed_for_counterflow,False,0.7677515944213668,1.1179211219535912,0.5742865761248488,0.01231498977133105,0.01231498977133105,0.01231498977133105,0.2434299344706645,19.59610972488849,500.0,550.0,2048,0.5478302593084422,0.45,5.0,525.0,run-wise frozen at the registered transport-property temperature,0.0,0.0,0.0,25.0,initial state and every explicit transient time step,0.5175383027133438,606.9582246473111,601.9224437442149,0.02439850425459624,0.04714337881211893,45.664743055555554,0.1246313839926726,0.6225482196752441,1.1251824825905952,0.1246313839926726,0.6225482196752441,1.1251824825905952,1.1196180501368493,0.8960487634730968,0.8960487634791335,0.021862249567924055,0.9,"time integral of positive outlet enthalpy flow following the simulated charge end state, with linear within-step interpolation at the registered outlet-grade threshold",True,0.14580415015810635,1,1,0,0.90-to-0.10 solid-temperature thickness at charge t50; reported only for a single crossing of each isotherm,-1.4662493441619517e-09,1.5619505688846402e-09,0.9999999999932631,1.0000000000090925,0.0,0.0,0.004589961179283199,0.0005471360816275999,2.5232199819161458e-08,0.38842234707308215,0.38842234707308215,56.93282447382672,10.073081057999099,10.073081057999099,1.3369803110342555,1.3369803110342555,0.554881009332988,0.554881009332988,1.2536444180910926,58.60584789167401,90.777267599205,773.1499999999997,823.1499999999999,True,AIP_AN_CHENG_SU_ZHANG_2017;TASIDOU_ETAL_REFERENCE_VISCOSITY_2019,Q1_primary_experiment_common_table_domain,1.0,1.0,1.0,1.0,G0143,T1_homogeneous_none,20260821,142,0.0,6.999053473638547,Ceramic_sphere_Weiss2024,Tier_3_hypothetical_common_skeleton,unresolved,False,True,PASS,pooled_material_topology_unit_reference
G0143_T1_homogeneous_none__AIP_LIF_NAK_CARBONATE_RECIPROCAL_2017_V10,V16_conservative_MUSCL_LTNE_effective_particle_resistance,numba,AIP_LIF_NAK_CARBONATE_RECIPROCAL_2017_V10,LiF-Na2CO3-K2CO3 reciprocal salt,fluoride_carbonate,homogeneous,1.0,none,0.5,True,True,charge_end_profile_reversed_for_counterflow,False,0.7677515944213668,1.1179211219535912,0.5742865761248488,0.01231498977133105,0.01231498977133105,0.01231498977133105,0.21534186510866474,19.59610972488849,500.0,550.0,2048,0.6347666444496848,0.45,5.0,525.0,run-wise frozen at the registered transport-property temperature,0.0,0.0,0.0,25.0,initial state and every explicit transient time step,0.5175383027133438,622.1236353236225,601.9224437442149,0.026552146957468763,0.0513046992237318,52.9108125,0.13559320821717147,0.6776133929500556,1.22192579056583,0.13559320821717147,0.6776133929500556,1.22192579056583,1.2387514680960265,0.9114846438201374,0.9114846438253008,0.024201874212188362,0.9,"time integral of positive outlet enthalpy flow following the simulated charge end state, with linear within-step interpolation at the registered outlet-grade threshold",True,0.12398800261474544,1,1,0,0.90-to-0.10 solid-temperature thickness at charge t50; reported only for a single crossing of each isotherm,-1.341715627489748e-09,1.4891865518507075e-09,0.9999999999943351,1.0000000000091787,0.0,0.0,0.0024928046882107817,0.0002564550077804929,1.1802020703964143e-08,0.5483980715811001,0.5483980715811001,27.373757098453936,9.030731176983712,9.030731176983712,1.7657215096889605,1.7657215096889605,0.485570565167331,0.485570565167331,1.4525723853650265,67.73149167063283,90.777267599205,773.1499999999997,823.1499999999997,True,AIP_AN_CHENG_SU_ZHANG_2017,Q1_primary_experiment_direct_table1_resolution,1.0,1.0,1.0,1.0,G0143,T1_homogeneous_none,20260821,142,0.0,6.999053473638547,Ceramic_sphere_Weiss2024,Tier_3_hypothetical_common_skeleton,unresolved,False,True,PASS,pooled_material_topology_unit_reference
G0144_T1_homogeneous_none__SOLAR_SALT_60_40_V10,V16_conservative_MUSCL_LTNE_effective_particle_resistance,numba,SOLAR_SALT_60_40_V10,Solar Salt (NaNO3-KNO3 60:40 wt%),nitrate,homogeneous,1.0,none,0.5,True,True,charge_end_profile_reversed_for_counterflow,False,0.6559662173445461,1.6199074761052898,0.4790028346055991,0.008807233149252207,0.008807233149252207,0.008807233149252207,0.23160776336765856,17.756209178581543,500.0,550.0,2048,0.43686743514225856,0.45,5.0,525.0,run-wise frozen at the registered transport-property temperature,0.0,0.0,0.0,25.0,initial state and every explicit transient time step,0.5474482075756555,460.5007740335572,779.2182105964469,0.023821770045401335,0.043514198632405326,37.39729638493229,0.13421538424092386,0.6708342170739348,1.2089092746907888,0.13421538424092386,0.6708342170739348,1.2089092746907888,1.2391335646776345,0.9210278553577905,0.9210278553740663,0.021940513775742448,0.9,"time integral of positive outlet enthalpy flow following the simulated charge end state, with linear within-step interpolation at the registered outlet-grade threshold",True,0.1094030933926713,1,1,0,0.90-to-0.10 solid-temperature thickness at charge t50; reported only for a single crossing of each isotherm,-5.412947867711182e-09,-5.057954055587288e-10,0.9999999999823287,0.9999999999927563,0.0,0.0,0.00419681113118898,0.0005535072258818818,2.8089433224385877e-08,4.8101397754884045,4.8101397754884045,3.5449440459465764,10.349470194400393,10.349470194400393,1.5814118659940355,1.5814118659940355,0.5131238822915396,0.5131238822915396,0.6997210872832049,179.06495286368477,183.92921461864907,773.149999999999,823.1499999999995,True,ZAVOICO_SANDIA_SOLAR_SALT_2001,Q1_authoritative_design_basis_full_property_vector,1.0,1.0,1.0,1.0,G0144,T1_homogeneous_none,20260821,143,0.0,7.332513419448721,Ceramic_sphere_Weiss2024,Tier_2_unit_pair_partial,direct_source_unit_pair,False,True,PASS,pooled_material_topology_unit_reference
G0144_T1_homogeneous_none__AIP_FLINAK_2017_V10,V16_conservative_MUSCL_LTNE_effective_particle_resistance,numba,AIP_FLINAK_2017_V10,FLiNaK (LiF-NaF-KF),fluoride,homogeneous,1.0,none,0.5,True,True,charge_end_profile_reversed_for_counterflow,False,0.6559662173445461,1.6199074761052898,0.4790028346055991,0.008807233149252207,0.008807233149252207,0.008807233149252207,0.18889584232533557,17.756209178581543,500.0,550.0,2048,0.6427280755031697,0.45,5.0,525.0,run-wise frozen at the registered transport-property temperature,0.0,0.0,0.0,25.0,initial state and every explicit transient time step,0.5474482075756555,552.5629056000006,779.2182105964469,0.028443136739588874,0.0519558496054773,55.02068055555556,0.16032494772273442,0.8010891318841242,1.442031851622165,0.16032494772273442,0.8010891318841242,1.442031851622165,1.5058533220388481,0.9380218121449986,0.9380218121514771,0.02668028266755714,0.9,"time integral of positive outlet enthalpy flow following the simulated charge end state, with linear within-step interpolation at the registered outlet-grade threshold",True,0.08586817333715131,1,1,0,0.90-to-0.10 solid-temperature thickness at charge t50; reported only for a single crossing of each isotherm,-1.885080980201792e-09,2.0581536475106077e-09,0.9999999999930935,1.0000000000137212,0.0,0.0,0.014274264586067316,0.0012796038452240052,6.487433222169596e-08,0.7191531475154946,0.7191531475154946,19.164589033215517,10.213017074685851,10.213017074685851,1.930754776365864,1.930754776365864,0.463294805198501,0.463294805198501,1.0294629329650387,197.39126014468545,183.92921461864907,773.1499999999999,823.1499999999997,True,AIP_AN_CHENG_SU_ZHANG_2017;TASIDOU_ETAL_REFERENCE_VISCOSITY_2019,Q1_primary_experiment_common_table_domain,1.0,1.0,1.0,1.0,G0144,T1_homogeneous_none,20260821,143,0.0,7.332513419448721,Ceramic_sphere_Weiss2024,Tier_3_hypothetical_common_skeleton,unresolved,False,True,PASS,pooled_material_topology_unit_reference
G0144_T1_homogeneous_none__AIP_LIF_NAK_CARBONATE_RECIPROCAL_2017_V10,V16_conservative_MUSCL_LTNE_effective_particle_resistance,numba,AIP_LIF_NAK_CARBONATE_RECIPROCAL_2017_V10,LiF-Na2CO3-K2CO3 reciprocal salt,fluoride_carbonate,homogeneous,1.0,none,0.5,True,True,charge_end_profile_reversed_for_counterflow,False,0.6559662173445461,1.6199074761052898,0.4790028346055991,0.008807233149252207,0.008807233149252207,0.008807233149252207,0.19512317778661037,17.756209178581543,500.0,550.0,2048,0.6180766479837335,0.45,5.0,525.0,run-wise frozen at the registered transport-property temperature,0.0,0.0,0.0,25.0,initial state and every explicit transient time step,0.5474482075756555,548.8916961948017,779.2182105964469,0.02788986763606857,0.05094521682622239,52.9108125,0.15709448136253232,0.7854724068127039,1.4140220202206724,0.15709448136253232,0.7854724068127039,1.4140220202206724,1.4755578218277137,0.9373585053121914,0.9373585053190312,0.026142804640700096,0.9,"time integral of positive outlet enthalpy flow following the simulated charge end state, with linear within-step interpolation at the registered outlet-grade threshold",True,0.08676403948362672,1,1,0,0.90-to-0.10 solid-temperature thickness at charge t50; reported only for a single crossing of each isotherm,-1.9720780564114193e-09,2.153277556260491e-09,0.9999999999927032,1.0000000000143707,0.0,0.0,0.022534784045206837,0.0021006646236629827,1.0650412808401347e-07,0.4868108553204946,0.4868108553204946,27.373757098453936,10.319759961174215,10.319759961174215,2.017757120787019,2.017757120787019,0.45235476775013006,0.45235476775013006,0.9899863046371075,201.41482428917382,183.92921461864907,773.1499999999999,823.1499999999996,True,AIP_AN_CHENG_SU_ZHANG_2017,Q1_primary_experiment_direct_table1_resolution,1.0,1.0,1.0,1.0,G0144,T1_homogeneous_none,20260821,143,0.0,7.332513419448721,Ceramic_sphere_Weiss2024,Tier_3_hypothetical_common_skeleton,unresolved,False,True,PASS,pooled_material_topology_unit_reference
G0145_T1_homogeneous_none__SOLAR_SALT_60_40_V10,V16_conservative_MUSCL_LTNE_effective_particle_resistance,numba,SOLAR_SALT_60_40_V10,Solar Salt (NaNO3-KNO3 60:40 wt%),nitrate,homogeneous,1.0,none,0.5,True,True,charge_end_profile_reversed_for_counterflow,False,1.076252485945925,2.135329535409115,0.4726551588987681,0.014881988891138991,0.014881988891138991,0.014881988891138991,0.1601605138721657,12.278705796009584,500.0,550.0,2048,2.21203095272747,0.45,5.0,525.0,run-wise frozen at the registered transport-property temperature,0.0,0.0,0.0,25.0,initial state and every explicit transient time step,1.942598834070144,1612.4147751390974,2798.7140015368645,0.08467540668252532,0.043588725164172434,37.39729638493229,0.6900307666424915,3.44831047408494,6.207819087612146,0.6900307666424915,3.44831047408494,6.207819087612146,6.4898851944318325,0.9390549534553396,0.9390549534554355,0.07951486008107078,0.9,"time integral of positive outlet enthalpy flow following the simulated charge end state, with linear within-step interpolation at the registered outlet-grade threshold",True,0.08415616925750069,1,1,0,0.90-to-0.10 solid-temperature thickness at charge t50; reported only for a single crossing of each isotherm,6.333600310881593e-10,5.322475793434478e-09,0.999999999999898,1.0000000000365097,0.0,0.0,0.0005012702662121163,4.571704539910589e-05,3.351659686995867e-09,2.087930949804947,2.087930949804947,3.5449440459465764,8.76698359330457,8.76698359330457,1.3396059530591373,1.3396059530591373,0.5543963829929303,0.5543963829929303,0.6821375232104234,298.1226333351715,143.48415060842635,773.15,823.15,True,ZAVOICO_SANDIA_SOLAR_SALT_2001,Q1_authoritative_design_basis_full_property_vector,1.0,1.0,1.0,1.0,G0145,T1_homogeneous_none,20260821,144,0.0,4.653223592813403,Ceramic_sphere_Weiss2024,Tier_2_unit_pair_partial,direct_source_unit_pair,False,True,PASS,pooled_material_topology_unit_reference
G0146_T1_homogeneous_none__SOLAR_SALT_60_40_V10,V16_conservative_MUSCL_LTNE_effective_particle_resistance,numba,SOLAR_SALT_60_40_V10,Solar Salt (NaNO3-KNO3 60:40 wt%),nitrate,homogeneous,1.0,none,0.5,True,True,charge_end_profile_reversed_for_counterflow,False,1.0042772908158988,1.6780986660463793,0.4923959163735304,0.013896738315465125,0.013896738315465125,0.013896738315465125,0.15069288989430107,11.552870403746592,500.0,550.0,2048,1.675934330443968,0.45,5.0,525.0,run-wise frozen at the registered transport-property temperature,0.0,0.0,0.0,25.0,initial state and every explicit transient time step,1.3292744529090983,1149.4189254215205,1843.4037240017233,0.05763329088918834,0.043356953684815576,37.39729638493229,0.4990560006211065,2.494348928477324,4.491969542903592,0.4990560006211065,2.494348928477324,4.491969542903592,4.666394641121804,0.933185975795105,0.933185975796603,0.053782578796710355,0.9,"time integral of positive outlet enthalpy flow following the simulated charge end state, with linear within-step interpolation at the registered outlet-grade threshold",True,0.09238530694763733,1,1,0,0.90-to-0.10 solid-temperature thickness at charge t50; reported only for a single crossing of each isotherm,1.2145839889399213e-10,5.225153643095837e-09,0.9999999999983947,1.0000000000361349,0.0,0.0,0.00040091719732934637,3.4403149634919976e-05,2.681399898491755e-09,2.1068149626146813,2.1068149626146813,3.5449440459465764,8.49033588959891,8.49033588959891,1.297333841238685,1.297333841238685,0.5623030975269616,0.5623030975269616,0.7382638012357727,235.09345547778366,120.75485829497777,773.15,823.1500000000003,True,ZAVOICO_SANDIA_SOLAR_SALT_2001,Q1_authoritative_design_basis_full_property_vector,1.0,1.0,1.0,1.0,G0146,T1_homogeneous_none,20260821,145,0.0,5.174788740089799,Ceramic_sphere_Weiss2024,Tier_2_unit_pair_partial,direct_source_unit_pair,False,True,PASS,pooled_material_topology_unit_reference
G0147_T1_homogeneous_none__SOLAR_SALT_60_40_V10,V16_conservative_MUSCL_LTNE_effective_particle_resistance,numba,SOLAR_SALT_60_40_V10,Solar Salt (NaNO3-KNO3 60:40 wt%),nitrate,homogeneous,1.0,none,0.5,True,True,charge_end_profile_reversed_for_counterflow,False,0.9036625561306157,1.517181570665509,0.5642729960253183,0.0113869754409811,0.0113869754409811,0.0113869754409811,0.27441994706383044,21.038405241648558,500.0,550.0,2048,0.772015124781196,0.45,5.0,525.0,run-wise frozen at the registered transport-property temperature,0.0,0.0,0.0,25.0,initial state and every explicit transient time step,0.9730608840343072,964.2253046910254,1158.3376848680318,0.04136779789000001,0.04251306220273623,37.39729638493229,0.1966494081734343,0.9832470408671928,1.7722036086645463,0.1966494081734343,0.9832470408671928,1.7722036086645463,1.8099263707893563,0.9178278585296437,0.917827858530021,0.03796851734946582,0.9,"time integral of positive outlet enthalpy flow following the simulated charge end state, with linear within-step interpolation at the registered outlet-grade threshold",True,0.11425809847917506,1,1,0,0.90-to-0.10 solid-temperature thickness at charge t50; reported only for a single crossing of each isotherm,6.616485137556083e-10,4.229150363244116e-09,0.9999999999995888,1.0000000000286575,0.0,0.0,0.0006259982522122473,9.78226793657168e-05,4.190740484715661e-09,3.8827508465301905,3.8827508465301905,3.5449440459465764,8.488494366711375,8.488494366711375,1.297052454260304,1.297052454260304,0.5623564847620846,0.5623564847620846,0.985591683875058,120.80596133835273,133.23832816967848,773.15,823.1499999999999,True,ZAVOICO_SANDIA_SOLAR_SALT_2001,Q1_authoritative_design_basis_full_property_vector,1.0,1.0,1.0,1.0,G0147,T1_homogeneous_none,20260821,146,0.0,5.744664835201514,Ceramic_sphere_Weiss2024,Tier_2_unit_pair_partial,direct_source_unit_pair,False,True,PASS,pooled_material_topology_unit_reference
G0147_T1_homogeneous_none__AIP_FLINAK_2017_V10,V16_conservative_MUSCL_LTNE_effective_particle_resistance,numba,AIP_FLINAK_2017_V10,FLiNaK (LiF-NaF-KF),fluoride,homogeneous,1.0,none,0.5,True,True,charge_end_profile_reversed_for_counterflow,False,0.9036625561306157,1.517181570665509,0.5642729960253183,0.0113869754409811,0.0113869754409811,0.0113869754409811,0.22381282171966554,21.03840524164856,500.0,550.0,2048,1.135822935541649,0.45,5.0,525.0,run-wise frozen at the registered transport-property temperature,0.0,0.0,0.0,25.0,initial state and every explicit transient time step,0.9730608840343072,1156.99075019208,1158.3376848680318,0.051044304337016816,0.05245746198879899,55.02068055555556,0.2429399056575211,1.2134375028035933,2.1842506063209424,0.2429399056575211,1.2134375028035933,2.1842506063209424,2.2815858931078354,0.938390145760379,0.9383901457653081,0.04789947218705036,0.9,"time integral of positive outlet enthalpy flow following the simulated charge end state, with linear within-step interpolation at the registered outlet-grade threshold",True,0.08569770516973842,1,1,0,0.90-to-0.10 solid-temperature thickness at charge t50; reported only for a single crossing of each isotherm,-1.4275025606025338e-09,1.6044721107277837e-09,0.9999999999947473,1.0000000000108726,0.0,0.0,0.0021352125217188427,0.00022679081683156678,9.704667065334764e-09,0.5805013206746408,0.5805013206746408,19.164589033215517,8.559051872803709,8.559051872803709,1.6180752625528407,1.6180752625528407,0.5073965329942026,0.5073965329942026,1.4500493468439761,135.97696142690435,133.23832816967848,773.1499999999997,823.1499999999999,True,AIP_AN_CHENG_SU_ZHANG_2017;TASIDOU_ETAL_REFERENCE_VISCOSITY_2019,Q1_primary_experiment_common_table_domain,1.0,1.0,1.0,1.0,G0147,T1_homogeneous_none,20260821,146,0.0,5.744664835201514,Ceramic_sphere_Weiss2024,Tier_3_hypothetical_common_skeleton,unresolved,False,True,PASS,pooled_material_topology_unit_reference
G0147_T1_homogeneous_none__AIP_LIF_NAK_CARBONATE_RECIPROCAL_2017_V10,V16_conservative_MUSCL_LTNE_effective_particle_resistance,numba,AIP_LIF_NAK_CARBONATE_RECIPROCAL_2017_V10,LiF-Na2CO3-K2CO3 reciprocal salt,fluoride_carbonate,homogeneous,1.0,none,0.5,True,True,charge_end_profile_reversed_for_counterflow,False,0.9036625561306157,1.517181570665509,0.5642729960253183,0.0113869754409811,0.0113869754409811,0.0113869754409811,0.23119126639174242,21.03840524164856,500.0,550.0,2048,1.09228997388243,0.45,5.0,525.0,run-wise frozen at the registered transport-property temperature,0.0,0.0,0.0,25.0,initial state and every explicit transient time step,0.9730608840343072,1149.303742467193,1158.3376848680318,0.049885834905477655,0.05126692041987255,52.9108125,0.23726965543779452,1.1857414494257983,2.134516657295441,0.23726965543779452,1.1857414494257983,2.134516657295441,2.2279940887078977,0.9375996017325787,0.937599601737937,0.04677293893947303,0.9,"time integral of positive outlet enthalpy flow following the simulated charge end state, with linear within-step interpolation at the registered outlet-grade threshold",True,0.08674138594873326,1,1,0,0.90-to-0.10 solid-temperature thickness at charge t50; reported only for a single crossing of each isotherm,-1.6073697928220554e-09,1.6436185745760667e-09,0.9999999999942851,1.0000000000108424,0.0,0.0,0.0033714554439999056,0.0003723773949534427,1.5933295570465228e-08,0.3929543316449295,0.3929543316449295,27.373757098453936,8.671846547864948,8.671846547864948,1.6955510775597429,1.6955510775597429,0.49570455974443106,0.49570455974443106,1.39444456760472,139.2043828765586,133.23832816967848,773.1499999999992,823.1499999999997,True,AIP_AN_CHENG_SU_ZHANG_2017,Q1_primary_experiment_direct_table1_resolution,1.0,1.0,1.0,1.0,G0147,T1_homogeneous_none,20260821,146,0.0,5.744664835201514,Ceramic_sphere_Weiss2024,Tier_3_hypothetical_common_skeleton,unresolved,False,True,PASS,pooled_material_topology_unit_reference
G0149_T1_homogeneous_none__SOLAR_SALT_60_40_V10,V16_conservative_MUSCL_LTNE_effective_particle_resistance,numba,SOLAR_SALT_60_40_V10,Solar Salt (NaNO3-KNO3 60:40 wt%),nitrate,homogeneous,1.0,none,0.5,True,True,charge_end_profile_reversed_for_counterflow,False,0.8446405866051385,1.132252495736288,0.5043755059614436,0.012136256406494456,0.012136256406494456,0.012136256406494456,0.17265167609557164,13.236340747866997,500.0,550.0,2048,0.7151046175278808,0.45,5.0,525.0,run-wise frozen at the registered transport-property temperature,0.0,0.0,0.0,25.0,initial state and every explicit transient time step,0.6344202847962033,561.9275061565357,859.034323626888,0.02741730002379655,0.04321630420850098,37.39729638493229,0.20718169891155075,1.035709854386104,1.868210813291252,0.20718169891155075,1.035709854386104,1.868210813291252,1.8920067632215174,0.9105152844133604,0.9105152844170303,0.02496387072901355,0.9,"time integral of positive outlet enthalpy flow following the simulated charge end state, with linear within-step interpolation at the registered outlet-grade threshold",True,0.12430324530032673,1,1,0,0.90-to-0.10 solid-temperature thickness at charge t50; reported only for a single crossing of each isotherm,-1.5922818619173995e-10,5.0387694017217655e-09,0.9999999999959693,1.0000000000344949,0.0,0.0,0.0005201439282500086,5.113815900193539e-05,3.4845466744100586e-09,2.9801607269555235,2.9801607269555235,3.5449440459465764,8.90580870664428,8.90580870664428,1.3608186023454907,1.3608186023454907,0.5505118996699481,0.5505118996699481,0.7745036444721582,128.75187328497532,93.29503743266231,773.15,823.1499999999999,True,ZAVOICO_SANDIA_SOLAR_SALT_2001,Q1_authoritative_design_basis_full_property_vector,1.0,1.0,1.0,1.0,G0149,T1_homogeneous_none,20260821,148,0.0,6.5021325713512885,Ceramic_sphere_Weiss2024,Tier_2_unit_pair_partial,direct_source_unit_pair,False,True,PASS,pooled_material_topology_unit_reference
G0152_T1_homogeneous_none__SOLAR_SALT_60_40_V10,V16_conservative_MUSCL_LTNE_effective_particle_resistance,numba,SOLAR_SALT_60_40_V10,Solar Salt (NaNO3-KNO3 60:40 wt%),nitrate,homogeneous,1.0,none,0.5,True,True,charge_end_profile_reversed_for_counterflow,False,0.8273293996877319,1.6498668259636642,0.50172949438037,0.016947962681439735,0.016947962681439735,0.016947962681439735,0.22258991605330192,17.064855914226392,500.0,550.0,2048,0.7714002572619304,0.45,5.0,525.0,run-wise frozen at the registered transport-property temperature,0.0,0.0,0.0,25.0,initial state and every explicit transient time step,0.8869429513342443,781.4740505799905,1207.3732850162644,0.03835795033402289,0.043247370393237054,37.39729638493229,0.22477746385215355,1.1241015971101282,2.0362824013224787,0.22477746385215355,1.123887319260889,2.0362824013224787,1.9952544630393407,0.8840095661148888,0.884009566124417,0.033908795031836025,0.9,"time integral of positive outlet enthalpy flow following the simulated charge end state, with linear within-step interpolation at the registered outlet-grade threshold",True,0.16194567934495044,1,1,0,0.90-to-0.10 solid-temperature thickness at charge t50; reported only for a single crossing of each isotherm,-2.313826907851535e-09,2.204636473379651e-09,0.9999999999892217,1.0000000000124833,0.0,0.0,0.0005667063772596926,7.183140193673813e-05,3.81326474309455e-09,5.592346949686497,5.592346949686497,3.5449440459465764,10.299968707114745,10.299968707114745,1.5738479774173786,1.5738479774173786,0.5143215969442909,0.5143215969442909,0.7663491688613994,77.77051891279513,97.34897680477471,773.1499999999996,823.1499999999997,True,ZAVOICO_SANDIA_SOLAR_SALT_2001,Q1_authoritative_design_basis_full_property_vector,1.0,1.0,1.0,1.0,G0152,T1_homogeneous_none,20260821,151,0.0,6.047052676505844,Ceramic_sphere_Weiss2024,Tier_2_unit_pair_partial,direct_source_unit_pair,False,True,PASS,pooled_material_topology_unit_reference
G0153_T1_homogeneous_none__AIP_FLINAK_2017_V10,V16_conservative_MUSCL_LTNE_effective_particle_resistance,numba,AIP_FLINAK_2017_V10,FLiNaK (LiF-NaF-KF),fluoride,homogeneous,1.0,none,0.5,True,True,charge_end_profile_reversed_for_counterflow,False,0.862502036357767,2.1151340988166565,0.5785416127133323,0.01414664480487752,0.01414664480487752,0.01414664480487752,0.24036384992063006,22.594201892539225,500.0,550.0,2048,1.377158184045073,0.45,5.0,525.0,run-wise frozen at the registered transport-property temperature,0.0,0.0,0.0,25.0,initial state and every explicit transient time step,1.2357995886011415,1506.5489713266113,1422.9296936295686,0.06493063915756,0.05254139891004333,55.02068055555556,0.2876730428894211,1.4372175826269924,2.587527210244308,0.2876730428894211,1.4372175826269924,2.587527210244308,2.682438221294583,0.931235429554075,0.931235429554057,0.06046571164711104,0.9,"time integral of positive outlet enthalpy flow following the simulated charge end state, with linear within-step interpolation at the registered outlet-grade threshold",True,0.09588995319802315,1,1,0,0.90-to-0.10 solid-temperature thickness at charge t50; reported only for a single crossing of each isotherm,4.0587533334246473e-10,2.574163104895888e-09,1.0000000000000193,1.000000000017452,0.0,0.0,0.0019891920188070283,0.00022690562097208236,9.042333111767691e-09,0.8502072086559447,0.8502072086559447,19.164589033215517,8.945291800364583,8.945291800364583,1.6910933119214016,1.6910933119214016,0.49636265763328835,0.49636265763328835,1.5370496338245279,103.02905785063399,149.51489402542958,773.15,823.1500000000002,True,AIP_AN_CHENG_SU_ZHANG_2017;TASIDOU_ETAL_REFERENCE_VISCOSITY_2019,Q1_primary_experiment_common_table_domain,1.0,1.0,1.0,1.0,G0153,T1_homogeneous_none,20260821,152,0.0,5.58323673503541,Ceramic_sphere_Weiss2024,Tier_3_hypothetical_common_skeleton,unresolved,False,True,PASS,pooled_material_topology_unit_reference
G0154_T1_homogeneous_none__SOLAR_SALT_60_40_V10,V16_conservative_MUSCL_LTNE_effective_particle_resistance,numba,SOLAR_SALT_60_40_V10,Solar Salt (NaNO3-KNO3 60:40 wt%),nitrate,homogeneous,1.0,none,0.5,True,True,charge_end_profile_reversed_for_counterflow,False,0.957618470463014,2.1805495141338955,0.5363390338657261,0.01229049679129943,0.01229049679129943,0.01229049679129943,0.15030885977718633,11.52342873481799,500.0,550.0,2048,2.1622935151659317,0.45,5.0,525.0,run-wise frozen at the registered transport-property temperature,0.0,0.0,0.0,25.0,initial state and every explicit transient time step,1.5705105650984459,1479.2088978583092,1989.3999063016051,0.06728228729020155,0.042841028125133324,37.39729638493229,0.5844198861823394,2.9196968825618392,5.2555745160284095,0.5844198861823394,2.9196968825618392,5.2555745160284095,5.541729128952938,0.9473741622247662,0.9473741622390315,0.06374150055412073,0.9,"time integral of positive outlet enthalpy flow following the simulated charge end state, with linear within-step interpolation at the registered outlet-grade threshold",True,0.07268478108707659,1,1,0,0.90-to-0.10 solid-temperature thickness at charge t50; reported only for a single crossing of each isotherm,-4.854183721647587e-09,-8.792744310426315e-10,0.9999999999849424,0.9999999999910087,0.0,0.0,0.00047306996304686774,4.049120593383655e-05,3.1628614097386786e-09,2.044075945112781,2.044075945112781,3.5449440459465764,7.837154400330507,7.837154400330507,1.1975269005572589,1.1975269005572589,0.581897356986964,0.581897356986964,0.8803616359976223,310.6323460329292,177.4175243817263,773.1499999999994,823.1499999999994,True,ZAVOICO_SANDIA_SOLAR_SALT_2001,Q1_authoritative_design_basis_full_property_vector,1.0,1.0,1.0,1.0,G0154,T1_homogeneous_none,20260821,153,0.0,5.094228865951176,Ceramic_sphere_Weiss2024,Tier_2_unit_pair_partial,direct_source_unit_pair,False,True,PASS,pooled_material_topology_unit_reference
G0155_T1_homogeneous_none__SOLAR_SALT_60_40_V10,V16_conservative_MUSCL_LTNE_effective_particle_resistance,numba,SOLAR_SALT_60_40_V10,Solar Salt (NaNO3-KNO3 60:40 wt%),nitrate,homogeneous,1.0,none,0.5,True,True,charge_end_profile_reversed_for_counterflow,False,1.0230238810502041,1.561112785554047,0.4982926809008147,0.011672435946440015,0.011672435946440015,0.011672435946440015,0.33321634342787115,25.546030968897742,500.0,550.0,2048,0.7404080602628506,0.45,5.0,525.0,run-wise frozen at the registered transport-property temperature,0.0,0.0,0.0,25.0,initial state and every explicit transient time step,1.283204002696478,1122.8699427231397,1758.842039017129,0.05554697710197254,0.043287721192614856,37.39729638493229,0.2175977021550291,1.0873715040581775,1.9598190017344868,0.2175977021550291,1.0873715040581775,1.9598190017344868,1.9999884879046472,0.9170902397188625,0.9170902397226222,0.05094159054610617,0.9,"time integral of positive outlet enthalpy flow following the simulated charge end state, with linear within-step interpolation at the registered outlet-grade threshold",True,0.11500953427276221,1,1,0,0.90-to-0.10 solid-temperature thickness at charge t50; reported only for a single crossing of each isotherm,-2.525535336417306e-10,5.0953907759776484e-09,0.9999999999959005,1.0000000000352514,0.0,0.0,0.0011016711409090067,0.00020903982075833394,7.375382679947957e-09,3.7708936796181116,3.7708936796181116,3.5449440459465764,9.462149360642387,9.462149360642387,1.4458281434371218,1.4458281434371218,0.5354761271428723,0.5354761271428723,0.7558860156414385,152.59865610892962,133.74352986106314,773.15,823.15,True,ZAVOICO_SANDIA_SOLAR_SALT_2001,Q1_authoritative_design_basis_full_property_vector,1.0,1.0,1.0,1.0,G0155,T1_homogeneous_none,20260821,154,0.0,5.191114567054184,Ceramic_sphere_Weiss2024,Tier_2_unit_pair_partial,direct_source_unit_pair,False,True,PASS,pooled_material_topology_unit_reference
G0159_T1_homogeneous_none__SOLAR_SALT_60_40_V10,V16_conservative_MUSCL_LTNE_effective_particle_resistance,numba,SOLAR_SALT_60_40_V10,Solar Salt (NaNO3-KNO3 60:40 wt%),nitrate,homogeneous,1.0,none,0.5,True,True,charge_end_profile_reversed_for_counterflow,False,1.023893376336005,1.4264340324060365,0.508262893929352,0.010902549953723101,0.010902549953723101,0.010902549953723101,0.2652036477883765,20.331837657695885,500.0,550.0,2048,0.8685178567477058,0.45,5.0,525.0,run-wise frozen at the registered transport-property temperature,0.0,0.0,0.0,25.0,initial state and every explicit transient time step,1.174494642991897,1048.3074882467943,1577.8463745677386,0.05070371280676169,0.043170663322566985,37.39729638493229,0.24945762885476347,1.247046889313469,2.2460836795333363,0.24945762885476347,1.247046889313469,2.2460836795333363,2.318076250930286,0.9271359431397357,0.9271359431414664,0.0470092345937833,0.9,"time integral of positive outlet enthalpy flow following the simulated charge end state, with linear within-step interpolation at the registered outlet-grade threshold",True,0.10091927433297569,1,1,0,0.90-to-0.10 solid-temperature thickness at charge t50; reported only for a single crossing of each isotherm,2.277067423506196e-10,4.89244200707617e-09,0.9999999999981334,1.000000000033704,0.0,0.0,0.0008136149056158896,0.00012287093039367326,5.44296218500004e-09,2.798505399180391,2.798505399180391,3.5449440459465764,8.73352961293682,8.73352961293682,1.334494143418204,1.334494143418204,0.5553406738706329,0.5553406738706329,0.7866429651212918,188.72158893020065,130.83489995099035,773.15,823.1499999999999,True,ZAVOICO_SANDIA_SOLAR_SALT_2001,Q1_authoritative_design_basis_full_property_vector,1.0,1.0,1.0,1.0,G0159,T1_homogeneous_none,20260821,158,0.0,5.308754566258522,Ceramic_sphere_Weiss2024,Tier_2_unit_pair_partial,direct_source_unit_pair,False,True,PASS,pooled_material_topology_unit_reference
G0159_T1_homogeneous_none__AIP_FLINAK_2017_V10,V16_conservative_MUSCL_LTNE_effective_particle_resistance,numba,AIP_FLINAK_2017_V10,FLiNaK (LiF-NaF-KF),fluoride,homogeneous,1.0,none,0.5,True,True,charge_end_profile_reversed_for_counterflow,False,1.023893376336005,1.4264340324060365,0.508262893929352,0.010902549953723101,0.010902549953723101,0.010902549953723101,0.2162961452946371,20.331837657695885,500.0,550.0,2048,1.2778083498886759,0.45,5.0,525.0,run-wise frozen at the registered transport-property temperature,0.0,0.0,0.0,25.0,initial state and every explicit transient time step,1.174494642991897,1257.8824278494615,1577.8463745677386,0.061224028047530694,0.052127975561956724,55.02068055555556,0.30134980251541355,1.5056841722855607,2.7103734888196134,0.30134980251541355,1.5056841722855607,2.7103734888196134,2.8493327106718382,0.9444028188059291,0.9444028188120458,0.05782014466674125,0.9,"time integral of positive outlet enthalpy flow following the simulated charge end state, with linear within-step interpolation at the registered outlet-grade threshold",True,0.07700206716179503,1,1,0,0.90-to-0.10 solid-temperature thickness at charge t50; reported only for a single crossing of each isotherm,-1.8311685501259944e-09,1.993294418412006e-09,0.9999999999935232,1.0000000000134948,0.0,0.0,0.0028570239054025825,0.0002932662250421576,1.2982827606563027e-08,0.4183982295930968,0.4183982295930968,19.164589033215517,8.869991618142242,8.869991618142242,1.6768579311887715,1.6768579311887715,0.4984759698599732,0.4984759698599732,1.1573465324796102,212.85601424036497,130.83489995099035,773.1499999999997,823.1499999999999,True,AIP_AN_CHENG_SU_ZHANG_2017;TASIDOU_ETAL_REFERENCE_VISCOSITY_2019,Q1_primary_experiment_common_table_domain,1.0,1.0,1.0,1.0,G0159,T1_homogeneous_none,20260821,158,0.0,5.308754566258522,Ceramic_sphere_Weiss2024,Tier_3_hypothetical_common_skeleton,unresolved,False,True,PASS,pooled_material_topology_unit_reference
G0164_T1_homogeneous_none__SOLAR_SALT_60_40_V10,V16_conservative_MUSCL_LTNE_effective_particle_resistance,numba,SOLAR_SALT_60_40_V10,Solar Salt (NaNO3-KNO3 60:40 wt%),nitrate,homogeneous,1.0,none,0.5,True,True,charge_end_profile_reversed_for_counterflow,False,0.8456263292222586,1.9384854535785006,0.5299682294379834,0.018350204628717812,0.018350204628717812,0.018350204628717812,0.18563506651613684,14.23171237445963,500.0,550.0,2048,1.1992662532093425,0.45,5.0,525.0,run-wise frozen at the registered transport-property temperature,0.0,0.0,0.0,25.0,initial state and every explicit transient time step,1.0887030033072487,1013.2310711500595,1398.0327007122082,0.04672258887949501,0.042915826205642583,37.39729638493229,0.32846570157344224,1.6416622488376438,2.9668514586344625,0.32846570157344224,1.6416622488376438,2.9668514586344625,2.954191724961121,0.8965710076155801,0.8965710076247138,0.041890118590097336,0.9,"time integral of positive outlet enthalpy flow following the simulated charge end state, with linear within-step interpolation at the registered outlet-grade threshold",True,0.14423226281777415,1,1,0,0.90-to-0.10 solid-temperature thickness at charge t50; reported only for a single crossing of each isotherm,-2.31493713087616e-09,2.4343416171745957e-09,0.9999999999898127,1.0000000000143905,0.0,0.0,0.0003390246678382124,3.583786046623641e-05,2.275678877144897e-09,4.833614090428509,4.833614090428509,3.5449440459465764,9.460995740946721,9.460995740946721,1.4456518689185907,1.4456518689185907,0.5355064552713777,0.5355064552713777,0.8581137493694775,88.08871971983719,105.63835623635488,773.1499999999997,823.1499999999997,True,ZAVOICO_SANDIA_SOLAR_SALT_2001,Q1_authoritative_design_basis_full_property_vector,1.0,1.0,1.0,1.0,G0164,T1_homogeneous_none,20260821,163,0.0,5.761954988208831,Ceramic_sphere_Weiss2024,Tier_2_unit_pair_partial,direct_source_unit_pair,False,True,PASS,pooled_material_topology_unit_reference
G0165_T1_homogeneous_none__SOLAR_SALT_60_40_V10,V16_conservative_MUSCL_LTNE_effective_particle_resistance,numba,SOLAR_SALT_60_40_V10,Solar Salt (NaNO3-KNO3 60:40 wt%),nitrate,homogeneous,1.0,none,0.5,True,True,charge_end_profile_reversed_for_counterflow,False,0.8794324224066514,1.1754641069679124,0.5604981700619973,0.018657729022539697,0.018657729022539697,0.018657729022539697,0.13562711770668326,10.397852978982872,500.0,550.0,2048,1.138530296246582,0.45,5.0,525.0,run-wise frozen at the registered transport-property temperature,0.0,0.0,0.0,25.0,initial state and every explicit transient time step,0.7140098442494366,702.7933468268657,857.3251857422382,0.030386389354530884,0.04255738152528261,37.39729638493229,0.2925390344522468,1.4614301385986737,2.6451853882791445,0.2925390344522468,1.4614301385986737,2.6451853882791445,2.6047189486289306,0.8878192388004079,0.8878192388084514,0.02697762106663243,0.9,"time integral of positive outlet enthalpy flow following the simulated charge end state, with linear within-step interpolation at the registered outlet-grade threshold",True,0.1569743951870906,1,1,0,0.90-to-0.10 solid-temperature thickness at charge t50; reported only for a single crossing of each isotherm,-1.9663159989136147e-09,2.110112085063065e-09,0.9999999999909402,1.0000000000118983,0.0,0.0,9.645981494751932e-05,7.4497845657149865e-06,6.485160526687723e-10,3.319926014716523,3.319926014716523,3.5449440459465764,8.267697167613116,8.267697167613116,1.2633143687280461,1.2633143687280461,0.5688318956788543,0.5688318956788543,0.9705898618417719,66.38855869301665,63.00145669110526,773.1499999999999,823.1499999999999,True,ZAVOICO_SANDIA_SOLAR_SALT_2001,Q1_authoritative_design_basis_full_property_vector,1.0,1.0,1.0,1.0,G0165,T1_homogeneous_none,20260821,164,0.0,6.249843750712859,Ceramic_sphere_Weiss2024,Tier_2_unit_pair_partial,direct_source_unit_pair,False,True,PASS,pooled_material_topology_unit_reference
G0165_T1_homogeneous_none__AIP_FLINAK_2017_V10,V16_conservative_MUSCL_LTNE_effective_particle_resistance,numba,AIP_FLINAK_2017_V10,FLiNaK (LiF-NaF-KF),fluoride,homogeneous,1.0,none,0.5,True,True,charge_end_profile_reversed_for_counterflow,False,0.8794324224066514,1.1754641069679124,0.5604981700619973,0.018657729022539697,0.018657729022539697,0.018657729022539697,0.11061545722322204,10.397852978982872,500.0,550.0,2048,1.6750276548337093,0.45,5.0,525.0,run-wise frozen at the registered transport-property temperature,0.0,0.0,0.0,25.0,initial state and every explicit transient time step,0.7140098442494366,843.2939870166283,857.3251857422382,0.037439289043436956,0.05243525610321653,55.02068055555556,0.3601309457892433,1.8006547289462118,3.2458313666999405,0.3601309457892433,1.8006547289462118,3.2458313666999405,3.3045645955196528,0.9151125221290627,0.9151125221341329,0.034261162223258576,0.9,"time integral of positive outlet enthalpy flow following the simulated charge end state, with linear within-step interpolation at the registered outlet-grade threshold",True,0.11874781341338977,1,1,0,0.90-to-0.10 solid-temperature thickness at charge t50; reported only for a single crossing of each isotherm,-1.3299250589682288e-09,1.4962919792083085e-09,0.9999999999944595,1.0000000000094331,0.0,0.0,0.0003330233887547936,1.748195304762932e-05,1.5156129564142434e-09,0.49635464964415466,0.49635464964415466,19.164589033215517,8.388226877125707,8.388226877125707,1.5857810664386016,1.5857810664386016,0.5124345734144726,0.5124345734144726,1.4279779529830745,75.07226442577918,63.00145669110526,773.1499999999997,823.1499999999999,True,AIP_AN_CHENG_SU_ZHANG_2017;TASIDOU_ETAL_REFERENCE_VISCOSITY_2019,Q1_primary_experiment_common_table_domain,1.0,1.0,1.0,1.0,G0165,T1_homogeneous_none,20260821,164,0.0,6.249843750712859,Ceramic_sphere_Weiss2024,Tier_3_hypothetical_common_skeleton,unresolved,False,True,PASS,pooled_material_topology_unit_reference
G0167_T1_homogeneous_none__SOLAR_SALT_60_40_V10,V16_conservative_MUSCL_LTNE_effective_particle_resistance,numba,SOLAR_SALT_60_40_V10,Solar Salt (NaNO3-KNO3 60:40 wt%),nitrate,homogeneous,1.0,none,0.5,True,True,charge_end_profile_reversed_for_counterflow,False,0.7051274532427025,1.695793648504595,0.5302870048285602,0.011529450965298104,0.011529450965298104,0.011529450965298104,0.2972876253228477,22.791555795376116,500.0,550.0,2048,0.45577469126691234,0.45,5.0,525.0,run-wise frozen at the registered transport-property temperature,0.0,0.0,0.0,25.0,initial state and every explicit transient time step,0.6622136570331223,616.6778654133003,849.789584308074,0.02841696777229999,0.042912083540552294,37.39729638493229,0.12470501969386578,0.623525098469333,1.1266497159956548,0.12470501969386578,0.623525098469333,1.1266497159956548,1.1224696769686675,0.897003114077496,0.8970031140920217,0.025490108584392934,0.9,"time integral of positive outlet enthalpy flow following the simulated charge end state, with linear within-step interpolation at the registered outlet-grade threshold",True,0.14361077292454072,1,1,0,0.90-to-0.10 solid-temperature thickness at charge t50; reported only for a single crossing of each isotherm,-4.662970010116396e-09,-2.482236638456925e-10,0.9999999999838064,0.9999999999935927,0.0,0.0,0.0018077341647438675,0.0003060286982812402,1.213314343626653e-08,6.994847470717955,6.994847470717955,3.5449440459465764,10.339315571929731,10.339315571929731,1.579860227101594,1.579860227101594,0.5133691237444695,0.5133691237444695,0.8592126216955254,88.73237501639224,147.08364289060046,773.1499999999985,823.1499999999996,True,ZAVOICO_SANDIA_SOLAR_SALT_2001,Q1_authoritative_design_basis_full_property_vector,1.0,1.0,1.0,1.0,G0167,T1_homogeneous_none,20260821,166,0.0,6.852122100299672,Ceramic_sphere_Weiss2024,Tier_2_unit_pair_partial,direct_source_unit_pair,False,True,PASS,pooled_material_topology_unit_reference
G0167_T1_homogeneous_none__AIP_FLINAK_2017_V10,V16_conservative_MUSCL_LTNE_effective_particle_resistance,numba,AIP_FLINAK_2017_V10,FLiNaK (LiF-NaF-KF),fluoride,homogeneous,1.0,none,0.5,True,True,charge_end_profile_reversed_for_counterflow,False,0.7051274532427025,1.695793648504595,0.5302870048285602,0.011529450965298104,0.011529450965298104,0.011529450965298104,0.24246335952527784,22.791555795376116,500.0,550.0,2048,0.6705718459476334,0.45,5.0,525.0,run-wise frozen at the registered transport-property temperature,0.0,0.0,0.0,25.0,initial state and every explicit transient time step,0.6622136570331223,739.9625198179325,849.789584308074,0.03460565345745375,0.05225753514733517,55.02068055555556,0.15199628508146135,0.7592363455784888,1.3681528356904225,0.15199628508146135,0.7592363455784888,1.3681528356904225,1.4006815155799788,0.9199582010766263,0.9199582010820591,0.031835754701800285,0.9,"time integral of positive outlet enthalpy flow following the simulated charge end state, with linear within-step interpolation at the registered outlet-grade threshold",True,0.11159856489677736,1,1,0,0.90-to-0.10 solid-temperature thickness at charge t50; reported only for a single crossing of each isotherm,-1.5107692874494205e-09,1.652278314168143e-09,0.9999999999940946,1.0000000000106437,0.0,0.0,0.005859007641362122,0.0006741702403497261,2.6653677475172822e-08,1.0457838669452904,1.0457838669452904,19.164589033215517,10.058467825581882,10.058467825581882,1.9015374844814847,1.9015374844814847,0.46708837164778777,0.46708837164778777,1.2641144616715712,97.17121696304892,147.08364289060046,773.15,823.1499999999999,True,AIP_AN_CHENG_SU_ZHANG_2017;TASIDOU_ETAL_REFERENCE_VISCOSITY_2019,Q1_primary_experiment_common_table_domain,1.0,1.0,1.0,1.0,G0167,T1_homogeneous_none,20260821,166,0.0,6.852122100299672,Ceramic_sphere_Weiss2024,Tier_3_hypothetical_common_skeleton,unresolved,False,True,PASS,pooled_material_topology_unit_reference
G0168_T1_homogeneous_none__SOLAR_SALT_60_40_V10,V16_conservative_MUSCL_LTNE_effective_particle_resistance,numba,SOLAR_SALT_60_40_V10,Solar Salt (NaNO3-KNO3 60:40 wt%),nitrate,homogeneous,1.0,none,0.5,True,True,charge_end_profile_reversed_for_counterflow,False,0.7490988961537024,1.2491271397160881,0.4308580597701043,0.009649661390614957,0.009649661390614957,0.009649661390614957,0.2131531791926575,16.341388482805087,500.0,550.0,2048,0.42937760940849373,0.45,5.0,525.0,run-wise frozen at the registered transport-property temperature,0.0,0.0,0.0,25.0,initial state and every explicit transient time step,0.5505222040581171,416.5415264915484,856.0046522760764,0.024266718631686578,0.04407945483907277,37.39729638493229,0.14861236147860826,0.7425847211603864,1.3388232404473868,0.14861236147860826,0.7425847211603864,1.3388232404473868,1.3626655446658755,0.9148279728609412,0.9148279728721439,0.022199873013812665,0.9,"time integral of positive outlet enthalpy flow following the simulated charge end state, with linear within-step interpolation at the registered outlet-grade threshold",True,0.11796697620270227,1,1,0,0.90-to-0.10 solid-temperature thickness at charge t50; reported only for a single crossing of each isotherm,-3.11205505809653e-09,3.2823299633832903e-09,0.9999999999877544,1.0000000000206133,0.0,0.0,0.0030309420957954306,0.00036789188751645824,2.0297025586967777e-08,3.7192349305306958,3.7192349305306958,3.5449440459465764,10.627211725850552,10.627211725850552,1.623851116048814,1.623851116048814,0.5065058986829908,0.5065058986829908,0.5761504038285336,180.470929299861,129.4477691135319,773.15,823.1499999999997,True,ZAVOICO_SANDIA_SOLAR_SALT_2001,Q1_authoritative_design_basis_full_property_vector,1.0,1.0,1.0,1.0,G0168,T1_homogeneous_none,20260821,167,0.0,6.940866932897502,Ceramic_sphere_Weiss2024,Tier_2_unit_pair_partial,direct_source_unit_pair,False,True,PASS,pooled_material_topology_unit_reference
G0169_T1_homogeneous_none__SOLAR_SALT_60_40_V10,V16_conservative_MUSCL_LTNE_effective_particle_resistance,numba,SOLAR_SALT_60_40_V10,Solar Salt (NaNO3-KNO3 60:40 wt%),nitrate,homogeneous,1.0,none,0.5,True,True,charge_end_profile_reversed_for_counterflow,False,0.6578542149722102,1.4978206389862585,0.5393664188353972,0.018558645795867766,0.018558645795867766,0.018558645795867766,0.18258488882784182,13.997870501986492,500.0,550.0,2048,0.5803013527661252,0.45,5.0,525.0,run-wise frozen at the registered transport-property temperature,0.0,0.0,0.0,25.0,initial state and every explicit transient time step,0.5091069375941915,482.2166056682414,640.6861060808548,0.02179256903810157,0.042805484327287646,37.39729638493229,0.15571419632557756,0.7785709816278881,1.4215771194565778,0.15571419632557756,0.7785709816278881,1.4215771194565778,1.3363763040071794,0.8540171162924919,0.8540171163005721,0.01861122696652455,0.9,"time integral of positive outlet enthalpy flow following the simulated charge end state, with linear within-step interpolation at the registered outlet-grade threshold",True,0.20547205770029844,1,1,0,0.90-to-0.10 solid-temperature thickness at charge t50; reported only for a single crossing of each isotherm,-1.5980106127244653e-09,1.7329027102164218e-09,0.9999999999905387,1.0000000000077987,0.0,0.0,0.0004067138699984136,4.228677566106808e-05,2.7584592082863684e-09,7.944742556813671,7.944742556813671,3.5449440459465764,10.50796312728884,10.50796312728884,1.6056297824707257,1.6056297824707257,0.5093263072500706,0.5093263072500706,0.8911494576538554,42.38828142089955,80.70743175236204,773.1499999999994,823.1499999999999,True,ZAVOICO_SANDIA_SOLAR_SALT_2001,Q1_authoritative_design_basis_full_property_vector,1.0,1.0,1.0,1.0,G0169,T1_homogeneous_none,20260821,168,0.0,7.415647871785043,Ceramic_sphere_Weiss2024,Tier_2_unit_pair_partial,direct_source_unit_pair,False,True,PASS,pooled_material_topology_unit_reference
G0170_T1_homogeneous_none__SOLAR_SALT_60_40_V10,V16_conservative_MUSCL_LTNE_effective_particle_resistance,numba,SOLAR_SALT_60_40_V10,Solar Salt (NaNO3-KNO3 60:40 wt%),nitrate,homogeneous,1.0,none,0.5,True,True,charge_end_profile_reversed_for_counterflow,False,1.052796017978543,2.1983714732713002,0.508032375077532,0.008614717245020193,0.008614717245020193,0.008614717245020193,0.161110081065815,12.351504364910706,500.0,550.0,2048,2.3284238270800306,0.45,5.0,525.0,run-wise frozen at the registered transport-property temperature,0.0,0.0,0.0,25.0,initial state and every explicit transient time step,1.9137245513178724,1707.3401784150608,2572.152106835272,0.08262193772812504,0.04317336978889049,37.39729638493229,0.6694218502855117,3.345168898238535,6.020915946191037,0.6694218502855117,3.345168898238535,6.020915946191037,6.475144258360095,0.9668672677766037,0.9668672677849521,0.07988444718960094,0.9,"time integral of positive outlet enthalpy flow following the simulated charge end state, with linear within-step interpolation at the registered outlet-grade threshold",True,0.04565528358352979,1,1,0,0.90-to-0.10 solid-temperature thickness at charge t50; reported only for a single crossing of each isotherm,-2.6160296151545026e-09,3.064704046096267e-09,0.9999999999913655,1.000000000021858,0.0,0.0,0.0011173232288284947,0.00010250671144768348,7.469980861231572e-09,1.2705838006399237,1.2705838006399237,3.5449440459465764,7.562646657624833,7.562646657624833,1.155581777428457,1.155581777428457,0.5905456942154637,0.5905456942154637,0.7859177628058195,746.8999755926559,255.18788495839334,773.1499999999999,823.1499999999999,True,ZAVOICO_SANDIA_SOLAR_SALT_2001,Q1_authoritative_design_basis_full_property_vector,1.0,1.0,1.0,1.0,G0170,T1_homogeneous_none,20260821,169,0.0,4.70917082034683,Ceramic_sphere_Weiss2024,Tier_2_unit_pair_partial,direct_source_unit_pair,False,True,PASS,pooled_material_topology_unit_reference
G0170_T1_homogeneous_none__AIP_FLINAK_2017_V10,V16_conservative_MUSCL_LTNE_effective_particle_resistance,numba,AIP_FLINAK_2017_V10,FLiNaK (LiF-NaF-KF),fluoride,homogeneous,1.0,none,0.5,True,True,charge_end_profile_reversed_for_counterflow,False,1.052796017978543,2.1983714732713002,0.508032375077532,0.008614717245020193,0.008614717245020193,0.008614717245020193,0.13139898260543306,12.351504364910708,500.0,550.0,2048,3.4257327248302345,0.45,5.0,525.0,run-wise frozen at the registered transport-property temperature,0.0,0.0,0.0,25.0,initial state and every explicit transient time step,1.9137245513178724,2048.6672401638607,2572.152106835272,0.09975599152582969,0.052126619505996015,55.02068055555556,0.8079019676057838,4.038558245605705,7.269214523605669,0.8079019676057838,4.038558245605705,7.269214523605669,7.899857492417354,0.9773697246983182,0.9773697247062738,0.09749848597460792,0.9,"time integral of positive outlet enthalpy flow following the simulated charge end state, with linear within-step interpolation at the registered outlet-grade threshold",True,0.03138473089187768,1,1,0,0.90-to-0.10 solid-temperature thickness at charge t50; reported only for a single crossing of each isotherm,-2.807543086902342e-09,-2.8862467971180195e-10,0.9999999999918602,0.9999999999971184,0.0,0.0,0.004039819078047578,0.0002519145855306134,1.8357004284530435e-08,0.18996211795521528,0.18996211795521528,19.164589033215517,7.875719827723776,7.875719827723776,1.488892416755776,1.488892416755776,0.5281684235996117,0.5281684235996117,1.1562795803521866,860.6845450606654,255.18788495839334,773.1499999999996,823.1499999999997,True,AIP_AN_CHENG_SU_ZHANG_2017;TASIDOU_ETAL_REFERENCE_VISCOSITY_2019,Q1_primary_experiment_common_table_domain,1.0,1.0,1.0,1.0,G0170,T1_homogeneous_none,20260821,169,0.0,4.70917082034683,Ceramic_sphere_Weiss2024,Tier_3_hypothetical_common_skeleton,unresolved,False,True,PASS,pooled_material_topology_unit_reference
G0170_T1_homogeneous_none__AIP_LIF_NAK_CARBONATE_RECIPROCAL_2017_V10,V16_conservative_MUSCL_LTNE_effective_particle_resistance,numba,AIP_LIF_NAK_CARBONATE_RECIPROCAL_2017_V10,LiF-Na2CO3-K2CO3 reciprocal salt,fluoride_carbonate,homogeneous,1.0,none,0.5,True,True,charge_end_profile_reversed_for_counterflow,False,1.052796017978543,2.1983714732713002,0.508032375077532,0.008614717245020193,0.008614717245020193,0.008614717245020193,0.13573081719682098,12.351504364910708,500.0,550.0,2048,3.2944187510867495,0.45,5.0,525.0,run-wise frozen at the registered transport-property temperature,0.0,0.0,0.0,25.0,initial state and every explicit transient time step,1.9137245513178724,2035.055963757158,2572.152106835272,0.09770470600541262,0.05105473822663193,52.9108125,0.7915756165805607,3.956047850263649,7.1196049676274,0.7915756165805607,3.956047850263649,7.1196049676274,7.735081178977808,0.9770634560826661,0.977063456082637,0.09546369772518928,0.9,"time integral of positive outlet enthalpy flow following the simulated charge end state, with linear within-step interpolation at the registered outlet-grade threshold",True,0.03179425608739281,1,1,0,0.90-to-0.10 solid-temperature thickness at charge t50; reported only for a single crossing of each isotherm,2.6192381596956693e-10,2.7433388893882693e-09,1.0000000000000298,1.0000000000192817,0.0,0.0,0.0064011991597807206,0.00041508234762819207,3.024646882397258e-08,0.128589607706999,0.128589607706999,27.373757098453936,8.005065078738841,8.005065078738841,1.5651795318649002,1.5651795318649002,0.5157011083707942,0.5157011083707942,1.111939937053647,883.4266125113123,255.18788495839334,773.15,823.1499999999999,True,AIP_AN_CHENG_SU_ZHANG_2017,Q1_primary_experiment_direct_table1_resolution,1.0,1.0,1.0,1.0,G0170,T1_homogeneous_none,20260821,169,0.0,4.70917082034683,Ceramic_sphere_Weiss2024,Tier_3_hypothetical_common_skeleton,unresolved,False,True,PASS,pooled_material_topology_unit_reference
G0171_T1_homogeneous_none__SOLAR_SALT_60_40_V10,V16_conservative_MUSCL_LTNE_effective_particle_resistance,numba,SOLAR_SALT_60_40_V10,Solar Salt (NaNO3-KNO3 60:40 wt%),nitrate,homogeneous,1.0,none,0.5,True,True,charge_end_profile_reversed_for_counterflow,False,0.7081693468442384,1.1889729406169578,0.5138767854235675,0.019757405489143655,0.019757405489143655,0.019757405489143655,0.32928361108014853,25.24452804345959,500.0,550.0,2048,0.2819993450582858,0.45,5.0,525.0,run-wise frozen at the registered transport-property temperature,0.0,0.0,0.0,25.0,initial state and every explicit transient time step,0.46831287842996394,422.6144501559779,621.9610054832509,0.020186510471198724,0.043104751974523396,37.39729638493229,0.07997814758458738,0.3998907379228908,0.7499615915522782,0.07997814758458738,0.3998907379228908,0.7499615915522782,0.6367403029166043,0.790491952533082,0.7904919558700266,0.015957274077207387,0.9,"time integral of positive outlet enthalpy flow following the simulated charge end state, with linear within-step interpolation at the registered outlet-grade threshold",True,0.29810763443179084,1,1,0,0.90-to-0.10 solid-temperature thickness at charge t50; reported only for a single crossing of each isotherm,-3.5764724515274793e-09,-1.7420287434788406e-09,0.9999999957786483,0.9999999957759981,0.0,0.0,0.000625434666477796,0.00011727429273533227,4.356930107035721e-09,13.162967766373239,13.162967766373239,3.5449440459465764,12.698654746239075,12.698654746239075,1.940370175540895,1.940370175540895,0.46205978468649106,0.46205978468649106,0.804516354282802,22.07152564327932,60.178596894732834,773.1499999999992,823.1499999999995,True,ZAVOICO_SANDIA_SOLAR_SALT_2001,Q1_authoritative_design_basis_full_property_vector,1.0,1.0,1.0,1.0,G0171,T1_homogeneous_none,20260821,170,0.0,7.330490547085387,Ceramic_sphere_Weiss2024,Tier_2_unit_pair_partial,direct_source_unit_pair,False,True,PASS,pooled_material_topology_unit_reference
G0173_T1_homogeneous_none__SOLAR_SALT_60_40_V10,V16_conservative_MUSCL_LTNE_effective_particle_resistance,numba,SOLAR_SALT_60_40_V10,Solar Salt (NaNO3-KNO3 60:40 wt%),nitrate,homogeneous,1.0,none,0.5,True,True,charge_end_profile_reversed_for_counterflow,False,0.9475399788378576,1.7300042227955563,0.4897129174700189,0.009267413148896968,0.009267413148896968,0.009267413148896968,0.2536393450799636,19.44526039055541,500.0,550.0,2048,0.9088343484040052,0.45,5.0,525.0,run-wise frozen at the registered transport-property temperature,0.0,0.0,0.0,25.0,initial state and every explicit transient time step,1.2199221879903765,1049.1146051805383,1700.6987794977842,0.05293053789432182,0.04338845412879675,37.39729638493229,0.2723978505355278,1.3612318907206247,2.4503183848909575,0.2723978505355278,1.3612318907206247,2.4503183848909575,2.5665352883116204,0.9409012570100231,0.9409012570204541,0.049802409638984066,0.9,"time integral of positive outlet enthalpy flow following the simulated charge end state, with linear within-step interpolation at the registered outlet-grade threshold",True,0.08162244232667144,1,1,0,0.90-to-0.10 solid-temperature thickness at charge t50; reported only for a single crossing of each isotherm,-3.171418683223237e-09,3.195421705015633e-09,0.9999999999889138,1.0000000000218823,0.0,0.0,0.001826405932869922,0.00026379386405289397,1.221183423831355e-08,2.656489475199149,2.656489475199149,3.5449440459465764,8.923726182438596,8.923726182438596,1.363556414841934,1.363556414841934,0.5500145110890365,0.5500145110890365,0.7303805920227975,297.8909866900557,186.67606537013685,773.1499999999997,823.1499999999997,True,ZAVOICO_SANDIA_SOLAR_SALT_2001,Q1_authoritative_design_basis_full_property_vector,1.0,1.0,1.0,1.0,G0173,T1_homogeneous_none,20260821,172,0.0,5.377524305907558,Ceramic_sphere_Weiss2024,Tier_2_unit_pair_partial,direct_source_unit_pair,False,True,PASS,pooled_material_topology_unit_reference
G0174_T1_homogeneous_none__SOLAR_SALT_60_40_V10,V16_conservative_MUSCL_LTNE_effective_particle_resistance,numba,SOLAR_SALT_60_40_V10,Solar Salt (NaNO3-KNO3 60:40 wt%),nitrate,homogeneous,1.0,none,0.5,True,True,charge_end_profile_reversed_for_counterflow,False,1.0944503647597972,1.4405263353483395,0.46995067526940787,0.008256125993808244,0.008256125993808244,0.008256125993808244,0.16292304223694207,12.490495033095163,500.0,550.0,2048,1.5083263027551437,0.45,5.0,525.0,run-wise frozen at the registered transport-property temperature,0.0,0.0,0.0,25.0,initial state and every explicit transient time step,1.3551994739036997,1118.4195379382356,1962.4572503609297,0.05911444864072136,0.043620477855145647,37.39729638493229,0.47344686725370516,2.366396377211608,4.25976486669824,0.47344686725370516,2.366396377211608,4.25976486669824,4.549862087666932,0.9599943874168211,0.9599943874169533,0.05674953891033243,0.9,"time integral of positive outlet enthalpy flow following the simulated charge end state, with linear within-step interpolation at the registered outlet-grade threshold",True,0.05508740492263387,1,1,0,0.90-to-0.10 solid-temperature thickness at charge t50; reported only for a single crossing of each isotherm,4.745093207247919e-10,5.019318294330333e-09,0.9999999999998622,1.0000000000350877,0.0,0.0,0.0010884954189010548,0.00010098569848433147,7.276991333489458e-09,1.13944854946646,1.13944854946646,3.5449440459465764,7.915354887292994,7.915354887292994,1.2094760318350997,1.2094760318350997,0.5794798246745069,0.5794798246745069,0.6747738313147232,630.1109594256131,174.4796937969061,773.15,823.1499999999999,True,ZAVOICO_SANDIA_SOLAR_SALT_2001,Q1_authoritative_design_basis_full_property_vector,1.0,1.0,1.0,1.0,G0174,T1_homogeneous_none,20260821,173,0.0,5.043183985325774,Ceramic_sphere_Weiss2024,Tier_2_unit_pair_partial,direct_source_unit_pair,False,True,PASS,pooled_material_topology_unit_reference
G0174_T1_homogeneous_none__AIP_FLINAK_2017_V10,V16_conservative_MUSCL_LTNE_effective_particle_resistance,numba,AIP_FLINAK_2017_V10,FLiNaK (LiF-NaF-KF),fluoride,homogeneous,1.0,none,0.5,True,True,charge_end_profile_reversed_for_counterflow,False,1.0944503647597972,1.4405263353483395,0.46995067526940787,0.008256125993808244,0.008256125993808244,0.008256125993808244,0.13287760673505492,12.490495033095161,500.0,550.0,2048,2.219141625685853,0.45,5.0,525.0,run-wise frozen at the registered transport-property temperature,0.0,0.0,0.0,25.0,initial state and every explicit transient time step,1.3551994739036997,1342.0110983742397,1962.4572503609297,0.07033837505779128,0.05190259914666224,55.02068055555556,0.5634154016324566,2.8158441517036303,5.068272901775388,0.5634154016324566,2.8158441517036303,5.068272901775388,5.472980141041843,0.9708884250084212,0.9708884250090443,0.06829071417751059,0.9,"time integral of positive outlet enthalpy flow following the simulated charge end state, with linear within-step interpolation at the registered outlet-grade threshold",True,0.04018753727986587,1,1,0,0.90-to-0.10 solid-temperature thickness at charge t50; reported only for a single crossing of each isotherm,-1.9266810369344967e-10,2.4291679778798425e-11,0.9999999999993583,1.0000000000000555,0.0,0.0,0.003952008076612458,0.00024921203745197757,1.795711964025791e-08,0.17035638235638725,0.17035638235638725,19.164589033215517,8.243603308713064,8.243603308713064,1.558440208840322,1.558440208840322,0.5167787397447614,0.5167787397447614,0.9927593438271739,724.0627912289937,174.4796937969061,773.1499999999999,823.1499999999999,True,AIP_AN_CHENG_SU_ZHANG_2017;TASIDOU_ETAL_REFERENCE_VISCOSITY_2019,Q1_primary_experiment_common_table_domain,1.0,1.0,1.0,1.0,G0174,T1_homogeneous_none,20260821,173,0.0,5.043183985325774,Ceramic_sphere_Weiss2024,Tier_3_hypothetical_common_skeleton,unresolved,False,True,PASS,pooled_material_topology_unit_reference
G0174_T1_homogeneous_none__AIP_LIF_NAK_CARBONATE_RECIPROCAL_2017_V10,V16_conservative_MUSCL_LTNE_effective_particle_resistance,numba,AIP_LIF_NAK_CARBONATE_RECIPROCAL_2017_V10,LiF-Na2CO3-K2CO3 reciprocal salt,fluoride_carbonate,homogeneous,1.0,none,0.5,True,True,charge_end_profile_reversed_for_counterflow,False,1.0944503647597972,1.4405263353483395,0.46995067526940787,0.008256125993808244,0.008256125993808244,0.008256125993808244,0.13725818717686994,12.490495033095165,500.0,550.0,2048,2.133958127007944,0.45,5.0,525.0,run-wise frozen at the registered transport-property temperature,0.0,0.0,0.0,25.0,initial state and every explicit transient time step,1.3551994739036997,1333.0948216638385,1962.4572503609297,0.06899464881452208,0.050911065229224575,52.9108125,0.5524580484364946,2.7622902421823126,4.971529669781616,0.5524580484364946,2.7622902421823126,4.971529669781616,5.366932960019337,0.9706074600275018,0.9706074600274739,0.06696672084135276,0.9,"time integral of positive outlet enthalpy flow following the simulated charge end state, with linear within-step interpolation at the registered outlet-grade threshold",True,0.04056562970674115,1,1,0,0.90-to-0.10 solid-temperature thickness at charge t50; reported only for a single crossing of each isotherm,2.4433788325950445e-10,3.9152459052615995e-09,1.0000000000000286,1.000000000027249,0.0,0.0,0.006263577829122879,0.00041072883923543935,2.959578236253241e-08,0.11531804663683448,0.11531804663683448,27.373757098453936,8.378248088174258,8.378248088174258,1.6381456354833959,1.6381456354833959,0.5043150758009336,0.5043150758009336,0.9546901813732439,742.7384498689739,174.4796937969061,773.15,823.15,True,AIP_AN_CHENG_SU_ZHANG_2017,Q1_primary_experiment_direct_table1_resolution,1.0,1.0,1.0,1.0,G0174,T1_homogeneous_none,20260821,173,0.0,5.043183985325774,Ceramic_sphere_Weiss2024,Tier_3_hypothetical_common_skeleton,unresolved,False,True,PASS,pooled_material_topology_unit_reference
G0175_T1_homogeneous_none__SOLAR_SALT_60_40_V10,V16_conservative_MUSCL_LTNE_effective_particle_resistance,numba,SOLAR_SALT_60_40_V10,Solar Salt (NaNO3-KNO3 60:40 wt%),nitrate,homogeneous,1.0,none,0.5,True,True,charge_end_profile_reversed_for_counterflow,False,0.8002293606683215,1.635382205834237,0.4332438823013369,0.008206709237963022,0.008206709237963022,0.008206709237963022,0.29258111819774807,22.430731426630356,500.0,550.0,2048,0.46994173912340304,0.45,5.0,525.0,run-wise frozen at the registered transport-property temperature,0.0,0.0,0.0,25.0,initial state and every explicit transient time step,0.8225041783102025,625.7772848961836,1273.5471389995328,0.036232496315747924,0.0440514434713097,37.39729638493229,0.16160774250965876,0.8077776338043915,1.454600221958711,0.16160774250965876,0.8077776338043915,1.454600221958711,1.5081233528399396,0.9313552451910511,0.9313552452018317,0.03374532549003726,0.9,"time integral of positive outlet enthalpy flow following the simulated charge end state, with linear within-step interpolation at the registered outlet-grade threshold",True,0.0948280840320174,1,1,0,0.90-to-0.10 solid-temperature thickness at charge t50; reported only for a single crossing of each isotherm,-3.1868285788050343e-09,3.380384860918184e-09,0.9999999999884248,1.0000000000222538,0.0,0.0,0.006448741089345887,0.0010744148276798495,4.3133766804236785e-08,3.8046474174464824,3.8046474174464824,3.5449440459465764,10.636777114191823,10.636777114191823,1.6253127192363777,1.6253127192363777,0.50628101555061,0.50628101555061,0.5817795635070374,270.56747525267133,199.2738085893431,773.1499999999996,823.1499999999994,True,ZAVOICO_SANDIA_SOLAR_SALT_2001,Q1_authoritative_design_basis_full_property_vector,1.0,1.0,1.0,1.0,G0175,T1_homogeneous_none,20260821,174,0.0,6.221522612621201,Ceramic_sphere_Weiss2024,Tier_2_unit_pair_partial,direct_source_unit_pair,False,True,PASS,pooled_material_topology_unit_reference
G0176_T1_homogeneous_none__SOLAR_SALT_60_40_V10,V16_conservative_MUSCL_LTNE_effective_particle_resistance,numba,SOLAR_SALT_60_40_V10,Solar Salt (NaNO3-KNO3 60:40 wt%),nitrate,homogeneous,1.0,none,0.5,True,True,charge_end_profile_reversed_for_counterflow,False,0.7001237361575408,1.36136890852169,0.5627723241571397,0.012107366788884378,0.012107366788884378,0.012107366788884378,0.1480676493820757,11.351606339876835,500.0,550.0,2048,0.7686059915612682,0.45,5.0,525.0,run-wise frozen at the registered transport-property temperature,0.0,0.0,0.0,25.0,initial state and every explicit transient time step,0.524101391257593,517.961270115163,626.0422619176089,0.022290389203637122,0.04253068122973464,37.39729638493229,0.19642153117676728,0.9818941542195834,1.770782803891574,0.19642153117676728,0.9818941542195834,1.770782803891574,1.7965661280641878,0.9121067087662693,0.9121067087736617,0.020331213533648636,0.9,"time integral of positive outlet enthalpy flow following the simulated charge end state, with linear within-step interpolation at the registered outlet-grade threshold",True,0.12236393915253567,1,1,0,0.90-to-0.10 solid-temperature thickness at charge t50; reported only for a single crossing of each isotherm,-1.9840018516958935e-09,2.1895596447052412e-09,0.9999999999918951,1.0000000000138272,0.0,0.0,0.0004512781658301021,3.805005252088023e-05,3.0227546982513803e-09,3.710977451410878,3.710977451410878,3.5449440459465764,8.428969914480113,8.428969914480113,1.2879570442241222,1.2879570442241222,0.5640876232473555,0.5640876232473555,0.9795967298032259,106.6125663226598,112.44136997415043,773.1499999999992,823.1499999999999,True,ZAVOICO_SANDIA_SOLAR_SALT_2001,Q1_authoritative_design_basis_full_property_vector,1.0,1.0,1.0,1.0,G0176,T1_homogeneous_none,20260821,175,0.0,7.182385304282663,Ceramic_sphere_Weiss2024,Tier_2_unit_pair_partial,direct_source_unit_pair,False,True,PASS,pooled_material_topology_unit_reference
G0176_T1_homogeneous_none__AIP_FLINAK_2017_V10,V16_conservative_MUSCL_LTNE_effective_particle_resistance,numba,AIP_FLINAK_2017_V10,FLiNaK (LiF-NaF-KF),fluoride,homogeneous,1.0,none,0.5,True,True,charge_end_profile_reversed_for_counterflow,False,0.7001237361575408,1.36136890852169,0.5627723241571397,0.012107366788884378,0.012107366788884378,0.012107366788884378,0.12076176957315779,11.351606339876833,500.0,550.0,2048,1.130814859822398,0.45,5.0,525.0,run-wise frozen at the registered transport-property temperature,0.0,0.0,0.0,25.0,initial state and every explicit transient time step,0.524101391257593,621.510756423278,626.0422619176089,0.027488402100820354,0.05244863409895043,55.02068055555556,0.24218284914529864,1.2109142457264312,2.1802738727855986,0.24218284914529864,1.2109142457264312,2.1802738727855986,2.2666741499848704,0.933925551128895,0.9339255511288769,0.025672121081661326,0.9,"time integral of positive outlet enthalpy flow following the simulated charge end state, with linear within-step interpolation at the registered outlet-grade threshold",True,0.09199638829409933,1,1,0,0.90-to-0.10 solid-temperature thickness at charge t50; reported only for a single crossing of each isotherm,4.0163428138839663e-10,2.724886982718999e-09,1.0000000000000193,1.0000000000186853,0.0,0.0,0.001545055857843038,8.85468361586003e-05,7.02319300650298e-09,0.5548198678426524,0.5548198678426524,19.164589033215517,8.514248685650816,8.514248685650816,1.6096052906572418,1.6096052906572418,0.5087082783042274,0.5087082783042274,1.4412292853738526,120.15688027317871,112.44136997415043,773.15,823.1499999999999,True,AIP_AN_CHENG_SU_ZHANG_2017;TASIDOU_ETAL_REFERENCE_VISCOSITY_2019,Q1_primary_experiment_common_table_domain,1.0,1.0,1.0,1.0,G0176,T1_homogeneous_none,20260821,175,0.0,7.182385304282663,Ceramic_sphere_Weiss2024,Tier_3_hypothetical_common_skeleton,unresolved,False,True,PASS,pooled_material_topology_unit_reference
G0176_T1_homogeneous_none__AIP_LIF_NAK_CARBONATE_RECIPROCAL_2017_V10,V16_conservative_MUSCL_LTNE_effective_particle_resistance,numba,AIP_LIF_NAK_CARBONATE_RECIPROCAL_2017_V10,LiF-Na2CO3-K2CO3 reciprocal salt,fluoride_carbonate,homogeneous,1.0,none,0.5,True,True,charge_end_profile_reversed_for_counterflow,False,0.7001237361575408,1.36136890852169,0.5627723241571397,0.012107366788884378,0.012107366788884378,0.012107366788884378,0.12474292681183333,11.351606339876833,500.0,550.0,2048,1.0874536541487803,0.45,5.0,525.0,run-wise frozen at the registered transport-property temperature,0.0,0.0,0.0,25.0,initial state and every explicit transient time step,0.524101391257593,617.3814598105497,626.0422619176089,0.026866097028312545,0.051261258749660525,52.9108125,0.23682324023684753,1.183512060265196,2.1311070916719967,0.23682324023684753,1.183512060265196,2.1311070916719967,2.213477549974886,0.9331014317535031,0.9331014317535675,0.025068793602746973,0.9,"time integral of positive outlet enthalpy flow following the simulated charge end state, with linear within-step interpolation at the registered outlet-grade threshold",True,0.09310135189883718,1,1,0,0.90-to-0.10 solid-temperature thickness at charge t50; reported only for a single crossing of each isotherm,4.00679489587219e-10,2.8530067197607423e-09,0.9999999999999309,1.0000000000195857,0.0,0.0,0.0024401782413393555,0.00014542261194941817,1.1535399402759298e-08,0.3755699816463169,0.3755699816463169,27.373757098453936,8.628157421671096,8.628157421671096,1.6870088202000495,1.6870088202000495,0.49696718516549315,0.49696718516549315,1.385962727431679,123.02843918664395,112.44136997415043,773.15,823.15,True,AIP_AN_CHENG_SU_ZHANG_2017,Q1_primary_experiment_direct_table1_resolution,1.0,1.0,1.0,1.0,G0176,T1_homogeneous_none,20260821,175,0.0,7.182385304282663,Ceramic_sphere_Weiss2024,Tier_3_hypothetical_common_skeleton,unresolved,False,True,PASS,pooled_material_topology_unit_reference
G0178_T1_homogeneous_none__SOLAR_SALT_60_40_V10,V16_conservative_MUSCL_LTNE_effective_particle_resistance,numba,SOLAR_SALT_60_40_V10,Solar Salt (NaNO3-KNO3 60:40 wt%),nitrate,homogeneous,1.0,none,0.5,True,True,charge_end_profile_reversed_for_counterflow,False,1.085899714104345,1.5870072459865847,0.49355577748469864,0.009547719367074272,0.009547719367074272,0.009547719367074272,0.18438656762610373,14.135996207055243,500.0,550.0,2048,1.5180278946966121,0.45,5.0,525.0,run-wise frozen at the registered transport-property temperature,0.0,0.0,0.0,25.0,initial state and every explicit transient time step,1.469766108142227,1273.8952303741655,2033.5766413024205,0.06370456631782458,0.04334333603483799,37.39729638493229,0.45076994984185603,2.2534280747938347,4.056086199746862,0.45076994984185603,2.2534280747938347,4.056086199746862,4.299367529870247,0.9524216687340128,0.9524216687435147,0.060673609358399064,0.9,"time integral of positive outlet enthalpy flow following the simulated charge end state, with linear within-step interpolation at the registered outlet-grade threshold",True,0.06559780489118659,1,1,0,0.90-to-0.10 solid-temperature thickness at charge t50; reported only for a single crossing of each isotherm,-2.943811860944834e-09,3.019073879784173e-09,0.9999999999900233,1.0000000000208633,0.0,0.0,0.0008201919115987623,8.611831409053498e-05,5.483175312510517e-09,1.5148775356854094,1.5148775356854094,3.5449440459465764,7.982075705156867,7.982075705156867,1.2196710554543613,1.2196710554543613,0.5774330058098381,0.5774330058098381,0.7416975735775652,433.5035641673127,166.2184637997896,773.1499999999999,823.1499999999996,True,ZAVOICO_SANDIA_SOLAR_SALT_2001,Q1_authoritative_design_basis_full_property_vector,1.0,1.0,1.0,1.0,G0178,T1_homogeneous_none,20260821,177,0.0,4.943815101471281,Ceramic_sphere_Weiss2024,Tier_2_unit_pair_partial,direct_source_unit_pair,False,True,PASS,pooled_material_topology_unit_reference
G0179_T1_homogeneous_none__SOLAR_SALT_60_40_V10,V16_conservative_MUSCL_LTNE_effective_particle_resistance,numba,SOLAR_SALT_60_40_V10,Solar Salt (NaNO3-KNO3 60:40 wt%),nitrate,homogeneous,1.0,none,0.5,True,True,charge_end_profile_reversed_for_counterflow,False,0.9018638277014095,1.0910509786530596,0.5494446345185127,0.012674105115976032,0.012674105115976032,0.012674105115976032,0.18137744836942735,13.905302079242148,500.0,550.0,2048,0.8146567249648868,0.45,5.0,525.0,run-wise frozen at the registered transport-property temperature,0.0,0.0,0.0,25.0,initial state and every explicit transient time step,0.6969744557477101,672.4965195754728,857.9178863103114,0.02975185901004123,0.04268715842408257,37.39729638493229,0.21407368383799122,1.069915832120632,1.9300575575629093,0.21407368383799122,1.069915832120632,1.9300575575629093,1.9528136129603055,0.9098106717075004,0.9098106717157493,0.02706855883047246,0.9,"time integral of positive outlet enthalpy flow following the simulated charge end state, with linear within-step interpolation at the registered outlet-grade threshold",True,0.12553950417772763,1,1,0,0.90-to-0.10 solid-temperature thickness at charge t50; reported only for a single crossing of each isotherm,-2.2055912651808285e-09,2.4762636385844417e-09,0.9999999999909336,1.0000000000157145,0.0,0.0,0.0002717560752706666,2.8068118849429728e-05,1.8208302510990127e-09,2.867785690486076,2.867785690486076,3.5449440459465764,8.178760048917303,8.178760048917303,1.2497246668214714,1.2497246668214714,0.5714825193480658,0.5714825193480658,0.9281069185483514,106.9945100301769,86.0850504764839,773.1499999999994,823.1499999999999,True,ZAVOICO_SANDIA_SOLAR_SALT_2001,Q1_authoritative_design_basis_full_property_vector,1.0,1.0,1.0,1.0,G0179,T1_homogeneous_none,20260821,178,0.0,6.268354292670307,Ceramic_sphere_Weiss2024,Tier_2_unit_pair_partial,direct_source_unit_pair,False,True,PASS,pooled_material_topology_unit_reference
G0179_T1_homogeneous_none__AIP_FLINAK_2017_V10,V16_conservative_MUSCL_LTNE_effective_particle_resistance,numba,AIP_FLINAK_2017_V10,FLiNaK (LiF-NaF-KF),fluoride,homogeneous,1.0,none,0.5,True,True,charge_end_profile_reversed_for_counterflow,False,0.9018638277014095,1.0910509786530596,0.5494446345185127,0.012674105115976032,0.012674105115976032,0.012674105115976032,0.14792874552385266,13.90530207924215,500.0,550.0,2048,1.1985241056373188,0.45,5.0,525.0,run-wise frozen at the registered transport-property temperature,0.0,0.0,0.0,25.0,initial state and every explicit transient time step,0.6969744557477101,806.940295903677,857.9178863103114,0.03650071415376063,0.05237023229869003,55.02068055555556,0.2626765331521847,1.3127168190354987,2.363422951644165,0.2626765331521847,1.3127168190354987,2.363422951644165,2.4521030772452073,0.9319698772327352,0.9319698772416091,0.034017566088787456,0.9,"time integral of positive outlet enthalpy flow following the simulated charge end state, with linear within-step interpolation at the registered outlet-grade threshold",True,0.0946695526753021,1,1,0,0.90-to-0.10 solid-temperature thickness at charge t50; reported only for a single crossing of each isotherm,-2.967082135540977e-09,-6.692424392440444e-10,0.9999999999904783,0.9999999999932577,0.0,0.0,0.0009483946571501446,6.657958256611113e-05,4.311031090645731e-09,0.4287561696694254,0.4287561696694254,19.164589033215517,8.33555829607038,8.33555829607038,1.575824154226143,1.575824154226143,0.5140081371788602,0.5140081371788602,1.3654750268905649,121.34501762236584,86.0850504764839,773.1499999999993,823.1499999999997,True,AIP_AN_CHENG_SU_ZHANG_2017;TASIDOU_ETAL_REFERENCE_VISCOSITY_2019,Q1_primary_experiment_common_table_domain,1.0,1.0,1.0,1.0,G0179,T1_homogeneous_none,20260821,178,0.0,6.268354292670307,Ceramic_sphere_Weiss2024,Tier_3_hypothetical_common_skeleton,unresolved,False,True,PASS,pooled_material_topology_unit_reference
G0180_T1_homogeneous_none__SOLAR_SALT_60_40_V10,V16_conservative_MUSCL_LTNE_effective_particle_resistance,numba,SOLAR_SALT_60_40_V10,Solar Salt (NaNO3-KNO3 60:40 wt%),nitrate,homogeneous,1.0,none,0.5,True,True,charge_end_profile_reversed_for_counterflow,False,0.7927483935654287,1.6427181896574614,0.5123112099673793,0.019707663188898772,0.019707663188898772,0.019707663188898772,0.3104135884596526,23.797857759259266,500.0,550.0,2048,0.5163503526757245,0.45,5.0,525.0,run-wise frozen at the registered transport-property temperature,0.0,0.0,0.0,25.0,initial state and every explicit transient time step,0.8108185737885099,729.4689158648986,1080.3069169385933,0.034965037211691245,0.043123133018917945,37.39729638493229,0.14701641985905917,0.7346518073347191,1.3476744204834077,0.14701641985905917,0.7346518073347191,1.3476744204834077,1.2423064040100424,0.8408060438647963,0.840806043873627,0.029398814611547502,0.9,"time integral of positive outlet enthalpy flow following the simulated charge end state, with linear within-step interpolation at the registered outlet-grade threshold",True,0.22422834268771336,1,1,0,0.90-to-0.10 solid-temperature thickness at charge t50; reported only for a single crossing of each isotherm,-1.5922374529964145e-09,1.5296208744075557e-09,0.9999999999894973,1.0000000000059854,0.0,0.0,0.000623447325063269,0.0001102024493983605,4.247586559957327e-09,9.877184179517979,9.877184179517979,3.5449440459465764,11.717962121687492,11.717962121687492,1.7905191276874681,1.7905191276874681,0.48208767645304706,0.48208767645304706,0.7994905322105464,39.35116017409596,83.35428578781458,773.1499999999999,823.1499999999997,True,ZAVOICO_SANDIA_SOLAR_SALT_2001,Q1_authoritative_design_basis_full_property_vector,1.0,1.0,1.0,1.0,G0180,T1_homogeneous_none,20260821,179,0.0,6.263231405019153,Ceramic_sphere_Weiss2024,Tier_2_unit_pair_partial,direct_source_unit_pair,False,True,PASS,pooled_material_topology_unit_reference
G0181_T1_homogeneous_none__AIP_FLINAK_2017_V10,V16_conservative_MUSCL_LTNE_effective_particle_resistance,numba,AIP_FLINAK_2017_V10,FLiNaK (LiF-NaF-KF),fluoride,homogeneous,1.0,none,0.5,True,True,charge_end_profile_reversed_for_counterflow,False,0.872384758461192,2.040804172077123,0.5698333753008791,0.011778197281471349,0.011778197281471349,0.011778197281471349,0.12428543608873839,11.682830992341408,500.0,550.0,2048,2.5894688360305307,0.45,5.0,525.0,run-wise frozen at the registered transport-property temperature,0.0,0.0,0.0,25.0,initial state and every explicit transient time step,1.219852592545694,1464.7241461449564,1433.5893313035103,0.0640302719276467,0.05249017161493487,55.02068055555556,0.5481042369598026,2.7405211847990327,4.932938132638868,0.5481042369598026,2.7405211847990327,4.932938132638868,5.262760793142719,0.9588752300877184,0.9588752300877621,0.0613970417272014,0.9,"time integral of positive outlet enthalpy flow following the simulated charge end state, with linear within-step interpolation at the registered outlet-grade threshold",True,0.056964784617311616,1,1,0,0.90-to-0.10 solid-temperature thickness at charge t50; reported only for a single crossing of each isotherm,2.354560990625032e-10,2.4686697130960056e-09,0.9999999999999544,1.0000000000172362,0.0,0.0,0.0015050805760906864,8.877269128008853e-05,6.83911188831681e-09,0.35777119071461483,0.35777119071461483,19.164589033215517,7.845483797263992,7.845483797263992,1.483176342866771,1.483176342866771,0.5291268998557288,0.5291268998557288,1.483266408999667,270.7604111547036,173.26965437126577,773.15,823.1499999999999,True,AIP_AN_CHENG_SU_ZHANG_2017;TASIDOU_ETAL_REFERENCE_VISCOSITY_2019,Q1_primary_experiment_common_table_domain,1.0,1.0,1.0,1.0,G0181,T1_homogeneous_none,20260821,180,0.0,5.565138670716154,Ceramic_sphere_Weiss2024,Tier_3_hypothetical_common_skeleton,unresolved,False,True,PASS,pooled_material_topology_unit_reference
G0183_T1_homogeneous_none__SOLAR_SALT_60_40_V10,V16_conservative_MUSCL_LTNE_effective_particle_resistance,numba,SOLAR_SALT_60_40_V10,Solar Salt (NaNO3-KNO3 60:40 wt%),nitrate,homogeneous,1.0,none,0.5,True,True,charge_end_profile_reversed_for_counterflow,False,0.9218966360847647,1.780340700903447,0.4925632553614586,0.008908160952628287,0.008908160952628287,0.008908160952628287,0.15194454155232887,11.648828278109292,500.0,550.0,2048,1.4864613035501804,0.45,5.0,525.0,run-wise frozen at the registered transport-property temperature,0.0,0.0,0.0,25.0,initial state and every explicit transient time step,1.1883858236102627,1027.942248988446,1647.479691288572,0.051522454308071584,0.043354988998058466,37.39729638493229,0.44263514372383306,2.211524094948226,3.9808259520900595,0.44263514372383306,2.211524094948226,3.9808259520900595,4.233935969781131,0.9557636091279871,0.9557636091368616,0.0492432868806143,0.9,"time integral of positive outlet enthalpy flow following the simulated charge end state, with linear within-step interpolation at the registered outlet-grade threshold",True,0.06096091010919365,1,1,0,0.90-to-0.10 solid-temperature thickness at charge t50; reported only for a single crossing of each isotherm,-2.835431889280926e-09,3.1507463305047168e-09,0.9999999999907146,1.0000000000223976,0.0,0.0,0.0012232149067006627,0.0001058372690727219,8.177400573812055e-09,1.6159828054034824,1.6159828054034824,3.5449440459465764,8.086408192857242,8.086408192857242,1.2356131888156723,1.2356131888156723,0.5742611841922729,0.5742611841922729,0.7387582398240429,493.2501548818181,199.85502174589365,773.15,823.1499999999997,True,ZAVOICO_SANDIA_SOLAR_SALT_2001,Q1_authoritative_design_basis_full_property_vector,1.0,1.0,1.0,1.0,G0183,T1_homogeneous_none,20260821,182,0.0,5.462261703792425,Ceramic_sphere_Weiss2024,Tier_2_unit_pair_partial,direct_source_unit_pair,False,True,PASS,pooled_material_topology_unit_reference
G0184_T1_homogeneous_none__SOLAR_SALT_60_40_V10,V16_conservative_MUSCL_LTNE_effective_particle_resistance,numba,SOLAR_SALT_60_40_V10,Solar Salt (NaNO3-KNO3 60:40 wt%),nitrate,homogeneous,1.0,none,0.5,True,True,charge_end_profile_reversed_for_counterflow,False,0.8407541146807479,1.9355054383151218,0.5470496966734363,0.008598923734162482,0.008598923734162482,0.008598923734162482,0.2565935033851025,19.671740937018882,500.0,550.0,2048,0.8839281083502951,0.45,5.0,525.0,run-wise frozen at the registered transport-property temperature,0.0,0.0,0.0,25.0,initial state and every explicit transient time step,1.074539241247541,1032.281881311828,1329.6995752085973,0.0458992411358364,0.042715276812550225,37.39729638493229,0.23350434195587422,1.1667851030222947,2.1003113996742817,0.23350434195587422,1.1667851030222947,2.1003113996742817,2.2047371466152046,0.9430258799683754,0.9430258799820691,0.043284172262002776,0.9,"time integral of positive outlet enthalpy flow following the simulated charge end state, with linear within-step interpolation at the registered outlet-grade threshold",True,0.07877974669665772,1,1,0,0.90-to-0.10 solid-temperature thickness at charge t50; reported only for a single crossing of each isotherm,-4.67142990956404e-09,-9.18309872588452e-10,0.999999999985479,0.9999999999907735,0.0,0.0,0.0017576277665144007,0.00025681673381747227,1.1751721821884615e-08,3.1672313551273406,3.1672313551273406,3.5449440459465764,8.378441336776438,8.378441336776438,1.2802362149592939,1.2802362149592939,0.5655655220463456,0.5655655220463456,0.9191755550446598,258.1719711425921,225.086940895358,773.1499999999994,823.1499999999996,True,ZAVOICO_SANDIA_SOLAR_SALT_2001,Q1_authoritative_design_basis_full_property_vector,1.0,1.0,1.0,1.0,G0184,T1_homogeneous_none,20260821,183,0.0,5.790955388750883,Ceramic_sphere_Weiss2024,Tier_2_unit_pair_partial,direct_source_unit_pair,False,True,PASS,pooled_material_topology_unit_reference
G0184_T1_homogeneous_none__AIP_FLINAK_2017_V10,V16_conservative_MUSCL_LTNE_effective_particle_resistance,numba,AIP_FLINAK_2017_V10,FLiNaK (LiF-NaF-KF),fluoride,homogeneous,1.0,none,0.5,True,True,charge_end_profile_reversed_for_counterflow,False,0.8407541146807479,1.9355054383151218,0.5470496966734363,0.008598923734162482,0.008598923734162482,0.008598923734162482,0.20927383975552002,19.671740937018882,500.0,550.0,2048,1.3004658889144771,0.45,5.0,525.0,run-wise frozen at the registered transport-property temperature,0.0,0.0,0.0,25.0,initial state and every explicit transient time step,1.074539241247541,1238.6530227511257,1329.6995752085973,0.05625873100926737,0.05235614377744915,55.02068055555556,0.2861024955611823,1.4301512372813103,2.5741999790017362,0.2861024955611823,1.4301512372813103,2.5741999790017362,2.743733115306561,0.957997807105496,0.9579978071057891,0.05389574093741611,0.9,"time integral of positive outlet enthalpy flow following the simulated charge end state, with linear within-step interpolation at the registered outlet-grade threshold",True,0.05813070462613973,1,1,0,0.90-to-0.10 solid-temperature thickness at charge t50; reported only for a single crossing of each isotherm,-3.822497873784414e-11,2.163602630389505e-10,0.999999999999694,1.0000000000012852,0.0,0.0,0.006098980474359105,0.0006057195356166776,2.7715577438256517e-08,0.4735256155250335,0.4735256155250335,19.164589033215517,8.50339095667448,8.50339095667448,1.6075526541123066,1.6075526541123066,0.509027191944536,0.509027191944536,1.3523347802480261,291.7710818675285,225.086940895358,773.1499999999999,823.1499999999997,True,AIP_AN_CHENG_SU_ZHANG_2017;TASIDOU_ETAL_REFERENCE_VISCOSITY_2019,Q1_primary_experiment_common_table_domain,1.0,1.0,1.0,1.0,G0184,T1_homogeneous_none,20260821,183,0.0,5.790955388750883,Ceramic_sphere_Weiss2024,Tier_3_hypothetical_common_skeleton,unresolved,False,True,PASS,pooled_material_topology_unit_reference
G0184_T1_homogeneous_none__AIP_LINAK_CARBONATE_2017_V10,V16_conservative_MUSCL_LTNE_effective_particle_resistance,numba,AIP_LINAK_CARBONATE_2017_V10,Li2CO3-Na2CO3-K2CO3 eutectic,carbonate,homogeneous,1.0,none,0.5,True,True,charge_end_profile_reversed_for_counterflow,False,0.8407541146807479,1.9355054383151218,0.5470496966734363,0.008598923734162482,0.008598923734162482,0.008598923734162482,0.24436945263377494,19.671740937018882,500.0,550.0,2048,1.079328437566177,0.45,5.0,525.0,run-wise frozen at the registered transport-property temperature,0.0,0.0,0.0,25.0,initial state and every explicit transient time step,1.074539241247541,1200.4296133027447,1329.6995752085973,0.05075906426822987,0.04723798100597848,45.664743055555554,0.25813938465124975,1.290397109801381,2.322654834951244,0.25813938465124975,1.290397109801381,2.322654834951244,2.4532017852178383,0.9490536907825697,0.9490536907888144,0.048173077284433215,0.9,"time integral of positive outlet enthalpy flow following the simulated charge end state, with linear within-step interpolation at the registered outlet-grade threshold",True,0.0704875647469916,1,1,0,0.90-to-0.10 solid-temperature thickness at charge t50; reported only for a single crossing of each isotherm,-1.885380740418441e-09,2.1300738950458253e-09,0.99999999999342,1.0000000000147473,0.0,0.0,0.017785019691757067,0.002128205825799076,9.738334664607895e-08,0.22703386097136335,0.22703386097136335,56.93282447382672,9.595759331171168,9.595759331171168,1.2736263335249571,1.2736263335249571,0.566836933107703,0.566836933107703,1.1223783428626068,257.4164079529731,225.086940895358,773.1499999999999,823.1499999999999,True,AIP_AN_CHENG_SU_ZHANG_2017;TASIDOU_ETAL_REFERENCE_VISCOSITY_2019,Q1_primary_experiment_common_table_domain,1.0,1.0,1.0,1.0,G0184,T1_homogeneous_none,20260821,183,0.0,5.790955388750883,Ceramic_sphere_Weiss2024,Tier_3_hypothetical_common_skeleton,unresolved,False,True,PASS,pooled_material_topology_unit_reference
G0184_T1_homogeneous_none__AIP_LIF_NAK_CARBONATE_RECIPROCAL_2017_V10,V16_conservative_MUSCL_LTNE_effective_particle_resistance,numba,AIP_LIF_NAK_CARBONATE_RECIPROCAL_2017_V10,LiF-Na2CO3-K2CO3 reciprocal salt,fluoride_carbonate,homogeneous,1.0,none,0.5,True,True,charge_end_profile_reversed_for_counterflow,False,0.8407541146807479,1.9355054383151218,0.5470496966734363,0.008598923734162482,0.008598923734162482,0.008598923734162482,0.21617297732987784,19.671740937018882,500.0,550.0,2048,1.250614579955514,0.45,5.0,525.0,run-wise frozen at the registered transport-property temperature,0.0,0.0,0.0,25.0,initial state and every explicit transient time step,1.074539241247541,1230.4234536272913,1329.6995752085973,0.05501849493745559,0.05120194109763648,52.9108125,0.2799987087344822,1.3986039719169412,2.5172092350993167,0.2799987087344822,1.3986039719169412,2.5172092350993167,2.6818092311141566,0.957463716818042,0.9574637168224281,0.052678212656550864,0.9,"time integral of positive outlet enthalpy flow following the simulated charge end state, with linear within-step interpolation at the registered outlet-grade threshold",True,0.05885143359490275,1,1,0,0.90-to-0.10 solid-temperature thickness at charge t50; reported only for a single crossing of each isotherm,-1.3069545445887343e-09,1.1622258710985989e-09,0.9999999999954191,1.000000000008704,0.0,0.0,0.009640340326152031,0.0009956076633714668,4.5551097092409994e-08,0.32054008343881796,0.32054008343881796,27.373757098453936,8.621357888200773,8.621357888200773,1.6856793506068237,1.6856793506068237,0.49716427184989387,0.49716427184989387,1.3004770437669029,298.82087561034365,225.086940895358,773.15,823.1499999999999,True,AIP_AN_CHENG_SU_ZHANG_2017,Q1_primary_experiment_direct_table1_resolution,1.0,1.0,1.0,1.0,G0184,T1_homogeneous_none,20260821,183,0.0,5.790955388750883,Ceramic_sphere_Weiss2024,Tier_3_hypothetical_common_skeleton,unresolved,False,True,PASS,pooled_material_topology_unit_reference
G0185_T1_homogeneous_none__SOLAR_SALT_60_40_V10,V16_conservative_MUSCL_LTNE_effective_particle_resistance,numba,SOLAR_SALT_60_40_V10,Solar Salt (NaNO3-KNO3 60:40 wt%),nitrate,homogeneous,1.0,none,0.5,True,True,charge_end_profile_reversed_for_counterflow,False,1.1062450469410217,1.9724480977365904,0.5546489956755987,0.017471209112841952,0.017471209112841952,0.017471209112841952,0.12713579099756525,9.746865416828339,500.0,550.0,2048,3.1913361272225114,0.45,5.0,525.0,run-wise frozen at the registered transport-property temperature,0.0,0.0,0.0,25.0,initial state and every explicit transient time step,1.895824554801215,1846.5693291011737,2306.6477334837864,0.08081152226105731,0.042626055273100275,37.39729638493229,0.8297473930778653,4.146077518616267,7.4641806086710405,0.8297473930778653,4.146077518616267,7.4641806086710405,7.781316771301511,0.9364285252552882,0.9364285252630105,0.0756742146145568,0.9,"time integral of positive outlet enthalpy flow following the simulated charge end state, with linear within-step interpolation at the registered outlet-grade threshold",True,0.0880284613160764,1,1,0,0.90-to-0.10 solid-temperature thickness at charge t50; reported only for a single crossing of each isotherm,-2.2168045177295426e-09,2.6196822489055194e-09,0.9999999999917535,1.000000000017854,0.0,0.0,0.00011162780454925978,8.081481253169954e-06,7.464484515510533e-10,1.8416883903570178,1.8416883903570178,3.5449440459465764,7.460054045993774,7.460054045993774,1.1399054992857887,1.1399054992857887,0.5938442228158621,0.5938442228158621,0.9478465511025914,204.70350715615317,112.89705738149351,773.1499999999992,823.1499999999999,True,ZAVOICO_SANDIA_SOLAR_SALT_2001,Q1_authoritative_design_basis_full_property_vector,1.0,1.0,1.0,1.0,G0185,T1_homogeneous_none,20260821,184,0.0,4.629803777205189,Ceramic_sphere_Weiss2024,Tier_2_unit_pair_partial,direct_source_unit_pair,False,True,PASS,pooled_material_topology_unit_reference
G0185_T1_homogeneous_none__AIP_FLINAK_2017_V10,V16_conservative_MUSCL_LTNE_effective_particle_resistance,numba,AIP_FLINAK_2017_V10,FLiNaK (LiF-NaF-KF),fluoride,homogeneous,1.0,none,0.5,True,True,charge_end_profile_reversed_for_counterflow,False,1.1062450469410217,1.9724480977365904,0.5546489956755987,0.017471209112841952,0.017471209112841952,0.017471209112841952,0.1036900576258334,9.746865416828339,500.0,550.0,2048,4.695101710404084,0.45,5.0,525.0,run-wise frozen at the registered transport-property temperature,0.0,0.0,0.0,25.0,initial state and every explicit transient time step,1.895824554801215,2215.7307249295404,2306.6477334837864,0.09934281357956994,0.05240084760374171,55.02068055555556,1.0198804270933486,5.096793745627355,9.173707064161405,1.0198804270933486,5.096793745627355,9.173707064161405,9.732456452141308,0.9533501852571691,0.953350185265003,0.09470848973005142,0.9,"time integral of positive outlet enthalpy flow following the simulated charge end state, with linear within-step interpolation at the registered outlet-grade threshold",True,0.06462000719850321,1,1,0,0.90-to-0.10 solid-temperature thickness at charge t50; reported only for a single crossing of each isotherm,-2.7553181958239747e-09,-4.531930386519889e-10,0.9999999999917827,0.9999999999954411,0.0,0.0,0.0003976986437368843,1.9569990763364842e-05,1.8071701016164303e-09,0.2753466769130455,0.2753466769130455,19.164589033215517,7.720981960194162,7.720981960194162,1.4596394668553996,1.4596394668553996,0.5331105130094909,0.5331105130094909,1.3945169128566446,235.31344575203278,112.89705738149351,773.1499999999997,823.1499999999997,True,AIP_AN_CHENG_SU_ZHANG_2017;TASIDOU_ETAL_REFERENCE_VISCOSITY_2019,Q1_primary_experiment_common_table_domain,1.0,1.0,1.0,1.0,G0185,T1_homogeneous_none,20260821,184,0.0,4.629803777205189,Ceramic_sphere_Weiss2024,Tier_3_hypothetical_common_skeleton,unresolved,False,True,PASS,pooled_material_topology_unit_reference
G0185_T1_homogeneous_none__AIP_LIF_NAK_CARBONATE_RECIPROCAL_2017_V10,V16_conservative_MUSCL_LTNE_effective_particle_resistance,numba,AIP_LIF_NAK_CARBONATE_RECIPROCAL_2017_V10,LiF-Na2CO3-K2CO3 reciprocal salt,fluoride_carbonate,homogeneous,1.0,none,0.5,True,True,charge_end_profile_reversed_for_counterflow,False,1.1062450469410217,1.9724480977365904,0.5546489956755987,0.017471209112841952,0.017471209112841952,0.017471209112841952,0.1071084111739378,9.746865416828339,500.0,550.0,2048,4.515140954017129,0.45,5.0,525.0,run-wise frozen at the registered transport-property temperature,0.0,0.0,0.0,25.0,initial state and every explicit transient time step,1.895824554801215,2201.0094843353736,2306.6477334837864,0.09712425106044281,0.051230611405719814,52.9108125,0.9970936273454568,4.982959725086154,8.968825822825663,0.9970936273454568,4.982959725086154,8.968825822825663,9.509984290951067,0.9528161975864412,0.9528161975953545,0.092541559588842,0.9,"time integral of positive outlet enthalpy flow following the simulated charge end state, with linear within-step interpolation at the registered outlet-grade threshold",True,0.0653395764491668,1,1,0,0.90-to-0.10 solid-temperature thickness at charge t50; reported only for a single crossing of each isotherm,-3.081213062472443e-09,-4.740097203637106e-10,0.9999999999906453,0.999999999995125,0.0,0.0,0.0006296181408323924,3.2217754707965725e-05,2.9751110276097983e-09,0.18638832599256272,0.18638832599256272,27.373757098453936,7.844212663782433,7.844212663782433,1.5337290807986768,1.5337290807986768,0.5207689292758989,0.5207689292758989,1.3410416257889515,241.53363420199858,112.89705738149351,773.1499999999997,823.1499999999997,True,AIP_AN_CHENG_SU_ZHANG_2017,Q1_primary_experiment_direct_table1_resolution,1.0,1.0,1.0,1.0,G0185,T1_homogeneous_none,20260821,184,0.0,4.629803777205189,Ceramic_sphere_Weiss2024,Tier_3_hypothetical_common_skeleton,unresolved,False,True,PASS,pooled_material_topology_unit_reference
G0186_T1_homogeneous_none__SOLAR_SALT_60_40_V10,V16_conservative_MUSCL_LTNE_effective_particle_resistance,numba,SOLAR_SALT_60_40_V10,Solar Salt (NaNO3-KNO3 60:40 wt%),nitrate,homogeneous,1.0,none,0.5,True,True,charge_end_profile_reversed_for_counterflow,False,0.6751904395492365,1.4770678460148141,0.5705882049776213,0.01608371763023311,0.01608371763023311,0.01608371763023311,0.17153758755478024,13.150929149887228,500.0,550.0,2048,0.6787618518101097,0.45,5.0,525.0,run-wise frozen at the registered transport-property temperature,0.0,0.0,0.0,25.0,initial state and every explicit transient time step,0.5288626465271088,529.925632290616,620.4368130545229,0.022444357883845866,0.0424389168553151,37.39729638493229,0.17082173270554676,0.8533544836923923,1.547765567085915,0.17082173270554676,0.8533544836923923,1.547765567085915,1.5064218826010625,0.8789616252430285,0.878961625250017,0.01972772928312134,0.9,"time integral of positive outlet enthalpy flow following the simulated charge end state, with linear within-step interpolation at the registered outlet-grade threshold",True,0.1698142005975202,1,1,0,0.90-to-0.10 solid-temperature thickness at charge t50; reported only for a single crossing of each isotherm,-1.5942247522104935e-09,1.6996182239381596e-09,0.999999999992049,1.0000000000089866,0.0,0.0,0.0003395928266001072,3.317176369562735e-05,2.287528737213537e-09,6.140747033595198,6.140747033595198,3.5449440459465764,9.313626564404927,9.313626564404927,1.4231336761910962,1.4231336761910962,0.5394091791462367,0.5394091791462367,1.0112791649118182,54.606681591775015,91.83622095169835,773.1499999999999,823.1499999999999,True,ZAVOICO_SANDIA_SOLAR_SALT_2001,Q1_authoritative_design_basis_full_property_vector,1.0,1.0,1.0,1.0,G0186,T1_homogeneous_none,20260821,185,0.0,7.278288443471121,Ceramic_sphere_Weiss2024,Tier_2_unit_pair_partial,direct_source_unit_pair,False,True,PASS,pooled_material_topology_unit_reference
G0186_T1_homogeneous_none__AIP_FLINAK_2017_V10,V16_conservative_MUSCL_LTNE_effective_particle_resistance,numba,AIP_FLINAK_2017_V10,FLiNaK (LiF-NaF-KF),fluoride,homogeneous,1.0,none,0.5,True,True,charge_end_profile_reversed_for_counterflow,False,0.6751904395492365,1.4770678460148141,0.5705882049776213,0.01608371763023311,0.01608371763023311,0.01608371763023311,0.13990350159454495,13.150929149887224,500.0,550.0,2048,0.9986631614673137,0.45,5.0,525.0,run-wise frozen at the registered transport-property temperature,0.0,0.0,0.0,25.0,initial state and every explicit transient time step,0.5288626465271088,635.8670031444558,620.4368130545229,0.027762439428016445,0.05249461199486204,55.02068055555556,0.2113837025105841,1.0558088868179865,1.9043951676315762,0.21110629607684317,1.0555314803842455,1.9043951676315762,1.9221355026316644,0.9076689593090972,0.9076689593140502,0.025199104503509536,0.9,"time integral of positive outlet enthalpy flow following the simulated charge end state, with linear within-step interpolation at the registered outlet-grade threshold",True,0.1295423429071542,1,1,0,0.90-to-0.10 solid-temperature thickness at charge t50; reported only for a single crossing of each isotherm,-1.259592430358225e-09,1.4088286093283386e-09,0.9999999999945431,1.0000000000086566,0.0,0.0,0.0011060417843661231,7.343439369900424e-05,5.037313268559922e-09,0.9180892372006021,0.9180892372006021,19.164589033215517,9.188274489246975,9.188274489246975,1.7370288061738017,1.7370288061738017,0.4896638609316573,0.4896638609316573,1.4878419902974733,60.50438217423525,91.83622095169835,773.1499999999999,823.1499999999999,True,AIP_AN_CHENG_SU_ZHANG_2017;TASIDOU_ETAL_REFERENCE_VISCOSITY_2019,Q1_primary_experiment_common_table_domain,1.0,1.0,1.0,1.0,G0186,T1_homogeneous_none,20260821,185,0.0,7.278288443471121,Ceramic_sphere_Weiss2024,Tier_3_hypothetical_common_skeleton,unresolved,False,True,PASS,pooled_material_topology_unit_reference
G0187_T1_homogeneous_none__SOLAR_SALT_60_40_V10,V16_conservative_MUSCL_LTNE_effective_particle_resistance,numba,SOLAR_SALT_60_40_V10,Solar Salt (NaNO3-KNO3 60:40 wt%),nitrate,homogeneous,1.0,none,0.5,True,True,charge_end_profile_reversed_for_counterflow,False,1.0583613976924462,1.720068989076137,0.4466704483150372,0.011353607086603055,0.011353607086603055,0.011353607086603055,0.16489371781127557,12.64157687600144,500.0,550.0,2048,1.581648766795699,0.45,5.0,525.0,run-wise frozen at the registered transport-property temperature,0.0,0.0,0.0,25.0,initial state and every explicit transient time step,1.513225773890819,1186.9712316773791,2287.537856725957,0.06642123763522037,0.04389380539325438,37.39729638493229,0.5254588680799169,2.627294340399379,4.729129812719466,0.5254588680799169,2.627294340399379,4.729129812719466,4.981521886528195,0.946293143173859,0.9462931431850171,0.0628539617353305,0.9,"time integral of positive outlet enthalpy flow following the simulated charge end state, with linear within-step interpolation at the registered outlet-grade threshold",True,0.07404016983618923,1,1,0,0.90-to-0.10 solid-temperature thickness at charge t50; reported only for a single crossing of each isotherm,-3.481892552059662e-09,3.81066289634191e-09,0.9999999999882087,1.0000000000263571,0.0,0.0,0.0009539210450578535,8.957097410056762e-05,6.3773693332793935e-09,1.6958913531829218,1.6958913531829218,3.5449440459465764,8.817132054432117,8.817132054432117,1.3472687000402679,1.3472687000402679,0.5529868639776734,0.5529868639776734,0.6143637669637365,407.9264546246012,151.49978116697127,773.1499999999997,823.1499999999996,True,ZAVOICO_SANDIA_SOLAR_SALT_2001,Q1_authoritative_design_basis_full_property_vector,1.0,1.0,1.0,1.0,G0187,T1_homogeneous_none,20260821,186,0.0,4.942171398166918,Ceramic_sphere_Weiss2024,Tier_2_unit_pair_partial,direct_source_unit_pair,False,True,PASS,pooled_material_topology_unit_reference
G0188_T1_homogeneous_none__SOLAR_SALT_60_40_V10,V16_conservative_MUSCL_LTNE_effective_particle_resistance,numba,SOLAR_SALT_60_40_V10,Solar Salt (NaNO3-KNO3 60:40 wt%),nitrate,homogeneous,1.0,none,0.5,True,True,charge_end_profile_reversed_for_counterflow,False,0.9774696782306445,1.4522540072896253,0.45853464721037296,0.018050793622698198,0.018050793622698198,0.018050793622698198,0.13683475298524184,10.490436337613565,500.0,550.0,2048,1.409083100257625,0.45,5.0,525.0,run-wise frozen at the registered transport-property temperature,0.0,0.0,0.0,25.0,initial state and every explicit transient time step,1.0897805518014299,877.5269295589678,1612.0942187001986,0.047682814804935816,0.04375451069127187,37.39729638493229,0.4548207118053846,2.2729293231101155,4.101214645694486,0.4548207118053846,2.2729293231101155,4.101214645694486,4.139967795557365,0.9078124221328592,0.9078124221425962,0.043287051602181346,0.9,"time integral of positive outlet enthalpy flow following the simulated charge end state, with linear within-step interpolation at the registered outlet-grade threshold",True,0.12793436561214933,1,1,0,0.90-to-0.10 solid-temperature thickness at charge t50; reported only for a single crossing of each isotherm,-2.7368551869244584e-09,2.9265034839909276e-09,0.9999999999892742,1.0000000000185,0.0,0.0,0.00027988265388757886,2.180836729660087e-05,1.8757448720549486e-09,2.623095864116182,2.623095864116182,3.5449440459465764,9.395145566196057,9.395145566196057,1.4355898806455267,1.4355898806455267,0.5372433392430658,0.5372433392430658,0.6445011904323625,141.87935686893,80.45374833068117,773.1499999999995,823.1499999999997,True,ZAVOICO_SANDIA_SOLAR_SALT_2001,Q1_authoritative_design_basis_full_property_vector,1.0,1.0,1.0,1.0,G0188,T1_homogeneous_none,20260821,187,0.0,5.469368101657807,Ceramic_sphere_Weiss2024,Tier_2_unit_pair_partial,direct_source_unit_pair,False,True,PASS,pooled_material_topology_unit_reference
G0189_T1_homogeneous_none__SOLAR_SALT_60_40_V10,V16_conservative_MUSCL_LTNE_effective_particle_resistance,numba,SOLAR_SALT_60_40_V10,Solar Salt (NaNO3-KNO3 60:40 wt%),nitrate,homogeneous,1.0,none,0.5,True,True,charge_end_profile_reversed_for_counterflow,False,0.6655643956554312,1.581867875671973,0.4348653249830124,0.010833678228166957,0.010833678228166957,0.010833678228166957,0.3380390117275016,25.915760834088914,500.0,550.0,2048,0.27317715190561964,0.45,5.0,525.0,run-wise frozen at the registered transport-property temperature,0.0,0.0,0.0,25.0,initial state and every explicit transient time step,0.5503516217767246,420.28537040784965,849.7142483955973,0.024233306329809492,0.04403240650327518,37.39729638493229,0.09356317452767386,0.46758822501182506,0.8470009359919035,0.09356317452767386,0.46758822501182506,0.8470009359919035,0.8308645353057107,0.8848725105350623,0.8848725105459632,0.021443386610623744,0.9,"time integral of positive outlet enthalpy flow following the simulated charge end state, with linear within-step interpolation at the registered outlet-grade threshold",True,0.16027156830308853,1,1,0,0.90-to-0.10 solid-temperature thickness at charge t50; reported only for a single crossing of each isotherm,-2.69571032163185e-09,2.824962486158711e-09,0.9999999999876809,1.0000000000159615,0.0,0.0,0.006395015910209766,0.0012310032790097136,4.3025945999277375e-08,8.388622108782005,8.388622108782005,3.5449440459465764,12.939628024529814,12.939628024529814,1.9771911909666549,1.9771911909666549,0.4573906918941024,0.4573906918941024,0.5856323564370957,98.53864329195852,146.0139245745,773.1499999999999,823.1499999999997,True,ZAVOICO_SANDIA_SOLAR_SALT_2001,Q1_authoritative_design_basis_full_property_vector,1.0,1.0,1.0,1.0,G0189,T1_homogeneous_none,20260821,188,0.0,7.27426496518178,Ceramic_sphere_Weiss2024,Tier_2_unit_pair_partial,direct_source_unit_pair,False,True,PASS,pooled_material_topology_unit_reference
G0189_T1_homogeneous_none__NREL_MGCL2_KCL_NACL_BASELINE_V10,V16_conservative_MUSCL_LTNE_effective_particle_resistance,numba,NREL_MGCL2_KCL_NACL_BASELINE_V10,Purified MgCl2-KCl-NaCl baseline (NREL),chloride,homogeneous,1.0,none,0.5,True,True,charge_end_profile_reversed_for_counterflow,False,0.6655643956554312,1.581867875671973,0.4348653249830124,0.010833678228166957,0.010833678228166957,0.010833678228166957,0.49489316062242067,25.915760834088914,500.0,550.0,2048,0.1770137621655018,0.45,5.0,525.0,run-wise frozen at the registered transport-property temperature,0.0,0.0,0.0,25.0,initial state and every explicit transient time step,0.5503516217767246,398.57944154893505,849.7142483955973,0.02108255951056111,0.038307435967026585,24.232368745617165,0.08137716010664171,0.40678745955419476,0.7410976175995998,0.08137716010664171,0.40678745955419476,0.7410976175995998,0.7049036751174861,0.8621145954022691,0.8621145954214946,0.018175582262491653,0.9,"time integral of positive outlet enthalpy flow following the simulated charge end state, with linear within-step interpolation at the registered outlet-grade threshold",True,0.19204484509772204,1,1,0,0.90-to-0.10 solid-temperature thickness at charge t50; reported only for a single crossing of each isotherm,-4.4430237267079065e-09,3.7105207795207207e-09,0.9999999999776995,1.0000000000194902,0.0,0.0,0.023567187094888985,0.007003245281699967,2.461792360236696e-07,4.821589126906687,4.821589126906687,7.464421665217784,13.353825365292,13.353825365292,1.6859559328655491,1.6859559328655491,0.49712325714776634,0.49712325714776634,0.3794728652167004,91.32315137886887,146.0139245745,773.1499999999999,823.1499999999992,True,NREL_ZHAO_CHLORIDE_2020,Q1_official_lab_measured_correlations,1.0,1.0,1.0,1.0,G0189,T1_homogeneous_none,20260821,188,0.0,7.27426496518178,Ceramic_sphere_Weiss2024,Tier_3_hypothetical_common_skeleton,unresolved,False,True,PASS,pooled_material_topology_unit_reference
G0189_T1_homogeneous_none__AIP_FLINAK_2017_V10,V16_conservative_MUSCL_LTNE_effective_particle_resistance,numba,AIP_FLINAK_2017_V10,FLiNaK (LiF-NaF-KF),fluoride,homogeneous,1.0,none,0.5,True,True,charge_end_profile_reversed_for_counterflow,False,0.6655643956554312,1.581867875671973,0.4348653249830124,0.010833678228166957,0.010833678228166957,0.010833678228166957,0.2756995833413714,25.915760834088914,500.0,550.0,2048,0.40190490626316827,0.45,5.0,525.0,run-wise frozen at the registered transport-property temperature,0.0,0.0,0.0,25.0,initial state and every explicit transient time step,0.5503516217767246,504.3077418080751,849.7142483955973,0.028451090364881675,0.051696205187933775,55.02068055555556,0.10985400771193034,0.5489351178044101,0.9908072341903389,0.10985400771193034,0.5489351178044101,0.9908072341903389,0.997750201586517,0.9058254580076904,0.9058254580157337,0.02577172196058713,0.9,"time integral of positive outlet enthalpy flow following the simulated charge end state, with linear within-step interpolation at the registered outlet-grade threshold",True,0.13107077738915537,1,1,0,0.90-to-0.10 solid-temperature thickness at charge t50; reported only for a single crossing of each isotherm,-2.1416535211926657e-09,2.272959598315083e-09,0.9999999999911207,1.0000000000138747,0.0,0.0,0.020734976123631847,0.0027129328498480586,9.44776969539265e-08,1.254163969120026,1.254163969120026,19.164589033215517,12.256444037458914,12.256444037458914,2.317061422059026,2.317061422059026,0.41836858077324174,0.41836858077324174,0.8616101676137523,105.62511569631182,146.0139245745,773.1499999999997,823.1499999999997,True,AIP_AN_CHENG_SU_ZHANG_2017;TASIDOU_ETAL_REFERENCE_VISCOSITY_2019,Q1_primary_experiment_common_table_domain,1.0,1.0,1.0,1.0,G0189,T1_homogeneous_none,20260821,188,0.0,7.27426496518178,Ceramic_sphere_Weiss2024,Tier_3_hypothetical_common_skeleton,unresolved,False,True,PASS,pooled_material_topology_unit_reference
G0189_T1_homogeneous_none__AIP_LINAK_CARBONATE_2017_V10,V16_conservative_MUSCL_LTNE_effective_particle_resistance,numba,AIP_LINAK_CARBONATE_2017_V10,Li2CO3-Na2CO3-K2CO3 eutectic,carbonate,homogeneous,1.0,none,0.5,True,True,charge_end_profile_reversed_for_counterflow,False,0.6655643956554312,1.581867875671973,0.4348653249830124,0.010833678228166957,0.010833678228166957,0.010833678228166957,0.321934917193651,25.915760834088907,500.0,550.0,2048,0.3335768900243633,0.45,5.0,525.0,run-wise frozen at the registered transport-property temperature,0.0,0.0,0.0,25.0,initial state and every explicit transient time step,0.5503516217767246,488.74538419132745,849.7142483955973,0.02621194472528244,0.047627632386475494,45.664743055555554,0.10118498997405641,0.505739629375881,0.914834620891754,0.10118498997405641,0.505739629375881,0.914834620891754,0.9054380477653282,0.89175950679307,0.8917595068091898,0.023374750900305084,0.9,"time integral of positive outlet enthalpy flow following the simulated charge end state, with linear within-step interpolation at the registered outlet-grade threshold",True,0.15078190778058648,1,1,0,0.90-to-0.10 solid-temperature thickness at charge t50; reported only for a single crossing of each isotherm,-5.113209855522882e-09,1.9981793997203567e-10,0.9999999999819237,0.9999999999960748,0.0,0.0,0.06004682095473287,0.009466086395124706,3.303800480801292e-07,0.6013142243314104,0.6013142243314104,56.93282447382672,13.729040202699077,13.729040202699077,1.822228604606554,1.822228604606554,0.47770613247970645,0.47770613247970645,0.7150985142469924,94.84932959372551,146.0139245745,773.1499999999984,823.1499999999994,True,AIP_AN_CHENG_SU_ZHANG_2017;TASIDOU_ETAL_REFERENCE_VISCOSITY_2019,Q1_primary_experiment_common_table_domain,1.0,1.0,1.0,1.0,G0189,T1_homogeneous_none,20260821,188,0.0,7.27426496518178,Ceramic_sphere_Weiss2024,Tier_3_hypothetical_common_skeleton,unresolved,False,True,PASS,pooled_material_topology_unit_reference
G0189_T1_homogeneous_none__AIP_LIF_NAK_CARBONATE_RECIPROCAL_2017_V10,V16_conservative_MUSCL_LTNE_effective_particle_resistance,numba,AIP_LIF_NAK_CARBONATE_RECIPROCAL_2017_V10,LiF-Na2CO3-K2CO3 reciprocal salt,fluoride_carbonate,homogeneous,1.0,none,0.5,True,True,charge_end_profile_reversed_for_counterflow,False,0.6655643956554312,1.581867875671973,0.4348653249830124,0.010833678228166957,0.010833678228166957,0.010833678228166957,0.2847885805943836,25.915760834088914,500.0,550.0,2048,0.38650018252727547,0.45,5.0,525.0,run-wise frozen at the registered transport-property temperature,0.0,0.0,0.0,25.0,initial state and every explicit transient time step,0.5503516217767246,500.957138092051,849.7142483955973,0.02794613809721989,0.050778696730283325,52.9108125,0.10789796762219955,0.539275115787333,0.9733362929980274,0.10789796762219955,0.539275115787333,0.9733362929980274,0.9790254387835363,0.9048463161746649,0.9048463161832689,0.025286960108577877,0.9,"time integral of positive outlet enthalpy flow following the simulated charge end state, with linear within-step interpolation at the registered outlet-grade threshold",True,0.13243221806203642,1,1,0,0.90-to-0.10 solid-temperature thickness at charge t50; reported only for a single crossing of each isotherm,-2.3388846415173248e-09,2.4854340807678454e-09,0.9999999999904913,1.0000000000153297,0.0,0.0,0.032634505526096876,0.0044401134674246995,1.546447515516895e-07,0.8489716503761969,0.8489716503761969,27.373757098453936,12.319913304042242,12.319913304042242,2.4088344002413677,2.4088344002413677,0.40894767031213625,0.40894767031213625,0.8285701588273369,107.3359668032581,146.0139245745,773.1499999999999,823.1499999999997,True,AIP_AN_CHENG_SU_ZHANG_2017,Q1_primary_experiment_direct_table1_resolution,1.0,1.0,1.0,1.0,G0189,T1_homogeneous_none,20260821,188,0.0,7.27426496518178,Ceramic_sphere_Weiss2024,Tier_3_hypothetical_common_skeleton,unresolved,False,True,PASS,pooled_material_topology_unit_reference
G0190_T1_homogeneous_none__SOLAR_SALT_60_40_V10,V16_conservative_MUSCL_LTNE_effective_particle_resistance,numba,SOLAR_SALT_60_40_V10,Solar Salt (NaNO3-KNO3 60:40 wt%),nitrate,homogeneous,1.0,none,0.5,True,True,charge_end_profile_reversed_for_counterflow,False,1.0417635406305377,1.5958178979768052,0.5328627685306816,0.008661251841574392,0.008661251841574392,0.008661251841574392,0.1894577928411297,14.52478168816521,500.0,550.0,2048,1.4761614758140014,0.45,5.0,525.0,run-wise frozen at the registered transport-property temperature,0.0,0.0,0.0,25.0,initial state and every explicit transient time step,1.3602274067810163,1272.8468168701563,1735.947947104527,0.05832905690385392,0.04288184211924524,37.39729638493229,0.40184395730492745,2.007989651961196,3.6145453914716303,0.40184395730492745,2.007989651961196,3.6145453914716303,3.8430246636823924,0.9554704642110203,0.9554704642247556,0.05573169107691632,0.9,"time integral of positive outlet enthalpy flow following the simulated charge end state, with linear within-step interpolation at the registered outlet-grade threshold",True,0.061425211927110535,1,1,0,0.90-to-0.10 solid-temperature thickness at charge t50; reported only for a single crossing of each isotherm,-4.761335770098185e-09,-9.256706512417168e-10,0.9999999999856246,0.9999999999907233,0.0,0.0,0.0007589321403005868,8.187780207137622e-05,5.073818228001646e-09,1.5342031486859706,1.5342031486859706,3.5449440459465764,7.491393471121867,7.491393471121867,1.1446942022667215,1.1446942022667215,0.5928327042906409,0.5928327042906409,0.8681467297322375,421.6973828259527,184.2479502000864,773.1499999999993,823.1499999999996,True,ZAVOICO_SANDIA_SOLAR_SALT_2001,Q1_authoritative_design_basis_full_property_vector,1.0,1.0,1.0,1.0,G0190,T1_homogeneous_none,20260821,189,0.0,5.092918746642104,Ceramic_sphere_Weiss2024,Tier_2_unit_pair_partial,direct_source_unit_pair,False,True,PASS,pooled_material_topology_unit_reference
G0190_T1_homogeneous_none__AIP_FLINAK_2017_V10,V16_conservative_MUSCL_LTNE_effective_particle_resistance,numba,AIP_FLINAK_2017_V10,FLiNaK (LiF-NaF-KF),fluoride,homogeneous,1.0,none,0.5,True,True,charge_end_profile_reversed_for_counterflow,False,1.0417635406305377,1.5958178979768052,0.5328627685306816,0.008661251841574392,0.008661251841574392,0.008661251841574392,0.1545189541294171,14.52478168816521,500.0,550.0,2048,2.171776048541881,0.45,5.0,525.0,run-wise frozen at the registered transport-property temperature,0.0,0.0,0.0,25.0,initial state and every explicit transient time step,1.3602274067810163,1527.3110821356256,1735.947947104527,0.07110274202660191,0.05227268739928336,55.02068055555556,0.48985615317111797,2.4480742236062865,4.406292294042195,0.48985615317111797,2.4480742236062865,4.406292294042195,4.744885517443846,0.9682142792192026,0.9682142792279378,0.06884269012179527,0.9,"time integral of positive outlet enthalpy flow following the simulated charge end state, with linear within-step interpolation at the registered outlet-grade threshold",True,0.043949021858654735,1,1,0,0.90-to-0.10 solid-temperature thickness at charge t50; reported only for a single crossing of each isotherm,-2.9775293342027e-09,-4.354072657974939e-10,0.9999999999909779,0.9999999999956284,0.0,0.0,0.0027256967607088805,0.00019987509947615943,1.2386415565565896e-08,0.22937525203073134,0.22937525203073134,19.164589033215517,7.778594145613005,7.778594145613005,1.4705309596788099,1.4705309596788099,0.5312596989970848,0.5312596989970848,1.2772587462015852,485.4676695327596,184.2479502000864,773.1499999999996,823.1499999999999,True,AIP_AN_CHENG_SU_ZHANG_2017;TASIDOU_ETAL_REFERENCE_VISCOSITY_2019,Q1_primary_experiment_common_table_domain,1.0,1.0,1.0,1.0,G0190,T1_homogeneous_none,20260821,189,0.0,5.092918746642104,Ceramic_sphere_Weiss2024,Tier_3_hypothetical_common_skeleton,unresolved,False,True,PASS,pooled_material_topology_unit_reference
G0191_T1_homogeneous_none__SOLAR_SALT_60_40_V10,V16_conservative_MUSCL_LTNE_effective_particle_resistance,numba,SOLAR_SALT_60_40_V10,Solar Salt (NaNO3-KNO3 60:40 wt%),nitrate,homogeneous,1.0,none,0.5,True,True,charge_end_profile_reversed_for_counterflow,False,1.04588536243136,1.4201105881630203,0.4760190626803723,0.011724035485692126,0.011724035485692126,0.011724035485692126,0.1737008836667988,13.316778246315131,500.0,550.0,2048,1.2901107715322864,0.45,5.0,525.0,run-wise frozen at the registered transport-property temperature,0.0,0.0,0.0,25.0,initial state and every explicit transient time step,1.2200572687962663,1019.8911057971573,1746.53140451743,0.053132555075601565,0.04354923037999949,37.39729638493229,0.39921761096860237,1.9950129625335775,3.592241770510468,0.39921761096860237,1.9950129625335775,3.592241770510468,3.7446814725857642,0.9364221414604574,0.9364221414765909,0.04975450100516051,0.9,"time integral of positive outlet enthalpy flow following the simulated charge end state, with linear within-step interpolation at the registered outlet-grade threshold",True,0.08782785354246185,1,1,0,0.90-to-0.10 solid-temperature thickness at charge t50; reported only for a single crossing of each isotherm,-5.524369850462563e-09,-1.0273115691461498e-09,0.9999999999827712,0.9999999999892997,0.0,0.0,0.0005938635898462559,5.87407495779466e-05,3.971406493904733e-09,1.889030716709617,1.889030716709617,3.5449440459465764,8.554541523446293,8.554541523446293,1.3071445416245708,1.3071445416245708,0.5604480412273176,0.5604480412273176,0.6914027406335418,272.64370129051764,121.12813799447352,773.1499999999992,823.1499999999995,True,ZAVOICO_SANDIA_SOLAR_SALT_2001,Q1_authoritative_design_basis_full_property_vector,1.0,1.0,1.0,1.0,G0191,T1_homogeneous_none,20260821,190,0.0,5.232851953912228,Ceramic_sphere_Weiss2024,Tier_2_unit_pair_partial,direct_source_unit_pair,False,True,PASS,pooled_material_topology_unit_reference
G0192_T1_homogeneous_none__SOLAR_SALT_60_40_V10,V16_conservative_MUSCL_LTNE_effective_particle_resistance,numba,SOLAR_SALT_60_40_V10,Solar Salt (NaNO3-KNO3 60:40 wt%),nitrate,homogeneous,1.0,none,0.5,True,True,charge_end_profile_reversed_for_counterflow,False,0.9887595419890627,1.2325814617378716,0.46090811561712053,0.00816447514474546,0.00816447514474546,0.00816447514474546,0.17455340431743568,13.382136741996206,500.0,550.0,2048,0.9642708547808067,0.45,5.0,525.0,run-wise frozen at the registered transport-property temperature,0.0,0.0,0.0,25.0,initial state and every explicit transient time step,0.9464264917500466,766.0383045149978,1393.896017249765,0.041384054627393606,0.04372664437030914,37.39729638493229,0.30937023257550883,1.5463154568471105,2.78352853413345,0.30937023257550883,1.5463154568471105,2.78352853413345,2.942885156059479,0.9499333492649974,0.9499333492747188,0.03931209361836563,0.9,"time integral of positive outlet enthalpy flow following the simulated charge end state, with linear within-step interpolation at the registered outlet-grade threshold",True,0.06900398227784493,1,1,0,0.90-to-0.10 solid-temperature thickness at charge t50; reported only for a single crossing of each isotherm,-3.069777765318804e-09,3.348166188743562e-09,0.9999999999897662,1.0000000000231235,0.0,0.0,0.001380087840860281,0.00013717842428065684,9.226743529376636e-09,1.4791194800734302,1.4791194800734302,3.5449440459465764,8.398942172607248,8.398942172607248,1.2833687680694215,1.2833687680694215,0.5649649651804157,0.5649649651804157,0.650689502811687,441.9110603165908,150.9688546888582,773.1499999999997,823.1499999999997,True,ZAVOICO_SANDIA_SOLAR_SALT_2001,Q1_authoritative_design_basis_full_property_vector,1.0,1.0,1.0,1.0,G0192,T1_homogeneous_none,20260821,191,0.0,5.668083775780266,Ceramic_sphere_Weiss2024,Tier_2_unit_pair_partial,direct_source_unit_pair,False,True,PASS,pooled_material_topology_unit_reference
G0192_T1_homogeneous_none__AIP_FLINAK_2017_V10,V16_conservative_MUSCL_LTNE_effective_particle_resistance,numba,AIP_FLINAK_2017_V10,FLiNaK (LiF-NaF-KF),fluoride,homogeneous,1.0,none,0.5,True,True,charge_end_profile_reversed_for_counterflow,False,0.9887595419890627,1.2325814617378716,0.46090811561712053,0.00816447514474546,0.00816447514474546,0.00816447514474546,0.14236315682974687,13.382136741996206,500.0,550.0,2048,1.4186331760658377,0.45,5.0,525.0,run-wise frozen at the registered transport-property temperature,0.0,0.0,0.0,25.0,initial state and every explicit transient time step,0.9464264917500466,919.1827141486194,1393.896017249765,0.04907165062413679,0.05184940515918771,55.02068055555556,0.36687430192146875,1.8335833800649506,3.300292458209057,0.36687430192146875,1.8335833800649506,3.300292458209057,3.5330212507445005,0.9622011186876399,0.9622011186984516,0.04721679712639344,0.9,"time integral of positive outlet enthalpy flow following the simulated charge end state, with linear within-step interpolation at the registered outlet-grade threshold",True,0.05213949203406131,1,1,0,0.90-to-0.10 solid-temperature thickness at charge t50; reported only for a single crossing of each isotherm,-3.6548208903752766e-09,-5.143996339995738e-10,0.9999999999887635,0.9999999999947974,0.0,0.0,0.004982184064592624,0.0003366020626394417,2.2638024900677637e-08,0.22113981698968066,0.22113981698968066,19.164589033215517,8.68206469044554,8.68206469044554,1.641330641788902,1.641330641788902,0.5038295111082775,0.5038295111082775,0.9573253346057333,504.01280194565106,150.9688546888582,773.15,823.1499999999996,True,AIP_AN_CHENG_SU_ZHANG_2017;TASIDOU_ETAL_REFERENCE_VISCOSITY_2019,Q1_primary_experiment_common_table_domain,1.0,1.0,1.0,1.0,G0192,T1_homogeneous_none,20260821,191,0.0,5.668083775780266,Ceramic_sphere_Weiss2024,Tier_3_hypothetical_common_skeleton,unresolved,False,True,PASS,pooled_material_topology_unit_reference
G0192_T1_homogeneous_none__AIP_LIF_NAK_CARBONATE_RECIPROCAL_2017_V10,V16_conservative_MUSCL_LTNE_effective_particle_resistance,numba,AIP_LIF_NAK_CARBONATE_RECIPROCAL_2017_V10,LiF-Na2CO3-K2CO3 reciprocal salt,fluoride_carbonate,homogeneous,1.0,none,0.5,True,True,charge_end_profile_reversed_for_counterflow,False,0.9887595419890627,1.2325814617378716,0.46090811561712053,0.00816447514474546,0.00816447514474546,0.00816447514474546,0.14705644771424403,13.382136741996206,500.0,550.0,2048,1.3642376265532041,0.45,5.0,525.0,run-wise frozen at the registered transport-property temperature,0.0,0.0,0.0,25.0,initial state and every explicit transient time step,0.9464264917500466,913.0756950362626,1393.896017249765,0.048151293157006135,0.050876949849500835,52.9108125,0.3600071514515342,1.7992778474653404,3.2385485434785393,0.3600071514515342,1.7992778474653404,3.2385485434785393,3.465627876149148,0.9618745813053414,0.9618745813123729,0.04631550494470603,0.9,"time integral of positive outlet enthalpy flow following the simulated charge end state, with linear within-step interpolation at the registered outlet-grade threshold",True,0.05258085487509909,1,1,0,0.90-to-0.10 solid-temperature thickness at charge t50; reported only for a single crossing of each isotherm,-2.2429169632687262e-09,2.484523697887653e-09,0.9999999999926897,1.0000000000175644,0.0,0.0,0.007893690204834568,0.0005545728574436894,3.729933303911004e-08,0.14969448972876065,0.14969448972876065,27.373757098453936,8.817564620225665,8.817564620225665,1.7240424067417581,1.7240424067417581,0.4915392711623271,0.4915392711623271,0.9206149536750721,516.497297518088,150.9688546888582,773.1499999999999,823.1499999999999,True,AIP_AN_CHENG_SU_ZHANG_2017,Q1_primary_experiment_direct_table1_resolution,1.0,1.0,1.0,1.0,G0192,T1_homogeneous_none,20260821,191,0.0,5.668083775780266,Ceramic_sphere_Weiss2024,Tier_3_hypothetical_common_skeleton,unresolved,False,True,PASS,pooled_material_topology_unit_reference
G0193_T1_homogeneous_none__SOLAR_SALT_60_40_V10,V16_conservative_MUSCL_LTNE_effective_particle_resistance,numba,SOLAR_SALT_60_40_V10,Solar Salt (NaNO3-KNO3 60:40 wt%),nitrate,homogeneous,1.0,none,0.5,True,True,charge_end_profile_reversed_for_counterflow,False,0.8923485550500354,1.225393476554481,0.4430588283086931,0.01561637587348822,0.01561637587348822,0.01561637587348822,0.16147609688803044,12.379564967920855,500.0,550.0,2048,0.8113576675842574,0.45,5.0,525.0,run-wise frozen at the registered transport-property temperature,0.0,0.0,0.0,25.0,initial state and every explicit transient time step,0.7663629400427007,596.2729835646917,1166.0697095346582,0.03367108196174561,0.04393620855396466,37.39729638493229,0.27203019577061477,1.360150978852931,2.4579629785202783,0.27203019577061477,1.360150978852931,2.4579629785202783,2.449585075039163,0.8973036573631474,0.8973036573736269,0.03021318499164864,0.9,"time integral of positive outlet enthalpy flow following the simulated charge end state, with linear within-step interpolation at the registered outlet-grade threshold",True,0.1427015451378033,1,1,0,0.90-to-0.10 solid-temperature thickness at charge t50; reported only for a single crossing of each isotherm,-2.732514214898174e-09,2.9009017410430715e-09,0.9999999999883212,1.000000000017349,0.0,0.0,0.0005293145685731632,4.867128896940159e-05,3.552966505191846e-09,3.2132719655399193,3.2132719655399193,3.5449440459465764,10.071208802033926,10.071208802033926,1.5388931805472732,1.5388931805472732,0.5199299798177915,0.5199299798177915,0.6054444602194092,120.53841475739712,78.46849272082522,773.1499999999999,823.1499999999997,True,ZAVOICO_SANDIA_SOLAR_SALT_2001,Q1_authoritative_design_basis_full_property_vector,1.0,1.0,1.0,1.0,G0193,T1_homogeneous_none,20260821,192,0.0,6.114682157329855,Ceramic_sphere_Weiss2024,Tier_2_unit_pair_partial,direct_source_unit_pair,False,True,PASS,pooled_material_topology_unit_reference
G0194_T1_homogeneous_none__SOLAR_SALT_60_40_V10,V16_conservative_MUSCL_LTNE_effective_particle_resistance,numba,SOLAR_SALT_60_40_V10,Solar Salt (NaNO3-KNO3 60:40 wt%),nitrate,homogeneous,1.0,none,0.5,True,True,charge_end_profile_reversed_for_counterflow,False,0.9840459057665989,1.537302831892024,0.44201096437461956,0.00919779533077911,0.00919779533077911,0.00919779533077911,0.1194594635898064,9.158359776112507,500.0,550.0,2048,1.669195903241078,0.45,5.0,525.0,run-wise frozen at the registered transport-property temperature,0.0,0.0,0.0,25.0,initial state and every explicit transient time step,1.1691763612334312,907.5327606702077,1782.322896646692,0.05138356049069144,0.0439485112720582,37.39729638493229,0.5614989552291695,2.8056401140313616,5.049781272833166,0.5614989552291695,2.8056401140313616,5.049781272833166,5.385385051163586,0.9584489194943518,0.9584489195125001,0.04924851803207588,0.9,"time integral of positive outlet enthalpy flow following the simulated charge end state, with linear within-step interpolation at the registered outlet-grade threshold",True,0.05719945345262302,1,1,0,0.90-to-0.10 solid-temperature thickness at charge t50; reported only for a single crossing of each isotherm,-6.1293747855017955e-09,-9.598322137094328e-10,0.999999999981065,0.9999999999903421,0.0,0.0,0.0011295330594223746,7.683697590430488e-05,7.551246318420914e-09,1.1513347736593864,1.1513347736593864,3.5449440459465764,8.309051127257941,8.309051127257941,1.2696333049885271,1.2696333049885271,0.5676077658125528,0.5676077658125528,0.6028782505163411,646.6084190142478,167.1381865551693,773.1499999999995,823.1499999999993,True,ZAVOICO_SANDIA_SOLAR_SALT_2001,Q1_authoritative_design_basis_full_property_vector,1.0,1.0,1.0,1.0,G0194,T1_homogeneous_none,20260821,193,0.0,5.365830861187105,Ceramic_sphere_Weiss2024,Tier_2_unit_pair_partial,direct_source_unit_pair,False,True,PASS,pooled_material_topology_unit_reference
G0195_T1_homogeneous_none__SOLAR_SALT_60_40_V10,V16_conservative_MUSCL_LTNE_effective_particle_resistance,numba,SOLAR_SALT_60_40_V10,Solar Salt (NaNO3-KNO3 60:40 wt%),nitrate,homogeneous,1.0,none,0.5,True,True,charge_end_profile_reversed_for_counterflow,False,0.7875599077478124,1.2676002940297293,0.4358169109635391,0.016034631553977982,0.016034631553977982,0.016034631553977982,0.34559542304976865,26.49507310811051,500.0,550.0,2048,0.3004628329318285,0.45,5.0,525.0,run-wise frozen at the registered transport-property temperature,0.0,0.0,0.0,25.0,initial state and every explicit transient time step,0.6175034829021663,472.59892835699384,951.7878814003824,0.027183265416345765,0.04402123416144768,37.39729638493229,0.10265813458504124,0.5130402872310799,0.94178405744511,0.10265813458504124,0.5130402872310799,0.94178405744511,0.8655849944613148,0.8387676678967605,0.838767667907059,0.022800444139087002,0.9,"time integral of positive outlet enthalpy flow following the simulated charge end state, with linear within-step interpolation at the registered outlet-grade threshold",True,0.2262027640619329,1,1,0,0.90-to-0.10 solid-temperature thickness at charge t50; reported only for a single crossing of each isotherm,-1.9439783116581566e-09,2.053801573254077e-09,0.9999999999877218,1.0000000000081524,0.0,0.0,0.0017117769659006578,0.00033687277757376416,1.16712030893628e-08,9.065417417984596,9.065417417984596,3.5449440459465764,13.201597819899053,13.201597819899053,2.0172205002112085,2.0172205002112085,0.4524206608855451,0.4524206608855451,0.587903780670186,49.73548967275649,79.0539083958717,773.1499999999995,823.1499999999996,True,ZAVOICO_SANDIA_SOLAR_SALT_2001,Q1_authoritative_design_basis_full_property_vector,1.0,1.0,1.0,1.0,G0195,T1_homogeneous_none,20260821,194,0.0,6.656763128714397,Ceramic_sphere_Weiss2024,Tier_2_unit_pair_partial,direct_source_unit_pair,False,True,PASS,pooled_material_topology_unit_reference
G0196_T1_homogeneous_none__SOLAR_SALT_60_40_V10,V16_conservative_MUSCL_LTNE_effective_particle_resistance,numba,SOLAR_SALT_60_40_V10,Solar Salt (NaNO3-KNO3 60:40 wt%),nitrate,homogeneous,1.0,none,0.5,True,True,charge_end_profile_reversed_for_counterflow,False,1.0274858564453564,1.4422470331023816,0.4578843952461741,0.017086643906631227,0.017086643906631227,0.017086643906631227,0.22499668939557532,17.24937119251178,500.0,550.0,2048,0.9390277831708477,0.45,5.0,525.0,run-wise frozen at the registered transport-property temperature,0.0,0.0,0.0,25.0,initial state and every explicit transient time step,1.1958624807950675,961.5820027185482,1771.1438851256125,0.05233350745560237,0.04376214514298376,37.39729638493229,0.30361898322524683,1.5170515519226073,2.742743650011817,0.30361898322524683,1.5170515519226073,2.742743650011817,2.7255397538806267,0.8949776983755465,0.8949776983757168,0.046837322050534515,0.9,"time integral of positive outlet enthalpy flow following the simulated charge end state, with linear within-step interpolation at the registered outlet-grade threshold",True,0.14605786631927375,1,1,0,0.90-to-0.10 solid-temperature thickness at charge t50; reported only for a single crossing of each isotherm,1.0635714531304075e-09,5.4116489067723705e-09,0.9999999999998097,1.0000000000355258,0.0,0.0,0.0004748220008683886,6.0835589230437e-05,3.1883287432638178e-09,3.6949556441037235,3.6949556441037235,3.5449440459465764,10.11605024595741,10.11605024595741,1.545745008725615,1.545745008725615,0.5188210089739331,0.5188210089739331,0.6428152534741094,110.01096200363902,84.4078592018093,773.1499999999999,823.1499999999999,True,ZAVOICO_SANDIA_SOLAR_SALT_2001,Q1_authoritative_design_basis_full_property_vector,1.0,1.0,1.0,1.0,G0196,T1_homogeneous_none,20260821,195,0.0,5.279722614334185,Ceramic_sphere_Weiss2024,Tier_2_unit_pair_partial,direct_source_unit_pair,False,True,PASS,pooled_material_topology_unit_reference
G0197_T1_homogeneous_none__SOLAR_SALT_60_40_V10,V16_conservative_MUSCL_LTNE_effective_particle_resistance,numba,SOLAR_SALT_60_40_V10,Solar Salt (NaNO3-KNO3 60:40 wt%),nitrate,homogeneous,1.0,none,0.5,True,True,charge_end_profile_reversed_for_counterflow,False,0.9106572917853182,2.016290105019689,0.5401950909091175,0.010246596134829235,0.010246596134829235,0.010246596134829235,0.15512866609268153,11.892939185995429,500.0,550.0,2048,1.7645272593436678,0.45,5.0,525.0,run-wise frozen at the registered transport-property temperature,0.0,0.0,0.0,25.0,initial state and every explicit transient time step,1.313266418297608,1245.812588825836,1649.708217483567,0.056202228002810155,0.04279575508803866,37.39729638493229,0.4729913347962838,2.3629960881376455,4.253490987939935,0.4729913347962838,2.3629960881376455,4.253490987939935,4.504944642630998,0.9516709677706107,0.9516709677706187,0.053486028714298854,0.9,"time integral of positive outlet enthalpy flow following the simulated charge end state, with linear within-step interpolation at the registered outlet-grade threshold",True,0.06671557485949034,1,1,0,0.90-to-0.10 solid-temperature thickness at charge t50; reported only for a single crossing of each isotherm,5.249800594242515e-10,4.423883481763369e-09,0.9999999999999916,1.000000000030647,0.0,0.0,0.0006899611745372184,6.0949124003017214e-05,4.612745061578427e-09,1.9448664112465588,1.9448664112465588,3.5449440459465764,7.716373574525312,7.716373574525312,1.179071440758337,1.179071440758337,0.5856711347815375,0.5856711347815375,0.8941271220161363,355.8493349345342,196.7765761906153,773.15,823.1499999999997,True,ZAVOICO_SANDIA_SOLAR_SALT_2001,Q1_authoritative_design_basis_full_property_vector,1.0,1.0,1.0,1.0,G0197,T1_homogeneous_none,20260821,196,0.0,5.384352501394019,Ceramic_sphere_Weiss2024,Tier_2_unit_pair_partial,direct_source_unit_pair,False,True,PASS,pooled_material_topology_unit_reference
G0197_T1_homogeneous_none__AIP_FLINAK_2017_V10,V16_conservative_MUSCL_LTNE_effective_particle_resistance,numba,AIP_FLINAK_2017_V10,FLiNaK (LiF-NaF-KF),fluoride,homogeneous,1.0,none,0.5,True,True,charge_end_profile_reversed_for_counterflow,False,0.9106572917853182,2.016290105019689,0.5401950909091175,0.010246596134829235,0.010246596134829235,0.010246596134829235,0.12652062963824923,11.892939185995429,500.0,550.0,2048,2.596075872851806,0.45,5.0,525.0,run-wise frozen at the registered transport-property temperature,0.0,0.0,0.0,25.0,initial state and every explicit transient time step,1.313266418297608,1494.8722406805314,1649.708217483567,0.06870461047389749,0.052315820702214806,55.02068055555556,0.5783480138964254,2.8888555407346117,5.19936306757284,0.5783480138964254,2.8888555407346117,5.19936306757284,5.582266660997581,0.9651409027989905,0.9651409028018099,0.0663096297792304,0.9,"time integral of positive outlet enthalpy flow following the simulated charge end state, with linear within-step interpolation at the registered outlet-grade threshold",True,0.04820332090947849,1,1,0,0.90-to-0.10 solid-temperature thickness at charge t50; reported only for a single crossing of each isotherm,-7.194467244175939e-10,1.4656720281891467e-09,0.9999999999970788,1.0000000000102205,0.0,0.0,0.002455960172032121,0.0001474626584559739,1.115954074891947e-08,0.2907725900757453,0.2907725900757453,19.164589033215517,7.962804022666526,7.962804022666526,1.5053555465148007,1.5053555465148007,0.5254271737886215,0.5254271737886215,1.3154823346088027,407.59029544388164,196.7765761906153,773.15,823.1499999999999,True,AIP_AN_CHENG_SU_ZHANG_2017;TASIDOU_ETAL_REFERENCE_VISCOSITY_2019,Q1_primary_experiment_common_table_domain,1.0,1.0,1.0,1.0,G0197,T1_homogeneous_none,20260821,196,0.0,5.384352501394019,Ceramic_sphere_Weiss2024,Tier_3_hypothetical_common_skeleton,unresolved,False,True,PASS,pooled_material_topology_unit_reference
G0198_T1_homogeneous_none__SOLAR_SALT_60_40_V10,V16_conservative_MUSCL_LTNE_effective_particle_resistance,numba,SOLAR_SALT_60_40_V10,Solar Salt (NaNO3-KNO3 60:40 wt%),nitrate,homogeneous,1.0,none,0.5,True,True,charge_end_profile_reversed_for_counterflow,False,0.7247804201937955,1.1929457804581203,0.4838222447820306,0.01917208600973159,0.01917208600973159,0.01917208600973159,0.1335988941316096,10.24235921859985,500.0,550.0,2048,0.687729314663354,0.45,5.0,525.0,run-wise frozen at the registered transport-property temperature,0.0,0.0,0.0,25.0,initial state and every explicit transient time step,0.49217946701232196,418.1754824745183,694.0703165646494,0.02138894583664857,0.04345761509817939,37.39729638493229,0.20899329728935898,1.0442023427639815,1.9023356987275082,0.20899329728935898,1.0442023427639815,1.9023356987275082,1.808883902575474,0.861952229184172,0.8619522291930316,0.01843624954379875,0.9,"time integral of positive outlet enthalpy flow following the simulated charge end state, with linear within-step interpolation at the registered outlet-grade threshold",True,0.19336391890479293,1,1,0,0.90-to-0.10 solid-temperature thickness at charge t50; reported only for a single crossing of each isotherm,-1.903122104351951e-09,2.002242815990485e-09,0.9999999999897216,1.000000000009776,0.0,0.0,0.00029463425942180527,2.2414903041990184e-05,1.993584469564261e-09,4.947517791574038,4.947517791574038,3.5449440459465764,10.32898429550525,10.32898429550525,1.578281595266181,1.578281595266181,0.5136188722078174,0.5136188722078174,0.7133600544721032,58.29129617902982,62.223055949811155,773.1499999999997,823.1499999999997,True,ZAVOICO_SANDIA_SOLAR_SALT_2001,Q1_authoritative_design_basis_full_property_vector,1.0,1.0,1.0,1.0,G0198,T1_homogeneous_none,20260821,197,0.0,7.195435014577244,Ceramic_sphere_Weiss2024,Tier_2_unit_pair_partial,direct_source_unit_pair,False,True,PASS,pooled_material_topology_unit_reference
G0200_T1_homogeneous_none__SOLAR_SALT_60_40_V10,V16_conservative_MUSCL_LTNE_effective_particle_resistance,numba,SOLAR_SALT_60_40_V10,Solar Salt (NaNO3-KNO3 60:40 wt%),nitrate,homogeneous,1.0,none,0.5,True,True,charge_end_profile_reversed_for_counterflow,False,0.86825401037575,1.0126845530546844,0.5211408605391189,0.008006936811529424,0.008006936811529424,0.008006936811529424,0.2273285390433271,17.42814244575667,500.0,550.0,2048,0.5303771878799205,0.45,5.0,525.0,run-wise frozen at the registered transport-property temperature,0.0,0.0,0.0,25.0,initial state and every explicit transient time step,0.5995945308292354,548.7342036786722,784.4154491313806,0.025794236663502487,0.043019466217994386,37.39729638493229,0.14806363161647906,0.7400235040890425,1.332720011544743,0.14806363161647906,0.7400235040890425,1.332720011544743,1.3807036683547353,0.9306005276124062,0.9306005276125224,0.024004130248414687,0.9,"time integral of positive outlet enthalpy flow following the simulated charge end state, with linear within-step interpolation at the registered outlet-grade threshold",True,0.0960973383735488,1,1,0,0.90-to-0.10 solid-temperature thickness at charge t50; reported only for a single crossing of each isotherm,6.576961197879427e-10,5.051181695137075e-09,0.9999999999998751,1.0000000000344118,0.0,0.0,0.0011160009048845185,0.0001444672030513232,7.464238427757868e-09,2.4499363633002154,2.4499363633002154,3.5449440459465764,8.320872917511668,8.320872917511668,1.271439689183406,1.271439689183406,0.5672587935246665,0.5672587935246665,0.8282655236072488,197.49347578467632,126.47590169520134,773.15,823.1499999999999,True,ZAVOICO_SANDIA_SOLAR_SALT_2001,Q1_authoritative_design_basis_full_property_vector,1.0,1.0,1.0,1.0,G0200,T1_homogeneous_none,20260821,199,0.0,6.581895419004075,Ceramic_sphere_Weiss2024,Tier_2_unit_pair_partial,direct_source_unit_pair,False,True,PASS,pooled_material_topology_unit_reference
G0200_T1_homogeneous_none__AIP_FLINAK_2017_V10,V16_conservative_MUSCL_LTNE_effective_particle_resistance,numba,AIP_FLINAK_2017_V10,FLiNaK (LiF-NaF-KF),fluoride,homogeneous,1.0,none,0.5,True,True,charge_end_profile_reversed_for_counterflow,False,0.86825401037575,1.0126845530546844,0.5211408605391189,0.008006936811529424,0.008006936811529424,0.008006936811529424,0.18540577069953906,17.42814244575667,500.0,550.0,2048,0.7803158857579695,0.45,5.0,525.0,run-wise frozen at the registered transport-property temperature,0.0,0.0,0.0,25.0,initial state and every explicit transient time step,0.5995945308292354,658.4357357989899,784.4154491313806,0.03130107208232276,0.05220373181028449,55.02068055555556,0.1796894081370428,0.8980135318597281,1.6165544099950104,0.1796894081370428,0.8980135318597281,1.6165544099950104,1.7050812570645775,0.9476479208317784,0.9476479208364034,0.029662395878618786,0.9,"time integral of positive outlet enthalpy flow following the simulated charge end state, with linear within-step interpolation at the registered outlet-grade threshold",True,0.07250769412265837,1,1,0,0.90-to-0.10 solid-temperature thickness at charge t50; reported only for a single crossing of each isotherm,-1.4317658170170944e-09,1.6325163443298152e-09,0.9999999999951196,1.0000000000110856,0.0,0.0,0.003939744923054534,0.0003466496346143638,1.7902837132389522e-08,0.36628445931202075,0.36628445931202075,19.164589033215517,8.5049495891195,8.5049495891195,1.6078473111187341,1.6078473111187341,0.5089813871534781,0.5089813871534781,1.218583619535012,224.08998975593838,126.47590169520134,773.15,823.1499999999997,True,AIP_AN_CHENG_SU_ZHANG_2017;TASIDOU_ETAL_REFERENCE_VISCOSITY_2019,Q1_primary_experiment_common_table_domain,1.0,1.0,1.0,1.0,G0200,T1_homogeneous_none,20260821,199,0.0,6.581895419004075,Ceramic_sphere_Weiss2024,Tier_3_hypothetical_common_skeleton,unresolved,False,True,PASS,pooled_material_topology_unit_reference
G0200_T1_homogeneous_none__AIP_LINAK_CARBONATE_2017_V10,V16_conservative_MUSCL_LTNE_effective_particle_resistance,numba,AIP_LINAK_CARBONATE_2017_V10,Li2CO3-Na2CO3-K2CO3 eutectic,carbonate,homogeneous,1.0,none,0.5,True,True,charge_end_profile_reversed_for_counterflow,False,0.86825401037575,1.0126845530546844,0.5211408605391189,0.008006936811529424,0.008006936811529424,0.008006936811529424,0.21649866392244313,17.42814244575667,500.0,550.0,2048,0.6476090829619767,0.45,5.0,525.0,run-wise frozen at the registered transport-property temperature,0.0,0.0,0.0,25.0,initial state and every explicit transient time step,0.5995945308292354,638.1171653336372,784.4154491313806,0.02837759226128185,0.047327970490384265,45.664743055555554,0.16298161921209717,0.8141885304127099,1.4659351158491243,0.16298161921209717,0.8141885304127099,1.4659351158491243,1.5297527618321998,0.9374439430527542,0.9374439430643623,0.026602401983759384,0.9,"time integral of positive outlet enthalpy flow following the simulated charge end state, with linear within-step interpolation at the registered outlet-grade threshold",True,0.08664541079636748,1,1,0,0.90-to-0.10 solid-temperature thickness at charge t50; reported only for a single crossing of each isotherm,-3.970490602966947e-09,-5.418443471683076e-10,0.9999999999876173,0.999999999993846,0.0,0.0,0.011507835523894224,0.0012200039250605138,6.302319727315669e-08,0.17561663463382374,0.17561663463382374,56.93282447382672,9.591416216303198,9.591416216303198,1.273049880398689,1.273049880398689,0.5669480849541285,0.5669480849541285,1.0113707666990395,197.6352762756705,126.47590169520134,773.1499999999993,823.1499999999996,True,AIP_AN_CHENG_SU_ZHANG_2017;TASIDOU_ETAL_REFERENCE_VISCOSITY_2019,Q1_primary_experiment_common_table_domain,1.0,1.0,1.0,1.0,G0200,T1_homogeneous_none,20260821,199,0.0,6.581895419004075,Ceramic_sphere_Weiss2024,Tier_3_hypothetical_common_skeleton,unresolved,False,True,PASS,pooled_material_topology_unit_reference
G0200_T1_homogeneous_none__AIP_LIF_NAK_CARBONATE_RECIPROCAL_2017_V10,V16_conservative_MUSCL_LTNE_effective_particle_resistance,numba,AIP_LIF_NAK_CARBONATE_RECIPROCAL_2017_V10,LiF-Na2CO3-K2CO3 reciprocal salt,fluoride_carbonate,homogeneous,1.0,none,0.5,True,True,charge_end_profile_reversed_for_counterflow,False,0.86825401037575,1.0126845530546844,0.5211408605391189,0.008006936811529424,0.008006936811529424,0.008006936811529424,0.1915180488544689,17.42814244575667,500.0,550.0,2048,0.7503787269074259,0.45,5.0,525.0,run-wise frozen at the registered transport-property temperature,0.0,0.0,0.0,25.0,initial state and every explicit transient time step,0.5995945308292354,654.0611108621973,784.4154491313806,0.030641794838810237,0.05110419335618827,52.9108125,0.17592212375274,0.8791937416932283,1.5824653596334473,0.17592212375274,0.8791937416932283,1.5824653596334473,1.6682220036189126,0.9470891366105326,0.9470891366206305,0.02902051101808586,0.9,"time integral of positive outlet enthalpy flow following the simulated charge end state, with linear within-step interpolation at the registered outlet-grade threshold",True,0.07326331732901496,1,1,0,0.90-to-0.10 solid-temperature thickness at charge t50; reported only for a single crossing of each isotherm,-3.456157582348851e-09,-6.005862474012247e-10,0.999999999989338,0.9999999999939156,0.0,0.0,0.006233821971381672,0.0005703724824083684,2.9456325918486142e-08,0.24794614546889382,0.24794614546889382,27.373757098453936,8.628989454096335,8.628989454096335,1.6871715022156262,1.6871715022156262,0.4969430791653563,0.4969430791653563,1.1718548145489636,229.5840061601196,126.47590169520134,773.15,823.1499999999997,True,AIP_AN_CHENG_SU_ZHANG_2017,Q1_primary_experiment_direct_table1_resolution,1.0,1.0,1.0,1.0,G0200,T1_homogeneous_none,20260821,199,0.0,6.581895419004075,Ceramic_sphere_Weiss2024,Tier_3_hypothetical_common_skeleton,unresolved,False,True,PASS,pooled_material_topology_unit_reference
G0201_T1_homogeneous_none__SOLAR_SALT_60_40_V10,V16_conservative_MUSCL_LTNE_effective_particle_resistance,numba,SOLAR_SALT_60_40_V10,Solar Salt (NaNO3-KNO3 60:40 wt%),nitrate,homogeneous,1.0,none,0.5,True,True,charge_end_profile_reversed_for_counterflow,False,0.8027469963780265,1.0721380660534283,0.4745773925543337,0.018011529325121425,0.018011529325121425,0.018011529325121425,0.2601366582369394,19.943376903734958,500.0,550.0,2048,0.38196816606370204,0.45,5.0,525.0,run-wise frozen at the registered transport-property temperature,0.0,0.0,0.0,25.0,initial state and every explicit transient time step,0.5426227220854744,452.22468453629074,778.910262698938,0.023639986529454964,0.04356615668175277,37.39729638493229,0.11862233601644918,0.592687271008831,1.090837420917129,0.11862233601644918,0.592687271008831,1.090837420917129,0.9923289555377172,0.8321534391472211,0.8321534391561142,0.01967209609187993,0.9,"time integral of positive outlet enthalpy flow following the simulated charge end state, with linear within-step interpolation at the registered outlet-grade threshold",True,0.2362353152417139,1,1,0,0.90-to-0.10 solid-temperature thickness at charge t50; reported only for a single crossing of each isotherm,-1.5065726444163374e-09,1.6325163443298152e-09,0.9999999999893131,1.0000000000055729,0.0,0.0,0.0005472796052095441,8.107026229738755e-05,3.740885204285957e-09,7.377730816323218,7.377730816323218,3.5449440459465764,11.61029895204616,11.61029895204616,1.7740680619997338,1.7740680619997338,0.48439266554927135,0.48439266554927135,0.6874174142368542,40.352356615539506,59.525098990793246,773.1499999999995,823.1499999999997,True,ZAVOICO_SANDIA_SOLAR_SALT_2001,Q1_authoritative_design_basis_full_property_vector,1.0,1.0,1.0,1.0,G0201,T1_homogeneous_none,20260821,200,0.0,6.848321411300618,Ceramic_sphere_Weiss2024,Tier_2_unit_pair_partial,direct_source_unit_pair,False,True,PASS,pooled_material_topology_unit_reference
G0206_T1_homogeneous_none__SOLAR_SALT_60_40_V10,V16_conservative_MUSCL_LTNE_effective_particle_resistance,numba,SOLAR_SALT_60_40_V10,Solar Salt (NaNO3-KNO3 60:40 wt%),nitrate,homogeneous,1.0,none,0.5,True,True,charge_end_profile_reversed_for_counterflow,False,0.9087798958693444,1.5434101170382806,0.4766631335014518,0.00846667603788258,0.00846667603788258,0.00846667603788258,0.22976786814982547,17.61515361170637,500.0,550.0,2048,0.8013629809805299,0.45,5.0,525.0,run-wise frozen at the registered transport-property temperature,0.0,0.0,0.0,25.0,initial state and every explicit transient time step,1.0011257822350836,838.0104851707918,1431.3659135387713,0.0435906869364831,0.04354166849960035,37.39729638493229,0.24753212079176812,1.237438003130821,2.227566486297505,0.24753212079176812,1.237438003130821,2.227566486297505,2.3381292247646885,0.9429330768973665,0.9429330768975505,0.04110310055708785,0.9,"time integral of positive outlet enthalpy flow following the simulated charge end state, with linear within-step interpolation at the registered outlet-grade threshold",True,0.07876241061324944,1,1,0,0.90-to-0.10 solid-temperature thickness at charge t50; reported only for a single crossing of each isotherm,5.897060617598981e-10,5.400724312210059e-09,0.9999999999998049,1.0000000000374478,0.0,0.0,0.0021773791782778145,0.00028488797445857996,1.4558313916406298e-08,2.390082285334204,2.390082285334204,3.5449440459465764,8.93733577076789,8.93733577076789,1.3656359767973743,1.3656359767973743,0.5496373095406798,0.5496373095406798,0.6931902941243179,331.8661997225176,182.29233174064728,773.15,823.1499999999999,True,ZAVOICO_SANDIA_SOLAR_SALT_2001,Q1_authoritative_design_basis_full_property_vector,1.0,1.0,1.0,1.0,G0206,T1_homogeneous_none,20260821,205,0.0,5.697337677402697,Ceramic_sphere_Weiss2024,Tier_2_unit_pair_partial,direct_source_unit_pair,False,True,PASS,pooled_material_topology_unit_reference
G0207_T1_homogeneous_none__SOLAR_SALT_60_40_V10,V16_conservative_MUSCL_LTNE_effective_particle_resistance,numba,SOLAR_SALT_60_40_V10,Solar Salt (NaNO3-KNO3 60:40 wt%),nitrate,homogeneous,1.0,none,0.5,True,True,charge_end_profile_reversed_for_counterflow,False,1.1196853584645776,2.096254577559501,0.48669383788829784,0.014680920072664423,0.014680920072664423,0.014680920072664423,0.1250056329712854,9.583556851743595,500.0,550.0,2048,3.1007974730084213,0.45,5.0,525.0,run-wise frozen at the registered transport-property temperature,0.0,0.0,0.0,25.0,initial state and every explicit transient time step,2.064077043840977,1764.131660613971,2894.5634682292343,0.08963027600080886,0.0434239004150827,37.39729638493229,0.935407237690859,4.677036188454842,8.417803806587827,0.935407237690859,4.677036188454842,8.417803806587827,8.887569982237192,0.9485567534864847,0.9485567534956302,0.08501940361742483,0.9,"time integral of positive outlet enthalpy flow following the simulated charge end state, with linear within-step interpolation at the registered outlet-grade threshold",True,0.07095615077579598,1,1,0,0.90-to-0.10 solid-temperature thickness at charge t50; reported only for a single crossing of each isotherm,-2.9245605936978336e-09,2.8848701205674843e-09,0.9999999999903585,1.000000000019869,0.0,0.0,0.0003126899917742281,2.2258419421173857e-05,2.090443275333603e-09,1.4853161285619436,1.4853161285619436,3.5449440459465764,8.047164200193706,8.047164200193706,1.22961665812363,1.22961665812363,0.5754501475739914,0.5754501475739914,0.7216084481149264,386.7592998273479,142.78768409499654,773.15,823.1499999999999,True,ZAVOICO_SANDIA_SOLAR_SALT_2001,Q1_authoritative_design_basis_full_property_vector,1.0,1.0,1.0,1.0,G0207,T1_homogeneous_none,20260821,206,0.0,4.526514766187993,Ceramic_sphere_Weiss2024,Tier_2_unit_pair_partial,direct_source_unit_pair,False,True,PASS,pooled_material_topology_unit_reference
G0207_T1_homogeneous_none__AIP_FLINAK_2017_V10,V16_conservative_MUSCL_LTNE_effective_particle_resistance,numba,AIP_FLINAK_2017_V10,FLiNaK (LiF-NaF-KF),fluoride,homogeneous,1.0,none,0.5,True,True,charge_end_profile_reversed_for_counterflow,False,1.1196853584645776,2.096254577559501,0.48669383788829784,0.014680920072664423,0.014680920072664423,0.014680920072664423,0.1019527324653574,9.583556851743595,500.0,550.0,2048,4.561957348824481,0.45,5.0,525.0,run-wise frozen at the registered transport-property temperature,0.0,0.0,0.0,25.0,initial state and every explicit transient time step,2.064077043840977,2116.8123295679316,2894.5634682292343,0.10733426209645239,0.05200109289366321,55.02068055555556,1.1202139712113288,5.601069856056738,10.080658530527833,1.1202139712113288,5.601069856056738,10.080658530527833,10.784495270254451,0.9616266531111076,0.961626653111096,0.10321548722396191,0.9,"time integral of positive outlet enthalpy flow following the simulated charge end state, with linear within-step interpolation at the registered outlet-grade threshold",True,0.052977120982146304,1,1,0,0.90-to-0.10 solid-temperature thickness at charge t50; reported only for a single crossing of each isotherm,3.340216991887246e-10,3.355360433943133e-09,1.000000000000012,1.0000000000234142,0.0,0.0,0.0011272096054570704,5.453846943777605e-05,5.122163943194613e-09,0.22206626392730827,0.22206626392730827,19.164589033215517,8.333178997729853,8.333178997729853,1.5753743516260124,1.5753743516260124,0.5140794509578306,0.5140794509578306,1.0616646588901117,442.66719266384223,142.78768409499654,773.15,823.1499999999999,True,AIP_AN_CHENG_SU_ZHANG_2017;TASIDOU_ETAL_REFERENCE_VISCOSITY_2019,Q1_primary_experiment_common_table_domain,1.0,1.0,1.0,1.0,G0207,T1_homogeneous_none,20260821,206,0.0,4.526514766187993,Ceramic_sphere_Weiss2024,Tier_3_hypothetical_common_skeleton,unresolved,False,True,PASS,pooled_material_topology_unit_reference
G0209_T1_homogeneous_none__SOLAR_SALT_60_40_V10,V16_conservative_MUSCL_LTNE_effective_particle_resistance,numba,SOLAR_SALT_60_40_V10,Solar Salt (NaNO3-KNO3 60:40 wt%),nitrate,homogeneous,1.0,none,0.5,True,True,charge_end_profile_reversed_for_counterflow,False,1.039179615629822,1.004633863960962,0.48360006714802883,0.013059668445280358,0.013059668445280358,0.013059668445280358,0.21254663579870825,16.294887833507968,500.0,550.0,2048,0.7480506809645602,0.45,5.0,525.0,run-wise frozen at the registered transport-property temperature,0.0,0.0,0.0,25.0,initial state and every explicit transient time step,0.8520771768222258,723.6266088089812,1202.114414719038,0.03703146465665002,0.0434602236322733,37.39729638493229,0.22732429027089443,1.1364136594987881,2.0509056169776425,0.22732429027089443,1.1364136594987881,2.0509056169776425,2.066965426974471,0.906498143652816,0.9064981436617479,0.03356895396799811,0.9,"time integral of positive outlet enthalpy flow following the simulated charge end state, with linear within-step interpolation at the registered outlet-grade threshold",True,0.12989658884059707,1,1,0,0.90-to-0.10 solid-temperature thickness at charge t50; reported only for a single crossing of each isotherm,-2.4439117396468646e-09,2.608935290027148e-09,0.9999999999901469,1.0000000000162155,0.0,0.0,0.000395028927327549,4.781166764229995e-05,2.647943272939173e-09,2.6081537301337665,2.6081537301337665,3.5449440459465764,8.985359718364602,8.985359718364602,1.3729740954792762,1.3729740954792762,0.5483104080661241,0.5483104080661241,0.7127256925371334,127.00840927593632,76.9264448152225,773.1499999999996,823.1499999999997,True,ZAVOICO_SANDIA_SOLAR_SALT_2001,Q1_authoritative_design_basis_full_property_vector,1.0,1.0,1.0,1.0,G0209,T1_homogeneous_none,20260821,208,0.0,5.839965226579283,Ceramic_sphere_Weiss2024,Tier_2_unit_pair_partial,direct_source_unit_pair,False,True,PASS,pooled_material_topology_unit_reference
G0210_T1_homogeneous_none__SOLAR_SALT_60_40_V10,V16_conservative_MUSCL_LTNE_effective_particle_resistance,numba,SOLAR_SALT_60_40_V10,Solar Salt (NaNO3-KNO3 60:40 wt%),nitrate,homogeneous,1.0,none,0.5,True,True,charge_end_profile_reversed_for_counterflow,False,0.6976275240724449,1.7429573117035724,0.5251657451462969,0.01188366394427143,0.01188366394427143,0.01188366394427143,0.15624993687682623,11.978901410661882,500.0,550.0,2048,0.8640064886906756,0.45,5.0,525.0,run-wise frozen at the registered transport-property temperature,0.0,0.0,0.0,25.0,initial state and every explicit transient time step,0.6662294795621404,614.4258503737352,864.2643164332031,0.028629353781578326,0.042972211017131993,37.39729638493229,0.2390417952044143,1.1952089760221687,2.1535361730612625,0.2390417952044143,1.1952089760221687,2.1535361730612625,2.206613360647548,0.9206936573060045,0.9206936573149375,0.02635886443946884,0.9,"time integral of positive outlet enthalpy flow following the simulated charge end state, with linear within-step interpolation at the registered outlet-grade threshold",True,0.11003421903242208,1,1,0,0.90-to-0.10 solid-temperature thickness at charge t50; reported only for a single crossing of each isotherm,-2.5227597788557432e-09,2.7616575692945844e-09,0.9999999999902975,1.0000000000177416,0.0,0.0,0.0009218242025135112,8.201980152284426e-05,6.169633126696884e-09,3.87124837851747,3.87124837851747,3.5449440459465764,9.078339839438094,9.078339839438094,1.3871815731573836,1.3871815731573836,0.54575949286946,0.54575949286946,0.8417373305502902,150.86100419920544,146.6683440290124,773.1499999999997,823.1499999999997,True,ZAVOICO_SANDIA_SOLAR_SALT_2001,Q1_authoritative_design_basis_full_property_vector,1.0,1.0,1.0,1.0,G0210,T1_homogeneous_none,20260821,209,0.0,6.881193761791264,Ceramic_sphere_Weiss2024,Tier_2_unit_pair_partial,direct_source_unit_pair,False,True,PASS,pooled_material_topology_unit_reference
G0210_T1_homogeneous_none__AIP_FLINAK_2017_V10,V16_conservative_MUSCL_LTNE_effective_particle_resistance,numba,AIP_FLINAK_2017_V10,FLiNaK (LiF-NaF-KF),fluoride,homogeneous,1.0,none,0.5,True,True,charge_end_profile_reversed_for_counterflow,False,0.6976275240724449,1.7429573117035724,0.5251657451462969,0.01188366394427143,0.01188366394427143,0.01188366394427143,0.12743512139002003,11.978901410661882,500.0,550.0,2048,1.2711591597360643,0.45,5.0,525.0,run-wise frozen at the registered transport-property temperature,0.0,0.0,0.0,25.0,initial state and every explicit transient time step,0.6662294795621404,737.2602877178267,864.2643164332031,0.034795439315146004,0.05222740869709679,55.02068055555556,0.2906011079063247,1.4526524397651828,2.615056871390684,0.2906011079063247,1.4526524397651828,2.615056871390684,2.7345339337402867,0.9394333414684805,0.9394333414739804,0.03268799582369135,0.9,"time integral of positive outlet enthalpy flow following the simulated charge end state, with linear within-step interpolation at the registered outlet-grade threshold",True,0.08404017071009831,1,1,0,0.90-to-0.10 solid-temperature thickness at charge t50; reported only for a single crossing of each isotherm,-1.6543211245334533e-09,1.872368926569834e-09,0.9999999999941455,1.000000000012747,0.0,0.0,0.003165510520431602,0.00019143982698759554,1.4387691170889726e-08,0.5787816126283803,0.5787816126283803,19.164589033215517,9.109763564157458,9.109763564157458,1.722186439564114,1.722186439564114,0.49180847160424745,0.49180847160424745,1.2384039824481405,168.77905667994472,146.6683440290124,773.1499999999997,823.1499999999999,True,AIP_AN_CHENG_SU_ZHANG_2017;TASIDOU_ETAL_REFERENCE_VISCOSITY_2019,Q1_primary_experiment_common_table_domain,1.0,1.0,1.0,1.0,G0210,T1_homogeneous_none,20260821,209,0.0,6.881193761791264,Ceramic_sphere_Weiss2024,Tier_3_hypothetical_common_skeleton,unresolved,False,True,PASS,pooled_material_topology_unit_reference
G0211_T1_homogeneous_none__SOLAR_SALT_60_40_V10,V16_conservative_MUSCL_LTNE_effective_particle_resistance,numba,SOLAR_SALT_60_40_V10,Solar Salt (NaNO3-KNO3 60:40 wt%),nitrate,homogeneous,1.0,none,0.5,True,True,charge_end_profile_reversed_for_counterflow,False,0.7832632177912592,2.1204110711641695,0.5578293173172703,0.019805470031123748,0.019805470031123748,0.019805470031123748,0.15462458702484644,11.85429396425985,500.0,550.0,2048,1.4222217160414254,0.45,5.0,525.0,run-wise frozen at the registered transport-property temperature,0.0,0.0,0.0,25.0,initial state and every explicit transient time step,1.0217047427960497,1000.8661183950005,1234.2298580561571,0.0435130930068666,0.04258871588262029,37.39729638493229,0.36740727664403344,1.8354561368689373,3.3173321526671318,0.36740727664403344,1.8354561368689373,3.3173321526671318,3.301915315064246,0.8962837123505799,0.8962837123536253,0.039000076536050456,0.9,"time integral of positive outlet enthalpy flow following the simulated charge end state, with linear within-step interpolation at the registered outlet-grade threshold",True,0.14483637756759346,1,1,0,0.90-to-0.10 solid-temperature thickness at charge t50; reported only for a single crossing of each isotherm,8.182343691487404e-11,4.400102504575898e-09,0.9999999999966023,1.000000000029229,0.0,0.0,0.00023740928982080508,2.090388553863907e-05,1.5936612826410164e-09,5.064963022729186,5.064963022729186,3.5449440459465764,9.104581542691168,9.104581542691168,1.3911913379210676,1.3911913379210676,0.5450438392384964,0.5450438392384964,0.9601379384095784,78.50220674052727,107.06189087317807,773.1499999999999,823.15,True,ZAVOICO_SANDIA_SOLAR_SALT_2001,Q1_authoritative_design_basis_full_property_vector,1.0,1.0,1.0,1.0,G0211,T1_homogeneous_none,20260821,210,0.0,6.050053423849201,Ceramic_sphere_Weiss2024,Tier_2_unit_pair_partial,direct_source_unit_pair,False,True,PASS,pooled_material_topology_unit_reference
G0212_T1_homogeneous_none__SOLAR_SALT_60_40_V10,V16_conservative_MUSCL_LTNE_effective_particle_resistance,numba,SOLAR_SALT_60_40_V10,Solar Salt (NaNO3-KNO3 60:40 wt%),nitrate,homogeneous,1.0,none,0.5,True,True,charge_end_profile_reversed_for_counterflow,False,0.8694286399439112,1.3284909313374968,0.5092500853490838,0.008323155457244021,0.008323155457244021,0.008323155457244021,0.26613125102420326,20.402952359770545,500.0,550.0,2048,0.5823270949237992,0.45,5.0,525.0,run-wise frozen at the registered transport-property temperature,0.0,0.0,0.0,25.0,initial state and every explicit transient time step,0.7887082070254697,705.3370763533097,1057.4437817910427,0.034039915040004885,0.04315907294585263,37.39729638493229,0.16693376721149197,0.8343453210046241,1.5022421473769871,0.16693376721149197,0.8343453210046241,1.5022421473769871,1.5595390256253658,0.9325314523566941,0.9325314523665006,0.03174329141035423,0.9,"time integral of positive outlet enthalpy flow following the simulated charge end state, with linear within-step interpolation at the registered outlet-grade threshold",True,0.09335511803029128,1,1,0,0.90-to-0.10 solid-temperature thickness at charge t50; reported only for a single crossing of each isotherm,-2.9461877382175317e-09,2.9484858998785057e-09,0.999999999989484,1.000000000019721,0.0,0.0,0.001799011173171185,0.00027263429993882297,1.203183779123381e-08,2.973336313466158,2.973336313466158,3.5449440459465764,8.826800433922855,8.826800433922855,1.3487460404030491,1.3487460404030491,0.5527159392673255,0.5527159392673255,0.7897563326925825,217.53740727443008,159.6138553655454,773.1499999999996,823.1499999999997,True,ZAVOICO_SANDIA_SOLAR_SALT_2001,Q1_authoritative_design_basis_full_property_vector,1.0,1.0,1.0,1.0,G0212,T1_homogeneous_none,20260821,211,0.0,6.106190167527984,Ceramic_sphere_Weiss2024,Tier_2_unit_pair_partial,direct_source_unit_pair,False,True,PASS,pooled_material_topology_unit_reference
G0212_T1_homogeneous_none__AIP_FLINAK_2017_V10,V16_conservative_MUSCL_LTNE_effective_particle_resistance,numba,AIP_FLINAK_2017_V10,FLiNaK (LiF-NaF-KF),fluoride,homogeneous,1.0,none,0.5,True,True,charge_end_profile_reversed_for_counterflow,False,0.8694286399439112,1.3284909313374968,0.5092500853490838,0.008323155457244021,0.008323155457244021,0.008323155457244021,0.21705268467841002,20.40295235977054,500.0,550.0,2048,0.8567515715460193,0.45,5.0,525.0,run-wise frozen at the registered transport-property temperature,0.0,0.0,0.0,25.0,initial state and every explicit transient time step,0.7887082070254697,846.346252414319,1057.4437817910427,0.041118342388309984,0.0521337828388822,55.02068055555556,0.2015746058609673,1.00787302930475,1.8139334662007838,0.2015746058609673,1.00787302930475,1.8139334662007838,1.915345041623695,0.9486996177673707,0.948699617767426,0.039008955707017554,0.9,"time integral of positive outlet enthalpy flow following the simulated charge end state, with linear within-step interpolation at the registered outlet-grade threshold",True,0.0710069913125821,1,1,0,0.90-to-0.10 solid-temperature thickness at charge t50; reported only for a single crossing of each isotherm,3.5358382888261985e-10,3.2921443349209767e-09,0.9999999999999416,1.0000000000227927,0.0,0.0,0.006295946102304999,0.0006485232617584546,2.8609568863549276e-08,0.44453680521876143,0.44453680521876143,19.164589033215517,8.943704326066168,8.943704326066168,1.690793202408061,1.690793202408061,0.49640702544747867,0.49640702544747867,1.1619270668805137,244.92334876929098,159.6138553655454,773.15,823.15,True,AIP_AN_CHENG_SU_ZHANG_2017;TASIDOU_ETAL_REFERENCE_VISCOSITY_2019,Q1_primary_experiment_common_table_domain,1.0,1.0,1.0,1.0,G0212,T1_homogeneous_none,20260821,211,0.0,6.106190167527984,Ceramic_sphere_Weiss2024,Tier_3_hypothetical_common_skeleton,unresolved,False,True,PASS,pooled_material_topology_unit_reference
G0212_T1_homogeneous_none__AIP_LIF_NAK_CARBONATE_RECIPROCAL_2017_V10,V16_conservative_MUSCL_LTNE_effective_particle_resistance,numba,AIP_LIF_NAK_CARBONATE_RECIPROCAL_2017_V10,LiF-Na2CO3-K2CO3 reciprocal salt,fluoride_carbonate,homogeneous,1.0,none,0.5,True,True,charge_end_profile_reversed_for_counterflow,False,0.8694286399439112,1.3284909313374968,0.5092500853490838,0.008323155457244021,0.008323155457244021,0.008323155457244021,0.22420826768978616,20.40295235977054,500.0,550.0,2048,0.8238815198951146,0.45,5.0,525.0,run-wise frozen at the registered transport-property temperature,0.0,0.0,0.0,25.0,initial state and every explicit transient time step,0.7887082070254697,840.7231563099136,1057.4437817910427,0.04027091447088113,0.05105933235151522,52.9108125,0.19750270879708173,0.9870558320299501,1.7766089552624658,0.19750270879708173,0.9870558320299501,1.7766089552624658,1.8748183923700232,0.9481460685233358,0.9481460685294555,0.03818270923140546,0.9,"time integral of positive outlet enthalpy flow following the simulated charge end state, with linear within-step interpolation at the registered outlet-grade threshold",True,0.07174994339953125,1,1,0,0.90-to-0.10 solid-temperature thickness at charge t50; reported only for a single crossing of each isotherm,-1.8297030557334892e-09,2.0839996395238813e-09,0.9999999999935456,1.000000000014424,0.0,0.0,0.00995681261821635,0.001066513649762725,4.705077413745296e-08,0.30091690916964625,0.30091690916964625,27.373757098453936,9.06535422940529,9.06535422940529,1.772491135225781,1.772491135225781,0.48461476985718954,0.48461476985718954,1.1173708604406247,250.6585334812766,159.6138553655454,773.1499999999999,823.1499999999997,True,AIP_AN_CHENG_SU_ZHANG_2017,Q1_primary_experiment_direct_table1_resolution,1.0,1.0,1.0,1.0,G0212,T1_homogeneous_none,20260821,211,0.0,6.106190167527984,Ceramic_sphere_Weiss2024,Tier_3_hypothetical_common_skeleton,unresolved,False,True,PASS,pooled_material_topology_unit_reference
G0215_T1_homogeneous_none__SOLAR_SALT_60_40_V10,V16_conservative_MUSCL_LTNE_effective_particle_resistance,numba,SOLAR_SALT_60_40_V10,Solar Salt (NaNO3-KNO3 60:40 wt%),nitrate,homogeneous,1.0,none,0.5,True,True,charge_end_profile_reversed_for_counterflow,False,0.8205871308043077,1.0829780207163378,0.5066526258721065,0.010465450181618239,0.010465450181618239,0.010465450181618239,0.19141744728411839,14.675018596036935,500.0,550.0,2048,0.5849403619063612,0.45,5.0,525.0,run-wise frozen at the registered transport-property temperature,0.0,0.0,0.0,25.0,initial state and every explicit transient time step,0.5727418623403995,509.5871500057369,771.9558155674802,0.02473647423544706,0.04318956909202728,37.39729638493229,0.1686578043496667,0.8429640548805629,1.519707556919699,0.1686578043496667,0.8429640548805629,1.519707556919699,1.5465309355294554,0.9147155860210486,0.9147155860242343,0.022626838526371526,0.9,"time integral of positive outlet enthalpy flow following the simulated charge end state, with linear within-step interpolation at the registered outlet-grade threshold",True,0.11839734244102902,1,1,0,0.90-to-0.10 solid-temperature thickness at charge t50; reported only for a single crossing of each isotherm,-8.076872504148014e-11,4.84214890406065e-09,0.9999999999965173,1.000000000033145,0.0,0.0,0.0007691141370346487,8.383455656357842e-05,5.150451431680338e-09,3.0186868935706777,3.0186868935706777,3.5449440459465764,8.894218500860532,8.894218500860532,1.3590476045444972,1.3590476045444972,0.5508341228795263,0.5508341228795263,0.7815912992777,140.2384089455587,103.48126472557345,773.15,823.15,True,ZAVOICO_SANDIA_SOLAR_SALT_2001,Q1_authoritative_design_basis_full_property_vector,1.0,1.0,1.0,1.0,G0215,T1_homogeneous_none,20260821,214,0.0,6.721318080321947,Ceramic_sphere_Weiss2024,Tier_2_unit_pair_partial,direct_source_unit_pair,False,True,PASS,pooled_material_topology_unit_reference
G0215_T1_homogeneous_none__AIP_FLINAK_2017_V10,V16_conservative_MUSCL_LTNE_effective_particle_resistance,numba,AIP_FLINAK_2017_V10,FLiNaK (LiF-NaF-KF),fluoride,homogeneous,1.0,none,0.5,True,True,charge_end_profile_reversed_for_counterflow,False,0.8205871308043077,1.0829780207163378,0.5066526258721065,0.010465450181618239,0.010465450181618239,0.010465450181618239,0.15611721910677592,14.675018596036939,500.0,550.0,2048,0.8605805709062001,0.45,5.0,525.0,run-wise frozen at the registered transport-property temperature,0.0,0.0,0.0,25.0,initial state and every explicit transient time step,0.5727418623403995,611.4625037374516,771.9558155674802,0.029850448447031892,0.05211850295882647,55.02068055555556,0.20343168495588537,1.0171584247794356,1.8313632649197895,0.20343168495588537,1.0171584247794356,1.8313632649197895,1.904959032082483,0.9343752807047468,0.9343752807102466,0.027891521146858,0.9,"time integral of positive outlet enthalpy flow following the simulated charge end state, with linear within-step interpolation at the registered outlet-grade threshold",True,0.09108976567941848,1,1,0,0.90-to-0.10 solid-temperature thickness at charge t50; reported only for a single crossing of each isotherm,-1.6288193016578134e-09,1.7318368961127817e-09,0.999999999994114,1.000000000011582,0.0,0.0,0.00269016529587195,0.00019931003591495055,1.2227926114817822e-08,0.45131706815207867,0.45131706815207867,19.164589033215517,9.003854959687594,9.003854959687594,1.7021645848621112,1.7021645848621112,0.49473141936401005,0.49473141936401005,1.1499142815010155,157.75477490149294,103.48126472557345,773.1499999999997,823.1499999999997,True,AIP_AN_CHENG_SU_ZHANG_2017;TASIDOU_ETAL_REFERENCE_VISCOSITY_2019,Q1_primary_experiment_common_table_domain,1.0,1.0,1.0,1.0,G0215,T1_homogeneous_none,20260821,214,0.0,6.721318080321947,Ceramic_sphere_Weiss2024,Tier_3_hypothetical_common_skeleton,unresolved,False,True,PASS,pooled_material_topology_unit_reference
G0217_T1_homogeneous_none__SOLAR_SALT_60_40_V10,V16_conservative_MUSCL_LTNE_effective_particle_resistance,numba,SOLAR_SALT_60_40_V10,Solar Salt (NaNO3-KNO3 60:40 wt%),nitrate,homogeneous,1.0,none,0.5,True,True,charge_end_profile_reversed_for_counterflow,False,0.8423332716237443,1.0257557709963554,0.4524386398414223,0.017547843141230902,0.017547843141230902,0.017547843141230902,0.12461920420438145,9.553931290328904,500.0,550.0,2048,0.8007394551536047,0.45,5.0,525.0,run-wise frozen at the registered transport-property temperature,0.0,0.0,0.0,25.0,initial state and every explicit transient time step,0.5716125576521982,454.1618937851776,855.0967381754114,0.02505153907865871,0.04382608244569305,37.39729638493229,0.2622421715628035,1.3112108578140347,2.3761943331678363,0.2622421715628035,1.3112108578140347,2.3761943331678363,2.3240326010917824,0.8825902849471204,0.8825902849574544,0.02211024501379731,0.9,"time integral of positive outlet enthalpy flow following the simulated charge end state, with linear within-step interpolation at the registered outlet-grade threshold",True,0.16362107667033807,1,1,0,0.90-to-0.10 solid-temperature thickness at charge t50; reported only for a single crossing of each isotherm,-2.569966461862805e-09,2.7189805962279934e-09,0.9999999999882913,1.0000000000153781,0.0,0.0,0.0002757076976516521,1.956521489344063e-05,1.8558042526261326e-09,3.1272949536742365,3.1272949536742365,3.5449440459465764,9.849355400910191,9.849355400910191,1.5049937060371643,1.5049937060371643,0.5254871174134697,0.5254871174134697,0.6288529951707788,89.65941955726892,58.454806254006854,773.1499999999995,823.1499999999997,True,ZAVOICO_SANDIA_SOLAR_SALT_2001,Q1_authoritative_design_basis_full_property_vector,1.0,1.0,1.0,1.0,G0217,T1_homogeneous_none,20260821,216,0.0,6.698496102677768,Ceramic_sphere_Weiss2024,Tier_2_unit_pair_partial,direct_source_unit_pair,False,True,PASS,pooled_material_topology_unit_reference
G0220_T1_homogeneous_none__SOLAR_SALT_60_40_V10,V16_conservative_MUSCL_LTNE_effective_particle_resistance,numba,SOLAR_SALT_60_40_V10,Solar Salt (NaNO3-KNO3 60:40 wt%),nitrate,homogeneous,1.0,none,0.5,True,True,charge_end_profile_reversed_for_counterflow,False,0.9159377343065295,1.1244528705049601,0.5314448550719804,0.012774023334368254,0.012774023334368254,0.012774023334368254,0.26136212847250123,20.037327579344307,500.0,550.0,2048,0.581293499276972,0.45,5.0,525.0,run-wise frozen at the registered transport-property temperature,0.0,0.0,0.0,25.0,initial state and every explicit transient time step,0.74090587964528,691.4654599713754,948.42817527917,0.03178374309822063,0.042898489499688656,37.39729638493229,0.15872541938590534,0.7931426856801402,1.4338572982166367,0.15872541938590534,0.7931426856801402,1.4338572982166367,1.425484601112806,0.8953540536942959,0.8953540537028276,0.028457703224569936,0.9,"time integral of positive outlet enthalpy flow following the simulated charge end state, with linear within-step interpolation at the registered outlet-grade threshold",True,0.1459770335216415,1,1,0,0.90-to-0.10 solid-temperature thickness at charge t50; reported only for a single crossing of each isotherm,-2.20777840453934e-09,2.366618012672461e-09,0.9999999999904711,1.0000000000140208,0.0,0.0,0.0004716118435801268,7.019046480891878e-05,3.166496467092341e-09,4.0380017106203,4.0380017106203,3.5449440459465764,9.062397735273965,9.062397735273965,1.3847455998930027,1.3847455998930027,0.546195178190641,0.546195178190641,0.8632165043799809,85.57375929323827,88.02652391276304,773.1499999999996,823.1499999999997,True,ZAVOICO_SANDIA_SOLAR_SALT_2001,Q1_authoritative_design_basis_full_property_vector,1.0,1.0,1.0,1.0,G0220,T1_homogeneous_none,20260821,219,0.0,6.145751882309,Ceramic_sphere_Weiss2024,Tier_2_unit_pair_partial,direct_source_unit_pair,False,True,PASS,pooled_material_topology_unit_reference
G0220_T1_homogeneous_none__AIP_FLINAK_2017_V10,V16_conservative_MUSCL_LTNE_effective_particle_resistance,numba,AIP_FLINAK_2017_V10,FLiNaK (LiF-NaF-KF),fluoride,homogeneous,1.0,none,0.5,True,True,charge_end_profile_reversed_for_counterflow,False,0.9159377343065295,1.1244528705049601,0.5314448550719804,0.012774023334368254,0.012774023334368254,0.012774023334368254,0.21316305935472665,20.037327579344304,500.0,550.0,2048,0.8552118494434152,0.45,5.0,525.0,run-wise frozen at the registered transport-property temperature,0.0,0.0,0.0,25.0,initial state and every explicit transient time step,0.74090587964528,829.7014581260652,948.42817527917,0.03872296150366011,0.05226434634612336,55.02068055555556,0.1933729015130415,0.966389389871095,1.741543907852845,0.1933729015130415,0.966389389871095,1.741543907852845,1.7819791801693527,0.9195391167563122,0.9195391167567393,0.03560727781926429,0.9,"time integral of positive outlet enthalpy flow following the simulated charge end state, with linear within-step interpolation at the registered outlet-grade threshold",True,0.11219999408677098,1,1,0,0.90-to-0.10 solid-temperature thickness at charge t50; reported only for a single crossing of each isotherm,4.3371972680006365e-10,2.992717185179572e-09,0.9999999999995355,1.0000000000200981,0.0,0.0,0.0016128013118645336,0.0001631519269962678,7.3376682330442535e-09,0.6037125271626196,0.6037125271626196,19.164589033215517,9.083010833079511,9.083010833079511,1.7171288779315572,1.7171288779315572,0.4925435490117825,0.4925435490117825,1.2700051642479244,95.69082147591037,88.02652391276304,773.15,823.1499999999999,True,AIP_AN_CHENG_SU_ZHANG_2017;TASIDOU_ETAL_REFERENCE_VISCOSITY_2019,Q1_primary_experiment_common_table_domain,1.0,1.0,1.0,1.0,G0220,T1_homogeneous_none,20260821,219,0.0,6.145751882309,Ceramic_sphere_Weiss2024,Tier_3_hypothetical_common_skeleton,unresolved,False,True,PASS,pooled_material_topology_unit_reference
G0222_T1_homogeneous_none__SOLAR_SALT_60_40_V10,V16_conservative_MUSCL_LTNE_effective_particle_resistance,numba,SOLAR_SALT_60_40_V10,Solar Salt (NaNO3-KNO3 60:40 wt%),nitrate,homogeneous,1.0,none,0.5,True,True,charge_end_profile_reversed_for_counterflow,False,0.8752681339300072,1.763117305338279,0.5284670024096751,0.008101383756114855,0.008101383756114855,0.008101383756114855,0.15837915873315406,12.142138204277256,500.0,550.0,2048,1.3658402653034594,0.45,5.0,525.0,run-wise frozen at the registered transport-property temperature,0.0,0.0,0.0,25.0,initial state and every explicit transient time step,1.060848396122162,984.5107034107832,1366.6147661481982,0.04554588342965718,0.042933451750642365,37.39729638493229,0.3752266728847467,1.8757539643502321,3.37628125581575,0.3752266728847467,1.8757539643502321,3.37628125581575,3.5963410615680655,0.9573137657981937,0.9573137657982402,0.043601701182650665,0.9,"time integral of positive outlet enthalpy flow following the simulated charge end state, with linear within-step interpolation at the registered outlet-grade threshold",True,0.05886577534019454,1,1,0,0.90-to-0.10 solid-temperature thickness at charge t50; reported only for a single crossing of each isotherm,4.467315406486705e-10,4.525535501898048e-09,0.9999999999999515,1.0000000000312665,0.0,0.0,0.0011897912849470438,0.00010730490449174375,7.954429915759802e-09,1.6994290570780708,1.6994290570780708,3.5449440459465764,7.681569379329857,7.681569379329857,1.173753316619167,1.173753316619167,0.5867676880440215,0.5867676880440215,0.8529587417626541,460.6690836476138,217.63162422808242,773.15,823.1499999999999,True,ZAVOICO_SANDIA_SOLAR_SALT_2001,Q1_authoritative_design_basis_full_property_vector,1.0,1.0,1.0,1.0,G0222,T1_homogeneous_none,20260821,221,0.0,5.704382609610952,Ceramic_sphere_Weiss2024,Tier_2_unit_pair_partial,direct_source_unit_pair,False,True,PASS,pooled_material_topology_unit_reference
G0222_T1_homogeneous_none__AIP_FLINAK_2017_V10,V16_conservative_MUSCL_LTNE_effective_particle_resistance,numba,AIP_FLINAK_2017_V10,FLiNaK (LiF-NaF-KF),fluoride,homogeneous,1.0,none,0.5,True,True,charge_end_profile_reversed_for_counterflow,False,0.8752681339300072,1.763117305338279,0.5284670024096751,0.008101383756114855,0.008101383756114855,0.008101383756114855,0.1291716830242261,12.142138204277252,500.0,550.0,2048,2.009388102727207,0.45,5.0,525.0,run-wise frozen at the registered transport-property temperature,0.0,0.0,0.0,25.0,initial state and every explicit transient time step,1.060848396122162,1181.3315537040132,1366.6147661481982,0.05542596448785365,0.05224682875560578,55.02068055555556,0.45657763000856866,2.282888150042733,4.108640506715711,0.45657763000856866,2.282888150042733,4.108640506715711,4.430584536853657,0.9695846438762266,0.9695846438762591,0.05374016403945196,0.9,"time integral of positive outlet enthalpy flow following the simulated charge end state, with linear within-step interpolation at the registered outlet-grade threshold",True,0.04205597853212696,1,1,0,0.90-to-0.10 solid-temperature thickness at charge t50; reported only for a single crossing of each isotherm,2.390310172017962e-10,3.0478064516614722e-09,0.9999999999999666,1.000000000021241,0.0,0.0,0.004260185276204035,0.0002611531088411274,1.935887361372904e-08,0.2540778048914163,0.2540778048914163,19.164589033215517,7.950599571649343,7.950599571649343,1.5030483142912543,1.5030483142912543,0.5258096316795597,0.5258096316795597,1.254913456163646,528.6247859339052,217.63162422808242,773.15,823.1499999999999,True,AIP_AN_CHENG_SU_ZHANG_2017;TASIDOU_ETAL_REFERENCE_VISCOSITY_2019,Q1_primary_experiment_common_table_domain,1.0,1.0,1.0,1.0,G0222,T1_homogeneous_none,20260821,221,0.0,5.704382609610952,Ceramic_sphere_Weiss2024,Tier_3_hypothetical_common_skeleton,unresolved,False,True,PASS,pooled_material_topology_unit_reference
G0222_T1_homogeneous_none__AIP_LIF_NAK_CARBONATE_RECIPROCAL_2017_V10,V16_conservative_MUSCL_LTNE_effective_particle_resistance,numba,AIP_LIF_NAK_CARBONATE_RECIPROCAL_2017_V10,LiF-Na2CO3-K2CO3 reciprocal salt,fluoride_carbonate,homogeneous,1.0,none,0.5,True,True,charge_end_profile_reversed_for_counterflow,False,0.8752681339300072,1.763117305338279,0.5284670024096751,0.008101383756114855,0.008101383756114855,0.008101383756114855,0.13343009015689292,12.142138204277256,500.0,550.0,2048,1.9323524954941844,0.45,5.0,525.0,run-wise frozen at the registered transport-property temperature,0.0,0.0,0.0,25.0,initial state and every explicit transient time step,1.060848396122162,1173.4828264972762,1366.6147661481982,0.05424312314426332,0.051131833108806396,52.9108125,0.44712489687406776,2.2340141906242383,4.020903484374423,0.44712489687406776,2.2340141906242383,4.020903484374423,4.33440402807809,0.9692060300778781,0.9692060300782159,0.05257276204167692,0.9,"time integral of positive outlet enthalpy flow following the simulated charge end state, with linear within-step interpolation at the registered outlet-grade threshold",True,0.04255831528402252,1,1,0,0.90-to-0.10 solid-temperature thickness at charge t50; reported only for a single crossing of each isotherm,-3.055333763768431e-11,2.94453350591084e-10,0.9999999999996514,1.0000000000016445,0.0,0.0,0.0067465257600453875,0.00043005937889027744,3.187919785645118e-08,0.17199095066809703,0.17199095066809703,27.373757098453936,8.07697300527264,8.07697300527264,1.5792392320275475,1.5792392320275475,0.5134673396838599,0.5134673396838599,1.2067915175232637,542.3839044231095,217.63162422808242,773.15,823.1499999999999,True,AIP_AN_CHENG_SU_ZHANG_2017,Q1_primary_experiment_direct_table1_resolution,1.0,1.0,1.0,1.0,G0222,T1_homogeneous_none,20260821,221,0.0,5.704382609610952,Ceramic_sphere_Weiss2024,Tier_3_hypothetical_common_skeleton,unresolved,False,True,PASS,pooled_material_topology_unit_reference
G0223_T1_homogeneous_none__SOLAR_SALT_60_40_V10,V16_conservative_MUSCL_LTNE_effective_particle_resistance,numba,SOLAR_SALT_60_40_V10,Solar Salt (NaNO3-KNO3 60:40 wt%),nitrate,homogeneous,1.0,none,0.5,True,True,charge_end_profile_reversed_for_counterflow,False,1.126834576011961,1.3274852749087915,0.53431767076187,0.011497354338923483,0.011497354338923483,0.011497354338923483,0.34152476515893926,26.182996120910076,500.0,550.0,2048,0.7991569966491096,0.45,5.0,525.0,run-wise frozen at the registered transport-property temperature,0.0,0.0,0.0,25.0,initial state and every explicit transient time step,1.3238534840879659,1242.1919282750612,1684.2648154775468,0.056746662482919166,0.04286476046253207,37.39729638493229,0.2168823293683849,1.0837456826779055,1.9532728926428224,0.2168823293683849,1.0837456826779055,1.9532728926428224,1.996866051602143,0.918720433640396,0.9187204336409528,0.052134318363952686,0.9,"time integral of positive outlet enthalpy flow following the simulated charge end state, with linear within-step interpolation at the registered outlet-grade threshold",True,0.11285058858780131,1,1,0,0.90-to-0.10 solid-temperature thickness at charge t50; reported only for a single crossing of each isotherm,6.702638444266995e-10,4.725042579423189e-09,0.999999999999394,1.000000000031704,0.0,0.0,0.0005652178003450744,0.00010992305479557186,3.783653765951612e-09,3.1378185501817817,3.1378185501817817,3.5449440459465764,8.547078747201754,8.547078747201754,1.3060042201699755,1.3060042201699755,0.5606630300202,0.5606630300202,0.8732367769153747,138.98093191680863,115.46006461805598,773.15,823.1499999999999,True,ZAVOICO_SANDIA_SOLAR_SALT_2001,Q1_authoritative_design_basis_full_property_vector,1.0,1.0,1.0,1.0,G0223,T1_homogeneous_none,20260821,222,0.0,5.056374878188143,Ceramic_sphere_Weiss2024,Tier_2_unit_pair_partial,direct_source_unit_pair,False,True,PASS,pooled_material_topology_unit_reference
G0223_T1_homogeneous_none__AIP_FLINAK_2017_V10,V16_conservative_MUSCL_LTNE_effective_particle_resistance,numba,AIP_FLINAK_2017_V10,FLiNaK (LiF-NaF-KF),fluoride,homogeneous,1.0,none,0.5,True,True,charge_end_profile_reversed_for_counterflow,False,1.126834576011961,1.3274852749087915,0.53431767076187,0.011497354338923483,0.011497354338923483,0.011497354338923483,0.2785425119245753,26.182996120910076,500.0,550.0,2048,1.1757779833167692,0.45,5.0,525.0,run-wise frozen at the registered transport-property temperature,0.0,0.0,0.0,25.0,initial state and every explicit transient time step,1.3238534840879659,1490.5277469751165,1684.2648154775468,0.06921270972717555,0.05228124604352107,55.02068055555556,0.26455004624626866,1.3217704162453654,2.3796439962352527,0.26455004624626866,1.3217704162453654,2.3796439962352527,2.485815411807973,0.9383764750551576,0.9383764750551914,0.06494757858280283,0.9,"time integral of positive outlet enthalpy flow following the simulated charge end state, with linear within-step interpolation at the registered outlet-grade threshold",True,0.08554882628637579,1,1,0,0.90-to-0.10 solid-temperature thickness at charge t50; reported only for a single crossing of each isotherm,3.743672039036028e-10,2.9459545913823604e-09,0.999999999999964,1.0000000000202518,0.0,0.0,0.0019658432867679662,0.00025986020484602013,8.934410728315947e-09,0.4691281734046099,0.4691281734046099,19.164589033215517,8.665159956777403,8.665159956777403,1.638134828540548,1.638134828540548,0.5043167249481546,0.5043167249481546,1.2847474656318187,156.80565991395804,115.46006461805598,773.15,823.1499999999999,True,AIP_AN_CHENG_SU_ZHANG_2017;TASIDOU_ETAL_REFERENCE_VISCOSITY_2019,Q1_primary_experiment_common_table_domain,1.0,1.0,1.0,1.0,G0223,T1_homogeneous_none,20260821,222,0.0,5.056374878188143,Ceramic_sphere_Weiss2024,Tier_3_hypothetical_common_skeleton,unresolved,False,True,PASS,pooled_material_topology_unit_reference
G0225_T1_homogeneous_none__SOLAR_SALT_60_40_V10,V16_conservative_MUSCL_LTNE_effective_particle_resistance,numba,SOLAR_SALT_60_40_V10,Solar Salt (NaNO3-KNO3 60:40 wt%),nitrate,homogeneous,1.0,none,0.5,True,True,charge_end_profile_reversed_for_counterflow,False,0.8663827584632114,1.0465984004210511,0.42135650436991606,0.009749105394534337,0.009749105394534337,0.009749105394534337,0.34921698372166404,26.77272005702137,500.0,550.0,2048,0.2872493548046848,0.45,5.0,525.0,run-wise frozen at the registered transport-property temperature,0.0,0.0,0.0,25.0,initial state and every explicit transient time step,0.6170062311198544,456.55015574964375,975.3967870388111,0.027266128722462497,0.04419101031277269,37.39729638493229,0.10189372946821477,0.5092292728787976,0.9204745991742953,0.10189372946821477,0.5092292728787976,0.9204745991742953,0.9165560204683224,0.896621897538676,0.896621897558146,0.02444740807366812,0.9,"time integral of positive outlet enthalpy flow following the simulated charge end state, with linear within-step interpolation at the registered outlet-grade threshold",True,0.14357531070428464,1,1,0,0.90-to-0.10 solid-temperature thickness at charge t50; reported only for a single crossing of each isotherm,-6.296219101642464e-09,-4.1877612488860905e-10,0.9999999999782851,0.9999999999915401,0.0,0.0,0.003419562343204611,0.000680012099050225,2.2956462601574514e-08,4.602232531560364,4.602232531560364,3.5449440459465764,11.356457442654985,11.356457442654985,1.735280764921451,1.735280764921451,0.4899154675910507,0.4899154675910507,0.5541927831440427,127.1053157108853,107.3532758203443,773.1499999999983,823.1499999999993,True,ZAVOICO_SANDIA_SOLAR_SALT_2001,Q1_authoritative_design_basis_full_property_vector,1.0,1.0,1.0,1.0,G0225,T1_homogeneous_none,20260821,224,0.0,6.527849710655722,Ceramic_sphere_Weiss2024,Tier_2_unit_pair_partial,direct_source_unit_pair,False,True,PASS,pooled_material_topology_unit_reference
G0225_T1_homogeneous_none__NREL_MGCL2_KCL_NACL_BASELINE_V10,V16_conservative_MUSCL_LTNE_effective_particle_resistance,numba,NREL_MGCL2_KCL_NACL_BASELINE_V10,Purified MgCl2-KCl-NaCl baseline (NREL),chloride,homogeneous,1.0,none,0.5,True,True,charge_end_profile_reversed_for_counterflow,False,0.8663827584632114,1.0465984004210511,0.42135650436991606,0.009749105394534337,0.009749105394534337,0.009749105394534337,0.5112578454594456,26.772720057021374,500.0,550.0,2048,0.18613201346411676,0.45,5.0,525.0,run-wise frozen at the registered transport-property temperature,0.0,0.0,0.0,25.0,initial state and every explicit transient time step,0.6170062311198544,432.9713069507633,975.3967870388111,0.0238435162492764,0.03864388242238798,24.232368745617165,0.08908484977740684,0.4453208422129424,0.8082265651307722,0.08908484977740684,0.4453208422129424,0.8082265651307722,0.7843152527577208,0.8766869940330658,0.8766869940456093,0.020903300587756687,0.9,"time integral of positive outlet enthalpy flow following the simulated charge end state, with linear within-step interpolation at the registered outlet-grade threshold",True,0.17133721958835846,1,1,0,0.90-to-0.10 solid-temperature thickness at charge t50; reported only for a single crossing of each isotherm,-2.044653335531166e-09,7.559708414817123e-09,0.9999999999856921,1.0000000000483722,0.0,0.0,0.012960408938533327,0.003978678309593095,1.348657417095653e-07,2.6452585473408092,2.6452585473408092,7.464421665217784,11.833375576286024,11.833375576286024,1.493995107238656,1.493995107238656,0.527315728758705,0.527315728758705,0.35910092909061503,117.78573885382228,107.3532758203443,773.1499999999997,823.1499999999996,True,NREL_ZHAO_CHLORIDE_2020,Q1_official_lab_measured_correlations,1.0,1.0,1.0,1.0,G0225,T1_homogeneous_none,20260821,224,0.0,6.527849710655722,Ceramic_sphere_Weiss2024,Tier_3_hypothetical_common_skeleton,unresolved,False,True,PASS,pooled_material_topology_unit_reference
G0226_T1_homogeneous_none__AIP_FLINAK_2017_V10,V16_conservative_MUSCL_LTNE_effective_particle_resistance,numba,AIP_FLINAK_2017_V10,FLiNaK (LiF-NaF-KF),fluoride,homogeneous,1.0,none,0.5,True,True,charge_end_profile_reversed_for_counterflow,False,0.6722658220124956,1.7371626705350351,0.5675001319576085,0.013632692490639864,0.013632692490639864,0.013632692490639864,0.14465133355504062,13.597225354173819,500.0,550.0,2048,1.1200031181814878,0.45,5.0,525.0,run-wise frozen at the registered transport-property temperature,0.0,0.0,0.0,25.0,initial state and every explicit transient time step,0.6166126558471623,737.3590351795348,728.583125728538,0.03235764074938864,0.052476446019312686,55.02068055555556,0.2380006626135636,1.1900033130678827,2.143250411431297,0.2380006626135636,1.1900033130678827,2.143250411431297,2.2094098604191688,0.9260892317129734,0.9260892317178462,0.029966062661645726,0.9,"time integral of positive outlet enthalpy flow following the simulated charge end state, with linear within-step interpolation at the registered outlet-grade threshold",True,0.10315815076367454,1,1,0,0.90-to-0.10 solid-temperature thickness at charge t50; reported only for a single crossing of each isotherm,-1.3987921931857272e-09,1.5771606243220049e-09,0.9999999999947383,1.0000000000104634,0.0,0.0,0.001941268115613578,0.00013326231647176187,8.82680281972621e-09,0.8116045180757756,0.8116045180757756,19.164589033215517,9.02862141906154,9.02862141906154,1.7068466449605362,1.7068466449605362,0.4940447873504183,0.4940447873504183,1.4692238798101969,94.82871752629697,127.4262345261409,773.1499999999999,823.1499999999997,True,AIP_AN_CHENG_SU_ZHANG_2017;TASIDOU_ETAL_REFERENCE_VISCOSITY_2019,Q1_primary_experiment_common_table_domain,1.0,1.0,1.0,1.0,G0226,T1_homogeneous_none,20260821,225,0.0,7.1013299671959365,Ceramic_sphere_Weiss2024,Tier_3_hypothetical_common_skeleton,unresolved,False,True,PASS,pooled_material_topology_unit_reference
G0227_T1_homogeneous_none__SOLAR_SALT_60_40_V10,V16_conservative_MUSCL_LTNE_effective_particle_resistance,numba,SOLAR_SALT_60_40_V10,Solar Salt (NaNO3-KNO3 60:40 wt%),nitrate,homogeneous,1.0,none,0.5,True,True,charge_end_profile_reversed_for_counterflow,False,0.7965215629981144,1.566620291075083,0.5484994306046932,0.016837156281860617,0.016837156281860617,0.016837156281860617,0.33661210076293296,25.806366704990257,500.0,550.0,2048,0.49081492896057255,0.45,5.0,525.0,run-wise frozen at the registered transport-property temperature,0.0,0.0,0.0,25.0,initial state and every explicit transient time step,0.7806362296681254,751.9243121117744,962.9144423715074,0.03333180544890928,0.04269825583560187,37.39729638493229,0.12924793129294854,0.6458306440239608,1.1785011794262508,0.12924793129294854,0.6458306440239608,1.1785011794262508,1.1119261641514226,0.8565890595461262,0.8565890595541846,0.028551659882455643,0.9,"time integral of positive outlet enthalpy flow following the simulated charge end state, with linear within-step interpolation at the registered outlet-grade threshold",True,0.20189334774255333,1,1,0,0.90-to-0.10 solid-temperature thickness at charge t50; reported only for a single crossing of each isotherm,-1.6116996626180935e-09,1.7653656314564614e-09,0.9999999999905923,1.0000000000080749,0.0,0.0,0.0006100634376657362,0.00011693795077234786,4.1345348998912515e-09,9.064240713255414,9.064240713255414,3.5449440459465764,10.699887419876562,10.699887419876562,1.6349560521221862,1.6349560521221862,0.5048022771293676,0.5048022771293676,0.9245706822128542,42.37056504085334,93.04542078538937,773.1499999999993,823.1499999999999,True,ZAVOICO_SANDIA_SOLAR_SALT_2001,Q1_authoritative_design_basis_full_property_vector,1.0,1.0,1.0,1.0,G0227,T1_homogeneous_none,20260821,226,0.0,6.29846870647149,Ceramic_sphere_Weiss2024,Tier_2_unit_pair_partial,direct_source_unit_pair,False,True,PASS,pooled_material_topology_unit_reference
G0228_T1_homogeneous_none__SOLAR_SALT_60_40_V10,V16_conservative_MUSCL_LTNE_effective_particle_resistance,numba,SOLAR_SALT_60_40_V10,Solar Salt (NaNO3-KNO3 60:40 wt%),nitrate,homogeneous,1.0,none,0.5,True,True,charge_end_profile_reversed_for_counterflow,False,1.0162167548140397,1.1996588024303223,0.44429518177739385,0.010326401077349653,0.010326401077349653,0.010326401077349653,0.2837040581395401,21.75017161726784,500.0,550.0,2048,0.5879505030377984,0.45,5.0,525.0,run-wise frozen at the registered transport-property temperature,0.0,0.0,0.0,25.0,initial state and every explicit transient time step,0.9730167766992179,759.1737355936815,1477.2200233153415,0.04273654398037631,0.04392169282563888,37.39729638493229,0.19663677934930415,0.9825306184099177,1.7705476120649792,0.19663677934930415,0.9825306184099177,1.7705476120649792,1.8131574484838393,0.9201475954557441,0.9201475954561495,0.03932392818163191,0.9,"time integral of positive outlet enthalpy flow following the simulated charge end state, with linear within-step interpolation at the registered outlet-grade threshold",True,0.1105333763421289,1,1,0,0.90-to-0.10 solid-temperature thickness at charge t50; reported only for a single crossing of each isotherm,8.08819677899919e-10,5.815481429749525e-09,0.9999999999995594,1.000000000039453,0.0,0.0,0.0015748655496632194,0.0002544250028264978,1.054066471568052e-08,2.8785241180663603,2.8785241180663603,3.5449440459465764,9.817322941245047,9.817322941245047,1.5000991065204814,1.5000991065204814,0.5262993179913249,0.5262993179913249,0.6084847249712477,196.13305637642844,116.17394999906624,773.15,823.1499999999999,True,ZAVOICO_SANDIA_SOLAR_SALT_2001,Q1_authoritative_design_basis_full_property_vector,1.0,1.0,1.0,1.0,G0228,T1_homogeneous_none,20260821,227,0.0,5.603308813543261,Ceramic_sphere_Weiss2024,Tier_2_unit_pair_partial,direct_source_unit_pair,False,True,PASS,pooled_material_topology_unit_reference
G0229_T1_homogeneous_none__SOLAR_SALT_60_40_V10,V16_conservative_MUSCL_LTNE_effective_particle_resistance,numba,SOLAR_SALT_60_40_V10,Solar Salt (NaNO3-KNO3 60:40 wt%),nitrate,homogeneous,1.0,none,0.5,True,True,charge_end_profile_reversed_for_counterflow,False,1.0691834970841656,1.05788596398382,0.45965662037247806,0.01041022156256607,0.01041022156256607,0.01041022156256607,0.1678024805228355,12.864577169283182,500.0,550.0,2048,1.0038980808040519,0.45,5.0,525.0,run-wise frozen at the registered transport-property temperature,0.0,0.0,0.0,25.0,initial state and every explicit transient time step,0.9498023283278212,766.6832803192775,1402.1154009823442,0.04154562455744969,0.04374133787457968,37.39729638493229,0.3231994099033095,1.6148816072044463,2.9074003862395865,0.3231994099033095,1.6148816072044463,2.9074003862395865,3.030438564867336,0.9362439959126407,0.9362439959227153,0.03889684154835303,0.9,"time integral of positive outlet enthalpy flow following the simulated charge end state, with linear within-step interpolation at the registered outlet-grade threshold",True,0.08805146969621788,1,1,0,0.90-to-0.10 solid-temperature thickness at charge t50; reported only for a single crossing of each isotherm,-2.9920288469043044e-09,3.22644133632366e-09,0.9999999999892393,1.0000000000215576,0.0,0.0,0.0006075574264175458,5.805457730934133e-05,4.062711832837015e-09,1.5505361400683455,1.5505361400683455,3.5449440459465764,8.486912563321422,8.486912563321422,1.2968107527428778,1.2968107527428778,0.5624023506137394,0.5624023506137394,0.6474197206942732,286.0918885177874,101.61992783975448,773.1499999999995,823.1499999999997,True,ZAVOICO_SANDIA_SOLAR_SALT_2001,Q1_authoritative_design_basis_full_property_vector,1.0,1.0,1.0,1.0,G0229,T1_homogeneous_none,20260821,228,0.0,5.631735538224066,Ceramic_sphere_Weiss2024,Tier_2_unit_pair_partial,direct_source_unit_pair,False,True,PASS,pooled_material_topology_unit_reference
G0230_T1_homogeneous_none__SOLAR_SALT_60_40_V10,V16_conservative_MUSCL_LTNE_effective_particle_resistance,numba,SOLAR_SALT_60_40_V10,Solar Salt (NaNO3-KNO3 60:40 wt%),nitrate,homogeneous,1.0,none,0.5,True,True,charge_end_profile_reversed_for_counterflow,False,1.1471626953485137,1.223571100628827,0.5384272642674293,0.012225425582221644,0.012225425582221644,0.012225425582221644,0.2857818324711068,21.9094641863974,500.0,550.0,2048,0.9193433959270028,0.45,5.0,525.0,run-wise frozen at the registered transport-property temperature,0.0,0.0,0.0,25.0,initial state and every explicit transient time step,1.2646464337432277,1195.763822004846,1594.740290277746,0.054147747580919545,0.04281651071489412,37.39729638493229,0.24720122423815566,1.2357507480253254,2.2273647497989937,0.24720122423815566,1.2357507480253254,2.2273647497989937,2.276585988213163,0.9185204493592823,0.9185204493596979,0.04973581343981922,0.9,"time integral of positive outlet enthalpy flow following the simulated charge end state, with linear within-step interpolation at the registered outlet-grade threshold",True,0.11314648875882616,1,1,0,0.90-to-0.10 solid-temperature thickness at charge t50; reported only for a single crossing of each isotherm,6.98796576159566e-10,4.23716617348191e-09,0.9999999999995476,1.0000000000286209,0.0,0.0,0.00035369347623703617,5.755889173287174e-05,2.367681985140813e-09,2.693869847372454,2.693869847372454,3.5449440459465764,8.230757115144574,8.230757115144574,1.2576698829517787,1.2576698829517787,0.5699298416538706,0.5699298416538706,0.8877877219179134,136.15444129904634,100.08413141937228,773.1499999999999,823.1499999999999,True,ZAVOICO_SANDIA_SOLAR_SALT_2001,Q1_authoritative_design_basis_full_property_vector,1.0,1.0,1.0,1.0,G0230,T1_homogeneous_none,20260821,229,0.0,5.121423425384608,Ceramic_sphere_Weiss2024,Tier_2_unit_pair_partial,direct_source_unit_pair,False,True,PASS,pooled_material_topology_unit_reference
G0231_T1_homogeneous_none__SOLAR_SALT_60_40_V10,V16_conservative_MUSCL_LTNE_effective_particle_resistance,numba,SOLAR_SALT_60_40_V10,Solar Salt (NaNO3-KNO3 60:40 wt%),nitrate,homogeneous,1.0,none,0.5,True,True,charge_end_profile_reversed_for_counterflow,False,1.1416666269999207,1.3995125173256635,0.46838293825716537,0.018938624639879595,0.018938624639879595,0.018938624639879595,0.12863924247753303,9.862127524540071,500.0,550.0,2048,2.0127506626772487,0.45,5.0,525.0,run-wise frozen at the registered transport-property temperature,0.0,0.0,0.0,25.0,initial state and every explicit transient time step,1.432667076201481,1178.4077502868581,2080.7738744341978,0.0625199927470411,0.04363888427784928,37.39729638493229,0.6340164587433376,3.1700822937166335,5.713975492378749,0.6340164587433376,3.1700822937166335,5.713975492378749,5.831808240305725,0.9172163893227467,0.9172163893391891,0.05734436200792535,0.9,"time integral of positive outlet enthalpy flow following the simulated charge end state, with linear within-step interpolation at the registered outlet-grade threshold",True,0.11473018470379043,1,1,0,0.90-to-0.10 solid-temperature thickness at charge t50; reported only for a single crossing of each isotherm,-5.5180526814524455e-09,-1.1863510174237035e-09,0.9999999999820736,0.999999999987949,0.0,0.0,0.00015056138751521567,1.1029043241457573e-05,1.0079924839571674e-09,1.896580740355301,1.896580740355301,3.5449440459465764,8.673142424692937,8.673142424692937,1.3252669062505888,1.3252669062505888,0.5570533656740245,0.5570533656740245,0.6705395446717266,169.383488064335,73.89726254876348,773.149999999999,823.1499999999995,True,ZAVOICO_SANDIA_SOLAR_SALT_2001,Q1_authoritative_design_basis_full_property_vector,1.0,1.0,1.0,1.0,G0231,T1_homogeneous_none,20260821,230,0.0,4.932718789908021,Ceramic_sphere_Weiss2024,Tier_2_unit_pair_partial,direct_source_unit_pair,False,True,PASS,pooled_material_topology_unit_reference
G0233_T1_homogeneous_none__SOLAR_SALT_60_40_V10,V16_conservative_MUSCL_LTNE_effective_particle_resistance,numba,SOLAR_SALT_60_40_V10,Solar Salt (NaNO3-KNO3 60:40 wt%),nitrate,homogeneous,1.0,none,0.5,True,True,charge_end_profile_reversed_for_counterflow,False,1.1452170623973321,1.5948815751193604,0.5502960114191748,0.015243851185992965,0.015243851185992965,0.015243851185992965,0.2991506097239577,22.934381494487212,500.0,550.0,2048,1.1660484841633583,0.45,5.0,525.0,run-wise frozen at the registered transport-property temperature,0.0,0.0,0.0,25.0,initial state and every explicit transient time step,1.6428349820018322,1587.5943693090203,2018.3727609706596,0.07011153567309965,0.04267716261292849,37.39729638493229,0.3057638247361765,1.5288191236807234,2.7573807626893228,0.3057638247361765,1.5288191236807234,2.7573807626893228,2.791868017729775,0.9103854262502281,0.9103854262631921,0.0638285202888129,0.9,"time integral of positive outlet enthalpy flow following the simulated charge end state, with linear within-step interpolation at the registered outlet-grade threshold",True,0.12473354321513128,1,1,0,0.90-to-0.10 solid-temperature thickness at charge t50; reported only for a single crossing of each isotherm,-4.286537791386991e-09,-3.397282455352979e-12,0.99999999998576,0.999999999995565,0.0,0.0,0.00028300040174794366,4.820895321167492e-05,1.8959852882849453e-09,3.528068515776671,3.528068515776671,3.5449440459465764,8.520275514495278,8.520275514495278,1.3019086530102233,1.3019086530102233,0.5614365435228615,0.5614365435228615,0.93130485034178,107.97411442039912,104.62458309648422,773.1499999999984,823.1499999999995,True,ZAVOICO_SANDIA_SOLAR_SALT_2001,Q1_authoritative_design_basis_full_property_vector,1.0,1.0,1.0,1.0,G0233,T1_homogeneous_none,20260821,232,0.0,4.746799242042145,Ceramic_sphere_Weiss2024,Tier_2_unit_pair_partial,direct_source_unit_pair,False,True,PASS,pooled_material_topology_unit_reference
G0233_T1_homogeneous_none__AIP_FLINAK_2017_V10,V16_conservative_MUSCL_LTNE_effective_particle_resistance,numba,AIP_FLINAK_2017_V10,FLiNaK (LiF-NaF-KF),fluoride,homogeneous,1.0,none,0.5,True,True,charge_end_profile_reversed_for_counterflow,False,1.1452170623973321,1.5948815751193604,0.5502960114191748,0.015243851185992965,0.015243851185992965,0.015243851185992965,0.24398278185624694,22.934381494487212,500.0,550.0,2048,1.7155770775137096,0.45,5.0,525.0,run-wise frozen at the registered transport-property temperature,0.0,0.0,0.0,25.0,initial state and every explicit transient time step,1.6428349820018322,1904.9821565678124,2018.3727609706596,0.08604387749728458,0.052375240629730285,55.02068055555556,0.3755207603002186,1.8761741539364605,3.3782571951371203,0.3755207603002186,1.8761741539364605,3.3782571951371203,3.505627883572035,0.9322232151483779,0.932223215148386,0.0802121001243518,0.9,"time integral of positive outlet enthalpy flow following the simulated charge end state, with linear within-step interpolation at the registered outlet-grade threshold",True,0.09433520827874271,1,1,0,0.90-to-0.10 solid-temperature thickness at charge t50; reported only for a single crossing of each isotherm,4.022560062821867e-10,2.8822721986898614e-09,0.9999999999999913,1.000000000019533,0.0,0.0,0.0009744916659361992,0.00011283314748459067,4.4300582845283305e-09,0.5274735654669188,0.5274735654669188,19.164589033215517,8.611845724325365,8.611845724325365,1.6280558569494603,1.6280558569494603,0.5058594933929108,0.5058594933929108,1.3701799761958198,121.65715773203978,104.62458309648422,773.1499999999999,823.1499999999999,True,AIP_AN_CHENG_SU_ZHANG_2017;TASIDOU_ETAL_REFERENCE_VISCOSITY_2019,Q1_primary_experiment_common_table_domain,1.0,1.0,1.0,1.0,G0233,T1_homogeneous_none,20260821,232,0.0,4.746799242042145,Ceramic_sphere_Weiss2024,Tier_3_hypothetical_common_skeleton,unresolved,False,True,PASS,pooled_material_topology_unit_reference
G0235_T1_homogeneous_none__AIP_FLINAK_2017_V10,V16_conservative_MUSCL_LTNE_effective_particle_resistance,numba,AIP_FLINAK_2017_V10,FLiNaK (LiF-NaF-KF),fluoride,homogeneous,1.0,none,0.5,True,True,charge_end_profile_reversed_for_counterflow,False,0.691411689166182,2.0503343597513033,0.5651282803045072,0.010005894697872483,0.010005894697872483,0.010005894697872483,0.17166472954374018,16.136484577111577,500.0,550.0,2048,1.17333141174596,0.45,5.0,525.0,run-wise frozen at the registered transport-property temperature,0.0,0.0,0.0,25.0,initial state and every explicit transient time step,0.7698179017456351,916.7177747138293,914.5971990312544,0.04038656651677047,0.052462493305481854,55.02068055555556,0.25031070117246945,1.25155350586239,2.252796310552654,0.25031070117246945,1.25155350586239,2.252796310552654,2.3764308507211083,0.947802191813729,0.9478021918137731,0.038278476264426015,0.9,"time integral of positive outlet enthalpy flow following the simulated charge end state, with linear within-step interpolation at the registered outlet-grade threshold",True,0.07242963551154939,1,1,0,0.90-to-0.10 solid-temperature thickness at charge t50; reported only for a single crossing of each isotherm,3.0042635046356736e-10,2.7816637881983297e-09,0.9999999999999535,1.0000000000193652,0.0,0.0,0.0048664010074959425,0.0003964499449752278,2.2114308058055106e-08,0.6683223835426227,0.6683223835426227,19.164589033215517,8.75651997967322,8.75651997967322,1.6554062968329302,1.6554062968329302,0.5016947806320717,0.5016947806320717,1.4551034352992853,183.38625690401247,204.9126461611932,773.15,823.1499999999999,True,AIP_AN_CHENG_SU_ZHANG_2017;TASIDOU_ETAL_REFERENCE_VISCOSITY_2019,Q1_primary_experiment_common_table_domain,1.0,1.0,1.0,1.0,G0235,T1_homogeneous_none,20260821,234,0.0,6.7607158806771,Ceramic_sphere_Weiss2024,Tier_3_hypothetical_common_skeleton,unresolved,False,True,PASS,pooled_material_topology_unit_reference
G0236_T1_homogeneous_none__SOLAR_SALT_60_40_V10,V16_conservative_MUSCL_LTNE_effective_particle_resistance,numba,SOLAR_SALT_60_40_V10,Solar Salt (NaNO3-KNO3 60:40 wt%),nitrate,homogeneous,1.0,none,0.5,True,True,charge_end_profile_reversed_for_counterflow,False,0.9811106866819954,1.217545157951695,0.5235893854356719,0.015066810796277143,0.015066810796277143,0.015066810796277143,0.11874710573897226,9.103746861478308,500.0,550.0,2048,1.5660431546159934,0.45,5.0,525.0,run-wise frozen at the registered transport-property temperature,0.0,0.0,0.0,25.0,initial state and every explicit transient time step,0.920472825771585,846.3520458100176,1198.0449032498318,0.03957178830244122,0.0429907186768607,37.39729638493229,0.4350119873933248,2.1737549010043598,3.916412922502702,0.4350119873933248,2.1737549010043598,3.916412922502702,4.020401774453822,0.9223866776390605,0.9223866776485828,0.036500490340524994,0.9,"time integral of positive outlet enthalpy flow following the simulated charge end state, with linear within-step interpolation at the registered outlet-grade threshold",True,0.10764336744497234,1,1,0,0.90-to-0.10 solid-temperature thickness at charge t50; reported only for a single crossing of each isotherm,-2.7605584485002055e-09,2.99704705497561e-09,0.9999999999896764,1.0000000000197675,0.0,0.0,0.0001493697062793596,1.0100347534738536e-05,9.996296175570612e-10,1.8859770034285284,1.8859770034285284,3.5449440459465764,7.889951776268878,7.889951776268878,1.2055944050027965,1.2055944050027965,0.5802629444467382,0.5802629444467382,0.8364339340843253,158.17936638043906,80.809746296976,773.1499999999997,823.1499999999997,True,ZAVOICO_SANDIA_SOLAR_SALT_2001,Q1_authoritative_design_basis_full_property_vector,1.0,1.0,1.0,1.0,G0236,T1_homogeneous_none,20260821,235,0.0,5.719661501467512,Ceramic_sphere_Weiss2024,Tier_2_unit_pair_partial,direct_source_unit_pair,False,True,PASS,pooled_material_topology_unit_reference
G0236_T1_homogeneous_none__AIP_FLINAK_2017_V10,V16_conservative_MUSCL_LTNE_effective_particle_resistance,numba,AIP_FLINAK_2017_V10,FLiNaK (LiF-NaF-KF),fluoride,homogeneous,1.0,none,0.5,True,True,charge_end_profile_reversed_for_counterflow,False,0.9811106866819954,1.217545157951695,0.5235893854356719,0.015066810796277143,0.015066810796277143,0.015066810796277143,0.09684837086679052,9.103746861478308,500.0,550.0,2048,2.304011491603866,0.45,5.0,525.0,run-wise frozen at the registered transport-property temperature,0.0,0.0,0.0,25.0,initial state and every explicit transient time step,0.920472825771585,1015.5525722508536,1198.0449032498318,0.04806537479916856,0.05221813556405409,55.02068055555556,0.5280026334925567,2.6400131674627865,4.752663704625129,0.5280026334925567,2.6400131674627865,4.752663704625129,4.980629118428111,0.9414343400984252,0.9414343401077911,0.04525039440563872,0.9,"time integral of positive outlet enthalpy flow following the simulated charge end state, with linear within-step interpolation at the registered outlet-grade threshold",True,0.08120721328591173,1,1,0,0.90-to-0.10 solid-temperature thickness at charge t50; reported only for a single crossing of each isotherm,-3.184119634624949e-09,-5.697997629283691e-10,0.9999999999900513,0.9999999999942317,0.0,0.0,0.0005330476507004701,2.4499529732798907e-05,2.422492828319144e-09,0.2819681675507553,0.2819681675507553,19.164589033215517,8.137526739836067,8.137526739836067,1.538386600731959,1.538386600731959,0.5200121581815121,0.5200121581815121,1.2306013734089767,180.88508432758226,80.809746296976,773.1499999999993,823.1499999999997,True,AIP_AN_CHENG_SU_ZHANG_2017;TASIDOU_ETAL_REFERENCE_VISCOSITY_2019,Q1_primary_experiment_common_table_domain,1.0,1.0,1.0,1.0,G0236,T1_homogeneous_none,20260821,235,0.0,5.719661501467512,Ceramic_sphere_Weiss2024,Tier_3_hypothetical_common_skeleton,unresolved,False,True,PASS,pooled_material_topology_unit_reference
G0243_T1_homogeneous_none__SOLAR_SALT_60_40_V10,V16_conservative_MUSCL_LTNE_effective_particle_resistance,numba,SOLAR_SALT_60_40_V10,Solar Salt (NaNO3-KNO3 60:40 wt%),nitrate,homogeneous,1.0,none,0.5,True,True,charge_end_profile_reversed_for_counterflow,False,0.9522125194944444,1.8550695692045647,0.511626753687892,0.019344588488742744,0.019344588488742744,0.019344588488742744,0.22566073787361013,17.30028046908032,500.0,550.0,2048,1.155660644017719,0.45,5.0,525.0,run-wise frozen at the registered transport-property temperature,0.0,0.0,0.0,25.0,initial state and every explicit transient time step,1.3210457463325895,1186.91698898603,1762.5864078799943,0.056978247414800676,0.04313116905525821,37.39729638493229,0.32936328354505084,1.646816417725365,2.9799993773379114,0.32936328354505084,1.646816417725365,2.9799993773379114,2.9433293207645232,0.8902127184914209,0.8902127185003841,0.05072276052600649,0.9,"time integral of positive outlet enthalpy flow following the simulated charge end state, with linear within-step interpolation at the registered outlet-grade threshold",True,0.15316178319731252,1,1,0,0.90-to-0.10 solid-temperature thickness at charge t50; reported only for a single crossing of each isotherm,-2.2447044223383728e-09,2.166600232555993e-09,0.9999999999899315,1.0000000000127556,0.0,0.0,0.0003348452516281065,4.302797480546276e-05,2.2503910517802813e-09,4.885125919754084,4.885125919754084,3.5449440459465764,9.798509265649699,9.798509265649699,1.4972243535842835,1.4972243535842835,0.5267775204641758,0.5267775204641758,0.7973034086765184,83.7540689141683,95.89604711850505,773.1499999999999,823.1499999999996,True,ZAVOICO_SANDIA_SOLAR_SALT_2001,Q1_authoritative_design_basis_full_property_vector,1.0,1.0,1.0,1.0,G0243,T1_homogeneous_none,20260821,242,0.0,5.278869602674027,Ceramic_sphere_Weiss2024,Tier_2_unit_pair_partial,direct_source_unit_pair,False,True,PASS,pooled_material_topology_unit_reference
G0244_T1_homogeneous_none__SOLAR_SALT_60_40_V10,V16_conservative_MUSCL_LTNE_effective_particle_resistance,numba,SOLAR_SALT_60_40_V10,Solar Salt (NaNO3-KNO3 60:40 wt%),nitrate,homogeneous,1.0,none,0.5,True,True,charge_end_profile_reversed_for_counterflow,False,1.0820650126903284,1.8981420356495138,0.46935161754709187,0.013561109231580118,0.013561109231580118,0.013561109231580118,0.14177332028528047,10.869051599671028,500.0,550.0,2048,2.229701471892113,0.45,5.0,525.0,run-wise frozen at the registered transport-property temperature,0.0,0.0,0.0,25.0,initial state and every explicit transient time step,1.7455218843474327,1438.7086672653345,2530.5378517186996,0.07615277564228679,0.043627511247592676,37.39729638493229,0.7011172406060792,3.5037281184702924,6.306338996335384,0.7011172406060792,3.5037281184702924,6.306338996335384,6.631629819840799,0.944652581172008,0.9446525811884906,0.07193791607389904,0.9,"time integral of positive outlet enthalpy flow following the simulated charge end state, with linear within-step interpolation at the registered outlet-grade threshold",True,0.07635391692182956,1,1,0,0.90-to-0.10 solid-temperature thickness at charge t50; reported only for a single crossing of each isotherm,-5.590861107407363e-09,-1.0292100505182589e-09,0.9999999999825517,0.9999999999896738,0.0,0.0,0.00048150776896078014,3.887304546935113e-05,3.219142053353606e-09,1.6661383182612088,1.6661383182612088,3.5449440459465764,8.456264917091431,8.456264917091431,1.292127754434509,1.292127754434509,0.5632924865548391,0.5632924865548391,0.6731528881779753,359.4046480953418,139.9695263296943,773.1499999999992,823.1499999999994,True,ZAVOICO_SANDIA_SOLAR_SALT_2001,Q1_authoritative_design_basis_full_property_vector,1.0,1.0,1.0,1.0,G0244,T1_homogeneous_none,20260821,243,0.0,4.750297485804296,Ceramic_sphere_Weiss2024,Tier_2_unit_pair_partial,direct_source_unit_pair,False,True,PASS,pooled_material_topology_unit_reference
G0247_T1_homogeneous_none__SOLAR_SALT_60_40_V10,V16_conservative_MUSCL_LTNE_effective_particle_resistance,numba,SOLAR_SALT_60_40_V10,Solar Salt (NaNO3-KNO3 60:40 wt%),nitrate,homogeneous,1.0,none,0.5,True,True,charge_end_profile_reversed_for_counterflow,False,0.9984374149333031,1.2925857195833976,0.521703271965833,0.018180916970051562,0.018180916970051562,0.018180916970051562,0.35000470908383075,26.833111021911886,500.0,550.0,2048,0.582052818673743,0.45,5.0,525.0,run-wise frozen at the registered transport-property temperature,0.0,0.0,0.0,25.0,initial state and every explicit transient time step,1.01202427359119,927.1793118589284,1322.4188593845101,0.04353006151450342,0.043012863080878545,37.39729638493229,0.16232806387456544,0.8111552753572151,1.4801926541551667,0.16232806387456544,0.8111552753572151,1.4801926541551667,1.3967029456073672,0.8566289945307376,0.8566289945396539,0.03728911282703022,0.9,"time integral of positive outlet enthalpy flow following the simulated charge end state, with linear within-step interpolation at the registered outlet-grade threshold",True,0.20145935617711005,1,1,0,0.90-to-0.10 solid-temperature thickness at charge t50; reported only for a single crossing of each isotherm,-1.8077428443064036e-09,1.9847457011223923e-09,0.9999999999895914,1.0000000000093237,0.0,0.0,0.0003495606750123388,6.967022513799962e-05,2.3690606416497754e-09,6.477031575402145,6.477031575402145,3.5449440459465764,10.300442916202348,10.300442916202348,1.5739204371533857,1.5739204371533857,0.514310096680313,0.514310096680313,0.8301343595769556,47.074723900033156,71.09573855447466,773.1499999999992,823.1499999999997,True,ZAVOICO_SANDIA_SOLAR_SALT_2001,Q1_authoritative_design_basis_full_property_vector,1.0,1.0,1.0,1.0,G0247,T1_homogeneous_none,20260821,246,0.0,5.553546286475987,Ceramic_sphere_Weiss2024,Tier_2_unit_pair_partial,direct_source_unit_pair,False,True,PASS,pooled_material_topology_unit_reference
G0248_T1_homogeneous_none__SOLAR_SALT_60_40_V10,V16_conservative_MUSCL_LTNE_effective_particle_resistance,numba,SOLAR_SALT_60_40_V10,Solar Salt (NaNO3-KNO3 60:40 wt%),nitrate,homogeneous,1.0,none,0.5,True,True,charge_end_profile_reversed_for_counterflow,False,0.9721470644507096,1.7006235417775128,0.5111554456686551,0.00972540767760795,0.00972540767760795,0.00972540767760795,0.3074379665922477,23.56973170879467,500.0,550.0,2048,0.8097801879239781,0.45,5.0,525.0,run-wise frozen at the registered transport-property temperature,0.0,0.0,0.0,25.0,initial state and every explicit transient time step,1.2622983260177891,1133.0895680009905,1685.8288542651883,0.0544513874430376,0.043136702569207264,37.39729638493229,0.23123723144051056,1.1552864014381556,2.0800103882590704,0.23123723144051056,1.1552864014381556,2.0800103882590704,2.161469795823078,0.9334074636420209,0.9334074636422978,0.05082533144499471,0.9,"time integral of positive outlet enthalpy flow following the simulated charge end state, with linear within-step interpolation at the registered outlet-grade threshold",True,0.09213464479325163,1,1,0,0.90-to-0.10 solid-temperature thickness at charge t50; reported only for a single crossing of each isotherm,4.987565915826053e-10,4.937206199429056e-09,0.9999999999997033,1.000000000033927,0.0,0.0,0.0015376686121182166,0.00026919748955204614,1.0283182872929974e-08,3.210180216153891,3.210180216153891,3.5449440459465764,8.93835605874045,8.93835605874045,1.3657918780634515,1.3657918780634515,0.5496090522203646,0.5496090522203646,0.7958009434745417,221.40892967745202,174.8639849507878,773.15,823.1499999999999,True,ZAVOICO_SANDIA_SOLAR_SALT_2001,Q1_authoritative_design_basis_full_property_vector,1.0,1.0,1.0,1.0,G0248,T1_homogeneous_none,20260821,247,0.0,5.290643023945269,Ceramic_sphere_Weiss2024,Tier_2_unit_pair_partial,direct_source_unit_pair,False,True,PASS,pooled_material_topology_unit_reference
G0248_T1_homogeneous_none__AIP_FLINAK_2017_V10,V16_conservative_MUSCL_LTNE_effective_particle_resistance,numba,AIP_FLINAK_2017_V10,FLiNaK (LiF-NaF-KF),fluoride,homogeneous,1.0,none,0.5,True,True,charge_end_profile_reversed_for_counterflow,False,0.9721470644507096,1.7006235417775128,0.5111554456686551,0.00972540767760795,0.00972540767760795,0.00972540767760795,0.250741826689305,23.569731708794674,500.0,550.0,2048,1.1913796979383962,0.45,5.0,525.0,run-wise frozen at the registered transport-property temperature,0.0,0.0,0.0,25.0,initial state and every explicit transient time step,1.2622983260177891,1359.6139231549955,1685.8288542651883,0.06582253530284454,0.05214499135913211,55.02068055555556,0.27931235140555355,1.3965617570278601,2.513811162650494,0.27931235140555355,1.3965617570278601,2.513811162650494,2.6559831567589756,0.9493803553698109,0.9493803553698678,0.062490621957156475,0.9,"time integral of positive outlet enthalpy flow following the simulated charge end state, with linear within-step interpolation at the registered outlet-grade threshold",True,0.0700567059287349,1,1,0,0.90-to-0.10 solid-temperature thickness at charge t50; reported only for a single crossing of each isotherm,3.434363904375459e-10,3.2671199079459257e-09,0.9999999999999402,1.0000000000226499,0.0,0.0,0.00535639643803249,0.0006373806766615744,2.434203806458894e-08,0.47994680285660385,0.47994680285660385,19.164589033215517,9.029564763280643,9.029564763280643,1.7070249826979031,1.7070249826979031,0.4940186714990924,0.4940186714990924,1.1708201856635836,248.7367584371923,174.8639849507878,773.15,823.1499999999997,True,AIP_AN_CHENG_SU_ZHANG_2017;TASIDOU_ETAL_REFERENCE_VISCOSITY_2019,Q1_primary_experiment_common_table_domain,1.0,1.0,1.0,1.0,G0248,T1_homogeneous_none,20260821,247,0.0,5.290643023945269,Ceramic_sphere_Weiss2024,Tier_3_hypothetical_common_skeleton,unresolved,False,True,PASS,pooled_material_topology_unit_reference
G0248_T1_homogeneous_none__AIP_LIF_NAK_CARBONATE_RECIPROCAL_2017_V10,V16_conservative_MUSCL_LTNE_effective_particle_resistance,numba,AIP_LIF_NAK_CARBONATE_RECIPROCAL_2017_V10,LiF-Na2CO3-K2CO3 reciprocal salt,fluoride_carbonate,homogeneous,1.0,none,0.5,True,True,charge_end_profile_reversed_for_counterflow,False,0.9721470644507096,1.7006235417775128,0.5111554456686551,0.00972540767760795,0.00972540767760795,0.00972540767760795,0.25900804075598544,23.569731708794677,500.0,550.0,2048,1.1456953895893789,0.45,5.0,525.0,run-wise frozen at the registered transport-property temperature,0.0,0.0,0.0,25.0,initial state and every explicit transient time step,1.2622983260177891,1350.5806938673618,1685.8288542651883,0.06446118373766688,0.05106652081289257,52.9108125,0.27369389862412913,1.3675147469627618,2.461653844020578,0.27369389862412913,1.3675147469627618,2.461653844020578,2.5995687289877463,0.9488178444899926,0.9488178444958115,0.06116192140724646,0.9,"time integral of positive outlet enthalpy flow following the simulated charge end state, with linear within-step interpolation at the registered outlet-grade threshold",True,0.07080507003747823,1,1,0,0.90-to-0.10 solid-temperature thickness at charge t50; reported only for a single crossing of each isotherm,-1.7836065957510527e-09,2.0107471243591135e-09,0.9999999999938672,1.000000000013993,0.0,0.0,0.008468567528623953,0.001047894745350316,4.0017169689566966e-08,0.32488672880615616,0.32488672880615616,27.373757098453936,9.149372128648432,9.149372128648432,1.7889186214375945,1.7889186214375945,0.48231096260425466,0.48231096260425466,1.1259229564110855,254.49218338114446,174.8639849507878,773.1499999999999,823.1499999999997,True,AIP_AN_CHENG_SU_ZHANG_2017,Q1_primary_experiment_direct_table1_resolution,1.0,1.0,1.0,1.0,G0248,T1_homogeneous_none,20260821,247,0.0,5.290643023945269,Ceramic_sphere_Weiss2024,Tier_3_hypothetical_common_skeleton,unresolved,False,True,PASS,pooled_material_topology_unit_reference
G0250_T1_homogeneous_none__SOLAR_SALT_60_40_V10,V16_conservative_MUSCL_LTNE_effective_particle_resistance,numba,SOLAR_SALT_60_40_V10,Solar Salt (NaNO3-KNO3 60:40 wt%),nitrate,homogeneous,1.0,none,0.5,True,True,charge_end_profile_reversed_for_counterflow,False,0.6683876479011523,1.0559444537960934,0.5417133347133982,0.011315502641878344,0.011315502641878344,0.011315502641878344,0.14463559108194451,11.088487590297275,500.0,550.0,2048,0.5354190331746842,0.45,5.0,525.0,run-wise frozen at the registered transport-property temperature,0.0,0.0,0.0,25.0,initial state and every explicit transient time step,0.37049963588793117,352.4573362360928,463.8800564405179,0.015849207397589098,0.04277792975317031,37.39729638493229,0.1430758638650105,0.7147844092882071,1.290508597460062,0.1430758638650105,0.7147844092882071,1.290508597460062,1.2943110465991094,0.9024293123872987,0.9024293123959354,0.014302789333690018,0.9,"time integral of positive outlet enthalpy flow following the simulated charge end state, with linear within-step interpolation at the registered outlet-grade threshold",True,0.13596794529462602,1,1,0,0.90-to-0.10 solid-temperature thickness at charge t50; reported only for a single crossing of each isotherm,-2.2887025608042677e-09,2.439470847548364e-09,0.9999999999904295,1.000000000014904,0.0,0.0,0.0005269619106740071,4.340154172769538e-05,3.5339346213068357e-09,3.7172368350044556,3.7172368350044556,3.5449440459465764,8.7436373262721,8.7436373262721,1.3360386145366505,1.3360386145366505,0.5550550289100499,0.5550550289100499,0.8996105599520741,94.5048843273396,93.31838692592177,773.1499999999999,823.1499999999999,True,ZAVOICO_SANDIA_SOLAR_SALT_2001,Q1_authoritative_design_basis_full_property_vector,1.0,1.0,1.0,1.0,G0250,T1_homogeneous_none,20260821,249,0.0,7.878590071394489,Ceramic_sphere_Weiss2024,Tier_2_unit_pair_partial,direct_source_unit_pair,False,True,PASS,pooled_material_topology_unit_reference
G0250_T1_homogeneous_none__AIP_FLINAK_2017_V10,V16_conservative_MUSCL_LTNE_effective_particle_resistance,numba,AIP_FLINAK_2017_V10,FLiNaK (LiF-NaF-KF),fluoride,homogeneous,1.0,none,0.5,True,True,charge_end_profile_reversed_for_counterflow,False,0.6683876479011523,1.0559444537960934,0.5417133347133982,0.011315502641878344,0.011315502641878344,0.011315502641878344,0.11796263393933272,11.088487590297275,500.0,550.0,2048,0.7877317865794137,0.45,5.0,525.0,run-wise frozen at the registered transport-property temperature,0.0,0.0,0.0,25.0,initial state and every explicit transient time step,0.37049963588793117,422.9197013172877,463.8800564405179,0.019386301549541265,0.05232475196117396,55.02068055555556,0.17505150812875855,0.8743822831031903,1.5748071300035247,0.17483269374359758,0.8741634687180293,1.5748071300035247,1.6224328185919983,0.925619267301726,0.9256192673072596,0.0179443342359767,0.9,"time integral of positive outlet enthalpy flow following the simulated charge end state, with linear within-step interpolation at the registered outlet-grade threshold",True,0.10364098096943551,1,1,0,0.90-to-0.10 solid-temperature thickness at charge t50; reported only for a single crossing of each isotherm,-1.5730972080518768e-09,1.7528201112781971e-09,0.9999999999940217,1.000000000011454,0.0,0.0,0.0018102419876057027,0.00010133990433900438,8.232142861241918e-09,0.5557556941643255,0.5557556941643255,19.164589033215517,8.808151720996076,8.808151720996076,1.6651671961286216,1.6651671961286216,0.5002250218047768,0.5002250218047768,1.3235498292189476,106.1506019235129,93.31838692592177,773.15,823.1499999999999,True,AIP_AN_CHENG_SU_ZHANG_2017;TASIDOU_ETAL_REFERENCE_VISCOSITY_2019,Q1_primary_experiment_common_table_domain,1.0,1.0,1.0,1.0,G0250,T1_homogeneous_none,20260821,249,0.0,7.878590071394489,Ceramic_sphere_Weiss2024,Tier_3_hypothetical_common_skeleton,unresolved,False,True,PASS,pooled_material_topology_unit_reference
G0250_T1_homogeneous_none__AIP_LIF_NAK_CARBONATE_RECIPROCAL_2017_V10,V16_conservative_MUSCL_LTNE_effective_particle_resistance,numba,AIP_LIF_NAK_CARBONATE_RECIPROCAL_2017_V10,LiF-Na2CO3-K2CO3 reciprocal salt,fluoride_carbonate,homogeneous,1.0,none,0.5,True,True,charge_end_profile_reversed_for_counterflow,False,0.6683876479011523,1.0559444537960934,0.5417133347133982,0.011315502641878344,0.011315502641878344,0.011315502641878344,0.12185151198128875,11.088487590297277,500.0,550.0,2048,0.7575530547819399,0.45,5.0,525.0,run-wise frozen at the registered transport-property temperature,0.0,0.0,0.0,25.0,initial state and every explicit transient time step,0.37049963588793117,420.1098370115504,463.8800564405179,0.01896284133960405,0.05118180830099368,52.9108125,0.17108073153825787,0.8551932262871937,1.54035787805666,0.17108073153825787,0.8551932262871937,1.54035787805666,1.585575473023184,0.924758320483676,0.9247583204926867,0.01753604530881066,0.9,"time integral of positive outlet enthalpy flow following the simulated charge end state, with linear within-step interpolation at the registered outlet-grade threshold",True,0.10480042924061884,1,1,0,0.90-to-0.10 solid-temperature thickness at charge t50; reported only for a single crossing of each isotherm,-3.0269120543380268e-09,-7.210898544940392e-10,0.9999999999902562,0.9999999999927667,0.0,0.0,0.0028595909411324363,0.00016646743813822723,1.352220509489756e-08,0.3762034634209,0.3762034634209,27.373757098453936,8.922822739329117,8.922822739329117,1.744622858238759,1.744622858238759,0.48857379430814313,0.48857379430814313,1.2727959040328465,108.62528526276628,93.31838692592177,773.1499999999992,823.1499999999999,True,AIP_AN_CHENG_SU_ZHANG_2017,Q1_primary_experiment_direct_table1_resolution,1.0,1.0,1.0,1.0,G0250,T1_homogeneous_none,20260821,249,0.0,7.878590071394489,Ceramic_sphere_Weiss2024,Tier_3_hypothetical_common_skeleton,unresolved,False,True,PASS,pooled_material_topology_unit_reference
G0251_T1_homogeneous_none__SOLAR_SALT_60_40_V10,V16_conservative_MUSCL_LTNE_effective_particle_resistance,numba,SOLAR_SALT_60_40_V10,Solar Salt (NaNO3-KNO3 60:40 wt%),nitrate,homogeneous,1.0,none,0.5,True,True,charge_end_profile_reversed_for_counterflow,False,1.0707990462937147,1.3827485738736298,0.5002200417862461,0.01073823231879783,0.01073823231879783,0.01073823231879783,0.34639005213102514,26.55599334662504,500.0,550.0,2048,0.6938522860019655,0.45,5.0,525.0,run-wise frozen at the registered transport-property temperature,0.0,0.0,0.0,25.0,initial state and every explicit transient time step,1.2452285000867516,1093.8540599462494,1700.2335568254948,0.0538749262556095,0.04326509251262414,37.39729638493229,0.20295179365557614,1.0143734947855385,1.828108036868827,0.20295179365557614,1.0143734947855385,1.828108036868827,1.8729205285671833,0.9206003713876046,0.9206003713900855,0.04959727711939392,0.9,"time integral of positive outlet enthalpy flow following the simulated charge end state, with linear within-step interpolation at the registered outlet-grade threshold",True,0.11007429047254484,1,1,0,0.90-to-0.10 solid-temperature thickness at charge t50; reported only for a single crossing of each isotherm,9.394707234378075e-11,5.129807689741028e-09,0.9999999999973052,1.0000000000354545,0.0,0.0,0.001062395545945123,0.00020955711436917036,7.110785509825775e-09,3.2916245509722217,3.2916245509722217,3.5449440459465764,9.158240303321435,9.158240303321435,1.399390463014558,1.399390463014558,0.5435863052036309,0.5435863052036309,0.7617360175417403,164.74087736419557,128.76873332802242,773.15,823.1500000000003,True,ZAVOICO_SANDIA_SOLAR_SALT_2001,Q1_authoritative_design_basis_full_property_vector,1.0,1.0,1.0,1.0,G0251,T1_homogeneous_none,20260821,250,0.0,5.181922717363056,Ceramic_sphere_Weiss2024,Tier_2_unit_pair_partial,direct_source_unit_pair,False,True,PASS,pooled_material_topology_unit_reference
G0251_T1_homogeneous_none__AIP_FLINAK_2017_V10,V16_conservative_MUSCL_LTNE_effective_particle_resistance,numba,AIP_FLINAK_2017_V10,FLiNaK (LiF-NaF-KF),fluoride,homogeneous,1.0,none,0.5,True,True,charge_end_profile_reversed_for_counterflow,False,1.0707990462937147,1.3827485738736298,0.5002200417862461,0.01073823231879783,0.01073823231879783,0.01073823231879783,0.28251056751728765,26.55599334662504,500.0,550.0,2048,1.0208166083086572,0.45,5.0,525.0,run-wise frozen at the registered transport-property temperature,0.0,0.0,0.0,25.0,initial state and every explicit transient time step,1.2452285000867516,1312.5345531389091,1700.2335568254948,0.06485232522208563,0.052080662478868375,55.02068055555556,0.24442886565613187,1.2212936477735965,2.198441990059963,0.24442886565613187,1.2212936477735965,2.198441990059963,2.297466780563529,0.9387697503209472,0.9387697503271075,0.0608814011564702,0.9,"time integral of positive outlet enthalpy flow following the simulated charge end state, with linear within-step interpolation at the registered outlet-grade threshold",True,0.08488542902998852,1,1,0,0.90-to-0.10 solid-temperature thickness at charge t50; reported only for a single crossing of each isotherm,-1.8550050384646966e-09,2.0563772906712074e-09,0.9999999999934379,1.00000000001386,0.0,0.0,0.0037001551953686107,0.000496082643418618,1.6816805104468698e-08,0.49212336163985904,0.49212336163985904,19.164589033215517,9.230388741712302,9.230388741712302,1.7449904392060278,1.7449904392060278,0.4885211540742858,0.4885211540742858,1.1207022469600656,184.61644510606104,128.76873332802242,773.15,823.1499999999997,True,AIP_AN_CHENG_SU_ZHANG_2017;TASIDOU_ETAL_REFERENCE_VISCOSITY_2019,Q1_primary_experiment_common_table_domain,1.0,1.0,1.0,1.0,G0251,T1_homogeneous_none,20260821,250,0.0,5.181922717363056,Ceramic_sphere_Weiss2024,Tier_3_hypothetical_common_skeleton,unresolved,False,True,PASS,pooled_material_topology_unit_reference
G0252_T1_homogeneous_none__SOLAR_SALT_60_40_V10,V16_conservative_MUSCL_LTNE_effective_particle_resistance,numba,SOLAR_SALT_60_40_V10,Solar Salt (NaNO3-KNO3 60:40 wt%),nitrate,homogeneous,1.0,none,0.5,True,True,charge_end_profile_reversed_for_counterflow,False,1.100445186218241,1.202783909352218,0.5598382191819135,0.014315420965625762,0.014315420965625762,0.014315420965625762,0.20828640651140223,15.968277355196651,500.0,550.0,2048,1.1864322833472096,0.45,5.0,525.0,run-wise frozen at the registered transport-property temperature,0.0,0.0,0.0,25.0,initial state and every explicit transient time step,1.1439691713343236,1124.6725811863705,1375.6480789148443,0.04869319632181926,0.04256512984963013,37.39729638493229,0.3051767484387562,1.524895048624237,2.7492272521342085,0.3051767484387562,1.524895048624237,2.7492272521342085,2.797290749790224,0.9145919754766142,0.9145919754901238,0.044534406616243284,0.9,"time integral of positive outlet enthalpy flow following the simulated charge end state, with linear within-step interpolation at the registered outlet-grade threshold",True,0.11881365379185241,1,1,0,0.90-to-0.10 solid-temperature thickness at charge t50; reported only for a single crossing of each isotherm,-4.507794137964538e-09,-8.222977854188684e-10,0.9999999999852288,0.9999999999907688,0.0,0.0,0.00016218908556390451,1.923682125589432e-05,1.086114636870553e-09,2.498367136494484,2.498367136494484,3.5449440459465764,7.823316594291152,7.823316594291152,1.1954124666530188,1.1954124666530188,0.5823272484899896,0.5823272484899896,0.9679935262084816,114.14041341621744,84.0201564620661,773.1499999999983,823.1499999999997,True,ZAVOICO_SANDIA_SOLAR_SALT_2001,Q1_authoritative_design_basis_full_property_vector,1.0,1.0,1.0,1.0,G0252,T1_homogeneous_none,20260821,251,0.0,5.297701616980107,Ceramic_sphere_Weiss2024,Tier_2_unit_pair_partial,direct_source_unit_pair,False,True,PASS,pooled_material_topology_unit_reference
G0252_T1_homogeneous_none__AIP_FLINAK_2017_V10,V16_conservative_MUSCL_LTNE_effective_particle_resistance,numba,AIP_FLINAK_2017_V10,FLiNaK (LiF-NaF-KF),fluoride,homogeneous,1.0,none,0.5,True,True,charge_end_profile_reversed_for_counterflow,False,1.100445186218241,1.202783909352218,0.5598382191819135,0.014315420965625762,0.014315420965625762,0.014315420965625762,0.16987529101273036,15.968277355196653,500.0,550.0,2048,1.7455272327328624,0.45,5.0,525.0,run-wise frozen at the registered transport-property temperature,0.0,0.0,0.0,25.0,initial state and every explicit transient time step,1.1439691713343236,1349.5142339624115,1375.6480789148443,0.05997987530616745,0.05243137385967056,55.02068055555556,0.3757732237133306,1.8783812498907189,3.3814741447442436,0.3757732237133306,1.8783812498907189,3.3814741447442436,3.5242728688208094,0.9362028307412177,0.9362028307412791,0.05615332904913922,0.9,"time integral of positive outlet enthalpy flow following the simulated charge end state, with linear within-step interpolation at the registered outlet-grade threshold",True,0.08875812337472656,1,1,0,0.90-to-0.10 solid-temperature thickness at charge t50; reported only for a single crossing of each isotherm,3.6697311855959924e-10,2.770739193636018e-09,0.9999999999999344,1.00000000001887,0.0,0.0,0.0005696089268493686,4.592047751704795e-05,2.588850120904476e-09,0.37352523496614,0.37352523496614,19.164589033215517,8.022579398652702,8.022579398652702,1.5166559871045298,1.5166559871045298,0.5235619658887583,0.5235619658887583,1.4241581005524635,130.1996215555462,84.0201564620661,773.15,823.1500000000002,True,AIP_AN_CHENG_SU_ZHANG_2017;TASIDOU_ETAL_REFERENCE_VISCOSITY_2019,Q1_primary_experiment_common_table_domain,1.0,1.0,1.0,1.0,G0252,T1_homogeneous_none,20260821,251,0.0,5.297701616980107,Ceramic_sphere_Weiss2024,Tier_3_hypothetical_common_skeleton,unresolved,False,True,PASS,pooled_material_topology_unit_reference
G0252_T1_homogeneous_none__AIP_LIF_NAK_CARBONATE_RECIPROCAL_2017_V10,V16_conservative_MUSCL_LTNE_effective_particle_resistance,numba,AIP_LIF_NAK_CARBONATE_RECIPROCAL_2017_V10,LiF-Na2CO3-K2CO3 reciprocal salt,fluoride_carbonate,homogeneous,1.0,none,0.5,True,True,charge_end_profile_reversed_for_counterflow,False,1.100445186218241,1.202783909352218,0.5598382191819135,0.014315420965625762,0.014315420965625762,0.014315420965625762,0.17547557533183136,15.968277355196653,500.0,550.0,2048,1.6785285483542063,0.45,5.0,525.0,run-wise frozen at the registered transport-property temperature,0.0,0.0,0.0,25.0,initial state and every explicit transient time step,1.1439691713343236,1340.548106670908,1375.6480789148443,0.05862863633799687,0.05125018908473952,52.9108125,0.36741124891753246,1.8361237287273375,3.3057687243976885,0.36741124891753246,1.8361237287273375,3.3057687243976885,3.4422910383133054,0.9354712818424625,0.9354712818425344,0.05484540558778151,0.9,"time integral of positive outlet enthalpy flow following the simulated charge end state, with linear within-step interpolation at the registered outlet-grade threshold",True,0.08974661284265391,1,1,0,0.90-to-0.10 solid-temperature thickness at charge t50; reported only for a single crossing of each isotherm,3.9530601014803324e-10,2.819144917509675e-09,0.9999999999999232,1.000000000019363,0.0,0.0,0.0009010070802897233,7.553345314744002e-05,4.258944820429651e-09,0.2528475885085903,0.2528475885085903,27.373757098453936,8.143152091882843,8.143152091882843,1.5921788085058095,1.5921788085058095,0.5114285655346875,0.5114285655346875,1.3695461682376253,133.51540245710427,84.0201564620661,773.15,823.1499999999999,True,AIP_AN_CHENG_SU_ZHANG_2017,Q1_primary_experiment_direct_table1_resolution,1.0,1.0,1.0,1.0,G0252,T1_homogeneous_none,20260821,251,0.0,5.297701616980107,Ceramic_sphere_Weiss2024,Tier_3_hypothetical_common_skeleton,unresolved,False,True,PASS,pooled_material_topology_unit_reference
G0254_T1_homogeneous_none__SOLAR_SALT_60_40_V10,V16_conservative_MUSCL_LTNE_effective_particle_resistance,numba,SOLAR_SALT_60_40_V10,Solar Salt (NaNO3-KNO3 60:40 wt%),nitrate,homogeneous,1.0,none,0.5,True,True,charge_end_profile_reversed_for_counterflow,False,1.051971815020118,1.1675610127891258,0.43005866281609706,0.010570369007894714,0.010570369007894714,0.010570369007894714,0.24644976894381063,18.89407153607724,500.0,550.0,2048,0.6832745919820049,0.45,5.0,525.0,run-wise frozen at the registered transport-property temperature,0.0,0.0,0.0,25.0,initial state and every explicit transient time step,1.0147934939670926,766.3984493090398,1580.1143828255988,0.04474106836016486,0.0440888403661915,37.39729638493229,0.2368685252204305,1.1841528276042323,2.133145316467981,0.2368685252204305,1.1841528276042323,2.133145316467981,2.195445657922157,0.9246317266813635,0.9246317267007724,0.04136901129142816,0.9,"time integral of positive outlet enthalpy flow following the simulated charge end state, with linear within-step interpolation at the registered outlet-grade threshold",True,0.1042203533336613,1,1,0,0.90-to-0.10 solid-temperature thickness at charge t50; reported only for a single crossing of each isotherm,-6.470024516147532e-09,-1.1522005571862337e-09,0.9999999999790091,0.9999999999882501,0.0,0.0,0.0013603870821492369,0.00019091571212904968,9.102396793251967e-09,2.3885723097207348,2.3885723097207348,3.5449440459465764,9.686110273142262,9.686110273142262,1.480049648296161,1.480049648296161,0.5296526600575862,0.5296526600575862,0.5742748307890371,228.85670047542052,110.45603156494414,773.1499999999984,823.1499999999994,True,ZAVOICO_SANDIA_SOLAR_SALT_2001,Q1_authoritative_design_basis_full_property_vector,1.0,1.0,1.0,1.0,G0254,T1_homogeneous_none,20260821,253,0.0,5.515355821205752,Ceramic_sphere_Weiss2024,Tier_2_unit_pair_partial,direct_source_unit_pair,False,True,PASS,pooled_material_topology_unit_reference
G0255_T1_homogeneous_none__SOLAR_SALT_60_40_V10,V16_conservative_MUSCL_LTNE_effective_particle_resistance,numba,SOLAR_SALT_60_40_V10,Solar Salt (NaNO3-KNO3 60:40 wt%),nitrate,homogeneous,1.0,none,0.5,True,True,charge_end_profile_reversed_for_counterflow,False,0.7434129053361267,1.3980790605922793,0.49925003961572734,0.009918606400213265,0.009918606400213265,0.009918606400213265,0.34675741354512657,26.584157109437125,500.0,550.0,2048,0.3371307101260305,0.45,5.0,525.0,run-wise frozen at the registered transport-property temperature,0.0,0.0,0.0,25.0,initial state and every explicit transient time step,0.6068506264134851,532.0459669516769,830.2013269347971,0.026262359649033593,0.043276481074503194,37.39729638493229,0.09879802755082076,0.4939901377541574,0.8925535550587621,0.09879802755082076,0.4939901377541574,0.8925535550587621,0.890655905560049,0.8983197177124401,0.8983197177218784,0.023591995506382437,0.9,"time integral of positive outlet enthalpy flow following the simulated charge end state, with linear within-step interpolation at the registered outlet-grade threshold",True,0.14154004281066146,1,1,0,0.90-to-0.10 solid-temperature thickness at charge t50; reported only for a single crossing of each isotherm,-2.4506174867156005e-09,2.352140704431349e-09,0.9999999999894935,1.0000000000141624,0.0,0.0,0.002812719133974838,0.000555396168740962,1.8875715339387006e-08,6.314576906988544,6.314576906988544,3.5449440459465764,10.66116882807487,10.66116882807487,1.629039803332668,1.629039803332668,0.505708467012538,0.505708467012538,0.7587861997866255,102.00105246967114,140.95519110045726,773.1499999999995,823.1499999999996,True,ZAVOICO_SANDIA_SOLAR_SALT_2001,Q1_authoritative_design_basis_full_property_vector,1.0,1.0,1.0,1.0,G0255,T1_homogeneous_none,20260821,254,0.0,6.8111242044095945,Ceramic_sphere_Weiss2024,Tier_2_unit_pair_partial,direct_source_unit_pair,False,True,PASS,pooled_material_topology_unit_reference
G0255_T1_homogeneous_none__AIP_LINAK_CARBONATE_2017_V10,V16_conservative_MUSCL_LTNE_effective_particle_resistance,numba,AIP_LINAK_CARBONATE_2017_V10,Li2CO3-Na2CO3-K2CO3 eutectic,carbonate,homogeneous,1.0,none,0.5,True,True,charge_end_profile_reversed_for_counterflow,False,0.7434129053361267,1.3980790605922793,0.49925003961572734,0.009918606400213265,0.009918606400213265,0.009918606400213265,0.33023797651474696,26.584157109437133,500.0,550.0,2048,0.4116605534166113,0.45,5.0,525.0,run-wise frozen at the registered transport-property temperature,0.0,0.0,0.0,25.0,initial state and every explicit transient time step,0.6068506264134851,618.7105924550806,830.2013269347971,0.028767149614350573,0.04740400415233274,45.664743055555554,0.1082895955793137,0.5411049274353732,0.976550312827375,0.1082895955793137,0.5411049274353732,0.976550312827375,0.983962363561461,0.9063076406468311,0.9063076406593283,0.026071887495116464,0.9,"time integral of positive outlet enthalpy flow following the simulated charge end state, with linear within-step interpolation at the registered outlet-grade threshold",True,0.1304995982965732,1,1,0,0.90-to-0.10 solid-temperature thickness at charge t50; reported only for a single crossing of each isotherm,-4.073408277349699e-09,1.9515500326861002e-10,0.9999999999862108,0.9999999999972857,0.0,0.0,0.026960442338373296,0.004359798214512602,1.4800084010139872e-07,0.4526422653884654,0.4526422653884654,56.93282447382672,11.682977700555437,11.682977700555437,1.5506587378735537,1.5506587378735537,0.5180286284734217,0.5180286284734217,0.9265315997901494,99.45868758631731,140.95519110045726,773.1499999999987,823.1499999999997,True,AIP_AN_CHENG_SU_ZHANG_2017;TASIDOU_ETAL_REFERENCE_VISCOSITY_2019,Q1_primary_experiment_common_table_domain,1.0,1.0,1.0,1.0,G0255,T1_homogeneous_none,20260821,254,0.0,6.8111242044095945,Ceramic_sphere_Weiss2024,Tier_3_hypothetical_common_skeleton,unresolved,False,True,PASS,pooled_material_topology_unit_reference
G0256_T1_homogeneous_none__SOLAR_SALT_60_40_V10,V16_conservative_MUSCL_LTNE_effective_particle_resistance,numba,SOLAR_SALT_60_40_V10,Solar Salt (NaNO3-KNO3 60:40 wt%),nitrate,homogeneous,1.0,none,0.5,True,True,charge_end_profile_reversed_for_counterflow,False,1.1258087687900948,1.1422771878773754,0.5689214838401027,0.016591445504822368,0.016591445504822368,0.016591445504822368,0.28279763502631194,21.680680689292206,500.0,550.0,2048,0.8826533739197813,0.45,5.0,525.0,run-wise frozen at the registered transport-property temperature,0.0,0.0,0.0,25.0,initial state and every explicit transient time step,1.1370790004744014,1136.0363192386849,1339.1453368639218,0.04827865217075732,0.04245848542679529,37.39729638493229,0.22286997691474258,1.1136143400954395,2.015882233436097,0.22286997691474258,1.1136143400954395,2.015882233436097,1.9832494155704181,0.8871310987063398,0.8871310987140663,0.042829493744305155,0.9,"time integral of positive outlet enthalpy flow following the simulated charge end state, with linear within-step interpolation at the registered outlet-grade threshold",True,0.15806689510922384,1,1,0,0.90-to-0.10 solid-temperature thickness at charge t50; reported only for a single crossing of each isotherm,-1.884903344517852e-09,2.025379863823673e-09,0.9999999999912904,1.0000000000115057,0.0,0.0,0.00014047111896074778,2.26210923248102e-05,9.445470423907903e-10,3.7562871254896057,3.7562871254896057,3.5449440459465764,8.362144537027644,8.362144537027644,1.277746043770201,1.277746043770201,0.5660438364360207,0.5660438364360207,1.0044265735600966,63.298654386786374,68.8473579680184,773.1499999999997,823.1499999999999,True,ZAVOICO_SANDIA_SOLAR_SALT_2001,Q1_authoritative_design_basis_full_property_vector,1.0,1.0,1.0,1.0,G0256,T1_homogeneous_none,20260821,255,0.0,5.3038897900126765,Ceramic_sphere_Weiss2024,Tier_2_unit_pair_partial,direct_source_unit_pair,False,True,PASS,pooled_material_topology_unit_reference
G0256_T1_homogeneous_none__AIP_FLINAK_2017_V10,V16_conservative_MUSCL_LTNE_effective_particle_resistance,numba,AIP_FLINAK_2017_V10,FLiNaK (LiF-NaF-KF),fluoride,homogeneous,1.0,none,0.5,True,True,charge_end_profile_reversed_for_counterflow,False,1.1258087687900948,1.1422771878773754,0.5689214838401027,0.016591445504822368,0.016591445504822368,0.016591445504822368,0.23064553924778938,21.680680689292203,500.0,550.0,2048,1.2986064448172479,0.45,5.0,525.0,run-wise frozen at the registered transport-property temperature,0.0,0.0,0.0,25.0,initial state and every explicit transient time step,1.1370790004744014,1363.1497813289538,1339.1453368639218,0.05967937222412795,0.052484807299430454,55.02068055555556,0.2755931455112129,1.3765228315062596,2.48142048163809,0.2755931455112129,1.3765228315062596,2.48142048163809,2.5252417195168397,0.9147337386734266,0.9147337386816513,0.05459073527625961,0.9,"time integral of positive outlet enthalpy flow following the simulated charge end state, with linear within-step interpolation at the registered outlet-grade threshold",True,0.11935983394739064,1,1,0,0.90-to-0.10 solid-temperature thickness at charge t50; reported only for a single crossing of each isotherm,-2.7112090350556173e-09,-5.47950573803746e-10,0.9999999999910086,0.9999999999938416,0.0,0.0,0.0004799701359550604,5.2536201706165686e-05,2.184413174648712e-09,0.5615940150083257,0.5615940150083257,19.164589033215517,8.448935836857704,8.448935836857704,1.5972579995636116,1.5972579995636116,0.5106327005370531,0.5106327005370531,1.4777601320834453,71.38115357666338,68.8473579680184,773.1499999999991,823.1499999999997,True,AIP_AN_CHENG_SU_ZHANG_2017;TASIDOU_ETAL_REFERENCE_VISCOSITY_2019,Q1_primary_experiment_common_table_domain,1.0,1.0,1.0,1.0,G0256,T1_homogeneous_none,20260821,255,0.0,5.3038897900126765,Ceramic_sphere_Weiss2024,Tier_3_hypothetical_common_skeleton,unresolved,False,True,PASS,pooled_material_topology_unit_reference
