base_design_id,sample_seed,sample_index,internal_diameter_m,bed_height_m,porosity,particle_diameter_m,nominal_thermal_input_kW,topology,gradient_ratio,gradient_orientation,layer_fraction,topology_id,design_id
G0001,20260821,0,1.0023243813963958,1.6132091489037519,0.4962352046466293,0.01248199975525265,22.1419732662481,homogeneous,1.0,none,0.5,T1_homogeneous_none,G0001_T1_homogeneous_none
G0001,20260821,0,1.0023243813963958,1.6132091489037519,0.4962352046466293,0.01248199975525265,22.1419732662481,graded_two_layer,1.8,fine_hot,0.5,T2_graded_two_layer_fine_hot,G0001_T2_graded_two_layer_fine_hot
G0001,20260821,0,1.0023243813963958,1.6132091489037519,0.4962352046466293,0.01248199975525265,22.1419732662481,graded_two_layer,1.8,coarse_hot,0.5,T3_graded_two_layer_coarse_hot,G0001_T3_graded_two_layer_coarse_hot
G0002,20260821,1,0.9750075923883572,1.959170426853458,0.46474091971065923,0.014251356421670313,25.654851082712206,homogeneous,1.0,none,0.5,T1_homogeneous_none,G0002_T1_homogeneous_none
G0002,20260821,1,0.9750075923883572,1.959170426853458,0.46474091971065923,0.014251356421670313,25.654851082712206,graded_two_layer,1.8,fine_hot,0.5,T2_graded_two_layer_fine_hot,G0002_T2_graded_two_layer_fine_hot
G0002,20260821,1,0.9750075923883572,1.959170426853458,0.46474091971065923,0.014251356421670313,25.654851082712206,graded_two_layer,1.8,coarse_hot,0.5,T3_graded_two_layer_coarse_hot,G0002_T3_graded_two_layer_coarse_hot
G0003,20260821,2,1.0268754643921618,1.8332079383975686,0.5169240837307477,0.016537117303553138,25.72051781022783,homogeneous,1.0,none,0.5,T1_homogeneous_none,G0003_T1_homogeneous_none
G0003,20260821,2,1.0268754643921618,1.8332079383975686,0.5169240837307477,0.016537117303553138,25.72051781022783,graded_two_layer,1.8,fine_hot,0.5,T2_graded_two_layer_fine_hot,G0003_T2_graded_two_layer_fine_hot
G0003,20260821,2,1.0268754643921618,1.8332079383975686,0.5169240837307477,0.016537117303553138,25.72051781022783,graded_two_layer,1.8,coarse_hot,0.5,T3_graded_two_layer_coarse_hot,G0003_T3_graded_two_layer_coarse_hot
G0004,20260821,3,0.8812346546207462,2.1489112972409616,0.4382536013078686,0.01611397192436644,19.48960356134693,homogeneous,1.0,none,0.5,T1_homogeneous_none,G0004_T1_homogeneous_none
G0004,20260821,3,0.8812346546207462,2.1489112972409616,0.4382536013078686,0.01611397192436644,19.48960356134693,graded_two_layer,1.8,fine_hot,0.5,T2_graded_two_layer_fine_hot,G0004_T2_graded_two_layer_fine_hot
G0004,20260821,3,0.8812346546207462,2.1489112972409616,0.4382536013078686,0.01611397192436644,19.48960356134693,graded_two_layer,1.8,coarse_hot,0.5,T3_graded_two_layer_coarse_hot,G0004_T3_graded_two_layer_coarse_hot
G0005,20260821,4,0.778818838206649,1.3683456807174004,0.4225745003093315,0.013744239180864476,17.838575859075345,homogeneous,1.0,none,0.5,T1_homogeneous_none,G0005_T1_homogeneous_none
G0005,20260821,4,0.778818838206649,1.3683456807174004,0.4225745003093315,0.013744239180864476,17.838575859075345,graded_two_layer,1.8,fine_hot,0.5,T2_graded_two_layer_fine_hot,G0005_T2_graded_two_layer_fine_hot
G0005,20260821,4,0.778818838206649,1.3683456807174004,0.4225745003093315,0.013744239180864476,17.838575859075345,graded_two_layer,1.8,coarse_hot,0.5,T3_graded_two_layer_coarse_hot,G0005_T3_graded_two_layer_coarse_hot
G0006,20260821,5,0.7460449524826657,1.259911043204744,0.45358597165625275,0.01573392023153357,18.07784629672724,homogeneous,1.0,none,0.5,T1_homogeneous_none,G0006_T1_homogeneous_none
G0006,20260821,5,0.7460449524826657,1.259911043204744,0.45358597165625275,0.01573392023153357,18.07784629672724,graded_two_layer,1.8,fine_hot,0.5,T2_graded_two_layer_fine_hot,G0006_T2_graded_two_layer_fine_hot
G0006,20260821,5,0.7460449524826657,1.259911043204744,0.45358597165625275,0.01573392023153357,18.07784629672724,graded_two_layer,1.8,coarse_hot,0.5,T3_graded_two_layer_coarse_hot,G0006_T3_graded_two_layer_coarse_hot
G0007,20260821,6,0.8988918240230934,2.172197571277267,0.5102964581396595,0.014759593663419196,22.29959756364518,homogeneous,1.0,none,0.5,T1_homogeneous_none,G0007_T1_homogeneous_none
G0007,20260821,6,0.8988918240230934,2.172197571277267,0.5102964581396595,0.014759593663419196,22.29959756364518,graded_two_layer,1.8,fine_hot,0.5,T2_graded_two_layer_fine_hot,G0007_T2_graded_two_layer_fine_hot
G0007,20260821,6,0.8988918240230934,2.172197571277267,0.5102964581396595,0.014759593663419196,22.29959756364518,graded_two_layer,1.8,coarse_hot,0.5,T3_graded_two_layer_coarse_hot,G0007_T3_graded_two_layer_coarse_hot
G0008,20260821,7,0.8647161770827899,1.8864106263394176,0.5770128688126821,0.010974652764952702,16.822178658198393,homogeneous,1.0,none,0.5,T1_homogeneous_none,G0008_T1_homogeneous_none
G0008,20260821,7,0.8647161770827899,1.8864106263394176,0.5770128688126821,0.010974652764952702,16.822178658198393,graded_two_layer,1.8,fine_hot,0.5,T2_graded_two_layer_fine_hot,G0008_T2_graded_two_layer_fine_hot
G0008,20260821,7,0.8647161770827899,1.8864106263394176,0.5770128688126821,0.010974652764952702,16.822178658198393,graded_two_layer,1.8,coarse_hot,0.5,T3_graded_two_layer_coarse_hot,G0008_T3_graded_two_layer_coarse_hot
G0009,20260821,8,0.8958074337401987,1.8582380163810313,0.49395391334917615,0.014984006905143513,26.978468058492624,homogeneous,1.0,none,0.5,T1_homogeneous_none,G0009_T1_homogeneous_none
G0009,20260821,8,0.8958074337401987,1.8582380163810313,0.49395391334917615,0.014984006905143513,26.978468058492624,graded_two_layer,1.8,fine_hot,0.5,T2_graded_two_layer_fine_hot,G0009_T2_graded_two_layer_fine_hot
G0009,20260821,8,0.8958074337401987,1.8582380163810313,0.49395391334917615,0.014984006905143513,26.978468058492624,graded_two_layer,1.8,coarse_hot,0.5,T3_graded_two_layer_coarse_hot,G0009_T3_graded_two_layer_coarse_hot
G0010,20260821,9,0.8279329583517008,1.9280703165214477,0.47951636520195834,0.018843496807108236,18.295601896945485,homogeneous,1.0,none,0.5,T1_homogeneous_none,G0010_T1_homogeneous_none
G0010,20260821,9,0.8279329583517008,1.9280703165214477,0.47951636520195834,0.018843496807108236,18.295601896945485,graded_two_layer,1.8,fine_hot,0.5,T2_graded_two_layer_fine_hot,G0010_T2_graded_two_layer_fine_hot
G0010,20260821,9,0.8279329583517008,1.9280703165214477,0.47951636520195834,0.018843496807108236,18.295601896945485,graded_two_layer,1.8,coarse_hot,0.5,T3_graded_two_layer_coarse_hot,G0010_T3_graded_two_layer_coarse_hot
G0011,20260821,10,1.133739926560774,1.879325827107074,0.43943251397965327,0.010202879502093077,14.296907030266436,homogeneous,1.0,none,0.5,T1_homogeneous_none,G0011_T1_homogeneous_none
G0011,20260821,10,1.133739926560774,1.879325827107074,0.43943251397965327,0.010202879502093077,14.296907030266436,graded_two_layer,1.8,fine_hot,0.5,T2_graded_two_layer_fine_hot,G0011_T2_graded_two_layer_fine_hot
G0011,20260821,10,1.133739926560774,1.879325827107074,0.43943251397965327,0.010202879502093077,14.296907030266436,graded_two_layer,1.8,coarse_hot,0.5,T3_graded_two_layer_coarse_hot,G0011_T3_graded_two_layer_coarse_hot
G0012,20260821,11,0.9781703804944197,1.4094170265121155,0.5532218760722327,0.011630065436672408,21.629326735200145,homogeneous,1.0,none,0.5,T1_homogeneous_none,G0012_T1_homogeneous_none
G0012,20260821,11,0.9781703804944197,1.4094170265121155,0.5532218760722327,0.011630065436672408,21.629326735200145,graded_two_layer,1.8,fine_hot,0.5,T2_graded_two_layer_fine_hot,G0012_T2_graded_two_layer_fine_hot
G0012,20260821,11,0.9781703804944197,1.4094170265121155,0.5532218760722327,0.011630065436672408,21.629326735200145,graded_two_layer,1.8,coarse_hot,0.5,T3_graded_two_layer_coarse_hot,G0012_T3_graded_two_layer_coarse_hot
G0013,20260821,12,0.8178358164887117,1.6005945522951217,0.5647125467181509,0.019451244779141168,9.786568421720128,homogeneous,1.0,none,0.5,T1_homogeneous_none,G0013_T1_homogeneous_none
G0013,20260821,12,0.8178358164887117,1.6005945522951217,0.5647125467181509,0.019451244779141168,9.786568421720128,graded_two_layer,1.8,fine_hot,0.5,T2_graded_two_layer_fine_hot,G0013_T2_graded_two_layer_fine_hot
G0013,20260821,12,0.8178358164887117,1.6005945522951217,0.5647125467181509,0.019451244779141168,9.786568421720128,graded_two_layer,1.8,coarse_hot,0.5,T3_graded_two_layer_coarse_hot,G0013_T3_graded_two_layer_coarse_hot
G0014,20260821,13,1.0176537124668277,1.2984788312240005,0.4660140970291187,0.01665808395692877,19.181604630189202,homogeneous,1.0,none,0.5,T1_homogeneous_none,G0014_T1_homogeneous_none
G0014,20260821,13,1.0176537124668277,1.2984788312240005,0.4660140970291187,0.01665808395692877,19.181604630189202,graded_two_layer,1.8,fine_hot,0.5,T2_graded_two_layer_fine_hot,G0014_T2_graded_two_layer_fine_hot
G0014,20260821,13,1.0176537124668277,1.2984788312240005,0.4660140970291187,0.01665808395692877,19.181604630189202,graded_two_layer,1.8,coarse_hot,0.5,T3_graded_two_layer_coarse_hot,G0014_T3_graded_two_layer_coarse_hot
G0015,20260821,14,1.1184836875112638,1.6304125851209328,0.5336905649956429,0.010067448094452152,24.342599234285437,homogeneous,1.0,none,0.5,T1_homogeneous_none,G0015_T1_homogeneous_none
G0015,20260821,14,1.1184836875112638,1.6304125851209328,0.5336905649956429,0.010067448094452152,24.342599234285437,graded_two_layer,1.8,fine_hot,0.5,T2_graded_two_layer_fine_hot,G0015_T2_graded_two_layer_fine_hot
G0015,20260821,14,1.1184836875112638,1.6304125851209328,0.5336905649956429,0.010067448094452152,24.342599234285437,graded_two_layer,1.8,coarse_hot,0.5,T3_graded_two_layer_coarse_hot,G0015_T3_graded_two_layer_coarse_hot
G0016,20260821,15,0.9820716089858754,1.2732414594123895,0.5136698710889748,0.01615872007188634,15.688816979126432,homogeneous,1.0,none,0.5,T1_homogeneous_none,G0016_T1_homogeneous_none
G0016,20260821,15,0.9820716089858754,1.2732414594123895,0.5136698710889748,0.01615872007188634,15.688816979126432,graded_two_layer,1.8,fine_hot,0.5,T2_graded_two_layer_fine_hot,G0016_T2_graded_two_layer_fine_hot
G0016,20260821,15,0.9820716089858754,1.2732414594123895,0.5136698710889748,0.01615872007188634,15.688816979126432,graded_two_layer,1.8,coarse_hot,0.5,T3_graded_two_layer_coarse_hot,G0016_T3_graded_two_layer_coarse_hot
G0017,20260821,16,1.0554322697423761,1.5442814425452425,0.5245954675015312,0.01002304579310067,12.869587277749932,homogeneous,1.0,none,0.5,T1_homogeneous_none,G0017_T1_homogeneous_none
G0017,20260821,16,1.0554322697423761,1.5442814425452425,0.5245954675015312,0.01002304579310067,12.869587277749932,graded_two_layer,1.8,fine_hot,0.5,T2_graded_two_layer_fine_hot,G0017_T2_graded_two_layer_fine_hot
G0017,20260821,16,1.0554322697423761,1.5442814425452425,0.5245954675015312,0.01002304579310067,12.869587277749932,graded_two_layer,1.8,coarse_hot,0.5,T3_graded_two_layer_coarse_hot,G0017_T3_graded_two_layer_coarse_hot
G0018,20260821,17,0.9062384277868658,1.1107759485460382,0.44780780335846715,0.019153070254530072,16.801839804570278,homogeneous,1.0,none,0.5,T1_homogeneous_none,G0018_T1_homogeneous_none
G0018,20260821,17,0.9062384277868658,1.1107759485460382,0.44780780335846715,0.019153070254530072,16.801839804570278,graded_two_layer,1.8,fine_hot,0.5,T2_graded_two_layer_fine_hot,G0018_T2_graded_two_layer_fine_hot
G0018,20260821,17,0.9062384277868658,1.1107759485460382,0.44780780335846715,0.019153070254530072,16.801839804570278,graded_two_layer,1.8,coarse_hot,0.5,T3_graded_two_layer_coarse_hot,G0018_T3_graded_two_layer_coarse_hot
G0019,20260821,18,0.9949765152412463,1.3455887163144742,0.4813295955016542,0.01385519621150274,18.709022109389338,homogeneous,1.0,none,0.5,T1_homogeneous_none,G0019_T1_homogeneous_none
G0019,20260821,18,0.9949765152412463,1.3455887163144742,0.4813295955016542,0.01385519621150274,18.709022109389338,graded_two_layer,1.8,fine_hot,0.5,T2_graded_two_layer_fine_hot,G0019_T2_graded_two_layer_fine_hot
G0019,20260821,18,0.9949765152412463,1.3455887163144742,0.4813295955016542,0.01385519621150274,18.709022109389338,graded_two_layer,1.8,coarse_hot,0.5,T3_graded_two_layer_coarse_hot,G0019_T3_graded_two_layer_coarse_hot
G0020,20260821,19,0.7022763332343507,2.0263336228728654,0.4605938902275176,0.015334965280053185,19.202100286238988,homogeneous,1.0,none,0.5,T1_homogeneous_none,G0020_T1_homogeneous_none
G0020,20260821,19,0.7022763332343507,2.0263336228728654,0.4605938902275176,0.015334965280053185,19.202100286238988,graded_two_layer,1.8,fine_hot,0.5,T2_graded_two_layer_fine_hot,G0020_T2_graded_two_layer_fine_hot
G0020,20260821,19,0.7022763332343507,2.0263336228728654,0.4605938902275176,0.015334965280053185,19.202100286238988,graded_two_layer,1.8,coarse_hot,0.5,T3_graded_two_layer_coarse_hot,G0020_T3_graded_two_layer_coarse_hot
G0021,20260821,20,1.1026436907183752,1.814606559321629,0.5062367984202505,0.011094799735267395,21.326569820350457,homogeneous,1.0,none,0.5,T1_homogeneous_none,G0021_T1_homogeneous_none
G0021,20260821,20,1.1026436907183752,1.814606559321629,0.5062367984202505,0.011094799735267395,21.326569820350457,graded_two_layer,1.8,fine_hot,0.5,T2_graded_two_layer_fine_hot,G0021_T2_graded_two_layer_fine_hot
G0021,20260821,20,1.1026436907183752,1.814606559321629,0.5062367984202505,0.011094799735267395,21.326569820350457,graded_two_layer,1.8,coarse_hot,0.5,T3_graded_two_layer_coarse_hot,G0021_T3_graded_two_layer_coarse_hot
G0022,20260821,21,0.9906540571056901,1.5727216020726709,0.5412210506457127,0.00885513295938191,19.77780408022528,homogeneous,1.0,none,0.5,T1_homogeneous_none,G0022_T1_homogeneous_none
G0022,20260821,21,0.9906540571056901,1.5727216020726709,0.5412210506457127,0.00885513295938191,19.77780408022528,graded_two_layer,1.8,fine_hot,0.5,T2_graded_two_layer_fine_hot,G0022_T2_graded_two_layer_fine_hot
G0022,20260821,21,0.9906540571056901,1.5727216020726709,0.5412210506457127,0.00885513295938191,19.77780408022528,graded_two_layer,1.8,coarse_hot,0.5,T3_graded_two_layer_coarse_hot,G0022_T3_graded_two_layer_coarse_hot
G0023,20260821,22,1.0140668387238057,1.9218553244572967,0.5567778046021591,0.012422297150883665,18.812424508512628,homogeneous,1.0,none,0.5,T1_homogeneous_none,G0023_T1_homogeneous_none
G0023,20260821,22,1.0140668387238057,1.9218553244572967,0.5567778046021591,0.012422297150883665,18.812424508512628,graded_two_layer,1.8,fine_hot,0.5,T2_graded_two_layer_fine_hot,G0023_T2_graded_two_layer_fine_hot
G0023,20260821,22,1.0140668387238057,1.9218553244572967,0.5567778046021591,0.012422297150883665,18.812424508512628,graded_two_layer,1.8,coarse_hot,0.5,T3_graded_two_layer_coarse_hot,G0023_T3_graded_two_layer_coarse_hot
G0024,20260821,23,1.1224157198750637,2.0569744250765924,0.4204654914691962,0.013136856171755817,22.73813528278785,homogeneous,1.0,none,0.5,T1_homogeneous_none,G0024_T1_homogeneous_none
G0024,20260821,23,1.1224157198750637,2.0569744250765924,0.4204654914691962,0.013136856171755817,22.73813528278785,graded_two_layer,1.8,fine_hot,0.5,T2_graded_two_layer_fine_hot,G0024_T2_graded_two_layer_fine_hot
G0024,20260821,23,1.1224157198750637,2.0569744250765924,0.4204654914691962,0.013136856171755817,22.73813528278785,graded_two_layer,1.8,coarse_hot,0.5,T3_graded_two_layer_coarse_hot,G0024_T3_graded_two_layer_coarse_hot
G0025,20260821,24,1.0746568804498315,1.018995624149116,0.5256339019818881,0.018126405040597857,10.26913734355854,homogeneous,1.0,none,0.5,T1_homogeneous_none,G0025_T1_homogeneous_none
G0025,20260821,24,1.0746568804498315,1.018995624149116,0.5256339019818881,0.018126405040597857,10.26913734355854,graded_two_layer,1.8,fine_hot,0.5,T2_graded_two_layer_fine_hot,G0025_T2_graded_two_layer_fine_hot
G0025,20260821,24,1.0746568804498315,1.018995624149116,0.5256339019818881,0.018126405040597857,10.26913734355854,graded_two_layer,1.8,coarse_hot,0.5,T3_graded_two_layer_coarse_hot,G0025_T3_graded_two_layer_coarse_hot
G0026,20260821,25,0.8859096496107859,1.1845786592731,0.4844260022501516,0.01269934342676035,22.646267405431736,homogeneous,1.0,none,0.5,T1_homogeneous_none,G0026_T1_homogeneous_none
G0026,20260821,25,0.8859096496107859,1.1845786592731,0.4844260022501516,0.01269934342676035,22.646267405431736,graded_two_layer,1.8,fine_hot,0.5,T2_graded_two_layer_fine_hot,G0026_T2_graded_two_layer_fine_hot
G0026,20260821,25,0.8859096496107859,1.1845786592731,0.4844260022501516,0.01269934342676035,22.646267405431736,graded_two_layer,1.8,coarse_hot,0.5,T3_graded_two_layer_coarse_hot,G0026_T3_graded_two_layer_coarse_hot
G0027,20260821,26,0.8975401432581627,1.0493115840527516,0.5320785149915543,0.010370783063502857,9.971895274484536,homogeneous,1.0,none,0.5,T1_homogeneous_none,G0027_T1_homogeneous_none
G0027,20260821,26,0.8975401432581627,1.0493115840527516,0.5320785149915543,0.010370783063502857,9.971895274484536,graded_two_layer,1.8,fine_hot,0.5,T2_graded_two_layer_fine_hot,G0027_T2_graded_two_layer_fine_hot
G0027,20260821,26,0.8975401432581627,1.0493115840527516,0.5320785149915543,0.010370783063502857,9.971895274484536,graded_two_layer,1.8,coarse_hot,0.5,T3_graded_two_layer_coarse_hot,G0027_T3_graded_two_layer_coarse_hot
G0028,20260821,27,1.0581156185520477,1.1497412350505198,0.5553556253577039,0.008533196484892707,13.936451013956912,homogeneous,1.0,none,0.5,T1_homogeneous_none,G0028_T1_homogeneous_none
G0028,20260821,27,1.0581156185520477,1.1497412350505198,0.5553556253577039,0.008533196484892707,13.936451013956912,graded_two_layer,1.8,fine_hot,0.5,T2_graded_two_layer_fine_hot,G0028_T2_graded_two_layer_fine_hot
G0028,20260821,27,1.0581156185520477,1.1497412350505198,0.5553556253577039,0.008533196484892707,13.936451013956912,graded_two_layer,1.8,coarse_hot,0.5,T3_graded_two_layer_coarse_hot,G0028_T3_graded_two_layer_coarse_hot
G0029,20260821,28,1.0334641386197911,2.063215610088049,0.5614535232347825,0.00937386804669813,15.675475110315325,homogeneous,1.0,none,0.5,T1_homogeneous_none,G0029_T1_homogeneous_none
G0029,20260821,28,1.0334641386197911,2.063215610088049,0.5614535232347825,0.00937386804669813,15.675475110315325,graded_two_layer,1.8,fine_hot,0.5,T2_graded_two_layer_fine_hot,G0029_T2_graded_two_layer_fine_hot
G0029,20260821,28,1.0334641386197911,2.063215610088049,0.5614535232347825,0.00937386804669813,15.675475110315325,graded_two_layer,1.8,coarse_hot,0.5,T3_graded_two_layer_coarse_hot,G0029_T3_graded_two_layer_coarse_hot
G0030,20260821,29,0.8072441285954042,1.4352884319430266,0.5355081478770827,0.013498703054426027,9.988742184580003,homogeneous,1.0,none,0.5,T1_homogeneous_none,G0030_T1_homogeneous_none
G0030,20260821,29,0.8072441285954042,1.4352884319430266,0.5355081478770827,0.013498703054426027,9.988742184580003,graded_two_layer,1.8,fine_hot,0.5,T2_graded_two_layer_fine_hot,G0030_T2_graded_two_layer_fine_hot
G0030,20260821,29,0.8072441285954042,1.4352884319430266,0.5355081478770827,0.013498703054426027,9.988742184580003,graded_two_layer,1.8,coarse_hot,0.5,T3_graded_two_layer_coarse_hot,G0030_T3_graded_two_layer_coarse_hot
G0031,20260821,30,0.7103379181385197,1.885646596848927,0.5396457299524722,0.01632042458497525,11.798201701868237,homogeneous,1.0,none,0.5,T1_homogeneous_none,G0031_T1_homogeneous_none
G0031,20260821,30,0.7103379181385197,1.885646596848927,0.5396457299524722,0.01632042458497525,11.798201701868237,graded_two_layer,1.8,fine_hot,0.5,T2_graded_two_layer_fine_hot,G0031_T2_graded_two_layer_fine_hot
G0031,20260821,30,0.7103379181385197,1.885646596848927,0.5396457299524722,0.01632042458497525,11.798201701868237,graded_two_layer,1.8,coarse_hot,0.5,T3_graded_two_layer_coarse_hot,G0031_T3_graded_two_layer_coarse_hot
G0032,20260821,31,0.6956240332388125,1.7074821311620976,0.5423717641822071,0.017567945395760683,15.841072412089627,homogeneous,1.0,none,0.5,T1_homogeneous_none,G0032_T1_homogeneous_none
G0032,20260821,31,0.6956240332388125,1.7074821311620976,0.5423717641822071,0.017567945395760683,15.841072412089627,graded_two_layer,1.8,fine_hot,0.5,T2_graded_two_layer_fine_hot,G0032_T2_graded_two_layer_fine_hot
G0032,20260821,31,0.6956240332388125,1.7074821311620976,0.5423717641822071,0.017567945395760683,15.841072412089627,graded_two_layer,1.8,coarse_hot,0.5,T3_graded_two_layer_coarse_hot,G0032_T3_graded_two_layer_coarse_hot
G0033,20260821,32,1.0922097061738523,1.3151709294914138,0.4433948943745461,0.017331761871178106,23.481092069014622,homogeneous,1.0,none,0.5,T1_homogeneous_none,G0033_T1_homogeneous_none
G0033,20260821,32,1.0922097061738523,1.3151709294914138,0.4433948943745461,0.017331761871178106,23.481092069014622,graded_two_layer,1.8,fine_hot,0.5,T2_graded_two_layer_fine_hot,G0033_T2_graded_two_layer_fine_hot
G0033,20260821,32,1.0922097061738523,1.3151709294914138,0.4433948943745461,0.017331761871178106,23.481092069014622,graded_two_layer,1.8,coarse_hot,0.5,T3_graded_two_layer_coarse_hot,G0033_T3_graded_two_layer_coarse_hot
G0034,20260821,33,0.6931335628064924,1.5255787276330959,0.5291426595290959,0.014741565298941736,23.87453641722791,homogeneous,1.0,none,0.5,T1_homogeneous_none,G0034_T1_homogeneous_none
G0034,20260821,33,0.6931335628064924,1.5255787276330959,0.5291426595290959,0.014741565298941736,23.87453641722791,graded_two_layer,1.8,fine_hot,0.5,T2_graded_two_layer_fine_hot,G0034_T2_graded_two_layer_fine_hot
G0034,20260821,33,0.6931335628064924,1.5255787276330959,0.5291426595290959,0.014741565298941736,23.87453641722791,graded_two_layer,1.8,coarse_hot,0.5,T3_graded_two_layer_coarse_hot,G0034_T3_graded_two_layer_coarse_hot
G0035,20260821,34,0.7962134627206552,1.076993608419589,0.47005007141219857,0.017037643953067293,23.73918909813611,homogeneous,1.0,none,0.5,T1_homogeneous_none,G0035_T1_homogeneous_none
G0035,20260821,34,0.7962134627206552,1.076993608419589,0.47005007141219857,0.017037643953067293,23.73918909813611,graded_two_layer,1.8,fine_hot,0.5,T2_graded_two_layer_fine_hot,G0035_T2_graded_two_layer_fine_hot
G0035,20260821,34,0.7962134627206552,1.076993608419589,0.47005007141219857,0.017037643953067293,23.73918909813611,graded_two_layer,1.8,coarse_hot,0.5,T3_graded_two_layer_coarse_hot,G0035_T3_graded_two_layer_coarse_hot
G0036,20260821,35,0.7196821070793349,1.0668596009555429,0.5540442282384614,0.015091526756397314,23.998370773384845,homogeneous,1.0,none,0.5,T1_homogeneous_none,G0036_T1_homogeneous_none
G0036,20260821,35,0.7196821070793349,1.0668596009555429,0.5540442282384614,0.015091526756397314,23.998370773384845,graded_two_layer,1.8,fine_hot,0.5,T2_graded_two_layer_fine_hot,G0036_T2_graded_two_layer_fine_hot
G0036,20260821,35,0.7196821070793349,1.0668596009555429,0.5540442282384614,0.015091526756397314,23.998370773384845,graded_two_layer,1.8,coarse_hot,0.5,T3_graded_two_layer_coarse_hot,G0036_T3_graded_two_layer_coarse_hot
G0037,20260821,36,0.7118337235097884,1.242788489950186,0.45285936013419975,0.012850407141621105,11.285712093955947,homogeneous,1.0,none,0.5,T1_homogeneous_none,G0037_T1_homogeneous_none
G0037,20260821,36,0.7118337235097884,1.242788489950186,0.45285936013419975,0.012850407141621105,11.285712093955947,graded_two_layer,1.8,fine_hot,0.5,T2_graded_two_layer_fine_hot,G0037_T2_graded_two_layer_fine_hot
G0037,20260821,36,0.7118337235097884,1.242788489950186,0.45285936013419975,0.012850407141621105,11.285712093955947,graded_two_layer,1.8,coarse_hot,0.5,T3_graded_two_layer_coarse_hot,G0037_T3_graded_two_layer_coarse_hot
G0038,20260821,37,0.7175300408908646,1.1785827189905833,0.5444821085394067,0.014000098584886413,20.62324881793831,homogeneous,1.0,none,0.5,T1_homogeneous_none,G0038_T1_homogeneous_none
G0038,20260821,37,0.7175300408908646,1.1785827189905833,0.5444821085394067,0.014000098584886413,20.62324881793831,graded_two_layer,1.8,fine_hot,0.5,T2_graded_two_layer_fine_hot,G0038_T2_graded_two_layer_fine_hot
G0038,20260821,37,0.7175300408908646,1.1785827189905833,0.5444821085394067,0.014000098584886413,20.62324881793831,graded_two_layer,1.8,coarse_hot,0.5,T3_graded_two_layer_coarse_hot,G0038_T3_graded_two_layer_coarse_hot
G0039,20260821,38,0.8602571390853532,1.554828947544372,0.5178981479387523,0.013396732072463561,23.211494449493856,homogeneous,1.0,none,0.5,T1_homogeneous_none,G0039_T1_homogeneous_none
G0039,20260821,38,0.8602571390853532,1.554828947544372,0.5178981479387523,0.013396732072463561,23.211494449493856,graded_two_layer,1.8,fine_hot,0.5,T2_graded_two_layer_fine_hot,G0039_T2_graded_two_layer_fine_hot
G0039,20260821,38,0.8602571390853532,1.554828947544372,0.5178981479387523,0.013396732072463561,23.211494449493856,graded_two_layer,1.8,coarse_hot,0.5,T3_graded_two_layer_coarse_hot,G0039_T3_graded_two_layer_coarse_hot
G0040,20260821,39,1.0849262977241585,1.9496941588681471,0.5029724580253576,0.01544046797742844,14.47083257924885,homogeneous,1.0,none,0.5,T1_homogeneous_none,G0040_T1_homogeneous_none
G0040,20260821,39,1.0849262977241585,1.9496941588681471,0.5029724580253576,0.01544046797742844,14.47083257924885,graded_two_layer,1.8,fine_hot,0.5,T2_graded_two_layer_fine_hot,G0040_T2_graded_two_layer_fine_hot
G0040,20260821,39,1.0849262977241585,1.9496941588681471,0.5029724580253576,0.01544046797742844,14.47083257924885,graded_two_layer,1.8,coarse_hot,0.5,T3_graded_two_layer_coarse_hot,G0040_T3_graded_two_layer_coarse_hot
G0041,20260821,40,0.9342231231446183,2.0098795645068286,0.5720317843028425,0.010505185550839896,15.413366006454499,homogeneous,1.0,none,0.5,T1_homogeneous_none,G0041_T1_homogeneous_none
G0041,20260821,40,0.9342231231446183,2.0098795645068286,0.5720317843028425,0.010505185550839896,15.413366006454499,graded_two_layer,1.8,fine_hot,0.5,T2_graded_two_layer_fine_hot,G0041_T2_graded_two_layer_fine_hot
G0041,20260821,40,0.9342231231446183,2.0098795645068286,0.5720317843028425,0.010505185550839896,15.413366006454499,graded_two_layer,1.8,coarse_hot,0.5,T3_graded_two_layer_coarse_hot,G0041_T3_graded_two_layer_coarse_hot
G0042,20260821,41,0.7157401548798201,1.8092272144669401,0.5167172415647943,0.015573814165969549,10.766048310903473,homogeneous,1.0,none,0.5,T1_homogeneous_none,G0042_T1_homogeneous_none
G0042,20260821,41,0.7157401548798201,1.8092272144669401,0.5167172415647943,0.015573814165969549,10.766048310903473,graded_two_layer,1.8,fine_hot,0.5,T2_graded_two_layer_fine_hot,G0042_T2_graded_two_layer_fine_hot
G0042,20260821,41,0.7157401548798201,1.8092272144669401,0.5167172415647943,0.015573814165969549,10.766048310903473,graded_two_layer,1.8,coarse_hot,0.5,T3_graded_two_layer_coarse_hot,G0042_T3_graded_two_layer_coarse_hot
G0043,20260821,42,0.7282423784292077,2.1691617228630604,0.45640239383884956,0.01200846895504925,10.0839110163599,homogeneous,1.0,none,0.5,T1_homogeneous_none,G0043_T1_homogeneous_none
G0043,20260821,42,0.7282423784292077,2.1691617228630604,0.45640239383884956,0.01200846895504925,10.0839110163599,graded_two_layer,1.8,fine_hot,0.5,T2_graded_two_layer_fine_hot,G0043_T2_graded_two_layer_fine_hot
G0043,20260821,42,0.7282423784292077,2.1691617228630604,0.45640239383884956,0.01200846895504925,10.0839110163599,graded_two_layer,1.8,coarse_hot,0.5,T3_graded_two_layer_coarse_hot,G0043_T3_graded_two_layer_coarse_hot
G0044,20260821,43,0.921306230592897,1.61728229025789,0.5588638552518457,0.016747313523217646,16.068852879591333,homogeneous,1.0,none,0.5,T1_homogeneous_none,G0044_T1_homogeneous_none
G0044,20260821,43,0.921306230592897,1.61728229025789,0.5588638552518457,0.016747313523217646,16.068852879591333,graded_two_layer,1.8,fine_hot,0.5,T2_graded_two_layer_fine_hot,G0044_T2_graded_two_layer_fine_hot
G0044,20260821,43,0.921306230592897,1.61728229025789,0.5588638552518457,0.016747313523217646,16.068852879591333,graded_two_layer,1.8,coarse_hot,0.5,T3_graded_two_layer_coarse_hot,G0044_T3_graded_two_layer_coarse_hot
G0045,20260821,44,0.9122944725044981,1.6555604439129814,0.4313761275206079,0.009134458313508818,16.918101903825107,homogeneous,1.0,none,0.5,T1_homogeneous_none,G0045_T1_homogeneous_none
G0045,20260821,44,0.9122944725044981,1.6555604439129814,0.4313761275206079,0.009134458313508818,16.918101903825107,graded_two_layer,1.8,fine_hot,0.5,T2_graded_two_layer_fine_hot,G0045_T2_graded_two_layer_fine_hot
G0045,20260821,44,0.9122944725044981,1.6555604439129814,0.4313761275206079,0.009134458313508818,16.918101903825107,graded_two_layer,1.8,coarse_hot,0.5,T3_graded_two_layer_coarse_hot,G0045_T3_graded_two_layer_coarse_hot
G0046,20260821,45,0.9413575051279242,1.039661176702681,0.5240515601669833,0.015542156571768214,26.382952824239556,homogeneous,1.0,none,0.5,T1_homogeneous_none,G0046_T1_homogeneous_none
G0046,20260821,45,0.9413575051279242,1.039661176702681,0.5240515601669833,0.015542156571768214,26.382952824239556,graded_two_layer,1.8,fine_hot,0.5,T2_graded_two_layer_fine_hot,G0046_T2_graded_two_layer_fine_hot
G0046,20260821,45,0.9413575051279242,1.039661176702681,0.5240515601669833,0.015542156571768214,26.382952824239556,graded_two_layer,1.8,coarse_hot,0.5,T3_graded_two_layer_coarse_hot,G0046_T3_graded_two_layer_coarse_hot
G0047,20260821,46,1.103651670497872,1.3543536438709154,0.43628575260854907,0.017404125357710812,18.40674541053076,homogeneous,1.0,none,0.5,T1_homogeneous_none,G0047_T1_homogeneous_none
G0047,20260821,46,1.103651670497872,1.3543536438709154,0.43628575260854907,0.017404125357710812,18.40674541053076,graded_two_layer,1.8,fine_hot,0.5,T2_graded_two_layer_fine_hot,G0047_T2_graded_two_layer_fine_hot
G0047,20260821,46,1.103651670497872,1.3543536438709154,0.43628575260854907,0.017404125357710812,18.40674541053076,graded_two_layer,1.8,coarse_hot,0.5,T3_graded_two_layer_coarse_hot,G0047_T3_graded_two_layer_coarse_hot
G0048,20260821,47,1.032804812246234,1.6883752907629037,0.555817595506217,0.01068787575575403,24.297093465907295,homogeneous,1.0,none,0.5,T1_homogeneous_none,G0048_T1_homogeneous_none
G0048,20260821,47,1.032804812246234,1.6883752907629037,0.555817595506217,0.01068787575575403,24.297093465907295,graded_two_layer,1.8,fine_hot,0.5,T2_graded_two_layer_fine_hot,G0048_T2_graded_two_layer_fine_hot
G0048,20260821,47,1.032804812246234,1.6883752907629037,0.555817595506217,0.01068787575575403,24.297093465907295,graded_two_layer,1.8,coarse_hot,0.5,T3_graded_two_layer_coarse_hot,G0048_T3_graded_two_layer_coarse_hot
G0049,20260821,48,0.7857813998761334,1.7505864934661313,0.5787633899485995,0.014525713812102457,11.222510726677035,homogeneous,1.0,none,0.5,T1_homogeneous_none,G0049_T1_homogeneous_none
G0049,20260821,48,0.7857813998761334,1.7505864934661313,0.5787633899485995,0.014525713812102457,11.222510726677035,graded_two_layer,1.8,fine_hot,0.5,T2_graded_two_layer_fine_hot,G0049_T2_graded_two_layer_fine_hot
G0049,20260821,48,0.7857813998761334,1.7505864934661313,0.5787633899485995,0.014525713812102457,11.222510726677035,graded_two_layer,1.8,coarse_hot,0.5,T3_graded_two_layer_coarse_hot,G0049_T3_graded_two_layer_coarse_hot
G0050,20260821,49,0.8312859792219353,1.9915464971886228,0.4675910779665312,0.0115809750754877,13.094766251494146,homogeneous,1.0,none,0.5,T1_homogeneous_none,G0050_T1_homogeneous_none
G0050,20260821,49,0.8312859792219353,1.9915464971886228,0.4675910779665312,0.0115809750754877,13.094766251494146,graded_two_layer,1.8,fine_hot,0.5,T2_graded_two_layer_fine_hot,G0050_T2_graded_two_layer_fine_hot
G0050,20260821,49,0.8312859792219353,1.9915464971886228,0.4675910779665312,0.0115809750754877,13.094766251494146,graded_two_layer,1.8,coarse_hot,0.5,T3_graded_two_layer_coarse_hot,G0050_T3_graded_two_layer_coarse_hot
G0051,20260821,50,0.7588834014255921,1.912148886263834,0.4637549787634795,0.013099988823055101,11.45593856453132,homogeneous,1.0,none,0.5,T1_homogeneous_none,G0051_T1_homogeneous_none
G0051,20260821,50,0.7588834014255921,1.912148886263834,0.4637549787634795,0.013099988823055101,11.45593856453132,graded_two_layer,1.8,fine_hot,0.5,T2_graded_two_layer_fine_hot,G0051_T2_graded_two_layer_fine_hot
G0051,20260821,50,0.7588834014255921,1.912148886263834,0.4637549787634795,0.013099988823055101,11.45593856453132,graded_two_layer,1.8,coarse_hot,0.5,T3_graded_two_layer_coarse_hot,G0051_T3_graded_two_layer_coarse_hot
G0052,20260821,51,0.8561324325124848,2.0173562323279914,0.49482756010581963,0.01762454556491682,9.243978294745629,homogeneous,1.0,none,0.5,T1_homogeneous_none,G0052_T1_homogeneous_none
G0052,20260821,51,0.8561324325124848,2.0173562323279914,0.49482756010581963,0.01762454556491682,9.243978294745629,graded_two_layer,1.8,fine_hot,0.5,T2_graded_two_layer_fine_hot,G0052_T2_graded_two_layer_fine_hot
G0052,20260821,51,0.8561324325124848,2.0173562323279914,0.49482756010581963,0.01762454556491682,9.243978294745629,graded_two_layer,1.8,coarse_hot,0.5,T3_graded_two_layer_coarse_hot,G0052_T3_graded_two_layer_coarse_hot
G0053,20260821,52,1.0666414242949547,2.0800221456599255,0.47823393564365174,0.012888997429830362,13.712227096694548,homogeneous,1.0,none,0.5,T1_homogeneous_none,G0053_T1_homogeneous_none
G0053,20260821,52,1.0666414242949547,2.0800221456599255,0.47823393564365174,0.012888997429830362,13.712227096694548,graded_two_layer,1.8,fine_hot,0.5,T2_graded_two_layer_fine_hot,G0053_T2_graded_two_layer_fine_hot
G0053,20260821,52,1.0666414242949547,2.0800221456599255,0.47823393564365174,0.012888997429830362,13.712227096694548,graded_two_layer,1.8,coarse_hot,0.5,T3_graded_two_layer_coarse_hot,G0053_T3_graded_two_layer_coarse_hot
G0054,20260821,53,0.7544886782450524,1.2538529072486102,0.439070844930195,0.01994714949114059,13.487140618612287,homogeneous,1.0,none,0.5,T1_homogeneous_none,G0054_T1_homogeneous_none
G0054,20260821,53,0.7544886782450524,1.2538529072486102,0.439070844930195,0.01994714949114059,13.487140618612287,graded_two_layer,1.8,fine_hot,0.5,T2_graded_two_layer_fine_hot,G0054_T2_graded_two_layer_fine_hot
G0054,20260821,53,0.7544886782450524,1.2538529072486102,0.439070844930195,0.01994714949114059,13.487140618612287,graded_two_layer,1.8,coarse_hot,0.5,T3_graded_two_layer_coarse_hot,G0054_T3_graded_two_layer_coarse_hot
G0055,20260821,54,0.9936392173445139,1.2079442730057814,0.5266219113404917,0.01573462946881135,26.68198823717219,homogeneous,1.0,none,0.5,T1_homogeneous_none,G0055_T1_homogeneous_none
G0055,20260821,54,0.9936392173445139,1.2079442730057814,0.5266219113404917,0.01573462946881135,26.68198823717219,graded_two_layer,1.8,fine_hot,0.5,T2_graded_two_layer_fine_hot,G0055_T2_graded_two_layer_fine_hot
G0055,20260821,54,0.9936392173445139,1.2079442730057814,0.5266219113404917,0.01573462946881135,26.68198823717219,graded_two_layer,1.8,coarse_hot,0.5,T3_graded_two_layer_coarse_hot,G0055_T3_graded_two_layer_coarse_hot
G0056,20260821,55,0.6832110369645545,1.6672352172008698,0.5020053243701752,0.008723104378657297,10.983157640703597,homogeneous,1.0,none,0.5,T1_homogeneous_none,G0056_T1_homogeneous_none
G0056,20260821,55,0.6832110369645545,1.6672352172008698,0.5020053243701752,0.008723104378657297,10.983157640703597,graded_two_layer,1.8,fine_hot,0.5,T2_graded_two_layer_fine_hot,G0056_T2_graded_two_layer_fine_hot
G0056,20260821,55,0.6832110369645545,1.6672352172008698,0.5020053243701752,0.008723104378657297,10.983157640703597,graded_two_layer,1.8,coarse_hot,0.5,T3_graded_two_layer_coarse_hot,G0056_T3_graded_two_layer_coarse_hot
G0057,20260821,56,0.7812127437278957,1.2441466625792437,0.5451207600765751,0.017890856579979797,25.186359982614583,homogeneous,1.0,none,0.5,T1_homogeneous_none,G0057_T1_homogeneous_none
G0057,20260821,56,0.7812127437278957,1.2441466625792437,0.5451207600765751,0.017890856579979797,25.186359982614583,graded_two_layer,1.8,fine_hot,0.5,T2_graded_two_layer_fine_hot,G0057_T2_graded_two_layer_fine_hot
G0057,20260821,56,0.7812127437278957,1.2441466625792437,0.5451207600765751,0.017890856579979797,25.186359982614583,graded_two_layer,1.8,coarse_hot,0.5,T3_graded_two_layer_coarse_hot,G0057_T3_graded_two_layer_coarse_hot
G0058,20260821,57,0.7742814606566066,1.0055298647955178,0.5732193129545431,0.016417255547866213,16.55167373283696,homogeneous,1.0,none,0.5,T1_homogeneous_none,G0058_T1_homogeneous_none
G0058,20260821,57,0.7742814606566066,1.0055298647955178,0.5732193129545431,0.016417255547866213,16.55167373283696,graded_two_layer,1.8,fine_hot,0.5,T2_graded_two_layer_fine_hot,G0058_T2_graded_two_layer_fine_hot
G0058,20260821,57,0.7742814606566066,1.0055298647955178,0.5732193129545431,0.016417255547866213,16.55167373283696,graded_two_layer,1.8,coarse_hot,0.5,T3_graded_two_layer_coarse_hot,G0058_T3_graded_two_layer_coarse_hot
G0059,20260821,58,0.7454785472177878,1.1713779539043618,0.447180863434403,0.011968229133178299,20.973551453208422,homogeneous,1.0,none,0.5,T1_homogeneous_none,G0059_T1_homogeneous_none
G0059,20260821,58,0.7454785472177878,1.1713779539043618,0.447180863434403,0.011968229133178299,20.973551453208422,graded_two_layer,1.8,fine_hot,0.5,T2_graded_two_layer_fine_hot,G0059_T2_graded_two_layer_fine_hot
G0059,20260821,58,0.7454785472177878,1.1713779539043618,0.447180863434403,0.011968229133178299,20.973551453208422,graded_two_layer,1.8,coarse_hot,0.5,T3_graded_two_layer_coarse_hot,G0059_T3_graded_two_layer_coarse_hot
G0060,20260821,59,0.9139315015488527,1.3718689003742006,0.4247231890934077,0.011451406278258816,25.951949848375417,homogeneous,1.0,none,0.5,T1_homogeneous_none,G0060_T1_homogeneous_none
G0060,20260821,59,0.9139315015488527,1.3718689003742006,0.4247231890934077,0.011451406278258816,25.951949848375417,graded_two_layer,1.8,fine_hot,0.5,T2_graded_two_layer_fine_hot,G0060_T2_graded_two_layer_fine_hot
G0060,20260821,59,0.9139315015488527,1.3718689003742006,0.4247231890934077,0.011451406278258816,25.951949848375417,graded_two_layer,1.8,coarse_hot,0.5,T3_graded_two_layer_coarse_hot,G0060_T3_graded_two_layer_coarse_hot
G0061,20260821,60,0.7921043239406417,1.8405095699382485,0.42590455828067564,0.013591623849013232,12.97603320413135,homogeneous,1.0,none,0.5,T1_homogeneous_none,G0061_T1_homogeneous_none
G0061,20260821,60,0.7921043239406417,1.8405095699382485,0.42590455828067564,0.013591623849013232,12.97603320413135,graded_two_layer,1.8,fine_hot,0.5,T2_graded_two_layer_fine_hot,G0061_T2_graded_two_layer_fine_hot
G0061,20260821,60,0.7921043239406417,1.8405095699382485,0.42590455828067564,0.013591623849013232,12.97603320413135,graded_two_layer,1.8,coarse_hot,0.5,T3_graded_two_layer_coarse_hot,G0061_T3_graded_two_layer_coarse_hot
G0062,20260821,61,0.886777836130365,1.3376402605527122,0.5761912302200451,0.01492618177728032,14.613595205066058,homogeneous,1.0,none,0.5,T1_homogeneous_none,G0062_T1_homogeneous_none
G0062,20260821,61,0.886777836130365,1.3376402605527122,0.5761912302200451,0.01492618177728032,14.613595205066058,graded_two_layer,1.8,fine_hot,0.5,T2_graded_two_layer_fine_hot,G0062_T2_graded_two_layer_fine_hot
G0062,20260821,61,0.886777836130365,1.3376402605527122,0.5761912302200451,0.01492618177728032,14.613595205066058,graded_two_layer,1.8,coarse_hot,0.5,T3_graded_two_layer_coarse_hot,G0062_T3_graded_two_layer_coarse_hot
G0063,20260821,62,1.050309605296705,1.8739337760372416,0.5428775430562398,0.009474924362967348,10.141046526048143,homogeneous,1.0,none,0.5,T1_homogeneous_none,G0063_T1_homogeneous_none
G0063,20260821,62,1.050309605296705,1.8739337760372416,0.5428775430562398,0.009474924362967348,10.141046526048143,graded_two_layer,1.8,fine_hot,0.5,T2_graded_two_layer_fine_hot,G0063_T2_graded_two_layer_fine_hot
G0063,20260821,62,1.050309605296705,1.8739337760372416,0.5428775430562398,0.009474924362967348,10.141046526048143,graded_two_layer,1.8,coarse_hot,0.5,T3_graded_two_layer_coarse_hot,G0063_T3_graded_two_layer_coarse_hot
G0064,20260821,63,0.9725859316619099,1.6056107175530516,0.45017048039958374,0.015280343917620856,14.895320987246178,homogeneous,1.0,none,0.5,T1_homogeneous_none,G0064_T1_homogeneous_none
G0064,20260821,63,0.9725859316619099,1.6056107175530516,0.45017048039958374,0.015280343917620856,14.895320987246178,graded_two_layer,1.8,fine_hot,0.5,T2_graded_two_layer_fine_hot,G0064_T2_graded_two_layer_fine_hot
G0064,20260821,63,0.9725859316619099,1.6056107175530516,0.45017048039958374,0.015280343917620856,14.895320987246178,graded_two_layer,1.8,coarse_hot,0.5,T3_graded_two_layer_coarse_hot,G0064_T3_graded_two_layer_coarse_hot
G0065,20260821,64,0.6894766980436946,1.4851675416038996,0.4954010465273721,0.013353896598910089,10.904997122942632,homogeneous,1.0,none,0.5,T1_homogeneous_none,G0065_T1_homogeneous_none
G0065,20260821,64,0.6894766980436946,1.4851675416038996,0.4954010465273721,0.013353896598910089,10.904997122942632,graded_two_layer,1.8,fine_hot,0.5,T2_graded_two_layer_fine_hot,G0065_T2_graded_two_layer_fine_hot
G0065,20260821,64,0.6894766980436946,1.4851675416038996,0.4954010465273721,0.013353896598910089,10.904997122942632,graded_two_layer,1.8,coarse_hot,0.5,T3_graded_two_layer_coarse_hot,G0065_T3_graded_two_layer_coarse_hot
G0066,20260821,65,0.852465887894421,1.1373576993377332,0.5635649277992354,0.011254789826524317,16.596962658289574,homogeneous,1.0,none,0.5,T1_homogeneous_none,G0066_T1_homogeneous_none
G0066,20260821,65,0.852465887894421,1.1373576993377332,0.5635649277992354,0.011254789826524317,16.596962658289574,graded_two_layer,1.8,fine_hot,0.5,T2_graded_two_layer_fine_hot,G0066_T2_graded_two_layer_fine_hot
G0066,20260821,65,0.852465887894421,1.1373576993377332,0.5635649277992354,0.011254789826524317,16.596962658289574,graded_two_layer,1.8,coarse_hot,0.5,T3_graded_two_layer_coarse_hot,G0066_T3_graded_two_layer_coarse_hot
G0067,20260821,66,1.1493392434150156,1.7323019018040504,0.5610204914880637,0.013966282232152561,20.179926766846222,homogeneous,1.0,none,0.5,T1_homogeneous_none,G0067_T1_homogeneous_none
G0067,20260821,66,1.1493392434150156,1.7323019018040504,0.5610204914880637,0.013966282232152561,20.179926766846222,graded_two_layer,1.8,fine_hot,0.5,T2_graded_two_layer_fine_hot,G0067_T2_graded_two_layer_fine_hot
G0067,20260821,66,1.1493392434150156,1.7323019018040504,0.5610204914880637,0.013966282232152561,20.179926766846222,graded_two_layer,1.8,coarse_hot,0.5,T3_graded_two_layer_coarse_hot,G0067_T3_graded_two_layer_coarse_hot
G0068,20260821,67,1.0895599963887157,1.2135822874396145,0.5095752180452386,0.01637187638476618,12.090122137096323,homogeneous,1.0,none,0.5,T1_homogeneous_none,G0068_T1_homogeneous_none
G0068,20260821,67,1.0895599963887157,1.2135822874396145,0.5095752180452386,0.01637187638476618,12.090122137096323,graded_two_layer,1.8,fine_hot,0.5,T2_graded_two_layer_fine_hot,G0068_T2_graded_two_layer_fine_hot
G0068,20260821,67,1.0895599963887157,1.2135822874396145,0.5095752180452386,0.01637187638476618,12.090122137096323,graded_two_layer,1.8,coarse_hot,0.5,T3_graded_two_layer_coarse_hot,G0068_T3_graded_two_layer_coarse_hot
G0069,20260821,68,0.7697051414365427,1.5522669517313175,0.45101598055759884,0.013169021395864705,21.245547318164032,homogeneous,1.0,none,0.5,T1_homogeneous_none,G0069_T1_homogeneous_none
G0069,20260821,68,0.7697051414365427,1.5522669517313175,0.45101598055759884,0.013169021395864705,21.245547318164032,graded_two_layer,1.8,fine_hot,0.5,T2_graded_two_layer_fine_hot,G0069_T2_graded_two_layer_fine_hot
G0069,20260821,68,0.7697051414365427,1.5522669517313175,0.45101598055759884,0.013169021395864705,21.245547318164032,graded_two_layer,1.8,coarse_hot,0.5,T3_graded_two_layer_coarse_hot,G0069_T3_graded_two_layer_coarse_hot
G0070,20260821,69,1.006543103900114,2.1631116095617653,0.44449186233460525,0.018281761733741603,19.074067078933673,homogeneous,1.0,none,0.5,T1_homogeneous_none,G0070_T1_homogeneous_none
G0070,20260821,69,1.006543103900114,2.1631116095617653,0.44449186233460525,0.018281761733741603,19.074067078933673,graded_two_layer,1.8,fine_hot,0.5,T2_graded_two_layer_fine_hot,G0070_T2_graded_two_layer_fine_hot
G0070,20260821,69,1.006543103900114,2.1631116095617653,0.44449186233460525,0.018281761733741603,19.074067078933673,graded_two_layer,1.8,coarse_hot,0.5,T3_graded_two_layer_coarse_hot,G0070_T3_graded_two_layer_coarse_hot
G0071,20260821,70,1.064213262237685,1.5781412761672442,0.42342497719695843,0.014833066999956434,10.552371164768465,homogeneous,1.0,none,0.5,T1_homogeneous_none,G0071_T1_homogeneous_none
G0071,20260821,70,1.064213262237685,1.5781412761672442,0.42342497719695843,0.014833066999956434,10.552371164768465,graded_two_layer,1.8,fine_hot,0.5,T2_graded_two_layer_fine_hot,G0071_T2_graded_two_layer_fine_hot
G0071,20260821,70,1.064213262237685,1.5781412761672442,0.42342497719695843,0.014833066999956434,10.552371164768465,graded_two_layer,1.8,coarse_hot,0.5,T3_graded_two_layer_coarse_hot,G0071_T3_graded_two_layer_coarse_hot
G0072,20260821,71,0.9666931229657891,1.8276198657198535,0.5775539092034108,0.012937768174025617,18.490495815695837,homogeneous,1.0,none,0.5,T1_homogeneous_none,G0072_T1_homogeneous_none
G0072,20260821,71,0.9666931229657891,1.8276198657198535,0.5775539092034108,0.012937768174025617,18.490495815695837,graded_two_layer,1.8,fine_hot,0.5,T2_graded_two_layer_fine_hot,G0072_T2_graded_two_layer_fine_hot
G0072,20260821,71,0.9666931229657891,1.8276198657198535,0.5775539092034108,0.012937768174025617,18.490495815695837,graded_two_layer,1.8,coarse_hot,0.5,T3_graded_two_layer_coarse_hot,G0072_T3_graded_two_layer_coarse_hot
G0073,20260821,72,0.6890307690682459,1.0350621471040935,0.48103997793185893,0.01297439587173705,23.94344043227925,homogeneous,1.0,none,0.5,T1_homogeneous_none,G0073_T1_homogeneous_none
G0073,20260821,72,0.6890307690682459,1.0350621471040935,0.48103997793185893,0.01297439587173705,23.94344043227925,graded_two_layer,1.8,fine_hot,0.5,T2_graded_two_layer_fine_hot,G0073_T2_graded_two_layer_fine_hot
G0073,20260821,72,0.6890307690682459,1.0350621471040935,0.48103997793185893,0.01297439587173705,23.94344043227925,graded_two_layer,1.8,coarse_hot,0.5,T3_graded_two_layer_coarse_hot,G0073_T3_graded_two_layer_coarse_hot
G0074,20260821,73,0.6791916891736126,1.3488020694324452,0.5205933580431918,0.009062501933617975,22.88089071914775,homogeneous,1.0,none,0.5,T1_homogeneous_none,G0074_T1_homogeneous_none
G0074,20260821,73,0.6791916891736126,1.3488020694324452,0.5205933580431918,0.009062501933617975,22.88089071914775,graded_two_layer,1.8,fine_hot,0.5,T2_graded_two_layer_fine_hot,G0074_T2_graded_two_layer_fine_hot
G0074,20260821,73,0.6791916891736126,1.3488020694324452,0.5205933580431918,0.009062501933617975,22.88089071914775,graded_two_layer,1.8,coarse_hot,0.5,T3_graded_two_layer_coarse_hot,G0074_T3_graded_two_layer_coarse_hot
G0075,20260821,74,1.1306029409090659,1.9020313227479224,0.48528793207845783,0.015996017730726494,15.490646192082586,homogeneous,1.0,none,0.5,T1_homogeneous_none,G0075_T1_homogeneous_none
G0075,20260821,74,1.1306029409090659,1.9020313227479224,0.48528793207845783,0.015996017730726494,15.490646192082586,graded_two_layer,1.8,fine_hot,0.5,T2_graded_two_layer_fine_hot,G0075_T2_graded_two_layer_fine_hot
G0075,20260821,74,1.1306029409090659,1.9020313227479224,0.48528793207845783,0.015996017730726494,15.490646192082586,graded_two_layer,1.8,coarse_hot,0.5,T3_graded_two_layer_coarse_hot,G0075_T3_graded_two_layer_coarse_hot
G0076,20260821,75,0.6771164785947565,2.0773304235725965,0.5768695660610984,0.017940957839967367,20.77473785145689,homogeneous,1.0,none,0.5,T1_homogeneous_none,G0076_T1_homogeneous_none
G0076,20260821,75,0.6771164785947565,2.0773304235725965,0.5768695660610984,0.017940957839967367,20.77473785145689,graded_two_layer,1.8,fine_hot,0.5,T2_graded_two_layer_fine_hot,G0076_T2_graded_two_layer_fine_hot
G0076,20260821,75,0.6771164785947565,2.0773304235725965,0.5768695660610984,0.017940957839967367,20.77473785145689,graded_two_layer,1.8,coarse_hot,0.5,T3_graded_two_layer_coarse_hot,G0076_T3_graded_two_layer_coarse_hot
G0077,20260821,76,1.1152569392671086,1.507953800152781,0.5378505979942703,0.01822971950148014,13.799023085059918,homogeneous,1.0,none,0.5,T1_homogeneous_none,G0077_T1_homogeneous_none
G0077,20260821,76,1.1152569392671086,1.507953800152781,0.5378505979942703,0.01822971950148014,13.799023085059918,graded_two_layer,1.8,fine_hot,0.5,T2_graded_two_layer_fine_hot,G0077_T2_graded_two_layer_fine_hot
G0077,20260821,76,1.1152569392671086,1.507953800152781,0.5378505979942703,0.01822971950148014,13.799023085059918,graded_two_layer,1.8,coarse_hot,0.5,T3_graded_two_layer_coarse_hot,G0077_T3_graded_two_layer_coarse_hot
G0078,20260821,77,0.7227483246189121,2.033649064146507,0.5457622107950297,0.016894356782904685,9.644842001701525,homogeneous,1.0,none,0.5,T1_homogeneous_none,G0078_T1_homogeneous_none
G0078,20260821,77,0.7227483246189121,2.033649064146507,0.5457622107950297,0.016894356782904685,9.644842001701525,graded_two_layer,1.8,fine_hot,0.5,T2_graded_two_layer_fine_hot,G0078_T2_graded_two_layer_fine_hot
G0078,20260821,77,0.7227483246189121,2.033649064146507,0.5457622107950297,0.016894356782904685,9.644842001701525,graded_two_layer,1.8,coarse_hot,0.5,T3_graded_two_layer_coarse_hot,G0078_T3_graded_two_layer_coarse_hot
G0079,20260821,78,0.9596770740751865,2.154549541126482,0.5035853729876224,0.01770936763770049,15.772445030989765,homogeneous,1.0,none,0.5,T1_homogeneous_none,G0079_T1_homogeneous_none
G0079,20260821,78,0.9596770740751865,2.154549541126482,0.5035853729876224,0.01770936763770049,15.772445030989765,graded_two_layer,1.8,fine_hot,0.5,T2_graded_two_layer_fine_hot,G0079_T2_graded_two_layer_fine_hot
G0079,20260821,78,0.9596770740751865,2.154549541126482,0.5035853729876224,0.01770936763770049,15.772445030989765,graded_two_layer,1.8,coarse_hot,0.5,T3_graded_two_layer_coarse_hot,G0079_T3_graded_two_layer_coarse_hot
G0080,20260821,79,1.0362962596310699,1.469585096833343,0.45134669971079067,0.019001148884570156,23.682831069917828,homogeneous,1.0,none,0.5,T1_homogeneous_none,G0080_T1_homogeneous_none
G0080,20260821,79,1.0362962596310699,1.469585096833343,0.45134669971079067,0.019001148884570156,23.682831069917828,graded_two_layer,1.8,fine_hot,0.5,T2_graded_two_layer_fine_hot,G0080_T2_graded_two_layer_fine_hot
G0080,20260821,79,1.0362962596310699,1.469585096833343,0.45134669971079067,0.019001148884570156,23.682831069917828,graded_two_layer,1.8,coarse_hot,0.5,T3_graded_two_layer_coarse_hot,G0080_T3_graded_two_layer_coarse_hot
G0081,20260821,80,0.9312726774763916,2.1078783016886975,0.46652988560262854,0.018097599409589146,24.91203800926848,homogeneous,1.0,none,0.5,T1_homogeneous_none,G0081_T1_homogeneous_none
G0081,20260821,80,0.9312726774763916,2.1078783016886975,0.46652988560262854,0.018097599409589146,24.91203800926848,graded_two_layer,1.8,fine_hot,0.5,T2_graded_two_layer_fine_hot,G0081_T2_graded_two_layer_fine_hot
G0081,20260821,80,0.9312726774763916,2.1078783016886975,0.46652988560262854,0.018097599409589146,24.91203800926848,graded_two_layer,1.8,coarse_hot,0.5,T3_graded_two_layer_coarse_hot,G0081_T3_graded_two_layer_coarse_hot
G0082,20260821,81,1.1354247042034742,1.285305901705888,0.433878305190512,0.015486385127418623,13.524625220288844,homogeneous,1.0,none,0.5,T1_homogeneous_none,G0082_T1_homogeneous_none
G0082,20260821,81,1.1354247042034742,1.285305901705888,0.433878305190512,0.015486385127418623,13.524625220288844,graded_two_layer,1.8,fine_hot,0.5,T2_graded_two_layer_fine_hot,G0082_T2_graded_two_layer_fine_hot
G0082,20260821,81,1.1354247042034742,1.285305901705888,0.433878305190512,0.015486385127418623,13.524625220288844,graded_two_layer,1.8,coarse_hot,0.5,T3_graded_two_layer_coarse_hot,G0082_T3_graded_two_layer_coarse_hot
G0083,20260821,82,0.7342637618286778,1.870299529947839,0.4223081951063074,0.017173467639606983,18.563672845165208,homogeneous,1.0,none,0.5,T1_homogeneous_none,G0083_T1_homogeneous_none
G0083,20260821,82,0.7342637618286778,1.870299529947839,0.4223081951063074,0.017173467639606983,18.563672845165208,graded_two_layer,1.8,fine_hot,0.5,T2_graded_two_layer_fine_hot,G0083_T2_graded_two_layer_fine_hot
G0083,20260821,82,0.7342637618286778,1.870299529947839,0.4223081951063074,0.017173467639606983,18.563672845165208,graded_two_layer,1.8,coarse_hot,0.5,T3_graded_two_layer_coarse_hot,G0083_T3_graded_two_layer_coarse_hot
G0084,20260821,83,0.6547325330529127,1.2653295837294292,0.5431414389810544,0.011194272534871668,17.15891353650715,homogeneous,1.0,none,0.5,T1_homogeneous_none,G0084_T1_homogeneous_none
G0084,20260821,83,0.6547325330529127,1.2653295837294292,0.5431414389810544,0.011194272534871668,17.15891353650715,graded_two_layer,1.8,fine_hot,0.5,T2_graded_two_layer_fine_hot,G0084_T2_graded_two_layer_fine_hot
G0084,20260821,83,0.6547325330529127,1.2653295837294292,0.5431414389810544,0.011194272534871668,17.15891353650715,graded_two_layer,1.8,coarse_hot,0.5,T3_graded_two_layer_coarse_hot,G0084_T3_graded_two_layer_coarse_hot
G0085,20260821,84,0.7331825329630921,2.03669761578233,0.49067910349699007,0.010288425933658751,15.288098181003786,homogeneous,1.0,none,0.5,T1_homogeneous_none,G0085_T1_homogeneous_none
G0085,20260821,84,0.7331825329630921,2.03669761578233,0.49067910349699007,0.010288425933658751,15.288098181003786,graded_two_layer,1.8,fine_hot,0.5,T2_graded_two_layer_fine_hot,G0085_T2_graded_two_layer_fine_hot
G0085,20260821,84,0.7331825329630921,2.03669761578233,0.49067910349699007,0.010288425933658751,15.288098181003786,graded_two_layer,1.8,coarse_hot,0.5,T3_graded_two_layer_coarse_hot,G0085_T3_graded_two_layer_coarse_hot
G0086,20260821,85,0.8734031936212526,1.4795690918228204,0.515251660672768,0.01989935469133036,10.650851368138841,homogeneous,1.0,none,0.5,T1_homogeneous_none,G0086_T1_homogeneous_none
G0086,20260821,85,0.8734031936212526,1.4795690918228204,0.515251660672768,0.01989935469133036,10.650851368138841,graded_two_layer,1.8,fine_hot,0.5,T2_graded_two_layer_fine_hot,G0086_T2_graded_two_layer_fine_hot
G0086,20260821,85,0.8734031936212526,1.4795690918228204,0.515251660672768,0.01989935469133036,10.650851368138841,graded_two_layer,1.8,coarse_hot,0.5,T3_graded_two_layer_coarse_hot,G0086_T3_graded_two_layer_coarse_hot
G0087,20260821,86,1.1140978863823907,1.3061650988916547,0.5011853232953282,0.014592048606487364,22.17801856582701,homogeneous,1.0,none,0.5,T1_homogeneous_none,G0087_T1_homogeneous_none
G0087,20260821,86,1.1140978863823907,1.3061650988916547,0.5011853232953282,0.014592048606487364,22.17801856582701,graded_two_layer,1.8,fine_hot,0.5,T2_graded_two_layer_fine_hot,G0087_T2_graded_two_layer_fine_hot
G0087,20260821,86,1.1140978863823907,1.3061650988916547,0.5011853232953282,0.014592048606487364,22.17801856582701,graded_two_layer,1.8,coarse_hot,0.5,T3_graded_two_layer_coarse_hot,G0087_T3_graded_two_layer_coarse_hot
G0088,20260821,87,1.1303130979540588,1.0972355563456562,0.42924846737211586,0.015365447017029018,24.133993687305846,homogeneous,1.0,none,0.5,T1_homogeneous_none,G0088_T1_homogeneous_none
G0088,20260821,87,1.1303130979540588,1.0972355563456562,0.42924846737211586,0.015365447017029018,24.133993687305846,graded_two_layer,1.8,fine_hot,0.5,T2_graded_two_layer_fine_hot,G0088_T2_graded_two_layer_fine_hot
G0088,20260821,87,1.1303130979540588,1.0972355563456562,0.42924846737211586,0.015365447017029018,24.133993687305846,graded_two_layer,1.8,coarse_hot,0.5,T3_graded_two_layer_coarse_hot,G0088_T3_graded_two_layer_coarse_hot
G0089,20260821,88,1.0602145248665888,1.9455552519692654,0.4406451837284319,0.01731495329989502,24.809340943876386,homogeneous,1.0,none,0.5,T1_homogeneous_none,G0089_T1_homogeneous_none
G0089,20260821,88,1.0602145248665888,1.9455552519692654,0.4406451837284319,0.01731495329989502,24.809340943876386,graded_two_layer,1.8,fine_hot,0.5,T2_graded_two_layer_fine_hot,G0089_T2_graded_two_layer_fine_hot
G0089,20260821,88,1.0602145248665888,1.9455552519692654,0.4406451837284319,0.01731495329989502,24.809340943876386,graded_two_layer,1.8,coarse_hot,0.5,T3_graded_two_layer_coarse_hot,G0089_T3_graded_two_layer_coarse_hot
G0090,20260821,89,0.7610412961820211,2.0989980383915503,0.47398725666427344,0.016240344316873066,20.477052432589105,homogeneous,1.0,none,0.5,T1_homogeneous_none,G0090_T1_homogeneous_none
G0090,20260821,89,0.7610412961820211,2.0989980383915503,0.47398725666427344,0.016240344316873066,20.477052432589105,graded_two_layer,1.8,fine_hot,0.5,T2_graded_two_layer_fine_hot,G0090_T2_graded_two_layer_fine_hot
G0090,20260821,89,0.7610412961820211,2.0989980383915503,0.47398725666427344,0.016240344316873066,20.477052432589105,graded_two_layer,1.8,coarse_hot,0.5,T3_graded_two_layer_coarse_hot,G0090_T3_graded_two_layer_coarse_hot
G0091,20260821,90,0.8004218655735995,1.851745492393181,0.568645205864955,0.013794922949874291,9.420357625285305,homogeneous,1.0,none,0.5,T1_homogeneous_none,G0091_T1_homogeneous_none
G0091,20260821,90,0.8004218655735995,1.851745492393181,0.568645205864955,0.013794922949874291,9.420357625285305,graded_two_layer,1.8,fine_hot,0.5,T2_graded_two_layer_fine_hot,G0091_T2_graded_two_layer_fine_hot
G0091,20260821,90,0.8004218655735995,1.851745492393181,0.568645205864955,0.013794922949874291,9.420357625285305,graded_two_layer,1.8,coarse_hot,0.5,T3_graded_two_layer_coarse_hot,G0091_T3_graded_two_layer_coarse_hot
G0092,20260821,91,0.7714892069140091,1.0648698230467635,0.5753126656115706,0.014513563371292414,10.692072798147606,homogeneous,1.0,none,0.5,T1_homogeneous_none,G0092_T1_homogeneous_none
G0092,20260821,91,0.7714892069140091,1.0648698230467635,0.5753126656115706,0.014513563371292414,10.692072798147606,graded_two_layer,1.8,fine_hot,0.5,T2_graded_two_layer_fine_hot,G0092_T2_graded_two_layer_fine_hot
G0092,20260821,91,0.7714892069140091,1.0648698230467635,0.5753126656115706,0.014513563371292414,10.692072798147606,graded_two_layer,1.8,coarse_hot,0.5,T3_graded_two_layer_coarse_hot,G0092_T3_graded_two_layer_coarse_hot
G0093,20260821,92,0.8185154672684843,1.5703055465869031,0.45583297815527396,0.00981762554703734,25.406560206382732,homogeneous,1.0,none,0.5,T1_homogeneous_none,G0093_T1_homogeneous_none
G0093,20260821,92,0.8185154672684843,1.5703055465869031,0.45583297815527396,0.00981762554703734,25.406560206382732,graded_two_layer,1.8,fine_hot,0.5,T2_graded_two_layer_fine_hot,G0093_T2_graded_two_layer_fine_hot
G0093,20260821,92,0.8185154672684843,1.5703055465869031,0.45583297815527396,0.00981762554703734,25.406560206382732,graded_two_layer,1.8,coarse_hot,0.5,T3_graded_two_layer_coarse_hot,G0093_T3_graded_two_layer_coarse_hot
G0094,20260821,93,0.8112027014849201,2.0027012644198283,0.5191315424533882,0.015146144473979491,21.84701106342427,homogeneous,1.0,none,0.5,T1_homogeneous_none,G0094_T1_homogeneous_none
G0094,20260821,93,0.8112027014849201,2.0027012644198283,0.5191315424533882,0.015146144473979491,21.84701106342427,graded_two_layer,1.8,fine_hot,0.5,T2_graded_two_layer_fine_hot,G0094_T2_graded_two_layer_fine_hot
G0094,20260821,93,0.8112027014849201,2.0027012644198283,0.5191315424533882,0.015146144473979491,21.84701106342427,graded_two_layer,1.8,coarse_hot,0.5,T3_graded_two_layer_coarse_hot,G0094_T3_graded_two_layer_coarse_hot
G0095,20260821,94,0.940959611371773,2.1257138498676382,0.47095150777576317,0.01841302667043955,12.564276980355276,homogeneous,1.0,none,0.5,T1_homogeneous_none,G0095_T1_homogeneous_none
G0095,20260821,94,0.940959611371773,2.1257138498676382,0.47095150777576317,0.01841302667043955,12.564276980355276,graded_two_layer,1.8,fine_hot,0.5,T2_graded_two_layer_fine_hot,G0095_T2_graded_two_layer_fine_hot
G0095,20260821,94,0.940959611371773,2.1257138498676382,0.47095150777576317,0.01841302667043955,12.564276980355276,graded_two_layer,1.8,coarse_hot,0.5,T3_graded_two_layer_coarse_hot,G0095_T3_graded_two_layer_coarse_hot
G0096,20260821,95,0.7312206019833325,1.375402545544497,0.5070262625319814,0.013934741557592296,18.50907716863177,homogeneous,1.0,none,0.5,T1_homogeneous_none,G0096_T1_homogeneous_none
G0096,20260821,95,0.7312206019833325,1.375402545544497,0.5070262625319814,0.013934741557592296,18.50907716863177,graded_two_layer,1.8,fine_hot,0.5,T2_graded_two_layer_fine_hot,G0096_T2_graded_two_layer_fine_hot
G0096,20260821,95,0.7312206019833325,1.375402545544497,0.5070262625319814,0.013934741557592296,18.50907716863177,graded_two_layer,1.8,coarse_hot,0.5,T3_graded_two_layer_coarse_hot,G0096_T3_graded_two_layer_coarse_hot
G0097,20260821,96,1.0976414522134554,1.3108849652105565,0.5799066014666152,0.013288627935761865,15.93583436475025,homogeneous,1.0,none,0.5,T1_homogeneous_none,G0097_T1_homogeneous_none
G0097,20260821,96,1.0976414522134554,1.3108849652105565,0.5799066014666152,0.013288627935761865,15.93583436475025,graded_two_layer,1.8,fine_hot,0.5,T2_graded_two_layer_fine_hot,G0097_T2_graded_two_layer_fine_hot
G0097,20260821,96,1.0976414522134554,1.3108849652105565,0.5799066014666152,0.013288627935761865,15.93583436475025,graded_two_layer,1.8,coarse_hot,0.5,T3_graded_two_layer_coarse_hot,G0097_T3_graded_two_layer_coarse_hot
G0098,20260821,97,0.6599367531567197,2.1310021135475052,0.5570506495581412,0.010602466299764558,12.759056383656029,homogeneous,1.0,none,0.5,T1_homogeneous_none,G0098_T1_homogeneous_none
G0098,20260821,97,0.6599367531567197,2.1310021135475052,0.5570506495581412,0.010602466299764558,12.759056383656029,graded_two_layer,1.8,fine_hot,0.5,T2_graded_two_layer_fine_hot,G0098_T2_graded_two_layer_fine_hot
G0098,20260821,97,0.6599367531567197,2.1310021135475052,0.5570506495581412,0.010602466299764558,12.759056383656029,graded_two_layer,1.8,coarse_hot,0.5,T3_graded_two_layer_coarse_hot,G0098_T3_graded_two_layer_coarse_hot
G0099,20260821,98,0.8349585852031869,1.1624585520107225,0.5441245948858151,0.01905934499850989,10.465256999523834,homogeneous,1.0,none,0.5,T1_homogeneous_none,G0099_T1_homogeneous_none
G0099,20260821,98,0.8349585852031869,1.1624585520107225,0.5441245948858151,0.01905934499850989,10.465256999523834,graded_two_layer,1.8,fine_hot,0.5,T2_graded_two_layer_fine_hot,G0099_T2_graded_two_layer_fine_hot
G0099,20260821,98,0.8349585852031869,1.1624585520107225,0.5441245948858151,0.01905934499850989,10.465256999523834,graded_two_layer,1.8,coarse_hot,0.5,T3_graded_two_layer_coarse_hot,G0099_T3_graded_two_layer_coarse_hot
G0100,20260821,99,0.9639619634565568,1.3895217798741923,0.5466020823639479,0.015203797605735463,26.27092417883715,homogeneous,1.0,none,0.5,T1_homogeneous_none,G0100_T1_homogeneous_none
G0100,20260821,99,0.9639619634565568,1.3895217798741923,0.5466020823639479,0.015203797605735463,26.27092417883715,graded_two_layer,1.8,fine_hot,0.5,T2_graded_two_layer_fine_hot,G0100_T2_graded_two_layer_fine_hot
G0100,20260821,99,0.9639619634565568,1.3895217798741923,0.5466020823639479,0.015203797605735463,26.27092417883715,graded_two_layer,1.8,coarse_hot,0.5,T3_graded_two_layer_coarse_hot,G0100_T3_graded_two_layer_coarse_hot
G0101,20260821,100,0.924526427109751,2.1886691691743567,0.47180613328561255,0.01579965744043338,18.957053763144295,homogeneous,1.0,none,0.5,T1_homogeneous_none,G0101_T1_homogeneous_none
G0101,20260821,100,0.924526427109751,2.1886691691743567,0.47180613328561255,0.01579965744043338,18.957053763144295,graded_two_layer,1.8,fine_hot,0.5,T2_graded_two_layer_fine_hot,G0101_T2_graded_two_layer_fine_hot
G0101,20260821,100,0.924526427109751,2.1886691691743567,0.47180613328561255,0.01579965744043338,18.957053763144295,graded_two_layer,1.8,coarse_hot,0.5,T3_graded_two_layer_coarse_hot,G0101_T3_graded_two_layer_coarse_hot
G0102,20260821,101,1.0290791286041474,1.1303747084850548,0.42662041925287686,0.018365833656313238,20.859415967708742,homogeneous,1.0,none,0.5,T1_homogeneous_none,G0102_T1_homogeneous_none
G0102,20260821,101,1.0290791286041474,1.1303747084850548,0.42662041925287686,0.018365833656313238,20.859415967708742,graded_two_layer,1.8,fine_hot,0.5,T2_graded_two_layer_fine_hot,G0102_T2_graded_two_layer_fine_hot
G0102,20260821,101,1.0290791286041474,1.1303747084850548,0.42662041925287686,0.018365833656313238,20.859415967708742,graded_two_layer,1.8,coarse_hot,0.5,T3_graded_two_layer_coarse_hot,G0102_T3_graded_two_layer_coarse_hot
G0103,20260821,102,1.1365685390215503,1.4659292516839177,0.5710358477513056,0.01909648149233347,23.52979468494346,homogeneous,1.0,none,0.5,T1_homogeneous_none,G0103_T1_homogeneous_none
G0103,20260821,102,1.1365685390215503,1.4659292516839177,0.5710358477513056,0.01909648149233347,23.52979468494346,graded_two_layer,1.8,fine_hot,0.5,T2_graded_two_layer_fine_hot,G0103_T2_graded_two_layer_fine_hot
G0103,20260821,102,1.1365685390215503,1.4659292516839177,0.5710358477513056,0.01909648149233347,23.52979468494346,graded_two_layer,1.8,coarse_hot,0.5,T3_graded_two_layer_coarse_hot,G0103_T3_graded_two_layer_coarse_hot
G0104,20260821,103,0.6503192413938194,1.7924155537967108,0.5370702374581819,0.013479157255299077,20.922306722936582,homogeneous,1.0,none,0.5,T1_homogeneous_none,G0104_T1_homogeneous_none
G0104,20260821,103,0.6503192413938194,1.7924155537967108,0.5370702374581819,0.013479157255299077,20.922306722936582,graded_two_layer,1.8,fine_hot,0.5,T2_graded_two_layer_fine_hot,G0104_T2_graded_two_layer_fine_hot
G0104,20260821,103,0.6503192413938194,1.7924155537967108,0.5370702374581819,0.013479157255299077,20.922306722936582,graded_two_layer,1.8,coarse_hot,0.5,T3_graded_two_layer_coarse_hot,G0104_T3_graded_two_layer_coarse_hot
G0105,20260821,104,0.8357734589017661,1.1146570901399453,0.571752558695075,0.018519177527851406,9.325426451175241,homogeneous,1.0,none,0.5,T1_homogeneous_none,G0105_T1_homogeneous_none
G0105,20260821,104,0.8357734589017661,1.1146570901399453,0.571752558695075,0.018519177527851406,9.325426451175241,graded_two_layer,1.8,fine_hot,0.5,T2_graded_two_layer_fine_hot,G0105_T2_graded_two_layer_fine_hot
G0105,20260821,104,0.8357734589017661,1.1146570901399453,0.571752558695075,0.018519177527851406,9.325426451175241,graded_two_layer,1.8,coarse_hot,0.5,T3_graded_two_layer_coarse_hot,G0105_T3_graded_two_layer_coarse_hot
G0106,20260821,105,0.9382964688843188,1.7653070300882212,0.48258074469482104,0.00841532075710259,17.69629757708742,homogeneous,1.0,none,0.5,T1_homogeneous_none,G0106_T1_homogeneous_none
G0106,20260821,105,0.9382964688843188,1.7653070300882212,0.48258074469482104,0.00841532075710259,17.69629757708742,graded_two_layer,1.8,fine_hot,0.5,T2_graded_two_layer_fine_hot,G0106_T2_graded_two_layer_fine_hot
G0106,20260821,105,0.9382964688843188,1.7653070300882212,0.48258074469482104,0.00841532075710259,17.69629757708742,graded_two_layer,1.8,coarse_hot,0.5,T3_graded_two_layer_coarse_hot,G0106_T3_graded_two_layer_coarse_hot
G0107,20260821,106,0.6806055789875871,1.9618211231683225,0.4371592226728592,0.019844556049027268,17.931354200858635,homogeneous,1.0,none,0.5,T1_homogeneous_none,G0107_T1_homogeneous_none
G0107,20260821,106,0.6806055789875871,1.9618211231683225,0.4371592226728592,0.019844556049027268,17.931354200858635,graded_two_layer,1.8,fine_hot,0.5,T2_graded_two_layer_fine_hot,G0107_T2_graded_two_layer_fine_hot
G0107,20260821,106,0.6806055789875871,1.9618211231683225,0.4371592226728592,0.019844556049027268,17.931354200858635,graded_two_layer,1.8,coarse_hot,0.5,T3_graded_two_layer_coarse_hot,G0107_T3_graded_two_layer_coarse_hot
G0108,20260821,107,0.9185675796257717,1.8042854459652844,0.5349948601308399,0.019617289834886635,25.367341064475855,homogeneous,1.0,none,0.5,T1_homogeneous_none,G0108_T1_homogeneous_none
G0108,20260821,107,0.9185675796257717,1.8042854459652844,0.5349948601308399,0.019617289834886635,25.367341064475855,graded_two_layer,1.8,fine_hot,0.5,T2_graded_two_layer_fine_hot,G0108_T2_graded_two_layer_fine_hot
G0108,20260821,107,0.9185675796257717,1.8042854459652844,0.5349948601308399,0.019617289834886635,25.367341064475855,graded_two_layer,1.8,coarse_hot,0.5,T3_graded_two_layer_coarse_hot,G0108_T3_graded_two_layer_coarse_hot
G0109,20260821,108,0.8919654864012014,1.0160248730099244,0.48740548678626483,0.01777112591455908,22.413221260927802,homogeneous,1.0,none,0.5,T1_homogeneous_none,G0109_T1_homogeneous_none
G0109,20260821,108,0.8919654864012014,1.0160248730099244,0.48740548678626483,0.01777112591455908,22.413221260927802,graded_two_layer,1.8,fine_hot,0.5,T2_graded_two_layer_fine_hot,G0109_T2_graded_two_layer_fine_hot
G0109,20260821,108,0.8919654864012014,1.0160248730099244,0.48740548678626483,0.01777112591455908,22.413221260927802,graded_two_layer,1.8,coarse_hot,0.5,T3_graded_two_layer_coarse_hot,G0109_T3_graded_two_layer_coarse_hot
G0110,20260821,109,0.8889932606552593,1.98771780406272,0.4754977149593009,0.011141583982602288,20.177082603545113,homogeneous,1.0,none,0.5,T1_homogeneous_none,G0110_T1_homogeneous_none
G0110,20260821,109,0.8889932606552593,1.98771780406272,0.4754977149593009,0.011141583982602288,20.177082603545113,graded_two_layer,1.8,fine_hot,0.5,T2_graded_two_layer_fine_hot,G0110_T2_graded_two_layer_fine_hot
G0110,20260821,109,0.8889932606552593,1.98771780406272,0.4754977149593009,0.011141583982602288,20.177082603545113,graded_two_layer,1.8,coarse_hot,0.5,T3_graded_two_layer_coarse_hot,G0110_T3_graded_two_layer_coarse_hot
G0111,20260821,110,0.7635436068794347,1.4305420073291142,0.49675805445831744,0.013343281357310399,18.010427653182703,homogeneous,1.0,none,0.5,T1_homogeneous_none,G0111_T1_homogeneous_none
G0111,20260821,110,0.7635436068794347,1.4305420073291142,0.49675805445831744,0.013343281357310399,18.010427653182703,graded_two_layer,1.8,fine_hot,0.5,T2_graded_two_layer_fine_hot,G0111_T2_graded_two_layer_fine_hot
G0111,20260821,110,0.7635436068794347,1.4305420073291142,0.49675805445831744,0.013343281357310399,18.010427653182703,graded_two_layer,1.8,coarse_hot,0.5,T3_graded_two_layer_coarse_hot,G0111_T3_graded_two_layer_coarse_hot
G0112,20260821,111,1.0113262701127317,2.0470154902338047,0.44857993469630203,0.019246881747410974,26.022506758190296,homogeneous,1.0,none,0.5,T1_homogeneous_none,G0112_T1_homogeneous_none
G0112,20260821,111,1.0113262701127317,2.0470154902338047,0.44857993469630203,0.019246881747410974,26.022506758190296,graded_two_layer,1.8,fine_hot,0.5,T2_graded_two_layer_fine_hot,G0112_T2_graded_two_layer_fine_hot
G0112,20260821,111,1.0113262701127317,2.0470154902338047,0.44857993469630203,0.019246881747410974,26.022506758190296,graded_two_layer,1.8,coarse_hot,0.5,T3_graded_two_layer_coarse_hot,G0112_T3_graded_two_layer_coarse_hot
G0113,20260821,112,0.8507846589195567,1.3031355502430462,0.49057580846160503,0.018751491756211113,12.182314941013841,homogeneous,1.0,none,0.5,T1_homogeneous_none,G0113_T1_homogeneous_none
G0113,20260821,112,0.8507846589195567,1.3031355502430462,0.49057580846160503,0.018751491756211113,12.182314941013841,graded_two_layer,1.8,fine_hot,0.5,T2_graded_two_layer_fine_hot,G0113_T2_graded_two_layer_fine_hot
G0113,20260821,112,0.8507846589195567,1.3031355502430462,0.49057580846160503,0.018751491756211113,12.182314941013841,graded_two_layer,1.8,coarse_hot,0.5,T3_graded_two_layer_coarse_hot,G0113_T3_graded_two_layer_coarse_hot
G0114,20260821,113,0.7038681774734806,1.504138954983689,0.5581313044615623,0.008767043106994566,23.3033427571532,homogeneous,1.0,none,0.5,T1_homogeneous_none,G0114_T1_homogeneous_none
G0114,20260821,113,0.7038681774734806,1.504138954983689,0.5581313044615623,0.008767043106994566,23.3033427571532,graded_two_layer,1.8,fine_hot,0.5,T2_graded_two_layer_fine_hot,G0114_T2_graded_two_layer_fine_hot
G0114,20260821,113,0.7038681774734806,1.504138954983689,0.5581313044615623,0.008767043106994566,23.3033427571532,graded_two_layer,1.8,coarse_hot,0.5,T3_graded_two_layer_coarse_hot,G0114_T3_graded_two_layer_coarse_hot
G0115,20260821,114,0.7505257192487881,1.9767021131048086,0.5670428486593173,0.009327734945142803,15.087629657502303,homogeneous,1.0,none,0.5,T1_homogeneous_none,G0115_T1_homogeneous_none
G0115,20260821,114,0.7505257192487881,1.9767021131048086,0.5670428486593173,0.009327734945142803,15.087629657502303,graded_two_layer,1.8,fine_hot,0.5,T2_graded_two_layer_fine_hot,G0115_T2_graded_two_layer_fine_hot
G0115,20260821,114,0.7505257192487881,1.9767021131048086,0.5670428486593173,0.009327734945142803,15.087629657502303,graded_two_layer,1.8,coarse_hot,0.5,T3_graded_two_layer_coarse_hot,G0115_T3_graded_two_layer_coarse_hot
G0116,20260821,115,1.1237050063868619,1.6642972182539408,0.4917324594415657,0.009451645278124261,12.697584396479542,homogeneous,1.0,none,0.5,T1_homogeneous_none,G0116_T1_homogeneous_none
G0116,20260821,115,1.1237050063868619,1.6642972182539408,0.4917324594415657,0.009451645278124261,12.697584396479542,graded_two_layer,1.8,fine_hot,0.5,T2_graded_two_layer_fine_hot,G0116_T2_graded_two_layer_fine_hot
G0116,20260821,115,1.1237050063868619,1.6642972182539408,0.4917324594415657,0.009451645278124261,12.697584396479542,graded_two_layer,1.8,coarse_hot,0.5,T3_graded_two_layer_coarse_hot,G0116_T3_graded_two_layer_coarse_hot
G0117,20260821,116,1.0627327642411104,1.7976390009094876,0.4616350809826369,0.014623544154381763,14.976073525459244,homogeneous,1.0,none,0.5,T1_homogeneous_none,G0117_T1_homogeneous_none
G0117,20260821,116,1.0627327642411104,1.7976390009094876,0.4616350809826369,0.014623544154381763,14.976073525459244,graded_two_layer,1.8,fine_hot,0.5,T2_graded_two_layer_fine_hot,G0117_T2_graded_two_layer_fine_hot
G0117,20260821,116,1.0627327642411104,1.7976390009094876,0.4616350809826369,0.014623544154381763,14.976073525459244,graded_two_layer,1.8,coarse_hot,0.5,T3_graded_two_layer_coarse_hot,G0117_T3_graded_two_layer_coarse_hot
G0118,20260821,117,0.752681502335177,1.7725827133881236,0.4969926957233368,0.01251417212548979,17.112310101587784,homogeneous,1.0,none,0.5,T1_homogeneous_none,G0118_T1_homogeneous_none
G0118,20260821,117,0.752681502335177,1.7725827133881236,0.4969926957233368,0.01251417212548979,17.112310101587784,graded_two_layer,1.8,fine_hot,0.5,T2_graded_two_layer_fine_hot,G0118_T2_graded_two_layer_fine_hot
G0118,20260821,117,0.752681502335177,1.7725827133881236,0.4969926957233368,0.01251417212548979,17.112310101587784,graded_two_layer,1.8,coarse_hot,0.5,T3_graded_two_layer_coarse_hot,G0118_T3_graded_two_layer_coarse_hot
G0119,20260821,118,1.1426582723160212,1.6250615583545247,0.45426277849206165,0.014456411134892351,26.363171583307764,homogeneous,1.0,none,0.5,T1_homogeneous_none,G0119_T1_homogeneous_none
G0119,20260821,118,1.1426582723160212,1.6250615583545247,0.45426277849206165,0.014456411134892351,26.363171583307764,graded_two_layer,1.8,fine_hot,0.5,T2_graded_two_layer_fine_hot,G0119_T2_graded_two_layer_fine_hot
G0119,20260821,118,1.1426582723160212,1.6250615583545247,0.45426277849206165,0.014456411134892351,26.363171583307764,graded_two_layer,1.8,coarse_hot,0.5,T3_graded_two_layer_coarse_hot,G0119_T3_graded_two_layer_coarse_hot
G0120,20260821,119,0.7669265864043827,1.8469078704326631,0.5516833396522661,0.017834624787970516,16.22190231086201,homogeneous,1.0,none,0.5,T1_homogeneous_none,G0120_T1_homogeneous_none
G0120,20260821,119,0.7669265864043827,1.8469078704326631,0.5516833396522661,0.017834624787970516,16.22190231086201,graded_two_layer,1.8,fine_hot,0.5,T2_graded_two_layer_fine_hot,G0120_T2_graded_two_layer_fine_hot
G0120,20260821,119,0.7669265864043827,1.8469078704326631,0.5516833396522661,0.017834624787970516,16.22190231086201,graded_two_layer,1.8,coarse_hot,0.5,T3_graded_two_layer_coarse_hot,G0120_T3_graded_two_layer_coarse_hot
G0121,20260821,120,1.0961766490586573,2.1042726350280967,0.48225198396446955,0.00836262513848123,14.352663546207346,homogeneous,1.0,none,0.5,T1_homogeneous_none,G0121_T1_homogeneous_none
G0121,20260821,120,1.0961766490586573,2.1042726350280967,0.48225198396446955,0.00836262513848123,14.352663546207346,graded_two_layer,1.8,fine_hot,0.5,T2_graded_two_layer_fine_hot,G0121_T2_graded_two_layer_fine_hot
G0121,20260821,120,1.0961766490586573,2.1042726350280967,0.48225198396446955,0.00836262513848123,14.352663546207346,graded_two_layer,1.8,coarse_hot,0.5,T3_graded_two_layer_coarse_hot,G0121_T3_graded_two_layer_coarse_hot
G0122,20260821,121,1.0074325415657817,1.7880699133354243,0.47234692671498707,0.014219677813082462,20.7155277625221,homogeneous,1.0,none,0.5,T1_homogeneous_none,G0122_T1_homogeneous_none
G0122,20260821,121,1.0074325415657817,1.7880699133354243,0.47234692671498707,0.014219677813082462,20.7155277625221,graded_two_layer,1.8,fine_hot,0.5,T2_graded_two_layer_fine_hot,G0122_T2_graded_two_layer_fine_hot
G0122,20260821,121,1.0074325415657817,1.7880699133354243,0.47234692671498707,0.014219677813082462,20.7155277625221,graded_two_layer,1.8,coarse_hot,0.5,T3_graded_two_layer_coarse_hot,G0122_T3_graded_two_layer_coarse_hot
G0123,20260821,122,0.7767795908965471,1.4491927965147684,0.4880096044022512,0.01079219967690162,21.995958543077613,homogeneous,1.0,none,0.5,T1_homogeneous_none,G0123_T1_homogeneous_none
G0123,20260821,122,0.7767795908965471,1.4491927965147684,0.4880096044022512,0.01079219967690162,21.995958543077613,graded_two_layer,1.8,fine_hot,0.5,T2_graded_two_layer_fine_hot,G0123_T2_graded_two_layer_fine_hot
G0123,20260821,122,0.7767795908965471,1.4491927965147684,0.4880096044022512,0.01079219967690162,21.995958543077613,graded_two_layer,1.8,coarse_hot,0.5,T3_graded_two_layer_coarse_hot,G0123_T3_graded_two_layer_coarse_hot
G0124,20260821,123,0.7280338705303528,1.1592868424304605,0.5523555337396737,0.015654292501860685,9.475569469491294,homogeneous,1.0,none,0.5,T1_homogeneous_none,G0124_T1_homogeneous_none
G0124,20260821,123,0.7280338705303528,1.1592868424304605,0.5523555337396737,0.015654292501860685,9.475569469491294,graded_two_layer,1.8,fine_hot,0.5,T2_graded_two_layer_fine_hot,G0124_T2_graded_two_layer_fine_hot
G0124,20260821,123,0.7280338705303528,1.1592868424304605,0.5523555337396737,0.015654292501860685,9.475569469491294,graded_two_layer,1.8,coarse_hot,0.5,T3_graded_two_layer_coarse_hot,G0124_T3_graded_two_layer_coarse_hot
G0125,20260821,124,1.0719345323014293,1.3595013588866143,0.5749822436857482,0.01218720954801028,21.481605198886086,homogeneous,1.0,none,0.5,T1_homogeneous_none,G0125_T1_homogeneous_none
G0125,20260821,124,1.0719345323014293,1.3595013588866143,0.5749822436857482,0.01218720954801028,21.481605198886086,graded_two_layer,1.8,fine_hot,0.5,T2_graded_two_layer_fine_hot,G0125_T2_graded_two_layer_fine_hot
G0125,20260821,124,1.0719345323014293,1.3595013588866143,0.5749822436857482,0.01218720954801028,21.481605198886086,graded_two_layer,1.8,coarse_hot,0.5,T3_graded_two_layer_coarse_hot,G0125_T3_graded_two_layer_coarse_hot
G0126,20260821,125,0.8245171991794619,1.9964668605226783,0.48936487011461716,0.009830554574467647,23.105947028068783,homogeneous,1.0,none,0.5,T1_homogeneous_none,G0126_T1_homogeneous_none
G0126,20260821,125,0.8245171991794619,1.9964668605226783,0.48936487011461716,0.009830554574467647,23.105947028068783,graded_two_layer,1.8,fine_hot,0.5,T2_graded_two_layer_fine_hot,G0126_T2_graded_two_layer_fine_hot
G0126,20260821,125,0.8245171991794619,1.9964668605226783,0.48936487011461716,0.009830554574467647,23.105947028068783,graded_two_layer,1.8,coarse_hot,0.5,T3_graded_two_layer_coarse_hot,G0126_T3_graded_two_layer_coarse_hot
G0127,20260821,126,0.8826600610600707,1.8185951435498344,0.5161350252720026,0.008498326625046147,17.454759144954508,homogeneous,1.0,none,0.5,T1_homogeneous_none,G0127_T1_homogeneous_none
G0127,20260821,126,0.8826600610600707,1.8185951435498344,0.5161350252720026,0.008498326625046147,17.454759144954508,graded_two_layer,1.8,fine_hot,0.5,T2_graded_two_layer_fine_hot,G0127_T2_graded_two_layer_fine_hot
G0127,20260821,126,0.8826600610600707,1.8185951435498344,0.5161350252720026,0.008498326625046147,17.454759144954508,graded_two_layer,1.8,coarse_hot,0.5,T3_graded_two_layer_coarse_hot,G0127_T3_graded_two_layer_coarse_hot
G0128,20260821,127,0.8476910518670214,1.7084237500623853,0.4769289020186246,0.018885372440569287,24.100809264884347,homogeneous,1.0,none,0.5,T1_homogeneous_none,G0128_T1_homogeneous_none
G0128,20260821,127,0.8476910518670214,1.7084237500623853,0.4769289020186246,0.018885372440569287,24.100809264884347,graded_two_layer,1.8,fine_hot,0.5,T2_graded_two_layer_fine_hot,G0128_T2_graded_two_layer_fine_hot
G0128,20260821,127,0.8476910518670214,1.7084237500623853,0.4769289020186246,0.018885372440569287,24.100809264884347,graded_two_layer,1.8,coarse_hot,0.5,T3_graded_two_layer_coarse_hot,G0128_T3_graded_two_layer_coarse_hot
G0129,20260821,128,0.9052467282088446,1.9545275854827788,0.5480002546881565,0.019962442374685516,25.473709529430696,homogeneous,1.0,none,0.5,T1_homogeneous_none,G0129_T1_homogeneous_none
G0129,20260821,128,0.9052467282088446,1.9545275854827788,0.5480002546881565,0.019962442374685516,25.473709529430696,graded_two_layer,1.8,fine_hot,0.5,T2_graded_two_layer_fine_hot,G0129_T2_graded_two_layer_fine_hot
G0129,20260821,128,0.9052467282088446,1.9545275854827788,0.5480002546881565,0.019962442374685516,25.473709529430696,graded_two_layer,1.8,coarse_hot,0.5,T3_graded_two_layer_coarse_hot,G0129_T3_graded_two_layer_coarse_hot
G0130,20260821,129,0.6855878492451463,2.1813363832407076,0.4497030015690293,0.008080294880479124,21.125819487550665,homogeneous,1.0,none,0.5,T1_homogeneous_none,G0130_T1_homogeneous_none
G0130,20260821,129,0.6855878492451463,2.1813363832407076,0.4497030015690293,0.008080294880479124,21.125819487550665,graded_two_layer,1.8,fine_hot,0.5,T2_graded_two_layer_fine_hot,G0130_T2_graded_two_layer_fine_hot
G0130,20260821,129,0.6855878492451463,2.1813363832407076,0.4497030015690293,0.008080294880479124,21.125819487550665,graded_two_layer,1.8,coarse_hot,0.5,T3_graded_two_layer_coarse_hot,G0130_T3_graded_two_layer_coarse_hot
G0131,20260821,130,0.6698636550560789,1.838486173200475,0.5183043991586436,0.012563254790458462,15.20939503282353,homogeneous,1.0,none,0.5,T1_homogeneous_none,G0131_T1_homogeneous_none
G0131,20260821,130,0.6698636550560789,1.838486173200475,0.5183043991586436,0.012563254790458462,15.20939503282353,graded_two_layer,1.8,fine_hot,0.5,T2_graded_two_layer_fine_hot,G0131_T2_graded_two_layer_fine_hot
G0131,20260821,130,0.6698636550560789,1.838486173200475,0.5183043991586436,0.012563254790458462,15.20939503282353,graded_two_layer,1.8,coarse_hot,0.5,T3_graded_two_layer_coarse_hot,G0131_T3_graded_two_layer_coarse_hot
G0132,20260821,131,1.0376116634119081,1.1514688890450255,0.5040463599515043,0.016986151297813133,22.04883785200101,homogeneous,1.0,none,0.5,T1_homogeneous_none,G0132_T1_homogeneous_none
G0132,20260821,131,1.0376116634119081,1.1514688890450255,0.5040463599515043,0.016986151297813133,22.04883785200101,graded_two_layer,1.8,fine_hot,0.5,T2_graded_two_layer_fine_hot,G0132_T2_graded_two_layer_fine_hot
G0132,20260821,131,1.0376116634119081,1.1514688890450255,0.5040463599515043,0.016986151297813133,22.04883785200101,graded_two_layer,1.8,coarse_hot,0.5,T3_graded_two_layer_coarse_hot,G0132_T3_graded_two_layer_coarse_hot
G0133,20260821,132,0.8087641004978042,1.0998214514209352,0.5726861132301003,0.01651240975147505,18.990986127319022,homogeneous,1.0,none,0.5,T1_homogeneous_none,G0133_T1_homogeneous_none
G0133,20260821,132,0.8087641004978042,1.0998214514209352,0.5726861132301003,0.01651240975147505,18.990986127319022,graded_two_layer,1.8,fine_hot,0.5,T2_graded_two_layer_fine_hot,G0133_T2_graded_two_layer_fine_hot
G0133,20260821,132,0.8087641004978042,1.0998214514209352,0.5726861132301003,0.01651240975147505,18.990986127319022,graded_two_layer,1.8,coarse_hot,0.5,T3_graded_two_layer_coarse_hot,G0133_T3_graded_two_layer_coarse_hot
G0134,20260821,133,1.0788731839371053,2.14497272480169,0.5662512965056532,0.011892605351488067,20.534936772763256,homogeneous,1.0,none,0.5,T1_homogeneous_none,G0134_T1_homogeneous_none
G0134,20260821,133,1.0788731839371053,2.14497272480169,0.5662512965056532,0.011892605351488067,20.534936772763256,graded_two_layer,1.8,fine_hot,0.5,T2_graded_two_layer_fine_hot,G0134_T2_graded_two_layer_fine_hot
G0134,20260821,133,1.0788731839371053,2.14497272480169,0.5662512965056532,0.011892605351488067,20.534936772763256,graded_two_layer,1.8,coarse_hot,0.5,T3_graded_two_layer_coarse_hot,G0134_T3_graded_two_layer_coarse_hot
G0135,20260821,134,0.812629103567639,1.2380805770260794,0.4490859619621066,0.019523763712168185,20.305824572645456,homogeneous,1.0,none,0.5,T1_homogeneous_none,G0135_T1_homogeneous_none
G0135,20260821,134,0.812629103567639,1.2380805770260794,0.4490859619621066,0.019523763712168185,20.305824572645456,graded_two_layer,1.8,fine_hot,0.5,T2_graded_two_layer_fine_hot,G0135_T2_graded_two_layer_fine_hot
G0135,20260821,134,0.812629103567639,1.2380805770260794,0.4490859619621066,0.019523763712168185,20.305824572645456,graded_two_layer,1.8,coarse_hot,0.5,T3_graded_two_layer_coarse_hot,G0135_T3_graded_two_layer_coarse_hot
G0136,20260821,135,0.9255312263353305,2.0662074441407956,0.535871177034269,0.014343785604572088,14.08227375828027,homogeneous,1.0,none,0.5,T1_homogeneous_none,G0136_T1_homogeneous_none
G0136,20260821,135,0.9255312263353305,2.0662074441407956,0.535871177034269,0.014343785604572088,14.08227375828027,graded_two_layer,1.8,fine_hot,0.5,T2_graded_two_layer_fine_hot,G0136_T2_graded_two_layer_fine_hot
G0136,20260821,135,0.9255312263353305,2.0662074441407956,0.535871177034269,0.014343785604572088,14.08227375828027,graded_two_layer,1.8,coarse_hot,0.5,T3_graded_two_layer_coarse_hot,G0136_T3_graded_two_layer_coarse_hot
G0137,20260821,136,0.8582052196360179,1.1045380773464042,0.527376092393426,0.019405950551571398,9.024796213978078,homogeneous,1.0,none,0.5,T1_homogeneous_none,G0137_T1_homogeneous_none
G0137,20260821,136,0.8582052196360179,1.1045380773464042,0.527376092393426,0.019405950551571398,9.024796213978078,graded_two_layer,1.8,fine_hot,0.5,T2_graded_two_layer_fine_hot,G0137_T2_graded_two_layer_fine_hot
G0137,20260821,136,0.8582052196360179,1.1045380773464042,0.527376092393426,0.019405950551571398,9.024796213978078,graded_two_layer,1.8,coarse_hot,0.5,T3_graded_two_layer_coarse_hot,G0137_T3_graded_two_layer_coarse_hot
G0138,20260821,137,1.0803162166456113,1.9283397777897793,0.4998563049451077,0.011040102851896307,23.180649654283165,homogeneous,1.0,none,0.5,T1_homogeneous_none,G0138_T1_homogeneous_none
G0138,20260821,137,1.0803162166456113,1.9283397777897793,0.4998563049451077,0.011040102851896307,23.180649654283165,graded_two_layer,1.8,fine_hot,0.5,T2_graded_two_layer_fine_hot,G0138_T2_graded_two_layer_fine_hot
G0138,20260821,137,1.0803162166456113,1.9283397777897793,0.4998563049451077,0.011040102851896307,23.180649654283165,graded_two_layer,1.8,coarse_hot,0.5,T3_graded_two_layer_coarse_hot,G0138_T3_graded_two_layer_coarse_hot
G0139,20260821,138,0.9609811138244118,1.385372164301226,0.480207759641215,0.009609128675983162,24.57181605514692,homogeneous,1.0,none,0.5,T1_homogeneous_none,G0139_T1_homogeneous_none
G0139,20260821,138,0.9609811138244118,1.385372164301226,0.480207759641215,0.009609128675983162,24.57181605514692,graded_two_layer,1.8,fine_hot,0.5,T2_graded_two_layer_fine_hot,G0139_T2_graded_two_layer_fine_hot
G0139,20260821,138,0.9609811138244118,1.385372164301226,0.480207759641215,0.009609128675983162,24.57181605514692,graded_two_layer,1.8,coarse_hot,0.5,T3_graded_two_layer_coarse_hot,G0139_T3_graded_two_layer_coarse_hot
G0140,20260821,139,0.9860393334290563,1.2785357095202317,0.5147037558644055,0.010915611493300314,23.013707771657195,homogeneous,1.0,none,0.5,T1_homogeneous_none,G0140_T1_homogeneous_none
G0140,20260821,139,0.9860393334290563,1.2785357095202317,0.5147037558644055,0.010915611493300314,23.013707771657195,graded_two_layer,1.8,fine_hot,0.5,T2_graded_two_layer_fine_hot,G0140_T2_graded_two_layer_fine_hot
G0140,20260821,139,0.9860393334290563,1.2785357095202317,0.5147037558644055,0.010915611493300314,23.013707771657195,graded_two_layer,1.8,coarse_hot,0.5,T3_graded_two_layer_coarse_hot,G0140_T3_graded_two_layer_coarse_hot
G0141,20260821,140,1.0121014503775712,2.1182038272633545,0.5659845236895019,0.014099988138144125,22.288058428716937,homogeneous,1.0,none,0.5,T1_homogeneous_none,G0141_T1_homogeneous_none
G0141,20260821,140,1.0121014503775712,2.1182038272633545,0.5659845236895019,0.014099988138144125,22.288058428716937,graded_two_layer,1.8,fine_hot,0.5,T2_graded_two_layer_fine_hot,G0141_T2_graded_two_layer_fine_hot
G0141,20260821,140,1.0121014503775712,2.1182038272633545,0.5659845236895019,0.014099988138144125,22.288058428716937,graded_two_layer,1.8,coarse_hot,0.5,T3_graded_two_layer_coarse_hot,G0141_T3_graded_two_layer_coarse_hot
G0142,20260821,141,1.0430178617256298,1.086531905354817,0.4544624037122134,0.009006428012047322,23.395003154797074,homogeneous,1.0,none,0.5,T1_homogeneous_none,G0142_T1_homogeneous_none
G0142,20260821,141,1.0430178617256298,1.086531905354817,0.4544624037122134,0.009006428012047322,23.395003154797074,graded_two_layer,1.8,fine_hot,0.5,T2_graded_two_layer_fine_hot,G0142_T2_graded_two_layer_fine_hot
G0142,20260821,141,1.0430178617256298,1.086531905354817,0.4544624037122134,0.009006428012047322,23.395003154797074,graded_two_layer,1.8,coarse_hot,0.5,T3_graded_two_layer_coarse_hot,G0142_T3_graded_two_layer_coarse_hot
G0143,20260821,142,0.7677515944213668,1.1179211219535912,0.5742865761248488,0.01231498977133105,19.596109724888493,homogeneous,1.0,none,0.5,T1_homogeneous_none,G0143_T1_homogeneous_none
G0143,20260821,142,0.7677515944213668,1.1179211219535912,0.5742865761248488,0.01231498977133105,19.596109724888493,graded_two_layer,1.8,fine_hot,0.5,T2_graded_two_layer_fine_hot,G0143_T2_graded_two_layer_fine_hot
G0143,20260821,142,0.7677515944213668,1.1179211219535912,0.5742865761248488,0.01231498977133105,19.596109724888493,graded_two_layer,1.8,coarse_hot,0.5,T3_graded_two_layer_coarse_hot,G0143_T3_graded_two_layer_coarse_hot
G0144,20260821,143,0.6559662173445461,1.6199074761052898,0.4790028346055991,0.008807233149252207,17.756209178581543,homogeneous,1.0,none,0.5,T1_homogeneous_none,G0144_T1_homogeneous_none
G0144,20260821,143,0.6559662173445461,1.6199074761052898,0.4790028346055991,0.008807233149252207,17.756209178581543,graded_two_layer,1.8,fine_hot,0.5,T2_graded_two_layer_fine_hot,G0144_T2_graded_two_layer_fine_hot
G0144,20260821,143,0.6559662173445461,1.6199074761052898,0.4790028346055991,0.008807233149252207,17.756209178581543,graded_two_layer,1.8,coarse_hot,0.5,T3_graded_two_layer_coarse_hot,G0144_T3_graded_two_layer_coarse_hot
G0145,20260821,144,1.076252485945925,2.135329535409115,0.4726551588987681,0.014881988891138991,12.278705796009584,homogeneous,1.0,none,0.5,T1_homogeneous_none,G0145_T1_homogeneous_none
G0145,20260821,144,1.076252485945925,2.135329535409115,0.4726551588987681,0.014881988891138991,12.278705796009584,graded_two_layer,1.8,fine_hot,0.5,T2_graded_two_layer_fine_hot,G0145_T2_graded_two_layer_fine_hot
G0145,20260821,144,1.076252485945925,2.135329535409115,0.4726551588987681,0.014881988891138991,12.278705796009584,graded_two_layer,1.8,coarse_hot,0.5,T3_graded_two_layer_coarse_hot,G0145_T3_graded_two_layer_coarse_hot
G0146,20260821,145,1.0042772908158988,1.6780986660463793,0.4923959163735304,0.013896738315465125,11.552870403746592,homogeneous,1.0,none,0.5,T1_homogeneous_none,G0146_T1_homogeneous_none
G0146,20260821,145,1.0042772908158988,1.6780986660463793,0.4923959163735304,0.013896738315465125,11.552870403746592,graded_two_layer,1.8,fine_hot,0.5,T2_graded_two_layer_fine_hot,G0146_T2_graded_two_layer_fine_hot
G0146,20260821,145,1.0042772908158988,1.6780986660463793,0.4923959163735304,0.013896738315465125,11.552870403746592,graded_two_layer,1.8,coarse_hot,0.5,T3_graded_two_layer_coarse_hot,G0146_T3_graded_two_layer_coarse_hot
G0147,20260821,146,0.9036625561306157,1.517181570665509,0.5642729960253183,0.0113869754409811,21.03840524164856,homogeneous,1.0,none,0.5,T1_homogeneous_none,G0147_T1_homogeneous_none
G0147,20260821,146,0.9036625561306157,1.517181570665509,0.5642729960253183,0.0113869754409811,21.03840524164856,graded_two_layer,1.8,fine_hot,0.5,T2_graded_two_layer_fine_hot,G0147_T2_graded_two_layer_fine_hot
G0147,20260821,146,0.9036625561306157,1.517181570665509,0.5642729960253183,0.0113869754409811,21.03840524164856,graded_two_layer,1.8,coarse_hot,0.5,T3_graded_two_layer_coarse_hot,G0147_T3_graded_two_layer_coarse_hot
G0148,20260821,147,1.1397685535725965,1.6405930262460213,0.42560285163160166,0.01667678345298948,13.664328311924113,homogeneous,1.0,none,0.5,T1_homogeneous_none,G0148_T1_homogeneous_none
G0148,20260821,147,1.1397685535725965,1.6405930262460213,0.42560285163160166,0.01667678345298948,13.664328311924113,graded_two_layer,1.8,fine_hot,0.5,T2_graded_two_layer_fine_hot,G0148_T2_graded_two_layer_fine_hot
G0148,20260821,147,1.1397685535725965,1.6405930262460213,0.42560285163160166,0.01667678345298948,13.664328311924113,graded_two_layer,1.8,coarse_hot,0.5,T3_graded_two_layer_coarse_hot,G0148_T3_graded_two_layer_coarse_hot
G0149,20260821,148,0.8446405866051385,1.132252495736288,0.5043755059614436,0.012136256406494456,13.236340747867,homogeneous,1.0,none,0.5,T1_homogeneous_none,G0149_T1_homogeneous_none
G0149,20260821,148,0.8446405866051385,1.132252495736288,0.5043755059614436,0.012136256406494456,13.236340747867,graded_two_layer,1.8,fine_hot,0.5,T2_graded_two_layer_fine_hot,G0149_T2_graded_two_layer_fine_hot
G0149,20260821,148,0.8446405866051385,1.132252495736288,0.5043755059614436,0.012136256406494456,13.236340747867,graded_two_layer,1.8,coarse_hot,0.5,T3_graded_two_layer_coarse_hot,G0149_T3_graded_two_layer_coarse_hot
G0150,20260821,149,0.9499102828442839,1.7557048164235631,0.5227174468048057,0.013246772381548503,21.432877311886728,homogeneous,1.0,none,0.5,T1_homogeneous_none,G0150_T1_homogeneous_none
G0150,20260821,149,0.9499102828442839,1.7557048164235631,0.5227174468048057,0.013246772381548503,21.432877311886728,graded_two_layer,1.8,fine_hot,0.5,T2_graded_two_layer_fine_hot,G0150_T2_graded_two_layer_fine_hot
G0150,20260821,149,0.9499102828442839,1.7557048164235631,0.5227174468048057,0.013246772381548503,21.432877311886728,graded_two_layer,1.8,coarse_hot,0.5,T3_graded_two_layer_coarse_hot,G0150_T3_graded_two_layer_coarse_hot
G0151,20260821,150,1.046910877857499,1.3230894019930353,0.45541176014312534,0.00992895541754715,22.54128606318114,homogeneous,1.0,none,0.5,T1_homogeneous_none,G0151_T1_homogeneous_none
G0151,20260821,150,1.046910877857499,1.3230894019930353,0.45541176014312534,0.00992895541754715,22.54128606318114,graded_two_layer,1.8,fine_hot,0.5,T2_graded_two_layer_fine_hot,G0151_T2_graded_two_layer_fine_hot
G0151,20260821,150,1.046910877857499,1.3230894019930353,0.45541176014312534,0.00992895541754715,22.54128606318114,graded_two_layer,1.8,coarse_hot,0.5,T3_graded_two_layer_coarse_hot,G0151_T3_graded_two_layer_coarse_hot
G0152,20260821,151,0.8273293996877319,1.6498668259636642,0.50172949438037,0.016947962681439735,17.064855914226392,homogeneous,1.0,none,0.5,T1_homogeneous_none,G0152_T1_homogeneous_none
G0152,20260821,151,0.8273293996877319,1.6498668259636642,0.50172949438037,0.016947962681439735,17.064855914226392,graded_two_layer,1.8,fine_hot,0.5,T2_graded_two_layer_fine_hot,G0152_T2_graded_two_layer_fine_hot
G0152,20260821,151,0.8273293996877319,1.6498668259636642,0.50172949438037,0.016947962681439735,17.064855914226392,graded_two_layer,1.8,coarse_hot,0.5,T3_graded_two_layer_coarse_hot,G0152_T3_graded_two_layer_coarse_hot
G0153,20260821,152,0.862502036357767,2.1151340988166565,0.5785416127133323,0.01414664480487752,22.594201892539225,homogeneous,1.0,none,0.5,T1_homogeneous_none,G0153_T1_homogeneous_none
G0153,20260821,152,0.862502036357767,2.1151340988166565,0.5785416127133323,0.01414664480487752,22.594201892539225,graded_two_layer,1.8,fine_hot,0.5,T2_graded_two_layer_fine_hot,G0153_T2_graded_two_layer_fine_hot
G0153,20260821,152,0.862502036357767,2.1151340988166565,0.5785416127133323,0.01414664480487752,22.594201892539225,graded_two_layer,1.8,coarse_hot,0.5,T3_graded_two_layer_coarse_hot,G0153_T3_graded_two_layer_coarse_hot
G0154,20260821,153,0.957618470463014,2.1805495141338955,0.5363390338657261,0.01229049679129943,11.52342873481799,homogeneous,1.0,none,0.5,T1_homogeneous_none,G0154_T1_homogeneous_none
G0154,20260821,153,0.957618470463014,2.1805495141338955,0.5363390338657261,0.01229049679129943,11.52342873481799,graded_two_layer,1.8,fine_hot,0.5,T2_graded_two_layer_fine_hot,G0154_T2_graded_two_layer_fine_hot
G0154,20260821,153,0.957618470463014,2.1805495141338955,0.5363390338657261,0.01229049679129943,11.52342873481799,graded_two_layer,1.8,coarse_hot,0.5,T3_graded_two_layer_coarse_hot,G0154_T3_graded_two_layer_coarse_hot
G0155,20260821,154,1.0230238810502041,1.561112785554047,0.4982926809008147,0.011672435946440015,25.546030968897742,homogeneous,1.0,none,0.5,T1_homogeneous_none,G0155_T1_homogeneous_none
G0155,20260821,154,1.0230238810502041,1.561112785554047,0.4982926809008147,0.011672435946440015,25.546030968897742,graded_two_layer,1.8,fine_hot,0.5,T2_graded_two_layer_fine_hot,G0155_T2_graded_two_layer_fine_hot
G0155,20260821,154,1.0230238810502041,1.561112785554047,0.4982926809008147,0.011672435946440015,25.546030968897742,graded_two_layer,1.8,coarse_hot,0.5,T3_graded_two_layer_coarse_hot,G0155_T3_graded_two_layer_coarse_hot
G0156,20260821,155,1.1127588196834475,1.4926044693556706,0.4456604147419796,0.014049077406314649,21.570433556539356,homogeneous,1.0,none,0.5,T1_homogeneous_none,G0156_T1_homogeneous_none
G0156,20260821,155,1.1127588196834475,1.4926044693556706,0.4456604147419796,0.014049077406314649,21.570433556539356,graded_two_layer,1.8,fine_hot,0.5,T2_graded_two_layer_fine_hot,G0156_T2_graded_two_layer_fine_hot
G0156,20260821,155,1.1127588196834475,1.4926044693556706,0.4456604147419796,0.014049077406314649,21.570433556539356,graded_two_layer,1.8,coarse_hot,0.5,T3_graded_two_layer_coarse_hot,G0156_T3_graded_two_layer_coarse_hot
G0157,20260821,156,0.9660909713264797,1.7125114298009856,0.5622752936108463,0.016295951435386334,14.802696384113055,homogeneous,1.0,none,0.5,T1_homogeneous_none,G0157_T1_homogeneous_none
G0157,20260821,156,0.9660909713264797,1.7125114298009856,0.5622752936108463,0.016295951435386334,14.802696384113055,graded_two_layer,1.8,fine_hot,0.5,T2_graded_two_layer_fine_hot,G0157_T2_graded_two_layer_fine_hot
G0157,20260821,156,0.9660909713264797,1.7125114298009856,0.5622752936108463,0.016295951435386334,14.802696384113055,graded_two_layer,1.8,coarse_hot,0.5,T3_graded_two_layer_coarse_hot,G0157_T3_graded_two_layer_coarse_hot
G0158,20260821,157,0.7395887176399081,1.6590775670382927,0.5219934154702193,0.01966468585632388,18.237450377079007,homogeneous,1.0,none,0.5,T1_homogeneous_none,G0158_T1_homogeneous_none
G0158,20260821,157,0.7395887176399081,1.6590775670382927,0.5219934154702193,0.01966468585632388,18.237450377079007,graded_two_layer,1.8,fine_hot,0.5,T2_graded_two_layer_fine_hot,G0158_T2_graded_two_layer_fine_hot
G0158,20260821,157,0.7395887176399081,1.6590775670382927,0.5219934154702193,0.01966468585632388,18.237450377079007,graded_two_layer,1.8,coarse_hot,0.5,T3_graded_two_layer_coarse_hot,G0158_T3_graded_two_layer_coarse_hot
G0159,20260821,158,1.023893376336005,1.4264340324060365,0.508262893929352,0.010902549953723101,20.331837657695885,homogeneous,1.0,none,0.5,T1_homogeneous_none,G0159_T1_homogeneous_none
G0159,20260821,158,1.023893376336005,1.4264340324060365,0.508262893929352,0.010902549953723101,20.331837657695885,graded_two_layer,1.8,fine_hot,0.5,T2_graded_two_layer_fine_hot,G0159_T2_graded_two_layer_fine_hot
G0159,20260821,158,1.023893376336005,1.4264340324060365,0.508262893929352,0.010902549953723101,20.331837657695885,graded_two_layer,1.8,coarse_hot,0.5,T3_graded_two_layer_coarse_hot,G0159_T3_graded_two_layer_coarse_hot
G0160,20260821,159,0.9700603825062629,1.5304956378246135,0.4655555361369489,0.011801922989917217,16.698919617799543,homogeneous,1.0,none,0.5,T1_homogeneous_none,G0160_T1_homogeneous_none
G0160,20260821,159,0.9700603825062629,1.5304956378246135,0.4655555361369489,0.011801922989917217,16.698919617799543,graded_two_layer,1.8,fine_hot,0.5,T2_graded_two_layer_fine_hot,G0160_T2_graded_two_layer_fine_hot
G0160,20260821,159,0.9700603825062629,1.5304956378246135,0.4655555361369489,0.011801922989917217,16.698919617799543,graded_two_layer,1.8,coarse_hot,0.5,T3_graded_two_layer_coarse_hot,G0160_T3_graded_two_layer_coarse_hot
G0161,20260821,160,1.1101459854195335,1.2887004219486196,0.42406249681684327,0.009529083380123992,17.910903378666,homogeneous,1.0,none,0.5,T1_homogeneous_none,G0161_T1_homogeneous_none
G0161,20260821,160,1.1101459854195335,1.2887004219486196,0.42406249681684327,0.009529083380123992,17.910903378666,graded_two_layer,1.8,fine_hot,0.5,T2_graded_two_layer_fine_hot,G0161_T2_graded_two_layer_fine_hot
G0161,20260821,160,1.1101459854195335,1.2887004219486196,0.42406249681684327,0.009529083380123992,17.910903378666,graded_two_layer,1.8,coarse_hot,0.5,T3_graded_two_layer_coarse_hot,G0161_T3_graded_two_layer_coarse_hot
G0162,20260821,161,0.9441245590604634,1.4161899852273376,0.42698266139052315,0.019542258192411552,25.066804415704308,homogeneous,1.0,none,0.5,T1_homogeneous_none,G0162_T1_homogeneous_none
G0162,20260821,161,0.9441245590604634,1.4161899852273376,0.42698266139052315,0.019542258192411552,25.066804415704308,graded_two_layer,1.8,fine_hot,0.5,T2_graded_two_layer_fine_hot,G0162_T2_graded_two_layer_fine_hot
G0162,20260821,161,0.9441245590604634,1.4161899852273376,0.42698266139052315,0.019542258192411552,25.066804415704308,graded_two_layer,1.8,coarse_hot,0.5,T3_graded_two_layer_coarse_hot,G0162_T3_graded_two_layer_coarse_hot
G0163,20260821,162,0.7559306346158262,1.724553881699466,0.552787414963731,0.018689083416892356,15.184796795431101,homogeneous,1.0,none,0.5,T1_homogeneous_none,G0163_T1_homogeneous_none
G0163,20260821,162,0.7559306346158262,1.724553881699466,0.552787414963731,0.018689083416892356,15.184796795431101,graded_two_layer,1.8,fine_hot,0.5,T2_graded_two_layer_fine_hot,G0163_T2_graded_two_layer_fine_hot
G0163,20260821,162,0.7559306346158262,1.724553881699466,0.552787414963731,0.018689083416892356,15.184796795431101,graded_two_layer,1.8,coarse_hot,0.5,T3_graded_two_layer_coarse_hot,G0163_T3_graded_two_layer_coarse_hot
G0164,20260821,163,0.8456263292222586,1.9384854535785006,0.5299682294379834,0.018350204628717812,14.23171237445963,homogeneous,1.0,none,0.5,T1_homogeneous_none,G0164_T1_homogeneous_none
G0164,20260821,163,0.8456263292222586,1.9384854535785006,0.5299682294379834,0.018350204628717812,14.23171237445963,graded_two_layer,1.8,fine_hot,0.5,T2_graded_two_layer_fine_hot,G0164_T2_graded_two_layer_fine_hot
G0164,20260821,163,0.8456263292222586,1.9384854535785006,0.5299682294379834,0.018350204628717812,14.23171237445963,graded_two_layer,1.8,coarse_hot,0.5,T3_graded_two_layer_coarse_hot,G0164_T3_graded_two_layer_coarse_hot
G0165,20260821,164,0.8794324224066514,1.1754641069679124,0.5604981700619973,0.018657729022539697,10.397852978982872,homogeneous,1.0,none,0.5,T1_homogeneous_none,G0165_T1_homogeneous_none
G0165,20260821,164,0.8794324224066514,1.1754641069679124,0.5604981700619973,0.018657729022539697,10.397852978982872,graded_two_layer,1.8,fine_hot,0.5,T2_graded_two_layer_fine_hot,G0165_T2_graded_two_layer_fine_hot
G0165,20260821,164,0.8794324224066514,1.1754641069679124,0.5604981700619973,0.018657729022539697,10.397852978982872,graded_two_layer,1.8,coarse_hot,0.5,T3_graded_two_layer_coarse_hot,G0165_T3_graded_two_layer_coarse_hot
G0166,20260821,165,0.6524463390103228,1.8222686495946663,0.46372293062733166,0.010660396825521988,24.44536554770706,homogeneous,1.0,none,0.5,T1_homogeneous_none,G0166_T1_homogeneous_none
G0166,20260821,165,0.6524463390103228,1.8222686495946663,0.46372293062733166,0.010660396825521988,24.44536554770706,graded_two_layer,1.8,fine_hot,0.5,T2_graded_two_layer_fine_hot,G0166_T2_graded_two_layer_fine_hot
G0166,20260821,165,0.6524463390103228,1.8222686495946663,0.46372293062733166,0.010660396825521988,24.44536554770706,graded_two_layer,1.8,coarse_hot,0.5,T3_graded_two_layer_coarse_hot,G0166_T3_graded_two_layer_coarse_hot
G0167,20260821,166,0.7051274532427025,1.695793648504595,0.5302870048285602,0.011529450965298104,22.791555795376116,homogeneous,1.0,none,0.5,T1_homogeneous_none,G0167_T1_homogeneous_none
G0167,20260821,166,0.7051274532427025,1.695793648504595,0.5302870048285602,0.011529450965298104,22.791555795376116,graded_two_layer,1.8,fine_hot,0.5,T2_graded_two_layer_fine_hot,G0167_T2_graded_two_layer_fine_hot
G0167,20260821,166,0.7051274532427025,1.695793648504595,0.5302870048285602,0.011529450965298104,22.791555795376116,graded_two_layer,1.8,coarse_hot,0.5,T3_graded_two_layer_coarse_hot,G0167_T3_graded_two_layer_coarse_hot
G0168,20260821,167,0.7490988961537024,1.2491271397160881,0.4308580597701043,0.009649661390614957,16.341388482805087,homogeneous,1.0,none,0.5,T1_homogeneous_none,G0168_T1_homogeneous_none
G0168,20260821,167,0.7490988961537024,1.2491271397160881,0.4308580597701043,0.009649661390614957,16.341388482805087,graded_two_layer,1.8,fine_hot,0.5,T2_graded_two_layer_fine_hot,G0168_T2_graded_two_layer_fine_hot
G0168,20260821,167,0.7490988961537024,1.2491271397160881,0.4308580597701043,0.009649661390614957,16.341388482805087,graded_two_layer,1.8,coarse_hot,0.5,T3_graded_two_layer_coarse_hot,G0168_T3_graded_two_layer_coarse_hot
G0169,20260821,168,0.6578542149722102,1.4978206389862585,0.5393664188353972,0.018558645795867766,13.997870501986494,homogeneous,1.0,none,0.5,T1_homogeneous_none,G0169_T1_homogeneous_none
G0169,20260821,168,0.6578542149722102,1.4978206389862585,0.5393664188353972,0.018558645795867766,13.997870501986494,graded_two_layer,1.8,fine_hot,0.5,T2_graded_two_layer_fine_hot,G0169_T2_graded_two_layer_fine_hot
G0169,20260821,168,0.6578542149722102,1.4978206389862585,0.5393664188353972,0.018558645795867766,13.997870501986494,graded_two_layer,1.8,coarse_hot,0.5,T3_graded_two_layer_coarse_hot,G0169_T3_graded_two_layer_coarse_hot
G0170,20260821,169,1.052796017978543,2.1983714732713002,0.508032375077532,0.008614717245020193,12.351504364910708,homogeneous,1.0,none,0.5,T1_homogeneous_none,G0170_T1_homogeneous_none
G0170,20260821,169,1.052796017978543,2.1983714732713002,0.508032375077532,0.008614717245020193,12.351504364910708,graded_two_layer,1.8,fine_hot,0.5,T2_graded_two_layer_fine_hot,G0170_T2_graded_two_layer_fine_hot
G0170,20260821,169,1.052796017978543,2.1983714732713002,0.508032375077532,0.008614717245020193,12.351504364910708,graded_two_layer,1.8,coarse_hot,0.5,T3_graded_two_layer_coarse_hot,G0170_T3_graded_two_layer_coarse_hot
G0171,20260821,170,0.7081693468442384,1.1889729406169578,0.5138767854235675,0.019757405489143655,25.24452804345959,homogeneous,1.0,none,0.5,T1_homogeneous_none,G0171_T1_homogeneous_none
G0171,20260821,170,0.7081693468442384,1.1889729406169578,0.5138767854235675,0.019757405489143655,25.24452804345959,graded_two_layer,1.8,fine_hot,0.5,T2_graded_two_layer_fine_hot,G0171_T2_graded_two_layer_fine_hot
G0171,20260821,170,0.7081693468442384,1.1889729406169578,0.5138767854235675,0.019757405489143655,25.24452804345959,graded_two_layer,1.8,coarse_hot,0.5,T3_graded_two_layer_coarse_hot,G0171_T3_graded_two_layer_coarse_hot
G0172,20260821,171,1.000516960242316,1.748793590076661,0.5054263311577863,0.015009836741672226,25.743242653117665,homogeneous,1.0,none,0.5,T1_homogeneous_none,G0172_T1_homogeneous_none
G0172,20260821,171,1.000516960242316,1.748793590076661,0.5054263311577863,0.015009836741672226,25.743242653117665,graded_two_layer,1.8,fine_hot,0.5,T2_graded_two_layer_fine_hot,G0172_T2_graded_two_layer_fine_hot
G0172,20260821,171,1.000516960242316,1.748793590076661,0.5054263311577863,0.015009836741672226,25.743242653117665,graded_two_layer,1.8,coarse_hot,0.5,T3_graded_two_layer_coarse_hot,G0172_T3_graded_two_layer_coarse_hot
G0173,20260821,172,0.9475399788378576,1.7300042227955563,0.4897129174700189,0.009267413148896968,19.44526039055541,homogeneous,1.0,none,0.5,T1_homogeneous_none,G0173_T1_homogeneous_none
G0173,20260821,172,0.9475399788378576,1.7300042227955563,0.4897129174700189,0.009267413148896968,19.44526039055541,graded_two_layer,1.8,fine_hot,0.5,T2_graded_two_layer_fine_hot,G0173_T2_graded_two_layer_fine_hot
G0173,20260821,172,0.9475399788378576,1.7300042227955563,0.4897129174700189,0.009267413148896968,19.44526039055541,graded_two_layer,1.8,coarse_hot,0.5,T3_graded_two_layer_coarse_hot,G0173_T3_graded_two_layer_coarse_hot
G0174,20260821,173,1.0944503647597972,1.4405263353483395,0.46995067526940787,0.008256125993808244,12.490495033095163,homogeneous,1.0,none,0.5,T1_homogeneous_none,G0174_T1_homogeneous_none
G0174,20260821,173,1.0944503647597972,1.4405263353483395,0.46995067526940787,0.008256125993808244,12.490495033095163,graded_two_layer,1.8,fine_hot,0.5,T2_graded_two_layer_fine_hot,G0174_T2_graded_two_layer_fine_hot
G0174,20260821,173,1.0944503647597972,1.4405263353483395,0.46995067526940787,0.008256125993808244,12.490495033095163,graded_two_layer,1.8,coarse_hot,0.5,T3_graded_two_layer_coarse_hot,G0174_T3_graded_two_layer_coarse_hot
G0175,20260821,174,0.8002293606683215,1.635382205834237,0.4332438823013369,0.008206709237963022,22.430731426630356,homogeneous,1.0,none,0.5,T1_homogeneous_none,G0175_T1_homogeneous_none
G0175,20260821,174,0.8002293606683215,1.635382205834237,0.4332438823013369,0.008206709237963022,22.430731426630356,graded_two_layer,1.8,fine_hot,0.5,T2_graded_two_layer_fine_hot,G0175_T2_graded_two_layer_fine_hot
G0175,20260821,174,0.8002293606683215,1.635382205834237,0.4332438823013369,0.008206709237963022,22.430731426630356,graded_two_layer,1.8,coarse_hot,0.5,T3_graded_two_layer_coarse_hot,G0175_T3_graded_two_layer_coarse_hot
G0176,20260821,175,0.7001237361575408,1.36136890852169,0.5627723241571397,0.012107366788884378,11.351606339876833,homogeneous,1.0,none,0.5,T1_homogeneous_none,G0176_T1_homogeneous_none
G0176,20260821,175,0.7001237361575408,1.36136890852169,0.5627723241571397,0.012107366788884378,11.351606339876833,graded_two_layer,1.8,fine_hot,0.5,T2_graded_two_layer_fine_hot,G0176_T2_graded_two_layer_fine_hot
G0176,20260821,175,0.7001237361575408,1.36136890852169,0.5627723241571397,0.012107366788884378,11.351606339876833,graded_two_layer,1.8,coarse_hot,0.5,T3_graded_two_layer_coarse_hot,G0176_T3_graded_two_layer_coarse_hot
G0177,20260821,176,0.720581724532021,1.4592750760767443,0.42771094846355995,0.017867995214571768,11.147018159954648,homogeneous,1.0,none,0.5,T1_homogeneous_none,G0177_T1_homogeneous_none
G0177,20260821,176,0.720581724532021,1.4592750760767443,0.42771094846355995,0.017867995214571768,11.147018159954648,graded_two_layer,1.8,fine_hot,0.5,T2_graded_two_layer_fine_hot,G0177_T2_graded_two_layer_fine_hot
G0177,20260821,176,0.720581724532021,1.4592750760767443,0.42771094846355995,0.017867995214571768,11.147018159954648,graded_two_layer,1.8,coarse_hot,0.5,T3_graded_two_layer_coarse_hot,G0177_T3_graded_two_layer_coarse_hot
G0178,20260821,177,1.085899714104345,1.5870072459865847,0.49355577748469864,0.009547719367074272,14.135996207055243,homogeneous,1.0,none,0.5,T1_homogeneous_none,G0178_T1_homogeneous_none
G0178,20260821,177,1.085899714104345,1.5870072459865847,0.49355577748469864,0.009547719367074272,14.135996207055243,graded_two_layer,1.8,fine_hot,0.5,T2_graded_two_layer_fine_hot,G0178_T2_graded_two_layer_fine_hot
G0178,20260821,177,1.085899714104345,1.5870072459865847,0.49355577748469864,0.009547719367074272,14.135996207055243,graded_two_layer,1.8,coarse_hot,0.5,T3_graded_two_layer_coarse_hot,G0178_T3_graded_two_layer_coarse_hot
G0179,20260821,178,0.9018638277014095,1.0910509786530596,0.5494446345185127,0.012674105115976032,13.905302079242148,homogeneous,1.0,none,0.5,T1_homogeneous_none,G0179_T1_homogeneous_none
G0179,20260821,178,0.9018638277014095,1.0910509786530596,0.5494446345185127,0.012674105115976032,13.905302079242148,graded_two_layer,1.8,fine_hot,0.5,T2_graded_two_layer_fine_hot,G0179_T2_graded_two_layer_fine_hot
G0179,20260821,178,0.9018638277014095,1.0910509786530596,0.5494446345185127,0.012674105115976032,13.905302079242148,graded_two_layer,1.8,coarse_hot,0.5,T3_graded_two_layer_coarse_hot,G0179_T3_graded_two_layer_coarse_hot
G0180,20260821,179,0.7927483935654287,1.6427181896574614,0.5123112099673793,0.019707663188898772,23.797857759259266,homogeneous,1.0,none,0.5,T1_homogeneous_none,G0180_T1_homogeneous_none
G0180,20260821,179,0.7927483935654287,1.6427181896574614,0.5123112099673793,0.019707663188898772,23.797857759259266,graded_two_layer,1.8,fine_hot,0.5,T2_graded_two_layer_fine_hot,G0180_T2_graded_two_layer_fine_hot
G0180,20260821,179,0.7927483935654287,1.6427181896574614,0.5123112099673793,0.019707663188898772,23.797857759259266,graded_two_layer,1.8,coarse_hot,0.5,T3_graded_two_layer_coarse_hot,G0180_T3_graded_two_layer_coarse_hot
G0181,20260821,180,0.872384758461192,2.040804172077123,0.5698333753008791,0.011778197281471349,11.682830992341408,homogeneous,1.0,none,0.5,T1_homogeneous_none,G0181_T1_homogeneous_none
G0181,20260821,180,0.872384758461192,2.040804172077123,0.5698333753008791,0.011778197281471349,11.682830992341408,graded_two_layer,1.8,fine_hot,0.5,T2_graded_two_layer_fine_hot,G0181_T2_graded_two_layer_fine_hot
G0181,20260821,180,0.872384758461192,2.040804172077123,0.5698333753008791,0.011778197281471349,11.682830992341408,graded_two_layer,1.8,coarse_hot,0.5,T3_graded_two_layer_coarse_hot,G0181_T3_graded_two_layer_coarse_hot
G0182,20260821,181,0.823662849264062,1.7851072923478013,0.5199087956315939,0.018484897426401286,25.106311062283144,homogeneous,1.0,none,0.5,T1_homogeneous_none,G0182_T1_homogeneous_none
G0182,20260821,181,0.823662849264062,1.7851072923478013,0.5199087956315939,0.018484897426401286,25.106311062283144,graded_two_layer,1.8,fine_hot,0.5,T2_graded_two_layer_fine_hot,G0182_T2_graded_two_layer_fine_hot
G0182,20260821,181,0.823662849264062,1.7851072923478013,0.5199087956315939,0.018484897426401286,25.106311062283144,graded_two_layer,1.8,coarse_hot,0.5,T3_graded_two_layer_coarse_hot,G0182_T3_graded_two_layer_coarse_hot
G0183,20260821,182,0.9218966360847647,1.780340700903447,0.4925632553614586,0.008908160952628287,11.648828278109294,homogeneous,1.0,none,0.5,T1_homogeneous_none,G0183_T1_homogeneous_none
G0183,20260821,182,0.9218966360847647,1.780340700903447,0.4925632553614586,0.008908160952628287,11.648828278109294,graded_two_layer,1.8,fine_hot,0.5,T2_graded_two_layer_fine_hot,G0183_T2_graded_two_layer_fine_hot
G0183,20260821,182,0.9218966360847647,1.780340700903447,0.4925632553614586,0.008908160952628287,11.648828278109294,graded_two_layer,1.8,coarse_hot,0.5,T3_graded_two_layer_coarse_hot,G0183_T3_graded_two_layer_coarse_hot
G0184,20260821,183,0.8407541146807479,1.9355054383151218,0.5470496966734363,0.008598923734162482,19.671740937018882,homogeneous,1.0,none,0.5,T1_homogeneous_none,G0184_T1_homogeneous_none
G0184,20260821,183,0.8407541146807479,1.9355054383151218,0.5470496966734363,0.008598923734162482,19.671740937018882,graded_two_layer,1.8,fine_hot,0.5,T2_graded_two_layer_fine_hot,G0184_T2_graded_two_layer_fine_hot
G0184,20260821,183,0.8407541146807479,1.9355054383151218,0.5470496966734363,0.008598923734162482,19.671740937018882,graded_two_layer,1.8,coarse_hot,0.5,T3_graded_two_layer_coarse_hot,G0184_T3_graded_two_layer_coarse_hot
G0185,20260821,184,1.1062450469410217,1.9724480977365904,0.5546489956755987,0.017471209112841952,9.746865416828339,homogeneous,1.0,none,0.5,T1_homogeneous_none,G0185_T1_homogeneous_none
G0185,20260821,184,1.1062450469410217,1.9724480977365904,0.5546489956755987,0.017471209112841952,9.746865416828339,graded_two_layer,1.8,fine_hot,0.5,T2_graded_two_layer_fine_hot,G0185_T2_graded_two_layer_fine_hot
G0185,20260821,184,1.1062450469410217,1.9724480977365904,0.5546489956755987,0.017471209112841952,9.746865416828339,graded_two_layer,1.8,coarse_hot,0.5,T3_graded_two_layer_coarse_hot,G0185_T3_graded_two_layer_coarse_hot
G0186,20260821,185,0.6751904395492365,1.4770678460148141,0.5705882049776213,0.01608371763023311,13.150929149887226,homogeneous,1.0,none,0.5,T1_homogeneous_none,G0186_T1_homogeneous_none
G0186,20260821,185,0.6751904395492365,1.4770678460148141,0.5705882049776213,0.01608371763023311,13.150929149887226,graded_two_layer,1.8,fine_hot,0.5,T2_graded_two_layer_fine_hot,G0186_T2_graded_two_layer_fine_hot
G0186,20260821,185,0.6751904395492365,1.4770678460148141,0.5705882049776213,0.01608371763023311,13.150929149887226,graded_two_layer,1.8,coarse_hot,0.5,T3_graded_two_layer_coarse_hot,G0186_T3_graded_two_layer_coarse_hot
G0187,20260821,186,1.0583613976924462,1.720068989076137,0.4466704483150372,0.011353607086603055,12.64157687600144,homogeneous,1.0,none,0.5,T1_homogeneous_none,G0187_T1_homogeneous_none
G0187,20260821,186,1.0583613976924462,1.720068989076137,0.4466704483150372,0.011353607086603055,12.64157687600144,graded_two_layer,1.8,fine_hot,0.5,T2_graded_two_layer_fine_hot,G0187_T2_graded_two_layer_fine_hot
G0187,20260821,186,1.0583613976924462,1.720068989076137,0.4466704483150372,0.011353607086603055,12.64157687600144,graded_two_layer,1.8,coarse_hot,0.5,T3_graded_two_layer_coarse_hot,G0187_T3_graded_two_layer_coarse_hot
G0188,20260821,187,0.9774696782306445,1.4522540072896253,0.45853464721037296,0.018050793622698198,10.490436337613566,homogeneous,1.0,none,0.5,T1_homogeneous_none,G0188_T1_homogeneous_none
G0188,20260821,187,0.9774696782306445,1.4522540072896253,0.45853464721037296,0.018050793622698198,10.490436337613566,graded_two_layer,1.8,fine_hot,0.5,T2_graded_two_layer_fine_hot,G0188_T2_graded_two_layer_fine_hot
G0188,20260821,187,0.9774696782306445,1.4522540072896253,0.45853464721037296,0.018050793622698198,10.490436337613566,graded_two_layer,1.8,coarse_hot,0.5,T3_graded_two_layer_coarse_hot,G0188_T3_graded_two_layer_coarse_hot
G0189,20260821,188,0.6655643956554312,1.581867875671973,0.4348653249830124,0.010833678228166957,25.91576083408891,homogeneous,1.0,none,0.5,T1_homogeneous_none,G0189_T1_homogeneous_none
G0189,20260821,188,0.6655643956554312,1.581867875671973,0.4348653249830124,0.010833678228166957,25.91576083408891,graded_two_layer,1.8,fine_hot,0.5,T2_graded_two_layer_fine_hot,G0189_T2_graded_two_layer_fine_hot
G0189,20260821,188,0.6655643956554312,1.581867875671973,0.4348653249830124,0.010833678228166957,25.91576083408891,graded_two_layer,1.8,coarse_hot,0.5,T3_graded_two_layer_coarse_hot,G0189_T3_graded_two_layer_coarse_hot
G0190,20260821,189,1.0417635406305377,1.5958178979768052,0.5328627685306816,0.008661251841574392,14.52478168816521,homogeneous,1.0,none,0.5,T1_homogeneous_none,G0190_T1_homogeneous_none
G0190,20260821,189,1.0417635406305377,1.5958178979768052,0.5328627685306816,0.008661251841574392,14.52478168816521,graded_two_layer,1.8,fine_hot,0.5,T2_graded_two_layer_fine_hot,G0190_T2_graded_two_layer_fine_hot
G0190,20260821,189,1.0417635406305377,1.5958178979768052,0.5328627685306816,0.008661251841574392,14.52478168816521,graded_two_layer,1.8,coarse_hot,0.5,T3_graded_two_layer_coarse_hot,G0190_T3_graded_two_layer_coarse_hot
G0191,20260821,190,1.04588536243136,1.4201105881630203,0.4760190626803723,0.011724035485692126,13.316778246315131,homogeneous,1.0,none,0.5,T1_homogeneous_none,G0191_T1_homogeneous_none
G0191,20260821,190,1.04588536243136,1.4201105881630203,0.4760190626803723,0.011724035485692126,13.316778246315131,graded_two_layer,1.8,fine_hot,0.5,T2_graded_two_layer_fine_hot,G0191_T2_graded_two_layer_fine_hot
G0191,20260821,190,1.04588536243136,1.4201105881630203,0.4760190626803723,0.011724035485692126,13.316778246315131,graded_two_layer,1.8,coarse_hot,0.5,T3_graded_two_layer_coarse_hot,G0191_T3_graded_two_layer_coarse_hot
G0192,20260821,191,0.9887595419890627,1.2325814617378716,0.46090811561712053,0.00816447514474546,13.382136741996206,homogeneous,1.0,none,0.5,T1_homogeneous_none,G0192_T1_homogeneous_none
G0192,20260821,191,0.9887595419890627,1.2325814617378716,0.46090811561712053,0.00816447514474546,13.382136741996206,graded_two_layer,1.8,fine_hot,0.5,T2_graded_two_layer_fine_hot,G0192_T2_graded_two_layer_fine_hot
G0192,20260821,191,0.9887595419890627,1.2325814617378716,0.46090811561712053,0.00816447514474546,13.382136741996206,graded_two_layer,1.8,coarse_hot,0.5,T3_graded_two_layer_coarse_hot,G0192_T3_graded_two_layer_coarse_hot
G0193,20260821,192,0.8923485550500354,1.225393476554481,0.4430588283086931,0.01561637587348822,12.379564967920853,homogeneous,1.0,none,0.5,T1_homogeneous_none,G0193_T1_homogeneous_none
G0193,20260821,192,0.8923485550500354,1.225393476554481,0.4430588283086931,0.01561637587348822,12.379564967920853,graded_two_layer,1.8,fine_hot,0.5,T2_graded_two_layer_fine_hot,G0193_T2_graded_two_layer_fine_hot
G0193,20260821,192,0.8923485550500354,1.225393476554481,0.4430588283086931,0.01561637587348822,12.379564967920853,graded_two_layer,1.8,coarse_hot,0.5,T3_graded_two_layer_coarse_hot,G0193_T3_graded_two_layer_coarse_hot
G0194,20260821,193,0.9840459057665989,1.537302831892024,0.44201096437461956,0.00919779533077911,9.158359776112507,homogeneous,1.0,none,0.5,T1_homogeneous_none,G0194_T1_homogeneous_none
G0194,20260821,193,0.9840459057665989,1.537302831892024,0.44201096437461956,0.00919779533077911,9.158359776112507,graded_two_layer,1.8,fine_hot,0.5,T2_graded_two_layer_fine_hot,G0194_T2_graded_two_layer_fine_hot
G0194,20260821,193,0.9840459057665989,1.537302831892024,0.44201096437461956,0.00919779533077911,9.158359776112507,graded_two_layer,1.8,coarse_hot,0.5,T3_graded_two_layer_coarse_hot,G0194_T3_graded_two_layer_coarse_hot
G0195,20260821,194,0.7875599077478124,1.2676002940297293,0.4358169109635391,0.016034631553977982,26.495073108110514,homogeneous,1.0,none,0.5,T1_homogeneous_none,G0195_T1_homogeneous_none
G0195,20260821,194,0.7875599077478124,1.2676002940297293,0.4358169109635391,0.016034631553977982,26.495073108110514,graded_two_layer,1.8,fine_hot,0.5,T2_graded_two_layer_fine_hot,G0195_T2_graded_two_layer_fine_hot
G0195,20260821,194,0.7875599077478124,1.2676002940297293,0.4358169109635391,0.016034631553977982,26.495073108110514,graded_two_layer,1.8,coarse_hot,0.5,T3_graded_two_layer_coarse_hot,G0195_T3_graded_two_layer_coarse_hot
G0196,20260821,195,1.0274858564453564,1.4422470331023816,0.4578843952461741,0.017086643906631227,17.24937119251178,homogeneous,1.0,none,0.5,T1_homogeneous_none,G0196_T1_homogeneous_none
G0196,20260821,195,1.0274858564453564,1.4422470331023816,0.4578843952461741,0.017086643906631227,17.24937119251178,graded_two_layer,1.8,fine_hot,0.5,T2_graded_two_layer_fine_hot,G0196_T2_graded_two_layer_fine_hot
G0196,20260821,195,1.0274858564453564,1.4422470331023816,0.4578843952461741,0.017086643906631227,17.24937119251178,graded_two_layer,1.8,coarse_hot,0.5,T3_graded_two_layer_coarse_hot,G0196_T3_graded_two_layer_coarse_hot
G0197,20260821,196,0.9106572917853182,2.016290105019689,0.5401950909091175,0.010246596134829235,11.892939185995429,homogeneous,1.0,none,0.5,T1_homogeneous_none,G0197_T1_homogeneous_none
G0197,20260821,196,0.9106572917853182,2.016290105019689,0.5401950909091175,0.010246596134829235,11.892939185995429,graded_two_layer,1.8,fine_hot,0.5,T2_graded_two_layer_fine_hot,G0197_T2_graded_two_layer_fine_hot
G0197,20260821,196,0.9106572917853182,2.016290105019689,0.5401950909091175,0.010246596134829235,11.892939185995429,graded_two_layer,1.8,coarse_hot,0.5,T3_graded_two_layer_coarse_hot,G0197_T3_graded_two_layer_coarse_hot
G0198,20260821,197,0.7247804201937955,1.1929457804581203,0.4838222447820306,0.01917208600973159,10.242359218599852,homogeneous,1.0,none,0.5,T1_homogeneous_none,G0198_T1_homogeneous_none
G0198,20260821,197,0.7247804201937955,1.1929457804581203,0.4838222447820306,0.01917208600973159,10.242359218599852,graded_two_layer,1.8,fine_hot,0.5,T2_graded_two_layer_fine_hot,G0198_T2_graded_two_layer_fine_hot
G0198,20260821,197,0.7247804201937955,1.1929457804581203,0.4838222447820306,0.01917208600973159,10.242359218599852,graded_two_layer,1.8,coarse_hot,0.5,T3_graded_two_layer_coarse_hot,G0198_T3_graded_two_layer_coarse_hot
G0199,20260821,198,0.789315959260471,2.193210894895321,0.5510843409276922,0.01594460859562623,16.447061361135464,homogeneous,1.0,none,0.5,T1_homogeneous_none,G0199_T1_homogeneous_none
G0199,20260821,198,0.789315959260471,2.193210894895321,0.5510843409276922,0.01594460859562623,16.447061361135464,graded_two_layer,1.8,fine_hot,0.5,T2_graded_two_layer_fine_hot,G0199_T2_graded_two_layer_fine_hot
G0199,20260821,198,0.789315959260471,2.193210894895321,0.5510843409276922,0.01594460859562623,16.447061361135464,graded_two_layer,1.8,coarse_hot,0.5,T3_graded_two_layer_coarse_hot,G0199_T3_graded_two_layer_coarse_hot
G0200,20260821,199,0.86825401037575,1.0126845530546844,0.5211408605391189,0.008006936811529424,17.428142445756674,homogeneous,1.0,none,0.5,T1_homogeneous_none,G0200_T1_homogeneous_none
G0200,20260821,199,0.86825401037575,1.0126845530546844,0.5211408605391189,0.008006936811529424,17.428142445756674,graded_two_layer,1.8,fine_hot,0.5,T2_graded_two_layer_fine_hot,G0200_T2_graded_two_layer_fine_hot
G0200,20260821,199,0.86825401037575,1.0126845530546844,0.5211408605391189,0.008006936811529424,17.428142445756674,graded_two_layer,1.8,coarse_hot,0.5,T3_graded_two_layer_coarse_hot,G0200_T3_graded_two_layer_coarse_hot
G0201,20260821,200,0.8027469963780265,1.0721380660534283,0.4745773925543337,0.018011529325121425,19.943376903734958,homogeneous,1.0,none,0.5,T1_homogeneous_none,G0201_T1_homogeneous_none
G0201,20260821,200,0.8027469963780265,1.0721380660534283,0.4745773925543337,0.018011529325121425,19.943376903734958,graded_two_layer,1.8,fine_hot,0.5,T2_graded_two_layer_fine_hot,G0201_T2_graded_two_layer_fine_hot
G0201,20260821,200,0.8027469963780265,1.0721380660534283,0.4745773925543337,0.018011529325121425,19.943376903734958,graded_two_layer,1.8,coarse_hot,0.5,T3_graded_two_layer_coarse_hot,G0201_T3_graded_two_layer_coarse_hot
G0202,20260821,201,1.0194230275476759,2.1598700084584834,0.5127412627149688,0.014400137203768381,24.614783289466637,homogeneous,1.0,none,0.5,T1_homogeneous_none,G0202_T1_homogeneous_none
G0202,20260821,201,1.0194230275476759,2.1598700084584834,0.5127412627149688,0.014400137203768381,24.614783289466637,graded_two_layer,1.8,fine_hot,0.5,T2_graded_two_layer_fine_hot,G0202_T2_graded_two_layer_fine_hot
G0202,20260821,201,1.0194230275476759,2.1598700084584834,0.5127412627149688,0.014400137203768381,24.614783289466637,graded_two_layer,1.8,coarse_hot,0.5,T3_graded_two_layer_coarse_hot,G0202_T3_graded_two_layer_coarse_hot
G0203,20260821,202,0.8377524990452296,1.5125589705648443,0.4350742546531838,0.01926113580515277,18.207484809288378,homogeneous,1.0,none,0.5,T1_homogeneous_none,G0203_T1_homogeneous_none
G0203,20260821,202,0.8377524990452296,1.5125589705648443,0.4350742546531838,0.01926113580515277,18.207484809288378,graded_two_layer,1.8,fine_hot,0.5,T2_graded_two_layer_fine_hot,G0203_T2_graded_two_layer_fine_hot
G0203,20260821,202,0.8377524990452296,1.5125589705648443,0.4350742546531838,0.01926113580515277,18.207484809288378,graded_two_layer,1.8,coarse_hot,0.5,T3_graded_two_layer_coarse_hot,G0203_T3_graded_two_layer_coarse_hot
G0204,20260821,203,0.9564758106833884,2.083620891708389,0.5277786806466596,0.01260618140678093,19.362811734485874,homogeneous,1.0,none,0.5,T1_homogeneous_none,G0204_T1_homogeneous_none
G0204,20260821,203,0.9564758106833884,2.083620891708389,0.5277786806466596,0.01260618140678093,19.362811734485874,graded_two_layer,1.8,fine_hot,0.5,T2_graded_two_layer_fine_hot,G0204_T2_graded_two_layer_fine_hot
G0204,20260821,203,0.9564758106833884,2.083620891708389,0.5277786806466596,0.01260618140678093,19.362811734485874,graded_two_layer,1.8,coarse_hot,0.5,T3_graded_two_layer_coarse_hot,G0204_T3_graded_two_layer_coarse_hot
G0205,20260821,204,0.7378659226692588,1.692368798407028,0.48579801066427847,0.016453532204691472,20.045342720839695,homogeneous,1.0,none,0.5,T1_homogeneous_none,G0205_T1_homogeneous_none
G0205,20260821,204,0.7378659226692588,1.692368798407028,0.48579801066427847,0.016453532204691472,20.045342720839695,graded_two_layer,1.8,fine_hot,0.5,T2_graded_two_layer_fine_hot,G0205_T2_graded_two_layer_fine_hot
G0205,20260821,204,0.7378659226692588,1.692368798407028,0.48579801066427847,0.016453532204691472,20.045342720839695,graded_two_layer,1.8,coarse_hot,0.5,T3_graded_two_layer_coarse_hot,G0205_T3_graded_two_layer_coarse_hot
G0206,20260821,205,0.9087798958693444,1.5434101170382806,0.4766631335014518,0.00846667603788258,17.61515361170637,homogeneous,1.0,none,0.5,T1_homogeneous_none,G0206_T1_homogeneous_none
G0206,20260821,205,0.9087798958693444,1.5434101170382806,0.4766631335014518,0.00846667603788258,17.61515361170637,graded_two_layer,1.8,fine_hot,0.5,T2_graded_two_layer_fine_hot,G0206_T2_graded_two_layer_fine_hot
G0206,20260821,205,0.9087798958693444,1.5434101170382806,0.4766631335014518,0.00846667603788258,17.61515361170637,graded_two_layer,1.8,coarse_hot,0.5,T3_graded_two_layer_coarse_hot,G0206_T3_graded_two_layer_coarse_hot
G0207,20260821,206,1.1196853584645776,2.096254577559501,0.48669383788829784,0.014680920072664423,9.583556851743595,homogeneous,1.0,none,0.5,T1_homogeneous_none,G0207_T1_homogeneous_none
G0207,20260821,206,1.1196853584645776,2.096254577559501,0.48669383788829784,0.014680920072664423,9.583556851743595,graded_two_layer,1.8,fine_hot,0.5,T2_graded_two_layer_fine_hot,G0207_T2_graded_two_layer_fine_hot
G0207,20260821,206,1.1196853584645776,2.096254577559501,0.48669383788829784,0.014680920072664423,9.583556851743595,graded_two_layer,1.8,coarse_hot,0.5,T3_graded_two_layer_coarse_hot,G0207_T3_graded_two_layer_coarse_hot
G0208,20260821,207,0.7137521097916009,1.9175400453083067,0.4883948910980855,0.01720746159802268,19.83054444579338,homogeneous,1.0,none,0.5,T1_homogeneous_none,G0208_T1_homogeneous_none
G0208,20260821,207,0.7137521097916009,1.9175400453083067,0.4883948910980855,0.01720746159802268,19.83054444579338,graded_two_layer,1.8,fine_hot,0.5,T2_graded_two_layer_fine_hot,G0208_T2_graded_two_layer_fine_hot
G0208,20260821,207,0.7137521097916009,1.9175400453083067,0.4883948910980855,0.01720746159802268,19.83054444579338,graded_two_layer,1.8,coarse_hot,0.5,T3_graded_two_layer_coarse_hot,G0208_T3_graded_two_layer_coarse_hot
G0209,20260821,208,1.039179615629822,1.004633863960962,0.48360006714802883,0.013059668445280358,16.294887833507968,homogeneous,1.0,none,0.5,T1_homogeneous_none,G0209_T1_homogeneous_none
G0209,20260821,208,1.039179615629822,1.004633863960962,0.48360006714802883,0.013059668445280358,16.294887833507968,graded_two_layer,1.8,fine_hot,0.5,T2_graded_two_layer_fine_hot,G0209_T2_graded_two_layer_fine_hot
G0209,20260821,208,1.039179615629822,1.004633863960962,0.48360006714802883,0.013059668445280358,16.294887833507968,graded_two_layer,1.8,coarse_hot,0.5,T3_graded_two_layer_coarse_hot,G0209_T3_graded_two_layer_coarse_hot
G0210,20260821,209,0.6976275240724449,1.7429573117035724,0.5251657451462969,0.01188366394427143,11.978901410661884,homogeneous,1.0,none,0.5,T1_homogeneous_none,G0210_T1_homogeneous_none
G0210,20260821,209,0.6976275240724449,1.7429573117035724,0.5251657451462969,0.01188366394427143,11.978901410661884,graded_two_layer,1.8,fine_hot,0.5,T2_graded_two_layer_fine_hot,G0210_T2_graded_two_layer_fine_hot
G0210,20260821,209,0.6976275240724449,1.7429573117035724,0.5251657451462969,0.01188366394427143,11.978901410661884,graded_two_layer,1.8,coarse_hot,0.5,T3_graded_two_layer_coarse_hot,G0210_T3_graded_two_layer_coarse_hot
G0211,20260821,210,0.7832632177912592,2.1204110711641695,0.5578293173172703,0.019805470031123748,11.854293964259853,homogeneous,1.0,none,0.5,T1_homogeneous_none,G0211_T1_homogeneous_none
G0211,20260821,210,0.7832632177912592,2.1204110711641695,0.5578293173172703,0.019805470031123748,11.854293964259853,graded_two_layer,1.8,fine_hot,0.5,T2_graded_two_layer_fine_hot,G0211_T2_graded_two_layer_fine_hot
G0211,20260821,210,0.7832632177912592,2.1204110711641695,0.5578293173172703,0.019805470031123748,11.854293964259853,graded_two_layer,1.8,coarse_hot,0.5,T3_graded_two_layer_coarse_hot,G0211_T3_graded_two_layer_coarse_hot
G0212,20260821,211,0.8694286399439112,1.3284909313374968,0.5092500853490838,0.008323155457244021,20.40295235977054,homogeneous,1.0,none,0.5,T1_homogeneous_none,G0212_T1_homogeneous_none
G0212,20260821,211,0.8694286399439112,1.3284909313374968,0.5092500853490838,0.008323155457244021,20.40295235977054,graded_two_layer,1.8,fine_hot,0.5,T2_graded_two_layer_fine_hot,G0212_T2_graded_two_layer_fine_hot
G0212,20260821,211,0.8694286399439112,1.3284909313374968,0.5092500853490838,0.008323155457244021,20.40295235977054,graded_two_layer,1.8,coarse_hot,0.5,T3_graded_two_layer_coarse_hot,G0212_T3_graded_two_layer_coarse_hot
G0213,20260821,212,0.8772478102597726,1.0287554650391975,0.4210428799804282,0.009232994627708106,15.60656899356508,homogeneous,1.0,none,0.5,T1_homogeneous_none,G0213_T1_homogeneous_none
G0213,20260821,212,0.8772478102597726,1.0287554650391975,0.4210428799804282,0.009232994627708106,15.60656899356508,graded_two_layer,1.8,fine_hot,0.5,T2_graded_two_layer_fine_hot,G0213_T2_graded_two_layer_fine_hot
G0213,20260821,212,0.8772478102597726,1.0287554650391975,0.4210428799804282,0.009232994627708106,15.60656899356508,graded_two_layer,1.8,coarse_hot,0.5,T3_graded_two_layer_coarse_hot,G0213_T3_graded_two_layer_coarse_hot
G0214,20260821,213,0.7411770929044532,1.4911136693043812,0.432154379498636,0.010115655084971479,18.641816009168274,homogeneous,1.0,none,0.5,T1_homogeneous_none,G0214_T1_homogeneous_none
G0214,20260821,213,0.7411770929044532,1.4911136693043812,0.432154379498636,0.010115655084971479,18.641816009168274,graded_two_layer,1.8,fine_hot,0.5,T2_graded_two_layer_fine_hot,G0214_T2_graded_two_layer_fine_hot
G0214,20260821,213,0.7411770929044532,1.4911136693043812,0.432154379498636,0.010115655084971479,18.641816009168274,graded_two_layer,1.8,coarse_hot,0.5,T3_graded_two_layer_coarse_hot,G0214_T3_graded_two_layer_coarse_hot
G0215,20260821,214,0.8205871308043077,1.0829780207163378,0.5066526258721065,0.010465450181618239,14.675018596036937,homogeneous,1.0,none,0.5,T1_homogeneous_none,G0215_T1_homogeneous_none
G0215,20260821,214,0.8205871308043077,1.0829780207163378,0.5066526258721065,0.010465450181618239,14.675018596036937,graded_two_layer,1.8,fine_hot,0.5,T2_graded_two_layer_fine_hot,G0215_T2_graded_two_layer_fine_hot
G0215,20260821,214,0.8205871308043077,1.0829780207163378,0.5066526258721065,0.010465450181618239,14.675018596036937,graded_two_layer,1.8,coarse_hot,0.5,T3_graded_two_layer_coarse_hot,G0215_T3_graded_two_layer_coarse_hot
G0216,20260821,215,0.8155042125457311,1.908452002499247,0.5312060812895484,0.016771663709068095,19.326328975752965,homogeneous,1.0,none,0.5,T1_homogeneous_none,G0216_T1_homogeneous_none
G0216,20260821,215,0.8155042125457311,1.908452002499247,0.5312060812895484,0.016771663709068095,19.326328975752965,graded_two_layer,1.8,fine_hot,0.5,T2_graded_two_layer_fine_hot,G0216_T2_graded_two_layer_fine_hot
G0216,20260821,215,0.8155042125457311,1.908452002499247,0.5312060812895484,0.016771663709068095,19.326328975752965,graded_two_layer,1.8,coarse_hot,0.5,T3_graded_two_layer_coarse_hot,G0216_T3_graded_two_layer_coarse_hot
G0217,20260821,216,0.8423332716237443,1.0257557709963554,0.4524386398414223,0.017547843141230902,9.553931290328904,homogeneous,1.0,none,0.5,T1_homogeneous_none,G0217_T1_homogeneous_none
G0217,20260821,216,0.8423332716237443,1.0257557709963554,0.4524386398414223,0.017547843141230902,9.553931290328904,graded_two_layer,1.8,fine_hot,0.5,T2_graded_two_layer_fine_hot,G0217_T2_graded_two_layer_fine_hot
G0217,20260821,216,0.8423332716237443,1.0257557709963554,0.4524386398414223,0.017547843141230902,9.553931290328904,graded_two_layer,1.8,coarse_hot,0.5,T3_graded_two_layer_coarse_hot,G0217_T3_graded_two_layer_coarse_hot
G0218,20260821,217,0.8044620472240162,1.4049675229028842,0.43789026786766816,0.017702249372448964,16.986168906245922,homogeneous,1.0,none,0.5,T1_homogeneous_none,G0218_T1_homogeneous_none
G0218,20260821,217,0.8044620472240162,1.4049675229028842,0.43789026786766816,0.017702249372448964,16.986168906245922,graded_two_layer,1.8,fine_hot,0.5,T2_graded_two_layer_fine_hot,G0218_T2_graded_two_layer_fine_hot
G0218,20260821,217,0.8044620472240162,1.4049675229028842,0.43789026786766816,0.017702249372448964,16.986168906245922,graded_two_layer,1.8,coarse_hot,0.5,T3_graded_two_layer_coarse_hot,G0218_T3_graded_two_layer_coarse_hot
G0219,20260821,218,1.0887615981742262,1.9659550347758552,0.4571838107065527,0.019307572091272124,26.121791324757822,homogeneous,1.0,none,0.5,T1_homogeneous_none,G0219_T1_homogeneous_none
G0219,20260821,218,1.0887615981742262,1.9659550347758552,0.4571838107065527,0.019307572091272124,26.121791324757822,graded_two_layer,1.8,fine_hot,0.5,T2_graded_two_layer_fine_hot,G0219_T2_graded_two_layer_fine_hot
G0219,20260821,218,1.0887615981742262,1.9659550347758552,0.4571838107065527,0.019307572091272124,26.121791324757822,graded_two_layer,1.8,coarse_hot,0.5,T3_graded_two_layer_coarse_hot,G0219_T3_graded_two_layer_coarse_hot
G0220,20260821,219,0.9159377343065295,1.1244528705049601,0.5314448550719804,0.012774023334368254,20.037327579344307,homogeneous,1.0,none,0.5,T1_homogeneous_none,G0220_T1_homogeneous_none
G0220,20260821,219,0.9159377343065295,1.1244528705049601,0.5314448550719804,0.012774023334368254,20.037327579344307,graded_two_layer,1.8,fine_hot,0.5,T2_graded_two_layer_fine_hot,G0220_T2_graded_two_layer_fine_hot
G0220,20260821,219,0.9159377343065295,1.1244528705049601,0.5314448550719804,0.012774023334368254,20.037327579344307,graded_two_layer,1.8,coarse_hot,0.5,T3_graded_two_layer_coarse_hot,G0220_T3_graded_two_layer_coarse_hot
G0221,20260821,220,0.7801244735596237,2.071693947297433,0.4591958337762319,0.011050358060915033,24.87602216946493,homogeneous,1.0,none,0.5,T1_homogeneous_none,G0221_T1_homogeneous_none
G0221,20260821,220,0.7801244735596237,2.071693947297433,0.4591958337762319,0.011050358060915033,24.87602216946493,graded_two_layer,1.8,fine_hot,0.5,T2_graded_two_layer_fine_hot,G0221_T2_graded_two_layer_fine_hot
G0221,20260821,220,0.7801244735596237,2.071693947297433,0.4591958337762319,0.011050358060915033,24.87602216946493,graded_two_layer,1.8,coarse_hot,0.5,T3_graded_two_layer_coarse_hot,G0221_T3_graded_two_layer_coarse_hot
G0222,20260821,221,0.8752681339300072,1.763117305338279,0.5284670024096751,0.008101383756114855,12.142138204277254,homogeneous,1.0,none,0.5,T1_homogeneous_none,G0222_T1_homogeneous_none
G0222,20260821,221,0.8752681339300072,1.763117305338279,0.5284670024096751,0.008101383756114855,12.142138204277254,graded_two_layer,1.8,fine_hot,0.5,T2_graded_two_layer_fine_hot,G0222_T2_graded_two_layer_fine_hot
G0222,20260821,221,0.8752681339300072,1.763117305338279,0.5284670024096751,0.008101383756114855,12.142138204277254,graded_two_layer,1.8,coarse_hot,0.5,T3_graded_two_layer_coarse_hot,G0222_T3_graded_two_layer_coarse_hot
G0223,20260821,222,1.126834576011961,1.3274852749087915,0.53431767076187,0.011497354338923483,26.182996120910076,homogeneous,1.0,none,0.5,T1_homogeneous_none,G0223_T1_homogeneous_none
G0223,20260821,222,1.126834576011961,1.3274852749087915,0.53431767076187,0.011497354338923483,26.182996120910076,graded_two_layer,1.8,fine_hot,0.5,T2_graded_two_layer_fine_hot,G0223_T2_graded_two_layer_fine_hot
G0223,20260821,222,1.126834576011961,1.3274852749087915,0.53431767076187,0.011497354338923483,26.182996120910076,graded_two_layer,1.8,coarse_hot,0.5,T3_graded_two_layer_coarse_hot,G0223_T3_graded_two_layer_coarse_hot
G0224,20260821,223,0.6636083434457768,2.0918444175026325,0.44517287647444986,0.015914433213914968,21.21313120487939,homogeneous,1.0,none,0.5,T1_homogeneous_none,G0224_T1_homogeneous_none
G0224,20260821,223,0.6636083434457768,2.0918444175026325,0.44517287647444986,0.015914433213914968,21.21313120487939,graded_two_layer,1.8,fine_hot,0.5,T2_graded_two_layer_fine_hot,G0224_T2_graded_two_layer_fine_hot
G0224,20260821,223,0.6636083434457768,2.0918444175026325,0.44517287647444986,0.015914433213914968,21.21313120487939,graded_two_layer,1.8,coarse_hot,0.5,T3_graded_two_layer_coarse_hot,G0224_T3_graded_two_layer_coarse_hot
G0225,20260821,224,0.8663827584632114,1.0465984004210511,0.42135650436991606,0.009749105394534337,26.772720057021374,homogeneous,1.0,none,0.5,T1_homogeneous_none,G0225_T1_homogeneous_none
G0225,20260821,224,0.8663827584632114,1.0465984004210511,0.42135650436991606,0.009749105394534337,26.772720057021374,graded_two_layer,1.8,fine_hot,0.5,T2_graded_two_layer_fine_hot,G0225_T2_graded_two_layer_fine_hot
G0225,20260821,224,0.8663827584632114,1.0465984004210511,0.42135650436991606,0.009749105394534337,26.772720057021374,graded_two_layer,1.8,coarse_hot,0.5,T3_graded_two_layer_coarse_hot,G0225_T3_graded_two_layer_coarse_hot
G0226,20260821,225,0.6722658220124956,1.7371626705350351,0.5675001319576085,0.013632692490639864,13.597225354173819,homogeneous,1.0,none,0.5,T1_homogeneous_none,G0226_T1_homogeneous_none
G0226,20260821,225,0.6722658220124956,1.7371626705350351,0.5675001319576085,0.013632692490639864,13.597225354173819,graded_two_layer,1.8,fine_hot,0.5,T2_graded_two_layer_fine_hot,G0226_T2_graded_two_layer_fine_hot
G0226,20260821,225,0.6722658220124956,1.7371626705350351,0.5675001319576085,0.013632692490639864,13.597225354173819,graded_two_layer,1.8,coarse_hot,0.5,T3_graded_two_layer_coarse_hot,G0226_T3_graded_two_layer_coarse_hot
G0227,20260821,226,0.7965215629981144,1.566620291075083,0.5484994306046932,0.016837156281860617,25.806366704990253,homogeneous,1.0,none,0.5,T1_homogeneous_none,G0227_T1_homogeneous_none
G0227,20260821,226,0.7965215629981144,1.566620291075083,0.5484994306046932,0.016837156281860617,25.806366704990253,graded_two_layer,1.8,fine_hot,0.5,T2_graded_two_layer_fine_hot,G0227_T2_graded_two_layer_fine_hot
G0227,20260821,226,0.7965215629981144,1.566620291075083,0.5484994306046932,0.016837156281860617,25.806366704990253,graded_two_layer,1.8,coarse_hot,0.5,T3_graded_two_layer_coarse_hot,G0227_T3_graded_two_layer_coarse_hot
G0228,20260821,227,1.0162167548140397,1.1996588024303223,0.44429518177739385,0.010326401077349653,21.750171617267842,homogeneous,1.0,none,0.5,T1_homogeneous_none,G0228_T1_homogeneous_none
G0228,20260821,227,1.0162167548140397,1.1996588024303223,0.44429518177739385,0.010326401077349653,21.750171617267842,graded_two_layer,1.8,fine_hot,0.5,T2_graded_two_layer_fine_hot,G0228_T2_graded_two_layer_fine_hot
G0228,20260821,227,1.0162167548140397,1.1996588024303223,0.44429518177739385,0.010326401077349653,21.750171617267842,graded_two_layer,1.8,coarse_hot,0.5,T3_graded_two_layer_coarse_hot,G0228_T3_graded_two_layer_coarse_hot
G0229,20260821,228,1.0691834970841656,1.05788596398382,0.45965662037247806,0.01041022156256607,12.864577169283184,homogeneous,1.0,none,0.5,T1_homogeneous_none,G0229_T1_homogeneous_none
G0229,20260821,228,1.0691834970841656,1.05788596398382,0.45965662037247806,0.01041022156256607,12.864577169283184,graded_two_layer,1.8,fine_hot,0.5,T2_graded_two_layer_fine_hot,G0229_T2_graded_two_layer_fine_hot
G0229,20260821,228,1.0691834970841656,1.05788596398382,0.45965662037247806,0.01041022156256607,12.864577169283184,graded_two_layer,1.8,coarse_hot,0.5,T3_graded_two_layer_coarse_hot,G0229_T3_graded_two_layer_coarse_hot
G0230,20260821,229,1.1471626953485137,1.223571100628827,0.5384272642674293,0.012225425582221644,21.909464186397404,homogeneous,1.0,none,0.5,T1_homogeneous_none,G0230_T1_homogeneous_none
G0230,20260821,229,1.1471626953485137,1.223571100628827,0.5384272642674293,0.012225425582221644,21.909464186397404,graded_two_layer,1.8,fine_hot,0.5,T2_graded_two_layer_fine_hot,G0230_T2_graded_two_layer_fine_hot
G0230,20260821,229,1.1471626953485137,1.223571100628827,0.5384272642674293,0.012225425582221644,21.909464186397404,graded_two_layer,1.8,coarse_hot,0.5,T3_graded_two_layer_coarse_hot,G0230_T3_graded_two_layer_coarse_hot
G0231,20260821,230,1.1416666269999207,1.3995125173256635,0.46838293825716537,0.018938624639879595,9.862127524540071,homogeneous,1.0,none,0.5,T1_homogeneous_none,G0231_T1_homogeneous_none
G0231,20260821,230,1.1416666269999207,1.3995125173256635,0.46838293825716537,0.018938624639879595,9.862127524540071,graded_two_layer,1.8,fine_hot,0.5,T2_graded_two_layer_fine_hot,G0231_T2_graded_two_layer_fine_hot
G0231,20260821,230,1.1416666269999207,1.3995125173256635,0.46838293825716537,0.018938624639879595,9.862127524540071,graded_two_layer,1.8,coarse_hot,0.5,T3_graded_two_layer_coarse_hot,G0231_T3_graded_two_layer_coarse_hot
G0232,20260821,231,0.7619188300338379,2.006757679640214,0.4780015152039226,0.00896085878149401,13.053529158704382,homogeneous,1.0,none,0.5,T1_homogeneous_none,G0232_T1_homogeneous_none
G0232,20260821,231,0.7619188300338379,2.006757679640214,0.4780015152039226,0.00896085878149401,13.053529158704382,graded_two_layer,1.8,fine_hot,0.5,T2_graded_two_layer_fine_hot,G0232_T2_graded_two_layer_fine_hot
G0232,20260821,231,0.7619188300338379,2.006757679640214,0.4780015152039226,0.00896085878149401,13.053529158704382,graded_two_layer,1.8,coarse_hot,0.5,T3_graded_two_layer_coarse_hot,G0232_T3_graded_two_layer_coarse_hot
G0233,20260821,232,1.1452170623973321,1.5948815751193604,0.5502960114191748,0.015243851185992965,22.934381494487212,homogeneous,1.0,none,0.5,T1_homogeneous_none,G0233_T1_homogeneous_none
G0233,20260821,232,1.1452170623973321,1.5948815751193604,0.5502960114191748,0.015243851185992965,22.934381494487212,graded_two_layer,1.8,fine_hot,0.5,T2_graded_two_layer_fine_hot,G0233_T2_graded_two_layer_fine_hot
G0233,20260821,232,1.1452170623973321,1.5948815751193604,0.5502960114191748,0.015243851185992965,22.934381494487212,graded_two_layer,1.8,coarse_hot,0.5,T3_graded_two_layer_coarse_hot,G0233_T3_graded_two_layer_coarse_hot
G0234,20260821,233,0.9284258899157056,1.7756667462429925,0.46718019834376007,0.012048248729234953,15.386476867212568,homogeneous,1.0,none,0.5,T1_homogeneous_none,G0234_T1_homogeneous_none
G0234,20260821,233,0.9284258899157056,1.7756667462429925,0.46718019834376007,0.012048248729234953,15.386476867212568,graded_two_layer,1.8,fine_hot,0.5,T2_graded_two_layer_fine_hot,G0234_T2_graded_two_layer_fine_hot
G0234,20260821,233,0.9284258899157056,1.7756667462429925,0.46718019834376007,0.012048248729234953,15.386476867212568,graded_two_layer,1.8,coarse_hot,0.5,T3_graded_two_layer_coarse_hot,G0234_T3_graded_two_layer_coarse_hot
G0235,20260821,234,0.691411689166182,2.0503343597513033,0.5651282803045072,0.010005894697872483,16.136484577111577,homogeneous,1.0,none,0.5,T1_homogeneous_none,G0235_T1_homogeneous_none
G0235,20260821,234,0.691411689166182,2.0503343597513033,0.5651282803045072,0.010005894697872483,16.136484577111577,graded_two_layer,1.8,fine_hot,0.5,T2_graded_two_layer_fine_hot,G0235_T2_graded_two_layer_fine_hot
G0235,20260821,234,0.691411689166182,2.0503343597513033,0.5651282803045072,0.010005894697872483,16.136484577111577,graded_two_layer,1.8,coarse_hot,0.5,T3_graded_two_layer_coarse_hot,G0235_T3_graded_two_layer_coarse_hot
G0236,20260821,235,0.9811106866819954,1.217545157951695,0.5235893854356719,0.015066810796277143,9.103746861478308,homogeneous,1.0,none,0.5,T1_homogeneous_none,G0236_T1_homogeneous_none
G0236,20260821,235,0.9811106866819954,1.217545157951695,0.5235893854356719,0.015066810796277143,9.103746861478308,graded_two_layer,1.8,fine_hot,0.5,T2_graded_two_layer_fine_hot,G0236_T2_graded_two_layer_fine_hot
G0236,20260821,235,0.9811106866819954,1.217545157951695,0.5235893854356719,0.015066810796277143,9.103746861478308,graded_two_layer,1.8,coarse_hot,0.5,T3_graded_two_layer_coarse_hot,G0236_T3_graded_two_layer_coarse_hot
G0237,20260821,236,0.6660994936088082,1.524256354692934,0.46209371559232293,0.012384271951287499,14.984490313939855,homogeneous,1.0,none,0.5,T1_homogeneous_none,G0237_T1_homogeneous_none
G0237,20260821,236,0.6660994936088082,1.524256354692934,0.46209371559232293,0.012384271951287499,14.984490313939855,graded_two_layer,1.8,fine_hot,0.5,T2_graded_two_layer_fine_hot,G0237_T2_graded_two_layer_fine_hot
G0237,20260821,236,0.6660994936088082,1.524256354692934,0.46209371559232293,0.012384271951287499,14.984490313939855,graded_two_layer,1.8,coarse_hot,0.5,T3_graded_two_layer_coarse_hot,G0237_T3_graded_two_layer_coarse_hot
G0238,20260821,237,0.9466999360748367,1.891131870690125,0.4981129231478364,0.017100089674965922,24.51462501418795,homogeneous,1.0,none,0.5,T1_homogeneous_none,G0238_T1_homogeneous_none
G0238,20260821,237,0.9466999360748367,1.891131870690125,0.4981129231478364,0.017100089674965922,24.51462501418795,graded_two_layer,1.8,fine_hot,0.5,T2_graded_two_layer_fine_hot,G0238_T2_graded_two_layer_fine_hot
G0238,20260821,237,0.9466999360748367,1.891131870690125,0.4981129231478364,0.017100089674965922,24.51462501418795,graded_two_layer,1.8,coarse_hot,0.5,T3_graded_two_layer_coarse_hot,G0238_T3_graded_two_layer_coarse_hot
G0239,20260821,238,1.1073553560787905,2.0290721311611355,0.4736891509451488,0.01879274028699726,14.706752118658983,homogeneous,1.0,none,0.5,T1_homogeneous_none,G0239_T1_homogeneous_none
G0239,20260821,238,1.1073553560787905,2.0290721311611355,0.4736891509451488,0.01879274028699726,14.706752118658983,graded_two_layer,1.8,fine_hot,0.5,T2_graded_two_layer_fine_hot,G0239_T2_graded_two_layer_fine_hot
G0239,20260821,238,1.1073553560787905,2.0290721311611355,0.4736891509451488,0.01879274028699726,14.706752118658983,graded_two_layer,1.8,coarse_hot,0.5,T3_graded_two_layer_coarse_hot,G0239_T3_graded_two_layer_coarse_hot
G0240,20260821,239,0.9361933195440407,1.6841740880447236,0.4400421011478458,0.017422258398817066,26.87224609829624,homogeneous,1.0,none,0.5,T1_homogeneous_none,G0240_T1_homogeneous_none
G0240,20260821,239,0.9361933195440407,1.6841740880447236,0.4400421011478458,0.017422258398817066,26.87224609829624,graded_two_layer,1.8,fine_hot,0.5,T2_graded_two_layer_fine_hot,G0240_T2_graded_two_layer_fine_hot
G0240,20260821,239,0.9361933195440407,1.6841740880447236,0.4400421011478458,0.017422258398817066,26.87224609829624,graded_two_layer,1.8,coarse_hot,0.5,T3_graded_two_layer_coarse_hot,G0240_T3_graded_two_layer_coarse_hot
G0241,20260821,240,0.8328567474909312,1.981423932651392,0.4626903088252499,0.018614262635014416,17.547802543509448,homogeneous,1.0,none,0.5,T1_homogeneous_none,G0241_T1_homogeneous_none
G0241,20260821,240,0.8328567474909312,1.981423932651392,0.4626903088252499,0.018614262635014416,17.547802543509448,graded_two_layer,1.8,fine_hot,0.5,T2_graded_two_layer_fine_hot,G0241_T2_graded_two_layer_fine_hot
G0241,20260821,240,0.8328567474909312,1.981423932651392,0.4626903088252499,0.018614262635014416,17.547802543509448,graded_two_layer,1.8,coarse_hot,0.5,T3_graded_two_layer_coarse_hot,G0241_T3_graded_two_layer_coarse_hot
G0242,20260821,241,0.854729781086581,1.4626321578219192,0.432747398460037,0.00908525670091199,16.471646648027054,homogeneous,1.0,none,0.5,T1_homogeneous_none,G0242_T1_homogeneous_none
G0242,20260821,241,0.854729781086581,1.4626321578219192,0.432747398460037,0.00908525670091199,16.471646648027054,graded_two_layer,1.8,fine_hot,0.5,T2_graded_two_layer_fine_hot,G0242_T2_graded_two_layer_fine_hot
G0242,20260821,241,0.854729781086581,1.4626321578219192,0.432747398460037,0.00908525670091199,16.471646648027054,graded_two_layer,1.8,coarse_hot,0.5,T3_graded_two_layer_coarse_hot,G0242_T3_graded_two_layer_coarse_hot
G0243,20260821,242,0.9522125194944444,1.8550695692045647,0.511626753687892,0.019344588488742744,17.30028046908032,homogeneous,1.0,none,0.5,T1_homogeneous_none,G0243_T1_homogeneous_none
G0243,20260821,242,0.9522125194944444,1.8550695692045647,0.511626753687892,0.019344588488742744,17.30028046908032,graded_two_layer,1.8,fine_hot,0.5,T2_graded_two_layer_fine_hot,G0243_T2_graded_two_layer_fine_hot
G0243,20260821,242,0.9522125194944444,1.8550695692045647,0.511626753687892,0.019344588488742744,17.30028046908032,graded_two_layer,1.8,coarse_hot,0.5,T3_graded_two_layer_coarse_hot,G0243_T3_graded_two_layer_coarse_hot
G0244,20260821,243,1.0820650126903284,1.8981420356495138,0.46935161754709187,0.013561109231580118,10.869051599671028,homogeneous,1.0,none,0.5,T1_homogeneous_none,G0244_T1_homogeneous_none
G0244,20260821,243,1.0820650126903284,1.8981420356495138,0.46935161754709187,0.013561109231580118,10.869051599671028,graded_two_layer,1.8,fine_hot,0.5,T2_graded_two_layer_fine_hot,G0244_T2_graded_two_layer_fine_hot
G0244,20260821,243,1.0820650126903284,1.8981420356495138,0.46935161754709187,0.013561109231580118,10.869051599671028,graded_two_layer,1.8,coarse_hot,0.5,T3_graded_two_layer_coarse_hot,G0244_T3_graded_two_layer_coarse_hot
G0245,20260821,244,0.6824558380285565,2.143313582084497,0.5487622385188167,0.01724123587124019,24.688932398258274,homogeneous,1.0,none,0.5,T1_homogeneous_none,G0245_T1_homogeneous_none
G0245,20260821,244,0.6824558380285565,2.143313582084497,0.5487622385188167,0.01724123587124019,24.688932398258274,graded_two_layer,1.8,fine_hot,0.5,T2_graded_two_layer_fine_hot,G0245_T2_graded_two_layer_fine_hot
G0245,20260821,244,0.6824558380285565,2.143313582084497,0.5487622385188167,0.01724123587124019,24.688932398258274,graded_two_layer,1.8,coarse_hot,0.5,T3_graded_two_layer_coarse_hot,G0245_T3_graded_two_layer_coarse_hot
G0246,20260821,245,0.9964009703475066,1.8650274491031884,0.4285731509806271,0.01584634634914496,19.75553646266923,homogeneous,1.0,none,0.5,T1_homogeneous_none,G0246_T1_homogeneous_none
G0246,20260821,245,0.9964009703475066,1.8650274491031884,0.4285731509806271,0.01584634634914496,19.75553646266923,graded_two_layer,1.8,fine_hot,0.5,T2_graded_two_layer_fine_hot,G0246_T2_graded_two_layer_fine_hot
G0246,20260821,245,0.9964009703475066,1.8650274491031884,0.4285731509806271,0.01584634634914496,19.75553646266923,graded_two_layer,1.8,coarse_hot,0.5,T3_graded_two_layer_coarse_hot,G0246_T3_graded_two_layer_coarse_hot
G0247,20260821,246,0.9984374149333031,1.2925857195833976,0.521703271965833,0.018180916970051562,26.833111021911886,homogeneous,1.0,none,0.5,T1_homogeneous_none,G0247_T1_homogeneous_none
G0247,20260821,246,0.9984374149333031,1.2925857195833976,0.521703271965833,0.018180916970051562,26.833111021911886,graded_two_layer,1.8,fine_hot,0.5,T2_graded_two_layer_fine_hot,G0247_T2_graded_two_layer_fine_hot
G0247,20260821,246,0.9984374149333031,1.2925857195833976,0.521703271965833,0.018180916970051562,26.833111021911886,graded_two_layer,1.8,coarse_hot,0.5,T3_graded_two_layer_coarse_hot,G0247_T3_graded_two_layer_coarse_hot
G0248,20260821,247,0.9721470644507096,1.7006235417775128,0.5111554456686551,0.00972540767760795,23.569731708794674,homogeneous,1.0,none,0.5,T1_homogeneous_none,G0248_T1_homogeneous_none
G0248,20260821,247,0.9721470644507096,1.7006235417775128,0.5111554456686551,0.00972540767760795,23.569731708794674,graded_two_layer,1.8,fine_hot,0.5,T2_graded_two_layer_fine_hot,G0248_T2_graded_two_layer_fine_hot
G0248,20260821,247,0.9721470644507096,1.7006235417775128,0.5111554456686551,0.00972540767760795,23.569731708794674,graded_two_layer,1.8,coarse_hot,0.5,T3_graded_two_layer_coarse_hot,G0248_T3_graded_two_layer_coarse_hot
G0249,20260821,248,0.9295486875237179,1.6719679787155344,0.42947890587953363,0.01281356575964609,24.22135523999968,homogeneous,1.0,none,0.5,T1_homogeneous_none,G0249_T1_homogeneous_none
G0249,20260821,248,0.9295486875237179,1.6719679787155344,0.42947890587953363,0.01281356575964609,24.22135523999968,graded_two_layer,1.8,fine_hot,0.5,T2_graded_two_layer_fine_hot,G0249_T2_graded_two_layer_fine_hot
G0249,20260821,248,0.9295486875237179,1.6719679787155344,0.42947890587953363,0.01281356575964609,24.22135523999968,graded_two_layer,1.8,coarse_hot,0.5,T3_graded_two_layer_coarse_hot,G0249_T3_graded_two_layer_coarse_hot
G0250,20260821,249,0.6683876479011523,1.0559444537960934,0.5417133347133982,0.011315502641878344,11.088487590297277,homogeneous,1.0,none,0.5,T1_homogeneous_none,G0250_T1_homogeneous_none
G0250,20260821,249,0.6683876479011523,1.0559444537960934,0.5417133347133982,0.011315502641878344,11.088487590297277,graded_two_layer,1.8,fine_hot,0.5,T2_graded_two_layer_fine_hot,G0250_T2_graded_two_layer_fine_hot
G0250,20260821,249,0.6683876479011523,1.0559444537960934,0.5417133347133982,0.011315502641878344,11.088487590297277,graded_two_layer,1.8,coarse_hot,0.5,T3_graded_two_layer_coarse_hot,G0250_T3_graded_two_layer_coarse_hot
G0251,20260821,250,1.0707990462937147,1.3827485738736298,0.5002200417862461,0.01073823231879783,26.55599334662504,homogeneous,1.0,none,0.5,T1_homogeneous_none,G0251_T1_homogeneous_none
G0251,20260821,250,1.0707990462937147,1.3827485738736298,0.5002200417862461,0.01073823231879783,26.55599334662504,graded_two_layer,1.8,fine_hot,0.5,T2_graded_two_layer_fine_hot,G0251_T2_graded_two_layer_fine_hot
G0251,20260821,250,1.0707990462937147,1.3827485738736298,0.5002200417862461,0.01073823231879783,26.55599334662504,graded_two_layer,1.8,coarse_hot,0.5,T3_graded_two_layer_coarse_hot,G0251_T3_graded_two_layer_coarse_hot
G0252,20260821,251,1.100445186218241,1.202783909352218,0.5598382191819135,0.014315420965625762,15.968277355196653,homogeneous,1.0,none,0.5,T1_homogeneous_none,G0252_T1_homogeneous_none
G0252,20260821,251,1.100445186218241,1.202783909352218,0.5598382191819135,0.014315420965625762,15.968277355196653,graded_two_layer,1.8,fine_hot,0.5,T2_graded_two_layer_fine_hot,G0252_T2_graded_two_layer_fine_hot
G0252,20260821,251,1.100445186218241,1.202783909352218,0.5598382191819135,0.014315420965625762,15.968277355196653,graded_two_layer,1.8,coarse_hot,0.5,T3_graded_two_layer_coarse_hot,G0252_T3_graded_two_layer_coarse_hot
G0253,20260821,252,0.952786701952827,1.3339292474025644,0.4417650836646253,0.013698604547271826,25.003633884654,homogeneous,1.0,none,0.5,T1_homogeneous_none,G0253_T1_homogeneous_none
G0253,20260821,252,0.952786701952827,1.3339292474025644,0.4417650836646253,0.013698604547271826,25.003633884654,graded_two_layer,1.8,fine_hot,0.5,T2_graded_two_layer_fine_hot,G0253_T2_graded_two_layer_fine_hot
G0253,20260821,252,0.952786701952827,1.3339292474025644,0.4417650836646253,0.013698604547271826,25.003633884654,graded_two_layer,1.8,coarse_hot,0.5,T3_graded_two_layer_coarse_hot,G0253_T3_graded_two_layer_coarse_hot
G0254,20260821,253,1.051971815020118,1.1675610127891258,0.43005866281609706,0.010570369007894714,18.89407153607724,homogeneous,1.0,none,0.5,T1_homogeneous_none,G0254_T1_homogeneous_none
G0254,20260821,253,1.051971815020118,1.1675610127891258,0.43005866281609706,0.010570369007894714,18.89407153607724,graded_two_layer,1.8,fine_hot,0.5,T2_graded_two_layer_fine_hot,G0254_T2_graded_two_layer_fine_hot
G0254,20260821,253,1.051971815020118,1.1675610127891258,0.43005866281609706,0.010570369007894714,18.89407153607724,graded_two_layer,1.8,coarse_hot,0.5,T3_graded_two_layer_coarse_hot,G0254_T3_graded_two_layer_coarse_hot
G0255,20260821,254,0.7434129053361267,1.3980790605922793,0.49925003961572734,0.009918606400213265,26.58415710943713,homogeneous,1.0,none,0.5,T1_homogeneous_none,G0255_T1_homogeneous_none
G0255,20260821,254,0.7434129053361267,1.3980790605922793,0.49925003961572734,0.009918606400213265,26.58415710943713,graded_two_layer,1.8,fine_hot,0.5,T2_graded_two_layer_fine_hot,G0255_T2_graded_two_layer_fine_hot
G0255,20260821,254,0.7434129053361267,1.3980790605922793,0.49925003961572734,0.009918606400213265,26.58415710943713,graded_two_layer,1.8,coarse_hot,0.5,T3_graded_two_layer_coarse_hot,G0255_T3_graded_two_layer_coarse_hot
G0256,20260821,255,1.1258087687900948,1.1422771878773754,0.5689214838401027,0.016591445504822368,21.680680689292203,homogeneous,1.0,none,0.5,T1_homogeneous_none,G0256_T1_homogeneous_none
G0256,20260821,255,1.1258087687900948,1.1422771878773754,0.5689214838401027,0.016591445504822368,21.680680689292203,graded_two_layer,1.8,fine_hot,0.5,T2_graded_two_layer_fine_hot,G0256_T2_graded_two_layer_fine_hot
G0256,20260821,255,1.1258087687900948,1.1422771878773754,0.5689214838401027,0.016591445504822368,21.680680689292203,graded_two_layer,1.8,coarse_hot,0.5,T3_graded_two_layer_coarse_hot,G0256_T3_graded_two_layer_coarse_hot
