scenario_id,target_thermal_power_MW,storage_duration_h,required_energy_MWh,design_id,base_design_id,topology_id,fluid_model_id,fluid_name,topology,gradient_orientation,pair_evidence_tier,engineering_deployment_eligible,parallel_unit_count,power_limited_unit_count,nominal_energy_limited_unit_count,resolved_energy_limited_unit_count,projected_required_unit_count,maximum_resolvable_unit_count,minimum_resolved_to_nominal_duty_ratio,service_closure_solver_feasible,resolved_unit_mass_flow_kg_s,resolved_unit_thermal_power_kW,resolved_to_nominal_unit_duty_ratio,nominal_high_grade_discharge_fraction,resolved_high_grade_discharge_fraction,resolved_unit_deliverable_energy_MWh,minimum_outlet_grade_fraction,deliverable_energy_definition,cycle_coupled_discharge,charge_final_inventory_fraction,threshold_crossing_interpolation_used,transport_property_temperature_C,transport_property_treatment,resolved_charge_t90_h,resolved_discharge_t90_h,charge_discharge_t90_ratio,charge_discharge_t90_asymmetry_pct,charge_discharge_wall_loss_difference_percentage_point,surface_heat_transfer_coefficient_W_m2K,external_area_to_packed_volume_ratio_m1,wall_loss_W_m3K,service_solver_evaluations,service_count_search_method,service_closure_status,adjacent_lower_count_feasible,service_capacity_closure_error_pct,installed_packed_volume_m3,installed_high_grade_capacity_MWh,resolved_high_grade_duration_h,service_compactness_MWh_m3,salt_inventory_t,solid_inventory_t,capacity_oversize_pct,nominal_power_margin_pct,unit_bed_pressure_drop_kPa,unit_viscous_pressure_drop_kPa,unit_inertial_pressure_drop_kPa,header_pressure_drop_kPa,header_trunk_pressure_drop_kPa,header_lateral_pressure_drop_kPa,header_array_rows,header_array_max_columns,header_module_pitch_m,header_trunk_diameter_m,header_lateral_diameter_min_m,header_lateral_diameter_max_m,header_design_velocity_m_s,header_hydraulic_model,system_pump_power_kW,pump_energy_fraction,pump_energy_definition,service_admissible,model_scope,stress_id,stress_ambient_temperature_C,stress_axial_dispersion_m2_s,stress_solid_axial_diffusivity_m2_s,stress_surface_heat_transfer_coefficient_W_m2K,stress_n_cells,decision_front_member,stress_interpretation
S10MW_8H,10.0,8.0,80.0,G0011_T1_homogeneous_none__SOLAR_SALT_60_40_V10,G0011,T1_homogeneous_none,SOLAR_SALT_60_40_V10,Solar Salt (NaNO3-KNO3 60:40 wt%),homogeneous,none,Tier_2_unit_pair_partial,False,1012,700,1015,1012,1012,13989,0.05,True,0.1288909270840825,9.881422924901186,0.6911580878285278,0.9455272049021222,0.9482025935654927,0.0791157964638437,0.9,"time integral of positive outlet enthalpy flow following the simulated charge end state, with linear within-step interpolation at the registered outlet-grade threshold",True,0.9999999999921712,True,525.0,run-wise frozen at the registered transport-property temperature,7.600889991702624,7.600889991702624,1.0,0.0,0.0,0.0,4.592357427740836,0.0,12,binary_monotone_bracket_with_adjacent_verification,MINIMAL_INTEGER_COUNT_BINARY_BRACKET,False,0.08148252676227763,1919.9917328284066,80.06518602140983,8.006518602140982,0.04166684607654493,1481.6335009029,2940.4104529422125,0.08148252676227763,44.68469914629631,0.0009346494037368989,0.0009148828645001562,1.9766539236745483e-05,36.879909500541785,3.777461507020147,33.102447993521636,31,33,1.4171749082009675,0.25109394400626084,0.04464994941916739,0.04534223798079612,1.5,"two-level balanced square-array Darcy-Weisbach friction screen with one trunk and one lateral supply-return pair; uniform module flow is prescribed and fittings, valves, heat exchangers and site-specific manifolds are excluded",2.7393938092703145,0.00027393938092703146,"frictional energy for the modeled packed bed plus the registered balanced on-array trunk-and-lateral header screen; fittings, valves, heat exchangers, external piping and pump efficiency excluded",True,"parallel modular packed zones; discrete unit count, bed friction and a geometry-normalized on-array header-friction screen are included. Tank shells, fittings, valves, heat exchangers, site-specific trunk routing, flow maldistribution and balance of plant are excluded. Hydraulic values are screening metrics, not installed-pump specifications.",intrinsic_adiabatic,25.0,0.0,0.0,0.0,128,False,"These are deterministic model-form stress cases. Every nonzero effective surface coefficient is referenced to the explicitly registered 25 C ambient sink and converted for each unit using A/V = 4/D + 2/H. The registered values are engineering stress bounds, not transferred calibration values, measurements or probability distributions."
S10MW_8H,10.0,8.0,80.0,G0011_T1_homogeneous_none__AIP_FLINAK_2017_V10,G0011,T1_homogeneous_none,AIP_FLINAK_2017_V10,FLiNaK (LiF-NaF-KF),homogeneous,none,Tier_3_hypothetical_common_skeleton,False,858,700,859,858,858,13989,0.05,True,0.12398948569161335,11.655011655011656,0.8152121035926226,0.9496144744740819,0.9506103111331812,0.09328368207169806,0.9,"time integral of positive outlet enthalpy flow following the simulated charge end state, with linear within-step interpolation at the registered outlet-grade threshold",True,0.9999999999912536,True,525.0,run-wise frozen at the registered transport-property temperature,7.5789480585987805,7.5789480585987805,1.0,0.0,0.0,0.0,4.592357427740836,0.0,11,binary_monotone_bracket_with_adjacent_verification,MINIMAL_INTEGER_COUNT_BINARY_BRACKET,False,0.046749021896164145,1627.8190778327794,80.03739921751693,8.003739921751693,0.049145510756950436,1507.2973191377346,2492.95668836405,0.046749021896164145,22.667462319685995,0.004016370295609873,0.00400112610751454,1.5244188095341945e-05,63.623144930950104,6.666716157681635,56.95642877326847,29,30,1.4171749082009675,0.20701184710098994,0.03805840255563961,0.0387090206686323,1.5,"two-level balanced square-array Darcy-Weisbach friction screen with one trunk and one lateral supply-return pair; uniform module flow is prescribed and fittings, valves, heat exchangers and site-specific manifolds are excluded",3.2122851433511848,0.00032122851433511845,"frictional energy for the modeled packed bed plus the registered balanced on-array trunk-and-lateral header screen; fittings, valves, heat exchangers, external piping and pump efficiency excluded",True,"parallel modular packed zones; discrete unit count, bed friction and a geometry-normalized on-array header-friction screen are included. Tank shells, fittings, valves, heat exchangers, site-specific trunk routing, flow maldistribution and balance of plant are excluded. Hydraulic values are screening metrics, not installed-pump specifications.",intrinsic_adiabatic,25.0,0.0,0.0,0.0,128,True,"These are deterministic model-form stress cases. Every nonzero effective surface coefficient is referenced to the explicitly registered 25 C ambient sink and converted for each unit using A/V = 4/D + 2/H. The registered values are engineering stress bounds, not transferred calibration values, measurements or probability distributions."
S10MW_8H,10.0,8.0,80.0,G0015_T1_homogeneous_none__AIP_FLINAK_2017_V10,G0015,T1_homogeneous_none,AIP_FLINAK_2017_V10,FLiNaK (LiF-NaF-KF),homogeneous,none,Tier_3_hypothetical_common_skeleton,False,1005,411,1010,1005,1005,8216,0.05,True,0.10585371017254154,9.950248756218905,0.4087586810452203,0.9459248273602447,0.9511267035594372,0.079652675605101,0.9,"time integral of positive outlet enthalpy flow following the simulated charge end state, with linear within-step interpolation at the registered outlet-grade threshold",True,0.9999999999895638,True,525.0,run-wise frozen at the registered transport-property temperature,7.576178288449008,7.576178288449008,1.0,0.0,0.0,0.0,4.802953673840943,0.0,13,binary_monotone_bracket_with_adjacent_verification,MINIMAL_INTEGER_COUNT_BINARY_BRACKET,False,0.06367372890814238,1609.951418844202,80.05093898312651,8.005093898312651,0.049690940399575965,1810.5182268666276,2051.0094857335794,0.06367372890814238,144.64312230456864,0.0012128079263080953,0.001208019035007257,4.7888913008362614e-06,71.06180985810398,7.008363958623588,64.0534458994804,31,33,1.3981046093890797,0.20701184710098994,0.036939172197978085,0.037511906696479365,1.5,"two-level balanced square-array Darcy-Weisbach friction screen with one trunk and one lateral supply-return pair; uniform module flow is prescribed and fittings, valves, heat exchangers and site-specific manifolds are excluded",3.5876925401549906,0.00035876925401549906,"frictional energy for the modeled packed bed plus the registered balanced on-array trunk-and-lateral header screen; fittings, valves, heat exchangers, external piping and pump efficiency excluded",True,"parallel modular packed zones; discrete unit count, bed friction and a geometry-normalized on-array header-friction screen are included. Tank shells, fittings, valves, heat exchangers, site-specific trunk routing, flow maldistribution and balance of plant are excluded. Hydraulic values are screening metrics, not installed-pump specifications.",intrinsic_adiabatic,25.0,0.0,0.0,0.0,128,True,"These are deterministic model-form stress cases. Every nonzero effective surface coefficient is referenced to the explicitly registered 25 C ambient sink and converted for each unit using A/V = 4/D + 2/H. The registered values are engineering stress bounds, not transferred calibration values, measurements or probability distributions."
S10MW_8H,10.0,8.0,80.0,G0024_T1_homogeneous_none__SOLAR_SALT_60_40_V10,G0024,T1_homogeneous_none,SOLAR_SALT_60_40_V10,Solar Salt (NaNO3-KNO3 60:40 wt%),homogeneous,none,Tier_2_unit_pair_partial,False,946,440,958,946,946,8795,0.05,True,0.1378833173457627,10.570824524312897,0.4648940818077867,0.9287910399227182,0.940984267208142,0.08465358292161182,0.9,"time integral of positive outlet enthalpy flow following the simulated charge end state, with linear within-step interpolation at the registered outlet-grade threshold",True,0.9999999999920783,True,525.0,run-wise frozen at the registered transport-property temperature,7.662273932834436,7.662273932834436,1.0,0.0,0.0,0.0,4.536043793329511,0.0,12,binary_monotone_bracket_with_adjacent_verification,MINIMAL_INTEGER_COUNT_BINARY_BRACKET,False,0.10286180480598706,1925.3841434543663,80.08228944384479,8.008228944384479,0.04155015001654193,1421.6640840528228,3048.4381436424524,0.10286180480598706,115.10275977517308,0.0008279862641896009,0.0008043628207614981,2.3623443428101638e-05,34.71672880176856,3.6178588445511606,31.0988699572174,30,32,1.4030196498438297,0.25109394400626084,0.04545393819083484,0.046181247383158666,1.5,"two-level balanced square-array Darcy-Weisbach friction screen with one trunk and one lateral supply-return pair; uniform module flow is prescribed and fittings, valves, heat exchangers and site-specific manifolds are excluded",2.5787115867375827,0.0002578711586737583,"frictional energy for the modeled packed bed plus the registered balanced on-array trunk-and-lateral header screen; fittings, valves, heat exchangers, external piping and pump efficiency excluded",True,"parallel modular packed zones; discrete unit count, bed friction and a geometry-normalized on-array header-friction screen are included. Tank shells, fittings, valves, heat exchangers, site-specific trunk routing, flow maldistribution and balance of plant are excluded. Hydraulic values are screening metrics, not installed-pump specifications.",intrinsic_adiabatic,25.0,0.0,0.0,0.0,128,True,"These are deterministic model-form stress cases. Every nonzero effective surface coefficient is referenced to the explicitly registered 25 C ambient sink and converted for each unit using A/V = 4/D + 2/H. The registered values are engineering stress bounds, not transferred calibration values, measurements or probability distributions."
S10MW_8H,10.0,8.0,80.0,G0024_T1_homogeneous_none__AIP_FLINAK_2017_V10,G0024,T1_homogeneous_none,AIP_FLINAK_2017_V10,FLiNaK (LiF-NaF-KF),homogeneous,none,Tier_3_hypothetical_common_skeleton,False,807,440,813,807,807,8795,0.05,True,0.13182525244535842,12.391573729863692,0.5449687749568355,0.9375860794873712,0.9448780209263309,0.09925409916113531,0.9,"time integral of positive outlet enthalpy flow following the simulated charge end state, with linear within-step interpolation at the registered outlet-grade threshold",True,0.9999999999878159,True,525.0,run-wise frozen at the registered transport-property temperature,7.631770200432867,7.631770200432867,1.0,0.0,0.0,0.0,4.536043793329511,0.0,12,binary_monotone_bracket_with_adjacent_verification,MINIMAL_INTEGER_COUNT_BINARY_BRACKET,False,0.1225725287952395,1642.478862333693,80.09805802303619,8.00980580230362,0.0487068673056365,1455.2270281346118,2600.5175284560883,0.1225725287952395,83.49675173209796,0.003514170157470652,0.0034961745871067394,1.7995570363906607e-05,60.05054903582817,6.415237497094441,53.635311538733724,28,29,1.4030196498438297,0.20701184710098994,0.03856003760411108,0.03924256913320541,1.5,"two-level balanced square-array Darcy-Weisbach friction screen with one trunk and one lateral supply-return pair; uniform module flow is prescribed and fittings, valves, heat exchangers and site-specific manifolds are excluded",3.031893472680885,0.00030318934726808846,"frictional energy for the modeled packed bed plus the registered balanced on-array trunk-and-lateral header screen; fittings, valves, heat exchangers, external piping and pump efficiency excluded",True,"parallel modular packed zones; discrete unit count, bed friction and a geometry-normalized on-array header-friction screen are included. Tank shells, fittings, valves, heat exchangers, site-specific trunk routing, flow maldistribution and balance of plant are excluded. Hydraulic values are screening metrics, not installed-pump specifications.",intrinsic_adiabatic,25.0,0.0,0.0,0.0,128,True,"These are deterministic model-form stress cases. Every nonzero effective surface coefficient is referenced to the explicitly registered 25 C ambient sink and converted for each unit using A/V = 4/D + 2/H. The registered values are engineering stress bounds, not transferred calibration values, measurements or probability distributions."
S10MW_8H,10.0,8.0,80.0,G0029_T1_homogeneous_none__AIP_FLINAK_2017_V10,G0029,T1_homogeneous_none,AIP_FLINAK_2017_V10,FLiNaK (LiF-NaF-KF),homogeneous,none,Tier_3_hypothetical_common_skeleton,False,926,638,927,926,926,12758,0.05,True,0.11488442626717521,10.799136069114471,0.68891921891465,0.9512117829816947,0.9524403192097598,0.08644363661108656,0.9,"time integral of positive outlet enthalpy flow following the simulated charge end state, with linear within-step interpolation at the registered outlet-grade threshold",True,0.9999999999900862,True,525.0,run-wise frozen at the registered transport-property temperature,7.565025005166412,7.565025005166412,1.0,0.0,0.0,0.0,4.839838432496768,0.0,12,binary_monotone_bracket_with_adjacent_verification,MINIMAL_INTEGER_COUNT_BINARY_BRACKET,False,0.058509377332716106,1602.641207692138,80.04680750186617,8.004680750186617,0.04991759828464845,1896.0540866984695,1920.1388138756472,0.058509377332716106,45.154899521519894,0.001711263958423351,0.001702768274881982,8.495683541367284e-06,61.354427651479924,6.31829250374971,55.03613514773021,30,31,1.291830173274739,0.20701184710098994,0.03726064208230222,0.037876562189982504,1.5,"two-level balanced square-array Darcy-Weisbach friction screen with one trunk and one lateral supply-return pair; uniform module flow is prescribed and fittings, valves, heat exchangers and site-specific manifolds are excluded",3.097630154491825,0.00030976301544918247,"frictional energy for the modeled packed bed plus the registered balanced on-array trunk-and-lateral header screen; fittings, valves, heat exchangers, external piping and pump efficiency excluded",True,"parallel modular packed zones; discrete unit count, bed friction and a geometry-normalized on-array header-friction screen are included. Tank shells, fittings, valves, heat exchangers, site-specific trunk routing, flow maldistribution and balance of plant are excluded. Hydraulic values are screening metrics, not installed-pump specifications.",intrinsic_adiabatic,25.0,0.0,0.0,0.0,128,True,"These are deterministic model-form stress cases. Every nonzero effective surface coefficient is referenced to the explicitly registered 25 C ambient sink and converted for each unit using A/V = 4/D + 2/H. The registered values are engineering stress bounds, not transferred calibration values, measurements or probability distributions."
S10MW_8H,10.0,8.0,80.0,G0029_T2_graded_two_layer_fine_hot__AIP_FLINAK_2017_V10,G0029,T2_graded_two_layer_fine_hot,AIP_FLINAK_2017_V10,FLiNaK (LiF-NaF-KF),graded_two_layer,fine_hot,Tier_3_hypothetical_common_skeleton,False,926,638,928,926,926,12758,0.05,True,0.11488442626717521,10.799136069114471,0.68891921891465,0.950853364599828,0.9522436675552072,0.08642578847527978,0.9,"time integral of positive outlet enthalpy flow following the simulated charge end state, with linear within-step interpolation at the registered outlet-grade threshold",True,0.999999999987864,True,525.0,run-wise frozen at the registered transport-property temperature,7.565025005166412,7.565025005166412,1.0,0.0,0.0,0.0,4.839838432496768,0.0,12,binary_monotone_bracket_with_adjacent_verification,MINIMAL_INTEGER_COUNT_BINARY_BRACKET,False,0.03785016013635456,1602.641207692138,80.03028012810908,8.003028012810908,0.04991759828464845,1896.0540866984695,1920.1388138756472,0.03785016013635456,45.154899521519894,0.00201434786695412,0.002005482634861,8.865232093117583e-06,61.354427651479924,6.31829250374971,55.03613514773021,30,31,1.291830173274739,0.20701184710098994,0.03726064208230222,0.037876562189982504,1.5,"two-level balanced square-array Darcy-Weisbach friction screen with one trunk and one lateral supply-return pair; uniform module flow is prescribed and fittings, valves, heat exchangers and site-specific manifolds are excluded",3.097645456006409,0.0003097645456006409,"frictional energy for the modeled packed bed plus the registered balanced on-array trunk-and-lateral header screen; fittings, valves, heat exchangers, external piping and pump efficiency excluded",True,"parallel modular packed zones; discrete unit count, bed friction and a geometry-normalized on-array header-friction screen are included. Tank shells, fittings, valves, heat exchangers, site-specific trunk routing, flow maldistribution and balance of plant are excluded. Hydraulic values are screening metrics, not installed-pump specifications.",intrinsic_adiabatic,25.0,0.0,0.0,0.0,128,False,"These are deterministic model-form stress cases. Every nonzero effective surface coefficient is referenced to the explicitly registered 25 C ambient sink and converted for each unit using A/V = 4/D + 2/H. The registered values are engineering stress bounds, not transferred calibration values, measurements or probability distributions."
S10MW_8H,10.0,8.0,80.0,G0045_T1_homogeneous_none__SOLAR_SALT_60_40_V10,G0045,T1_homogeneous_none,SOLAR_SALT_60_40_V10,Solar Salt (NaNO3-KNO3 60:40 wt%),homogeneous,none,Tier_2_unit_pair_partial,False,1765,592,1778,1765,1765,11821,0.05,True,0.07390233326294136,5.665722379603399,0.3348911368315145,0.9433609696876779,0.9504922542350444,0.04533460897610721,0.9,"time integral of positive outlet enthalpy flow following the simulated charge end state, with linear within-step interpolation at the registered outlet-grade threshold",True,0.9999999999881595,True,525.0,run-wise frozen at the registered transport-property temperature,7.577571174263226,7.577571174263226,1.0,0.0,0.0,0.0,5.592599324722605,0.0,14,binary_monotone_bracket_with_adjacent_verification,MINIMAL_INTEGER_COUNT_BINARY_BRACKET,False,0.01948105353650753,1910.0719173490745,80.01558484282921,8.00155848428292,0.04188323972169035,1446.9551497404861,2967.2593236557836,0.01948105353650753,198.6044986025131,0.0009848174710419412,0.0009684642171677913,1.6353253874152028e-05,45.362821060368034,4.101456496358456,41.261364564009575,42,43,1.1403680906306226,0.25109394400626084,0.03873365934250462,0.03919206179968427,1.5,"two-level balanced square-array Darcy-Weisbach friction screen with one trunk and one lateral supply-return pair; uniform module flow is prescribed and fittings, valves, heat exchangers and site-specific manifolds are excluded",3.3694816876060103,0.00033694816876060103,"frictional energy for the modeled packed bed plus the registered balanced on-array trunk-and-lateral header screen; fittings, valves, heat exchangers, external piping and pump efficiency excluded",True,"parallel modular packed zones; discrete unit count, bed friction and a geometry-normalized on-array header-friction screen are included. Tank shells, fittings, valves, heat exchangers, site-specific trunk routing, flow maldistribution and balance of plant are excluded. Hydraulic values are screening metrics, not installed-pump specifications.",intrinsic_adiabatic,25.0,0.0,0.0,0.0,128,True,"These are deterministic model-form stress cases. Every nonzero effective surface coefficient is referenced to the explicitly registered 25 C ambient sink and converted for each unit using A/V = 4/D + 2/H. The registered values are engineering stress bounds, not transferred calibration values, measurements or probability distributions."
S10MW_8H,10.0,8.0,80.0,G0045_T1_homogeneous_none__AIP_FLINAK_2017_V10,G0045,T1_homogeneous_none,AIP_FLINAK_2017_V10,FLiNaK (LiF-NaF-KF),homogeneous,none,Tier_3_hypothetical_common_skeleton,False,1503,592,1509,1503,1503,11821,0.05,True,0.0707804249656715,6.65335994677312,0.3932687002712063,0.9483059267318142,0.9523231324863266,0.053256857893076374,0.9,"time integral of positive outlet enthalpy flow following the simulated charge end state, with linear within-step interpolation at the registered outlet-grade threshold",True,0.9999999999913537,True,525.0,run-wise frozen at the registered transport-property temperature,7.566611111753524,7.566611111753524,1.0,0.0,0.0,0.0,5.592599324722605,0.0,13,binary_monotone_bracket_with_adjacent_verification,MINIMAL_INTEGER_COUNT_BINARY_BRACKET,False,0.056321766617228874,1626.537162479127,80.04505741329379,8.004505741329378,0.0491842435853516,1478.4978688239205,2526.79363368535,0.056321766617228874,154.27907161449133,0.004229396933075584,0.004216895412273616,1.2501520801978101e-05,78.95507397853464,6.966649276701348,71.98842470183328,38,40,1.1403680906306226,0.20701184710098994,0.0333463276944081,0.03377113880379941,1.5,"two-level balanced square-array Darcy-Weisbach friction screen with one trunk and one lateral supply-return pair; uniform module flow is prescribed and fittings, valves, heat exchangers and site-specific manifolds are excluded",3.986344698948688,0.0003986344698948688,"frictional energy for the modeled packed bed plus the registered balanced on-array trunk-and-lateral header screen; fittings, valves, heat exchangers, external piping and pump efficiency excluded",True,"parallel modular packed zones; discrete unit count, bed friction and a geometry-normalized on-array header-friction screen are included. Tank shells, fittings, valves, heat exchangers, site-specific trunk routing, flow maldistribution and balance of plant are excluded. Hydraulic values are screening metrics, not installed-pump specifications.",intrinsic_adiabatic,25.0,0.0,0.0,0.0,128,True,"These are deterministic model-form stress cases. Every nonzero effective surface coefficient is referenced to the explicitly registered 25 C ambient sink and converted for each unit using A/V = 4/D + 2/H. The registered values are engineering stress bounds, not transferred calibration values, measurements or probability distributions."
S10MW_8H,10.0,8.0,80.0,G0106_T1_homogeneous_none__AIP_FLINAK_2017_V10,G0106,T1_homogeneous_none,AIP_FLINAK_2017_V10,FLiNaK (LiF-NaF-KF),homogeneous,none,Tier_3_hypothetical_common_skeleton,False,1323,566,1326,1323,1323,11301,0.05,True,0.08041041475691932,7.558578987150415,0.4271277059070827,0.9512103047242809,0.9534649225891282,0.060493033854975106,0.9,"time integral of positive outlet enthalpy flow following the simulated charge end state, with linear within-step interpolation at the registered outlet-grade threshold",True,0.9999999999923604,True,525.0,run-wise frozen at the registered transport-property temperature,7.555462665151234,7.555462665151234,1.0,0.0,0.0,0.0,5.395992319558096,0.0,13,binary_monotone_bracket_with_adjacent_verification,MINIMAL_INTEGER_COUNT_BINARY_BRACKET,False,0.040354737665082574,1614.9167539962207,80.03228379013207,8.003228379013207,0.04953815718490417,1642.1799089646963,2282.8292142034115,0.040354737665082574,134.12201694486657,0.0033757665041085233,0.0033649196411577645,1.0846862950766777e-05,73.30061567323202,6.817807915221073,66.48280775801095,36,37,1.1728705861053985,0.20701184710098994,0.03414809875691377,0.034619129266579715,1.5,"two-level balanced square-array Darcy-Weisbach friction screen with one trunk and one lateral supply-return pair; uniform module flow is prescribed and fittings, valves, heat exchangers and site-specific manifolds are excluded",3.700830240333173,0.0003700830240333173,"frictional energy for the modeled packed bed plus the registered balanced on-array trunk-and-lateral header screen; fittings, valves, heat exchangers, external piping and pump efficiency excluded",True,"parallel modular packed zones; discrete unit count, bed friction and a geometry-normalized on-array header-friction screen are included. Tank shells, fittings, valves, heat exchangers, site-specific trunk routing, flow maldistribution and balance of plant are excluded. Hydraulic values are screening metrics, not installed-pump specifications.",intrinsic_adiabatic,25.0,0.0,0.0,0.0,128,False,"These are deterministic model-form stress cases. Every nonzero effective surface coefficient is referenced to the explicitly registered 25 C ambient sink and converted for each unit using A/V = 4/D + 2/H. The registered values are engineering stress bounds, not transferred calibration values, measurements or probability distributions."
S10MW_8H,10.0,8.0,80.0,G0110_T1_homogeneous_none__AIP_FLINAK_2017_V10,G0110,T1_homogeneous_none,AIP_FLINAK_2017_V10,FLiNaK (LiF-NaF-KF),homogeneous,none,Tier_3_hypothetical_common_skeleton,False,1316,496,1328,1316,1316,9912,0.05,True,0.08083812972903058,7.598784194528875,0.3766047026636928,0.9406722891305707,0.9491196267522787,0.06081693965700114,0.9,"time integral of positive outlet enthalpy flow following the simulated charge end state, with linear within-step interpolation at the registered outlet-grade threshold",True,0.9999999999959838,True,525.0,run-wise frozen at the registered transport-property temperature,7.591198826962416,7.591198826962416,1.0,0.0,0.0,0.0,5.505650724050867,0.0,13,binary_monotone_bracket_with_adjacent_verification,MINIMAL_INTEGER_COUNT_BINARY_BRACKET,False,0.04386573576686814,1623.6687633800293,80.0350925886135,8.00350925886135,0.04927113325347353,1626.8461167553583,2326.62031191283,0.04386573576686814,165.53040706265367,0.002612528306704796,0.0026002678628788147,1.2260443825972747e-05,69.21441102974848,6.4402732790601664,62.7741377506883,36,37,1.1112415758190741,0.20701184710098994,0.03423879771814144,0.034711079307061826,1.5,"two-level balanced square-array Darcy-Weisbach friction screen with one trunk and one lateral supply-return pair; uniform module flow is prescribed and fittings, valves, heat exchangers and site-specific manifolds are excluded",3.494495305076206,0.0003494495305076206,"frictional energy for the modeled packed bed plus the registered balanced on-array trunk-and-lateral header screen; fittings, valves, heat exchangers, external piping and pump efficiency excluded",True,"parallel modular packed zones; discrete unit count, bed friction and a geometry-normalized on-array header-friction screen are included. Tank shells, fittings, valves, heat exchangers, site-specific trunk routing, flow maldistribution and balance of plant are excluded. Hydraulic values are screening metrics, not installed-pump specifications.",intrinsic_adiabatic,25.0,0.0,0.0,0.0,128,True,"These are deterministic model-form stress cases. Every nonzero effective surface coefficient is referenced to the explicitly registered 25 C ambient sink and converted for each unit using A/V = 4/D + 2/H. The registered values are engineering stress bounds, not transferred calibration values, measurements or probability distributions."
S10MW_8H,10.0,8.0,80.0,G0121_T1_homogeneous_none__SOLAR_SALT_60_40_V10,G0121,T1_homogeneous_none,SOLAR_SALT_60_40_V10,Solar Salt (NaNO3-KNO3 60:40 wt%),homogeneous,none,Tier_2_unit_pair_partial,False,974,697,975,974,974,13934,0.05,True,0.13391952588202413,10.26694045174538,0.7153334583989739,0.9508382318146932,0.9519897680988744,0.08219309862381323,0.9,"time integral of positive outlet enthalpy flow following the simulated charge end state, with linear within-step interpolation at the registered outlet-grade threshold",True,0.9999999999929678,True,525.0,run-wise frozen at the registered transport-property temperature,7.569102464084486,7.569102464084486,1.0,0.0,0.0,0.0,4.599494081014933,0.0,12,binary_monotone_bracket_with_adjacent_verification,MINIMAL_INTEGER_COUNT_BINARY_BRACKET,False,0.07009757449261134,1934.2470293477575,80.05607805959409,8.005607805959409,0.04135976366316385,1638.0803641666107,2735.9683992949913,0.07009757449261134,39.79494294005952,0.0011171362448135942,0.00109382688124448,2.3309363569114613e-05,34.574976447978564,3.643425501674229,30.931550946304338,31,32,1.3702208113233216,0.25109394400626084,0.044795831957849495,0.04551261078180863,1.5,"two-level balanced square-array Darcy-Weisbach friction screen with one trunk and one lateral supply-return pair; uniform module flow is prescribed and fittings, valves, heat exchangers and site-specific manifolds are excluded",2.568204142190506,0.0002568204142190506,"frictional energy for the modeled packed bed plus the registered balanced on-array trunk-and-lateral header screen; fittings, valves, heat exchangers, external piping and pump efficiency excluded",True,"parallel modular packed zones; discrete unit count, bed friction and a geometry-normalized on-array header-friction screen are included. Tank shells, fittings, valves, heat exchangers, site-specific trunk routing, flow maldistribution and balance of plant are excluded. Hydraulic values are screening metrics, not installed-pump specifications.",intrinsic_adiabatic,25.0,0.0,0.0,0.0,128,False,"These are deterministic model-form stress cases. Every nonzero effective surface coefficient is referenced to the explicitly registered 25 C ambient sink and converted for each unit using A/V = 4/D + 2/H. The registered values are engineering stress bounds, not transferred calibration values, measurements or probability distributions."
S10MW_8H,10.0,8.0,80.0,G0121_T1_homogeneous_none__AIP_FLINAK_2017_V10,G0121,T1_homogeneous_none,AIP_FLINAK_2017_V10,FLiNaK (LiF-NaF-KF),homogeneous,none,Tier_3_hypothetical_common_skeleton,False,813,697,814,813,813,13934,0.05,True,0.13085237235351077,12.300123001230013,0.8569923597547361,0.9533218226401157,0.9536143380090223,0.0984282908394206,0.9,"time integral of positive outlet enthalpy flow following the simulated charge end state, with linear within-step interpolation at the registered outlet-grade threshold",True,0.9999999999922168,True,525.0,run-wise frozen at the registered transport-property temperature,7.553642942851195,7.553642942851195,1.0,0.0,0.0,0.0,4.599494081014933,0.0,10,binary_monotone_bracket_with_adjacent_verification,MINIMAL_INTEGER_COUNT_BINARY_BRACKET,False,0.027750565561190932,1614.5203643323682,80.02220045244896,8.002220045244895,0.04955031956693923,1640.6583581161792,2283.719002696949,0.027750565561190932,16.687154630665724,0.0048774748649042955,0.00485892868582031,1.8546179083988963e-05,59.48431146231899,6.287826733078581,53.19648472924041,28,30,1.3702208113233216,0.20701184710098994,0.03909749444388163,0.039765876098120316,1.5,"two-level balanced square-array Darcy-Weisbach friction screen with one trunk and one lateral supply-return pair; uniform module flow is prescribed and fittings, valves, heat exchangers and site-specific manifolds are excluded",3.0033751923675105,0.00030033751923675106,"frictional energy for the modeled packed bed plus the registered balanced on-array trunk-and-lateral header screen; fittings, valves, heat exchangers, external piping and pump efficiency excluded",True,"parallel modular packed zones; discrete unit count, bed friction and a geometry-normalized on-array header-friction screen are included. Tank shells, fittings, valves, heat exchangers, site-specific trunk routing, flow maldistribution and balance of plant are excluded. Hydraulic values are screening metrics, not installed-pump specifications.",intrinsic_adiabatic,25.0,0.0,0.0,0.0,128,True,"These are deterministic model-form stress cases. Every nonzero effective surface coefficient is referenced to the explicitly registered 25 C ambient sink and converted for each unit using A/V = 4/D + 2/H. The registered values are engineering stress bounds, not transferred calibration values, measurements or probability distributions."
S10MW_8H,10.0,8.0,80.0,G0126_T1_homogeneous_none__AIP_FLINAK_2017_V10,G0126,T1_homogeneous_none,AIP_FLINAK_2017_V10,FLiNaK (LiF-NaF-KF),homogeneous,none,Tier_3_hypothetical_common_skeleton,False,1517,433,1530,1517,1517,8655,0.05,True,0.07012721076031922,6.591957811470007,0.28529269124793666,0.9435359473403809,0.951411946428614,0.05275500932255949,0.9,"time integral of positive outlet enthalpy flow following the simulated charge end state, with linear within-step interpolation at the registered outlet-grade threshold",True,0.999999999990726,True,525.0,run-wise frozen at the registered transport-property temperature,7.571675530545241,7.571675530545241,1.0,0.0,0.0,0.0,5.853093602894273,0.0,14,binary_monotone_bracket_with_adjacent_verification,MINIMAL_INTEGER_COUNT_BINARY_BRACKET,False,0.03668642790342069,1617.100481825368,80.02934914232274,8.002934914232274,0.04947126100024208,1667.517503026612,2255.9443954178396,0.03668642790342069,250.51721641580343,0.0029544198584643224,0.002941742512490976,1.2677345973344929e-05,71.7899206429021,6.337150422750145,65.45277022015195,38,40,1.0306464989743274,0.20701184710098994,0.033192098725090054,0.03361494505502628,1.5,"two-level balanced square-array Darcy-Weisbach friction screen with one trunk and one lateral supply-return pair; uniform module flow is prescribed and fittings, valves, heat exchangers and site-specific manifolds are excluded",3.624539917327073,0.0003624539917327073,"frictional energy for the modeled packed bed plus the registered balanced on-array trunk-and-lateral header screen; fittings, valves, heat exchangers, external piping and pump efficiency excluded",True,"parallel modular packed zones; discrete unit count, bed friction and a geometry-normalized on-array header-friction screen are included. Tank shells, fittings, valves, heat exchangers, site-specific trunk routing, flow maldistribution and balance of plant are excluded. Hydraulic values are screening metrics, not installed-pump specifications.",intrinsic_adiabatic,25.0,0.0,0.0,0.0,128,False,"These are deterministic model-form stress cases. Every nonzero effective surface coefficient is referenced to the explicitly registered 25 C ambient sink and converted for each unit using A/V = 4/D + 2/H. The registered values are engineering stress bounds, not transferred calibration values, measurements or probability distributions."
S10MW_8H,10.0,8.0,80.0,G0127_T1_homogeneous_none__AIP_FLINAK_2017_V10,G0127,T1_homogeneous_none,AIP_FLINAK_2017_V10,FLiNaK (LiF-NaF-KF),homogeneous,none,Tier_3_hypothetical_common_skeleton,False,1446,573,1450,1446,1446,11458,0.05,True,0.0735705247049822,6.915629322268327,0.3962030793342322,0.9508344711210935,0.9534165270310612,0.0553543858855678,0.9,"time integral of positive outlet enthalpy flow following the simulated charge end state, with linear within-step interpolation at the registered outlet-grade threshold",True,0.9999999999902923,True,525.0,run-wise frozen at the registered transport-property temperature,7.556489351531934,7.556489351531934,1.0,0.0,0.0,0.0,5.631505963638052,0.0,13,binary_monotone_bracket_with_adjacent_verification,MINIMAL_INTEGER_COUNT_BINARY_BRACKET,False,0.05305248816378505,1609.0930281494013,80.04244199053103,8.004244199053103,0.04971744864994353,1750.0283725903018,2127.090825218185,0.05305248816378505,152.39581723604218,0.002521118086910703,0.0025120768409559215,9.041245954776198e-06,74.15774883007313,6.781570586060195,67.37617824401295,38,39,1.1033250763250884,0.20701184710098994,0.03355852409400721,0.033997216230990085,1.5,"two-level balanced square-array Darcy-Weisbach friction screen with one trunk and one lateral supply-return pair; uniform module flow is prescribed and fittings, valves, heat exchangers and site-specific manifolds are excluded",3.74406037468033,0.000374406037468033,"frictional energy for the modeled packed bed plus the registered balanced on-array trunk-and-lateral header screen; fittings, valves, heat exchangers, external piping and pump efficiency excluded",True,"parallel modular packed zones; discrete unit count, bed friction and a geometry-normalized on-array header-friction screen are included. Tank shells, fittings, valves, heat exchangers, site-specific trunk routing, flow maldistribution and balance of plant are excluded. Hydraulic values are screening metrics, not installed-pump specifications.",intrinsic_adiabatic,25.0,0.0,0.0,0.0,128,True,"These are deterministic model-form stress cases. Every nonzero effective surface coefficient is referenced to the explicitly registered 25 C ambient sink and converted for each unit using A/V = 4/D + 2/H. The registered values are engineering stress bounds, not transferred calibration values, measurements or probability distributions."
S10MW_8H,10.0,8.0,80.0,G0130_T2_graded_two_layer_fine_hot__AIP_FLINAK_2017_V10,G0130,T2_graded_two_layer_fine_hot,AIP_FLINAK_2017_V10,FLiNaK (LiF-NaF-KF),graded_two_layer,fine_hot,Tier_3_hypothetical_common_skeleton,False,2012,474,2021,2012,2012,9467,0.05,True,0.05287424389831225,4.970178926441352,0.23526561558335063,0.9494160357273002,0.9538345259929173,0.039774350913296355,0.9,"time integral of positive outlet enthalpy flow following the simulated charge end state, with linear within-step interpolation at the registered outlet-grade threshold",True,0.9999999999954738,True,525.0,run-wise frozen at the registered transport-property temperature,7.552573179240266,7.552573179240266,1.0,0.0,0.0,0.0,6.751278253407882,0.0,14,binary_monotone_bracket_with_adjacent_verification,MINIMAL_INTEGER_COUNT_BINARY_BRACKET,False,0.03249254694035475,1620.1929003777905,80.02599403755228,8.002599403755228,0.04937683653677652,1535.299527138288,2435.816476162706,0.03249254694035475,325.0514880895194,0.00917343373766752,0.009144393472711341,2.90402649562034e-05,74.30801564308015,6.050816225439697,68.25719941764045,44,46,0.8569848115564328,0.20701184710098994,0.03095903884789335,0.03130113806015046,1.5,"two-level balanced square-array Darcy-Weisbach friction screen with one trunk and one lateral supply-return pair; uniform module flow is prescribed and fittings, valves, heat exchangers and site-specific manifolds are excluded",3.751982604360018,0.0003751982604360018,"frictional energy for the modeled packed bed plus the registered balanced on-array trunk-and-lateral header screen; fittings, valves, heat exchangers, external piping and pump efficiency excluded",True,"parallel modular packed zones; discrete unit count, bed friction and a geometry-normalized on-array header-friction screen are included. Tank shells, fittings, valves, heat exchangers, site-specific trunk routing, flow maldistribution and balance of plant are excluded. Hydraulic values are screening metrics, not installed-pump specifications.",intrinsic_adiabatic,25.0,0.0,0.0,0.0,128,True,"These are deterministic model-form stress cases. Every nonzero effective surface coefficient is referenced to the explicitly registered 25 C ambient sink and converted for each unit using A/V = 4/D + 2/H. The registered values are engineering stress bounds, not transferred calibration values, measurements or probability distributions."
S10MW_8H,10.0,8.0,80.0,G0134_T1_homogeneous_none__AIP_FLINAK_2017_V10,G0134,T1_homogeneous_none,AIP_FLINAK_2017_V10,FLiNaK (LiF-NaF-KF),homogeneous,none,Tier_3_hypothetical_common_skeleton,False,820,487,824,820,820,9739,0.05,True,0.12973533990659056,12.195121951219512,0.593871901636174,0.9446727255165375,0.9486442721934591,0.09760216537162092,0.9,"time integral of positive outlet enthalpy flow following the simulated charge end state, with linear within-step interpolation at the registered outlet-grade threshold",True,0.9999999999911199,True,525.0,run-wise frozen at the registered transport-property temperature,7.594245564327952,7.594245564327952,1.0,0.0,0.0,0.0,4.639984780983611,0.0,12,binary_monotone_bracket_with_adjacent_verification,MINIMAL_INTEGER_COUNT_BINARY_BRACKET,False,0.04221950591145607,1607.9269154303986,80.03377560472916,8.003377560472916,0.04975350510790234,1918.5632419289154,1905.3957390565292,0.04221950591145607,68.38648153665869,0.001093938899173539,0.001086732007356762,7.2068918167758055e-06,58.78141607724818,6.135673097541186,52.645742979707,28,30,1.3485914799213816,0.20701184710098994,0.03893025722075414,0.03959577991194586,1.5,"two-level balanced square-array Darcy-Weisbach friction screen with one trunk and one lateral supply-return pair; uniform module flow is prescribed and fittings, valves, heat exchangers and site-specific manifolds are excluded",2.9676977528473434,0.00029676977528473436,"frictional energy for the modeled packed bed plus the registered balanced on-array trunk-and-lateral header screen; fittings, valves, heat exchangers, external piping and pump efficiency excluded",True,"parallel modular packed zones; discrete unit count, bed friction and a geometry-normalized on-array header-friction screen are included. Tank shells, fittings, valves, heat exchangers, site-specific trunk routing, flow maldistribution and balance of plant are excluded. Hydraulic values are screening metrics, not installed-pump specifications.",intrinsic_adiabatic,25.0,0.0,0.0,0.0,128,True,"These are deterministic model-form stress cases. Every nonzero effective surface coefficient is referenced to the explicitly registered 25 C ambient sink and converted for each unit using A/V = 4/D + 2/H. The registered values are engineering stress bounds, not transferred calibration values, measurements or probability distributions."
S10MW_8H,10.0,8.0,80.0,G0138_T2_graded_two_layer_fine_hot__AIP_FLINAK_2017_V10,G0138,T2_graded_two_layer_fine_hot,AIP_FLINAK_2017_V10,FLiNaK (LiF-NaF-KF),graded_two_layer,fine_hot,Tier_3_hypothetical_common_skeleton,False,916,432,923,916,916,8627,0.05,True,0.11613862306048499,10.91703056768559,0.4709544698057421,0.9423878849004255,0.9489678144739067,0.08735451798177,0.9,"time integral of positive outlet enthalpy flow following the simulated charge end state, with linear within-step interpolation at the registered outlet-grade threshold",True,0.9999999999920028,True,525.0,run-wise frozen at the registered transport-property temperature,7.591240393125499,7.589851582222988,1.0001829826166513,0.018296587686393768,0.0,0.0,4.739781217830526,0.0,12,binary_monotone_bracket_with_adjacent_verification,MINIMAL_INTEGER_COUNT_BINARY_BRACKET,False,0.020923089126645422,1619.088938358526,80.01673847130132,8.001673847130132,0.04941050371272751,1705.3616218875259,2212.3111034595668,0.020923089126645422,112.33475083323378,0.0023139201740753957,0.002304188917045587,9.731257029810476e-06,63.69008244019825,6.559349273915502,57.13073316628275,30,31,1.3503952708070142,0.20701184710098994,0.037463477778421315,0.03808275076938039,1.5,"two-level balanced square-array Darcy-Weisbach friction screen with one trunk and one lateral supply-return pair; uniform module flow is prescribed and fittings, valves, heat exchangers and site-specific manifolds are excluded",3.2155786049322526,0.00032155786049322527,"frictional energy for the modeled packed bed plus the registered balanced on-array trunk-and-lateral header screen; fittings, valves, heat exchangers, external piping and pump efficiency excluded",True,"parallel modular packed zones; discrete unit count, bed friction and a geometry-normalized on-array header-friction screen are included. Tank shells, fittings, valves, heat exchangers, site-specific trunk routing, flow maldistribution and balance of plant are excluded. Hydraulic values are screening metrics, not installed-pump specifications.",intrinsic_adiabatic,25.0,0.0,0.0,0.0,128,False,"These are deterministic model-form stress cases. Every nonzero effective surface coefficient is referenced to the explicitly registered 25 C ambient sink and converted for each unit using A/V = 4/D + 2/H. The registered values are engineering stress bounds, not transferred calibration values, measurements or probability distributions."
S10MW_8H,10.0,8.0,80.0,G0161_T1_homogeneous_none__SOLAR_SALT_60_40_V10,G0161,T1_homogeneous_none,SOLAR_SALT_60_40_V10,Solar Salt (NaNO3-KNO3 60:40 wt%),homogeneous,none,Tier_2_unit_pair_partial,False,1530,559,1543,1530,1530,11166,0.05,True,0.08525334523470034,6.5359477124183005,0.36491446434820185,0.9415825432090114,0.9494370381971285,0.052298567925305635,0.9,"time integral of positive outlet enthalpy flow following the simulated charge end state, with linear within-step interpolation at the registered outlet-grade threshold",True,0.9999999999908834,True,525.0,run-wise frozen at the registered transport-property temperature,7.587307288579362,7.587307288579362,1.0,0.0,0.0,0.0,5.1550807967295205,0.0,13,binary_monotone_bracket_with_adjacent_verification,MINIMAL_INTEGER_COUNT_BINARY_BRACKET,False,0.02101115714701063,1908.505730870802,80.01680892571761,8.00168089257176,0.04191761057143804,1421.2568712921475,3002.959829525234,0.02101115714701063,174.0368216935898,0.0005906646413603201,0.000582768805072001,7.895836288319446e-06,49.407914276015426,4.616903664465212,44.79101061155021,39,40,1.3876824817744169,0.25109394400626084,0.0400887787662913,0.040599484434930985,1.5,"two-level balanced square-array Darcy-Weisbach friction screen with one trunk and one lateral supply-return pair; uniform module flow is prescribed and fittings, valves, heat exchangers and site-specific manifolds are excluded",3.6699092897508123,0.00036699092897508125,"frictional energy for the modeled packed bed plus the registered balanced on-array trunk-and-lateral header screen; fittings, valves, heat exchangers, external piping and pump efficiency excluded",True,"parallel modular packed zones; discrete unit count, bed friction and a geometry-normalized on-array header-friction screen are included. Tank shells, fittings, valves, heat exchangers, site-specific trunk routing, flow maldistribution and balance of plant are excluded. Hydraulic values are screening metrics, not installed-pump specifications.",intrinsic_adiabatic,25.0,0.0,0.0,0.0,128,True,"These are deterministic model-form stress cases. Every nonzero effective surface coefficient is referenced to the explicitly registered 25 C ambient sink and converted for each unit using A/V = 4/D + 2/H. The registered values are engineering stress bounds, not transferred calibration values, measurements or probability distributions."
S10MW_8H,10.0,8.0,80.0,G0161_T1_homogeneous_none__AIP_FLINAK_2017_V10,G0161,T1_homogeneous_none,AIP_FLINAK_2017_V10,FLiNaK (LiF-NaF-KF),homogeneous,none,Tier_3_hypothetical_common_skeleton,False,1306,559,1312,1306,1306,11166,0.05,True,0.08145710468867094,7.656967840735069,0.42750316267438654,0.947079079926269,0.9515282830688789,0.061284155637268384,0.9,"time integral of positive outlet enthalpy flow following the simulated charge end state, with linear within-step interpolation at the registered outlet-grade threshold",True,0.999999999991171,True,525.0,run-wise frozen at the registered transport-property temperature,7.572051969899945,7.572051969899945,1.0,0.0,0.0,0.0,5.1550807967295205,0.0,13,binary_monotone_bracket_with_adjacent_verification,MINIMAL_INTEGER_COUNT_BINARY_BRACKET,False,0.04638407784063325,1629.090512756384,80.03710726227251,8.00371072622725,0.049107154804211475,1455.7127494641948,2563.310808731997,0.04638407784063325,133.91639812537792,0.0025374498628643913,0.002531442527831211,6.00733503317529e-06,86.0513519194117,8.045968566086684,78.00538335332502,36,37,1.3876824817744169,0.20701184710098994,0.034369630436764866,0.03484371670015843,1.5,"two-level balanced square-array Darcy-Weisbach friction screen with one trunk and one lateral supply-return pair; uniform module flow is prescribed and fittings, valves, heat exchangers and site-specific manifolds are excluded",4.344522444428069,0.0004344522444428069,"frictional energy for the modeled packed bed plus the registered balanced on-array trunk-and-lateral header screen; fittings, valves, heat exchangers, external piping and pump efficiency excluded",True,"parallel modular packed zones; discrete unit count, bed friction and a geometry-normalized on-array header-friction screen are included. Tank shells, fittings, valves, heat exchangers, site-specific trunk routing, flow maldistribution and balance of plant are excluded. Hydraulic values are screening metrics, not installed-pump specifications.",intrinsic_adiabatic,25.0,0.0,0.0,0.0,128,True,"These are deterministic model-form stress cases. Every nonzero effective surface coefficient is referenced to the explicitly registered 25 C ambient sink and converted for each unit using A/V = 4/D + 2/H. The registered values are engineering stress bounds, not transferred calibration values, measurements or probability distributions."
S10MW_8H,10.0,8.0,80.0,G0170_T1_homogeneous_none__AIP_FLINAK_2017_V10,G0170,T1_homogeneous_none,AIP_FLINAK_2017_V10,FLiNaK (LiF-NaF-KF),homogeneous,none,Tier_3_hypothetical_common_skeleton,False,842,810,842,842,842,16192,0.05,True,0.1263455804315965,11.876484560570072,0.9615415426083549,0.9532431326698272,0.9533251147174343,0.09509989206511299,0.9,"time integral of positive outlet enthalpy flow following the simulated charge end state, with linear within-step interpolation at the registered outlet-grade threshold",True,0.9999999999893538,True,525.0,run-wise frozen at the registered transport-property temperature,7.5609610292076885,7.5609610292076885,1.0,0.0,0.0,0.0,4.70917082034683,0.0,7,binary_monotone_bracket_with_adjacent_verification,MINIMAL_INTEGER_COUNT_BINARY_BRACKET,False,0.09263639853140937,1611.3560722096486,80.07410911882513,8.007410911882513,0.04964762374978747,1724.9778162179707,2165.7520739552992,0.09263639853140937,3.99966675254817,0.0038837839109428403,0.0038670335848997855,1.6750326043059512e-05,58.498736913576494,6.244513166648399,52.2542237469281,29,30,1.3159950224731787,0.20701184710098994,0.03841830089506293,0.03907507156209733,1.5,"two-level balanced square-array Darcy-Weisbach friction screen with one trunk and one lateral supply-return pair; uniform module flow is prescribed and fittings, valves, heat exchangers and site-specific manifolds are excluded",2.9535672418874532,0.00029535672418874536,"frictional energy for the modeled packed bed plus the registered balanced on-array trunk-and-lateral header screen; fittings, valves, heat exchangers, external piping and pump efficiency excluded",True,"parallel modular packed zones; discrete unit count, bed friction and a geometry-normalized on-array header-friction screen are included. Tank shells, fittings, valves, heat exchangers, site-specific trunk routing, flow maldistribution and balance of plant are excluded. Hydraulic values are screening metrics, not installed-pump specifications.",intrinsic_adiabatic,25.0,0.0,0.0,0.0,128,True,"These are deterministic model-form stress cases. Every nonzero effective surface coefficient is referenced to the explicitly registered 25 C ambient sink and converted for each unit using A/V = 4/D + 2/H. The registered values are engineering stress bounds, not transferred calibration values, measurements or probability distributions."
S10MW_8H,10.0,8.0,80.0,G0174_T1_homogeneous_none__AIP_FLINAK_2017_V10,G0174,T1_homogeneous_none,AIP_FLINAK_2017_V10,FLiNaK (LiF-NaF-KF),homogeneous,none,Tier_3_hypothetical_common_skeleton,False,1193,801,1194,1193,1193,16012,0.05,True,0.0891726560967345,8.382229673093043,0.6710886678937268,0.9527508415157752,0.953594929232622,0.0670743177855721,0.9,"time integral of positive outlet enthalpy flow following the simulated charge end state, with linear within-step interpolation at the registered outlet-grade threshold",True,0.9999999999924252,True,525.0,run-wise frozen at the registered transport-property temperature,7.554125258966699,7.554125258966699,1.0,0.0,0.0,0.0,5.043183985325774,0.0,12,binary_monotone_bracket_with_adjacent_verification,MINIMAL_INTEGER_COUNT_BINARY_BRACKET,False,0.024576397734388244,1616.7529723671137,80.01966111818751,8.001966111818751,0.0494818944930534,1601.0192403604678,2341.211499680589,0.024576397734388244,49.01160574482526,0.0026488891679204416,0.002642240400410912,6.648767509531001e-06,79.52010772066483,7.543668949921506,71.9764387707433,34,36,1.3680629559497466,0.20701184710098994,0.03545757259961457,0.035960542013891435,1.5,"two-level balanced square-array Darcy-Weisbach friction screen with one trunk and one lateral supply-return pair; uniform module flow is prescribed and fittings, valves, heat exchangers and site-specific manifolds are excluded",4.0147912368219485,0.00040147912368219485,"frictional energy for the modeled packed bed plus the registered balanced on-array trunk-and-lateral header screen; fittings, valves, heat exchangers, external piping and pump efficiency excluded",True,"parallel modular packed zones; discrete unit count, bed friction and a geometry-normalized on-array header-friction screen are included. Tank shells, fittings, valves, heat exchangers, site-specific trunk routing, flow maldistribution and balance of plant are excluded. Hydraulic values are screening metrics, not installed-pump specifications.",intrinsic_adiabatic,25.0,0.0,0.0,0.0,128,True,"These are deterministic model-form stress cases. Every nonzero effective surface coefficient is referenced to the explicitly registered 25 C ambient sink and converted for each unit using A/V = 4/D + 2/H. The registered values are engineering stress bounds, not transferred calibration values, measurements or probability distributions."
S10MW_8H,10.0,8.0,80.0,G0175_T1_homogeneous_none__SOLAR_SALT_60_40_V10,G0175,T1_homogeneous_none,SOLAR_SALT_60_40_V10,Solar Salt (NaNO3-KNO3 60:40 wt%),homogeneous,none,Tier_2_unit_pair_partial,False,2319,446,2338,2319,2319,8916,0.05,True,0.05624735584695623,4.3122035360068995,0.19224533761245688,0.9447419627633958,0.9523588034619851,0.03450633683770647,0.9,"time integral of positive outlet enthalpy flow following the simulated charge end state, with linear within-step interpolation at the registered outlet-grade threshold",True,0.9999999999933519,True,525.0,run-wise frozen at the registered transport-property temperature,7.56347311860547,7.56347311860547,1.0,0.0,0.0,0.0,6.221522612621201,0.0,14,binary_monotone_bracket_with_adjacent_verification,MINIMAL_INTEGER_COUNT_BINARY_BRACKET,False,0.025243908301630924,1907.3871895013597,80.02019512664131,8.00201951266413,0.0419421921465846,1451.1775236742496,2953.3558153399163,0.025243908301630924,420.16866178355787,0.0011670079745588703,0.0011496976799193297,1.731029463954162e-05,48.99710818503348,4.0697218064989205,44.92738637853456,48,49,1.000286700835402,0.25109394400626084,0.03612488578773797,0.036499246934491254,1.5,"two-level balanced square-array Darcy-Weisbach friction screen with one trunk and one lateral supply-return pair; uniform module flow is prescribed and fittings, valves, heat exchangers and site-specific manifolds are excluded",3.6394387065255867,0.00036394387065255866,"frictional energy for the modeled packed bed plus the registered balanced on-array trunk-and-lateral header screen; fittings, valves, heat exchangers, external piping and pump efficiency excluded",True,"parallel modular packed zones; discrete unit count, bed friction and a geometry-normalized on-array header-friction screen are included. Tank shells, fittings, valves, heat exchangers, site-specific trunk routing, flow maldistribution and balance of plant are excluded. Hydraulic values are screening metrics, not installed-pump specifications.",intrinsic_adiabatic,25.0,0.0,0.0,0.0,128,False,"These are deterministic model-form stress cases. Every nonzero effective surface coefficient is referenced to the explicitly registered 25 C ambient sink and converted for each unit using A/V = 4/D + 2/H. The registered values are engineering stress bounds, not transferred calibration values, measurements or probability distributions."
S10MW_8H,10.0,8.0,80.0,G0175_T1_homogeneous_none__AIP_FLINAK_2017_V10,G0175,T1_homogeneous_none,AIP_FLINAK_2017_V10,FLiNaK (LiF-NaF-KF),homogeneous,none,Tier_3_hypothetical_common_skeleton,False,1974,446,1982,1974,1974,8916,0.05,True,0.05389208648602039,5.065856129685917,0.2258444467696492,0.9495370242329244,0.9537351120537347,0.040545663422782215,0.9,"time integral of positive outlet enthalpy flow following the simulated charge end state, with linear within-step interpolation at the registered outlet-grade threshold",True,0.9999999999914082,True,525.0,run-wise frozen at the registered transport-property temperature,7.554096396814396,7.554096396814396,1.0,0.0,0.0,0.0,6.221522612621201,0.0,14,binary_monotone_bracket_with_adjacent_verification,MINIMAL_INTEGER_COUNT_BINARY_BRACKET,False,0.046424495715102765,1623.6232479843397,80.03713959657209,8.003713959657208,0.04927251448223389,1482.2392358603738,2513.9820523850776,0.046424495715102765,342.7826383616832,0.005021202521384908,0.005007959140450416,1.3243380934493778e-05,85.2018466609444,7.0792570358901585,78.12258962505425,44,45,1.000286700835402,0.20701184710098994,0.030906367510082574,0.031255603086804126,1.5,"two-level balanced square-array Darcy-Weisbach friction screen with one trunk and one lateral supply-return pair; uniform module flow is prescribed and fittings, valves, heat exchangers and site-specific manifolds are excluded",4.301759659737324,0.0004301759659737324,"frictional energy for the modeled packed bed plus the registered balanced on-array trunk-and-lateral header screen; fittings, valves, heat exchangers, external piping and pump efficiency excluded",True,"parallel modular packed zones; discrete unit count, bed friction and a geometry-normalized on-array header-friction screen are included. Tank shells, fittings, valves, heat exchangers, site-specific trunk routing, flow maldistribution and balance of plant are excluded. Hydraulic values are screening metrics, not installed-pump specifications.",intrinsic_adiabatic,25.0,0.0,0.0,0.0,128,False,"These are deterministic model-form stress cases. Every nonzero effective surface coefficient is referenced to the explicitly registered 25 C ambient sink and converted for each unit using A/V = 4/D + 2/H. The registered values are engineering stress bounds, not transferred calibration values, measurements or probability distributions."
S10MW_8H,10.0,8.0,80.0,G0184_T1_homogeneous_none__AIP_FLINAK_2017_V10,G0184,T1_homogeneous_none,AIP_FLINAK_2017_V10,FLiNaK (LiF-NaF-KF),homogeneous,none,Tier_3_hypothetical_common_skeleton,False,1492,509,1497,1492,1492,10166,0.05,True,0.07130226455992242,6.702412868632708,0.34071274576516525,0.9501986144842542,0.9533964565331432,0.05363687479328677,0.9,"time integral of positive outlet enthalpy flow following the simulated charge end state, with linear within-step interpolation at the registered outlet-grade threshold",True,0.999999999991253,True,525.0,run-wise frozen at the registered transport-property temperature,7.555432484480765,7.555432484480765,1.0,0.0,0.0,0.0,5.790955388750883,0.0,13,binary_monotone_bracket_with_adjacent_verification,MINIMAL_INTEGER_COUNT_BINARY_BRACKET,False,0.03277148947984365,1603.2125479413312,80.02621719158387,8.002621719158387,0.04989980904448832,1848.0703099446796,1983.9117662112271,0.03277148947984365,193.50237478032173,0.002061492358331527,0.0020529611837274823,8.531174604050397e-06,72.45376688148552,6.424500408954635,66.02926647253089,38,40,1.0509426433509348,0.20701184710098994,0.033469027424774526,0.033895401651072035,1.5,"two-level balanced square-array Darcy-Weisbach friction screen with one trunk and one lateral supply-return pair; uniform module flow is prescribed and fittings, valves, heat exchangers and site-specific manifolds are excluded",3.6580098227633018,0.0003658009822763302,"frictional energy for the modeled packed bed plus the registered balanced on-array trunk-and-lateral header screen; fittings, valves, heat exchangers, external piping and pump efficiency excluded",True,"parallel modular packed zones; discrete unit count, bed friction and a geometry-normalized on-array header-friction screen are included. Tank shells, fittings, valves, heat exchangers, site-specific trunk routing, flow maldistribution and balance of plant are excluded. Hydraulic values are screening metrics, not installed-pump specifications.",intrinsic_adiabatic,25.0,0.0,0.0,0.0,128,False,"These are deterministic model-form stress cases. Every nonzero effective surface coefficient is referenced to the explicitly registered 25 C ambient sink and converted for each unit using A/V = 4/D + 2/H. The registered values are engineering stress bounds, not transferred calibration values, measurements or probability distributions."
S10MW_8H,10.0,8.0,80.0,G0187_T1_homogeneous_none__AIP_FLINAK_2017_V10,G0187,T1_homogeneous_none,AIP_FLINAK_2017_V10,FLiNaK (LiF-NaF-KF),homogeneous,none,Tier_3_hypothetical_common_skeleton,False,1077,792,1080,1077,1077,15820,0.05,True,0.09877713901894546,9.285051067780874,0.7344851958625082,0.9462341598466115,0.9484657639689869,0.07429627893727919,0.9,"time integral of positive outlet enthalpy flow following the simulated charge end state, with linear within-step interpolation at the registered outlet-grade threshold",True,0.999999999991181,True,525.0,run-wise frozen at the registered transport-property temperature,7.59409152459176,7.59409152459176,1.0,0.0,0.0,0.0,4.942171398166918,0.0,12,binary_monotone_bracket_with_adjacent_verification,MINIMAL_INTEGER_COUNT_BINARY_BRACKET,False,0.021365519312110948,1629.7441584804121,80.0170924154497,8.001709241544969,0.04908745927004439,1533.9360658295284,2463.678271693856,0.021365519312110948,36.149782954535524,0.002518042476602377,0.002508194005576094,9.848471026283102e-06,70.83248616108918,6.852399072837353,63.980087088251835,32,34,1.3229517471155576,0.20701184710098994,0.03623633940056095,0.03678127733837041,1.5,"two-level balanced square-array Darcy-Weisbach friction screen with one trunk and one lateral supply-return pair; uniform module flow is prescribed and fittings, valves, heat exchangers and site-specific manifolds are excluded",3.5761807847284577,0.00035761807847284577,"frictional energy for the modeled packed bed plus the registered balanced on-array trunk-and-lateral header screen; fittings, valves, heat exchangers, external piping and pump efficiency excluded",True,"parallel modular packed zones; discrete unit count, bed friction and a geometry-normalized on-array header-friction screen are included. Tank shells, fittings, valves, heat exchangers, site-specific trunk routing, flow maldistribution and balance of plant are excluded. Hydraulic values are screening metrics, not installed-pump specifications.",intrinsic_adiabatic,25.0,0.0,0.0,0.0,128,False,"These are deterministic model-form stress cases. Every nonzero effective surface coefficient is referenced to the explicitly registered 25 C ambient sink and converted for each unit using A/V = 4/D + 2/H. The registered values are engineering stress bounds, not transferred calibration values, measurements or probability distributions."
S10MW_8H,10.0,8.0,80.0,G0192_T1_homogeneous_none__AIP_FLINAK_2017_V10,G0192,T1_homogeneous_none,AIP_FLINAK_2017_V10,FLiNaK (LiF-NaF-KF),homogeneous,none,Tier_3_hypothetical_common_skeleton,False,1710,748,1714,1710,1710,14945,0.05,True,0.06221226825930073,5.847953216374269,0.436996970597532,0.9516728106432005,0.9536604501828455,0.0467976924254296,0.9,"time integral of positive outlet enthalpy flow following the simulated charge end state, with linear within-step interpolation at the registered outlet-grade threshold",True,0.9999999999891407,True,525.0,run-wise frozen at the registered transport-property temperature,7.5540209339104685,7.5540209339104685,1.0,0.0,0.0,0.0,5.668083775780266,0.0,13,binary_monotone_bracket_with_adjacent_verification,MINIMAL_INTEGER_COUNT_BINARY_BRACKET,False,0.0300675593557731,1618.3893008925795,80.02405404748463,8.002405404748462,0.04943186411074155,1571.8024411941392,2383.562189497098,0.0300675593557731,128.83453828813512,0.002171361043335893,0.0021668294170127376,4.531626323156177e-06,94.22721877462135,8.143515380672426,86.08370339394892,41,42,1.2359494274863283,0.20701184710098994,0.03205450491961075,0.032443058559663784,1.5,"two-level balanced square-array Darcy-Weisbach friction screen with one trunk and one lateral supply-return pair; uniform module flow is prescribed and fittings, valves, heat exchangers and site-specific manifolds are excluded",4.757271325790109,0.00047572713257901093,"frictional energy for the modeled packed bed plus the registered balanced on-array trunk-and-lateral header screen; fittings, valves, heat exchangers, external piping and pump efficiency excluded",True,"parallel modular packed zones; discrete unit count, bed friction and a geometry-normalized on-array header-friction screen are included. Tank shells, fittings, valves, heat exchangers, site-specific trunk routing, flow maldistribution and balance of plant are excluded. Hydraulic values are screening metrics, not installed-pump specifications.",intrinsic_adiabatic,25.0,0.0,0.0,0.0,128,True,"These are deterministic model-form stress cases. Every nonzero effective surface coefficient is referenced to the explicitly registered 25 C ambient sink and converted for each unit using A/V = 4/D + 2/H. The registered values are engineering stress bounds, not transferred calibration values, measurements or probability distributions."
S10MW_8H,10.0,8.0,80.0,G0197_T1_homogeneous_none__AIP_FLINAK_2017_V10,G0197,T1_homogeneous_none,AIP_FLINAK_2017_V10,FLiNaK (LiF-NaF-KF),homogeneous,none,Tier_3_hypothetical_common_skeleton,False,1225,841,1227,1225,1225,16816,0.05,True,0.08684324793747286,8.16326530612245,0.686395951283021,0.949217157051697,0.9510185805520458,0.06533936113026721,0.9,"time integral of positive outlet enthalpy flow following the simulated charge end state, with linear within-step interpolation at the registered outlet-grade threshold",True,0.9999999999920742,True,525.0,run-wise frozen at the registered transport-property temperature,7.576072135569001,7.576072135569001,1.0,0.0,0.0,0.0,5.384352501394019,0.0,12,binary_monotone_bracket_with_adjacent_verification,MINIMAL_INTEGER_COUNT_BINARY_BRACKET,False,0.050896730721672334,1608.7513624145697,80.04071738457733,8.004071738457734,0.04972800761450685,1831.218494833651,2020.8925664173698,0.050896730721672334,45.68850502844399,0.0016818893270209338,0.0016734150038364597,8.474323184472608e-06,66.8505976620865,6.478914942435169,60.37168271965133,35,35,1.1383216147316477,0.20701184710098994,0.034991388671322156,0.034991388671322156,1.5,"two-level balanced square-array Darcy-Weisbach friction screen with one trunk and one lateral supply-return pair; uniform module flow is prescribed and fittings, valves, heat exchangers and site-specific manifolds are excluded",3.3751086801661447,0.0003375108680166145,"frictional energy for the modeled packed bed plus the registered balanced on-array trunk-and-lateral header screen; fittings, valves, heat exchangers, external piping and pump efficiency excluded",True,"parallel modular packed zones; discrete unit count, bed friction and a geometry-normalized on-array header-friction screen are included. Tank shells, fittings, valves, heat exchangers, site-specific trunk routing, flow maldistribution and balance of plant are excluded. Hydraulic values are screening metrics, not installed-pump specifications.",intrinsic_adiabatic,25.0,0.0,0.0,0.0,128,True,"These are deterministic model-form stress cases. Every nonzero effective surface coefficient is referenced to the explicitly registered 25 C ambient sink and converted for each unit using A/V = 4/D + 2/H. The registered values are engineering stress bounds, not transferred calibration values, measurements or probability distributions."
S10MW_8H,10.0,8.0,80.0,G0202_T1_homogeneous_none__AIP_FLINAK_2017_V10,G0202,T1_homogeneous_none,AIP_FLINAK_2017_V10,FLiNaK (LiF-NaF-KF),homogeneous,none,Tier_3_hypothetical_common_skeleton,False,923,407,935,923,923,8125,0.05,True,0.11525783176966874,10.834236186348862,0.4401515974745607,0.9312287941435035,0.9432836316333799,0.08672792607655673,0.9,"time integral of positive outlet enthalpy flow following the simulated charge end state, with linear within-step interpolation at the registered outlet-grade threshold",True,0.9999999999963498,True,525.0,run-wise frozen at the registered transport-property temperature,7.639879188476066,7.639879188476066,1.0,0.0,0.0,0.0,4.849769807259363,0.0,13,binary_monotone_bracket_with_adjacent_verification,MINIMAL_INTEGER_COUNT_BINARY_BRACKET,False,0.06234471082731119,1627.1518169151257,80.04987576866185,8.004987576866185,0.049165664302713866,1758.0327012105904,2166.0496432087884,0.06234471082731119,127.1944497617771,0.0012712967364626945,0.0012623181777487965,8.978558713895966e-06,60.39086131706742,6.215693087598274,54.17516822946915,30,31,1.2742787844345949,0.20701184710098994,0.03732114654772753,0.037938066796972134,1.5,"two-level balanced square-array Darcy-Weisbach friction screen with one trunk and one lateral supply-return pair; uniform module flow is prescribed and fittings, valves, heat exchangers and site-specific manifolds are excluded",3.048961267533691,0.0003048961267533691,"frictional energy for the modeled packed bed plus the registered balanced on-array trunk-and-lateral header screen; fittings, valves, heat exchangers, external piping and pump efficiency excluded",True,"parallel modular packed zones; discrete unit count, bed friction and a geometry-normalized on-array header-friction screen are included. Tank shells, fittings, valves, heat exchangers, site-specific trunk routing, flow maldistribution and balance of plant are excluded. Hydraulic values are screening metrics, not installed-pump specifications.",intrinsic_adiabatic,25.0,0.0,0.0,0.0,128,False,"These are deterministic model-form stress cases. Every nonzero effective surface coefficient is referenced to the explicitly registered 25 C ambient sink and converted for each unit using A/V = 4/D + 2/H. The registered values are engineering stress bounds, not transferred calibration values, measurements or probability distributions."
S10MW_8H,10.0,8.0,80.0,G0212_T1_homogeneous_none__AIP_FLINAK_2017_V10,G0212,T1_homogeneous_none,AIP_FLINAK_2017_V10,FLiNaK (LiF-NaF-KF),homogeneous,none,Tier_3_hypothetical_common_skeleton,False,2041,491,2051,2041,2041,9802,0.05,True,0.05212296850730243,4.899559039686428,0.24013970886620892,0.9489105092100362,0.953508321029761,0.039206681614204306,0.9,"time integral of positive outlet enthalpy flow following the simulated charge end state, with linear within-step interpolation at the registered outlet-grade threshold",True,0.9999999999959478,True,525.0,run-wise frozen at the registered transport-property temperature,7.553785850876369,7.553785850876369,1.0,0.0,0.0,0.0,6.106190167527984,0.0,14,binary_monotone_bracket_with_adjacent_verification,MINIMAL_INTEGER_COUNT_BINARY_BRACKET,False,0.026046468238738463,1609.7534505389838,80.020837174591,8.002083717459099,0.04969705141691984,1727.392701177625,2158.242758635518,0.026046468238738463,316.4242576629167,0.0014998926688363679,0.0014960958691544331,3.796799681930638e-06,95.1908209640105,7.823881930622882,87.36693903338762,45,46,1.0867857999298889,0.20701184710098994,0.03073830779019375,0.03107796791119449,1.5,"two-level balanced square-array Darcy-Weisbach friction screen with one trunk and one lateral supply-return pair; uniform module flow is prescribed and fittings, valves, heat exchangers and site-specific manifolds are excluded",4.805885910912757,0.00048058859109127575,"frictional energy for the modeled packed bed plus the registered balanced on-array trunk-and-lateral header screen; fittings, valves, heat exchangers, external piping and pump efficiency excluded",True,"parallel modular packed zones; discrete unit count, bed friction and a geometry-normalized on-array header-friction screen are included. Tank shells, fittings, valves, heat exchangers, site-specific trunk routing, flow maldistribution and balance of plant are excluded. Hydraulic values are screening metrics, not installed-pump specifications.",intrinsic_adiabatic,25.0,0.0,0.0,0.0,128,True,"These are deterministic model-form stress cases. Every nonzero effective surface coefficient is referenced to the explicitly registered 25 C ambient sink and converted for each unit using A/V = 4/D + 2/H. The registered values are engineering stress bounds, not transferred calibration values, measurements or probability distributions."
S10MW_8H,10.0,8.0,80.0,G0213_T1_homogeneous_none__AIP_FLINAK_2017_V10,G0213,T1_homogeneous_none,AIP_FLINAK_2017_V10,FLiNaK (LiF-NaF-KF),homogeneous,none,Tier_3_hypothetical_common_skeleton,False,2619,641,2643,2619,2619,12815,0.05,True,0.04061969405246439,3.8182512409316534,0.24465667261689614,0.9434506116510584,0.9519083885799189,0.030550393402633425,0.9,"time integral of positive outlet enthalpy flow following the simulated charge end state, with linear within-step interpolation at the registered outlet-grade threshold",True,0.999999999993754,True,525.0,run-wise frozen at the registered transport-property temperature,7.566164172194747,7.566164172194747,1.0,0.0,0.0,0.0,6.503811599195677,0.0,14,binary_monotone_bracket_with_adjacent_verification,MINIMAL_INTEGER_COUNT_BINARY_BRACKET,False,0.014350401871210394,1628.4788434783206,80.01148032149696,8.001148032149697,0.04912559983224923,1444.8043930697595,2575.7826588085877,0.014350401871210394,308.73604194146947,0.0017779269077641618,0.0017746851631773967,3.2417445867620323e-06,116.7430845144314,8.92234378749832,107.82074072693308,51,52,1.0965597628247157,0.20701184710098994,0.028887671664692555,0.02916950928179206,1.5,"two-level balanced square-array Darcy-Weisbach friction screen with one trunk and one lateral supply-return pair; uniform module flow is prescribed and fittings, valves, heat exchangers and site-specific manifolds are excluded",5.893988974415385,0.0005893988974415386,"frictional energy for the modeled packed bed plus the registered balanced on-array trunk-and-lateral header screen; fittings, valves, heat exchangers, external piping and pump efficiency excluded",True,"parallel modular packed zones; discrete unit count, bed friction and a geometry-normalized on-array header-friction screen are included. Tank shells, fittings, valves, heat exchangers, site-specific trunk routing, flow maldistribution and balance of plant are excluded. Hydraulic values are screening metrics, not installed-pump specifications.",intrinsic_adiabatic,25.0,0.0,0.0,0.0,128,False,"These are deterministic model-form stress cases. Every nonzero effective surface coefficient is referenced to the explicitly registered 25 C ambient sink and converted for each unit using A/V = 4/D + 2/H. The registered values are engineering stress bounds, not transferred calibration values, measurements or probability distributions."
S10MW_8H,10.0,8.0,80.0,G0225_T1_homogeneous_none__SOLAR_SALT_60_40_V10,G0225,T1_homogeneous_none,SOLAR_SALT_60_40_V10,Solar Salt (NaNO3-KNO3 60:40 wt%),homogeneous,none,Tier_2_unit_pair_partial,False,3093,374,3194,3093,3093,7470,0.05,True,0.04217187785615632,3.2331070158422244,0.12076124536305063,0.9187466273058356,0.948742852655112,0.025868544745010557,0.9,"time integral of positive outlet enthalpy flow following the simulated charge end state, with linear within-step interpolation at the registered outlet-grade threshold",True,0.9999999999877299,True,525.0,run-wise frozen at the registered transport-property temperature,7.591397963123429,7.591397963123429,1.0,0.0,0.0,0.0,6.527849710655722,0.0,15,binary_monotone_bracket_with_adjacent_verification,MINIMAL_INTEGER_COUNT_BINARY_BRACKET,False,0.014261120397063287,1908.4002728537098,80.01140889631765,8.001140889631765,0.041919926934600935,1412.109631733648,3016.9022623110427,0.014261120397063287,728.0802313636709,0.0003821206992020978,0.0003778862884006748,4.2344108014221334e-06,66.46743817347614,5.038348271993382,61.42908990148276,55,57,1.0829784480790143,0.25109394400626084,0.033786273381903986,0.03408660171824296,1.5,"two-level balanced square-array Darcy-Weisbach friction screen with one trunk and one lateral supply-return pair; uniform module flow is prescribed and fittings, valves, heat exchangers and site-specific manifolds are excluded",4.937021904630799,0.0004937021904630799,"frictional energy for the modeled packed bed plus the registered balanced on-array trunk-and-lateral header screen; fittings, valves, heat exchangers, external piping and pump efficiency excluded",True,"parallel modular packed zones; discrete unit count, bed friction and a geometry-normalized on-array header-friction screen are included. Tank shells, fittings, valves, heat exchangers, site-specific trunk routing, flow maldistribution and balance of plant are excluded. Hydraulic values are screening metrics, not installed-pump specifications.",intrinsic_adiabatic,25.0,0.0,0.0,0.0,128,True,"These are deterministic model-form stress cases. Every nonzero effective surface coefficient is referenced to the explicitly registered 25 C ambient sink and converted for each unit using A/V = 4/D + 2/H. The registered values are engineering stress bounds, not transferred calibration values, measurements or probability distributions."
S10MW_8H,10.0,8.0,80.0,G0225_T1_homogeneous_none__AIP_FLINAK_2017_V10,G0225,T1_homogeneous_none,AIP_FLINAK_2017_V10,FLiNaK (LiF-NaF-KF),homogeneous,none,Tier_3_hypothetical_common_skeleton,False,2642,374,2694,2642,2642,7470,0.05,True,0.040266078245043246,3.785011355034065,0.1413756744541694,0.9326954377206107,0.9510206537176862,0.030287962071802052,0.9,"time integral of positive outlet enthalpy flow following the simulated charge end state, with linear within-step interpolation at the registered outlet-grade threshold",True,0.9999999999938874,True,525.0,run-wise frozen at the registered transport-property temperature,7.574485939076011,7.574485939076011,1.0,0.0,0.0,0.0,6.527849710655722,0.0,15,binary_monotone_bracket_with_adjacent_verification,MINIMAL_INTEGER_COUNT_BINARY_BRACKET,False,0.025994742126278503,1630.1304626186554,80.02079579370103,8.002079579370102,0.04907582664978073,1447.3470182080282,2576.998311356539,0.025994742126278503,607.3352639065047,0.001643549191244838,0.0016403320182622019,3.2171729826321927e-06,115.93213338022234,8.840144484420836,107.0919888958015,51,52,1.0829784480790143,0.20701184710098994,0.02876165561612544,0.02904226377924691,1.5,"two-level balanced square-array Darcy-Weisbach friction screen with one trunk and one lateral supply-return pair; uniform module flow is prescribed and fittings, valves, heat exchangers and site-specific manifolds are excluded",5.85304045672794,0.000585304045672794,"frictional energy for the modeled packed bed plus the registered balanced on-array trunk-and-lateral header screen; fittings, valves, heat exchangers, external piping and pump efficiency excluded",True,"parallel modular packed zones; discrete unit count, bed friction and a geometry-normalized on-array header-friction screen are included. Tank shells, fittings, valves, heat exchangers, site-specific trunk routing, flow maldistribution and balance of plant are excluded. Hydraulic values are screening metrics, not installed-pump specifications.",intrinsic_adiabatic,25.0,0.0,0.0,0.0,128,True,"These are deterministic model-form stress cases. Every nonzero effective surface coefficient is referenced to the explicitly registered 25 C ambient sink and converted for each unit using A/V = 4/D + 2/H. The registered values are engineering stress bounds, not transferred calibration values, measurements or probability distributions."
S50MW_6H,50.0,6.0,300.0,G0011_T1_homogeneous_none__SOLAR_SALT_60_40_V10,G0011,T1_homogeneous_none,SOLAR_SALT_60_40_V10,Solar Salt (NaNO3-KNO3 60:40 wt%),homogeneous,none,Tier_2_unit_pair_partial,False,3800,3498,3803,3800,3800,69945,0.05,True,0.1716284450119625,13.157894736842104,0.9203315590558818,0.9455272049021222,0.9461923641182446,0.0789480676420989,0.9,"time integral of positive outlet enthalpy flow following the simulated charge end state, with linear within-step interpolation at the registered outlet-grade threshold",True,0.9999999999945576,True,525.0,run-wise frozen at the registered transport-property temperature,5.709471039836032,5.709471039836032,1.0,0.0,0.0,0.0,4.592357427740836,0.0,12,binary_monotone_bracket_with_adjacent_verification,MINIMAL_INTEGER_COUNT_BINARY_BRACKET,False,0.000885679991946553,7209.45512326872,300.0026570399758,6.000053140799516,0.041612021279075796,5563.445952006937,11041.066918162458,0.000885679991946553,8.656493430024902,0.001253286861676655,0.0012182387616765215,3.504810000013412e-05,37.41860647177462,2.780350036403289,34.63825643537134,61,63,1.4171749082009675,0.5614631275365252,0.07171752392134306,0.07229357754421072,1.5,"two-level balanced square-array Darcy-Weisbach friction screen with one trunk and one lateral supply-return pair; uniform module flow is prescribed and fittings, valves, heat exchangers and site-specific manifolds are excluded",13.897151018264193,0.00027794302036528385,"frictional energy for the modeled packed bed plus the registered balanced on-array trunk-and-lateral header screen; fittings, valves, heat exchangers, external piping and pump efficiency excluded",True,"parallel modular packed zones; discrete unit count, bed friction and a geometry-normalized on-array header-friction screen are included. Tank shells, fittings, valves, heat exchangers, site-specific trunk routing, flow maldistribution and balance of plant are excluded. Hydraulic values are screening metrics, not installed-pump specifications.",intrinsic_adiabatic,25.0,0.0,0.0,0.0,128,True,"These are deterministic model-form stress cases. Every nonzero effective surface coefficient is referenced to the explicitly registered 25 C ambient sink and converted for each unit using A/V = 4/D + 2/H. The registered values are engineering stress bounds, not transferred calibration values, measurements or probability distributions."
S50MW_6H,50.0,6.0,300.0,G0011_T1_homogeneous_none__AIP_FLINAK_2017_V10,G0011,T1_homogeneous_none,AIP_FLINAK_2017_V10,FLiNaK (LiF-NaF-KF),homogeneous,none,Tier_3_hypothetical_common_skeleton,False,3498,3498,3220,3220,3220,69945,0.05,True,0.15206257679160126,14.29388221841052,0.9997884289343484,0.9496144744740819,0.9496158089752472,0.0931860912692064,0.9,"time integral of positive outlet enthalpy flow following the simulated charge end state, with linear within-step interpolation at the registered outlet-grade threshold",True,0.9999999999943724,True,525.0,run-wise frozen at the registered transport-property temperature,6.180254882677944,6.180254882677944,1.0,0.0,0.0,0.0,4.592357427740836,0.0,1,binary_monotone_bracket_with_adjacent_verification,MINIMAL_INTEGER_COUNT_BINARY_BRACKET,False,8.654982419894663,6636.493163472101,325.964947259684,6.51929894519368,0.045204597158515734,6145.135224176918,10163.592652561127,8.654982419894663,0.02116158374396715,0.004929970144211596,0.004907041452612146,2.292869159943726e-05,67.86028503035286,4.991643705712936,62.868641324639924,59,60,1.4171749082009675,0.46289256226560627,0.060116862388744155,0.060624186677477404,1.5,"two-level balanced square-array Darcy-Weisbach friction screen with one trunk and one lateral supply-return pair; uniform module flow is prescribed and fittings, valves, heat exchangers and site-specific manifolds are excluded",17.13123903676043,0.00034262478073520867,"frictional energy for the modeled packed bed plus the registered balanced on-array trunk-and-lateral header screen; fittings, valves, heat exchangers, external piping and pump efficiency excluded",True,"parallel modular packed zones; discrete unit count, bed friction and a geometry-normalized on-array header-friction screen are included. Tank shells, fittings, valves, heat exchangers, site-specific trunk routing, flow maldistribution and balance of plant are excluded. Hydraulic values are screening metrics, not installed-pump specifications.",intrinsic_adiabatic,25.0,0.0,0.0,0.0,128,False,"These are deterministic model-form stress cases. Every nonzero effective surface coefficient is referenced to the explicitly registered 25 C ambient sink and converted for each unit using A/V = 4/D + 2/H. The registered values are engineering stress bounds, not transferred calibration values, measurements or probability distributions."
S50MW_6H,50.0,6.0,300.0,G0015_T1_homogeneous_none__AIP_FLINAK_2017_V10,G0015,T1_homogeneous_none,AIP_FLINAK_2017_V10,FLiNaK (LiF-NaF-KF),homogeneous,none,Tier_3_hypothetical_common_skeleton,False,3772,2055,3788,3772,3772,41080,0.05,True,0.14101667381151145,13.255567338282079,0.5445419862810795,0.9459248273602447,0.9498280117913973,0.0795439158849464,0.9,"time integral of positive outlet enthalpy flow following the simulated charge end state, with linear within-step interpolation at the registered outlet-grade threshold",True,0.9999999999920646,True,525.0,run-wise frozen at the registered transport-property temperature,5.687127485380781,5.687127485380781,1.0,0.0,0.0,0.0,4.802953673840943,0.0,14,binary_monotone_bracket_with_adjacent_verification,MINIMAL_INTEGER_COUNT_BINARY_BRACKET,False,0.013216906005952822,6042.524131224209,300.03965071801787,6.000793014360357,0.04964812609514897,6795.298260438725,7697.918189240857,0.013216906005952822,83.64056862344935,0.0016178031753227495,0.0016093042552787636,8.498920043990665e-06,70.8850730750428,5.102397988714113,65.78267508632867,61,62,1.3981046093890797,0.46289256226560627,0.0588652886685731,0.05934582961056449,1.5,"two-level balanced square-array Darcy-Weisbach friction screen with one trunk and one lateral supply-return pair; uniform module flow is prescribed and fittings, valves, heat exchangers and site-specific manifolds are excluded",17.893951208300237,0.0003578790241660047,"frictional energy for the modeled packed bed plus the registered balanced on-array trunk-and-lateral header screen; fittings, valves, heat exchangers, external piping and pump efficiency excluded",True,"parallel modular packed zones; discrete unit count, bed friction and a geometry-normalized on-array header-friction screen are included. Tank shells, fittings, valves, heat exchangers, site-specific trunk routing, flow maldistribution and balance of plant are excluded. Hydraulic values are screening metrics, not installed-pump specifications.",intrinsic_adiabatic,25.0,0.0,0.0,0.0,128,True,"These are deterministic model-form stress cases. Every nonzero effective surface coefficient is referenced to the explicitly registered 25 C ambient sink and converted for each unit using A/V = 4/D + 2/H. The registered values are engineering stress bounds, not transferred calibration values, measurements or probability distributions."
S50MW_6H,50.0,6.0,300.0,G0024_T1_homogeneous_none__SOLAR_SALT_60_40_V10,G0024,T1_homogeneous_none,SOLAR_SALT_60_40_V10,Solar Salt (NaNO3-KNO3 60:40 wt%),homogeneous,none,Tier_2_unit_pair_partial,False,3559,2199,3591,3559,3559,43978,0.05,True,0.18325037680400605,14.048890137679123,0.6178558603402167,0.9287910399227182,0.9371609717437008,0.08430962854223291,0.9,"time integral of positive outlet enthalpy flow following the simulated charge end state, with linear within-step interpolation at the registered outlet-grade threshold",True,0.999999999993492,True,525.0,run-wise frozen at the registered transport-property temperature,5.766227203134633,5.766227203134633,1.0,0.0,0.0,0.0,4.536043793329511,0.0,14,binary_monotone_bracket_with_adjacent_verification,MINIMAL_INTEGER_COUNT_BINARY_BRACKET,False,0.019322660602316688,7243.596370564576,300.05796798180694,6.001159359636139,0.04141589131320104,5348.522700997882,11468.701219052315,0.019322660602316688,61.85004694288392,0.0011107445680903093,0.0010690183035127526,4.1726264577555136e-05,35.21468404495805,2.6634872208415077,32.55119682411654,59,61,1.4030196498438297,0.5614631275365252,0.07290089693611357,0.0735058940062497,1.5,"two-level balanced square-array Darcy-Weisbach friction screen with one trunk and one lateral supply-return pair; uniform module flow is prescribed and fittings, valves, heat exchangers and site-specific manifolds are excluded",13.07859573966723,0.00026157191479334464,"frictional energy for the modeled packed bed plus the registered balanced on-array trunk-and-lateral header screen; fittings, valves, heat exchangers, external piping and pump efficiency excluded",True,"parallel modular packed zones; discrete unit count, bed friction and a geometry-normalized on-array header-friction screen are included. Tank shells, fittings, valves, heat exchangers, site-specific trunk routing, flow maldistribution and balance of plant are excluded. Hydraulic values are screening metrics, not installed-pump specifications.",intrinsic_adiabatic,25.0,0.0,0.0,0.0,128,True,"These are deterministic model-form stress cases. Every nonzero effective surface coefficient is referenced to the explicitly registered 25 C ambient sink and converted for each unit using A/V = 4/D + 2/H. The registered values are engineering stress bounds, not transferred calibration values, measurements or probability distributions."
S50MW_6H,50.0,6.0,300.0,G0024_T1_homogeneous_none__AIP_FLINAK_2017_V10,G0024,T1_homogeneous_none,AIP_FLINAK_2017_V10,FLiNaK (LiF-NaF-KF),homogeneous,none,Tier_3_hypothetical_common_skeleton,False,3033,2199,3047,3033,3033,43978,0.05,True,0.17537583040455695,16.485328058028355,0.7250079152492024,0.9375860794873712,0.9418624553887464,0.0989373310341755,0.9,"time integral of positive outlet enthalpy flow following the simulated charge end state, with linear within-step interpolation at the registered outlet-grade threshold",True,0.9999999999920672,True,525.0,run-wise frozen at the registered transport-property temperature,5.73706389223482,5.73706389223482,1.0,0.0,0.0,0.0,4.536043793329511,0.0,13,binary_monotone_bracket_with_adjacent_verification,MINIMAL_INTEGER_COUNT_BINARY_BRACKET,False,0.025641675551435483,6173.033939848935,300.0769250266543,6.001538500533086,0.048598469232997855,5469.273328788448,9773.692272375856,0.025641675551435483,37.92952862539109,0.004683041596202782,0.004651191710839339,3.1849885363441475e-05,60.153709682185806,4.622288604225949,55.531421077959855,55,56,1.4030196498438297,0.46289256226560627,0.06233404959744671,0.0628981701419263,1.5,"two-level balanced square-array Darcy-Weisbach friction screen with one trunk and one lateral supply-return pair; uniform module flow is prescribed and fittings, valves, heat exchangers and site-specific manifolds are excluded",15.185803298654116,0.00030371606597308235,"frictional energy for the modeled packed bed plus the registered balanced on-array trunk-and-lateral header screen; fittings, valves, heat exchangers, external piping and pump efficiency excluded",True,"parallel modular packed zones; discrete unit count, bed friction and a geometry-normalized on-array header-friction screen are included. Tank shells, fittings, valves, heat exchangers, site-specific trunk routing, flow maldistribution and balance of plant are excluded. Hydraulic values are screening metrics, not installed-pump specifications.",intrinsic_adiabatic,25.0,0.0,0.0,0.0,128,True,"These are deterministic model-form stress cases. Every nonzero effective surface coefficient is referenced to the explicitly registered 25 C ambient sink and converted for each unit using A/V = 4/D + 2/H. The registered values are engineering stress bounds, not transferred calibration values, measurements or probability distributions."
S50MW_6H,50.0,6.0,300.0,G0029_T1_homogeneous_none__AIP_FLINAK_2017_V10,G0029,T1_homogeneous_none,AIP_FLINAK_2017_V10,FLiNaK (LiF-NaF-KF),homogeneous,none,Tier_3_hypothetical_common_skeleton,False,3474,3190,3475,3474,3474,63793,0.05,True,0.15311309545682822,14.392630972941854,0.9181623441493465,0.9512117829816947,0.9515247518833931,0.08636053957323847,0.9,"time integral of positive outlet enthalpy flow following the simulated charge end state, with linear within-step interpolation at the registered outlet-grade threshold",True,0.9999999999924982,True,525.0,run-wise frozen at the registered transport-property temperature,5.676235065702186,5.676235065702186,1.0,0.0,0.0,0.0,4.839838432496768,0.0,12,binary_monotone_bracket_with_adjacent_verification,MINIMAL_INTEGER_COUNT_BINARY_BRACKET,False,0.00550482581014311,6012.500599916294,300.0165144774304,6.000330289548608,0.049896044917513455,7113.274187030759,7203.6309280820715,0.00550482581014311,8.913201066470865,0.0022844678047567258,0.0022693774072261343,1.5090397530593778e-05,61.55042723574896,4.491737392549113,57.05868984319985,58,60,1.291830173274739,0.46289256226560627,0.06032416252939486,0.06083323621741861,1.5,"two-level balanced square-array Darcy-Weisbach friction screen with one trunk and one lateral supply-return pair; uniform module flow is prescribed and fittings, valves, heat exchangers and site-specific manifolds are excluded",15.537771707444778,0.0003107554341488955,"frictional energy for the modeled packed bed plus the registered balanced on-array trunk-and-lateral header screen; fittings, valves, heat exchangers, external piping and pump efficiency excluded",True,"parallel modular packed zones; discrete unit count, bed friction and a geometry-normalized on-array header-friction screen are included. Tank shells, fittings, valves, heat exchangers, site-specific trunk routing, flow maldistribution and balance of plant are excluded. Hydraulic values are screening metrics, not installed-pump specifications.",intrinsic_adiabatic,25.0,0.0,0.0,0.0,128,False,"These are deterministic model-form stress cases. Every nonzero effective surface coefficient is referenced to the explicitly registered 25 C ambient sink and converted for each unit using A/V = 4/D + 2/H. The registered values are engineering stress bounds, not transferred calibration values, measurements or probability distributions."
S50MW_6H,50.0,6.0,300.0,G0029_T2_graded_two_layer_fine_hot__AIP_FLINAK_2017_V10,G0029,T2_graded_two_layer_fine_hot,AIP_FLINAK_2017_V10,FLiNaK (LiF-NaF-KF),graded_two_layer,fine_hot,Tier_3_hypothetical_common_skeleton,False,3475,3190,3477,3475,3475,63793,0.05,True,0.1530690341343946,14.388489208633093,0.9178981247697352,0.950853364599828,0.9512127733924,0.08633222435520123,0.9,"time integral of positive outlet enthalpy flow following the simulated charge end state, with linear within-step interpolation at the registered outlet-grade threshold",True,0.999999999990764,True,525.0,run-wise frozen at the registered transport-property temperature,5.678941928213444,5.678941928213444,1.0,0.0,0.0,0.0,4.839838432496768,0.0,12,binary_monotone_bracket_with_adjacent_verification,MINIMAL_INTEGER_COUNT_BINARY_BRACKET,False,0.001493211441405684,6014.231313963478,300.00447963432424,6.000089592686485,0.04988168634343647,7115.321761638425,7205.704512114335,0.001493211441405684,8.94455201669151,0.002687790866045803,0.0026720531221313447,1.573774391445181e-05,61.56204325301052,4.492949042218991,57.06909421079153,58,60,1.291830173274739,0.46289256226560627,0.060315482169247855,0.06082448260398853,1.5,"two-level balanced square-array Darcy-Weisbach friction screen with one trunk and one lateral supply-return pair; uniform module flow is prescribed and fittings, valves, heat exchangers and site-specific manifolds are excluded",15.540805753563005,0.0003108161150712601,"frictional energy for the modeled packed bed plus the registered balanced on-array trunk-and-lateral header screen; fittings, valves, heat exchangers, external piping and pump efficiency excluded",True,"parallel modular packed zones; discrete unit count, bed friction and a geometry-normalized on-array header-friction screen are included. Tank shells, fittings, valves, heat exchangers, site-specific trunk routing, flow maldistribution and balance of plant are excluded. Hydraulic values are screening metrics, not installed-pump specifications.",intrinsic_adiabatic,25.0,0.0,0.0,0.0,128,True,"These are deterministic model-form stress cases. Every nonzero effective surface coefficient is referenced to the explicitly registered 25 C ambient sink and converted for each unit using A/V = 4/D + 2/H. The registered values are engineering stress bounds, not transferred calibration values, measurements or probability distributions."
S50MW_6H,50.0,6.0,300.0,G0045_T1_homogeneous_none__SOLAR_SALT_60_40_V10,G0045,T1_homogeneous_none,SOLAR_SALT_60_40_V10,Solar Salt (NaNO3-KNO3 60:40 wt%),homogeneous,none,Tier_2_unit_pair_partial,False,6628,2956,6668,6628,6628,59108,0.05,True,0.09839892743594712,7.543753771876886,0.44589835282711454,0.9433609696876779,0.9491021119380553,0.045268304850876996,0.9,"time integral of positive outlet enthalpy flow following the simulated charge end state, with linear within-step interpolation at the registered outlet-grade threshold",True,0.9999999999915884,True,525.0,run-wise frozen at the registered transport-property temperature,5.691640601716312,5.691640601716312,1.0,0.0,0.0,0.0,5.592599324722605,0.0,15,binary_monotone_bracket_with_adjacent_verification,MINIMAL_INTEGER_COUNT_BINARY_BRACKET,False,0.012774850537566884,7172.779981977148,300.0383245516127,6.000766491032254,0.041824787704879,5433.665004237928,11142.773256198603,0.012774850537566884,124.26635883710561,0.001318474873097005,0.001289483511844563,2.899136125244516e-05,46.23554975395173,2.963570551767523,43.271979202184205,81,82,1.1403680906306226,0.5614631275365252,0.06206867865988455,0.062450643364505065,1.5,"two-level balanced square-array Darcy-Weisbach friction screen with one trunk and one lateral supply-return pair; uniform module flow is prescribed and fittings, valves, heat exchangers and site-specific manifolds are excluded",17.171650148669002,0.0003434330029733801,"frictional energy for the modeled packed bed plus the registered balanced on-array trunk-and-lateral header screen; fittings, valves, heat exchangers, external piping and pump efficiency excluded",True,"parallel modular packed zones; discrete unit count, bed friction and a geometry-normalized on-array header-friction screen are included. Tank shells, fittings, valves, heat exchangers, site-specific trunk routing, flow maldistribution and balance of plant are excluded. Hydraulic values are screening metrics, not installed-pump specifications.",intrinsic_adiabatic,25.0,0.0,0.0,0.0,128,True,"These are deterministic model-form stress cases. Every nonzero effective surface coefficient is referenced to the explicitly registered 25 C ambient sink and converted for each unit using A/V = 4/D + 2/H. The registered values are engineering stress bounds, not transferred calibration values, measurements or probability distributions."
S50MW_6H,50.0,6.0,300.0,G0045_T1_homogeneous_none__AIP_FLINAK_2017_V10,G0045,T1_homogeneous_none,AIP_FLINAK_2017_V10,FLiNaK (LiF-NaF-KF),homogeneous,none,Tier_3_hypothetical_common_skeleton,False,5639,2956,5657,5639,5639,59108,0.05,True,0.09432787615127172,8.866820358219542,0.5241025505476352,0.9483059267318142,0.9513688799083002,0.053203493134615275,0.9,"time integral of positive outlet enthalpy flow following the simulated charge end state, with linear within-step interpolation at the registered outlet-grade threshold",True,0.9999999999939533,True,525.0,run-wise frozen at the registered transport-property temperature,5.6773792399372445,5.6773792399372445,1.0,0.0,0.0,0.0,5.592599324722605,0.0,15,binary_monotone_bracket_with_adjacent_verification,MINIMAL_INTEGER_COUNT_BINARY_BRACKET,False,0.004832595365167336,6102.49039202914,300.0144977860955,6.00028995572191,0.04916025765347366,5547.072177177703,9480.099334897997,0.004832595365167336,90.80235327133954,0.005641988503800642,0.005619785249731536,2.2203254069102996e-05,79.37777400596687,5.090761265671291,74.28701274029558,75,76,1.1403680906306226,0.46289256226560627,0.053383837151283385,0.05373855093488604,1.5,"two-level balanced square-array Darcy-Weisbach friction screen with one trunk and one lateral supply-return pair; uniform module flow is prescribed and fittings, valves, heat exchangers and site-specific manifolds are excluded",20.038782385731896,0.00040077564771463786,"frictional energy for the modeled packed bed plus the registered balanced on-array trunk-and-lateral header screen; fittings, valves, heat exchangers, external piping and pump efficiency excluded",True,"parallel modular packed zones; discrete unit count, bed friction and a geometry-normalized on-array header-friction screen are included. Tank shells, fittings, valves, heat exchangers, site-specific trunk routing, flow maldistribution and balance of plant are excluded. Hydraulic values are screening metrics, not installed-pump specifications.",intrinsic_adiabatic,25.0,0.0,0.0,0.0,128,True,"These are deterministic model-form stress cases. Every nonzero effective surface coefficient is referenced to the explicitly registered 25 C ambient sink and converted for each unit using A/V = 4/D + 2/H. The registered values are engineering stress bounds, not transferred calibration values, measurements or probability distributions."
S50MW_6H,50.0,6.0,300.0,G0106_T1_homogeneous_none__AIP_FLINAK_2017_V10,G0106,T1_homogeneous_none,AIP_FLINAK_2017_V10,FLiNaK (LiF-NaF-KF),homogeneous,none,Tier_3_hypothetical_common_skeleton,False,4963,2826,4972,4963,4963,56508,0.05,True,0.10717608172819287,10.074551682450132,0.5693027956025292,0.9512103047242809,0.952846060196884,0.060453769837223996,0.9,"time integral of positive outlet enthalpy flow following the simulated charge end state, with linear within-step interpolation at the registered outlet-grade threshold",True,0.999999999995121,True,525.0,run-wise frozen at the registered transport-property temperature,5.669100514513889,5.669100514513889,1.0,0.0,0.0,0.0,5.395992319558096,0.0,15,binary_monotone_bracket_with_adjacent_verification,MINIMAL_INTEGER_COUNT_BINARY_BRACKET,False,0.010686567380879808,6058.073960758309,300.03205970214265,6.000641194042853,0.04952068956953573,6160.34685426439,8563.629168625497,0.010686567380879808,75.65344975016973,0.004504247234250967,0.00448497751889151,1.9269715359459645e-05,73.72331935589145,4.9030203204619776,68.82029903542947,70,71,1.1728705861053985,0.46289256226560627,0.05497396796438473,0.055365246695557147,1.5,"two-level balanced square-array Darcy-Weisbach friction screen with one trunk and one lateral supply-return pair; uniform module flow is prescribed and fittings, valves, heat exchangers and site-specific manifolds are excluded",18.611139297149553,0.00037222278594299104,"frictional energy for the modeled packed bed plus the registered balanced on-array trunk-and-lateral header screen; fittings, valves, heat exchangers, external piping and pump efficiency excluded",True,"parallel modular packed zones; discrete unit count, bed friction and a geometry-normalized on-array header-friction screen are included. Tank shells, fittings, valves, heat exchangers, site-specific trunk routing, flow maldistribution and balance of plant are excluded. Hydraulic values are screening metrics, not installed-pump specifications.",intrinsic_adiabatic,25.0,0.0,0.0,0.0,128,True,"These are deterministic model-form stress cases. Every nonzero effective surface coefficient is referenced to the explicitly registered 25 C ambient sink and converted for each unit using A/V = 4/D + 2/H. The registered values are engineering stress bounds, not transferred calibration values, measurements or probability distributions."
S50MW_6H,50.0,6.0,300.0,G0110_T1_homogeneous_none__AIP_FLINAK_2017_V10,G0110,T1_homogeneous_none,AIP_FLINAK_2017_V10,FLiNaK (LiF-NaF-KF),homogeneous,none,Tier_3_hypothetical_common_skeleton,False,4943,2479,4978,4943,4943,49561,0.05,True,0.10760972964131524,10.115314586283633,0.5013269155426054,0.9406722891305707,0.9472592594178244,0.06069773250467776,0.9,"time integral of positive outlet enthalpy flow following the simulated charge end state, with linear within-step interpolation at the registered outlet-grade threshold",True,0.9999999999972027,True,525.0,run-wise frozen at the registered transport-property temperature,5.702279010217634,5.702279010217634,1.0,0.0,0.0,0.0,5.505650724050867,0.0,15,binary_monotone_bracket_with_adjacent_verification,MINIMAL_INTEGER_COUNT_BINARY_BRACKET,False,0.009630590207398981,6098.6281895041675,300.0288917706222,6.000577835412444,0.04919139037141247,6110.562579879738,8738.96975819538,0.009630590207398981,99.47063861864697,0.003483138460387679,0.0034614126113175453,2.1725849070127564e-05,69.66831803794099,4.63127828889791,65.03703974904307,70,71,1.1112415758190741,0.46289256226560627,0.05508507148912876,0.055477141002698745,1.5,"two-level balanced square-array Darcy-Weisbach friction screen with one trunk and one lateral supply-return pair; uniform module flow is prescribed and fittings, valves, heat exchangers and site-specific manifolds are excluded",17.58727619246232,0.0003517455238492464,"frictional energy for the modeled packed bed plus the registered balanced on-array trunk-and-lateral header screen; fittings, valves, heat exchangers, external piping and pump efficiency excluded",True,"parallel modular packed zones; discrete unit count, bed friction and a geometry-normalized on-array header-friction screen are included. Tank shells, fittings, valves, heat exchangers, site-specific trunk routing, flow maldistribution and balance of plant are excluded. Hydraulic values are screening metrics, not installed-pump specifications.",intrinsic_adiabatic,25.0,0.0,0.0,0.0,128,True,"These are deterministic model-form stress cases. Every nonzero effective surface coefficient is referenced to the explicitly registered 25 C ambient sink and converted for each unit using A/V = 4/D + 2/H. The registered values are engineering stress bounds, not transferred calibration values, measurements or probability distributions."
S50MW_6H,50.0,6.0,300.0,G0121_T1_homogeneous_none__SOLAR_SALT_60_40_V10,G0121,T1_homogeneous_none,SOLAR_SALT_60_40_V10,Solar Salt (NaNO3-KNO3 60:40 wt%),homogeneous,none,Tier_2_unit_pair_partial,False,3654,3484,3655,3654,3654,69673,0.05,True,0.1784860676095943,13.683634373289546,0.9533864100719767,0.9508382318146932,0.9510182792164689,0.08210922200643848,0.9,"time integral of positive outlet enthalpy flow following the simulated charge end state, with linear within-step interpolation at the registered outlet-grade threshold",True,0.9999999999950089,True,525.0,run-wise frozen at the registered transport-property temperature,5.680215358412931,5.680215358412931,1.0,0.0,0.0,0.0,4.599494081014933,0.0,11,binary_monotone_bracket_with_adjacent_verification,MINIMAL_INTEGER_COUNT_BINARY_BRACKET,False,0.009032403842068604,7256.405179914482,300.0270972115262,6.000541944230524,0.04134278510665188,6145.3240766579,10264.09500105123,0.009032403842068604,4.889265195683268,0.0014992419940657983,0.0014578371405748857,4.140485349091707e-05,34.96799188959437,2.6551943308897386,32.31279755870464,60,61,1.3702208113233216,0.5614631275365252,0.07194698417405791,0.07254406481997344,1.5,"two-level balanced square-array Darcy-Weisbach friction screen with one trunk and one lateral supply-return pair; uniform module flow is prescribed and fittings, valves, heat exchangers and site-specific manifolds are excluded",12.987122410991244,0.0002597424482198249,"frictional energy for the modeled packed bed plus the registered balanced on-array trunk-and-lateral header screen; fittings, valves, heat exchangers, external piping and pump efficiency excluded",True,"parallel modular packed zones; discrete unit count, bed friction and a geometry-normalized on-array header-friction screen are included. Tank shells, fittings, valves, heat exchangers, site-specific trunk routing, flow maldistribution and balance of plant are excluded. Hydraulic values are screening metrics, not installed-pump specifications.",intrinsic_adiabatic,25.0,0.0,0.0,0.0,128,False,"These are deterministic model-form stress cases. Every nonzero effective surface coefficient is referenced to the explicitly registered 25 C ambient sink and converted for each unit using A/V = 4/D + 2/H. The registered values are engineering stress bounds, not transferred calibration values, measurements or probability distributions."
S50MW_6H,50.0,6.0,300.0,G0121_T1_homogeneous_none__AIP_FLINAK_2017_V10,G0121,T1_homogeneous_none,AIP_FLINAK_2017_V10,FLiNaK (LiF-NaF-KF),homogeneous,none,Tier_3_hypothetical_common_skeleton,False,3484,3484,3049,3049,3049,69673,0.05,True,0.15267362044116567,14.351320321469576,0.9999064128596448,0.9533218226401157,0.9533220242908694,0.09839811937647179,0.9,"time integral of positive outlet enthalpy flow following the simulated charge end state, with linear within-step interpolation at the registered outlet-grade threshold",True,0.9999999999936234,True,525.0,run-wise frozen at the registered transport-property temperature,6.474588420802731,6.474588420802731,1.0,0.0,0.0,0.0,4.599494081014933,0.0,1,binary_monotone_bracket_with_adjacent_verification,MINIMAL_INTEGER_COUNT_BINARY_BRACKET,False,14.273015969209247,6918.805595736742,342.81904790762775,6.856380958152555,0.0433600851836125,7030.816383366258,9786.564582283112,14.273015969209247,0.009359589972790516,0.005694462564626808,0.00566921501373694,2.5247550889858288e-05,65.47698890719253,4.84556552919086,60.63142337800167,59,60,1.3702208113233216,0.46289256226560627,0.06023752718018134,0.06074586975524988,1.5,"two-level balanced square-array Darcy-Weisbach friction screen with one trunk and one lateral supply-return pair; uniform module flow is prescribed and fittings, valves, heat exchangers and site-specific manifolds are excluded",16.52981577627936,0.0003305963155255872,"frictional energy for the modeled packed bed plus the registered balanced on-array trunk-and-lateral header screen; fittings, valves, heat exchangers, external piping and pump efficiency excluded",True,"parallel modular packed zones; discrete unit count, bed friction and a geometry-normalized on-array header-friction screen are included. Tank shells, fittings, valves, heat exchangers, site-specific trunk routing, flow maldistribution and balance of plant are excluded. Hydraulic values are screening metrics, not installed-pump specifications.",intrinsic_adiabatic,25.0,0.0,0.0,0.0,128,False,"These are deterministic model-form stress cases. Every nonzero effective surface coefficient is referenced to the explicitly registered 25 C ambient sink and converted for each unit using A/V = 4/D + 2/H. The registered values are engineering stress bounds, not transferred calibration values, measurements or probability distributions."
S50MW_6H,50.0,6.0,300.0,G0126_T1_homogeneous_none__AIP_FLINAK_2017_V10,G0126,T1_homogeneous_none,AIP_FLINAK_2017_V10,FLiNaK (LiF-NaF-KF),homogeneous,none,Tier_3_hypothetical_common_skeleton,False,5694,2164,5735,5694,5694,43278,0.05,True,0.09341673579505115,8.781173164734808,0.3800395263638215,0.9435359473403809,0.9501993491642602,0.052687771802339536,0.9,"time integral of positive outlet enthalpy flow following the simulated charge end state, with linear within-step interpolation at the registered outlet-grade threshold",True,0.9999999999927585,True,525.0,run-wise frozen at the registered transport-property temperature,5.684296443972261,5.684296443972261,1.0,0.0,0.0,0.0,5.853093602894273,0.0,15,binary_monotone_bracket_with_adjacent_verification,MINIMAL_INTEGER_COUNT_BINARY_BRACKET,False,0.0013908808404350381,6069.723232375507,300.0041726425213,6.0000834528504265,0.04942564735074239,6258.961543990461,8467.598805213698,0.0013908808404350381,163.1305247556473,0.0039412028398409325,0.003918706876930809,2.249596291011742e-05,72.16680568635621,4.61162367479139,67.55518201156481,75,76,1.0306464989743274,0.46289256226560627,0.05312538652940871,0.05347838301423982,1.5,"two-level balanced square-array Darcy-Weisbach friction screen with one trunk and one lateral supply-return pair; uniform module flow is prescribed and fittings, valves, heat exchangers and site-specific manifolds are excluded",18.21808589881129,0.00036436171797622573,"frictional energy for the modeled packed bed plus the registered balanced on-array trunk-and-lateral header screen; fittings, valves, heat exchangers, external piping and pump efficiency excluded",True,"parallel modular packed zones; discrete unit count, bed friction and a geometry-normalized on-array header-friction screen are included. Tank shells, fittings, valves, heat exchangers, site-specific trunk routing, flow maldistribution and balance of plant are excluded. Hydraulic values are screening metrics, not installed-pump specifications.",intrinsic_adiabatic,25.0,0.0,0.0,0.0,128,True,"These are deterministic model-form stress cases. Every nonzero effective surface coefficient is referenced to the explicitly registered 25 C ambient sink and converted for each unit using A/V = 4/D + 2/H. The registered values are engineering stress bounds, not transferred calibration values, measurements or probability distributions."
S50MW_6H,50.0,6.0,300.0,G0127_T1_homogeneous_none__AIP_FLINAK_2017_V10,G0127,T1_homogeneous_none,AIP_FLINAK_2017_V10,FLiNaK (LiF-NaF-KF),homogeneous,none,Tier_3_hypothetical_common_skeleton,False,5424,2865,5435,5424,5424,57290,0.05,True,0.09806690516538003,9.218289085545722,0.5281246798647675,0.9508344711210935,0.9527832343268251,0.05531761756056512,0.9,"time integral of positive outlet enthalpy flow following the simulated charge end state, with linear within-step interpolation at the registered outlet-grade threshold",True,0.9999999999927022,True,525.0,run-wise frozen at the registered transport-property temperature,5.669108207253626,5.669108207253626,1.0,0.0,0.0,0.0,5.631505963638052,0.0,15,binary_monotone_bracket_with_adjacent_verification,MINIMAL_INTEGER_COUNT_BINARY_BRACKET,False,0.014252549501758693,6035.768039199414,300.04275764850524,6.000855152970105,0.049703699355516,6564.421779342875,7978.797120320495,0.014252549501758693,89.3492272044665,0.0033645739431773175,0.003348509505920224,1.6064437257082458e-05,74.60609435898519,4.791274068716455,69.81482029026874,73,75,1.1033250763250884,0.46289256226560627,0.05406749167597944,0.054431586642851186,1.5,"two-level balanced square-array Darcy-Weisbach friction screen with one trunk and one lateral supply-return pair; uniform module flow is prescribed and fittings, valves, heat exchangers and site-specific manifolds are excluded",18.833690799830155,0.0003766738159966031,"frictional energy for the modeled packed bed plus the registered balanced on-array trunk-and-lateral header screen; fittings, valves, heat exchangers, external piping and pump efficiency excluded",True,"parallel modular packed zones; discrete unit count, bed friction and a geometry-normalized on-array header-friction screen are included. Tank shells, fittings, valves, heat exchangers, site-specific trunk routing, flow maldistribution and balance of plant are excluded. Hydraulic values are screening metrics, not installed-pump specifications.",intrinsic_adiabatic,25.0,0.0,0.0,0.0,128,True,"These are deterministic model-form stress cases. Every nonzero effective surface coefficient is referenced to the explicitly registered 25 C ambient sink and converted for each unit using A/V = 4/D + 2/H. The registered values are engineering stress bounds, not transferred calibration values, measurements or probability distributions."
S50MW_6H,50.0,6.0,300.0,G0130_T2_graded_two_layer_fine_hot__AIP_FLINAK_2017_V10,G0130,T2_graded_two_layer_fine_hot,AIP_FLINAK_2017_V10,FLiNaK (LiF-NaF-KF),graded_two_layer,fine_hot,Tier_3_hypothetical_common_skeleton,False,7547,2367,7578,7547,7547,47335,0.05,True,0.07048030921121257,6.625149065853981,0.313604358389891,0.9494160357273002,0.9532904573398029,0.03975166356350959,0.9,"time integral of positive outlet enthalpy flow following the simulated charge end state, with linear within-step interpolation at the registered outlet-grade threshold",True,0.9999999999964613,True,525.0,run-wise frozen at the registered transport-property temperature,5.666593951548974,5.665205080482417,1.000245158126992,0.02451280794215052,0.0,0.0,6.751278253407882,0.0,16,binary_monotone_bracket_with_adjacent_verification,MINIMAL_INTEGER_COUNT_BINARY_BRACKET,False,0.0019349712689464837,6077.33390613876,300.00580491380686,6.000116098276137,0.04936375138067826,5758.899369439692,9136.733074353848,0.0019349712689464837,218.87311934508972,0.012240893316882117,0.012189293538555145,5.1599778326947745e-05,75.09326508661634,4.379912441961721,70.71335264465463,86,88,0.8569848115564328,0.46289256226560627,0.04969957259669391,0.049984386232663186,1.5,"two-level balanced square-array Darcy-Weisbach friction screen with one trunk and one lateral supply-return pair; uniform module flow is prescribed and fittings, valves, heat exchangers and site-specific manifolds are excluded",18.958908122661253,0.0003791781624532251,"frictional energy for the modeled packed bed plus the registered balanced on-array trunk-and-lateral header screen; fittings, valves, heat exchangers, external piping and pump efficiency excluded",True,"parallel modular packed zones; discrete unit count, bed friction and a geometry-normalized on-array header-friction screen are included. Tank shells, fittings, valves, heat exchangers, site-specific trunk routing, flow maldistribution and balance of plant are excluded. Hydraulic values are screening metrics, not installed-pump specifications.",intrinsic_adiabatic,25.0,0.0,0.0,0.0,128,True,"These are deterministic model-form stress cases. Every nonzero effective surface coefficient is referenced to the explicitly registered 25 C ambient sink and converted for each unit using A/V = 4/D + 2/H. The registered values are engineering stress bounds, not transferred calibration values, measurements or probability distributions."
S50MW_6H,50.0,6.0,300.0,G0134_T1_homogeneous_none__AIP_FLINAK_2017_V10,G0134,T1_homogeneous_none,AIP_FLINAK_2017_V10,FLiNaK (LiF-NaF-KF),homogeneous,none,Tier_3_hypothetical_common_skeleton,False,3081,2435,3087,3081,3081,48697,0.05,True,0.17264358767186666,16.22849724115547,0.7902871784187969,0.9446727255165375,0.9466655572598986,0.0973985834096257,0.9,"time integral of positive outlet enthalpy flow following the simulated charge end state, with linear within-step interpolation at the registered outlet-grade threshold",True,0.999999999995109,True,525.0,run-wise frozen at the registered transport-property temperature,5.707932097641842,5.707932097641842,1.0,0.0,0.0,0.0,4.639984780983611,0.0,13,binary_monotone_bracket_with_adjacent_verification,MINIMAL_INTEGER_COUNT_BINARY_BRACKET,False,0.028345161685594533,6041.4912517573875,300.0850354850568,6.001700709701136,0.04965661415345658,7208.650424857304,7159.175941503862,0.028345161685594533,26.536280393767186,0.00145891664447259,0.001446154245427693,1.2762399044894348e-05,58.69663025119591,4.457261146821727,54.239369104374184,55,57,1.3485914799213816,0.46289256226560627,0.062406290293843564,0.06296102378366006,1.5,"two-level balanced square-array Darcy-Weisbach friction screen with one trunk and one lateral supply-return pair; uniform module flow is prescribed and fittings, valves, heat exchangers and site-specific manifolds are excluded",14.81717838111891,0.00029634356762237826,"frictional energy for the modeled packed bed plus the registered balanced on-array trunk-and-lateral header screen; fittings, valves, heat exchangers, external piping and pump efficiency excluded",True,"parallel modular packed zones; discrete unit count, bed friction and a geometry-normalized on-array header-friction screen are included. Tank shells, fittings, valves, heat exchangers, site-specific trunk routing, flow maldistribution and balance of plant are excluded. Hydraulic values are screening metrics, not installed-pump specifications.",intrinsic_adiabatic,25.0,0.0,0.0,0.0,128,True,"These are deterministic model-form stress cases. Every nonzero effective surface coefficient is referenced to the explicitly registered 25 C ambient sink and converted for each unit using A/V = 4/D + 2/H. The registered values are engineering stress bounds, not transferred calibration values, measurements or probability distributions."
S50MW_6H,50.0,6.0,300.0,G0138_T2_graded_two_layer_fine_hot__AIP_FLINAK_2017_V10,G0138,T2_graded_two_layer_fine_hot,AIP_FLINAK_2017_V10,FLiNaK (LiF-NaF-KF),graded_two_layer,fine_hot,Tier_3_hypothetical_common_skeleton,False,3442,2157,3459,3442,3442,43139,0.05,True,0.15453657571674062,14.52643811737362,0.6266622520947993,0.9423878849004255,0.9469443689427669,0.08716825549073592,0.9,"time integral of positive outlet enthalpy flow following the simulated charge end state, with linear within-step interpolation at the registered outlet-grade threshold",True,0.9999999999942424,True,525.0,run-wise frozen at the registered transport-property temperature,5.70532875656689,5.70532875656689,1.0,0.0,0.0,0.0,4.739781217830526,0.0,14,binary_monotone_bracket_with_adjacent_verification,MINIMAL_INTEGER_COUNT_BINARY_BRACKET,False,0.011045133037668187,6083.956469246776,300.033135399113,6.0006627079822605,0.049310017505293145,6408.138321546795,8313.072945532565,0.011045133037668187,59.575592220085326,0.0030832335645529976,0.003066003846620804,1.7229717932201295e-05,63.97280294985685,4.675976495647166,59.29682645420968,58,60,1.3503952708070142,0.46289256226560627,0.06060392826224951,0.06111536288439045,1.5,"two-level balanced square-array Darcy-Weisbach friction screen with one trunk and one lateral supply-return pair; uniform module flow is prescribed and fittings, valves, heat exchangers and site-specific manifolds are excluded",16.149454455994043,0.0003229890891198809,"frictional energy for the modeled packed bed plus the registered balanced on-array trunk-and-lateral header screen; fittings, valves, heat exchangers, external piping and pump efficiency excluded",True,"parallel modular packed zones; discrete unit count, bed friction and a geometry-normalized on-array header-friction screen are included. Tank shells, fittings, valves, heat exchangers, site-specific trunk routing, flow maldistribution and balance of plant are excluded. Hydraulic values are screening metrics, not installed-pump specifications.",intrinsic_adiabatic,25.0,0.0,0.0,0.0,128,True,"These are deterministic model-form stress cases. Every nonzero effective surface coefficient is referenced to the explicitly registered 25 C ambient sink and converted for each unit using A/V = 4/D + 2/H. The registered values are engineering stress bounds, not transferred calibration values, measurements or probability distributions."
S50MW_6H,50.0,6.0,300.0,G0161_T1_homogeneous_none__SOLAR_SALT_60_40_V10,G0161,T1_homogeneous_none,SOLAR_SALT_60_40_V10,Solar Salt (NaNO3-KNO3 60:40 wt%),homogeneous,none,Tier_2_unit_pair_partial,False,5747,2792,5785,5747,5747,55831,0.05,True,0.11348322447284802,8.700191404210893,0.48574832995715056,0.9415825432090114,0.9477409945407833,0.05220514345291082,0.9,"time integral of positive outlet enthalpy flow following the simulated charge end state, with linear within-step interpolation at the registered outlet-grade threshold",True,0.9999999999948221,True,525.0,run-wise frozen at the registered transport-property temperature,5.699899803800475,5.699899803800475,1.0,0.0,0.0,0.0,5.1550807967295205,0.0,15,binary_monotone_bracket_with_adjacent_verification,MINIMAL_INTEGER_COUNT_BINARY_BRACKET,False,0.007653141292851551,7168.746689748039,300.02295942387855,6.000459188477571,0.041848319236754083,5338.538064912399,11279.745189726484,0.007653141292851551,105.86792343438698,0.0007897312958892377,0.0007757406227250389,1.3990673164197488e-05,50.44823227515135,3.3371006434687125,47.11113163168263,75,77,1.3876824817744169,0.5614631275365252,0.06456652871224164,0.0649899203223137,1.5,"two-level balanced square-array Darcy-Weisbach friction screen with one trunk and one lateral supply-return pair; uniform module flow is prescribed and fittings, valves, heat exchangers and site-specific manifolds are excluded",18.735978223048292,0.00037471956446096584,"frictional energy for the modeled packed bed plus the registered balanced on-array trunk-and-lateral header screen; fittings, valves, heat exchangers, external piping and pump efficiency excluded",True,"parallel modular packed zones; discrete unit count, bed friction and a geometry-normalized on-array header-friction screen are included. Tank shells, fittings, valves, heat exchangers, site-specific trunk routing, flow maldistribution and balance of plant are excluded. Hydraulic values are screening metrics, not installed-pump specifications.",intrinsic_adiabatic,25.0,0.0,0.0,0.0,128,True,"These are deterministic model-form stress cases. Every nonzero effective surface coefficient is referenced to the explicitly registered 25 C ambient sink and converted for each unit using A/V = 4/D + 2/H. The registered values are engineering stress bounds, not transferred calibration values, measurements or probability distributions."
S50MW_6H,50.0,6.0,300.0,G0161_T1_homogeneous_none__AIP_FLINAK_2017_V10,G0161,T1_homogeneous_none,AIP_FLINAK_2017_V10,FLiNaK (LiF-NaF-KF),homogeneous,none,Tier_3_hypothetical_common_skeleton,False,4902,2792,4919,4902,4902,55831,0.05,True,0.10850977021971057,10.199918400652795,0.569480957214146,0.947079079926269,0.9503388353431,0.06120754803574347,0.9,"time integral of positive outlet enthalpy flow following the simulated charge end state, with linear within-step interpolation at the registered outlet-grade threshold",True,0.9999999999938587,True,525.0,run-wise frozen at the registered transport-property temperature,5.684697806963807,5.684697806963807,1.0,0.0,0.0,0.0,5.1550807967295205,0.0,15,binary_monotone_bracket_with_adjacent_verification,MINIMAL_INTEGER_COUNT_BINARY_BRACKET,False,0.013133490404815262,6114.70267498606,300.03940047121444,6.000788009424289,0.049062074796741274,5463.938666059328,9621.24776753771,0.013133490404815262,75.59849672444142,0.003382818350849434,0.0033721582429085814,1.0660107940860122e-05,86.5923603849156,5.804821972505908,80.78753841240969,70,71,1.3876824817744169,0.46289256226560627,0.05531495573199949,0.05570866145299996,1.5,"two-level balanced square-array Darcy-Weisbach friction screen with one trunk and one lateral supply-return pair; uniform module flow is prescribed and fittings, valves, heat exchangers and site-specific manifolds are excluded",21.859392567609405,0.00043718785135218803,"frictional energy for the modeled packed bed plus the registered balanced on-array trunk-and-lateral header screen; fittings, valves, heat exchangers, external piping and pump efficiency excluded",True,"parallel modular packed zones; discrete unit count, bed friction and a geometry-normalized on-array header-friction screen are included. Tank shells, fittings, valves, heat exchangers, site-specific trunk routing, flow maldistribution and balance of plant are excluded. Hydraulic values are screening metrics, not installed-pump specifications.",intrinsic_adiabatic,25.0,0.0,0.0,0.0,128,True,"These are deterministic model-form stress cases. Every nonzero effective surface coefficient is referenced to the explicitly registered 25 C ambient sink and converted for each unit using A/V = 4/D + 2/H. The registered values are engineering stress bounds, not transferred calibration values, measurements or probability distributions."
S50MW_6H,50.0,6.0,300.0,G0170_T1_homogeneous_none__AIP_FLINAK_2017_V10,G0170,T1_homogeneous_none,AIP_FLINAK_2017_V10,FLiNaK (LiF-NaF-KF),homogeneous,none,Tier_3_hypothetical_common_skeleton,False,4049,4049,3155,3155,3155,80961,0.05,True,0.1313694476702942,12.348728081007657,0.9997752270637624,0.9532431326698272,0.9532438653688765,0.09509178695578678,0.9,"time integral of positive outlet enthalpy flow following the simulated charge end state, with linear within-step interpolation at the registered outlet-grade threshold",True,0.9999999999893538,True,525.0,run-wise frozen at the registered transport-property temperature,7.272183841824466,7.272183841824466,1.0,0.0,0.0,0.0,4.70917082034683,0.0,1,binary_monotone_bracket_with_adjacent_verification,MINIMAL_INTEGER_COUNT_BINARY_BRACKET,False,28.342215127993555,7748.670708286066,385.0266453839807,7.700532907679613,0.038716318100754245,8295.053655423471,10414.643880576017,28.342215127993555,0.022482347046914875,0.004038906964747361,0.00402079807172834,1.8108893019012488e-05,70.77658696763538,4.944884485318006,65.83170248231737,63,65,1.3159950224731787,0.46289256226560627,0.058196424251972516,0.05864932154359188,1.5,"two-level balanced square-array Darcy-Weisbach friction screen with one trunk and one lateral supply-return pair; uniform module flow is prescribed and fittings, valves, heat exchangers and site-specific manifolds are excluded",17.867177183781177,0.0003573435436756235,"frictional energy for the modeled packed bed plus the registered balanced on-array trunk-and-lateral header screen; fittings, valves, heat exchangers, external piping and pump efficiency excluded",True,"parallel modular packed zones; discrete unit count, bed friction and a geometry-normalized on-array header-friction screen are included. Tank shells, fittings, valves, heat exchangers, site-specific trunk routing, flow maldistribution and balance of plant are excluded. Hydraulic values are screening metrics, not installed-pump specifications.",intrinsic_adiabatic,25.0,0.0,0.0,0.0,128,False,"These are deterministic model-form stress cases. Every nonzero effective surface coefficient is referenced to the explicitly registered 25 C ambient sink and converted for each unit using A/V = 4/D + 2/H. The registered values are engineering stress bounds, not transferred calibration values, measurements or probability distributions."
S50MW_6H,50.0,6.0,300.0,G0174_T1_homogeneous_none__AIP_FLINAK_2017_V10,G0174,T1_homogeneous_none,AIP_FLINAK_2017_V10,FLiNaK (LiF-NaF-KF),homogeneous,none,Tier_3_hypothetical_common_skeleton,False,4476,4004,4477,4476,4476,80060,0.05,True,0.11883710759987069,11.170688114387847,0.8943350991926006,0.9527508415157752,0.953011951342738,0.06703331206810303,0.9,"time integral of positive outlet enthalpy flow following the simulated charge end state, with linear within-step interpolation at the registered outlet-grade threshold",True,0.9999999999946896,True,525.0,run-wise frozen at the registered transport-property temperature,5.668032298522133,5.668032298522133,1.0,0.0,0.0,0.0,5.043183985325774,0.0,12,binary_monotone_bracket_with_adjacent_verification,MINIMAL_INTEGER_COUNT_BINARY_BRACKET,False,0.013701605609739431,6065.87284519296,300.0411048168292,6.000822096336584,0.049457020886572306,6006.841676323097,8783.958652615522,0.013701605609739431,11.81491153626788,0.003533024412647231,0.003521216261941716,1.1808150705525876e-05,79.47136452660006,5.392569046712362,74.07879547988769,66,68,1.3680629559497466,0.46289256226560627,0.05663339082675457,0.057054462727128025,1.5,"two-level balanced square-array Darcy-Weisbach friction screen with one trunk and one lateral supply-return pair; uniform module flow is prescribed and fittings, valves, heat exchangers and site-specific manifolds are excluded",20.061875105803068,0.0004012375021160614,"frictional energy for the modeled packed bed plus the registered balanced on-array trunk-and-lateral header screen; fittings, valves, heat exchangers, external piping and pump efficiency excluded",True,"parallel modular packed zones; discrete unit count, bed friction and a geometry-normalized on-array header-friction screen are included. Tank shells, fittings, valves, heat exchangers, site-specific trunk routing, flow maldistribution and balance of plant are excluded. Hydraulic values are screening metrics, not installed-pump specifications.",intrinsic_adiabatic,25.0,0.0,0.0,0.0,128,True,"These are deterministic model-form stress cases. Every nonzero effective surface coefficient is referenced to the explicitly registered 25 C ambient sink and converted for each unit using A/V = 4/D + 2/H. The registered values are engineering stress bounds, not transferred calibration values, measurements or probability distributions."
S50MW_6H,50.0,6.0,300.0,G0175_T1_homogeneous_none__SOLAR_SALT_60_40_V10,G0175,T1_homogeneous_none,SOLAR_SALT_60_40_V10,Solar Salt (NaNO3-KNO3 60:40 wt%),homogeneous,none,Tier_2_unit_pair_partial,False,8703,2230,8765,8703,8703,44581,0.05,True,0.07493830760030536,5.74514535217741,0.25612831088319404,0.9447419627633958,0.9514889414558159,0.03447481956577274,0.9,"time integral of positive outlet enthalpy flow following the simulated charge end state, with linear within-step interpolation at the registered outlet-grade threshold",True,0.9999999999950266,True,525.0,run-wise frozen at the registered transport-property temperature,5.677606842572376,5.677606842572376,1.0,0.0,0.0,0.0,6.221522612621201,0.0,16,binary_monotone_bracket_with_adjacent_verification,MINIMAL_INTEGER_COUNT_BINARY_BRACKET,False,0.011451560306730002,7158.253863833693,300.03435468092016,6.000687093618403,0.041909662007898,5446.139710451485,11083.680750712932,0.011451560306730002,290.42931121192794,0.001562467447014306,0.0015317413074416421,3.0726139572664146e-05,50.2122179288853,2.9731930745986954,47.239024854286605,93,94,1.000286700835402,0.5614631275365252,0.058040109486715445,0.058351318738966595,1.5,"two-level balanced square-array Darcy-Weisbach friction screen with one trunk and one lateral supply-return pair; uniform module flow is prescribed and fittings, valves, heat exchangers and site-specific manifolds are excluded",18.648613166026873,0.0003729722633205375,"frictional energy for the modeled packed bed plus the registered balanced on-array trunk-and-lateral header screen; fittings, valves, heat exchangers, external piping and pump efficiency excluded",True,"parallel modular packed zones; discrete unit count, bed friction and a geometry-normalized on-array header-friction screen are included. Tank shells, fittings, valves, heat exchangers, site-specific trunk routing, flow maldistribution and balance of plant are excluded. Hydraulic values are screening metrics, not installed-pump specifications.",intrinsic_adiabatic,25.0,0.0,0.0,0.0,128,True,"These are deterministic model-form stress cases. Every nonzero effective surface coefficient is referenced to the explicitly registered 25 C ambient sink and converted for each unit using A/V = 4/D + 2/H. The registered values are engineering stress bounds, not transferred calibration values, measurements or probability distributions."
S50MW_6H,50.0,6.0,300.0,G0175_T1_homogeneous_none__AIP_FLINAK_2017_V10,G0175,T1_homogeneous_none,AIP_FLINAK_2017_V10,FLiNaK (LiF-NaF-KF),homogeneous,none,Tier_3_hypothetical_common_skeleton,False,7404,2230,7432,7404,7404,44581,0.05,True,0.0718415577548651,6.75310642895732,0.301064922962782,0.9495370242329244,0.9531962507410292,0.04052275508152437,0.9,"time integral of positive outlet enthalpy flow following the simulated charge end state, with linear within-step interpolation at the registered outlet-grade threshold",True,0.9999999999940347,True,525.0,run-wise frozen at the registered transport-property temperature,5.666483377416056,5.666483377416056,1.0,0.0,0.0,0.0,6.221522612621201,0.0,16,binary_monotone_bracket_with_adjacent_verification,MINIMAL_INTEGER_COUNT_BINARY_BRACKET,False,0.010159541202137135,6089.820936208739,300.0304786236064,6.000609572472128,0.04926253220620426,5559.523456084199,9429.34301715254,0.010159541202137135,232.15427096554234,0.006699460332363016,0.006675926082691181,2.3534249671821024e-05,86.32968166059713,5.116530251752461,81.21315140884467,86,87,1.000286700835402,0.46289256226560627,0.0498880148976234,0.05017722320389699,1.5,"two-level balanced square-array Darcy-Weisbach friction screen with one trunk and one lateral supply-return pair; uniform module flow is prescribed and fittings, valves, heat exchangers and site-specific manifolds are excluded",21.79392170997559,0.00043587843419951174,"frictional energy for the modeled packed bed plus the registered balanced on-array trunk-and-lateral header screen; fittings, valves, heat exchangers, external piping and pump efficiency excluded",True,"parallel modular packed zones; discrete unit count, bed friction and a geometry-normalized on-array header-friction screen are included. Tank shells, fittings, valves, heat exchangers, site-specific trunk routing, flow maldistribution and balance of plant are excluded. Hydraulic values are screening metrics, not installed-pump specifications.",intrinsic_adiabatic,25.0,0.0,0.0,0.0,128,False,"These are deterministic model-form stress cases. Every nonzero effective surface coefficient is referenced to the explicitly registered 25 C ambient sink and converted for each unit using A/V = 4/D + 2/H. The registered values are engineering stress bounds, not transferred calibration values, measurements or probability distributions."
S50MW_6H,50.0,6.0,300.0,G0184_T1_homogeneous_none__AIP_FLINAK_2017_V10,G0184,T1_homogeneous_none,AIP_FLINAK_2017_V10,FLiNaK (LiF-NaF-KF),homogeneous,none,Tier_3_hypothetical_common_skeleton,False,5597,2542,5612,5597,5597,50834,0.05,True,0.09503571442147958,8.933357155619081,0.45412132989246606,0.9501986144842542,0.9527582320989616,0.05360096909652061,0.9,"time integral of positive outlet enthalpy flow following the simulated charge end state, with linear within-step interpolation at the registered outlet-grade threshold",True,0.9999999999936158,True,525.0,run-wise frozen at the registered transport-property temperature,5.669104664850905,5.669104664850905,1.0,0.0,0.0,0.0,5.790955388750883,0.0,15,binary_monotone_bracket_with_adjacent_verification,MINIMAL_INTEGER_COUNT_BINARY_BRACKET,False,0.0015413444085954353,6014.196133262487,300.0046240332258,6.000092480664517,0.04988197813184066,6932.740968338051,7442.328522442519,0.0015413444085954353,120.20546804898937,0.0027514591492661038,0.002736303453744317,1.515569552178069e-05,72.76409826200874,4.627246188132644,68.1368520738761,74,76,1.0509426433509348,0.46289256226560627,0.05358375948807355,0.05393980167390979,1.5,"two-level balanced square-array Darcy-Weisbach friction screen with one trunk and one lateral supply-return pair; uniform module flow is prescribed and fittings, valves, heat exchangers and site-specific manifolds are excluded",18.368560337074772,0.0003673712067414954,"frictional energy for the modeled packed bed plus the registered balanced on-array trunk-and-lateral header screen; fittings, valves, heat exchangers, external piping and pump efficiency excluded",True,"parallel modular packed zones; discrete unit count, bed friction and a geometry-normalized on-array header-friction screen are included. Tank shells, fittings, valves, heat exchangers, site-specific trunk routing, flow maldistribution and balance of plant are excluded. Hydraulic values are screening metrics, not installed-pump specifications.",intrinsic_adiabatic,25.0,0.0,0.0,0.0,128,False,"These are deterministic model-form stress cases. Every nonzero effective surface coefficient is referenced to the explicitly registered 25 C ambient sink and converted for each unit using A/V = 4/D + 2/H. The registered values are engineering stress bounds, not transferred calibration values, measurements or probability distributions."
S50MW_6H,50.0,6.0,300.0,G0187_T1_homogeneous_none__AIP_FLINAK_2017_V10,G0187,T1_homogeneous_none,AIP_FLINAK_2017_V10,FLiNaK (LiF-NaF-KF),homogeneous,none,Tier_3_hypothetical_common_skeleton,False,4047,3956,4048,4047,4047,79104,0.05,True,0.13143436956190294,12.354830738818878,0.9773172176228333,0.9462341598466115,0.9464193495220173,0.07413597691653245,0.9,"time integral of positive outlet enthalpy flow following the simulated charge end state, with linear within-step interpolation at the registered outlet-grade threshold",True,0.9999999999936792,True,525.0,run-wise frozen at the registered transport-property temperature,5.707769187289378,5.707769187289378,1.0,0.0,0.0,0.0,4.942171398166918,0.0,10,binary_monotone_bracket_with_adjacent_verification,MINIMAL_INTEGER_COUNT_BINARY_BRACKET,False,0.009432860402291965,6124.024706936145,300.02829858120685,6.0005659716241375,0.04898739217368218,5764.010453493131,9257.665706169948,0.009432860402291965,2.320923234355665,0.00335487832770216,0.0033374412453736693,1.743708232848526e-05,71.1315535398942,4.972580422127091,66.1589731177671,63,65,1.3229517471155576,0.46289256226560627,0.05821080261519425,0.05866381180237842,1.5,"two-level balanced square-array Darcy-Weisbach friction screen with one trunk and one lateral supply-return pair; uniform module flow is prescribed and fittings, valves, heat exchangers and site-specific manifolds are excluded",17.95660884536645,0.00035913217690732897,"frictional energy for the modeled packed bed plus the registered balanced on-array trunk-and-lateral header screen; fittings, valves, heat exchangers, external piping and pump efficiency excluded",True,"parallel modular packed zones; discrete unit count, bed friction and a geometry-normalized on-array header-friction screen are included. Tank shells, fittings, valves, heat exchangers, site-specific trunk routing, flow maldistribution and balance of plant are excluded. Hydraulic values are screening metrics, not installed-pump specifications.",intrinsic_adiabatic,25.0,0.0,0.0,0.0,128,True,"These are deterministic model-form stress cases. Every nonzero effective surface coefficient is referenced to the explicitly registered 25 C ambient sink and converted for each unit using A/V = 4/D + 2/H. The registered values are engineering stress bounds, not transferred calibration values, measurements or probability distributions."
S50MW_6H,50.0,6.0,300.0,G0192_T1_homogeneous_none__AIP_FLINAK_2017_V10,G0192,T1_homogeneous_none,AIP_FLINAK_2017_V10,FLiNaK (LiF-NaF-KF),homogeneous,none,Tier_3_hypothetical_common_skeleton,False,6415,3737,6424,6415,6415,74726,0.05,True,0.08291736455448499,7.79423226812159,0.5824355570707559,0.9516728106432005,0.9530942893304307,0.04676990997788284,0.9,"time integral of positive outlet enthalpy flow following the simulated charge end state, with linear within-step interpolation at the registered outlet-grade threshold",True,0.9999999999919543,True,525.0,run-wise frozen at the registered transport-property temperature,5.667881731996087,5.667881731996087,1.0,0.0,0.0,0.0,5.668083775780266,0.0,15,binary_monotone_bracket_with_adjacent_verification,MINIMAL_INTEGER_COUNT_BINARY_BRACKET,False,0.009657502706139631,6071.325944576549,300.02897250811844,6.000579450162369,0.049412599939225275,5896.557111263393,8941.842950657243,0.009657502706139631,71.69281439981133,0.002896029917822363,0.00288797997123288,8.049946589486325e-06,95.23642715405929,5.8795607252687185,89.35686642879057,80,81,1.2359494274863283,0.46289256226560627,0.05169242017319099,0.05201449444293143,1.5,"two-level balanced square-array Darcy-Weisbach friction screen with one trunk and one lateral supply-return pair; uniform module flow is prescribed and fittings, valves, heat exchangers and site-specific manifolds are excluded",24.041294367844287,0.00048082588735688577,"frictional energy for the modeled packed bed plus the registered balanced on-array trunk-and-lateral header screen; fittings, valves, heat exchangers, external piping and pump efficiency excluded",True,"parallel modular packed zones; discrete unit count, bed friction and a geometry-normalized on-array header-friction screen are included. Tank shells, fittings, valves, heat exchangers, site-specific trunk routing, flow maldistribution and balance of plant are excluded. Hydraulic values are screening metrics, not installed-pump specifications.",intrinsic_adiabatic,25.0,0.0,0.0,0.0,128,True,"These are deterministic model-form stress cases. Every nonzero effective surface coefficient is referenced to the explicitly registered 25 C ambient sink and converted for each unit using A/V = 4/D + 2/H. The registered values are engineering stress bounds, not transferred calibration values, measurements or probability distributions."
S50MW_6H,50.0,6.0,300.0,G0197_T1_homogeneous_none__AIP_FLINAK_2017_V10,G0197,T1_homogeneous_none,AIP_FLINAK_2017_V10,FLiNaK (LiF-NaF-KF),homogeneous,none,Tier_3_hypothetical_common_skeleton,False,4598,4205,4601,4598,4598,84083,0.05,True,0.11568396990365838,10.874293170943888,0.9143486736860599,0.949217157051697,0.9496949275646256,0.0652484200673639,0.9,"time integral of positive outlet enthalpy flow following the simulated charge end state, with linear within-step interpolation at the registered outlet-grade threshold",True,0.9999999999939746,True,525.0,run-wise frozen at the registered transport-property temperature,5.687404725861841,5.687404725861841,1.0,0.0,0.0,0.0,5.384352501394019,0.0,12,binary_monotone_bracket_with_adjacent_verification,MINIMAL_INTEGER_COUNT_BINARY_BRACKET,False,0.004078489913061922,6038.398991332401,300.01223546973915,6.000244709394783,0.04968204327515025,6873.422562649083,7585.358383989441,0.004078489913061922,9.367468754413967,0.0022441952810209106,0.002229157655175805,1.5037625845109928e-05,67.54680708442521,4.544745833043194,63.00206125138202,67,69,1.1383216147316477,0.46289256226560627,0.05629245320921234,0.05670485764717629,1.5,"two-level balanced square-array Darcy-Weisbach friction screen with one trunk and one lateral supply-return pair; uniform module flow is prescribed and fittings, valves, heat exchangers and site-specific manifolds are excluded",17.051429722436744,0.00034102859444873487,"frictional energy for the modeled packed bed plus the registered balanced on-array trunk-and-lateral header screen; fittings, valves, heat exchangers, external piping and pump efficiency excluded",True,"parallel modular packed zones; discrete unit count, bed friction and a geometry-normalized on-array header-friction screen are included. Tank shells, fittings, valves, heat exchangers, site-specific trunk routing, flow maldistribution and balance of plant are excluded. Hydraulic values are screening metrics, not installed-pump specifications.",intrinsic_adiabatic,25.0,0.0,0.0,0.0,128,True,"These are deterministic model-form stress cases. Every nonzero effective surface coefficient is referenced to the explicitly registered 25 C ambient sink and converted for each unit using A/V = 4/D + 2/H. The registered values are engineering stress bounds, not transferred calibration values, measurements or probability distributions."
S50MW_6H,50.0,6.0,300.0,G0202_T1_homogeneous_none__AIP_FLINAK_2017_V10,G0202,T1_homogeneous_none,AIP_FLINAK_2017_V10,FLiNaK (LiF-NaF-KF),homogeneous,none,Tier_3_hypothetical_common_skeleton,False,3472,2032,3504,3472,3472,40625,0.05,True,0.15320129424453377,14.400921658986174,0.585051734546399,0.9312287941435035,0.9398856621562917,0.08641550801295797,0.9,"time integral of positive outlet enthalpy flow following the simulated charge end state, with linear within-step interpolation at the registered outlet-grade threshold",True,0.9999999999978839,True,525.0,run-wise frozen at the registered transport-property temperature,5.748063178573164,5.748063178573164,1.0,0.0,0.0,0.0,4.849769807259363,0.0,14,binary_monotone_bracket_with_adjacent_verification,MINIMAL_INTEGER_COUNT_BINARY_BRACKET,False,0.011547940330025597,6120.770431559389,300.0346438209901,6.0006928764198015,0.049013437663527754,6613.098091661072,8147.913717465778,0.011547940330025597,70.92505516205634,0.0016937429135870906,0.0016778797207116134,1.5863192875481337e-05,60.691308863602785,4.428373319444819,56.26293554415796,58,60,1.2742787844345949,0.46289256226560627,0.06034153449880592,0.060850754788326744,1.5,"two-level balanced square-array Darcy-Weisbach friction screen with one trunk and one lateral supply-return pair; uniform module flow is prescribed and fittings, valves, heat exchangers and site-specific manifolds are excluded",15.320755051072048,0.000306415101021441,"frictional energy for the modeled packed bed plus the registered balanced on-array trunk-and-lateral header screen; fittings, valves, heat exchangers, external piping and pump efficiency excluded",True,"parallel modular packed zones; discrete unit count, bed friction and a geometry-normalized on-array header-friction screen are included. Tank shells, fittings, valves, heat exchangers, site-specific trunk routing, flow maldistribution and balance of plant are excluded. Hydraulic values are screening metrics, not installed-pump specifications.",intrinsic_adiabatic,25.0,0.0,0.0,0.0,128,True,"These are deterministic model-form stress cases. Every nonzero effective surface coefficient is referenced to the explicitly registered 25 C ambient sink and converted for each unit using A/V = 4/D + 2/H. The registered values are engineering stress bounds, not transferred calibration values, measurements or probability distributions."
S50MW_6H,50.0,6.0,300.0,G0212_T1_homogeneous_none__AIP_FLINAK_2017_V10,G0212,T1_homogeneous_none,AIP_FLINAK_2017_V10,FLiNaK (LiF-NaF-KF),homogeneous,none,Tier_3_hypothetical_common_skeleton,False,7657,2451,7689,7657,7657,49012,0.05,True,0.06946779334165093,6.529972574115189,0.3200503759931647,0.9489105092100362,0.9528971663331972,0.03918155194613877,0.9,"time integral of positive outlet enthalpy flow following the simulated charge end state, with linear within-step interpolation at the registered outlet-grade threshold",True,0.999999999997713,True,525.0,run-wise frozen at the registered transport-property temperature,5.667618543130775,5.667618543130775,1.0,0.0,0.0,0.0,6.106190167527984,0.0,16,binary_monotone_bracket_with_adjacent_verification,MINIMAL_INTEGER_COUNT_BINARY_BRACKET,False,0.004381083861515478,6039.138741194021,300.01314325158455,6.000262865031691,0.04967595759203999,6480.47325473644,8096.847037174014,0.004381083861515478,212.45081243752603,0.002000691942619759,0.0019939478052397918,6.744137379973258e-06,96.49439735709315,5.630801750420139,90.86359560667302,87,89,1.0867857999298889,0.46289256226560627,0.04962405107445475,0.04990520942116258,1.5,"two-level balanced square-array Darcy-Weisbach friction screen with one trunk and one lateral supply-return pair; uniform module flow is prescribed and fittings, valves, heat exchangers and site-specific manifolds are excluded",24.358618198620707,0.00048717236397241413,"frictional energy for the modeled packed bed plus the registered balanced on-array trunk-and-lateral header screen; fittings, valves, heat exchangers, external piping and pump efficiency excluded",True,"parallel modular packed zones; discrete unit count, bed friction and a geometry-normalized on-array header-friction screen are included. Tank shells, fittings, valves, heat exchangers, site-specific trunk routing, flow maldistribution and balance of plant are excluded. Hydraulic values are screening metrics, not installed-pump specifications.",intrinsic_adiabatic,25.0,0.0,0.0,0.0,128,True,"These are deterministic model-form stress cases. Every nonzero effective surface coefficient is referenced to the explicitly registered 25 C ambient sink and converted for each unit using A/V = 4/D + 2/H. The registered values are engineering stress bounds, not transferred calibration values, measurements or probability distributions."
S50MW_6H,50.0,6.0,300.0,G0213_T1_homogeneous_none__AIP_FLINAK_2017_V10,G0213,T1_homogeneous_none,AIP_FLINAK_2017_V10,FLiNaK (LiF-NaF-KF),homogeneous,none,Tier_3_hypothetical_common_skeleton,False,9832,3204,9908,9832,9832,64075,0.05,True,0.05410037567300867,5.085435313262815,0.3258522302601968,0.9434506116510584,0.9508256381949525,0.03051564378742421,0.9,"time integral of positive outlet enthalpy flow following the simulated charge end state, with linear within-step interpolation at the registered outlet-grade threshold",True,0.9999999999964071,True,525.0,run-wise frozen at the registered transport-property temperature,5.681669754176775,5.681669754176775,1.0,0.0,0.0,0.0,6.503811599195677,0.0,16,binary_monotone_bracket_with_adjacent_verification,MINIMAL_INTEGER_COUNT_BINARY_BRACKET,False,0.009936572651625397,6113.479950011015,300.0298097179549,6.0005961943590975,0.04907188744431222,5423.946847140845,9669.757579765572,0.009936572651625397,206.88757268946372,0.002369410210200342,0.0023636597042115573,5.750505988782655e-06,118.388664155774,6.432136686111025,111.95652746966296,99,100,1.0965597628247157,0.46289256226560627,0.04644905309858519,0.0466830548470612,1.5,"two-level balanced square-array Darcy-Weisbach friction screen with one trunk and one lateral supply-return pair; uniform module flow is prescribed and fittings, valves, heat exchangers and site-specific manifolds are excluded",29.88548840246285,0.000597709768049257,"frictional energy for the modeled packed bed plus the registered balanced on-array trunk-and-lateral header screen; fittings, valves, heat exchangers, external piping and pump efficiency excluded",True,"parallel modular packed zones; discrete unit count, bed friction and a geometry-normalized on-array header-friction screen are included. Tank shells, fittings, valves, heat exchangers, site-specific trunk routing, flow maldistribution and balance of plant are excluded. Hydraulic values are screening metrics, not installed-pump specifications.",intrinsic_adiabatic,25.0,0.0,0.0,0.0,128,True,"These are deterministic model-form stress cases. Every nonzero effective surface coefficient is referenced to the explicitly registered 25 C ambient sink and converted for each unit using A/V = 4/D + 2/H. The registered values are engineering stress bounds, not transferred calibration values, measurements or probability distributions."
S50MW_6H,50.0,6.0,300.0,G0225_T1_homogeneous_none__SOLAR_SALT_60_40_V10,G0225,T1_homogeneous_none,SOLAR_SALT_60_40_V10,Solar Salt (NaNO3-KNO3 60:40 wt%),homogeneous,none,Tier_2_unit_pair_partial,False,11621,1868,11976,11621,11621,37351,0.05,True,0.05612151200804213,4.302555718096549,0.16070670850525584,0.9187466273058356,0.946843389932045,0.02581675374989989,0.9,"time integral of positive outlet enthalpy flow following the simulated charge end state, with linear within-step interpolation at the registered outlet-grade threshold",True,0.9999999999919638,True,525.0,run-wise frozen at the registered transport-property temperature,5.705052417556957,5.705052417556957,1.0,0.0,0.0,0.0,6.527849710655722,0.0,17,binary_monotone_bracket_with_adjacent_verification,MINIMAL_INTEGER_COUNT_BINARY_BRACKET,False,0.0054984425288839844,7170.2294118438285,300.01649532758665,6.000329906551733,0.04183966547910701,5305.569359966609,11335.086062178023,0.0054984425288839844,522.2515595652907,0.0005103827404751086,0.0005028836976264035,7.499042848703729e-06,68.3151010792196,3.6982956861028193,64.61680539311679,107,109,1.0829784480790143,0.5614631275365252,0.05412667729811084,0.054376686375840776,1.5,"two-level balanced square-array Darcy-Weisbach friction screen with one trunk and one lateral supply-return pair; uniform module flow is prescribed and fittings, valves, heat exchangers and site-specific manifolds are excluded",25.371350280723725,0.0005074270056144746,"frictional energy for the modeled packed bed plus the registered balanced on-array trunk-and-lateral header screen; fittings, valves, heat exchangers, external piping and pump efficiency excluded",True,"parallel modular packed zones; discrete unit count, bed friction and a geometry-normalized on-array header-friction screen are included. Tank shells, fittings, valves, heat exchangers, site-specific trunk routing, flow maldistribution and balance of plant are excluded. Hydraulic values are screening metrics, not installed-pump specifications.",intrinsic_adiabatic,25.0,0.0,0.0,0.0,128,True,"These are deterministic model-form stress cases. Every nonzero effective surface coefficient is referenced to the explicitly registered 25 C ambient sink and converted for each unit using A/V = 4/D + 2/H. The registered values are engineering stress bounds, not transferred calibration values, measurements or probability distributions."
S50MW_6H,50.0,6.0,300.0,G0225_T1_homogeneous_none__AIP_FLINAK_2017_V10,G0225,T1_homogeneous_none,AIP_FLINAK_2017_V10,FLiNaK (LiF-NaF-KF),homogeneous,none,Tier_3_hypothetical_common_skeleton,False,9919,1868,10100,9919,9919,37351,0.05,True,0.053625858818128966,5.040830728904123,0.18828235301336602,0.9326954377206107,0.9496802479770075,0.030245273032320316,0.9,"time integral of positive outlet enthalpy flow following the simulated charge end state, with linear within-step interpolation at the registered outlet-grade threshold",True,0.9999999999958014,True,525.0,run-wise frozen at the registered transport-property temperature,5.687314963359598,5.687314963359598,1.0,0.0,0.0,0.0,6.527849710655722,0.0,16,binary_monotone_bracket_with_adjacent_verification,MINIMAL_INTEGER_COUNT_BINARY_BRACKET,False,0.0009544025284080604,6120.084806477836,300.0028632075852,6.000057264151704,0.04901892857472554,5433.851276913488,9674.960730637968,0.0009544025284080604,431.11722049119,0.0021902798068676797,0.0021845736426296804,5.7061642380055165e-06,117.93935927986223,6.35766917296447,111.58169010689777,99,101,1.0829784480790143,0.46289256226560627,0.046477874345954115,0.046709685631092436,1.5,"two-level balanced square-array Darcy-Weisbach friction screen with one trunk and one lateral supply-return pair; uniform module flow is prescribed and fittings, valves, heat exchangers and site-specific manifolds are excluded",29.772025003646117,0.0005954405000729223,"frictional energy for the modeled packed bed plus the registered balanced on-array trunk-and-lateral header screen; fittings, valves, heat exchangers, external piping and pump efficiency excluded",True,"parallel modular packed zones; discrete unit count, bed friction and a geometry-normalized on-array header-friction screen are included. Tank shells, fittings, valves, heat exchangers, site-specific trunk routing, flow maldistribution and balance of plant are excluded. Hydraulic values are screening metrics, not installed-pump specifications.",intrinsic_adiabatic,25.0,0.0,0.0,0.0,128,True,"These are deterministic model-form stress cases. Every nonzero effective surface coefficient is referenced to the explicitly registered 25 C ambient sink and converted for each unit using A/V = 4/D + 2/H. The registered values are engineering stress bounds, not transferred calibration values, measurements or probability distributions."
S10MW_8H,10.0,8.0,80.0,G0011_T1_homogeneous_none__SOLAR_SALT_60_40_V10,G0011,T1_homogeneous_none,SOLAR_SALT_60_40_V10,Solar Salt (NaNO3-KNO3 60:40 wt%),homogeneous,none,Tier_2_unit_pair_partial,False,1222,700,1110,1222,1222,13989,0.05,True,0.10674109509745623,8.183306055646481,0.5723829663522669,0.8640892448142986,0.7848738221366204,0.0654880275411005,0.9,"time integral of positive outlet enthalpy flow following the simulated charge end state, with linear within-step interpolation at the registered outlet-grade threshold",True,0.971938603957313,True,525.0,run-wise frozen at the registered transport-property temperature,9.544203397235325,8.892830959327476,1.0732469155083444,7.065913370997087,-0.6948574344527558,0.1,4.592357427740836,0.45923574277408363,15,binary_monotone_bracket_with_adjacent_verification,MINIMAL_INTEGER_COUNT_BINARY_BRACKET,False,0.032962069031028385,2318.4089896406254,80.02636965522483,8.002636965522482,0.03450642244636945,1789.0870929874939,3550.57467736698,0.032962069031028385,74.70820390985584,0.0007712173205527522,0.0007576607683094541,1.3556552243295645e-05,42.50447152674541,4.156724914678362,38.34774661206705,34,36,1.4171749082009675,0.25109394400626084,0.04249468923284956,0.04309748089021066,1.5,"two-level balanced square-array Darcy-Weisbach friction screen with one trunk and one lateral supply-return pair; uniform module flow is prescribed and fittings, valves, heat exchangers and site-specific manifolds are excluded",3.1571565542595716,0.0003157156554259572,"frictional energy for the modeled packed bed plus the registered balanced on-array trunk-and-lateral header screen; fittings, valves, heat exchangers, external piping and pump efficiency excluded",False,"parallel modular packed zones; discrete unit count, bed friction and a geometry-normalized on-array header-friction screen are included. Tank shells, fittings, valves, heat exchangers, site-specific trunk routing, flow maldistribution and balance of plant are excluded. Hydraulic values are screening metrics, not installed-pump specifications.",bounded_moderate,25.0,5e-07,1e-07,0.1,128,False,"These are deterministic model-form stress cases. Every nonzero effective surface coefficient is referenced to the explicitly registered 25 C ambient sink and converted for each unit using A/V = 4/D + 2/H. The registered values are engineering stress bounds, not transferred calibration values, measurements or probability distributions."
S10MW_8H,10.0,8.0,80.0,G0011_T1_homogeneous_none__AIP_FLINAK_2017_V10,G0011,T1_homogeneous_none,AIP_FLINAK_2017_V10,FLiNaK (LiF-NaF-KF),homogeneous,none,Tier_3_hypothetical_common_skeleton,False,1003,700,952,1003,1003,13989,0.05,True,0.10606478437029337,9.970089730807578,0.6973599051669693,0.8571974574857516,0.8131435205297323,0.07979402364922357,0.9,"time integral of positive outlet enthalpy flow following the simulated charge end state, with linear within-step interpolation at the registered outlet-grade threshold",True,0.9769505988368372,True,525.0,run-wise frozen at the registered transport-property temperature,9.15941214997492,8.642762973357684,1.0597782420054636,5.804337650179433,-0.3848486490066333,0.1,4.592357427740836,0.45923574277408363,12,binary_monotone_bracket_with_adjacent_verification,MINIMAL_INTEGER_COUNT_BINARY_BRACKET,False,0.041757150214061234,1902.9167075364542,80.03340572017125,8.003340572017125,0.04204072605130955,1762.0270525584474,2914.2605576097226,0.041757150214061234,43.39797751357233,0.003433853296872322,0.0034226981059296726,1.1155190942644895e-05,71.94986449937076,7.105894188520803,64.84397031084995,31,33,1.4171749082009675,0.20701184710098994,0.03697598254313394,0.037549287778696115,1.5,"two-level balanced square-array Darcy-Weisbach friction screen with one trunk and one lateral supply-return pair; uniform module flow is prescribed and fittings, valves, heat exchangers and site-specific manifolds are excluded",3.63263905832719,0.000363263905832719,"frictional energy for the modeled packed bed plus the registered balanced on-array trunk-and-lateral header screen; fittings, valves, heat exchangers, external piping and pump efficiency excluded",False,"parallel modular packed zones; discrete unit count, bed friction and a geometry-normalized on-array header-friction screen are included. Tank shells, fittings, valves, heat exchangers, site-specific trunk routing, flow maldistribution and balance of plant are excluded. Hydraulic values are screening metrics, not installed-pump specifications.",bounded_moderate,25.0,5e-07,1e-07,0.1,128,False,"These are deterministic model-form stress cases. Every nonzero effective surface coefficient is referenced to the explicitly registered 25 C ambient sink and converted for each unit using A/V = 4/D + 2/H. The registered values are engineering stress bounds, not transferred calibration values, measurements or probability distributions."
S10MW_8H,10.0,8.0,80.0,G0015_T1_homogeneous_none__AIP_FLINAK_2017_V10,G0015,T1_homogeneous_none,AIP_FLINAK_2017_V10,FLiNaK (LiF-NaF-KF),homogeneous,none,Tier_3_hypothetical_common_skeleton,False,1227,411,1075,1227,1227,8216,0.05,True,0.08670169415110371,8.149959250203748,0.3348023426654005,0.8893807047780874,0.7789038991369797,0.06522977367087357,0.9,"time integral of positive outlet enthalpy flow following the simulated charge end state, with linear within-step interpolation at the registered outlet-grade threshold",True,0.9750239709089848,True,525.0,run-wise frozen at the registered transport-property temperature,9.655274765711747,9.026126395621207,1.069703031235609,6.735558694524061,-0.4914457147279602,0.1,4.802953673840943,0.4802953673840943,15,binary_monotone_bracket_with_adjacent_verification,MINIMAL_INTEGER_COUNT_BINARY_BRACKET,False,0.046165367702366567,1965.5824785291898,80.03693229416189,8.00369322941619,0.040700403505765155,2210.4535963834346,2504.0682975075642,0.046165367702366567,198.6836926046823,0.0009926660015647682,0.0009894532438323546,3.2127577324164124e-06,82.75894453221495,7.93667175852013,74.82227277369483,35,36,1.3981046093890797,0.20701184710098994,0.03496285920170217,0.03545881105415118,1.5,"two-level balanced square-array Darcy-Weisbach friction screen with one trunk and one lateral supply-return pair; uniform module flow is prescribed and fittings, valves, heat exchangers and site-specific manifolds are excluded",4.178223753655077,0.00041782237536550776,"frictional energy for the modeled packed bed plus the registered balanced on-array trunk-and-lateral header screen; fittings, valves, heat exchangers, external piping and pump efficiency excluded",False,"parallel modular packed zones; discrete unit count, bed friction and a geometry-normalized on-array header-friction screen are included. Tank shells, fittings, valves, heat exchangers, site-specific trunk routing, flow maldistribution and balance of plant are excluded. Hydraulic values are screening metrics, not installed-pump specifications.",bounded_moderate,25.0,5e-07,1e-07,0.1,128,False,"These are deterministic model-form stress cases. Every nonzero effective surface coefficient is referenced to the explicitly registered 25 C ambient sink and converted for each unit using A/V = 4/D + 2/H. The registered values are engineering stress bounds, not transferred calibration values, measurements or probability distributions."
S10MW_8H,10.0,8.0,80.0,G0024_T1_homogeneous_none__SOLAR_SALT_60_40_V10,G0024,T1_homogeneous_none,SOLAR_SALT_60_40_V10,Solar Salt (NaNO3-KNO3 60:40 wt%),homogeneous,none,Tier_2_unit_pair_partial,False,1118,440,1010,1118,1118,8795,0.05,True,0.11667049929256844,8.94454382826476,0.3933719153758195,0.8809259011855609,0.7957754311579515,0.07159018890760065,0.9,"time integral of positive outlet enthalpy flow following the simulated charge end state, with linear within-step interpolation at the registered outlet-grade threshold",True,0.9728086331896696,True,525.0,run-wise frozen at the registered transport-property temperature,9.394220883391883,8.77895774747506,1.0700838474924634,6.771111960257802,-0.6363051586115429,0.1,4.536043793329511,0.4536043793329511,15,binary_monotone_bracket_with_adjacent_verification,MINIMAL_INTEGER_COUNT_BINARY_BRACKET,False,0.047288998371874946,2275.4539877187963,80.0378311986975,8.00378311986975,0.03515781924476625,1680.1484629715178,3602.699624304717,0.047288998371874946,154.21235246156817,0.0006975285208502645,0.0006806146944905007,1.6913826359765076e-05,39.22109208001406,3.9920382274057022,35.22905385260835,33,34,1.4030196498438297,0.25109394400626084,0.04313922180158314,0.04378796830733243,1.5,"two-level balanced square-array Darcy-Weisbach friction screen with one trunk and one lateral supply-return pair; uniform module flow is prescribed and fittings, valves, heat exchangers and site-specific manifolds are excluded",2.913271919842486,0.0002913271919842486,"frictional energy for the modeled packed bed plus the registered balanced on-array trunk-and-lateral header screen; fittings, valves, heat exchangers, external piping and pump efficiency excluded",False,"parallel modular packed zones; discrete unit count, bed friction and a geometry-normalized on-array header-friction screen are included. Tank shells, fittings, valves, heat exchangers, site-specific trunk routing, flow maldistribution and balance of plant are excluded. Hydraulic values are screening metrics, not installed-pump specifications.",bounded_moderate,25.0,5e-07,1e-07,0.1,128,False,"These are deterministic model-form stress cases. Every nonzero effective surface coefficient is referenced to the explicitly registered 25 C ambient sink and converted for each unit using A/V = 4/D + 2/H. The registered values are engineering stress bounds, not transferred calibration values, measurements or probability distributions."
S10MW_8H,10.0,8.0,80.0,G0024_T1_homogeneous_none__AIP_FLINAK_2017_V10,G0024,T1_homogeneous_none,AIP_FLINAK_2017_V10,FLiNaK (LiF-NaF-KF),homogeneous,none,Tier_3_hypothetical_common_skeleton,False,927,440,863,927,927,8795,0.05,True,0.11476049484725377,10.787486515641856,0.4744226552213228,0.8832356412302272,0.8216274917388372,0.08630732722368997,0.9,"time integral of positive outlet enthalpy flow following the simulated charge end state, with linear within-step interpolation at the registered outlet-grade threshold",True,0.9774423572921929,True,525.0,run-wise frozen at the registered transport-property temperature,9.044078834517752,8.552432042837907,1.0574861968171458,5.588003157063686,-0.3591881076702316,0.1,4.536043793329511,0.4536043793329511,13,binary_monotone_bracket_with_adjacent_verification,MINIMAL_INTEGER_COUNT_BINARY_BRACKET,False,0.0086154204507638,1886.7136374019,80.00689233636061,8.000689233636061,0.04240177121429198,1671.6176642884575,2987.2115847320865,0.0086154204507638,110.78251407144339,0.0030572334320126777,0.0030435953525298105,1.3638079482856776e-05,66.6834661654158,6.868777657534593,59.81468850788121,30,31,1.4030196498438297,0.20701184710098994,0.0372405392256556,0.037856127032201536,1.5,"two-level balanced square-array Darcy-Weisbach friction screen with one trunk and one lateral supply-return pair; uniform module flow is prescribed and fittings, valves, heat exchangers and site-specific manifolds are excluded",3.366740303903295,0.0003366740303903295,"frictional energy for the modeled packed bed plus the registered balanced on-array trunk-and-lateral header screen; fittings, valves, heat exchangers, external piping and pump efficiency excluded",False,"parallel modular packed zones; discrete unit count, bed friction and a geometry-normalized on-array header-friction screen are included. Tank shells, fittings, valves, heat exchangers, site-specific trunk routing, flow maldistribution and balance of plant are excluded. Hydraulic values are screening metrics, not installed-pump specifications.",bounded_moderate,25.0,5e-07,1e-07,0.1,128,False,"These are deterministic model-form stress cases. Every nonzero effective surface coefficient is referenced to the explicitly registered 25 C ambient sink and converted for each unit using A/V = 4/D + 2/H. The registered values are engineering stress bounds, not transferred calibration values, measurements or probability distributions."
S10MW_8H,10.0,8.0,80.0,G0029_T1_homogeneous_none__AIP_FLINAK_2017_V10,G0029,T1_homogeneous_none,AIP_FLINAK_2017_V10,FLiNaK (LiF-NaF-KF),homogeneous,none,Tier_3_hypothetical_common_skeleton,False,1088,638,1011,1088,1088,12758,0.05,True,0.0977784730913642,9.191176470588236,0.5863411734512555,0.8725359011805224,0.8104270858378854,0.07355449270152457,0.9,"time integral of positive outlet enthalpy flow following the simulated charge end state, with linear within-step interpolation at the registered outlet-grade threshold",True,0.9759705147006732,True,525.0,run-wise frozen at the registered transport-property temperature,9.19694794010238,8.6580751221079,1.0622393326916855,6.036092097074801,-0.4395736945840875,0.1,4.839838432496768,0.4839838432496768,14,binary_monotone_bracket_with_adjacent_verification,MINIMAL_INTEGER_COUNT_BINARY_BRACKET,False,0.03411007407343458,1883.0168833359032,80.02728805925875,8.002728805925875,0.04248501471652984,2227.761173140318,2256.0594271022724,0.03411007407343458,70.54916920023071,0.0014553851579941412,0.0014492310868940389,6.154071100100575e-06,69.6323544059493,6.747225830944034,62.88512857500526,32,34,1.291830173274739,0.20701184710098994,0.03659487021776568,0.03659487021776568,1.5,"two-level balanced square-array Darcy-Weisbach friction screen with one trunk and one lateral supply-return pair; uniform module flow is prescribed and fittings, valves, heat exchangers and site-specific manifolds are excluded",3.515537202860201,0.0003515537202860201,"frictional energy for the modeled packed bed plus the registered balanced on-array trunk-and-lateral header screen; fittings, valves, heat exchangers, external piping and pump efficiency excluded",False,"parallel modular packed zones; discrete unit count, bed friction and a geometry-normalized on-array header-friction screen are included. Tank shells, fittings, valves, heat exchangers, site-specific trunk routing, flow maldistribution and balance of plant are excluded. Hydraulic values are screening metrics, not installed-pump specifications.",bounded_moderate,25.0,5e-07,1e-07,0.1,128,False,"These are deterministic model-form stress cases. Every nonzero effective surface coefficient is referenced to the explicitly registered 25 C ambient sink and converted for each unit using A/V = 4/D + 2/H. The registered values are engineering stress bounds, not transferred calibration values, measurements or probability distributions."
S10MW_8H,10.0,8.0,80.0,G0029_T2_graded_two_layer_fine_hot__AIP_FLINAK_2017_V10,G0029,T2_graded_two_layer_fine_hot,AIP_FLINAK_2017_V10,FLiNaK (LiF-NaF-KF),graded_two_layer,fine_hot,Tier_3_hypothetical_common_skeleton,False,1089,638,1012,1089,1089,12758,0.05,True,0.09768868569642264,9.182736455463727,0.5858027518043765,0.8715342048530825,0.8096258118229056,0.0734817689430068,0.9,"time integral of positive outlet enthalpy flow following the simulated charge end state, with linear within-step interpolation at the registered outlet-grade threshold",True,0.9759465395622673,True,525.0,run-wise frozen at the registered transport-property temperature,9.206891475936693,8.666616806433186,1.062339743589732,6.045535783665086,-0.440866573856831,0.1,4.839838432496768,0.4839838432496768,14,binary_monotone_bracket_with_adjacent_verification,MINIMAL_INTEGER_COUNT_BINARY_BRACKET,False,0.02705797366799878,1884.747597383087,80.0216463789344,8.00216463789344,0.042446001847185,2229.8087477479844,2258.1330111345355,0.02705797366799878,70.70592395133389,0.0017117147681042849,0.0017053047932794154,6.409974824864444e-06,69.27315706069305,6.9490226275072935,62.324134433185755,33,33,1.291830173274739,0.20701184710098994,0.03603613709839965,0.03603613709839965,1.5,"two-level balanced square-array Darcy-Weisbach friction screen with one trunk and one lateral supply-return pair; uniform module flow is prescribed and fittings, valves, heat exchangers and site-specific manifolds are excluded",3.4974156826113174,0.00034974156826113177,"frictional energy for the modeled packed bed plus the registered balanced on-array trunk-and-lateral header screen; fittings, valves, heat exchangers, external piping and pump efficiency excluded",False,"parallel modular packed zones; discrete unit count, bed friction and a geometry-normalized on-array header-friction screen are included. Tank shells, fittings, valves, heat exchangers, site-specific trunk routing, flow maldistribution and balance of plant are excluded. Hydraulic values are screening metrics, not installed-pump specifications.",bounded_moderate,25.0,5e-07,1e-07,0.1,128,False,"These are deterministic model-form stress cases. Every nonzero effective surface coefficient is referenced to the explicitly registered 25 C ambient sink and converted for each unit using A/V = 4/D + 2/H. The registered values are engineering stress bounds, not transferred calibration values, measurements or probability distributions."
S10MW_8H,10.0,8.0,80.0,G0045_T1_homogeneous_none__SOLAR_SALT_60_40_V10,G0045,T1_homogeneous_none,SOLAR_SALT_60_40_V10,Solar Salt (NaNO3-KNO3 60:40 wt%),homogeneous,none,Tier_2_unit_pair_partial,False,9676,592,1873,11942,11942,11821,0.05,False,0.013480531026156626,1.0334849111202977,0.06108752134225124,0.8959326361446337,0.14045879313336462,0.00669931231484016,0.9,"time integral of positive outlet enthalpy flow following the simulated charge end state, with linear within-step interpolation at the registered outlet-grade threshold",True,0.8433517124309257,True,525.0,run-wise frozen at the registered transport-property temperature,,32.89839364035483,,,-29.421470437266738,0.1,5.592599324722605,0.5592599324722606,13,binary_monotone_bracket_with_adjacent_verification,DUTY_OR_UNIT_COUNT_LIMIT_EXCEEDED,False,-18.971817552008265,10471.306443212263,64.82254595839339,6.482254595839339,0.007639925393632024,7932.429478124048,16266.969527305022,-18.971817552008265,1536.9955402141172,0.00017720177093644344,0.00017665764192860198,5.441290078419396e-07,170.7658548840441,9.372620850583345,161.39323403346077,98,99,1.1403680906306226,0.25109394400626084,0.025269773331303338,0.025398373517209496,1.5,"two-level balanced square-array Darcy-Weisbach friction screen with one trunk and one lateral supply-return pair; uniform module flow is prescribed and fittings, valves, heat exchangers and site-specific manifolds are excluded",12.6839670271004,0.0012683967027100399,"frictional energy for the modeled packed bed plus the registered balanced on-array trunk-and-lateral header screen; fittings, valves, heat exchangers, external piping and pump efficiency excluded",False,"parallel modular packed zones; discrete unit count, bed friction and a geometry-normalized on-array header-friction screen are included. Tank shells, fittings, valves, heat exchangers, site-specific trunk routing, flow maldistribution and balance of plant are excluded. Hydraulic values are screening metrics, not installed-pump specifications.",bounded_moderate,25.0,5e-07,1e-07,0.1,128,False,"These are deterministic model-form stress cases. Every nonzero effective surface coefficient is referenced to the explicitly registered 25 C ambient sink and converted for each unit using A/V = 4/D + 2/H. The registered values are engineering stress bounds, not transferred calibration values, measurements or probability distributions."
S10MW_8H,10.0,8.0,80.0,G0045_T1_homogeneous_none__AIP_FLINAK_2017_V10,G0045,T1_homogeneous_none,AIP_FLINAK_2017_V10,FLiNaK (LiF-NaF-KF),homogeneous,none,Tier_3_hypothetical_common_skeleton,False,1930,592,1602,1930,1930,11821,0.05,True,0.05512071436445816,5.181347150259067,0.3062605474132762,0.8934849419133852,0.7413141673097795,0.04145658329170957,0.9,"time integral of positive outlet enthalpy flow following the simulated charge end state, with linear within-step interpolation at the registered outlet-grade threshold",True,0.9691416176281193,True,525.0,run-wise frozen at the registered transport-property temperature,10.202396749072035,9.395482440440405,1.0858832224685426,8.234710509527373,-0.8960510128686094,0.1,5.592599324722605,0.5592599324722606,18,binary_monotone_bracket_with_adjacent_verification,MINIMAL_INTEGER_COUNT_BINARY_BRACKET,False,0.014007191249332251,2088.633881293889,80.01120575299947,8.001120575299947,0.03830254824289299,1898.5368508517408,3244.65183833182,0.014007191249332251,226.51936674382455,0.0032915163067396454,0.0032839346138068613,7.581692932791678e-06,95.66771297641927,7.896174113119343,87.77153886329992,43,45,1.1403680906306226,0.20701184710098994,0.03125668270902468,0.03160987677522246,1.5,"two-level balanced square-array Darcy-Weisbach friction screen with one trunk and one lateral supply-return pair; uniform module flow is prescribed and fittings, valves, heat exchangers and site-specific manifolds are excluded",4.8300527651459335,0.0004830052765145933,"frictional energy for the modeled packed bed plus the registered balanced on-array trunk-and-lateral header screen; fittings, valves, heat exchangers, external piping and pump efficiency excluded",False,"parallel modular packed zones; discrete unit count, bed friction and a geometry-normalized on-array header-friction screen are included. Tank shells, fittings, valves, heat exchangers, site-specific trunk routing, flow maldistribution and balance of plant are excluded. Hydraulic values are screening metrics, not installed-pump specifications.",bounded_moderate,25.0,5e-07,1e-07,0.1,128,False,"These are deterministic model-form stress cases. Every nonzero effective surface coefficient is referenced to the explicitly registered 25 C ambient sink and converted for each unit using A/V = 4/D + 2/H. The registered values are engineering stress bounds, not transferred calibration values, measurements or probability distributions."
S10MW_8H,10.0,8.0,80.0,G0106_T1_homogeneous_none__AIP_FLINAK_2017_V10,G0106,T1_homogeneous_none,AIP_FLINAK_2017_V10,FLiNaK (LiF-NaF-KF),homogeneous,none,Tier_3_hypothetical_common_skeleton,False,1643,566,1411,1643,1643,11301,0.05,True,0.06474922624674635,6.086427267194157,0.34393789100126015,0.8941610439490014,0.7677015566576416,0.04870718907130705,0.9,"time integral of positive outlet enthalpy flow following the simulated charge end state, with linear within-step interpolation at the registered outlet-grade threshold",True,0.971428701624969,True,525.0,run-wise frozen at the registered transport-property temperature,9.802635720308396,9.097090389348166,1.0775572519084078,7.466196355086243,-0.7280061788947939,0.1,5.395992319558096,0.5395992319558096,16,binary_monotone_bracket_with_adjacent_verification,MINIMAL_INTEGER_COUNT_BINARY_BRACKET,False,0.03238955519684339,2005.5239809643165,80.02591164415747,8.002591164415747,0.03988982468388814,2039.3813986613727,2834.987451954804,0.03238955519684339,190.7501691915463,0.00271658193529506,0.002709548804170249,7.033131124815738e-06,87.1754337747602,7.569936511508757,79.60549726325144,40,42,1.1728705861053985,0.20701184710098994,0.03270155068482463,0.03309794759021541,1.5,"two-level balanced square-array Darcy-Weisbach friction screen with one trunk and one lateral supply-return pair; uniform module flow is prescribed and fittings, valves, heat exchangers and site-specific manifolds are excluded",4.401281960227353,0.0004401281960227353,"frictional energy for the modeled packed bed plus the registered balanced on-array trunk-and-lateral header screen; fittings, valves, heat exchangers, external piping and pump efficiency excluded",False,"parallel modular packed zones; discrete unit count, bed friction and a geometry-normalized on-array header-friction screen are included. Tank shells, fittings, valves, heat exchangers, site-specific trunk routing, flow maldistribution and balance of plant are excluded. Hydraulic values are screening metrics, not installed-pump specifications.",bounded_moderate,25.0,5e-07,1e-07,0.1,128,False,"These are deterministic model-form stress cases. Every nonzero effective surface coefficient is referenced to the explicitly registered 25 C ambient sink and converted for each unit using A/V = 4/D + 2/H. The registered values are engineering stress bounds, not transferred calibration values, measurements or probability distributions."
S10MW_8H,10.0,8.0,80.0,G0110_T1_homogeneous_none__AIP_FLINAK_2017_V10,G0110,T1_homogeneous_none,AIP_FLINAK_2017_V10,FLiNaK (LiF-NaF-KF),homogeneous,none,Tier_3_hypothetical_common_skeleton,False,1612,496,1394,1612,1612,9912,0.05,True,0.0659944036745684,6.20347394540943,0.30745148182718346,0.8961568607561019,0.7746925832546097,0.04964014099017136,0.9,"time integral of positive outlet enthalpy flow following the simulated charge end state, with linear within-step interpolation at the registered outlet-grade threshold",True,0.9711294628378729,True,525.0,run-wise frozen at the registered transport-property temperature,9.688608564969947,9.001128456074023,1.076377102298991,7.356765995389304,-0.7513470292469626,0.1,5.505650724050867,0.5505650724050868,16,binary_monotone_bracket_with_adjacent_verification,MINIMAL_INTEGER_COUNT_BINARY_BRACKET,False,0.024884095195298883,1988.8708560551727,80.01990727615623,8.001990727615624,0.04022382838807144,1992.7628724997244,2849.9330872366886,0.024884095195298883,225.25457156914717,0.002130970560964489,0.0021227993223005793,8.171238663910981e-06,81.04813757375307,7.135575826524059,73.912561747229,40,41,1.1112415758190741,0.20701184710098994,0.03260939018963772,0.033014491314474946,1.5,"two-level balanced square-array Darcy-Weisbach friction screen with one trunk and one lateral supply-return pair; uniform module flow is prescribed and fittings, valves, heat exchangers and site-specific manifolds are excluded",4.091909307046619,0.00040919093070466186,"frictional energy for the modeled packed bed plus the registered balanced on-array trunk-and-lateral header screen; fittings, valves, heat exchangers, external piping and pump efficiency excluded",False,"parallel modular packed zones; discrete unit count, bed friction and a geometry-normalized on-array header-friction screen are included. Tank shells, fittings, valves, heat exchangers, site-specific trunk routing, flow maldistribution and balance of plant are excluded. Hydraulic values are screening metrics, not installed-pump specifications.",bounded_moderate,25.0,5e-07,1e-07,0.1,128,False,"These are deterministic model-form stress cases. Every nonzero effective surface coefficient is referenced to the explicitly registered 25 C ambient sink and converted for each unit using A/V = 4/D + 2/H. The registered values are engineering stress bounds, not transferred calibration values, measurements or probability distributions."
S10MW_8H,10.0,8.0,80.0,G0121_T1_homogeneous_none__SOLAR_SALT_60_40_V10,G0121,T1_homogeneous_none,SOLAR_SALT_60_40_V10,Solar Salt (NaNO3-KNO3 60:40 wt%),homogeneous,none,Tier_2_unit_pair_partial,False,1168,697,1066,1168,1168,13934,0.05,True,0.11167604298723588,8.561643835616438,0.5965195106854457,0.869908498690782,0.7937253774392697,0.0685288334121187,0.9,"time integral of positive outlet enthalpy flow following the simulated charge end state, with linear within-step interpolation at the registered outlet-grade threshold",True,0.9719112692816506,True,525.0,run-wise frozen at the registered transport-property temperature,9.417782591699545,8.788634160194007,1.0715865992414513,6.9112823251187345,-0.6982706581579928,0.1,4.599494081014933,0.4599494081014934,14,binary_monotone_bracket_with_adjacent_verification,MINIMAL_INTEGER_COUNT_BINARY_BRACKET,False,0.05209678169328935,2319.5077312917665,80.04167742535464,8.004167742535463,0.03449007689034383,1964.3509911156068,3280.914877183316,0.05209678169328935,67.63911021970176,0.0009283559711287981,0.0009121467314487329,1.6209239680062368e-05,39.68918931617722,3.9847414916910155,35.7044478244862,34,35,1.3702208113233216,0.25109394400626084,0.04284047480052555,0.043465916275150805,1.5,"two-level balanced square-array Darcy-Weisbach friction screen with one trunk and one lateral supply-return pair; uniform module flow is prescribed and fittings, valves, heat exchangers and site-specific manifolds are excluded",2.948057864354878,0.0002948057864354878,"frictional energy for the modeled packed bed plus the registered balanced on-array trunk-and-lateral header screen; fittings, valves, heat exchangers, external piping and pump efficiency excluded",False,"parallel modular packed zones; discrete unit count, bed friction and a geometry-normalized on-array header-friction screen are included. Tank shells, fittings, valves, heat exchangers, site-specific trunk routing, flow maldistribution and balance of plant are excluded. Hydraulic values are screening metrics, not installed-pump specifications.",bounded_moderate,25.0,5e-07,1e-07,0.1,128,False,"These are deterministic model-form stress cases. Every nonzero effective surface coefficient is referenced to the explicitly registered 25 C ambient sink and converted for each unit using A/V = 4/D + 2/H. The registered values are engineering stress bounds, not transferred calibration values, measurements or probability distributions."
S10MW_8H,10.0,8.0,80.0,G0121_T1_homogeneous_none__AIP_FLINAK_2017_V10,G0121,T1_homogeneous_none,AIP_FLINAK_2017_V10,FLiNaK (LiF-NaF-KF),homogeneous,none,Tier_3_hypothetical_common_skeleton,False,939,697,900,939,939,13934,0.05,True,0.11329390705367864,10.649627263045794,0.7419965798515447,0.8619618349975661,0.8257387180871434,0.0852294763844907,0.9,"time integral of positive outlet enthalpy flow following the simulated charge end state, with linear within-step interpolation at the registered outlet-grade threshold",True,0.9774030043723633,True,525.0,run-wise frozen at the registered transport-property temperature,8.993920302476445,8.509226326941572,1.0569609923290268,5.53836388161468,-0.3616026564732325,0.1,4.599494081014933,0.4599494081014934,12,binary_monotone_bracket_with_adjacent_verification,MINIMAL_INTEGER_COUNT_BINARY_BRACKET,False,0.0380979062959641,1864.7412326052815,80.03047832503677,8.003047832503677,0.04290139489661511,1894.9301331747752,2637.6533130780253,0.0380979062959641,34.77151069888698,0.004220834731960549,0.0042069318653587965,1.3902866601753979e-05,66.16299704417567,6.6604978645725215,59.50249917960315,30,32,1.3702208113233216,0.20701184710098994,0.037613457050272685,0.038215310578406735,1.5,"two-level balanced square-array Darcy-Weisbach friction screen with one trunk and one lateral supply-return pair; uniform module flow is prescribed and fittings, valves, heat exchangers and site-specific manifolds are excluded",3.340522610508706,0.0003340522610508706,"frictional energy for the modeled packed bed plus the registered balanced on-array trunk-and-lateral header screen; fittings, valves, heat exchangers, external piping and pump efficiency excluded",False,"parallel modular packed zones; discrete unit count, bed friction and a geometry-normalized on-array header-friction screen are included. Tank shells, fittings, valves, heat exchangers, site-specific trunk routing, flow maldistribution and balance of plant are excluded. Hydraulic values are screening metrics, not installed-pump specifications.",bounded_moderate,25.0,5e-07,1e-07,0.1,128,False,"These are deterministic model-form stress cases. Every nonzero effective surface coefficient is referenced to the explicitly registered 25 C ambient sink and converted for each unit using A/V = 4/D + 2/H. The registered values are engineering stress bounds, not transferred calibration values, measurements or probability distributions."
S10MW_8H,10.0,8.0,80.0,G0126_T1_homogeneous_none__AIP_FLINAK_2017_V10,G0126,T1_homogeneous_none,AIP_FLINAK_2017_V10,FLiNaK (LiF-NaF-KF),homogeneous,none,Tier_3_hypothetical_common_skeleton,False,2017,433,1589,2017,2017,8655,0.05,True,0.05274317239633329,4.95785820525533,0.21457065573778877,0.9083806958989598,0.7153450079453215,0.039665291890292005,0.9,"time integral of positive outlet enthalpy flow following the simulated charge end state, with linear within-step interpolation at the registered outlet-grade threshold",True,0.9668173547309733,True,525.0,run-wise frozen at the registered transport-property temperature,10.560880279395727,9.692843696725774,1.0895543774179681,8.571624494274149,-1.0875676399485334,0.1,5.853093602894273,0.5853093602894273,32,binary_monotone_bracket_with_adjacent_verification,MINIMAL_INTEGER_COUNT_BINARY_BRACKET,False,0.006117178398712397,2150.0933894804,80.00489374271896,8.000489374271897,0.03720768613652317,2217.1277545185735,2999.49890939867,0.006117178398712397,366.04695155614735,0.0022196765316795115,0.002212505399825886,7.171131853625192e-06,89.5125400069268,7.291384232322445,82.22115577460436,44,46,1.0306464989743274,0.20701184710098994,0.03092064240641943,0.031262317335724925,1.5,"two-level balanced square-array Darcy-Weisbach friction screen with one trunk and one lateral supply-return pair; uniform module flow is prescribed and fittings, valves, heat exchangers and site-specific manifolds are excluded",4.519248175797457,0.00045192481757974564,"frictional energy for the modeled packed bed plus the registered balanced on-array trunk-and-lateral header screen; fittings, valves, heat exchangers, external piping and pump efficiency excluded",False,"parallel modular packed zones; discrete unit count, bed friction and a geometry-normalized on-array header-friction screen are included. Tank shells, fittings, valves, heat exchangers, site-specific trunk routing, flow maldistribution and balance of plant are excluded. Hydraulic values are screening metrics, not installed-pump specifications.",bounded_moderate,25.0,5e-07,1e-07,0.1,128,False,"These are deterministic model-form stress cases. Every nonzero effective surface coefficient is referenced to the explicitly registered 25 C ambient sink and converted for each unit using A/V = 4/D + 2/H. The registered values are engineering stress bounds, not transferred calibration values, measurements or probability distributions."
S10MW_8H,10.0,8.0,80.0,G0127_T1_homogeneous_none__AIP_FLINAK_2017_V10,G0127,T1_homogeneous_none,AIP_FLINAK_2017_V10,FLiNaK (LiF-NaF-KF),homogeneous,none,Tier_3_hypothetical_common_skeleton,False,1835,573,1536,1835,1835,11458,0.05,True,0.05797437532610586,5.449591280653951,0.31221234480506804,0.8972482457537504,0.7509430206461003,0.04359898172980161,0.9,"time integral of positive outlet enthalpy flow following the simulated charge end state, with linear within-step interpolation at the registered outlet-grade threshold",True,0.9696422126678628,True,525.0,run-wise frozen at the registered transport-property temperature,10.045627238247917,9.27480971892985,1.0831087151841867,7.9792969592408625,-0.8589557436377362,0.1,5.631505963638052,0.5631505963638052,18,binary_monotone_bracket_with_adjacent_verification,MINIMAL_INTEGER_COUNT_BINARY_BRACKET,False,0.005164342732455474,2041.9679852380023,80.00413147418597,8.000413147418596,0.039177891415704824,2220.817471440667,2699.31650364825,0.005164342732455474,220.2948303099152,0.001985158192989076,0.0019795439302573645,5.614262731708405e-06,89.11312441787847,7.441147039131325,81.67197737874714,42,44,1.1033250763250884,0.20701184710098994,0.03168920864400685,0.03205557004795409,1.5,"two-level balanced square-array Darcy-Weisbach friction screen with one trunk and one lateral supply-return pair; uniform module flow is prescribed and fittings, valves, heat exchangers and site-specific manifolds are excluded",4.499071413605916,0.00044990714136059157,"frictional energy for the modeled packed bed plus the registered balanced on-array trunk-and-lateral header screen; fittings, valves, heat exchangers, external piping and pump efficiency excluded",False,"parallel modular packed zones; discrete unit count, bed friction and a geometry-normalized on-array header-friction screen are included. Tank shells, fittings, valves, heat exchangers, site-specific trunk routing, flow maldistribution and balance of plant are excluded. Hydraulic values are screening metrics, not installed-pump specifications.",bounded_moderate,25.0,5e-07,1e-07,0.1,128,False,"These are deterministic model-form stress cases. Every nonzero effective surface coefficient is referenced to the explicitly registered 25 C ambient sink and converted for each unit using A/V = 4/D + 2/H. The registered values are engineering stress bounds, not transferred calibration values, measurements or probability distributions."
S10MW_8H,10.0,8.0,80.0,G0130_T2_graded_two_layer_fine_hot__AIP_FLINAK_2017_V10,G0130,T2_graded_two_layer_fine_hot,AIP_FLINAK_2017_V10,FLiNaK (LiF-NaF-KF),graded_two_layer,fine_hot,Tier_3_hypothetical_common_skeleton,False,8126,474,2087,9673,9673,9467,0.05,False,0.013091678405538303,1.2306177701206005,0.058251835903728955,0.9194656783419505,0.19834189425408322,0.008270742867750211,0.9,"time integral of positive outlet enthalpy flow following the simulated charge end state, with linear within-step interpolation at the registered outlet-grade threshold",True,0.883187251969865,True,525.0,run-wise frozen at the registered transport-property temperature,,25.873497670198986,,,-16.960376969883225,0.1,6.751278253407882,0.6751278253407883,10,binary_monotone_bracket_with_adjacent_verification,DUTY_OR_UNIT_COUNT_LIMIT_EXCEEDED,False,-15.989929320827233,6543.582260670936,67.20805654333822,6.720805654333821,0.012225719309868861,6200.717672726505,9837.696165655143,-15.989929320827233,1616.684091558367,0.002265934864385138,0.0022641545246240647,1.7803397610703178e-06,223.3195308741672,12.198581814914753,211.12094905925244,90,91,0.8569848115564328,0.20701184710098994,0.02178602743361587,0.021906726570161034,1.5,"two-level balanced square-array Darcy-Weisbach friction screen with one trunk and one lateral supply-return pair; uniform module flow is prescribed and fittings, valves, heat exchangers and site-specific manifolds are excluded",11.274639248476094,0.0011274639248476093,"frictional energy for the modeled packed bed plus the registered balanced on-array trunk-and-lateral header screen; fittings, valves, heat exchangers, external piping and pump efficiency excluded",False,"parallel modular packed zones; discrete unit count, bed friction and a geometry-normalized on-array header-friction screen are included. Tank shells, fittings, valves, heat exchangers, site-specific trunk routing, flow maldistribution and balance of plant are excluded. Hydraulic values are screening metrics, not installed-pump specifications.",bounded_moderate,25.0,5e-07,1e-07,0.1,128,False,"These are deterministic model-form stress cases. Every nonzero effective surface coefficient is referenced to the explicitly registered 25 C ambient sink and converted for each unit using A/V = 4/D + 2/H. The registered values are engineering stress bounds, not transferred calibration values, measurements or probability distributions."
S10MW_8H,10.0,8.0,80.0,G0134_T1_homogeneous_none__AIP_FLINAK_2017_V10,G0134,T1_homogeneous_none,AIP_FLINAK_2017_V10,FLiNaK (LiF-NaF-KF),homogeneous,none,Tier_3_hypothetical_common_skeleton,False,951,487,882,951,951,9739,0.05,True,0.11186433093943665,10.515247108307046,0.5120662033035359,0.8816162288857406,0.8181253112039791,0.08417359832280255,0.9,"time integral of positive outlet enthalpy flow following the simulated charge end state, with linear within-step interpolation at the registered outlet-grade threshold",True,0.977187715858013,True,525.0,run-wise frozen at the registered transport-property temperature,9.095583684736768,8.591430855669747,1.0586808923375453,5.70082449941191,-0.3724716648414936,0.1,4.639984780983611,0.46399847809836114,14,binary_monotone_bracket_with_adjacent_verification,MINIMAL_INTEGER_COUNT_BINARY_BRACKET,False,0.06136500623152852,1864.803044602816,80.04909200498523,8.004909200498522,0.04289997285854881,2225.065418383413,2209.794326637511,0.06136500623152852,95.28724870897858,0.0009423931066358301,0.0009370349590247578,5.358147611070795e-06,65.61322973035846,6.569702429854326,59.043527300504124,30,32,1.3485914799213816,0.20701184710098994,0.03737539480387608,0.03797343909419618,1.5,"two-level balanced square-array Darcy-Weisbach friction screen with one trunk and one lateral supply-return pair; uniform module flow is prescribed and fittings, valves, heat exchangers and site-specific manifolds are excluded",3.3126015053160605,0.000331260150531606,"frictional energy for the modeled packed bed plus the registered balanced on-array trunk-and-lateral header screen; fittings, valves, heat exchangers, external piping and pump efficiency excluded",False,"parallel modular packed zones; discrete unit count, bed friction and a geometry-normalized on-array header-friction screen are included. Tank shells, fittings, valves, heat exchangers, site-specific trunk routing, flow maldistribution and balance of plant are excluded. Hydraulic values are screening metrics, not installed-pump specifications.",bounded_moderate,25.0,5e-07,1e-07,0.1,128,False,"These are deterministic model-form stress cases. Every nonzero effective surface coefficient is referenced to the explicitly registered 25 C ambient sink and converted for each unit using A/V = 4/D + 2/H. The registered values are engineering stress bounds, not transferred calibration values, measurements or probability distributions."
S10MW_8H,10.0,8.0,80.0,G0138_T2_graded_two_layer_fine_hot__AIP_FLINAK_2017_V10,G0138,T2_graded_two_layer_fine_hot,AIP_FLINAK_2017_V10,FLiNaK (LiF-NaF-KF),graded_two_layer,fine_hot,Tier_3_hypothetical_common_skeleton,False,1079,432,979,1079,1079,8627,0.05,True,0.09859404886321062,9.267840593141798,0.3998093552753103,0.8882030446629164,0.8055099153692288,0.07414891138918614,0.9,"time integral of positive outlet enthalpy flow following the simulated charge end state, with linear within-step interpolation at the registered outlet-grade threshold",True,0.9761485223358797,True,525.0,run-wise frozen at the registered transport-property temperature,9.261089102589404,8.715257066399028,1.0626294820717093,6.07278065363481,-0.4288266897478535,0.1,4.739781217830526,0.4739781217830526,15,binary_monotone_bracket_with_adjacent_verification,MINIMAL_INTEGER_COUNT_BINARY_BRACKET,False,0.008344236164781194,1907.2019262978708,80.00667538893182,8.000667538893182,0.0419462663585342,2008.826626655721,2605.9865509092497,0.008344236164781194,150.1192097697154,0.001963117983652223,0.0019561047710970883,7.013212555136484e-06,72.38816580247229,7.002805449170076,65.3853603533022,32,34,1.3503952708070142,0.20701184710098994,0.03620274056218126,0.03674717322594807,1.5,"two-level balanced square-array Darcy-Weisbach friction screen with one trunk and one lateral supply-return pair; uniform module flow is prescribed and fittings, valves, heat exchangers and site-specific manifolds are excluded",3.6546929157423347,0.00036546929157423345,"frictional energy for the modeled packed bed plus the registered balanced on-array trunk-and-lateral header screen; fittings, valves, heat exchangers, external piping and pump efficiency excluded",False,"parallel modular packed zones; discrete unit count, bed friction and a geometry-normalized on-array header-friction screen are included. Tank shells, fittings, valves, heat exchangers, site-specific trunk routing, flow maldistribution and balance of plant are excluded. Hydraulic values are screening metrics, not installed-pump specifications.",bounded_moderate,25.0,5e-07,1e-07,0.1,128,False,"These are deterministic model-form stress cases. Every nonzero effective surface coefficient is referenced to the explicitly registered 25 C ambient sink and converted for each unit using A/V = 4/D + 2/H. The registered values are engineering stress bounds, not transferred calibration values, measurements or probability distributions."
S10MW_8H,10.0,8.0,80.0,G0161_T1_homogeneous_none__SOLAR_SALT_60_40_V10,G0161,T1_homogeneous_none,SOLAR_SALT_60_40_V10,Solar Salt (NaNO3-KNO3 60:40 wt%),homogeneous,none,Tier_2_unit_pair_partial,False,10673,559,1650,14091,14091,11166,0.05,False,0.01222127032784517,0.93694368968425,0.052311358610770055,0.8803263643509173,0.10307108645334626,0.005677543638123977,0.9,"time integral of positive outlet enthalpy flow following the simulated charge end state, with linear within-step interpolation at the registered outlet-grade threshold",True,0.8113702576716786,True,525.0,run-wise frozen at the registered transport-property temperature,,39.970743871172495,,,-40.28902474327325,0.1,5.1550807967295205,0.5155080796729521,27,binary_monotone_bracket_with_adjacent_verification,DUTY_OR_UNIT_COUNT_LIMIT_EXCEEDED,False,-24.25447093787849,13313.386709532071,60.5964232496972,6.059642324969721,0.0060089894288672535,9914.427834837314,20948.09820949204,-24.25447093787849,1811.630717605022,8.37035565266128e-05,8.354129783192719e-05,1.6225869468536705e-07,224.65097306228253,11.97154807644905,212.6794249858335,103,104,1.3876824817744169,0.25109394400626084,0.024666730902156427,0.024786183082151178,1.5,"two-level balanced square-array Darcy-Weisbach friction screen with one trunk and one lateral supply-return pair; uniform module flow is prescribed and fittings, valves, heat exchangers and site-specific manifolds are excluded",16.686378208924015,0.0016686378208924017,"frictional energy for the modeled packed bed plus the registered balanced on-array trunk-and-lateral header screen; fittings, valves, heat exchangers, external piping and pump efficiency excluded",False,"parallel modular packed zones; discrete unit count, bed friction and a geometry-normalized on-array header-friction screen are included. Tank shells, fittings, valves, heat exchangers, site-specific trunk routing, flow maldistribution and balance of plant are excluded. Hydraulic values are screening metrics, not installed-pump specifications.",bounded_moderate,25.0,5e-07,1e-07,0.1,128,False,"These are deterministic model-form stress cases. Every nonzero effective surface coefficient is referenced to the explicitly registered 25 C ambient sink and converted for each unit using A/V = 4/D + 2/H. The registered values are engineering stress bounds, not transferred calibration values, measurements or probability distributions."
S10MW_8H,10.0,8.0,80.0,G0161_T1_homogeneous_none__AIP_FLINAK_2017_V10,G0161,T1_homogeneous_none,AIP_FLINAK_2017_V10,FLiNaK (LiF-NaF-KF),homogeneous,none,Tier_3_hypothetical_common_skeleton,False,1708,559,1421,1708,1708,11166,0.05,True,0.06228511634859733,5.85480093676815,0.3268847367990333,0.8744673426751891,0.7274544423193121,0.04685244995380957,0.9,"time integral of positive outlet enthalpy flow following the simulated charge end state, with linear within-step interpolation at the registered outlet-grade threshold",True,0.9708287281204693,True,525.0,run-wise frozen at the registered transport-property temperature,10.509643863550817,9.65131692980195,1.0889336595194041,8.51474235326983,-0.7615784922971589,0.1,5.1550807967295205,0.5155080796729521,17,binary_monotone_bracket_with_adjacent_verification,MINIMAL_INTEGER_COUNT_BINARY_BRACKET,False,0.029980651383421097,2130.541038122438,80.02398452110674,8.002398452110674,0.037549147643032896,1903.7958469256084,3352.323783548431,0.029980651383421097,205.91822970761524,0.0019391469331257946,0.0019356346260817094,3.512307044081346e-06,105.71523743271233,9.136502751439988,96.57873468127234,41,42,1.3876824817744169,0.20701184710098994,0.032073266703435264,0.03246204776735327,1.5,"two-level balanced square-array Darcy-Weisbach friction screen with one trunk and one lateral supply-return pair; uniform module flow is prescribed and fittings, valves, heat exchangers and site-specific manifolds are excluded",5.3372444845685765,0.0005337244484568577,"frictional energy for the modeled packed bed plus the registered balanced on-array trunk-and-lateral header screen; fittings, valves, heat exchangers, external piping and pump efficiency excluded",False,"parallel modular packed zones; discrete unit count, bed friction and a geometry-normalized on-array header-friction screen are included. Tank shells, fittings, valves, heat exchangers, site-specific trunk routing, flow maldistribution and balance of plant are excluded. Hydraulic values are screening metrics, not installed-pump specifications.",bounded_moderate,25.0,5e-07,1e-07,0.1,128,False,"These are deterministic model-form stress cases. Every nonzero effective surface coefficient is referenced to the explicitly registered 25 C ambient sink and converted for each unit using A/V = 4/D + 2/H. The registered values are engineering stress bounds, not transferred calibration values, measurements or probability distributions."
S10MW_8H,10.0,8.0,80.0,G0170_T1_homogeneous_none__AIP_FLINAK_2017_V10,G0170,T1_homogeneous_none,AIP_FLINAK_2017_V10,FLiNaK (LiF-NaF-KF),homogeneous,none,Tier_3_hypothetical_common_skeleton,False,972,810,944,972,972,16192,0.05,True,0.10944750897469573,10.2880658436214,0.8329403074858382,0.8500866372061808,0.8255108122497851,0.08234964959127034,0.9,"time integral of positive outlet enthalpy flow following the simulated charge end state, with linear within-step interpolation at the registered outlet-grade threshold",True,0.9769272016392275,True,525.0,run-wise frozen at the registered transport-property temperature,8.999948014629755,8.505506426171628,1.0581319399085656,5.649000317360419,-0.3872602772476502,0.1,4.70917082034683,0.470917082034683,12,binary_monotone_bracket_with_adjacent_verification,MINIMAL_INTEGER_COUNT_BINARY_BRACKET,False,0.054824253393470634,1860.140263880972,80.04385940271477,8.004385940271478,0.043007509462264455,1991.3045574392725,2500.1318478438843,0.054824253393470634,20.05662242693209,0.003362407145803495,0.0033498377350675112,1.2569410735990105e-05,65.0281505565567,6.59636335647938,58.43178720007732,31,32,1.3159950224731787,0.20701184710098994,0.03696944364500035,0.03756099230433144,1.5,"two-level balanced square-array Darcy-Weisbach friction screen with one trunk and one lateral supply-return pair; uniform module flow is prescribed and fittings, valves, heat exchangers and site-specific manifolds are excluded",3.283185335801891,0.0003283185335801891,"frictional energy for the modeled packed bed plus the registered balanced on-array trunk-and-lateral header screen; fittings, valves, heat exchangers, external piping and pump efficiency excluded",False,"parallel modular packed zones; discrete unit count, bed friction and a geometry-normalized on-array header-friction screen are included. Tank shells, fittings, valves, heat exchangers, site-specific trunk routing, flow maldistribution and balance of plant are excluded. Hydraulic values are screening metrics, not installed-pump specifications.",bounded_moderate,25.0,5e-07,1e-07,0.1,128,False,"These are deterministic model-form stress cases. Every nonzero effective surface coefficient is referenced to the explicitly registered 25 C ambient sink and converted for each unit using A/V = 4/D + 2/H. The registered values are engineering stress bounds, not transferred calibration values, measurements or probability distributions."
S10MW_8H,10.0,8.0,80.0,G0174_T1_homogeneous_none__AIP_FLINAK_2017_V10,G0174,T1_homogeneous_none,AIP_FLINAK_2017_V10,FLiNaK (LiF-NaF-KF),homogeneous,none,Tier_3_hypothetical_common_skeleton,False,1510,801,1340,1510,1510,16012,0.05,True,0.07045230379033394,6.622516556291391,0.5302044905941828,0.8493538887266238,0.7533011926196218,0.05298598181796043,0.9,"time integral of positive outlet enthalpy flow following the simulated charge end state, with linear within-step interpolation at the registered outlet-grade threshold",True,0.9726524667330593,True,525.0,run-wise frozen at the registered transport-property temperature,10.056833198657916,9.316563609528576,1.0794573643410994,7.642124883505504,-0.6389893134252602,0.1,5.043183985325774,0.5043183985325774,16,binary_monotone_bracket_with_adjacent_verification,MINIMAL_INTEGER_COUNT_BINARY_BRACKET,False,0.011040681400298347,2046.3512055945864,80.00883254512024,8.000883254512024,0.039093973596167356,2026.436758545102,2963.310448045004,0.011040681400298347,88.60647499973695,0.0020916950906633034,0.0020875448991325876,4.1501915307102685e-06,95.00075283661995,8.378993008628338,86.62175982799161,38,40,1.3680629559497466,0.20701184710098994,0.03326894509587441,0.0336927703999371,1.5,"two-level balanced square-array Darcy-Weisbach friction screen with one trunk and one lateral supply-return pair; uniform module flow is prescribed and fittings, valves, heat exchangers and site-specific manifolds are excluded",4.796319996431171,0.0004796319996431171,"frictional energy for the modeled packed bed plus the registered balanced on-array trunk-and-lateral header screen; fittings, valves, heat exchangers, external piping and pump efficiency excluded",False,"parallel modular packed zones; discrete unit count, bed friction and a geometry-normalized on-array header-friction screen are included. Tank shells, fittings, valves, heat exchangers, site-specific trunk routing, flow maldistribution and balance of plant are excluded. Hydraulic values are screening metrics, not installed-pump specifications.",bounded_moderate,25.0,5e-07,1e-07,0.1,128,False,"These are deterministic model-form stress cases. Every nonzero effective surface coefficient is referenced to the explicitly registered 25 C ambient sink and converted for each unit using A/V = 4/D + 2/H. The registered values are engineering stress bounds, not transferred calibration values, measurements or probability distributions."
S10MW_8H,10.0,8.0,80.0,G0175_T1_homogeneous_none__SOLAR_SALT_60_40_V10,G0175,T1_homogeneous_none,SOLAR_SALT_60_40_V10,Solar Salt (NaNO3-KNO3 60:40 wt%),homogeneous,none,Tier_2_unit_pair_partial,False,7670,446,2412,9930,9930,8916,0.05,False,0.01700620837145913,1.303780964797914,0.05812476374488755,0.9154405007752083,0.2223609729186526,0.008056693132041203,0.9,"time integral of positive outlet enthalpy flow following the simulated charge end state, with linear within-step interpolation at the registered outlet-grade threshold",True,0.8957734660445114,True,525.0,run-wise frozen at the registered transport-property temperature,,21.737437920175786,,,-13.440443910684186,0.1,6.221522612621201,0.6221522612621202,6,binary_monotone_bracket_with_adjacent_verification,DUTY_OR_UNIT_COUNT_LIMIT_EXCEEDED,False,-22.756454596554953,6308.607047639253,61.794836322756034,6.179483632275604,0.012681087821112085,4799.711775153728,9768.106556126415,-22.756454596554953,1620.4371004225482,0.0003491898172796457,0.0003476074210864299,1.5823961932151732e-06,124.98443992280403,7.3104107440728505,117.67402917873117,87,89,1.000286700835402,0.25109394400626084,0.026895516721105035,0.027047900471553244,1.5,"two-level balanced square-array Darcy-Weisbach friction screen with one trunk and one lateral supply-return pair; uniform module flow is prescribed and fittings, valves, heat exchangers and site-specific manifolds are excluded",9.28347941701265,0.000928347941701265,"frictional energy for the modeled packed bed plus the registered balanced on-array trunk-and-lateral header screen; fittings, valves, heat exchangers, external piping and pump efficiency excluded",False,"parallel modular packed zones; discrete unit count, bed friction and a geometry-normalized on-array header-friction screen are included. Tank shells, fittings, valves, heat exchangers, site-specific trunk routing, flow maldistribution and balance of plant are excluded. Hydraulic values are screening metrics, not installed-pump specifications.",bounded_moderate,25.0,5e-07,1e-07,0.1,128,False,"These are deterministic model-form stress cases. Every nonzero effective surface coefficient is referenced to the explicitly registered 25 C ambient sink and converted for each unit using A/V = 4/D + 2/H. The registered values are engineering stress bounds, not transferred calibration values, measurements or probability distributions."
S10MW_8H,10.0,8.0,80.0,G0175_T1_homogeneous_none__AIP_FLINAK_2017_V10,G0175,T1_homogeneous_none,AIP_FLINAK_2017_V10,FLiNaK (LiF-NaF-KF),homogeneous,none,Tier_3_hypothetical_common_skeleton,False,8601,446,2056,9769,9769,8916,0.05,False,0.012368675586955499,1.162655505173817,0.051833151717624405,0.915518639122722,0.19264660527306718,0.008189888699938397,0.9,"time integral of positive outlet enthalpy flow following the simulated charge end state, with linear within-step interpolation at the registered outlet-grade threshold",True,0.8821758435777436,True,525.0,run-wise frozen at the registered transport-property temperature,,28.06942565289169,,,-16.901566727020267,0.1,6.221522612621201,0.6221522612621202,18,binary_monotone_bracket_with_adjacent_verification,DUTY_OR_UNIT_COUNT_LIMIT_EXCEEDED,False,-11.948459114787301,7074.358437646052,70.44123270817016,7.044123270817016,0.011308445946742202,6458.3280991059155,10953.778942534982,-11.948459114787301,1829.267210004477,0.0011500652535898453,0.0011493676715787844,6.975820110617508e-07,273.00744061413894,14.546902161572618,258.46053845256637,92,94,1.000286700835402,0.20701184710098994,0.021525943740976456,0.021641365178235516,1.5,"two-level balanced square-array Darcy-Weisbach friction screen with one trunk and one lateral supply-return pair; uniform module flow is prescribed and fittings, valves, heat exchangers and site-specific manifolds are excluded",13.78313006444761,0.0013783130064447611,"frictional energy for the modeled packed bed plus the registered balanced on-array trunk-and-lateral header screen; fittings, valves, heat exchangers, external piping and pump efficiency excluded",False,"parallel modular packed zones; discrete unit count, bed friction and a geometry-normalized on-array header-friction screen are included. Tank shells, fittings, valves, heat exchangers, site-specific trunk routing, flow maldistribution and balance of plant are excluded. Hydraulic values are screening metrics, not installed-pump specifications.",bounded_moderate,25.0,5e-07,1e-07,0.1,128,False,"These are deterministic model-form stress cases. Every nonzero effective surface coefficient is referenced to the explicitly registered 25 C ambient sink and converted for each unit using A/V = 4/D + 2/H. The registered values are engineering stress bounds, not transferred calibration values, measurements or probability distributions."
S10MW_8H,10.0,8.0,80.0,G0184_T1_homogeneous_none__AIP_FLINAK_2017_V10,G0184,T1_homogeneous_none,AIP_FLINAK_2017_V10,FLiNaK (LiF-NaF-KF),homogeneous,none,Tier_3_hypothetical_common_skeleton,False,1925,509,1571,1925,1925,10166,0.05,True,0.055263885051119094,5.194805194805195,0.2640745021722735,0.9054091384079993,0.7387321253629887,0.04156013192870076,0.9,"time integral of positive outlet enthalpy flow following the simulated charge end state, with linear within-step interpolation at the registered outlet-grade threshold",True,0.968395341845167,True,525.0,run-wise frozen at the registered transport-property temperature,10.217705478805723,9.409399839459686,1.085904059040651,8.236626096807152,-0.9569327654552262,0.1,5.790955388750883,0.5790955388750884,20,binary_monotone_bracket_with_adjacent_verification,MINIMAL_INTEGER_COUNT_BINARY_BRACKET,False,0.004067453436218393,2068.4880394015163,80.00325396274897,8.000325396274897,0.038675592256819,2384.407068795917,2559.6716822765497,0.004067453436218393,278.68101303761347,0.0015963031219962827,0.0015911782265565666,5.124895439714173e-06,88.01379914688354,7.260950661219659,80.75284848566388,43,45,1.0509426433509348,0.20701184710098994,0.03129724947847695,0.031650901940800405,1.5,"two-level balanced square-array Darcy-Weisbach friction screen with one trunk and one lateral supply-return pair; uniform module flow is prescribed and fittings, valves, heat exchangers and site-specific manifolds are excluded",4.443551172299381,0.00044435511722993817,"frictional energy for the modeled packed bed plus the registered balanced on-array trunk-and-lateral header screen; fittings, valves, heat exchangers, external piping and pump efficiency excluded",False,"parallel modular packed zones; discrete unit count, bed friction and a geometry-normalized on-array header-friction screen are included. Tank shells, fittings, valves, heat exchangers, site-specific trunk routing, flow maldistribution and balance of plant are excluded. Hydraulic values are screening metrics, not installed-pump specifications.",bounded_moderate,25.0,5e-07,1e-07,0.1,128,False,"These are deterministic model-form stress cases. Every nonzero effective surface coefficient is referenced to the explicitly registered 25 C ambient sink and converted for each unit using A/V = 4/D + 2/H. The registered values are engineering stress bounds, not transferred calibration values, measurements or probability distributions."
S10MW_8H,10.0,8.0,80.0,G0187_T1_homogeneous_none__AIP_FLINAK_2017_V10,G0187,T1_homogeneous_none,AIP_FLINAK_2017_V10,FLiNaK (LiF-NaF-KF),homogeneous,none,Tier_3_hypothetical_common_skeleton,False,1299,792,1198,1299,1299,15820,0.05,True,0.0818960575237908,7.698229407236336,0.6089611670084075,0.8531128032191384,0.7864593577453461,0.06160581228717105,0.9,"time integral of positive outlet enthalpy flow following the simulated charge end state, with linear within-step interpolation at the registered outlet-grade threshold",True,0.9743421297171317,True,525.0,run-wise frozen at the registered transport-property temperature,9.534691065032092,8.916637529134142,1.0693146417445507,6.699284907790976,-0.5346370034608333,0.1,4.942171398166918,0.49421713981669185,14,binary_monotone_bracket_with_adjacent_verification,MINIMAL_INTEGER_COUNT_BINARY_BRACKET,False,0.03243770129397472,1965.680280284174,80.02595016103518,8.002595016103518,0.04069837847100678,1850.1234443013534,2971.5116758870186,0.03243770129397472,64.21408361925873,0.0020863118069813433,0.002079541912244388,6.769894736962657e-06,81.81807709816653,7.708827606480487,74.10924949168604,36,37,1.3229517471155576,0.20701184710098994,0.03446211087034047,0.034937472786181666,1.5,"two-level balanced square-array Darcy-Weisbach friction screen with one trunk and one lateral supply-return pair; uniform module flow is prescribed and fittings, valves, heat exchangers and site-specific manifolds are excluded",4.130778270997269,0.0004130778270997269,"frictional energy for the modeled packed bed plus the registered balanced on-array trunk-and-lateral header screen; fittings, valves, heat exchangers, external piping and pump efficiency excluded",False,"parallel modular packed zones; discrete unit count, bed friction and a geometry-normalized on-array header-friction screen are included. Tank shells, fittings, valves, heat exchangers, site-specific trunk routing, flow maldistribution and balance of plant are excluded. Hydraulic values are screening metrics, not installed-pump specifications.",bounded_moderate,25.0,5e-07,1e-07,0.1,128,False,"These are deterministic model-form stress cases. Every nonzero effective surface coefficient is referenced to the explicitly registered 25 C ambient sink and converted for each unit using A/V = 4/D + 2/H. The registered values are engineering stress bounds, not transferred calibration values, measurements or probability distributions."
S10MW_8H,10.0,8.0,80.0,G0192_T1_homogeneous_none__AIP_FLINAK_2017_V10,G0192,T1_homogeneous_none,AIP_FLINAK_2017_V10,FLiNaK (LiF-NaF-KF),homogeneous,none,Tier_3_hypothetical_common_skeleton,False,2494,748,1880,2494,2494,14945,0.05,True,0.042655564844989675,4.0096230954290295,0.29962502795580587,0.8676222890965201,0.6536767930062137,0.032076999207507104,0.9,"time integral of positive outlet enthalpy flow following the simulated charge end state, with linear within-step interpolation at the registered outlet-grade threshold",True,0.9643562728288,True,525.0,run-wise frozen at the registered transport-property temperature,11.933170793776032,10.679021209653753,1.1174404994147344,11.092684724524291,-1.2774956461745672,0.1,5.668083775780266,0.5668083775780266,23,binary_monotone_bracket_with_adjacent_verification,MINIMAL_INTEGER_COUNT_BINARY_BRACKET,False,4.502940338380057e-05,2360.3876704246163,80.00003602352271,8.00000360235227,0.033892737622040106,2292.441689086657,3476.3766670209143,4.502940338380057e-05,233.75049034538534,0.001487807307938804,0.0014856769459068932,2.1303620319144373e-06,126.68857094663764,9.71911874585258,116.96945220078506,49,51,1.2359494274863283,0.20701184710098994,0.029311090612295372,0.029602750438765545,1.5,"two-level balanced square-array Darcy-Weisbach friction screen with one trunk and one lateral supply-return pair; uniform module flow is prescribed and fittings, valves, heat exchangers and site-specific manifolds are excluded",6.396082824107075,0.0006396082824107075,"frictional energy for the modeled packed bed plus the registered balanced on-array trunk-and-lateral header screen; fittings, valves, heat exchangers, external piping and pump efficiency excluded",False,"parallel modular packed zones; discrete unit count, bed friction and a geometry-normalized on-array header-friction screen are included. Tank shells, fittings, valves, heat exchangers, site-specific trunk routing, flow maldistribution and balance of plant are excluded. Hydraulic values are screening metrics, not installed-pump specifications.",bounded_moderate,25.0,5e-07,1e-07,0.1,128,False,"These are deterministic model-form stress cases. Every nonzero effective surface coefficient is referenced to the explicitly registered 25 C ambient sink and converted for each unit using A/V = 4/D + 2/H. The registered values are engineering stress bounds, not transferred calibration values, measurements or probability distributions."
S10MW_8H,10.0,8.0,80.0,G0197_T1_homogeneous_none__AIP_FLINAK_2017_V10,G0197,T1_homogeneous_none,AIP_FLINAK_2017_V10,FLiNaK (LiF-NaF-KF),homogeneous,none,Tier_3_hypothetical_common_skeleton,False,1487,841,1347,1487,1487,16816,0.05,True,0.07154201662636465,6.724949562878279,0.5654573236864161,0.864740458743436,0.7833882214571962,0.05382238260505601,0.9,"time integral of positive outlet enthalpy flow following the simulated charge end state, with linear within-step interpolation at the registered outlet-grade threshold",True,0.9722717334819003,True,525.0,run-wise frozen at the registered transport-property temperature,9.569290057669138,8.917911677836214,1.073041582308087,7.046803395691057,-0.6711677829362259,0.1,5.384352501394019,0.538435250139402,15,binary_monotone_bracket_with_adjacent_verification,MINIMAL_INTEGER_COUNT_BINARY_BRACKET,False,0.04235366714786526,1952.827164008543,80.03388293371829,8.00338829337183,0.04096624702607323,2222.8750218919504,2453.1161193980643,0.04235366714786526,76.84800569575204,0.0013843210160969616,0.0013785698585740839,5.7511575228755525e-06,78.34288332113718,6.978574135945684,71.36430918519149,38,40,1.1383216147316477,0.20701184710098994,0.033525249583376625,0.0339523400443908,1.5,"two-level balanced square-array Darcy-Weisbach friction screen with one trunk and one lateral supply-return pair; uniform module flow is prescribed and fittings, valves, heat exchangers and site-specific manifolds are excluded",3.9552939635653797,0.00039552939635653796,"frictional energy for the modeled packed bed plus the registered balanced on-array trunk-and-lateral header screen; fittings, valves, heat exchangers, external piping and pump efficiency excluded",False,"parallel modular packed zones; discrete unit count, bed friction and a geometry-normalized on-array header-friction screen are included. Tank shells, fittings, valves, heat exchangers, site-specific trunk routing, flow maldistribution and balance of plant are excluded. Hydraulic values are screening metrics, not installed-pump specifications.",bounded_moderate,25.0,5e-07,1e-07,0.1,128,False,"These are deterministic model-form stress cases. Every nonzero effective surface coefficient is referenced to the explicitly registered 25 C ambient sink and converted for each unit using A/V = 4/D + 2/H. The registered values are engineering stress bounds, not transferred calibration values, measurements or probability distributions."
S10MW_8H,10.0,8.0,80.0,G0202_T1_homogeneous_none__AIP_FLINAK_2017_V10,G0202,T1_homogeneous_none,AIP_FLINAK_2017_V10,FLiNaK (LiF-NaF-KF),homogeneous,none,Tier_3_hypothetical_common_skeleton,False,1074,407,982,1074,1074,8125,0.05,True,0.09905305281508775,9.31098696461825,0.3782680860977835,0.8861621810807101,0.8103492048729224,0.0745055925699881,0.9,"time integral of positive outlet enthalpy flow following the simulated charge end state, with linear within-step interpolation at the registered outlet-grade threshold",True,0.9757928058238269,True,525.0,run-wise frozen at the registered transport-property temperature,9.196880000132309,8.655233488496632,1.0625802310654657,6.068149992220054,-0.4499080156693813,0.1,4.849769807259363,0.4849769807259363,14,binary_monotone_bracket_with_adjacent_verification,MINIMAL_INTEGER_COUNT_BINARY_BRACKET,False,0.023758025209019706,1893.3489180572535,80.01900642016722,8.001900642016722,0.04225317332533044,2045.6415179850208,2520.4087939395868,0.023758025209019706,164.36277252887172,0.0010914727560740844,0.0010848414134656818,6.631342608403367e-06,68.10714592314696,6.591539377514996,61.51560654563197,32,34,1.2742787844345949,0.20701184710098994,0.036286913520637024,0.03683261201420781,1.5,"two-level balanced square-array Darcy-Weisbach friction screen with one trunk and one lateral supply-return pair; uniform module flow is prescribed and fittings, valves, heat exchangers and site-specific manifolds are excluded",3.4385170523458743,0.0003438517052345874,"frictional energy for the modeled packed bed plus the registered balanced on-array trunk-and-lateral header screen; fittings, valves, heat exchangers, external piping and pump efficiency excluded",False,"parallel modular packed zones; discrete unit count, bed friction and a geometry-normalized on-array header-friction screen are included. Tank shells, fittings, valves, heat exchangers, site-specific trunk routing, flow maldistribution and balance of plant are excluded. Hydraulic values are screening metrics, not installed-pump specifications.",bounded_moderate,25.0,5e-07,1e-07,0.1,128,False,"These are deterministic model-form stress cases. Every nonzero effective surface coefficient is referenced to the explicitly registered 25 C ambient sink and converted for each unit using A/V = 4/D + 2/H. The registered values are engineering stress bounds, not transferred calibration values, measurements or probability distributions."
S10MW_8H,10.0,8.0,80.0,G0212_T1_homogeneous_none__AIP_FLINAK_2017_V10,G0212,T1_homogeneous_none,AIP_FLINAK_2017_V10,FLiNaK (LiF-NaF-KF),homogeneous,none,Tier_3_hypothetical_common_skeleton,False,9370,491,2157,10981,10981,9802,0.05,False,0.011353572969413474,1.0672358591248665,0.052307913105222245,0.9021451131073082,0.17717976744001115,0.007285338341879516,0.9,"time integral of positive outlet enthalpy flow following the simulated charge end state, with linear within-step interpolation at the registered outlet-grade threshold",True,0.8768231822007044,True,525.0,run-wise frozen at the registered transport-property temperature,,29.73431915226708,,,-17.861674077901117,0.1,6.106190167527984,0.6106190167527985,21,binary_monotone_bracket_with_adjacent_verification,DUTY_OR_UNIT_COUNT_LIMIT_EXCEEDED,False,-14.670474670736166,7390.195899828652,68.26362026341107,6.826362026341107,0.010825152821977949,7930.264385122169,9908.24823538207,-14.670474670736166,1811.7566361104998,0.0003260639953609186,0.0003258838494070656,1.8014595385286407e-07,317.3515319221591,16.49048663315444,300.8610452890046,96,98,1.0867857999298889,0.20701184710098994,0.021062565662919343,0.021170857202760678,1.5,"two-level balanced square-array Darcy-Weisbach friction screen with one trunk and one lateral supply-return pair; uniform module flow is prescribed and fittings, valves, heat exchangers and site-specific manifolds are excluded",16.021847239063614,0.0016021847239063615,"frictional energy for the modeled packed bed plus the registered balanced on-array trunk-and-lateral header screen; fittings, valves, heat exchangers, external piping and pump efficiency excluded",False,"parallel modular packed zones; discrete unit count, bed friction and a geometry-normalized on-array header-friction screen are included. Tank shells, fittings, valves, heat exchangers, site-specific trunk routing, flow maldistribution and balance of plant are excluded. Hydraulic values are screening metrics, not installed-pump specifications.",bounded_moderate,25.0,5e-07,1e-07,0.1,128,False,"These are deterministic model-form stress cases. Every nonzero effective surface coefficient is referenced to the explicitly registered 25 C ambient sink and converted for each unit using A/V = 4/D + 2/H. The registered values are engineering stress bounds, not transferred calibration values, measurements or probability distributions."
S10MW_8H,10.0,8.0,80.0,G0213_T1_homogeneous_none__AIP_FLINAK_2017_V10,G0213,T1_homogeneous_none,AIP_FLINAK_2017_V10,FLiNaK (LiF-NaF-KF),homogeneous,none,Tier_3_hypothetical_common_skeleton,False,10437,641,2821,13522,13522,12815,0.05,False,0.010192869476229209,0.9581297307655456,0.06139272066529184,0.8839003336780757,0.18435438111426686,0.0059166396011510886,0.9,"time integral of positive outlet enthalpy flow following the simulated charge end state, with linear within-step interpolation at the registered outlet-grade threshold",True,0.8832368301497707,True,525.0,run-wise frozen at the registered transport-property temperature,,26.482934112515334,,,-15.723805085990378,0.1,6.503811599195677,0.6503811599195677,9,binary_monotone_bracket_with_adjacent_verification,DUTY_OR_UNIT_COUNT_LIMIT_EXCEEDED,False,-22.810040603482605,6489.665402590008,61.75196751721391,6.1751967517213915,0.012327291938359752,5757.702730228743,10264.77419243422,-22.810040603482605,1528.8576058583874,0.00044553328599298154,0.000445329159946498,2.0412604648251445e-07,349.0336495243326,17.66246759600885,331.3711819283238,102,103,1.0965597628247157,0.20701184710098994,0.020464797168037965,0.02056487012260497,1.5,"two-level balanced square-array Darcy-Weisbach friction screen with one trunk and one lateral supply-return pair; uniform module flow is prescribed and fittings, valves, heat exchangers and site-specific manifolds are excluded",17.62135878997107,0.0017621358789971068,"frictional energy for the modeled packed bed plus the registered balanced on-array trunk-and-lateral header screen; fittings, valves, heat exchangers, external piping and pump efficiency excluded",False,"parallel modular packed zones; discrete unit count, bed friction and a geometry-normalized on-array header-friction screen are included. Tank shells, fittings, valves, heat exchangers, site-specific trunk routing, flow maldistribution and balance of plant are excluded. Hydraulic values are screening metrics, not installed-pump specifications.",bounded_moderate,25.0,5e-07,1e-07,0.1,128,False,"These are deterministic model-form stress cases. Every nonzero effective surface coefficient is referenced to the explicitly registered 25 C ambient sink and converted for each unit using A/V = 4/D + 2/H. The registered values are engineering stress bounds, not transferred calibration values, measurements or probability distributions."
S10MW_8H,10.0,8.0,80.0,G0225_T1_homogeneous_none__SOLAR_SALT_60_40_V10,G0225,T1_homogeneous_none,SOLAR_SALT_60_40_V10,Solar Salt (NaNO3-KNO3 60:40 wt%),homogeneous,none,Tier_2_unit_pair_partial,False,5851,374,3288,7868,7868,7470,0.05,False,0.022293217947204156,1.7091095539224064,0.06383772550126741,0.892369461042921,0.37291099526904975,0.010167839199027515,0.9,"time integral of positive outlet enthalpy flow following the simulated charge end state, with linear within-step interpolation at the registered outlet-grade threshold",True,0.9368190999014597,True,525.0,run-wise frozen at the registered transport-property temperature,17.007797914539623,13.446798906463817,1.2648213179096512,23.38562568406693,-4.7069207633878145,0.1,6.527849710655722,0.6527849710655722,3,binary_monotone_bracket_with_adjacent_verification,DUTY_OR_UNIT_COUNT_LIMIT_EXCEEDED,False,-25.634966058112518,3610.103458282268,59.49202715350999,5.9492027153509985,0.0221600297399967,2671.2749612911657,5707.046600964084,-25.634966058112518,1466.4718505363203,0.0002009444099713407,0.0001997611160525199,1.18329391882154e-06,108.96498348316587,6.947722775079785,102.01726070808607,76,77,1.0829784480790143,0.25109394400626084,0.028617255792314045,0.02880491193935195,1.5,"two-level balanced square-array Darcy-Weisbach friction screen with one trunk and one lateral supply-return pair; uniform module flow is prescribed and fittings, valves, heat exchangers and site-specific manifolds are excluded",8.093593260319674,0.0008093593260319674,"frictional energy for the modeled packed bed plus the registered balanced on-array trunk-and-lateral header screen; fittings, valves, heat exchangers, external piping and pump efficiency excluded",False,"parallel modular packed zones; discrete unit count, bed friction and a geometry-normalized on-array header-friction screen are included. Tank shells, fittings, valves, heat exchangers, site-specific trunk routing, flow maldistribution and balance of plant are excluded. Hydraulic values are screening metrics, not installed-pump specifications.",bounded_moderate,25.0,5e-07,1e-07,0.1,128,False,"These are deterministic model-form stress cases. Every nonzero effective surface coefficient is referenced to the explicitly registered 25 C ambient sink and converted for each unit using A/V = 4/D + 2/H. The registered values are engineering stress bounds, not transferred calibration values, measurements or probability distributions."
S10MW_8H,10.0,8.0,80.0,G0225_T1_homogeneous_none__AIP_FLINAK_2017_V10,G0225,T1_homogeneous_none,AIP_FLINAK_2017_V10,FLiNaK (LiF-NaF-KF),homogeneous,none,Tier_3_hypothetical_common_skeleton,False,7216,374,2794,8610,8610,7470,0.05,False,0.014742652262112563,1.3858093126385809,0.051761991672382976,0.8992272525543311,0.2917777577598412,0.009292493938884443,0.9,"time integral of positive outlet enthalpy flow following the simulated charge end state, with linear within-step interpolation at the registered outlet-grade threshold",True,0.9209467232134346,True,525.0,run-wise frozen at the registered transport-property temperature,27.632991658176746,19.151152089602075,1.442889259554249,36.2594626688123,-7.358009693884288,0.1,6.527849710655722,0.6527849710655722,7,binary_monotone_bracket_with_adjacent_verification,DUTY_OR_UNIT_COUNT_LIMIT_EXCEEDED,False,-16.18170467126234,4452.31696376087,67.05463626299013,6.705463626299013,0.017968172673048875,3953.0870868240468,7038.463215272061,-16.18170467126234,1831.9194793146626,0.0006010073753305916,0.0006005761075732748,4.312677573169424e-07,256.88398843954974,14.43968426362099,242.44430417592872,84,86,1.0829784480790143,0.20701184710098994,0.02246758539515592,0.022599361219504996,1.5,"two-level balanced square-array Darcy-Weisbach friction screen with one trunk and one lateral supply-return pair; uniform module flow is prescribed and fittings, valves, heat exchangers and site-specific manifolds are excluded",12.969092654147216,0.0012969092654147216,"frictional energy for the modeled packed bed plus the registered balanced on-array trunk-and-lateral header screen; fittings, valves, heat exchangers, external piping and pump efficiency excluded",False,"parallel modular packed zones; discrete unit count, bed friction and a geometry-normalized on-array header-friction screen are included. Tank shells, fittings, valves, heat exchangers, site-specific trunk routing, flow maldistribution and balance of plant are excluded. Hydraulic values are screening metrics, not installed-pump specifications.",bounded_moderate,25.0,5e-07,1e-07,0.1,128,False,"These are deterministic model-form stress cases. Every nonzero effective surface coefficient is referenced to the explicitly registered 25 C ambient sink and converted for each unit using A/V = 4/D + 2/H. The registered values are engineering stress bounds, not transferred calibration values, measurements or probability distributions."
S50MW_6H,50.0,6.0,300.0,G0011_T1_homogeneous_none__SOLAR_SALT_60_40_V10,G0011,T1_homogeneous_none,SOLAR_SALT_60_40_V10,Solar Salt (NaNO3-KNO3 60:40 wt%),homogeneous,none,Tier_2_unit_pair_partial,False,4253,3498,4162,4253,4253,69945,0.05,True,0.15334777593356633,11.75640724194686,0.822304238046638,0.8640892448142986,0.8455090835172304,0.07054729127911828,0.9,"time integral of positive outlet enthalpy flow following the simulated charge end state, with linear within-step interpolation at the registered outlet-grade threshold",True,0.9804821907322009,True,525.0,run-wise frozen at the registered transport-property temperature,6.554152183340566,6.252763960457556,1.0482007996446032,4.706647868994759,-0.21413736506009085,0.1,4.592357427740836,0.45923574277408363,13,binary_monotone_bracket_with_adjacent_verification,MINIMAL_INTEGER_COUNT_BINARY_BRACKET,False,0.012543270030040965,8068.898062963649,300.0376298100901,6.000752596201802,0.03717979799212039,6226.667272075132,12357.278316564456,0.012543270030040965,21.609491199446307,0.001116459997723401,0.0010884804360147614,2.7979561708640122e-05,40.722588265203726,2.957739578316733,37.76484868688699,65,66,1.4171749082009675,0.5614631275365252,0.06941130784962257,0.06994320304450055,1.5,"two-level balanced square-array Darcy-Weisbach friction screen with one trunk and one lateral supply-return pair; uniform module flow is prescribed and fittings, valves, heat exchangers and site-specific manifolds are excluded",15.124147397658454,0.0003024829479531691,"frictional energy for the modeled packed bed plus the registered balanced on-array trunk-and-lateral header screen; fittings, valves, heat exchangers, external piping and pump efficiency excluded",False,"parallel modular packed zones; discrete unit count, bed friction and a geometry-normalized on-array header-friction screen are included. Tank shells, fittings, valves, heat exchangers, site-specific trunk routing, flow maldistribution and balance of plant are excluded. Hydraulic values are screening metrics, not installed-pump specifications.",bounded_moderate,25.0,5e-07,1e-07,0.1,128,False,"These are deterministic model-form stress cases. Every nonzero effective surface coefficient is referenced to the explicitly registered 25 C ambient sink and converted for each unit using A/V = 4/D + 2/H. The registered values are engineering stress bounds, not transferred calibration values, measurements or probability distributions."
S50MW_6H,50.0,6.0,300.0,G0011_T1_homogeneous_none__AIP_FLINAK_2017_V10,G0011,T1_homogeneous_none,AIP_FLINAK_2017_V10,FLiNaK (LiF-NaF-KF),homogeneous,none,Tier_3_hypothetical_common_skeleton,False,3576,3498,3567,3576,3576,69945,0.05,True,0.14874577561997238,13.982102908277405,0.977980963202559,0.8571974574857516,0.8551041319624846,0.08391163134880861,0.9,"time integral of positive outlet enthalpy flow following the simulated charge end state, with linear within-step interpolation at the registered outlet-grade threshold",True,0.9835811949076291,True,525.0,run-wise frozen at the registered transport-property temperature,6.459695996183235,6.208308127916314,1.0404921700223817,3.9688630632616015,-0.09552610128679973,0.1,4.592357427740836,0.45923574277408363,10,binary_monotone_bracket_with_adjacent_verification,MINIMAL_INTEGER_COUNT_BINARY_BRACKET,False,0.022664567779862033,6784.476716002354,300.0679937033396,6.001359874066792,0.044218590844655487,6282.16225318944,10390.225078776039,0.022664567779862033,2.251479080465546,0.004821948024625252,0.004800008669249803,2.193935537543679e-05,69.09434570523608,4.993041206784419,64.10130449845165,59,61,1.4171749082009675,0.46289256226560627,0.05995937161929043,0.060456968297540686,1.5,"two-level balanced square-array Darcy-Weisbach friction screen with one trunk and one lateral supply-return pair; uniform module flow is prescribed and fittings, valves, heat exchangers and site-specific manifolds are excluded",17.442726119714248,0.00034885452239428495,"frictional energy for the modeled packed bed plus the registered balanced on-array trunk-and-lateral header screen; fittings, valves, heat exchangers, external piping and pump efficiency excluded",False,"parallel modular packed zones; discrete unit count, bed friction and a geometry-normalized on-array header-friction screen are included. Tank shells, fittings, valves, heat exchangers, site-specific trunk routing, flow maldistribution and balance of plant are excluded. Hydraulic values are screening metrics, not installed-pump specifications.",bounded_moderate,25.0,5e-07,1e-07,0.1,128,False,"These are deterministic model-form stress cases. Every nonzero effective surface coefficient is referenced to the explicitly registered 25 C ambient sink and converted for each unit using A/V = 4/D + 2/H. The registered values are engineering stress bounds, not transferred calibration values, measurements or probability distributions."
S50MW_6H,50.0,6.0,300.0,G0015_T1_homogeneous_none__AIP_FLINAK_2017_V10,G0015,T1_homogeneous_none,AIP_FLINAK_2017_V10,FLiNaK (LiF-NaF-KF),homogeneous,none,Tier_3_hypothetical_common_skeleton,False,4303,2055,4028,4303,4303,41080,0.05,True,0.12361489510040001,11.619800139437602,0.4773442649900609,0.8893807047780874,0.8325420620851506,0.06972173376133825,0.9,"time integral of positive outlet enthalpy flow following the simulated charge end state, with linear within-step interpolation at the registered outlet-grade threshold",True,0.982517175510221,True,525.0,run-wise frozen at the registered transport-property temperature,6.667541403847292,6.3786747902250776,1.0452863052471157,4.428358526719237,-0.13203515019416523,0.1,4.802953673840943,0.4802953673840943,16,binary_monotone_bracket_with_adjacent_verification,MINIMAL_INTEGER_COUNT_BINARY_BRACKET,False,0.004206791679495225,6893.155179389652,300.01262037503847,6.00025240750077,0.0435214342623523,7751.900428066764,8781.585887673227,0.004206791679495225,109.49240901026047,0.001417243215474694,0.0014107124450177728,6.53077045692029e-06,78.87893647084974,5.421332032401832,73.4576044384479,65,67,1.3981046093890797,0.46289256226560627,0.05732796126049994,0.05776063125719022,1.5,"two-level balanced square-array Darcy-Weisbach friction screen with one trunk and one lateral supply-return pair; uniform module flow is prescribed and fittings, valves, heat exchangers and site-specific manifolds are excluded",19.91179420517517,0.0003982358841035034,"frictional energy for the modeled packed bed plus the registered balanced on-array trunk-and-lateral header screen; fittings, valves, heat exchangers, external piping and pump efficiency excluded",False,"parallel modular packed zones; discrete unit count, bed friction and a geometry-normalized on-array header-friction screen are included. Tank shells, fittings, valves, heat exchangers, site-specific trunk routing, flow maldistribution and balance of plant are excluded. Hydraulic values are screening metrics, not installed-pump specifications.",bounded_moderate,25.0,5e-07,1e-07,0.1,128,False,"These are deterministic model-form stress cases. Every nonzero effective surface coefficient is referenced to the explicitly registered 25 C ambient sink and converted for each unit using A/V = 4/D + 2/H. The registered values are engineering stress bounds, not transferred calibration values, measurements or probability distributions."
S50MW_6H,50.0,6.0,300.0,G0024_T1_homogeneous_none__SOLAR_SALT_60_40_V10,G0024,T1_homogeneous_none,SOLAR_SALT_60_40_V10,Solar Salt (NaNO3-KNO3 60:40 wt%),homogeneous,none,Tier_2_unit_pair_partial,False,3939,2199,3786,3939,3939,43978,0.05,True,0.16557199569572417,12.693577050012694,0.5582505729755854,0.8809259011855609,0.8467240576871041,0.07617367019515106,0.9,"time integral of positive outlet enthalpy flow following the simulated charge end state, with linear within-step interpolation at the registered outlet-grade threshold",True,0.980844894673211,True,525.0,run-wise frozen at the registered transport-property temperature,6.542609813472633,6.246796633623472,1.0473543797243123,4.625909436419968,-0.1986767368582526,0.1,4.536043793329511,0.4536043793329511,15,binary_monotone_bracket_with_adjacent_verification,MINIMAL_INTEGER_COUNT_BINARY_BRACKET,False,0.016028966233316844,8017.006491613899,300.0480868987,6.0009617379739995,0.037420451176360114,5919.592840469417,12693.232397259642,0.016028966233316844,79.13102975780271,0.0009999526739109205,0.0009658888403660521,3.406383354486567e-05,38.05837313280132,2.7963057069697395,35.26206742583158,62,64,1.4030196498438297,0.5614631275365252,0.0710065684358822,0.07156789391749825,1.5,"two-level balanced square-array Darcy-Weisbach friction screen with one trunk and one lateral supply-return pair; uniform module flow is prescribed and fittings, valves, heat exchangers and site-specific manifolds are excluded",14.134656271854086,0.0002826931254370817,"frictional energy for the modeled packed bed plus the registered balanced on-array trunk-and-lateral header screen; fittings, valves, heat exchangers, external piping and pump efficiency excluded",False,"parallel modular packed zones; discrete unit count, bed friction and a geometry-normalized on-array header-friction screen are included. Tank shells, fittings, valves, heat exchangers, site-specific trunk routing, flow maldistribution and balance of plant are excluded. Hydraulic values are screening metrics, not installed-pump specifications.",bounded_moderate,25.0,5e-07,1e-07,0.1,128,False,"These are deterministic model-form stress cases. Every nonzero effective surface coefficient is referenced to the explicitly registered 25 C ambient sink and converted for each unit using A/V = 4/D + 2/H. The registered values are engineering stress bounds, not transferred calibration values, measurements or probability distributions."
S50MW_6H,50.0,6.0,300.0,G0024_T1_homogeneous_none__AIP_FLINAK_2017_V10,G0024,T1_homogeneous_none,AIP_FLINAK_2017_V10,FLiNaK (LiF-NaF-KF),homogeneous,none,Tier_3_hypothetical_common_skeleton,False,3329,2199,3234,3329,3329,43978,0.05,True,0.15978218492550952,15.019525382997898,0.6605434085163205,0.8832356412302272,0.8579770043881144,0.09012563821521169,0.9,"time integral of positive outlet enthalpy flow following the simulated charge end state, with linear within-step interpolation at the registered outlet-grade threshold",True,0.9838075056914574,True,525.0,run-wise frozen at the registered transport-property temperature,6.4329054042216205,6.187088423101693,1.0397306397306498,3.895675140311295,-0.0881365214681823,0.1,4.536043793329511,0.4536043793329511,14,binary_monotone_bracket_with_adjacent_verification,MINIMAL_INTEGER_COUNT_BINARY_BRACKET,False,0.00941653947990062,6775.4797183505125,300.0282496184397,6.000564992368794,0.044277307655056324,6003.036897967934,10727.537611189984,0.00941653947990062,51.39050471280151,0.004264066041699351,0.004237628254423457,2.643778727588541e-05,64.74571819658817,4.775091400919455,59.970626795668714,57,59,1.4030196498438297,0.46289256226560627,0.06109945013453887,0.06162391855354334,1.5,"two-level balanced square-array Darcy-Weisbach friction screen with one trunk and one lateral supply-return pair; uniform module flow is prescribed and fittings, valves, heat exchangers and site-specific manifolds are excluded",16.344859789495782,0.0003268971957899157,"frictional energy for the modeled packed bed plus the registered balanced on-array trunk-and-lateral header screen; fittings, valves, heat exchangers, external piping and pump efficiency excluded",False,"parallel modular packed zones; discrete unit count, bed friction and a geometry-normalized on-array header-friction screen are included. Tank shells, fittings, valves, heat exchangers, site-specific trunk routing, flow maldistribution and balance of plant are excluded. Hydraulic values are screening metrics, not installed-pump specifications.",bounded_moderate,25.0,5e-07,1e-07,0.1,128,False,"These are deterministic model-form stress cases. Every nonzero effective surface coefficient is referenced to the explicitly registered 25 C ambient sink and converted for each unit using A/V = 4/D + 2/H. The registered values are engineering stress bounds, not transferred calibration values, measurements or probability distributions."
S50MW_6H,50.0,6.0,300.0,G0029_T1_homogeneous_none__AIP_FLINAK_2017_V10,G0029,T1_homogeneous_none,AIP_FLINAK_2017_V10,FLiNaK (LiF-NaF-KF),homogeneous,none,Tier_3_hypothetical_common_skeleton,False,3864,3190,3789,3864,3864,63793,0.05,True,0.13765913395885643,12.939958592132506,0.8254906789789932,0.8725359011805224,0.8555613198575776,0.07765088304286917,0.9,"time integral of positive outlet enthalpy flow following the simulated charge end state, with linear within-step interpolation at the registered outlet-grade threshold",True,0.98294934318515,True,525.0,run-wise frozen at the registered transport-property temperature,6.4578039547073764,6.198103021474995,1.04190006721937,4.104027213871319,-0.11727355794110828,0.1,4.839838432496768,0.4839838432496768,14,binary_monotone_bracket_with_adjacent_verification,MINIMAL_INTEGER_COUNT_BINARY_BRACKET,False,0.014337359215477186,6687.479078317951,300.04301207764644,6.000860241552929,0.044859953427391755,7911.828284020395,8012.328700664688,0.014337359215477186,21.140071652516834,0.002052523267947333,0.002040325339726595,1.2197928220732677e-05,66.83635761227775,4.776110618905413,62.060246993372324,62,63,1.291830173274739,0.46289256226560627,0.05863507547267254,0.0591060475002372,1.5,"two-level balanced square-array Darcy-Weisbach friction screen with one trunk and one lateral supply-return pair; uniform module flow is prescribed and fittings, valves, heat exchangers and site-specific manifolds are excluded",16.87204233952074,0.00033744084679041475,"frictional energy for the modeled packed bed plus the registered balanced on-array trunk-and-lateral header screen; fittings, valves, heat exchangers, external piping and pump efficiency excluded",False,"parallel modular packed zones; discrete unit count, bed friction and a geometry-normalized on-array header-friction screen are included. Tank shells, fittings, valves, heat exchangers, site-specific trunk routing, flow maldistribution and balance of plant are excluded. Hydraulic values are screening metrics, not installed-pump specifications.",bounded_moderate,25.0,5e-07,1e-07,0.1,128,False,"These are deterministic model-form stress cases. Every nonzero effective surface coefficient is referenced to the explicitly registered 25 C ambient sink and converted for each unit using A/V = 4/D + 2/H. The registered values are engineering stress bounds, not transferred calibration values, measurements or probability distributions."
S50MW_6H,50.0,6.0,300.0,G0029_T2_graded_two_layer_fine_hot__AIP_FLINAK_2017_V10,G0029,T2_graded_two_layer_fine_hot,AIP_FLINAK_2017_V10,FLiNaK (LiF-NaF-KF),graded_two_layer,fine_hot,Tier_3_hypothetical_common_skeleton,False,3868,3190,3793,3868,3868,63793,0.05,True,0.13751677704679968,12.926577042399172,0.8246370174702249,0.8715342048530825,0.8545979691069906,0.0775634491737509,0.9,"time integral of positive outlet enthalpy flow following the simulated charge end state, with linear within-step interpolation at the registered outlet-grade threshold",True,0.9829298909944766,True,525.0,run-wise frozen at the registered transport-property temperature,6.465039662195662,6.205327005518778,1.0418531781557854,4.099528663817786,-0.11792707725654522,0.1,4.839838432496768,0.4839838432496768,14,binary_monotone_bracket_with_adjacent_verification,MINIMAL_INTEGER_COUNT_BINARY_BRACKET,False,0.00514046802280177,6694.401934506685,300.01542140406843,6.000308428081369,0.04481356257586395,7920.018582451058,8020.6230367937405,0.00514046802280177,21.26547545339934,0.0024132669941284383,0.002400564787850674,1.2702206277754809e-05,66.87582782946623,4.7748505381862145,62.10097729128001,62,63,1.291830173274739,0.46289256226560627,0.058604749597629985,0.059075478039955914,1.5,"two-level balanced square-array Darcy-Weisbach friction screen with one trunk and one lateral supply-return pair; uniform module flow is prescribed and fittings, valves, heat exchangers and site-specific manifolds are excluded",16.882096882374366,0.00033764193764748734,"frictional energy for the modeled packed bed plus the registered balanced on-array trunk-and-lateral header screen; fittings, valves, heat exchangers, external piping and pump efficiency excluded",False,"parallel modular packed zones; discrete unit count, bed friction and a geometry-normalized on-array header-friction screen are included. Tank shells, fittings, valves, heat exchangers, site-specific trunk routing, flow maldistribution and balance of plant are excluded. Hydraulic values are screening metrics, not installed-pump specifications.",bounded_moderate,25.0,5e-07,1e-07,0.1,128,False,"These are deterministic model-form stress cases. Every nonzero effective surface coefficient is referenced to the explicitly registered 25 C ambient sink and converted for each unit using A/V = 4/D + 2/H. The registered values are engineering stress bounds, not transferred calibration values, measurements or probability distributions."
S50MW_6H,50.0,6.0,300.0,G0045_T1_homogeneous_none__SOLAR_SALT_60_40_V10,G0045,T1_homogeneous_none,SOLAR_SALT_60_40_V10,Solar Salt (NaNO3-KNO3 60:40 wt%),homogeneous,none,Tier_2_unit_pair_partial,False,7752,2956,7021,7752,7752,59108,0.05,True,0.08413159069213849,6.449948400412796,0.38124539248427697,0.8959326361446337,0.811422351458193,0.03870154107403597,0.9,"time integral of positive outlet enthalpy flow following the simulated charge end state, with linear within-step interpolation at the registered outlet-grade threshold",True,0.9752730054965727,True,525.0,run-wise frozen at the registered transport-property temperature,6.8857148748170705,6.4760162285744025,1.0632639931374688,6.132418667498528,-0.4806626096073019,0.1,5.592599324722605,0.5592599324722606,19,binary_monotone_bracket_with_adjacent_verification,MINIMAL_INTEGER_COUNT_BINARY_BRACKET,False,0.004782135308945001,8389.165724243641,300.01434640592686,6.000286928118538,0.03576040930184958,6355.125394214305,13032.404689506875,0.004782135308945001,162.29825191690446,0.0011237087219752593,0.0011025150563087893,2.1193665666469285e-05,52.34762128991869,3.2161572914577174,49.13146399846097,88,89,1.1403680906306226,0.5614631275365252,0.05982127905412829,0.06016021252595572,1.5,"two-level balanced square-array Darcy-Weisbach friction screen with one trunk and one lateral supply-return pair; uniform module flow is prescribed and fittings, valves, heat exchangers and site-specific manifolds are excluded",19.441505648476117,0.0003888301129695223,"frictional energy for the modeled packed bed plus the registered balanced on-array trunk-and-lateral header screen; fittings, valves, heat exchangers, external piping and pump efficiency excluded",False,"parallel modular packed zones; discrete unit count, bed friction and a geometry-normalized on-array header-friction screen are included. Tank shells, fittings, valves, heat exchangers, site-specific trunk routing, flow maldistribution and balance of plant are excluded. Hydraulic values are screening metrics, not installed-pump specifications.",bounded_moderate,25.0,5e-07,1e-07,0.1,128,False,"These are deterministic model-form stress cases. Every nonzero effective surface coefficient is referenced to the explicitly registered 25 C ambient sink and converted for each unit using A/V = 4/D + 2/H. The registered values are engineering stress bounds, not transferred calibration values, measurements or probability distributions."
S50MW_6H,50.0,6.0,300.0,G0045_T1_homogeneous_none__AIP_FLINAK_2017_V10,G0045,T1_homogeneous_none,AIP_FLINAK_2017_V10,FLiNaK (LiF-NaF-KF),homogeneous,none,Tier_3_hypothetical_common_skeleton,False,6482,2956,6005,6482,6482,59108,0.05,True,0.08206030447655373,7.71366862079605,0.4559417282533347,0.8934849419133852,0.8276959436662262,0.04628731965737571,0.9,"time integral of positive outlet enthalpy flow following the simulated charge end state, with linear within-step interpolation at the registered outlet-grade threshold",True,0.9793091430848795,True,525.0,run-wise frozen at the registered transport-property temperature,6.722101830639367,6.384607875092825,1.052860561235585,5.149941718766232,-0.2661353135966493,0.1,5.592599324722605,0.5592599324722606,17,binary_monotone_bracket_with_adjacent_verification,MINIMAL_INTEGER_COUNT_BINARY_BRACKET,False,0.01146867303645216,7014.779698729009,300.0344060191093,6.000688120382186,0.042766845558151495,6376.329464881339,10897.322909879202,0.01146867303645216,119.32627308118869,0.004905722009587288,0.00488891839297071,1.6803616616577264e-05,88.78797084264478,5.439041619421891,83.3489292232229,80,82,1.1403680906306226,0.46289256226560627,0.05174497705533955,0.05206341068890927,1.5,"two-level balanced square-array Darcy-Weisbach friction screen with one trunk and one lateral supply-return pair; uniform module flow is prescribed and fittings, valves, heat exchangers and site-specific manifolds are excluded",22.414015680632797,0.00044828031361265593,"frictional energy for the modeled packed bed plus the registered balanced on-array trunk-and-lateral header screen; fittings, valves, heat exchangers, external piping and pump efficiency excluded",False,"parallel modular packed zones; discrete unit count, bed friction and a geometry-normalized on-array header-friction screen are included. Tank shells, fittings, valves, heat exchangers, site-specific trunk routing, flow maldistribution and balance of plant are excluded. Hydraulic values are screening metrics, not installed-pump specifications.",bounded_moderate,25.0,5e-07,1e-07,0.1,128,False,"These are deterministic model-form stress cases. Every nonzero effective surface coefficient is referenced to the explicitly registered 25 C ambient sink and converted for each unit using A/V = 4/D + 2/H. The registered values are engineering stress bounds, not transferred calibration values, measurements or probability distributions."
S50MW_6H,50.0,6.0,300.0,G0106_T1_homogeneous_none__AIP_FLINAK_2017_V10,G0106,T1_homogeneous_none,AIP_FLINAK_2017_V10,FLiNaK (LiF-NaF-KF),homogeneous,none,Tier_3_hypothetical_common_skeleton,False,5654,2826,5289,5654,5654,56508,0.05,True,0.09407762533021245,8.843296781039971,0.4997258179298465,0.8941610439490014,0.8363524276332253,0.053062776113588936,0.9,"time integral of positive outlet enthalpy flow following the simulated charge end state, with linear within-step interpolation at the registered outlet-grade threshold",True,0.9803662411488608,True,525.0,run-wise frozen at the registered transport-property temperature,6.6370748692568275,6.32320608489767,1.0496376015813877,4.843549078441002,-0.21868844482926947,0.1,5.395992319558096,0.5395992319558096,17,binary_monotone_bracket_with_adjacent_verification,MINIMAL_INTEGER_COUNT_BINARY_BRACKET,False,0.005645382077279493,6901.541441492541,300.01693614623184,6.000338722924637,0.043468550112063284,7018.053821078151,9755.945863269908,0.005645382077279493,100.10973300170454,0.003951696317672793,0.003936848855015669,1.4847462657132485e-05,81.76220978888226,5.228689906986396,76.53351988189586,75,76,1.1728705861053985,0.46289256226560627,0.05331297675482108,0.053667219700044955,1.5,"two-level balanced square-array Darcy-Weisbach friction screen with one trunk and one lateral supply-return pair; uniform module flow is prescribed and fittings, valves, heat exchangers and site-specific manifolds are excluded",20.640259630961975,0.0004128051926192395,"frictional energy for the modeled packed bed plus the registered balanced on-array trunk-and-lateral header screen; fittings, valves, heat exchangers, external piping and pump efficiency excluded",False,"parallel modular packed zones; discrete unit count, bed friction and a geometry-normalized on-array header-friction screen are included. Tank shells, fittings, valves, heat exchangers, site-specific trunk routing, flow maldistribution and balance of plant are excluded. Hydraulic values are screening metrics, not installed-pump specifications.",bounded_moderate,25.0,5e-07,1e-07,0.1,128,False,"These are deterministic model-form stress cases. Every nonzero effective surface coefficient is referenced to the explicitly registered 25 C ambient sink and converted for each unit using A/V = 4/D + 2/H. The registered values are engineering stress bounds, not transferred calibration values, measurements or probability distributions."
S50MW_6H,50.0,6.0,300.0,G0110_T1_homogeneous_none__AIP_FLINAK_2017_V10,G0110,T1_homogeneous_none,AIP_FLINAK_2017_V10,FLiNaK (LiF-NaF-KF),homogeneous,none,Tier_3_hypothetical_common_skeleton,False,5562,2479,5225,5562,5562,49561,0.05,True,0.09563374570604481,8.989572096368214,0.44553379063773796,0.8961568607561019,0.8417678651798273,0.05393813805855039,0.9,"time integral of positive outlet enthalpy flow following the simulated charge end state, with linear within-step interpolation at the registered outlet-grade threshold",True,0.9800956593319787,True,525.0,run-wise frozen at the registered transport-property temperature,6.588697097381791,6.277595042193504,1.0495575221238838,4.835924006907509,-0.23094845275984655,0.1,5.505650724050867,0.5505650724050868,17,binary_monotone_bracket_with_adjacent_verification,MINIMAL_INTEGER_COUNT_BINARY_BRACKET,False,0.0013079605524213278,6862.344727902525,300.0039238816573,6.000078477633146,0.04371683613913913,6875.773633277586,9833.329920105743,0.0013079605524213278,124.44986688183582,0.0030933480371504183,0.003076188877695546,1.7159159454865527e-05,76.67469052943574,4.897378466389772,71.77731206304597,74,76,1.1112415758190741,0.46289256226560627,0.05375208836674769,0.054109249029198406,1.5,"two-level balanced square-array Darcy-Weisbach friction screen with one trunk and one lateral supply-return pair; uniform module flow is prescribed and fittings, valves, heat exchangers and site-specific manifolds are excluded",19.35579876088836,0.0003871159752177672,"frictional energy for the modeled packed bed plus the registered balanced on-array trunk-and-lateral header screen; fittings, valves, heat exchangers, external piping and pump efficiency excluded",False,"parallel modular packed zones; discrete unit count, bed friction and a geometry-normalized on-array header-friction screen are included. Tank shells, fittings, valves, heat exchangers, site-specific trunk routing, flow maldistribution and balance of plant are excluded. Hydraulic values are screening metrics, not installed-pump specifications.",bounded_moderate,25.0,5e-07,1e-07,0.1,128,False,"These are deterministic model-form stress cases. Every nonzero effective surface coefficient is referenced to the explicitly registered 25 C ambient sink and converted for each unit using A/V = 4/D + 2/H. The registered values are engineering stress bounds, not transferred calibration values, measurements or probability distributions."
S50MW_6H,50.0,6.0,300.0,G0121_T1_homogeneous_none__SOLAR_SALT_60_40_V10,G0121,T1_homogeneous_none,SOLAR_SALT_60_40_V10,Solar Salt (NaNO3-KNO3 60:40 wt%),homogeneous,none,Tier_2_unit_pair_partial,False,4065,3484,3995,4065,4065,69673,0.05,True,0.16043987479593053,12.300123001230013,0.8569923597547363,0.869908498690782,0.8548853434413982,0.07380927579279764,0.9,"time integral of positive outlet enthalpy flow following the simulated charge end state, with linear within-step interpolation at the registered outlet-grade threshold",True,0.9804605022616284,True,525.0,run-wise frozen at the registered transport-property temperature,6.473358687124359,6.180314558614755,1.0474157303370795,4.6317638019976695,-0.21553150778305524,0.1,4.599494081014933,0.4599494081014934,14,binary_monotone_bracket_with_adjacent_verification,MINIMAL_INTEGER_COUNT_BINARY_BRACKET,False,0.011568699240815938,8072.601821661841,300.03470609772245,6.000694121954449,0.03716273967520442,6836.546899730259,11418.595013484743,0.011568699240815938,16.687154630665702,0.001343895062596445,0.0013104395846643539,3.345547793208671e-05,38.08532207468826,2.774086313022114,35.31123576166615,63,65,1.3702208113233216,0.5614631275365252,0.07044999271388894,0.07099824995314093,1.5,"two-level balanced square-array Darcy-Weisbach friction screen with one trunk and one lateral supply-return pair; uniform module flow is prescribed and fittings, valves, heat exchangers and site-specific manifolds are excluded",14.144792422468994,0.0002828958484493799,"frictional energy for the modeled packed bed plus the registered balanced on-array trunk-and-lateral header screen; fittings, valves, heat exchangers, external piping and pump efficiency excluded",False,"parallel modular packed zones; discrete unit count, bed friction and a geometry-normalized on-array header-friction screen are included. Tank shells, fittings, valves, heat exchangers, site-specific trunk routing, flow maldistribution and balance of plant are excluded. Hydraulic values are screening metrics, not installed-pump specifications.",bounded_moderate,25.0,5e-07,1e-07,0.1,128,False,"These are deterministic model-form stress cases. Every nonzero effective surface coefficient is referenced to the explicitly registered 25 C ambient sink and converted for each unit using A/V = 4/D + 2/H. The registered values are engineering stress bounds, not transferred calibration values, measurements or probability distributions."
S50MW_6H,50.0,6.0,300.0,G0121_T1_homogeneous_none__AIP_FLINAK_2017_V10,G0121,T1_homogeneous_none,AIP_FLINAK_2017_V10,FLiNaK (LiF-NaF-KF),homogeneous,none,Tier_3_hypothetical_common_skeleton,False,3484,3484,3372,3373,3373,69673,0.05,True,0.15267362044116567,14.351320321469576,0.9999064128596448,0.8619618349975661,0.8619527661036832,0.08896734683019597,0.9,"time integral of positive outlet enthalpy flow following the simulated charge end state, with linear within-step interpolation at the registered outlet-grade threshold",True,0.983244155993909,True,525.0,run-wise frozen at the registered transport-property temperature,6.6134684813090105,6.356540369372394,1.0404194887480884,3.961880286968632,-0.10715731121247463,0.1,4.599494081014933,0.4599494081014934,1,binary_monotone_bracket_with_adjacent_verification,MINIMAL_INTEGER_COUNT_BINARY_BRACKET,False,3.320745452134255,6918.805595736742,309.96223635640274,6.199244727128055,0.0433600851836125,7030.816383366258,9786.564582283112,3.320745452134255,0.009359589972790516,0.005694462564626808,0.00566921501373694,2.5247550889858288e-05,65.47698890719253,4.84556552919086,60.63142337800167,59,60,1.3702208113233216,0.46289256226560627,0.06023752718018134,0.06074586975524988,1.5,"two-level balanced square-array Darcy-Weisbach friction screen with one trunk and one lateral supply-return pair; uniform module flow is prescribed and fittings, valves, heat exchangers and site-specific manifolds are excluded",16.52981577627936,0.0003305963155255872,"frictional energy for the modeled packed bed plus the registered balanced on-array trunk-and-lateral header screen; fittings, valves, heat exchangers, external piping and pump efficiency excluded",False,"parallel modular packed zones; discrete unit count, bed friction and a geometry-normalized on-array header-friction screen are included. Tank shells, fittings, valves, heat exchangers, site-specific trunk routing, flow maldistribution and balance of plant are excluded. Hydraulic values are screening metrics, not installed-pump specifications.",bounded_moderate,25.0,5e-07,1e-07,0.1,128,False,"These are deterministic model-form stress cases. Every nonzero effective surface coefficient is referenced to the explicitly registered 25 C ambient sink and converted for each unit using A/V = 4/D + 2/H. The registered values are engineering stress bounds, not transferred calibration values, measurements or probability distributions."
S50MW_6H,50.0,6.0,300.0,G0126_T1_homogeneous_none__AIP_FLINAK_2017_V10,G0126,T1_homogeneous_none,AIP_FLINAK_2017_V10,FLiNaK (LiF-NaF-KF),homogeneous,none,Tier_3_hypothetical_common_skeleton,False,6460,2164,5957,6460,6460,43278,0.05,True,0.08233976681378037,7.739938080495356,0.33497601596216714,0.9083806958989598,0.8375258391441589,0.046440118413259526,0.9,"time integral of positive outlet enthalpy flow following the simulated charge end state, with linear within-step interpolation at the registered outlet-grade threshold",True,0.9787708357724021,True,525.0,run-wise frozen at the registered transport-property temperature,6.6304558228024355,6.298516371262871,1.052701212789419,5.1348157696855745,-0.2926207546898943,0.1,5.853093602894273,0.5853093602894273,18,binary_monotone_bracket_with_adjacent_verification,MINIMAL_INTEGER_COUNT_BINARY_BRACKET,False,0.0010549832188511132,6886.268366903017,300.00316494965654,6.000063298993131,0.043564959135468595,7100.964449276146,9606.724320632331,0.0010549832188511132,198.52883560264866,0.0034715201781081485,0.003454042872638407,1.7477305469747725e-05,79.75080975401211,4.904639695541302,74.8461700584708,80,81,1.0306464989743274,0.46289256226560627,0.051512062274407674,0.05183301280805009,1.5,"two-level balanced square-array Darcy-Weisbach friction screen with one trunk and one lateral supply-return pair; uniform module flow is prescribed and fittings, valves, heat exchangers and site-specific manifolds are excluded",20.132400032964927,0.00040264800065929854,"frictional energy for the modeled packed bed plus the registered balanced on-array trunk-and-lateral header screen; fittings, valves, heat exchangers, external piping and pump efficiency excluded",False,"parallel modular packed zones; discrete unit count, bed friction and a geometry-normalized on-array header-friction screen are included. Tank shells, fittings, valves, heat exchangers, site-specific trunk routing, flow maldistribution and balance of plant are excluded. Hydraulic values are screening metrics, not installed-pump specifications.",bounded_moderate,25.0,5e-07,1e-07,0.1,128,False,"These are deterministic model-form stress cases. Every nonzero effective surface coefficient is referenced to the explicitly registered 25 C ambient sink and converted for each unit using A/V = 4/D + 2/H. The registered values are engineering stress bounds, not transferred calibration values, measurements or probability distributions."
S50MW_6H,50.0,6.0,300.0,G0127_T1_homogeneous_none__AIP_FLINAK_2017_V10,G0127,T1_homogeneous_none,AIP_FLINAK_2017_V10,FLiNaK (LiF-NaF-KF),homogeneous,none,Tier_3_hypothetical_common_skeleton,False,6202,2865,5759,6202,6202,57290,0.05,True,0.08576505862899407,8.061915511125443,0.46187492157150906,0.8972482457537504,0.8332078569054827,0.04837519376515953,0.9,"time integral of positive outlet enthalpy flow following the simulated charge end state, with linear within-step interpolation at the registered outlet-grade threshold",True,0.9795117085540419,True,525.0,run-wise frozen at the registered transport-property temperature,6.669087916399637,6.3413276606165,1.0516863775733791,5.038428693425445,-0.25702245363184856,0.1,5.631505963638052,0.5631505963638052,17,binary_monotone_bracket_with_adjacent_verification,MINIMAL_INTEGER_COUNT_BINARY_BRACKET,False,0.007650577173134998,6901.517953376616,300.0229517315194,6.0004590346303885,0.0434686980497128,7505.999977043604,9123.248477180625,0.007650577173134998,116.50883243401573,0.002940747943223108,0.002928461070640328,1.228687258277517e-05,82.84875696919985,5.113363273671578,77.73539369552827,78,80,1.1033250763250884,0.46289256226560627,0.05224297105957269,0.05257258297958805,1.5,"two-level balanced square-array Darcy-Weisbach friction screen with one trunk and one lateral supply-return pair; uniform module flow is prescribed and fittings, valves, heat exchangers and site-specific manifolds are excluded",20.914281906915065,0.00041828563813830127,"frictional energy for the modeled packed bed plus the registered balanced on-array trunk-and-lateral header screen; fittings, valves, heat exchangers, external piping and pump efficiency excluded",False,"parallel modular packed zones; discrete unit count, bed friction and a geometry-normalized on-array header-friction screen are included. Tank shells, fittings, valves, heat exchangers, site-specific trunk routing, flow maldistribution and balance of plant are excluded. Hydraulic values are screening metrics, not installed-pump specifications.",bounded_moderate,25.0,5e-07,1e-07,0.1,128,False,"These are deterministic model-form stress cases. Every nonzero effective surface coefficient is referenced to the explicitly registered 25 C ambient sink and converted for each unit using A/V = 4/D + 2/H. The registered values are engineering stress bounds, not transferred calibration values, measurements or probability distributions."
S50MW_6H,50.0,6.0,300.0,G0130_T2_graded_two_layer_fine_hot__AIP_FLINAK_2017_V10,G0130,T2_graded_two_layer_fine_hot,AIP_FLINAK_2017_V10,FLiNaK (LiF-NaF-KF),graded_two_layer,fine_hot,Tier_3_hypothetical_common_skeleton,False,8681,2367,7825,8681,8681,47335,0.05,True,0.061273458543603415,5.759705103098721,0.2726381860118082,0.9194656783419505,0.8287500032717406,0.03455839828738857,0.9,"time integral of positive outlet enthalpy flow following the simulated charge end state, with linear within-step interpolation at the registered outlet-grade threshold",True,0.9751708686209433,True,525.0,run-wise frozen at the registered transport-property temperature,6.719402783330859,6.33329406614063,1.0609649122807139,5.916152372846426,-0.48857913828323496,0.1,6.751278253407882,0.6751278253407883,18,binary_monotone_bracket_with_adjacent_verification,MINIMAL_INTEGER_COUNT_BINARY_BRACKET,False,0.0004851776067127389,6990.504258538567,300.00145553282016,6.000029110656403,0.04291535902199964,6624.2222639599795,10509.603792032034,0.0004851776067127389,266.7864779428546,0.010636004080596647,0.010597004761602986,3.899931899361553e-05,83.8245272396913,4.724945648337802,79.0995815913535,93,94,0.8569848115564328,0.46289256226560627,0.047911172453604774,0.04816807066219921,1.5,"two-level balanced square-array Darcy-Weisbach friction screen with one trunk and one lateral supply-return pair; uniform module flow is prescribed and fittings, valves, heat exchangers and site-specific manifolds are excluded",21.162538440412657,0.0004232507688082532,"frictional energy for the modeled packed bed plus the registered balanced on-array trunk-and-lateral header screen; fittings, valves, heat exchangers, external piping and pump efficiency excluded",False,"parallel modular packed zones; discrete unit count, bed friction and a geometry-normalized on-array header-friction screen are included. Tank shells, fittings, valves, heat exchangers, site-specific trunk routing, flow maldistribution and balance of plant are excluded. Hydraulic values are screening metrics, not installed-pump specifications.",bounded_moderate,25.0,5e-07,1e-07,0.1,128,False,"These are deterministic model-form stress cases. Every nonzero effective surface coefficient is referenced to the explicitly registered 25 C ambient sink and converted for each unit using A/V = 4/D + 2/H. The registered values are engineering stress bounds, not transferred calibration values, measurements or probability distributions."
S50MW_6H,50.0,6.0,300.0,G0134_T1_homogeneous_none__AIP_FLINAK_2017_V10,G0134,T1_homogeneous_none,AIP_FLINAK_2017_V10,FLiNaK (LiF-NaF-KF),homogeneous,none,Tier_3_hypothetical_common_skeleton,False,3400,2435,3308,3400,3400,48697,0.05,True,0.1564455569461827,14.705882352941176,0.7161396460906804,0.8816162288857406,0.8576192539410374,0.08823697006623474,0.9,"time integral of positive outlet enthalpy flow following the simulated charge end state, with linear within-step interpolation at the registered outlet-grade threshold",True,0.9837015541571944,True,525.0,run-wise frozen at the registered transport-property temperature,6.4355601501039335,6.188359091252242,1.0399461400359151,3.9163916391647398,-0.09160069682869199,0.1,4.639984780983611,0.46399847809836114,14,binary_monotone_bracket_with_adjacent_verification,MINIMAL_INTEGER_COUNT_BINARY_BRACKET,False,0.0018994083993639777,6667.014039589458,300.0056982251981,6.000113964503962,0.04499765535494109,7955.018320193064,7900.4213570636575,0.0018994083993639777,39.63757005479014,0.0013209508679924977,0.0013104709500478598,1.0479917944636792e-05,63.09219473053035,4.672388879615591,58.41980585091477,58,59,1.3485914799213816,0.46289256226560627,0.06045813428375689,0.06097709774470362,1.5,"two-level balanced square-array Darcy-Weisbach friction screen with one trunk and one lateral supply-return pair; uniform module flow is prescribed and fittings, valves, heat exchangers and site-specific manifolds are excluded",15.92671737354271,0.0003185343474708542,"frictional energy for the modeled packed bed plus the registered balanced on-array trunk-and-lateral header screen; fittings, valves, heat exchangers, external piping and pump efficiency excluded",False,"parallel modular packed zones; discrete unit count, bed friction and a geometry-normalized on-array header-friction screen are included. Tank shells, fittings, valves, heat exchangers, site-specific trunk routing, flow maldistribution and balance of plant are excluded. Hydraulic values are screening metrics, not installed-pump specifications.",bounded_moderate,25.0,5e-07,1e-07,0.1,128,False,"These are deterministic model-form stress cases. Every nonzero effective surface coefficient is referenced to the explicitly registered 25 C ambient sink and converted for each unit using A/V = 4/D + 2/H. The registered values are engineering stress bounds, not transferred calibration values, measurements or probability distributions."
S50MW_6H,50.0,6.0,300.0,G0138_T2_graded_two_layer_fine_hot__AIP_FLINAK_2017_V10,G0138,T2_graded_two_layer_fine_hot,AIP_FLINAK_2017_V10,FLiNaK (LiF-NaF-KF),graded_two_layer,fine_hot,Tier_3_hypothetical_common_skeleton,False,3837,2157,3670,3837,3837,43139,0.05,True,0.13862780651994297,13.031013812874642,0.5621505008366691,0.8882030446629164,0.8494790427321268,0.07819636365077243,0.9,"time integral of positive outlet enthalpy flow following the simulated charge end state, with linear within-step interpolation at the registered outlet-grade threshold",True,0.9830536094912342,True,525.0,run-wise frozen at the registered transport-property temperature,6.510822877381471,6.246945670320362,1.0422409959982213,4.136729806226859,-0.11340105455464461,0.1,4.739781217830526,0.4739781217830526,15,binary_monotone_bracket_with_adjacent_verification,MINIMAL_INTEGER_COUNT_BINARY_BRACKET,False,0.013149109337917686,6782.14438480531,300.03944732801375,6.000788946560275,0.04423379730341908,7143.528977273403,9267.07172922965,0.013149109337917686,77.88830544696901,0.0027642389386053484,0.002750374052663208,1.3864885942128463e-05,69.51909007358336,4.933142596059481,64.58594747752387,61,63,1.3503952708070142,0.46289256226560627,0.058841013932700754,0.059313640111015475,1.5,"two-level balanced square-array Darcy-Weisbach friction screen with one trunk and one lateral supply-return pair; uniform module flow is prescribed and fittings, valves, heat exchangers and site-specific manifolds are excluded",17.54942505520574,0.00035098850110411485,"frictional energy for the modeled packed bed plus the registered balanced on-array trunk-and-lateral header screen; fittings, valves, heat exchangers, external piping and pump efficiency excluded",False,"parallel modular packed zones; discrete unit count, bed friction and a geometry-normalized on-array header-friction screen are included. Tank shells, fittings, valves, heat exchangers, site-specific trunk routing, flow maldistribution and balance of plant are excluded. Hydraulic values are screening metrics, not installed-pump specifications.",bounded_moderate,25.0,5e-07,1e-07,0.1,128,False,"These are deterministic model-form stress cases. Every nonzero effective surface coefficient is referenced to the explicitly registered 25 C ambient sink and converted for each unit using A/V = 4/D + 2/H. The registered values are engineering stress bounds, not transferred calibration values, measurements or probability distributions."
S50MW_6H,50.0,6.0,300.0,G0161_T1_homogeneous_none__SOLAR_SALT_60_40_V10,G0161,T1_homogeneous_none,SOLAR_SALT_60_40_V10,Solar Salt (NaNO3-KNO3 60:40 wt%),homogeneous,none,Tier_2_unit_pair_partial,False,6870,2792,6187,6870,6870,55831,0.05,True,0.09493276434431697,7.27802037845706,0.40634580091175315,0.8803263643509173,0.7928400934985663,0.04367261842078181,0.9,"time integral of positive outlet enthalpy flow following the simulated charge end state, with linear within-step interpolation at the registered outlet-grade threshold",True,0.9766401569629619,True,525.0,run-wise frozen at the registered transport-property temperature,7.083049167416707,6.658066217371784,1.0638297872340299,6.185567010308082,-0.399667723511804,0.1,5.1550807967295205,0.5155080796729521,18,binary_monotone_bracket_with_adjacent_verification,MINIMAL_INTEGER_COUNT_BINARY_BRACKET,False,0.010296183590341457,8569.564948419877,300.030888550771,6.0006177710154205,0.03500761144885381,6381.722029919643,13483.87845022115,0.010296183590341457,146.0958124228708,0.000658725255560105,0.0006489346956041929,9.790559955911821e-06,57.962400073186274,3.648464082508105,54.31393599067817,82,84,1.3876824817744169,0.5614631275365252,0.061713747341859075,0.062084403811659604,1.5,"two-level balanced square-array Darcy-Weisbach friction screen with one trunk and one lateral supply-return pair; uniform module flow is prescribed and fittings, valves, heat exchangers and site-specific manifolds are excluded",21.526574038443936,0.00043053148076887876,"frictional energy for the modeled packed bed plus the registered balanced on-array trunk-and-lateral header screen; fittings, valves, heat exchangers, external piping and pump efficiency excluded",False,"parallel modular packed zones; discrete unit count, bed friction and a geometry-normalized on-array header-friction screen are included. Tank shells, fittings, valves, heat exchangers, site-specific trunk routing, flow maldistribution and balance of plant are excluded. Hydraulic values are screening metrics, not installed-pump specifications.",bounded_moderate,25.0,5e-07,1e-07,0.1,128,False,"These are deterministic model-form stress cases. Every nonzero effective surface coefficient is referenced to the explicitly registered 25 C ambient sink and converted for each unit using A/V = 4/D + 2/H. The registered values are engineering stress bounds, not transferred calibration values, measurements or probability distributions."
S50MW_6H,50.0,6.0,300.0,G0161_T1_homogeneous_none__AIP_FLINAK_2017_V10,G0161,T1_homogeneous_none,AIP_FLINAK_2017_V10,FLiNaK (LiF-NaF-KF),homogeneous,none,Tier_3_hypothetical_common_skeleton,False,5795,2792,5327,5795,5795,55831,0.05,True,0.09178859251372239,8.628127696289905,0.48172487528278585,0.8744673426751891,0.8038243982173575,0.051771135342931464,0.9,"time integral of positive outlet enthalpy flow following the simulated charge end state, with linear within-step interpolation at the registered outlet-grade threshold",True,0.9802730279685787,True,525.0,run-wise frozen at the registered transport-property temperature,6.96331115663423,6.605007551047526,1.0542472666106004,5.281473899693243,-0.2206718211535258,0.1,5.1550807967295205,0.5155080796729521,17,binary_monotone_bracket_with_adjacent_verification,MINIMAL_INTEGER_COUNT_BINARY_BRACKET,False,0.004576437429282265,7228.621379343986,300.01372931228786,6.000274586245757,0.041501689500194255,6459.307337783314,11373.955694182177,0.004576437429282265,107.58737015873892,0.002860142021601194,0.0028525141858046356,7.627835796564475e-06,98.67202399604639,6.272053065292987,92.39997093075341,76,77,1.3876824817744169,0.46289256226560627,0.053010302023912936,0.053357914286364556,1.5,"two-level balanced square-array Darcy-Weisbach friction screen with one trunk and one lateral supply-return pair; uniform module flow is prescribed and fittings, valves, heat exchangers and site-specific manifolds are excluded",24.908534174414715,0.0004981706834882942,"frictional energy for the modeled packed bed plus the registered balanced on-array trunk-and-lateral header screen; fittings, valves, heat exchangers, external piping and pump efficiency excluded",False,"parallel modular packed zones; discrete unit count, bed friction and a geometry-normalized on-array header-friction screen are included. Tank shells, fittings, valves, heat exchangers, site-specific trunk routing, flow maldistribution and balance of plant are excluded. Hydraulic values are screening metrics, not installed-pump specifications.",bounded_moderate,25.0,5e-07,1e-07,0.1,128,False,"These are deterministic model-form stress cases. Every nonzero effective surface coefficient is referenced to the explicitly registered 25 C ambient sink and converted for each unit using A/V = 4/D + 2/H. The registered values are engineering stress bounds, not transferred calibration values, measurements or probability distributions."
S50MW_6H,50.0,6.0,300.0,G0170_T1_homogeneous_none__AIP_FLINAK_2017_V10,G0170,T1_homogeneous_none,AIP_FLINAK_2017_V10,FLiNaK (LiF-NaF-KF),homogeneous,none,Tier_3_hypothetical_common_skeleton,False,4049,4049,3538,3538,3538,80961,0.05,True,0.1313694476702942,12.348728081007657,0.9997752270637624,0.8500866372061808,0.8500610694921977,0.08479868484470139,0.9,"time integral of positive outlet enthalpy flow following the simulated charge end state, with linear within-step interpolation at the registered outlet-grade threshold",True,0.9807859311795963,True,525.0,run-wise frozen at the registered transport-property temperature,7.452738444467175,7.118017988798769,1.0470243902439045,4.594414259841972,-0.20133859409494775,0.1,4.70917082034683,0.470917082034683,1,binary_monotone_bracket_with_adjacent_verification,MINIMAL_INTEGER_COUNT_BINARY_BRACKET,False,14.449958312065325,7748.670708286066,343.349874936196,6.8669974987239195,0.038716318100754245,8295.053655423471,10414.643880576017,14.449958312065325,0.022482347046914875,0.004038906964747361,0.00402079807172834,1.8108893019012488e-05,70.77658696763538,4.944884485318006,65.83170248231737,63,65,1.3159950224731787,0.46289256226560627,0.058196424251972516,0.05864932154359188,1.5,"two-level balanced square-array Darcy-Weisbach friction screen with one trunk and one lateral supply-return pair; uniform module flow is prescribed and fittings, valves, heat exchangers and site-specific manifolds are excluded",17.867177183781177,0.0003573435436756235,"frictional energy for the modeled packed bed plus the registered balanced on-array trunk-and-lateral header screen; fittings, valves, heat exchangers, external piping and pump efficiency excluded",False,"parallel modular packed zones; discrete unit count, bed friction and a geometry-normalized on-array header-friction screen are included. Tank shells, fittings, valves, heat exchangers, site-specific trunk routing, flow maldistribution and balance of plant are excluded. Hydraulic values are screening metrics, not installed-pump specifications.",bounded_moderate,25.0,5e-07,1e-07,0.1,128,False,"These are deterministic model-form stress cases. Every nonzero effective surface coefficient is referenced to the explicitly registered 25 C ambient sink and converted for each unit using A/V = 4/D + 2/H. The registered values are engineering stress bounds, not transferred calibration values, measurements or probability distributions."
S50MW_6H,50.0,6.0,300.0,G0174_T1_homogeneous_none__AIP_FLINAK_2017_V10,G0174,T1_homogeneous_none,AIP_FLINAK_2017_V10,FLiNaK (LiF-NaF-KF),homogeneous,none,Tier_3_hypothetical_common_skeleton,False,5206,4004,5022,5206,5206,80060,0.05,True,0.1021734332725742,9.604302727621974,0.7689289097168807,0.8493538887266238,0.8193587617188509,0.05763236388866797,0.9,"time integral of positive outlet enthalpy flow following the simulated charge end state, with linear within-step interpolation at the registered outlet-grade threshold",True,0.9811937250941912,True,525.0,run-wise frozen at the registered transport-property temperature,6.7997845710352465,6.476183712160426,1.049967831867893,4.874986923318043,-0.18272577446712263,0.1,5.043183985325774,0.5043183985325774,15,binary_monotone_bracket_with_adjacent_verification,MINIMAL_INTEGER_COUNT_BINARY_BRACKET,False,0.011362134801817803,7055.168461142661,300.03408640440546,6.000681728088109,0.04252201795779824,6986.509778136293,10216.552445379,0.011362134801817803,30.05103428458682,0.003036190171857823,0.003027461388484652,8.72878337317396e-06,89.41109746932477,5.860234932737803,83.55086253658696,72,73,1.3680629559497466,0.46289256226560627,0.0544370232566824,0.05481375455634419,1.5,"two-level balanced square-array Darcy-Weisbach friction screen with one trunk and one lateral supply-return pair; uniform module flow is prescribed and fittings, valves, heat exchangers and site-specific manifolds are excluded",22.57083981793124,0.0004514167963586248,"frictional energy for the modeled packed bed plus the registered balanced on-array trunk-and-lateral header screen; fittings, valves, heat exchangers, external piping and pump efficiency excluded",False,"parallel modular packed zones; discrete unit count, bed friction and a geometry-normalized on-array header-friction screen are included. Tank shells, fittings, valves, heat exchangers, site-specific trunk routing, flow maldistribution and balance of plant are excluded. Hydraulic values are screening metrics, not installed-pump specifications.",bounded_moderate,25.0,5e-07,1e-07,0.1,128,False,"These are deterministic model-form stress cases. Every nonzero effective surface coefficient is referenced to the explicitly registered 25 C ambient sink and converted for each unit using A/V = 4/D + 2/H. The registered values are engineering stress bounds, not transferred calibration values, measurements or probability distributions."
S50MW_6H,50.0,6.0,300.0,G0175_T1_homogeneous_none__SOLAR_SALT_60_40_V10,G0175,T1_homogeneous_none,SOLAR_SALT_60_40_V10,Solar Salt (NaNO3-KNO3 60:40 wt%),homogeneous,none,Tier_2_unit_pair_partial,False,10565,2230,9045,10565,10565,44581,0.05,True,0.06173100719786631,4.73260766682442,0.21098766584159373,0.9154405007752083,0.7837071365608038,0.02839566593806468,0.9,"time integral of positive outlet enthalpy flow following the simulated charge end state, with linear within-step interpolation at the registered outlet-grade threshold",True,0.971509905590291,True,525.0,run-wise frozen at the registered transport-property temperature,7.165270410358977,6.672215361768768,1.073896752706061,7.126367559970293,-0.7252195397108683,0.1,6.221522612621201,0.6221522612621202,22,binary_monotone_bracket_with_adjacent_verification,MINIMAL_INTEGER_COUNT_BINARY_BRACKET,False,7.021188443978588e-05,8689.75664384729,300.00021063565333,6.000004212713066,0.03452340638473605,6611.33701492818,13455.025523530065,7.021188443978588e-05,373.9613550446994,0.0012826337252401418,0.0012617836818423682,2.0850043397774044e-05,58.54869850074576,3.257548318910396,55.291150181835356,102,104,1.000286700835402,0.5614631275365252,0.05543768700504534,0.05570615195051732,1.5,"two-level balanced square-array Darcy-Weisbach friction screen with one trunk and one lateral supply-return pair; uniform module flow is prescribed and fittings, valves, heat exchangers and site-specific manifolds are excluded",21.744547820077553,0.0004348909564015511,"frictional energy for the modeled packed bed plus the registered balanced on-array trunk-and-lateral header screen; fittings, valves, heat exchangers, external piping and pump efficiency excluded",False,"parallel modular packed zones; discrete unit count, bed friction and a geometry-normalized on-array header-friction screen are included. Tank shells, fittings, valves, heat exchangers, site-specific trunk routing, flow maldistribution and balance of plant are excluded. Hydraulic values are screening metrics, not installed-pump specifications.",bounded_moderate,25.0,5e-07,1e-07,0.1,128,False,"These are deterministic model-form stress cases. Every nonzero effective surface coefficient is referenced to the explicitly registered 25 C ambient sink and converted for each unit using A/V = 4/D + 2/H. The registered values are engineering stress bounds, not transferred calibration values, measurements or probability distributions."
S50MW_6H,50.0,6.0,300.0,G0175_T1_homogeneous_none__AIP_FLINAK_2017_V10,G0175,T1_homogeneous_none,AIP_FLINAK_2017_V10,FLiNaK (LiF-NaF-KF),homogeneous,none,Tier_3_hypothetical_common_skeleton,False,8672,2230,7708,8672,8672,44581,0.05,True,0.06133704954070816,5.765682656826568,0.2570438987103826,0.915518639122722,0.813750566085762,0.03459457048987505,0.9,"time integral of positive outlet enthalpy flow following the simulated charge end state, with linear within-step interpolation at the registered outlet-grade threshold",True,0.9765966645214386,True,525.0,run-wise frozen at the registered transport-property temperature,6.862156146323431,6.470509104578285,1.0605280103026253,5.874999999998619,-0.4043421706690753,0.1,6.221522612621201,0.6221522612621202,18,binary_monotone_bracket_with_adjacent_verification,MINIMAL_INTEGER_COUNT_BINARY_BRACKET,False,0.0013717627321385706,7132.756234306076,300.00411528819643,6.000082305763929,0.042059477450961294,6511.640655208289,11044.200789403949,0.0013717627321385706,289.0386058634769,0.005716942598898469,0.005699787444216516,1.7155154681956142e-05,97.78300034461262,5.51776628470519,92.26523405990744,93,94,1.000286700835402,0.46289256226560627,0.047936027661898695,0.04819305914334282,1.5,"two-level balanced square-array Darcy-Weisbach friction screen with one trunk and one lateral supply-return pair; uniform module flow is prescribed and fittings, valves, heat exchangers and site-specific manifolds are excluded",24.684838778351143,0.0004936967755670229,"frictional energy for the modeled packed bed plus the registered balanced on-array trunk-and-lateral header screen; fittings, valves, heat exchangers, external piping and pump efficiency excluded",False,"parallel modular packed zones; discrete unit count, bed friction and a geometry-normalized on-array header-friction screen are included. Tank shells, fittings, valves, heat exchangers, site-specific trunk routing, flow maldistribution and balance of plant are excluded. Hydraulic values are screening metrics, not installed-pump specifications.",bounded_moderate,25.0,5e-07,1e-07,0.1,128,False,"These are deterministic model-form stress cases. Every nonzero effective surface coefficient is referenced to the explicitly registered 25 C ambient sink and converted for each unit using A/V = 4/D + 2/H. The registered values are engineering stress bounds, not transferred calibration values, measurements or probability distributions."
S50MW_6H,50.0,6.0,300.0,G0184_T1_homogeneous_none__AIP_FLINAK_2017_V10,G0184,T1_homogeneous_none,AIP_FLINAK_2017_V10,FLiNaK (LiF-NaF-KF),homogeneous,none,Tier_3_hypothetical_common_skeleton,False,6386,2542,5890,6386,6386,50834,0.05,True,0.08329390755042612,7.829627309740056,0.3980139497977032,0.9054091384079993,0.8350868785097303,0.04698092806744766,0.9,"time integral of positive outlet enthalpy flow following the simulated charge end state, with linear within-step interpolation at the registered outlet-grade threshold",True,0.9790614957076078,True,525.0,run-wise frozen at the registered transport-property temperature,6.652554707610955,6.320621393389783,1.0525159305647247,5.117225136496327,-0.2783859324679394,0.1,5.790955388750883,0.5790955388750884,17,binary_monotone_bracket_with_adjacent_verification,MINIMAL_INTEGER_COUNT_BINARY_BRACKET,False,0.0067355462402440835,6862.007594606796,300.0202066387207,6.000404132774414,0.04371898396553588,7910.038203288689,8491.461487282102,0.0067355462402440835,151.24747524760517,0.002409871034205515,0.0023982290057323846,1.164202847313421e-05,80.70650311180204,4.9441090389082305,75.76239407289381,79,81,1.0509426433509348,0.46289256226560627,0.05180965961405628,0.052132464354669915,1.5,"two-level balanced square-array Darcy-Weisbach friction screen with one trunk and one lateral supply-return pair; uniform module flow is prescribed and fittings, valves, heat exchangers and site-specific manifolds are excluded",20.37337803609608,0.00040746756072192165,"frictional energy for the modeled packed bed plus the registered balanced on-array trunk-and-lateral header screen; fittings, valves, heat exchangers, external piping and pump efficiency excluded",False,"parallel modular packed zones; discrete unit count, bed friction and a geometry-normalized on-array header-friction screen are included. Tank shells, fittings, valves, heat exchangers, site-specific trunk routing, flow maldistribution and balance of plant are excluded. Hydraulic values are screening metrics, not installed-pump specifications.",bounded_moderate,25.0,5e-07,1e-07,0.1,128,False,"These are deterministic model-form stress cases. Every nonzero effective surface coefficient is referenced to the explicitly registered 25 C ambient sink and converted for each unit using A/V = 4/D + 2/H. The registered values are engineering stress bounds, not transferred calibration values, measurements or probability distributions."
S50MW_6H,50.0,6.0,300.0,G0187_T1_homogeneous_none__AIP_FLINAK_2017_V10,G0187,T1_homogeneous_none,AIP_FLINAK_2017_V10,FLiNaK (LiF-NaF-KF),homogeneous,none,Tier_3_hypothetical_common_skeleton,False,4566,3956,4490,4566,4566,79104,0.05,True,0.11649472045926877,10.950503723171266,0.8662292553043378,0.8531128032191384,0.838849302438648,0.0657096799145633,0.9,"time integral of positive outlet enthalpy flow following the simulated charge end state, with linear within-step interpolation at the registered outlet-grade threshold",True,0.9819871204163372,True,525.0,run-wise frozen at the registered transport-property temperature,6.6096955039476635,6.320807782825331,1.0457042408261943,4.4683136412461915,-0.152220591100867,0.1,4.942171398166918,0.49421713981669185,13,binary_monotone_bracket_with_adjacent_verification,MINIMAL_INTEGER_COUNT_BINARY_BRACKET,False,0.010132829965336931,6909.38888358548,300.030398489896,6.000607969797921,0.04341918005407179,6503.205270731316,10444.89785381072,0.010132829965336931,15.442880031645156,0.002971785240542258,0.0029580868856827077,1.3698354859545721e-05,78.18550749045346,5.288768195092855,72.8967392953606,67,69,1.3229517471155576,0.46289256226560627,0.0564893666333014,0.056903213679738766,1.5,"two-level balanced square-array Darcy-Weisbach friction screen with one trunk and one lateral supply-return pair; uniform module flow is prescribed and fittings, valves, heat exchangers and site-specific manifolds are excluded",19.737144108110353,0.00039474288216220706,"frictional energy for the modeled packed bed plus the registered balanced on-array trunk-and-lateral header screen; fittings, valves, heat exchangers, external piping and pump efficiency excluded",False,"parallel modular packed zones; discrete unit count, bed friction and a geometry-normalized on-array header-friction screen are included. Tank shells, fittings, valves, heat exchangers, site-specific trunk routing, flow maldistribution and balance of plant are excluded. Hydraulic values are screening metrics, not installed-pump specifications.",bounded_moderate,25.0,5e-07,1e-07,0.1,128,False,"These are deterministic model-form stress cases. Every nonzero effective surface coefficient is referenced to the explicitly registered 25 C ambient sink and converted for each unit using A/V = 4/D + 2/H. The registered values are engineering stress bounds, not transferred calibration values, measurements or probability distributions."
S50MW_6H,50.0,6.0,300.0,G0192_T1_homogeneous_none__AIP_FLINAK_2017_V10,G0192,T1_homogeneous_none,AIP_FLINAK_2017_V10,FLiNaK (LiF-NaF-KF),homogeneous,none,Tier_3_hypothetical_common_skeleton,False,7804,3737,7047,7804,7804,74726,0.05,True,0.0681592636618428,6.406970784213224,0.47877038680278056,0.8676222890965201,0.7834023874411197,0.038442848254625274,0.9,"time integral of positive outlet enthalpy flow following the simulated charge end state, with linear within-step interpolation at the registered outlet-grade threshold",True,0.9778098985297173,True,525.0,run-wise frozen at the registered transport-property temperature,7.192474274730974,6.764731066270433,1.06323136932868,6.129353233830848,-0.33601581026076466,0.1,5.668083775780266,0.5668083775780266,18,binary_monotone_bracket_with_adjacent_verification,MINIMAL_INTEGER_COUNT_BINARY_BRACKET,False,0.002662593031876881,7385.912341617363,300.00798777909563,6.000159755581913,0.040617866300631744,7173.301901215827,10877.964518617166,0.002662593031876881,108.86839026907676,0.002379400393572724,0.002373960983528826,5.4394100439057e-06,111.05271598298587,6.457602066379094,104.59511391660678,88,89,1.2359494274863283,0.46289256226560627,0.049154457615188496,0.049432955354433344,1.5,"two-level balanced square-array Darcy-Weisbach friction screen with one trunk and one lateral supply-return pair; uniform module flow is prescribed and fittings, valves, heat exchangers and site-specific manifolds are excluded",28.033675060912557,0.0005606735012182511,"frictional energy for the modeled packed bed plus the registered balanced on-array trunk-and-lateral header screen; fittings, valves, heat exchangers, external piping and pump efficiency excluded",False,"parallel modular packed zones; discrete unit count, bed friction and a geometry-normalized on-array header-friction screen are included. Tank shells, fittings, valves, heat exchangers, site-specific trunk routing, flow maldistribution and balance of plant are excluded. Hydraulic values are screening metrics, not installed-pump specifications.",bounded_moderate,25.0,5e-07,1e-07,0.1,128,False,"These are deterministic model-form stress cases. Every nonzero effective surface coefficient is referenced to the explicitly registered 25 C ambient sink and converted for each unit using A/V = 4/D + 2/H. The registered values are engineering stress bounds, not transferred calibration values, measurements or probability distributions."
S50MW_6H,50.0,6.0,300.0,G0197_T1_homogeneous_none__AIP_FLINAK_2017_V10,G0197,T1_homogeneous_none,AIP_FLINAK_2017_V10,FLiNaK (LiF-NaF-KF),homogeneous,none,Tier_3_hypothetical_common_skeleton,False,5173,4205,5050,5173,5173,84083,0.05,True,0.10282522590702131,9.665571235260003,0.8127150979332115,0.864740458743436,0.8442137057917106,0.05800137381314498,0.9,"time integral of positive outlet enthalpy flow following the simulated charge end state, with linear within-step interpolation at the registered outlet-grade threshold",True,0.9807280165530213,True,525.0,run-wise frozen at the registered transport-property temperature,6.5649020149866555,6.26491918544627,1.0478829527820983,4.676336869453227,-0.20349573042336977,0.1,5.384352501394019,0.538435250139402,15,binary_monotone_bracket_with_adjacent_verification,MINIMAL_INTEGER_COUNT_BINARY_BRACKET,False,0.013702245132996005,6793.527181853526,300.04110673539896,6.000822134707979,0.04415968199867405,7732.974101040389,8533.94060904249,0.013702245132996005,23.044348818308702,0.0019932581434221786,0.0019813777109024444,1.1880432519737975e-05,74.06253994985894,4.822904365442599,69.23963558441633,71,73,1.1383216147316477,0.46289256226560627,0.05461038164653234,0.054988312672549625,1.5,"two-level balanced square-array Darcy-Weisbach friction screen with one trunk and one lateral supply-return pair; uniform module flow is prescribed and fittings, valves, heat exchangers and site-specific manifolds are excluded",18.696135015899916,0.00037392270031799836,"frictional energy for the modeled packed bed plus the registered balanced on-array trunk-and-lateral header screen; fittings, valves, heat exchangers, external piping and pump efficiency excluded",False,"parallel modular packed zones; discrete unit count, bed friction and a geometry-normalized on-array header-friction screen are included. Tank shells, fittings, valves, heat exchangers, site-specific trunk routing, flow maldistribution and balance of plant are excluded. Hydraulic values are screening metrics, not installed-pump specifications.",bounded_moderate,25.0,5e-07,1e-07,0.1,128,False,"These are deterministic model-form stress cases. Every nonzero effective surface coefficient is referenced to the explicitly registered 25 C ambient sink and converted for each unit using A/V = 4/D + 2/H. The registered values are engineering stress bounds, not transferred calibration values, measurements or probability distributions."
S50MW_6H,50.0,6.0,300.0,G0202_T1_homogeneous_none__AIP_FLINAK_2017_V10,G0202,T1_homogeneous_none,AIP_FLINAK_2017_V10,FLiNaK (LiF-NaF-KF),homogeneous,none,Tier_3_hypothetical_common_skeleton,False,3833,2032,3683,3833,3833,40625,0.05,True,0.13877247420219704,13.044612575006523,0.5299503319449772,0.8861621810807101,0.851376604429415,0.07827775733201991,0.9,"time integral of positive outlet enthalpy flow following the simulated charge end state, with linear within-step interpolation at the registered outlet-grade threshold",True,0.9827309696498163,True,525.0,run-wise frozen at the registered transport-property temperature,6.494174195353939,6.228907456407636,1.0425863991081494,4.16985045300839,-0.12495844290575514,0.1,4.849769807259363,0.4849769807259363,14,binary_monotone_bracket_with_adjacent_verification,MINIMAL_INTEGER_COUNT_BINARY_BRACKET,False,0.012881284544130622,6757.175421707126,300.0386438536324,6.000772877072648,0.04439724903933429,7300.692680108551,8995.090230140071,0.012881284544130622,88.69692869705126,0.0015328693263150302,0.0015198534803836949,1.3015845931334379e-05,65.55587855186361,4.650678428412482,60.905200123451124,61,63,1.2742787844345949,0.46289256226560627,0.05887170825608863,0.059344580979114075,1.5,"two-level balanced square-array Darcy-Weisbach friction screen with one trunk and one lateral supply-return pair; uniform module flow is prescribed and fittings, valves, heat exchangers and site-specific manifolds are excluded",16.54867940342379,0.00033097358806847584,"frictional energy for the modeled packed bed plus the registered balanced on-array trunk-and-lateral header screen; fittings, valves, heat exchangers, external piping and pump efficiency excluded",False,"parallel modular packed zones; discrete unit count, bed friction and a geometry-normalized on-array header-friction screen are included. Tank shells, fittings, valves, heat exchangers, site-specific trunk routing, flow maldistribution and balance of plant are excluded. Hydraulic values are screening metrics, not installed-pump specifications.",bounded_moderate,25.0,5e-07,1e-07,0.1,128,False,"These are deterministic model-form stress cases. Every nonzero effective surface coefficient is referenced to the explicitly registered 25 C ambient sink and converted for each unit using A/V = 4/D + 2/H. The registered values are engineering stress bounds, not transferred calibration values, measurements or probability distributions."
S50MW_6H,50.0,6.0,300.0,G0212_T1_homogeneous_none__AIP_FLINAK_2017_V10,G0212,T1_homogeneous_none,AIP_FLINAK_2017_V10,FLiNaK (LiF-NaF-KF),homogeneous,none,Tier_3_hypothetical_common_skeleton,False,9351,2451,8088,9351,9351,49012,0.05,True,0.056883209669235504,5.347021708908138,0.2620709794652617,0.9021451131073082,0.7802960152564701,0.03208447871954949,0.9,"time integral of positive outlet enthalpy flow following the simulated charge end state, with linear within-step interpolation at the registered outlet-grade threshold",True,0.9761514956246655,True,525.0,run-wise frozen at the registered transport-property temperature,7.226320422543977,6.770769183144678,1.067282051282055,6.509228021433192,-0.4254324328130485,0.1,6.106190167527984,0.6106190167527985,19,binary_monotone_bracket_with_adjacent_verification,MINIMAL_INTEGER_COUNT_BINARY_BRACKET,False,0.007320168835756036,7375.210443895167,300.02196050650724,6.0004392101301445,0.04067680539859376,7914.183806326297,9888.15680352804,0.007320168835756036,281.5760150324287,0.0016372519813500964,0.0016327300122683187,4.521969081778867e-06,112.88591548316778,6.1825090557783975,106.70340642738937,96,98,1.0867857999298889,0.46289256226560627,0.0471451521057132,0.04738754523099943,1.5,"two-level balanced square-array Darcy-Weisbach friction screen with one trunk and one lateral supply-return pair; uniform module flow is prescribed and fittings, valves, heat exchangers and site-specific manifolds are excluded",28.496242886235226,0.0005699248577247045,"frictional energy for the modeled packed bed plus the registered balanced on-array trunk-and-lateral header screen; fittings, valves, heat exchangers, external piping and pump efficiency excluded",False,"parallel modular packed zones; discrete unit count, bed friction and a geometry-normalized on-array header-friction screen are included. Tank shells, fittings, valves, heat exchangers, site-specific trunk routing, flow maldistribution and balance of plant are excluded. Hydraulic values are screening metrics, not installed-pump specifications.",bounded_moderate,25.0,5e-07,1e-07,0.1,128,False,"These are deterministic model-form stress cases. Every nonzero effective surface coefficient is referenced to the explicitly registered 25 C ambient sink and converted for each unit using A/V = 4/D + 2/H. The registered values are engineering stress bounds, not transferred calibration values, measurements or probability distributions."
S50MW_6H,50.0,6.0,300.0,G0213_T1_homogeneous_none__AIP_FLINAK_2017_V10,G0213,T1_homogeneous_none,AIP_FLINAK_2017_V10,FLiNaK (LiF-NaF-KF),homogeneous,none,Tier_3_hypothetical_common_skeleton,False,12884,3204,10576,12884,12884,64075,0.05,True,0.04128491878430776,3.8807823657249303,0.24866339086605516,0.8839003336780757,0.7255439072066296,0.023285488458730342,0.9,"time integral of positive outlet enthalpy flow following the simulated charge end state, with linear within-step interpolation at the registered outlet-grade threshold",True,0.9722549109257301,True,525.0,run-wise frozen at the registered transport-property temperature,7.9275267201430175,7.291435753460228,1.0872380952380916,8.359189633144396,-0.659203643086699,0.1,6.503811599195677,0.6503811599195677,21,binary_monotone_bracket_with_adjacent_verification,MINIMAL_INTEGER_COUNT_BINARY_BRACKET,False,0.003411100760586372,8011.195654591326,300.01023330228173,6.000204666045635,0.037447593709444095,7107.621153230539,12671.395103508912,0.003411100760586372,302.15006982618496,0.0018070978009323939,0.0018037490074362078,3.34879349619059e-06,147.01654876739556,7.351668692549592,139.66488007484594,113,115,1.0965597628247157,0.46289256226560627,0.043541889388843,0.04373244561387866,1.5,"two-level balanced square-array Darcy-Weisbach friction screen with one trunk and one lateral supply-return pair; uniform module flow is prescribed and fittings, valves, heat exchangers and site-specific manifolds are excluded",37.11189299407279,0.0007422378598814558,"frictional energy for the modeled packed bed plus the registered balanced on-array trunk-and-lateral header screen; fittings, valves, heat exchangers, external piping and pump efficiency excluded",False,"parallel modular packed zones; discrete unit count, bed friction and a geometry-normalized on-array header-friction screen are included. Tank shells, fittings, valves, heat exchangers, site-specific trunk routing, flow maldistribution and balance of plant are excluded. Hydraulic values are screening metrics, not installed-pump specifications.",bounded_moderate,25.0,5e-07,1e-07,0.1,128,False,"These are deterministic model-form stress cases. Every nonzero effective surface coefficient is referenced to the explicitly registered 25 C ambient sink and converted for each unit using A/V = 4/D + 2/H. The registered values are engineering stress bounds, not transferred calibration values, measurements or probability distributions."
S50MW_6H,50.0,6.0,300.0,G0225_T1_homogeneous_none__SOLAR_SALT_60_40_V10,G0225,T1_homogeneous_none,SOLAR_SALT_60_40_V10,Solar Salt (NaNO3-KNO3 60:40 wt%),homogeneous,none,Tier_2_unit_pair_partial,False,16920,1868,12330,16920,16920,37351,0.05,True,0.03854539545185919,2.955082742316785,0.11037663472456134,0.892369461042921,0.6502827035653167,0.017730691901402845,0.9,"time integral of positive outlet enthalpy flow following the simulated charge end state, with linear within-step interpolation at the registered outlet-grade threshold",True,0.9637594788184145,True,525.0,run-wise frozen at the registered transport-property temperature,8.957930654617456,8.02602810124559,1.1161100536425035,10.973914465614959,-1.3365986728156005,0.1,6.527849710655722,0.6527849710655722,41,binary_monotone_bracket_with_adjacent_verification,MINIMAL_INTEGER_COUNT_BINARY_BRACKET,False,0.0011023239120611095,10439.745430547937,300.00330697173615,6.000066139434723,0.0287363328920037,7724.828635283972,16503.713636696684,0.0011023239120611095,805.9888467296032,0.0003489282123860781,0.0003453907476428166,3.537464743261835e-06,91.83144220314703,4.487974110093457,87.34346809305357,130,131,1.0829784480790143,0.5614631275365252,0.04921446148256691,0.049403385253947704,1.5,"two-level balanced square-array Darcy-Weisbach friction screen with one trunk and one lateral supply-return pair; uniform module flow is prescribed and fittings, valves, heat exchangers and site-specific manifolds are excluded",34.10489183716558,0.0006820978367433117,"frictional energy for the modeled packed bed plus the registered balanced on-array trunk-and-lateral header screen; fittings, valves, heat exchangers, external piping and pump efficiency excluded",False,"parallel modular packed zones; discrete unit count, bed friction and a geometry-normalized on-array header-friction screen are included. Tank shells, fittings, valves, heat exchangers, site-specific trunk routing, flow maldistribution and balance of plant are excluded. Hydraulic values are screening metrics, not installed-pump specifications.",bounded_moderate,25.0,5e-07,1e-07,0.1,128,False,"These are deterministic model-form stress cases. Every nonzero effective surface coefficient is referenced to the explicitly registered 25 C ambient sink and converted for each unit using A/V = 4/D + 2/H. The registered values are engineering stress bounds, not transferred calibration values, measurements or probability distributions."
S50MW_6H,50.0,6.0,300.0,G0225_T1_homogeneous_none__AIP_FLINAK_2017_V10,G0225,T1_homogeneous_none,AIP_FLINAK_2017_V10,FLiNaK (LiF-NaF-KF),homogeneous,none,Tier_3_hypothetical_common_skeleton,False,12943,1868,10476,12943,12943,37351,0.05,True,0.041096723604807324,3.863092018851889,0.14429210071386678,0.8992272525543311,0.727816064295711,0.023179376036117715,0.9,"time integral of positive outlet enthalpy flow following the simulated charge end state, with linear within-step interpolation at the registered outlet-grade threshold",True,0.9722536977380762,True,525.0,run-wise frozen at the registered transport-property temperature,7.894268235926664,7.263726754731986,1.0868068833651967,8.319589518049833,-0.6599352844768549,0.1,6.527849710655722,0.6527849710655722,22,binary_monotone_bracket_with_adjacent_verification,MINIMAL_INTEGER_COUNT_BINARY_BRACKET,False,0.003554678490536034,7985.911649384276,300.0106640354716,6.000213280709432,0.037566155646504104,7090.466486247733,12624.560614643331,0.003554678490536034,593.0386313960553,0.0016775215577115015,0.001674170282101812,3.351275609690246e-06,145.58001738677342,7.240855738728791,138.33916164804464,113,115,1.0829784480790143,0.46289256226560627,0.043442534301273095,0.04363265570984371,1.5,"two-level balanced square-array Darcy-Weisbach friction screen with one trunk and one lateral supply-return pair; uniform module flow is prescribed and fittings, valves, heat exchangers and site-specific manifolds are excluded",36.74923618577033,0.0007349847237154066,"frictional energy for the modeled packed bed plus the registered balanced on-array trunk-and-lateral header screen; fittings, valves, heat exchangers, external piping and pump efficiency excluded",False,"parallel modular packed zones; discrete unit count, bed friction and a geometry-normalized on-array header-friction screen are included. Tank shells, fittings, valves, heat exchangers, site-specific trunk routing, flow maldistribution and balance of plant are excluded. Hydraulic values are screening metrics, not installed-pump specifications.",bounded_moderate,25.0,5e-07,1e-07,0.1,128,False,"These are deterministic model-form stress cases. Every nonzero effective surface coefficient is referenced to the explicitly registered 25 C ambient sink and converted for each unit using A/V = 4/D + 2/H. The registered values are engineering stress bounds, not transferred calibration values, measurements or probability distributions."
S10MW_8H,10.0,8.0,80.0,G0011_T1_homogeneous_none__SOLAR_SALT_60_40_V10,G0011,T1_homogeneous_none,SOLAR_SALT_60_40_V10,Solar Salt (NaNO3-KNO3 60:40 wt%),homogeneous,none,Tier_2_unit_pair_partial,False,3289,700,3289,25448,25448,13989,0.05,False,0.03965874679510231,3.0404378230465188,0.2126640270241624,0.2915558353911438,0.03767789139275445,0.0031437547279921847,0.9,"time integral of positive outlet enthalpy flow following the simulated charge end state, with linear within-step interpolation at the registered outlet-grade threshold",True,0.6125080572532424,True,525.0,run-wise frozen at the registered transport-property temperature,,11.094226697663093,,,-168.0572703218886,0.5,4.592357427740836,2.296178713870418,1,binary_monotone_bracket_with_adjacent_verification,DUTY_OR_UNIT_COUNT_LIMIT_EXCEEDED,False,-87.07523837454212,6239.973131692321,10.339809300366296,1.0339809300366296,0.012820568023552288,4815.308877934425,9556.333972062192,-87.07523837454212,370.225272225463,0.00028337380817630725,0.00028150241984620136,1.8713883301060814e-06,90.89805727180551,6.831945646118039,84.06611162568748,57,58,1.4171749082009675,0.25109394400626084,0.0330553476760874,0.03334404615026496,1.5,"two-level balanced square-array Darcy-Weisbach friction screen with one trunk and one lateral supply-return pair; uniform module flow is prescribed and fittings, valves, heat exchangers and site-specific manifolds are excluded",6.751644583436311,0.0006751644583436311,"frictional energy for the modeled packed bed plus the registered balanced on-array trunk-and-lateral header screen; fittings, valves, heat exchangers, external piping and pump efficiency excluded",False,"parallel modular packed zones; discrete unit count, bed friction and a geometry-normalized on-array header-friction screen are included. Tank shells, fittings, valves, heat exchangers, site-specific trunk routing, flow maldistribution and balance of plant are excluded. Hydraulic values are screening metrics, not installed-pump specifications.",bounded_severe,25.0,2e-06,5e-07,0.5,128,False,"These are deterministic model-form stress cases. Every nonzero effective surface coefficient is referenced to the explicitly registered 25 C ambient sink and converted for each unit using A/V = 4/D + 2/H. The registered values are engineering stress bounds, not transferred calibration values, measurements or probability distributions."
S10MW_8H,10.0,8.0,80.0,G0011_T1_homogeneous_none__AIP_FLINAK_2017_V10,G0011,T1_homogeneous_none,AIP_FLINAK_2017_V10,FLiNaK (LiF-NaF-KF),homogeneous,none,Tier_3_hypothetical_common_skeleton,False,2815,700,2815,18245,18245,13989,0.05,False,0.037791466686822116,3.552397868561279,0.24847317402574431,0.28965498402459355,0.04468546393249523,0.00438499831306923,0.9,"time integral of positive outlet enthalpy flow following the simulated charge end state, with linear within-step interpolation at the registered outlet-grade threshold",True,0.6647382768798602,True,525.0,run-wise frozen at the registered transport-property temperature,,13.070806914165205,,,-123.45260774809637,0.5,4.592357427740836,2.296178713870418,1,binary_monotone_bracket_with_adjacent_verification,DUTY_OR_UNIT_COUNT_LIMIT_EXCEEDED,False,-84.57028718588765,5340.68846631617,12.343770251289882,1.2343770251289883,0.014979342177429298,4945.270341926251,8179.106151217716,-84.57028718588765,302.45793290200015,0.001220942373062557,0.001219526181260202,1.4161918023553413e-06,159.74826168573318,12.012954739809587,147.7353069459236,53,54,1.4171749082009675,0.20701184710098994,0.02840494388540036,0.028671662825063286,1.5,"two-level balanced square-array Darcy-Weisbach friction screen with one trunk and one lateral supply-return pair; uniform module flow is prescribed and fittings, valves, heat exchangers and site-specific manifolds are excluded",8.065123120528984,0.0008065123120528984,"frictional energy for the modeled packed bed plus the registered balanced on-array trunk-and-lateral header screen; fittings, valves, heat exchangers, external piping and pump efficiency excluded",False,"parallel modular packed zones; discrete unit count, bed friction and a geometry-normalized on-array header-friction screen are included. Tank shells, fittings, valves, heat exchangers, site-specific trunk routing, flow maldistribution and balance of plant are excluded. Hydraulic values are screening metrics, not installed-pump specifications.",bounded_severe,25.0,2e-06,5e-07,0.5,128,False,"These are deterministic model-form stress cases. Every nonzero effective surface coefficient is referenced to the explicitly registered 25 C ambient sink and converted for each unit using A/V = 4/D + 2/H. The registered values are engineering stress bounds, not transferred calibration values, measurements or probability distributions."
S10MW_8H,10.0,8.0,80.0,G0015_T1_homogeneous_none__AIP_FLINAK_2017_V10,G0015,T1_homogeneous_none,AIP_FLINAK_2017_V10,FLiNaK (LiF-NaF-KF),homogeneous,none,Tier_3_hypothetical_common_skeleton,False,1681,411,1681,8251,8251,8216,0.05,False,0.06328553166175149,5.94883997620464,0.24437981823346008,0.5683504889852116,0.11578896038080852,0.009696815855710103,0.9,"time integral of positive outlet enthalpy flow following the simulated charge end state, with linear within-step interpolation at the registered outlet-grade threshold",True,0.8238047321653496,True,525.0,run-wise frozen at the registered transport-property temperature,,9.763877578619077,,,-35.82843833201228,0.5,4.802953673840943,2.4014768369204713,1,binary_monotone_bracket_with_adjacent_verification,DUTY_OR_UNIT_COUNT_LIMIT_EXCEEDED,False,-79.62456568318915,2692.864015002093,16.300347453448683,1.6300347453448683,0.02970814699677207,3028.3394421520406,3430.593975639947,-79.62456568318915,309.1990931283382,0.0007239360645760795,0.0007222243487104689,1.7117158656118287e-06,104.81678831663334,9.26803265545658,95.54875566117676,41,41,1.3981046093890797,0.20701184710098994,0.03232981891727053,0.03232981891727053,1.5,"two-level balanced square-array Darcy-Weisbach friction screen with one trunk and one lateral supply-return pair; uniform module flow is prescribed and fittings, valves, heat exchangers and site-specific manifolds are excluded",5.291823970870443,0.0005291823970870442,"frictional energy for the modeled packed bed plus the registered balanced on-array trunk-and-lateral header screen; fittings, valves, heat exchangers, external piping and pump efficiency excluded",False,"parallel modular packed zones; discrete unit count, bed friction and a geometry-normalized on-array header-friction screen are included. Tank shells, fittings, valves, heat exchangers, site-specific trunk routing, flow maldistribution and balance of plant are excluded. Hydraulic values are screening metrics, not installed-pump specifications.",bounded_severe,25.0,2e-06,5e-07,0.5,128,False,"These are deterministic model-form stress cases. Every nonzero effective surface coefficient is referenced to the explicitly registered 25 C ambient sink and converted for each unit using A/V = 4/D + 2/H. The registered values are engineering stress bounds, not transferred calibration values, measurements or probability distributions."
S10MW_8H,10.0,8.0,80.0,G0024_T1_homogeneous_none__SOLAR_SALT_60_40_V10,G0024,T1_homogeneous_none,SOLAR_SALT_60_40_V10,Solar Salt (NaNO3-KNO3 60:40 wt%),homogeneous,none,Tier_2_unit_pair_partial,False,2008,440,2008,10798,10798,8795,0.05,False,0.06495897321169895,4.9800796812749,0.21901882539350906,0.44303696895897743,0.0823551556803918,0.00740890070468117,0.9,"time integral of positive outlet enthalpy flow following the simulated charge end state, with linear within-step interpolation at the registered outlet-grade threshold",True,0.752983188332466,True,525.0,run-wise frozen at the registered transport-property temperature,,10.506656969092207,,,-70.54007115016728,0.5,4.536043793329511,2.2680218966647554,1,binary_monotone_bracket_with_adjacent_verification,DUTY_OR_UNIT_COUNT_LIMIT_EXCEEDED,False,-81.40365923125026,4086.8619028079993,14.87707261499979,1.487707261499979,0.019574921272733397,3017.6548422601145,6470.6805416850375,-81.40365923125026,356.5817564783801,0.000384191042653882,0.00037894782292847447,5.243219725406878e-06,61.57824396477314,5.249085954597588,56.329158010175554,44,46,1.4030196498438297,0.25109394400626084,0.03758898865163205,0.03800434920175908,1.5,"two-level balanced square-array Darcy-Weisbach friction screen with one trunk and one lateral supply-return pair; uniform module flow is prescribed and fittings, valves, heat exchangers and site-specific manifolds are excluded",4.573867996827011,0.0004573867996827011,"frictional energy for the modeled packed bed plus the registered balanced on-array trunk-and-lateral header screen; fittings, valves, heat exchangers, external piping and pump efficiency excluded",False,"parallel modular packed zones; discrete unit count, bed friction and a geometry-normalized on-array header-friction screen are included. Tank shells, fittings, valves, heat exchangers, site-specific trunk routing, flow maldistribution and balance of plant are excluded. Hydraulic values are screening metrics, not installed-pump specifications.",bounded_severe,25.0,2e-06,5e-07,0.5,128,False,"These are deterministic model-form stress cases. Every nonzero effective surface coefficient is referenced to the explicitly registered 25 C ambient sink and converted for each unit using A/V = 4/D + 2/H. The registered values are engineering stress bounds, not transferred calibration values, measurements or probability distributions."
S10MW_8H,10.0,8.0,80.0,G0024_T1_homogeneous_none__AIP_FLINAK_2017_V10,G0024,T1_homogeneous_none,AIP_FLINAK_2017_V10,FLiNaK (LiF-NaF-KF),homogeneous,none,Tier_3_hypothetical_common_skeleton,False,7883,440,1722,80000000000000,80000000000000,8795,0.05,False,0.013495240228771311,1.2685525815045033,0.05578964878728482,0.44232762279828897,0.0,0.0,0.9,"time integral of positive outlet enthalpy flow following the simulated charge end state, with linear within-step interpolation at the registered outlet-grade threshold",True,-0.018564721779922775,True,525.0,run-wise frozen at the registered transport-property temperature,,0.0013888829224881945,,,-1.316187592190499e+23,0.5,4.536043793329511,2.2680218966647554,2,binary_monotone_bracket_with_adjacent_verification,DUTY_OR_UNIT_COUNT_LIMIT_EXCEEDED,False,-100.0,16044.189432188974,0.0,0.0,0.0049862288361852925,14215.061540006376,25402.577046864117,-100.0,1692.4472043421665,0.000358099655502203,0.0003579110607376823,1.885947645215088e-07,357.03128464069226,19.532612128030507,337.49867251266176,88,90,1.4030196498438297,0.20701184710098994,0.021996036946495327,0.022119265008422886,1.5,"two-level balanced square-array Darcy-Weisbach friction screen with one trunk and one lateral supply-return pair; uniform module flow is prescribed and fittings, valves, heat exchangers and site-specific manifolds are excluded",18.02512351998694,0.0018025123519986941,"frictional energy for the modeled packed bed plus the registered balanced on-array trunk-and-lateral header screen; fittings, valves, heat exchangers, external piping and pump efficiency excluded",False,"parallel modular packed zones; discrete unit count, bed friction and a geometry-normalized on-array header-friction screen are included. Tank shells, fittings, valves, heat exchangers, site-specific trunk routing, flow maldistribution and balance of plant are excluded. Hydraulic values are screening metrics, not installed-pump specifications.",bounded_severe,25.0,2e-06,5e-07,0.5,128,False,"These are deterministic model-form stress cases. Every nonzero effective surface coefficient is referenced to the explicitly registered 25 C ambient sink and converted for each unit using A/V = 4/D + 2/H. The registered values are engineering stress bounds, not transferred calibration values, measurements or probability distributions."
S10MW_8H,10.0,8.0,80.0,G0029_T1_homogeneous_none__AIP_FLINAK_2017_V10,G0029,T1_homogeneous_none,AIP_FLINAK_2017_V10,FLiNaK (LiF-NaF-KF),homogeneous,none,Tier_3_hypothetical_common_skeleton,False,2646,638,2646,15612,15612,12758,0.05,False,0.04020520737845966,3.7792894935752077,0.24109569036846787,0.33321132798017883,0.056462630030955564,0.005124557385970154,0.9,"time integral of positive outlet enthalpy flow following the simulated charge end state, with linear within-step interpolation at the registered outlet-grade threshold",True,0.6993374037067851,True,525.0,run-wise frozen at the registered transport-property temperature,,12.373604442208743,,,-100.56910016599043,0.5,4.839838432496768,2.419919216248384,1,binary_monotone_bracket_with_adjacent_verification,DUTY_OR_UNIT_COUNT_LIMIT_EXCEEDED,False,-83.05052644590371,4579.469368848162,13.559578843277027,1.3559578843277027,0.01746927286907954,5417.882411883531,5486.70334936821,-83.05052644590371,314.77307141894346,0.0005969450401586009,0.0005959045436661808,1.0404964924190617e-06,138.42917804465404,10.558928517772143,127.8702495268819,51,52,1.291830173274739,0.20701184710098994,0.028739907669260545,0.029020303652266138,1.5,"two-level balanced square-array Darcy-Weisbach friction screen with one trunk and one lateral supply-return pair; uniform module flow is prescribed and fittings, valves, heat exchangers and site-specific manifolds are excluded",6.988774927290934,0.0006988774927290934,"frictional energy for the modeled packed bed plus the registered balanced on-array trunk-and-lateral header screen; fittings, valves, heat exchangers, external piping and pump efficiency excluded",False,"parallel modular packed zones; discrete unit count, bed friction and a geometry-normalized on-array header-friction screen are included. Tank shells, fittings, valves, heat exchangers, site-specific trunk routing, flow maldistribution and balance of plant are excluded. Hydraulic values are screening metrics, not installed-pump specifications.",bounded_severe,25.0,2e-06,5e-07,0.5,128,False,"These are deterministic model-form stress cases. Every nonzero effective surface coefficient is referenced to the explicitly registered 25 C ambient sink and converted for each unit using A/V = 4/D + 2/H. The registered values are engineering stress bounds, not transferred calibration values, measurements or probability distributions."
S10MW_8H,10.0,8.0,80.0,G0029_T2_graded_two_layer_fine_hot__AIP_FLINAK_2017_V10,G0029,T2_graded_two_layer_fine_hot,AIP_FLINAK_2017_V10,FLiNaK (LiF-NaF-KF),graded_two_layer,fine_hot,Tier_3_hypothetical_common_skeleton,False,2645,638,2645,15591,15591,12758,0.05,False,0.04022040783493545,3.780718336483932,0.24118684185821018,0.33335802378201346,0.05653855546668628,0.005131448390732836,0.9,"time integral of positive outlet enthalpy flow following the simulated charge end state, with linear within-step interpolation at the registered outlet-grade threshold",True,0.6994450409834376,True,525.0,run-wise frozen at the registered transport-property temperature,,12.372093082203643,,,-100.49586385483317,0.5,4.839838432496768,2.419919216248384,1,binary_monotone_bracket_with_adjacent_verification,DUTY_OR_UNIT_COUNT_LIMIT_EXCEEDED,False,-83.03414875813957,4577.738654800978,13.57268099348835,1.3572680993488349,0.017475877509105658,5415.8348372758655,5484.629765335947,-83.03414875813957,314.6163166678403,0.0007031950538827813,0.0007021084763256313,1.0865775571525355e-06,138.3941601714517,10.555313896286302,127.83884627516538,51,52,1.291830173274739,0.20701184710098994,0.02874534003064906,0.0290257890135574,1.5,"two-level balanced square-array Darcy-Weisbach friction screen with one trunk and one lateral supply-return pair; uniform module flow is prescribed and fittings, valves, heat exchangers and site-specific manifolds are excluded",6.98701237673539,0.0006987012376735391,"frictional energy for the modeled packed bed plus the registered balanced on-array trunk-and-lateral header screen; fittings, valves, heat exchangers, external piping and pump efficiency excluded",False,"parallel modular packed zones; discrete unit count, bed friction and a geometry-normalized on-array header-friction screen are included. Tank shells, fittings, valves, heat exchangers, site-specific trunk routing, flow maldistribution and balance of plant are excluded. Hydraulic values are screening metrics, not installed-pump specifications.",bounded_severe,25.0,2e-06,5e-07,0.5,128,False,"These are deterministic model-form stress cases. Every nonzero effective surface coefficient is referenced to the explicitly registered 25 C ambient sink and converted for each unit using A/V = 4/D + 2/H. The registered values are engineering stress bounds, not transferred calibration values, measurements or probability distributions."
S10MW_8H,10.0,8.0,80.0,G0045_T1_homogeneous_none__SOLAR_SALT_60_40_V10,G0045,T1_homogeneous_none,SOLAR_SALT_60_40_V10,Solar Salt (NaNO3-KNO3 60:40 wt%),homogeneous,none,Tier_2_unit_pair_partial,False,3331,592,3331,24170,24170,11821,0.05,False,0.03915869655031267,3.0021014710297207,0.17744907130219847,0.5036345188665605,0.06939601173875322,0.003309907095676077,0.9,"time integral of positive outlet enthalpy flow following the simulated charge end state, with linear within-step interpolation at the registered outlet-grade threshold",True,0.7289418265795047,True,525.0,run-wise frozen at the registered transport-property temperature,,8.766604287894832,,,-83.24739207955115,0.5,5.592599324722605,2.7962996623613026,1,binary_monotone_bracket_with_adjacent_verification,DUTY_OR_UNIT_COUNT_LIMIT_EXCEEDED,False,-86.21837433037874,3604.787284243494,11.025300535697012,1.1025300535697011,0.022192710329865944,2730.769180615048,5599.966462944712,-86.21837433037874,463.54197441641435,0.0005177524072767686,0.0005131610157013353,4.591391575433205e-06,74.08098626129353,5.488184811837604,68.59280144945592,57,59,1.1403680906306226,0.25109394400626084,0.03313316465853176,0.033417574721908934,1.5,"two-level balanced square-array Darcy-Weisbach friction screen with one trunk and one lateral supply-return pair; uniform module flow is prescribed and fittings, valves, heat exchangers and site-specific manifolds are excluded",5.502542529978011,0.0005502542529978011,"frictional energy for the modeled packed bed plus the registered balanced on-array trunk-and-lateral header screen; fittings, valves, heat exchangers, external piping and pump efficiency excluded",False,"parallel modular packed zones; discrete unit count, bed friction and a geometry-normalized on-array header-friction screen are included. Tank shells, fittings, valves, heat exchangers, site-specific trunk routing, flow maldistribution and balance of plant are excluded. Hydraulic values are screening metrics, not installed-pump specifications.",bounded_severe,25.0,2e-06,5e-07,0.5,128,False,"These are deterministic model-form stress cases. Every nonzero effective surface coefficient is referenced to the explicitly registered 25 C ambient sink and converted for each unit using A/V = 4/D + 2/H. The registered values are engineering stress bounds, not transferred calibration values, measurements or probability distributions."
S10MW_8H,10.0,8.0,80.0,G0045_T1_homogeneous_none__AIP_FLINAK_2017_V10,G0045,T1_homogeneous_none,AIP_FLINAK_2017_V10,FLiNaK (LiF-NaF-KF),homogeneous,none,Tier_3_hypothetical_common_skeleton,False,2847,592,2847,17464,17464,11821,0.05,False,0.03736669431802046,3.5124692658939236,0.2076160367079814,0.5025934153958848,0.08191343955866433,0.00458085313828237,0.9,"time integral of positive outlet enthalpy flow following the simulated charge end state, with linear within-step interpolation at the registered outlet-grade threshold",True,0.7665069763070679,True,525.0,run-wise frozen at the registered transport-property temperature,,9.685860612925344,,,-61.84028280106569,0.5,5.592599324722605,2.7962996623613026,1,binary_monotone_bracket_with_adjacent_verification,DUTY_OR_UNIT_COUNT_LIMIT_EXCEEDED,False,-83.69788889413762,3081.0055233387056,13.041688884689908,1.3041688884689908,0.025965549037156116,2800.5877794688636,4786.281753228338,-83.69788889413762,381.65836120190073,0.0022296850670750876,0.0022262008446249457,3.484222450138634e-06,129.4093879328147,9.652974078775664,119.75641385403904,53,54,1.1403680906306226,0.20701184710098994,0.028244858390076472,0.02851007414657028,1.5,"two-level balanced square-array Darcy-Weisbach friction screen with one trunk and one lateral supply-return pair; uniform module flow is prescribed and fittings, valves, heat exchangers and site-specific manifolds are excluded",6.5334836278925295,0.000653348362789253,"frictional energy for the modeled packed bed plus the registered balanced on-array trunk-and-lateral header screen; fittings, valves, heat exchangers, external piping and pump efficiency excluded",False,"parallel modular packed zones; discrete unit count, bed friction and a geometry-normalized on-array header-friction screen are included. Tank shells, fittings, valves, heat exchangers, site-specific trunk routing, flow maldistribution and balance of plant are excluded. Hydraulic values are screening metrics, not installed-pump specifications.",bounded_severe,25.0,2e-06,5e-07,0.5,128,False,"These are deterministic model-form stress cases. Every nonzero effective surface coefficient is referenced to the explicitly registered 25 C ambient sink and converted for each unit using A/V = 4/D + 2/H. The registered values are engineering stress bounds, not transferred calibration values, measurements or probability distributions."
S10MW_8H,10.0,8.0,80.0,G0106_T1_homogeneous_none__AIP_FLINAK_2017_V10,G0106,T1_homogeneous_none,AIP_FLINAK_2017_V10,FLiNaK (LiF-NaF-KF),homogeneous,none,Tier_3_hypothetical_common_skeleton,False,2612,566,2612,15259,15259,11301,0.05,False,0.04072855234433547,3.8284839203675345,0.21634378059535622,0.48289110442638544,0.08263772692247,0.005242989746119231,0.9,"time integral of positive outlet enthalpy flow following the simulated charge end state, with linear within-step interpolation at the registered outlet-grade threshold",True,0.7671300934016907,True,525.0,run-wise frozen at the registered transport-property temperature,,10.088881634605997,,,-61.624882121700985,0.5,5.395992319558096,2.697996159779048,1,binary_monotone_bracket_with_adjacent_verification,DUTY_OR_UNIT_COUNT_LIMIT_EXCEEDED,False,-82.88163847892072,3188.331490127081,13.69468921686343,1.3694689216863432,0.025091493857438064,3242.157159649121,4506.991615645738,-82.88163847892072,362.2272927135234,0.0017071429110107922,0.001704360139836033,2.7827711747630595e-06,124.68014498578289,9.556375913436915,115.12376907234597,51,52,1.1728705861053985,0.20701184710098994,0.028926354360482198,0.02920856937867276,1.5,"two-level balanced square-array Darcy-Weisbach friction screen with one trunk and one lateral supply-return pair; uniform module flow is prescribed and fittings, valves, heat exchangers and site-specific manifolds are excluded",6.2946963694052345,0.0006294696369405234,"frictional energy for the modeled packed bed plus the registered balanced on-array trunk-and-lateral header screen; fittings, valves, heat exchangers, external piping and pump efficiency excluded",False,"parallel modular packed zones; discrete unit count, bed friction and a geometry-normalized on-array header-friction screen are included. Tank shells, fittings, valves, heat exchangers, site-specific trunk routing, flow maldistribution and balance of plant are excluded. Hydraulic values are screening metrics, not installed-pump specifications.",bounded_severe,25.0,2e-06,5e-07,0.5,128,False,"These are deterministic model-form stress cases. Every nonzero effective surface coefficient is referenced to the explicitly registered 25 C ambient sink and converted for each unit using A/V = 4/D + 2/H. The registered values are engineering stress bounds, not transferred calibration values, measurements or probability distributions."
S10MW_8H,10.0,8.0,80.0,G0110_T1_homogeneous_none__AIP_FLINAK_2017_V10,G0110,T1_homogeneous_none,AIP_FLINAK_2017_V10,FLiNaK (LiF-NaF-KF),homogeneous,none,Tier_3_hypothetical_common_skeleton,False,2331,496,2331,12739,12739,9912,0.05,False,0.04563834351068393,4.29000429000429,0.212617669972295,0.5356146402201818,0.09801083089513817,0.006280260801979933,0.9,"time integral of positive outlet enthalpy flow following the simulated charge end state, with linear within-step interpolation at the registered outlet-grade threshold",True,0.7881033960776073,True,525.0,run-wise frozen at the registered transport-property temperature,,9.467757293565967,,,-52.33208433512273,0.5,5.505650724050867,2.7528253620254337,1,binary_monotone_bracket_with_adjacent_verification,DUTY_OR_UNIT_COUNT_LIMIT_EXCEEDED,False,-81.70089008823098,2875.9664798167537,14.639287929415223,1.4639287929415223,0.02781673589084992,2881.5944514868847,4121.088105675385,-81.70089008823098,370.3277954886365,0.0014719269036085729,0.001468019093757417,3.907809851159083e-06,107.8438839035853,8.523600011779514,99.32028389180577,48,49,1.1112415758190741,0.20701184710098994,0.02970603458755713,0.030013877364944274,1.5,"two-level balanced square-array Darcy-Weisbach friction screen with one trunk and one lateral supply-return pair; uniform module flow is prescribed and fittings, valves, heat exchangers and site-specific manifolds are excluded",5.444687885312259,0.0005444687885312259,"frictional energy for the modeled packed bed plus the registered balanced on-array trunk-and-lateral header screen; fittings, valves, heat exchangers, external piping and pump efficiency excluded",False,"parallel modular packed zones; discrete unit count, bed friction and a geometry-normalized on-array header-friction screen are included. Tank shells, fittings, valves, heat exchangers, site-specific trunk routing, flow maldistribution and balance of plant are excluded. Hydraulic values are screening metrics, not installed-pump specifications.",bounded_severe,25.0,2e-06,5e-07,0.5,128,False,"These are deterministic model-form stress cases. Every nonzero effective surface coefficient is referenced to the explicitly registered 25 C ambient sink and converted for each unit using A/V = 4/D + 2/H. The registered values are engineering stress bounds, not transferred calibration values, measurements or probability distributions."
S10MW_8H,10.0,8.0,80.0,G0121_T1_homogeneous_none__SOLAR_SALT_60_40_V10,G0121,T1_homogeneous_none,SOLAR_SALT_60_40_V10,Solar Salt (NaNO3-KNO3 60:40 wt%),homogeneous,none,Tier_2_unit_pair_partial,False,3311,697,3311,24915,24915,13934,0.05,False,0.03939523352736077,3.020235578375113,0.2104303196860769,0.279928541181381,0.03719052545991557,0.0032109636357780637,0.9,"time integral of positive outlet enthalpy flow following the simulated charge end state, with linear within-step interpolation at the registered outlet-grade threshold",True,0.5941726596469645,True,525.0,run-wise frozen at the registered transport-property temperature,,10.863684526569033,,,-186.9159107499068,0.5,4.599494081014933,2.2997470405074667,1,binary_monotone_bracket_with_adjacent_verification,DUTY_OR_UNIT_COUNT_LIMIT_EXCEEDED,False,-86.71062425242354,6575.248371838218,10.63150059806117,1.063150059806117,0.012166840775572816,5568.464153753232,9300.607156124966,-86.71062425242354,375.2166900149251,0.0003237891994783917,0.0003217720876871412,2.017111791250858e-06,88.72484015361117,6.6192546675842,82.10558548602697,57,59,1.3702208113233216,0.25109394400626084,0.03323308395852115,0.033518351714024494,1.5,"two-level balanced square-array Darcy-Weisbach friction screen with one trunk and one lateral supply-return pair; uniform module flow is prescribed and fittings, valves, heat exchangers and site-specific manifolds are excluded",6.590227811577579,0.0006590227811577578,"frictional energy for the modeled packed bed plus the registered balanced on-array trunk-and-lateral header screen; fittings, valves, heat exchangers, external piping and pump efficiency excluded",False,"parallel modular packed zones; discrete unit count, bed friction and a geometry-normalized on-array header-friction screen are included. Tank shells, fittings, valves, heat exchangers, site-specific trunk routing, flow maldistribution and balance of plant are excluded. Hydraulic values are screening metrics, not installed-pump specifications.",bounded_severe,25.0,2e-06,5e-07,0.5,128,False,"These are deterministic model-form stress cases. Every nonzero effective surface coefficient is referenced to the explicitly registered 25 C ambient sink and converted for each unit using A/V = 4/D + 2/H. The registered values are engineering stress bounds, not transferred calibration values, measurements or probability distributions."
S10MW_8H,10.0,8.0,80.0,G0121_T1_homogeneous_none__AIP_FLINAK_2017_V10,G0121,T1_homogeneous_none,AIP_FLINAK_2017_V10,FLiNaK (LiF-NaF-KF),homogeneous,none,Tier_3_hypothetical_common_skeleton,False,2787,697,2787,17129,17129,13934,0.05,False,0.03817114414187451,3.588087549336204,0.2499945419736636,0.27814375322693796,0.04524935425104705,0.004670458929777432,0.9,"time integral of positive outlet enthalpy flow following the simulated charge end state, with linear within-step interpolation at the registered outlet-grade threshold",True,0.654840984702419,True,525.0,run-wise frozen at the registered transport-property temperature,,13.144396374086389,,,-132.26032868484617,0.5,4.599494081014933,2.2997470405074667,1,binary_monotone_bracket_with_adjacent_verification,DUTY_OR_UNIT_COUNT_LIMIT_EXCEEDED,False,-83.72928870338787,5534.647300608008,13.016569037289702,1.3016569037289702,0.014454398926416073,5624.24950070085,7828.689865333819,-83.72928870338787,300.0087330327988,0.0014189836600480643,0.0014174054616332612,1.5781984147998004e-06,153.28564928297035,11.370661203028591,141.91498807994176,52,54,1.3702208113233216,0.20701184710098994,0.028547274488230516,0.0288153298947994,1.5,"two-level balanced square-array Darcy-Weisbach friction screen with one trunk and one lateral supply-return pair; uniform module flow is prescribed and fittings, valves, heat exchangers and site-specific manifolds are excluded",7.738861234582774,0.0007738861234582773,"frictional energy for the modeled packed bed plus the registered balanced on-array trunk-and-lateral header screen; fittings, valves, heat exchangers, external piping and pump efficiency excluded",False,"parallel modular packed zones; discrete unit count, bed friction and a geometry-normalized on-array header-friction screen are included. Tank shells, fittings, valves, heat exchangers, site-specific trunk routing, flow maldistribution and balance of plant are excluded. Hydraulic values are screening metrics, not installed-pump specifications.",bounded_severe,25.0,2e-06,5e-07,0.5,128,False,"These are deterministic model-form stress cases. Every nonzero effective surface coefficient is referenced to the explicitly registered 25 C ambient sink and converted for each unit using A/V = 4/D + 2/H. The registered values are engineering stress bounds, not transferred calibration values, measurements or probability distributions."
S10MW_8H,10.0,8.0,80.0,G0126_T1_homogeneous_none__AIP_FLINAK_2017_V10,G0126,T1_homogeneous_none,AIP_FLINAK_2017_V10,FLiNaK (LiF-NaF-KF),homogeneous,none,Tier_3_hypothetical_common_skeleton,False,2155,433,2155,11876,11876,8655,0.05,False,0.049365651379769955,4.640371229698376,0.20083016827058928,0.6695082593415527,0.12148870673081327,0.006736448790903046,0.9,"time integral of positive outlet enthalpy flow following the simulated charge end state, with linear within-step interpolation at the registered outlet-grade threshold",True,0.8207844236117842,True,525.0,run-wise frozen at the registered transport-property temperature,,8.116532632431698,,,-38.26624362019378,0.5,5.853093602894273,2.9265468014471363,1,binary_monotone_bracket_with_adjacent_verification,DUTY_OR_UNIT_COUNT_LIMIT_EXCEEDED,False,-81.85369106950492,2297.199431993189,14.517047144396063,1.4517047144396062,0.03482501296397551,2368.820183930355,3204.7199552573793,-81.85369106950492,397.9331584548822,0.002077105021056055,0.002070822919465803,6.282101590248335e-06,94.0512860165411,7.613903982572158,86.43738203396894,46,47,1.0306464989743274,0.20701184710098994,0.03024478342892251,0.03057176356333534,1.5,"two-level balanced square-array Darcy-Weisbach friction screen with one trunk and one lateral supply-return pair; uniform module flow is prescribed and fittings, valves, heat exchangers and site-specific manifolds are excluded",4.748384414121162,0.0004748384414121162,"frictional energy for the modeled packed bed plus the registered balanced on-array trunk-and-lateral header screen; fittings, valves, heat exchangers, external piping and pump efficiency excluded",False,"parallel modular packed zones; discrete unit count, bed friction and a geometry-normalized on-array header-friction screen are included. Tank shells, fittings, valves, heat exchangers, site-specific trunk routing, flow maldistribution and balance of plant are excluded. Hydraulic values are screening metrics, not installed-pump specifications.",bounded_severe,25.0,2e-06,5e-07,0.5,128,False,"These are deterministic model-form stress cases. Every nonzero effective surface coefficient is referenced to the explicitly registered 25 C ambient sink and converted for each unit using A/V = 4/D + 2/H. The registered values are engineering stress bounds, not transferred calibration values, measurements or probability distributions."
S10MW_8H,10.0,8.0,80.0,G0127_T1_homogeneous_none__AIP_FLINAK_2017_V10,G0127,T1_homogeneous_none,AIP_FLINAK_2017_V10,FLiNaK (LiF-NaF-KF),homogeneous,none,Tier_3_hypothetical_common_skeleton,False,2749,573,2749,16465,16465,11458,0.05,False,0.03869879182371926,3.6376864314296107,0.2084065670124772,0.5012668576692552,0.08369167753039834,0.004859052976409382,0.9,"time integral of positive outlet enthalpy flow following the simulated charge end state, with linear within-step interpolation at the registered outlet-grade threshold",True,0.7673893030576121,True,525.0,run-wise frozen at the registered transport-property temperature,,9.703895207808776,,,-61.71025048053358,0.5,5.631505963638052,2.815752981819026,1,binary_monotone_bracket_with_adjacent_verification,DUTY_OR_UNIT_COUNT_LIMIT_EXCEEDED,False,-83.30307920981326,3059.0572160322986,13.35753663214939,1.335753663214939,0.026151848216740034,3326.9903155260995,4043.8261953836727,-83.30307920981326,379.83132889479936,0.0013238777632523797,0.0013213761775271954,2.5015857251807777e-06,121.73778459969299,9.187877883188447,112.54990671650454,52,53,1.1033250763250884,0.20701184710098994,0.028471444545164242,0.02874390476788856,1.5,"two-level balanced square-array Darcy-Weisbach friction screen with one trunk and one lateral supply-return pair; uniform module flow is prescribed and fittings, valves, heat exchangers and site-specific manifolds are excluded",6.146128815576982,0.0006146128815576982,"frictional energy for the modeled packed bed plus the registered balanced on-array trunk-and-lateral header screen; fittings, valves, heat exchangers, external piping and pump efficiency excluded",False,"parallel modular packed zones; discrete unit count, bed friction and a geometry-normalized on-array header-friction screen are included. Tank shells, fittings, valves, heat exchangers, site-specific trunk routing, flow maldistribution and balance of plant are excluded. Hydraulic values are screening metrics, not installed-pump specifications.",bounded_severe,25.0,2e-06,5e-07,0.5,128,False,"These are deterministic model-form stress cases. Every nonzero effective surface coefficient is referenced to the explicitly registered 25 C ambient sink and converted for each unit using A/V = 4/D + 2/H. The registered values are engineering stress bounds, not transferred calibration values, measurements or probability distributions."
S10MW_8H,10.0,8.0,80.0,G0130_T2_graded_two_layer_fine_hot__AIP_FLINAK_2017_V10,G0130,T2_graded_two_layer_fine_hot,AIP_FLINAK_2017_V10,FLiNaK (LiF-NaF-KF),graded_two_layer,fine_hot,Tier_3_hypothetical_common_skeleton,False,2728,474,2728,17098,17098,9467,0.05,False,0.038996693080426775,3.665689149560117,0.17351701559886418,0.7033422475431506,0.11220876137491621,0.004679040786268825,0.9,"time integral of positive outlet enthalpy flow following the simulated charge end state, with linear within-step interpolation at the registered outlet-grade threshold",True,0.8037814245188918,True,525.0,run-wise frozen at the registered transport-property temperature,,7.4138704593171525,,,-45.98450942820156,0.5,6.751278253407882,3.375639126703941,1,binary_monotone_bracket_with_adjacent_verification,DUTY_OR_UNIT_COUNT_LIMIT_EXCEEDED,False,-84.0444709188233,2196.7625408700856,12.764423264941355,1.2764423264941356,0.03641722694721201,2081.6586033962476,3302.637846407486,-84.0444709188233,476.3123556203821,0.006760122142989893,0.006744325391163934,1.5796751825973472e-05,94.09167152140498,7.10573891497297,86.985932606432,52,53,0.8569848115564328,0.20701184710098994,0.028580820295123127,0.028854327199590166,1.5,"two-level balanced square-array Darcy-Weisbach friction screen with one trunk and one lateral supply-return pair; uniform module flow is prescribed and fittings, valves, heat exchangers and site-specific manifolds are excluded",4.750659746552266,0.0004750659746552266,"frictional energy for the modeled packed bed plus the registered balanced on-array trunk-and-lateral header screen; fittings, valves, heat exchangers, external piping and pump efficiency excluded",False,"parallel modular packed zones; discrete unit count, bed friction and a geometry-normalized on-array header-friction screen are included. Tank shells, fittings, valves, heat exchangers, site-specific trunk routing, flow maldistribution and balance of plant are excluded. Hydraulic values are screening metrics, not installed-pump specifications.",bounded_severe,25.0,2e-06,5e-07,0.5,128,False,"These are deterministic model-form stress cases. Every nonzero effective surface coefficient is referenced to the explicitly registered 25 C ambient sink and converted for each unit using A/V = 4/D + 2/H. The registered values are engineering stress bounds, not transferred calibration values, measurements or probability distributions."
S10MW_8H,10.0,8.0,80.0,G0134_T1_homogeneous_none__AIP_FLINAK_2017_V10,G0134,T1_homogeneous_none,AIP_FLINAK_2017_V10,FLiNaK (LiF-NaF-KF),homogeneous,none,Tier_3_hypothetical_common_skeleton,False,9352,487,1924,80000000000000,80000000000000,9739,0.05,False,0.01137542544091149,1.0692899914456802,0.05207174501087069,0.404346219358303,0.0,0.0,0.9,"time integral of positive outlet enthalpy flow following the simulated charge end state, with linear within-step interpolation at the registered outlet-grade threshold",True,-0.20603830674396278,True,525.0,run-wise frozen at the registered transport-property temperature,,0.0013888870560295518,,,-1.4762757453648945e+23,0.5,4.639984780983611,2.3199923904918056,2,binary_monotone_bracket_with_adjacent_verification,DUTY_OR_UNIT_COUNT_LIMIT_EXCEEDED,False,-100.0,18338.210381835474,0.0,0.0,0.004362475854200163,21880.97980307222,21730.806038605686,-100.0,1820.4272869888196,9.534200329049035e-05,9.528659602572112e-05,5.54072647690083e-08,393.31883304458324,20.454192463421368,372.8646405811619,96,98,1.3485914799213816,0.20701184710098994,0.021082825710457786,0.021191221415754566,1.5,"two-level balanced square-array Darcy-Weisbach friction screen with one trunk and one lateral supply-return pair; uniform module flow is prescribed and fittings, valves, heat exchangers and site-specific manifolds are excluded",19.857125862855426,0.001985712586285543,"frictional energy for the modeled packed bed plus the registered balanced on-array trunk-and-lateral header screen; fittings, valves, heat exchangers, external piping and pump efficiency excluded",False,"parallel modular packed zones; discrete unit count, bed friction and a geometry-normalized on-array header-friction screen are included. Tank shells, fittings, valves, heat exchangers, site-specific trunk routing, flow maldistribution and balance of plant are excluded. Hydraulic values are screening metrics, not installed-pump specifications.",bounded_severe,25.0,2e-06,5e-07,0.5,128,False,"These are deterministic model-form stress cases. Every nonzero effective surface coefficient is referenced to the explicitly registered 25 C ambient sink and converted for each unit using A/V = 4/D + 2/H. The registered values are engineering stress bounds, not transferred calibration values, measurements or probability distributions."
S10MW_8H,10.0,8.0,80.0,G0138_T2_graded_two_layer_fine_hot__AIP_FLINAK_2017_V10,G0138,T2_graded_two_layer_fine_hot,AIP_FLINAK_2017_V10,FLiNaK (LiF-NaF-KF),graded_two_layer,fine_hot,Tier_3_hypothetical_common_skeleton,False,8311,432,1748,80000000000000,80000000000000,8627,0.05,False,0.01280026214936882,1.203224642040669,0.0519064245388112,0.4972498001920762,0.0,0.0,0.9,"time integral of positive outlet enthalpy flow following the simulated charge end state, with linear within-step interpolation at the registered outlet-grade threshold",True,0.006133040488426896,True,525.0,run-wise frozen at the registered transport-property temperature,,0.17222105824260342,,,-54404.00013827815,0.5,4.739781217830526,2.369890608915263,2,binary_monotone_bracket_with_adjacent_verification,DUTY_OR_UNIT_COUNT_LIMIT_EXCEEDED,False,-100.0,14690.227256220207,0.0,0.0,0.005445797304880087,15472.991746186928,20072.61744634548,-100.0,1826.5437927674739,0.0002540752604149,0.00025395705065741345,1.1820975748739712e-07,358.00623751462064,19.429282253569927,338.5769552610507,91,92,1.3503952708070142,0.20701184710098994,0.02166153633132452,0.021780230569588267,1.5,"two-level balanced square-array Darcy-Weisbach friction screen with one trunk and one lateral supply-return pair; uniform module flow is prescribed and fittings, valves, heat exchangers and site-specific manifolds are excluded",18.07433980454728,0.0018074339804547278,"frictional energy for the modeled packed bed plus the registered balanced on-array trunk-and-lateral header screen; fittings, valves, heat exchangers, external piping and pump efficiency excluded",False,"parallel modular packed zones; discrete unit count, bed friction and a geometry-normalized on-array header-friction screen are included. Tank shells, fittings, valves, heat exchangers, site-specific trunk routing, flow maldistribution and balance of plant are excluded. Hydraulic values are screening metrics, not installed-pump specifications.",bounded_severe,25.0,2e-06,5e-07,0.5,128,False,"These are deterministic model-form stress cases. Every nonzero effective surface coefficient is referenced to the explicitly registered 25 C ambient sink and converted for each unit using A/V = 4/D + 2/H. The registered values are engineering stress bounds, not transferred calibration values, measurements or probability distributions."
S10MW_8H,10.0,8.0,80.0,G0161_T1_homogeneous_none__SOLAR_SALT_60_40_V10,G0161,T1_homogeneous_none,SOLAR_SALT_60_40_V10,Solar Salt (NaNO3-KNO3 60:40 wt%),homogeneous,none,Tier_2_unit_pair_partial,False,2912,559,2912,22502,22502,11166,0.05,False,0.044793138121253954,3.434065934065934,0.1917304706225099,0.49874508593866096,0.06454340841586102,0.003555294025159782,0.9,"time integral of positive outlet enthalpy flow following the simulated charge end state, with linear within-step interpolation at the registered outlet-grade threshold",True,0.741562610504794,True,525.0,run-wise frozen at the registered transport-property temperature,,9.327771209618655,,,-73.21374378352286,0.5,5.1550807967295205,2.5775403983647602,1,binary_monotone_bracket_with_adjacent_verification,DUTY_OR_UNIT_COUNT_LIMIT_EXCEEDED,False,-87.0587297484184,3632.397835487435,10.353016201265286,1.0353016201265286,0.022024019290625065,2705.0326857534205,5715.437270312079,-87.0587297484184,421.5655063867539,0.0003083734823283483,0.00030619377464291314,2.17970768543566e-06,81.1034445635315,6.25400632700944,74.84943823652205,53,55,1.3876824817744169,0.25109394400626084,0.03419301784477223,0.03450816752846217,1.5,"two-level balanced square-array Darcy-Weisbach friction screen with one trunk and one lateral supply-return pair; uniform module flow is prescribed and fittings, valves, heat exchangers and site-specific manifolds are excluded",6.024133227562606,0.0006024133227562606,"frictional energy for the modeled packed bed plus the registered balanced on-array trunk-and-lateral header screen; fittings, valves, heat exchangers, external piping and pump efficiency excluded",False,"parallel modular packed zones; discrete unit count, bed friction and a geometry-normalized on-array header-friction screen are included. Tank shells, fittings, valves, heat exchangers, site-specific trunk routing, flow maldistribution and balance of plant are excluded. Hydraulic values are screening metrics, not installed-pump specifications.",bounded_severe,25.0,2e-06,5e-07,0.5,128,False,"These are deterministic model-form stress cases. Every nonzero effective surface coefficient is referenced to the explicitly registered 25 C ambient sink and converted for each unit using A/V = 4/D + 2/H. The registered values are engineering stress bounds, not transferred calibration values, measurements or probability distributions."
S10MW_8H,10.0,8.0,80.0,G0161_T1_homogeneous_none__AIP_FLINAK_2017_V10,G0161,T1_homogeneous_none,AIP_FLINAK_2017_V10,FLiNaK (LiF-NaF-KF),homogeneous,none,Tier_3_hypothetical_common_skeleton,False,2501,559,2501,16357,16357,11166,0.05,False,0.04253617701855428,3.9984006397441023,0.22323835683836418,0.4967435370623866,0.07594268889543884,0.004891166819309173,0.9,"time integral of positive outlet enthalpy flow following the simulated charge end state, with linear within-step interpolation at the registered outlet-grade threshold",True,0.7755390493016175,True,525.0,run-wise frozen at the registered transport-property temperature,,10.237495319466364,,,-54.94074239986809,0.5,5.1550807967295205,2.5775403983647602,1,binary_monotone_bracket_with_adjacent_verification,DUTY_OR_UNIT_COUNT_LIMIT_EXCEEDED,False,-84.7089897311347,3119.7208058221413,12.232808215092243,1.2232808215092243,0.02564332034158344,2787.701061569641,4908.759825910203,-84.7089897311347,347.9516935004366,0.0013235349193720203,0.0013218968178119034,1.6381015601188438e-06,142.710984547178,11.142360784685835,131.56862376249217,50,51,1.3876824817744169,0.20701184710098994,0.02927004275094616,0.029561294130924988,1.5,"two-level balanced square-array Darcy-Weisbach friction screen with one trunk and one lateral supply-return pair; uniform module flow is prescribed and fittings, valves, heat exchangers and site-specific manifolds are excluded",7.204983180925019,0.000720498318092502,"frictional energy for the modeled packed bed plus the registered balanced on-array trunk-and-lateral header screen; fittings, valves, heat exchangers, external piping and pump efficiency excluded",False,"parallel modular packed zones; discrete unit count, bed friction and a geometry-normalized on-array header-friction screen are included. Tank shells, fittings, valves, heat exchangers, site-specific trunk routing, flow maldistribution and balance of plant are excluded. Hydraulic values are screening metrics, not installed-pump specifications.",bounded_severe,25.0,2e-06,5e-07,0.5,128,False,"These are deterministic model-form stress cases. Every nonzero effective surface coefficient is referenced to the explicitly registered 25 C ambient sink and converted for each unit using A/V = 4/D + 2/H. The registered values are engineering stress bounds, not transferred calibration values, measurements or probability distributions."
S10MW_8H,10.0,8.0,80.0,G0170_T1_homogeneous_none__AIP_FLINAK_2017_V10,G0170,T1_homogeneous_none,AIP_FLINAK_2017_V10,FLiNaK (LiF-NaF-KF),homogeneous,none,Tier_3_hypothetical_common_skeleton,False,3325,810,3325,23989,23989,16192,0.05,False,0.03199488081906895,3.007518796992481,0.2434941289853338,0.24120688522113554,0.03343151273357162,0.0033349937009458375,0.9,"time integral of positive outlet enthalpy flow following the simulated charge end state, with linear within-step interpolation at the registered outlet-grade threshold",True,0.5935997072503627,True,525.0,run-wise frozen at the registered transport-property temperature,,12.730430919398746,,,-185.00883805166333,0.5,4.70917082034683,2.354585410173415,1,binary_monotone_bracket_with_adjacent_verification,DUTY_OR_UNIT_COUNT_LIMIT_EXCEEDED,False,-86.13893243044386,6363.134133131926,11.088854055644909,1.1088854055644908,0.012572420811224375,6811.818573544837,8552.40575522728,-86.13893243044386,310.68752013328105,0.0009803349836954012,0.0009792608356347728,1.0741480606290146e-06,169.2772724307589,11.943966740866927,157.33330568989197,57,59,1.3159950224731787,0.20701184710098994,0.027340935629960646,0.027575626077294843,1.5,"two-level balanced square-array Darcy-Weisbach friction screen with one trunk and one lateral supply-return pair; uniform module flow is prescribed and fittings, valves, heat exchangers and site-specific manifolds are excluded",8.546193250353218,0.0008546193250353217,"frictional energy for the modeled packed bed plus the registered balanced on-array trunk-and-lateral header screen; fittings, valves, heat exchangers, external piping and pump efficiency excluded",False,"parallel modular packed zones; discrete unit count, bed friction and a geometry-normalized on-array header-friction screen are included. Tank shells, fittings, valves, heat exchangers, site-specific trunk routing, flow maldistribution and balance of plant are excluded. Hydraulic values are screening metrics, not installed-pump specifications.",bounded_severe,25.0,2e-06,5e-07,0.5,128,False,"These are deterministic model-form stress cases. Every nonzero effective surface coefficient is referenced to the explicitly registered 25 C ambient sink and converted for each unit using A/V = 4/D + 2/H. The registered values are engineering stress bounds, not transferred calibration values, measurements or probability distributions."
S10MW_8H,10.0,8.0,80.0,G0174_T1_homogeneous_none__AIP_FLINAK_2017_V10,G0174,T1_homogeneous_none,AIP_FLINAK_2017_V10,FLiNaK (LiF-NaF-KF),homogeneous,none,Tier_3_hypothetical_common_skeleton,False,3555,801,3555,35245,35245,16012,0.05,False,0.029924888529790226,2.8129395218002813,0.22520640810048273,0.3199417491567666,0.03227086976134215,0.0022698805407144196,0.9,"time integral of positive outlet enthalpy flow following the simulated charge end state, with linear within-step interpolation at the registered outlet-grade threshold",True,0.6563407230392191,True,525.0,run-wise frozen at the registered transport-property temperature,,11.951202735662699,,,-124.06141780890985,0.5,5.043183985325774,2.521591992662887,1,binary_monotone_bracket_with_adjacent_verification,DUTY_OR_UNIT_COUNT_LIMIT_EXCEEDED,False,-89.9132183472003,4817.7341297276525,8.069425322239761,0.806942532223976,0.01660531649232425,4770.849454720423,6976.535525033105,-89.9132183472003,344.037098426533,0.0008874415304209235,0.0008866927700957026,7.487603252226874e-07,185.44462613981338,12.852068201433008,172.59255793838037,59,61,1.3680629559497466,0.20701184710098994,0.026893728925721474,0.027116917225028077,1.5,"two-level balanced square-array Darcy-Weisbach friction screen with one trunk and one lateral supply-return pair; uniform module flow is prescribed and fittings, valves, heat exchangers and site-specific manifolds are excluded",9.362414666876205,0.0009362414666876205,"frictional energy for the modeled packed bed plus the registered balanced on-array trunk-and-lateral header screen; fittings, valves, heat exchangers, external piping and pump efficiency excluded",False,"parallel modular packed zones; discrete unit count, bed friction and a geometry-normalized on-array header-friction screen are included. Tank shells, fittings, valves, heat exchangers, site-specific trunk routing, flow maldistribution and balance of plant are excluded. Hydraulic values are screening metrics, not installed-pump specifications.",bounded_severe,25.0,2e-06,5e-07,0.5,128,False,"These are deterministic model-form stress cases. Every nonzero effective surface coefficient is referenced to the explicitly registered 25 C ambient sink and converted for each unit using A/V = 4/D + 2/H. The registered values are engineering stress bounds, not transferred calibration values, measurements or probability distributions."
S10MW_8H,10.0,8.0,80.0,G0175_T1_homogeneous_none__SOLAR_SALT_60_40_V10,G0175,T1_homogeneous_none,SOLAR_SALT_60_40_V10,Solar Salt (NaNO3-KNO3 60:40 wt%),homogeneous,none,Tier_2_unit_pair_partial,False,2883,446,2883,20336,20336,8916,0.05,False,0.045243710790527754,3.46860908775581,0.1546364682356183,0.7660485013734601,0.10857419086028135,0.0039339139703304556,0.9,"time integral of positive outlet enthalpy flow following the simulated charge end state, with linear within-step interpolation at the registered outlet-grade threshold",True,0.8032199492736561,True,525.0,run-wise frozen at the registered transport-property temperature,,6.83438874359026,,,-45.67763138317476,0.5,6.221522612621201,3.1107613063106005,1,binary_monotone_bracket_with_adjacent_verification,DUTY_OR_UNIT_COUNT_LIMIT_EXCEEDED,False,-85.82315752942162,2371.2795460683137,11.341473976462705,1.1341473976462706,0.03373705986400614,1804.1159123556972,3671.636401735653,-85.82315752942162,546.6779870297531,0.0009359828024124877,0.0009247828372295967,1.1199965182893138e-05,58.09712005510556,4.482771429624609,53.61434862548096,53,55,1.000286700835402,0.25109394400626084,0.03436456074613593,0.03468129150381441,1.5,"two-level balanced square-array Darcy-Weisbach friction screen with one trunk and one lateral supply-return pair; uniform module flow is prescribed and fittings, valves, heat exchangers and site-specific manifolds are excluded",4.315341980617871,0.00043153419806178715,"frictional energy for the modeled packed bed plus the registered balanced on-array trunk-and-lateral header screen; fittings, valves, heat exchangers, external piping and pump efficiency excluded",False,"parallel modular packed zones; discrete unit count, bed friction and a geometry-normalized on-array header-friction screen are included. Tank shells, fittings, valves, heat exchangers, site-specific trunk routing, flow maldistribution and balance of plant are excluded. Hydraulic values are screening metrics, not installed-pump specifications.",bounded_severe,25.0,2e-06,5e-07,0.5,128,False,"These are deterministic model-form stress cases. Every nonzero effective surface coefficient is referenced to the explicitly registered 25 C ambient sink and converted for each unit using A/V = 4/D + 2/H. The registered values are engineering stress bounds, not transferred calibration values, measurements or probability distributions."
S10MW_8H,10.0,8.0,80.0,G0175_T1_homogeneous_none__AIP_FLINAK_2017_V10,G0175,T1_homogeneous_none,AIP_FLINAK_2017_V10,FLiNaK (LiF-NaF-KF),homogeneous,none,Tier_3_hypothetical_common_skeleton,False,2481,446,2481,14877,14877,8916,0.05,False,0.04287907243990498,4.030632809351068,0.17969243769580312,0.7586174451160519,0.12649297316218533,0.005377532451475929,0.9,"time integral of positive outlet enthalpy flow following the simulated charge end state, with linear within-step interpolation at the registered outlet-grade threshold",True,0.8297015352238731,True,525.0,run-wise frozen at the registered transport-property temperature,,7.327341024271627,,,-34.37540588493931,0.5,6.221522612621201,3.1107613063106005,1,binary_monotone_bracket_with_adjacent_verification,DUTY_OR_UNIT_COUNT_LIMIT_EXCEEDED,False,-83.32292748486027,2040.6328663876125,13.34165801211178,1.3341658012111781,0.03920352421923808,1862.9359392956371,3159.670451857841,-83.32292748486027,456.5064466946991,0.003992951023871284,0.003984567248387396,8.383775483891108e-06,102.180539972062,7.834769562924008,94.34577040913798,49,51,1.000286700835402,0.20701184710098994,0.02938778273854393,0.02968020568954362,1.5,"two-level balanced square-array Darcy-Weisbach friction screen with one trunk and one lateral supply-return pair; uniform module flow is prescribed and fittings, valves, heat exchangers and site-specific manifolds are excluded",5.1588951994104155,0.0005158895199410416,"frictional energy for the modeled packed bed plus the registered balanced on-array trunk-and-lateral header screen; fittings, valves, heat exchangers, external piping and pump efficiency excluded",False,"parallel modular packed zones; discrete unit count, bed friction and a geometry-normalized on-array header-friction screen are included. Tank shells, fittings, valves, heat exchangers, site-specific trunk routing, flow maldistribution and balance of plant are excluded. Hydraulic values are screening metrics, not installed-pump specifications.",bounded_severe,25.0,2e-06,5e-07,0.5,128,False,"These are deterministic model-form stress cases. Every nonzero effective surface coefficient is referenced to the explicitly registered 25 C ambient sink and converted for each unit using A/V = 4/D + 2/H. The registered values are engineering stress bounds, not transferred calibration values, measurements or probability distributions."
S10MW_8H,10.0,8.0,80.0,G0184_T1_homogeneous_none__AIP_FLINAK_2017_V10,G0184,T1_homogeneous_none,AIP_FLINAK_2017_V10,FLiNaK (LiF-NaF-KF),homogeneous,none,Tier_3_hypothetical_common_skeleton,False,2493,509,2493,14324,14324,10166,0.05,False,0.04267267497930375,4.011231448054553,0.20390830994048398,0.5705857906141013,0.09927942479468305,0.005585334454278863,0.9,"time integral of positive outlet enthalpy flow following the simulated charge end state, with linear within-step interpolation at the registered outlet-grade threshold",True,0.7918967671022528,True,525.0,run-wise frozen at the registered transport-property temperature,,8.980182783363457,,,-50.38260219753929,0.5,5.790955388750883,2.8954776943754417,1,binary_monotone_bracket_with_adjacent_verification,DUTY_OR_UNIT_COUNT_LIMIT_EXCEEDED,False,-82.59470150685348,2678.8263284301197,13.924238794517207,1.3924238794517207,0.02986382474704235,3087.961985718556,3314.941040995033,-82.59470150685348,390.41650155988077,0.0012317030854244956,0.0012286474473010005,3.055638123495227e-06,107.69587216164753,8.261240903228428,99.43463125841909,49,51,1.0509426433509348,0.20701184710098994,0.029316968701317125,0.029608687017675876,1.5,"two-level balanced square-array Darcy-Weisbach friction screen with one trunk and one lateral supply-return pair; uniform module flow is prescribed and fittings, valves, heat exchangers and site-specific manifolds are excluded",5.437203226601559,0.0005437203226601559,"frictional energy for the modeled packed bed plus the registered balanced on-array trunk-and-lateral header screen; fittings, valves, heat exchangers, external piping and pump efficiency excluded",False,"parallel modular packed zones; discrete unit count, bed friction and a geometry-normalized on-array header-friction screen are included. Tank shells, fittings, valves, heat exchangers, site-specific trunk routing, flow maldistribution and balance of plant are excluded. Hydraulic values are screening metrics, not installed-pump specifications.",bounded_severe,25.0,2e-06,5e-07,0.5,128,False,"These are deterministic model-form stress cases. Every nonzero effective surface coefficient is referenced to the explicitly registered 25 C ambient sink and converted for each unit using A/V = 4/D + 2/H. The registered values are engineering stress bounds, not transferred calibration values, measurements or probability distributions."
S10MW_8H,10.0,8.0,80.0,G0187_T1_homogeneous_none__AIP_FLINAK_2017_V10,G0187,T1_homogeneous_none,AIP_FLINAK_2017_V10,FLiNaK (LiF-NaF-KF),homogeneous,none,Tier_3_hypothetical_common_skeleton,False,3430,792,3430,27096,27096,15820,0.05,False,0.031015445691954593,2.9154518950437316,0.23062406878831523,0.2977728323023484,0.03769183232758713,0.002952518682961273,0.9,"time integral of positive outlet enthalpy flow following the simulated charge end state, with linear within-step interpolation at the registered outlet-grade threshold",True,0.6462631236232609,True,525.0,run-wise frozen at the registered transport-property temperature,,12.190083595420765,,,-135.95691932018505,0.5,4.942171398166918,2.471085699083459,1,binary_monotone_bracket_with_adjacent_verification,DUTY_OR_UNIT_COUNT_LIMIT_EXCEEDED,False,-87.34107614680354,5190.3644044455095,10.127139082557168,1.0127139082557168,0.015413175986541634,4885.237424136752,7846.254848570033,-87.34107614680354,333.60608684684945,0.0007885292764993965,0.0007875582927129588,9.70983786436396e-07,174.55682404586537,12.24245067969438,162.31437336617097,58,60,1.3229517471155576,0.20701184710098994,0.02715026958706018,0.027379389848162666,1.5,"two-level balanced square-array Darcy-Weisbach friction screen with one trunk and one lateral supply-return pair; uniform module flow is prescribed and fittings, valves, heat exchangers and site-specific manifolds are excluded",8.812727364642024,0.0008812727364642024,"frictional energy for the modeled packed bed plus the registered balanced on-array trunk-and-lateral header screen; fittings, valves, heat exchangers, external piping and pump efficiency excluded",False,"parallel modular packed zones; discrete unit count, bed friction and a geometry-normalized on-array header-friction screen are included. Tank shells, fittings, valves, heat exchangers, site-specific trunk routing, flow maldistribution and balance of plant are excluded. Hydraulic values are screening metrics, not installed-pump specifications.",bounded_severe,25.0,2e-06,5e-07,0.5,128,False,"These are deterministic model-form stress cases. Every nonzero effective surface coefficient is referenced to the explicitly registered 25 C ambient sink and converted for each unit using A/V = 4/D + 2/H. The registered values are engineering stress bounds, not transferred calibration values, measurements or probability distributions."
S10MW_8H,10.0,8.0,80.0,G0192_T1_homogeneous_none__AIP_FLINAK_2017_V10,G0192,T1_homogeneous_none,AIP_FLINAK_2017_V10,FLiNaK (LiF-NaF-KF),homogeneous,none,Tier_3_hypothetical_common_skeleton,False,3684,748,3684,33904,33904,14945,0.05,False,0.02887703005521288,2.7144408251900107,0.20284061338810527,0.44255498079982686,0.04808577583584604,0.0023596483918071963,0.9,"time integral of positive outlet enthalpy flow following the simulated charge end state, with linear within-step interpolation at the registered outlet-grade threshold",True,0.7196689715061781,True,525.0,run-wise frozen at the registered transport-property temperature,,10.195671617950785,,,-82.514980683635,0.5,5.668083775780266,2.834041887890133,1,binary_monotone_bracket_with_adjacent_verification,DUTY_OR_UNIT_COUNT_LIMIT_EXCEEDED,False,-89.13381915572785,3486.6351956071717,8.692944675417712,0.8692944675417712,0.02294475777127254,3386.2691189235143,5135.112927548134,-89.13381915572785,392.9979175751402,0.0010067522229179019,0.0010057758694603082,9.763534575920184e-07,172.26554883395028,11.794027113524265,160.471521720426,60,62,1.2359494274863283,0.20701184710098994,0.026637919809613185,0.02685537582431267,1.5,"two-level balanced square-array Darcy-Weisbach friction screen with one trunk and one lateral supply-return pair; uniform module flow is prescribed and fittings, valves, heat exchangers and site-specific manifolds are excluded",8.69706090746046,0.000869706090746046,"frictional energy for the modeled packed bed plus the registered balanced on-array trunk-and-lateral header screen; fittings, valves, heat exchangers, external piping and pump efficiency excluded",False,"parallel modular packed zones; discrete unit count, bed friction and a geometry-normalized on-array header-friction screen are included. Tank shells, fittings, valves, heat exchangers, site-specific trunk routing, flow maldistribution and balance of plant are excluded. Hydraulic values are screening metrics, not installed-pump specifications.",bounded_severe,25.0,2e-06,5e-07,0.5,128,False,"These are deterministic model-form stress cases. Every nonzero effective surface coefficient is referenced to the explicitly registered 25 C ambient sink and converted for each unit using A/V = 4/D + 2/H. The registered values are engineering stress bounds, not transferred calibration values, measurements or probability distributions."
S10MW_8H,10.0,8.0,80.0,G0197_T1_homogeneous_none__AIP_FLINAK_2017_V10,G0197,T1_homogeneous_none,AIP_FLINAK_2017_V10,FLiNaK (LiF-NaF-KF),homogeneous,none,Tier_3_hypothetical_common_skeleton,False,3901,841,3901,30411,30411,16816,0.05,False,0.027270694366419955,2.5634452704434763,0.21554346073358127,0.29854590858752483,0.038289408389270446,0.0026306588886608087,0.9,"time integral of positive outlet enthalpy flow following the simulated charge end state, with linear within-step interpolation at the registered outlet-grade threshold",True,0.6251174162954076,True,525.0,run-wise frozen at the registered transport-property temperature,,11.29301378626567,,,-155.95457326531198,0.5,5.384352501394019,2.6921762506970097,1,binary_monotone_bracket_with_adjacent_verification,DUTY_OR_UNIT_COUNT_LIMIT_EXCEEDED,False,-87.17224959416774,5123.052297778969,10.262200324665814,1.0262200324665813,0.015615690676178132,5831.496610894753,6435.511756403395,-87.17224959416774,363.9435576456817,0.0005263248543884294,0.0005254892026915315,8.356516968975465e-07,165.51565853550923,11.266921654305483,154.24873688120374,62,63,1.1383216147316477,0.20701184710098994,0.026097750210158425,0.02630737406127946,1.5,"two-level balanced square-array Darcy-Weisbach friction screen with one trunk and one lateral supply-return pair; uniform module flow is prescribed and fittings, valves, heat exchangers and site-specific manifolds are excluded",8.356261237144093,0.0008356261237144092,"frictional energy for the modeled packed bed plus the registered balanced on-array trunk-and-lateral header screen; fittings, valves, heat exchangers, external piping and pump efficiency excluded",False,"parallel modular packed zones; discrete unit count, bed friction and a geometry-normalized on-array header-friction screen are included. Tank shells, fittings, valves, heat exchangers, site-specific trunk routing, flow maldistribution and balance of plant are excluded. Hydraulic values are screening metrics, not installed-pump specifications.",bounded_severe,25.0,2e-06,5e-07,0.5,128,False,"These are deterministic model-form stress cases. Every nonzero effective surface coefficient is referenced to the explicitly registered 25 C ambient sink and converted for each unit using A/V = 4/D + 2/H. The registered values are engineering stress bounds, not transferred calibration values, measurements or probability distributions."
S10MW_8H,10.0,8.0,80.0,G0202_T1_homogeneous_none__AIP_FLINAK_2017_V10,G0202,T1_homogeneous_none,AIP_FLINAK_2017_V10,FLiNaK (LiF-NaF-KF),homogeneous,none,Tier_3_hypothetical_common_skeleton,False,7837,407,1679,80000000000000,80000000000000,8125,0.05,False,0.013574451795764227,1.2759984688018375,0.0518387041558019,0.5184807946129741,0.0,0.0,0.9,"time integral of positive outlet enthalpy flow following the simulated charge end state, with linear within-step interpolation at the registered outlet-grade threshold",True,0.06827893634902146,True,525.0,run-wise frozen at the registered transport-property temperature,,1.8597181054915206,,,-4640.169737981184,0.5,4.849769807259363,2.4248849036296813,2,binary_monotone_bracket_with_adjacent_verification,DUTY_OR_UNIT_COUNT_LIMIT_EXCEEDED,False,-100.0,13815.805838747388,0.0,0.0,0.005790469331556067,14927.088060008015,18391.474597862703,-100.0,1829.0605663955007,0.00014879363294054558,0.00014866909251781772,1.2454042272737858e-07,323.13741248181736,17.786416978435696,305.3509955033816,88,90,1.2742787844345949,0.20701184710098994,0.02206049638898076,0.022184085571058727,1.5,"two-level balanced square-array Darcy-Weisbach friction screen with one trunk and one lateral supply-return pair; uniform module flow is prescribed and fittings, valves, heat exchangers and site-specific manifolds are excluded",16.31394464432188,0.001631394464432188,"frictional energy for the modeled packed bed plus the registered balanced on-array trunk-and-lateral header screen; fittings, valves, heat exchangers, external piping and pump efficiency excluded",False,"parallel modular packed zones; discrete unit count, bed friction and a geometry-normalized on-array header-friction screen are included. Tank shells, fittings, valves, heat exchangers, site-specific trunk routing, flow maldistribution and balance of plant are excluded. Hydraulic values are screening metrics, not installed-pump specifications.",bounded_severe,25.0,2e-06,5e-07,0.5,128,False,"These are deterministic model-form stress cases. Every nonzero effective surface coefficient is referenced to the explicitly registered 25 C ambient sink and converted for each unit using A/V = 4/D + 2/H. The registered values are engineering stress bounds, not transferred calibration values, measurements or probability distributions."
S10MW_8H,10.0,8.0,80.0,G0212_T1_homogeneous_none__AIP_FLINAK_2017_V10,G0212,T1_homogeneous_none,AIP_FLINAK_2017_V10,FLiNaK (LiF-NaF-KF),homogeneous,none,Tier_3_hypothetical_common_skeleton,False,2700,491,2700,17447,17447,9802,0.05,False,0.039401103230890466,3.7037037037037037,0.18152783177627127,0.7206778098506512,0.11151933675368378,0.004585490271555211,0.9,"time integral of positive outlet enthalpy flow following the simulated charge end state, with linear within-step interpolation at the registered outlet-grade threshold",True,0.821622224740517,True,525.0,run-wise frozen at the registered transport-property temperature,,7.703944414044731,,,-36.29547369503528,0.5,6.106190167527984,3.053095083763992,1,binary_monotone_bracket_with_adjacent_verification,DUTY_OR_UNIT_COUNT_LIMIT_EXCEEDED,False,-84.52397033350117,2129.5121589687683,12.38082373319907,1.2380823733199071,0.03756728960812348,2285.1348815186616,2855.0982108358153,-84.52397033350117,450.8797137138046,0.0011331072376468013,0.0011309376551645201,2.169582482280446e-06,118.46635635642876,8.89259137533329,109.57376498109548,51,53,1.0867857999298889,0.20701184710098994,0.028728634906454168,0.029003556337039167,1.5,"two-level balanced square-array Darcy-Weisbach friction screen with one trunk and one lateral supply-return pair; uniform module flow is prescribed and fittings, valves, heat exchangers and site-specific manifolds are excluded",5.980957638083376,0.0005980957638083376,"frictional energy for the modeled packed bed plus the registered balanced on-array trunk-and-lateral header screen; fittings, valves, heat exchangers, external piping and pump efficiency excluded",False,"parallel modular packed zones; discrete unit count, bed friction and a geometry-normalized on-array header-friction screen are included. Tank shells, fittings, valves, heat exchangers, site-specific trunk routing, flow maldistribution and balance of plant are excluded. Hydraulic values are screening metrics, not installed-pump specifications.",bounded_severe,25.0,2e-06,5e-07,0.5,128,False,"These are deterministic model-form stress cases. Every nonzero effective surface coefficient is referenced to the explicitly registered 25 C ambient sink and converted for each unit using A/V = 4/D + 2/H. The registered values are engineering stress bounds, not transferred calibration values, measurements or probability distributions."
S10MW_8H,10.0,8.0,80.0,G0213_T1_homogeneous_none__AIP_FLINAK_2017_V10,G0213,T1_homogeneous_none,AIP_FLINAK_2017_V10,FLiNaK (LiF-NaF-KF),homogeneous,none,Tier_3_hypothetical_common_skeleton,False,3753,641,3753,32357,32357,12815,0.05,False,0.028346117432295297,2.664535038635758,0.17073163484776205,0.6643565334462506,0.07703892869788063,0.0024724748802232898,0.9,"time integral of positive outlet enthalpy flow following the simulated charge end state, with linear within-step interpolation at the registered outlet-grade threshold",True,0.785361486171806,True,525.0,run-wise frozen at the registered transport-property temperature,,7.911107226612744,,,-49.449563590173916,0.5,6.503811599195677,3.2519057995978384,1,binary_monotone_bracket_with_adjacent_verification,DUTY_OR_UNIT_COUNT_LIMIT_EXCEEDED,False,-88.40100221815248,2333.593394262748,9.279198225478007,0.9279198225478007,0.03428189340811637,2070.389800378315,3691.069995612306,-88.40100221815248,485.71453432849745,0.0012400280332248706,0.001238449358476316,1.5786747485556647e-06,154.7435731235488,10.636199469615423,144.10737365393337,61,62,1.0965597628247157,0.20701184710098994,0.026391910863610632,0.026607358608694454,1.5,"two-level balanced square-array Darcy-Weisbach friction screen with one trunk and one lateral supply-return pair; uniform module flow is prescribed and fittings, valves, heat exchangers and site-specific manifolds are excluded",7.812457040854184,0.0007812457040854184,"frictional energy for the modeled packed bed plus the registered balanced on-array trunk-and-lateral header screen; fittings, valves, heat exchangers, external piping and pump efficiency excluded",False,"parallel modular packed zones; discrete unit count, bed friction and a geometry-normalized on-array header-friction screen are included. Tank shells, fittings, valves, heat exchangers, site-specific trunk routing, flow maldistribution and balance of plant are excluded. Hydraulic values are screening metrics, not installed-pump specifications.",bounded_severe,25.0,2e-06,5e-07,0.5,128,False,"These are deterministic model-form stress cases. Every nonzero effective surface coefficient is referenced to the explicitly registered 25 C ambient sink and converted for each unit using A/V = 4/D + 2/H. The registered values are engineering stress bounds, not transferred calibration values, measurements or probability distributions."
S10MW_8H,10.0,8.0,80.0,G0225_T1_homogeneous_none__SOLAR_SALT_60_40_V10,G0225,T1_homogeneous_none,SOLAR_SALT_60_40_V10,Solar Salt (NaNO3-KNO3 60:40 wt%),homogeneous,none,Tier_2_unit_pair_partial,False,3686,374,3686,32451,32451,7470,0.05,False,0.03538730824988918,2.7129679869777537,0.10133329677371557,0.7960688454495588,0.0904168624404976,0.002465317809983792,0.9,"time integral of positive outlet enthalpy flow following the simulated charge end state, with linear within-step interpolation at the registered outlet-grade threshold",True,0.7949762666996257,True,525.0,run-wise frozen at the registered transport-property temperature,,6.6179172725337905,,,-46.910170299292616,0.5,6.527849710655722,3.263924855327861,1,binary_monotone_bracket_with_adjacent_verification,DUTY_OR_UNIT_COUNT_LIMIT_EXCEEDED,False,-88.64104819049969,2274.2849679077835,9.087161447600257,0.9087161447600257,0.03517589094105282,1682.8438740931867,3595.3125570250577,-88.64104819049969,886.8424613018076,0.00032007387007642403,0.00031709231959394673,2.981550482476572e-06,76.11995811349962,5.481045322592811,70.63891279090682,60,62,1.0829784480790143,0.25109394400626084,0.032301559506177684,0.03256525008145514,1.5,"two-level balanced square-array Darcy-Weisbach friction screen with one trunk and one lateral supply-return pair; uniform module flow is prescribed and fittings, valves, heat exchangers and site-specific manifolds are excluded",5.653976302131977,0.0005653976302131977,"frictional energy for the modeled packed bed plus the registered balanced on-array trunk-and-lateral header screen; fittings, valves, heat exchangers, external piping and pump efficiency excluded",False,"parallel modular packed zones; discrete unit count, bed friction and a geometry-normalized on-array header-friction screen are included. Tank shells, fittings, valves, heat exchangers, site-specific trunk routing, flow maldistribution and balance of plant are excluded. Hydraulic values are screening metrics, not installed-pump specifications.",bounded_severe,25.0,2e-06,5e-07,0.5,128,False,"These are deterministic model-form stress cases. Every nonzero effective surface coefficient is referenced to the explicitly registered 25 C ambient sink and converted for each unit using A/V = 4/D + 2/H. The registered values are engineering stress bounds, not transferred calibration values, measurements or probability distributions."
S10MW_8H,10.0,8.0,80.0,G0225_T1_homogeneous_none__AIP_FLINAK_2017_V10,G0225,T1_homogeneous_none,AIP_FLINAK_2017_V10,FLiNaK (LiF-NaF-KF),homogeneous,none,Tier_3_hypothetical_common_skeleton,False,3177,374,3177,23799,23799,7470,0.05,False,0.03348535685344799,3.147623544224111,0.11756831347432027,0.7906734416993372,0.10555146300255507,0.0033615870439272586,0.9,"time integral of positive outlet enthalpy flow following the simulated charge end state, with linear within-step interpolation at the registered outlet-grade threshold",True,0.8214356080621955,True,525.0,run-wise frozen at the registered transport-property temperature,,7.113449291913265,,,-35.42824679879011,0.5,6.527849710655722,3.263924855327861,1,binary_monotone_bracket_with_adjacent_verification,DUTY_OR_UNIT_COUNT_LIMIT_EXCEEDED,False,-86.65029745180388,1960.2287962677774,10.6797620385569,1.06797620385569,0.0408115624830723,1740.432050282705,3098.835592422303,-86.65029745180388,750.569316211569,0.0013663284922951996,0.0013641036173272778,2.2248749679260366e-06,133.91900674061267,9.676659088478779,124.2423476521339,56,57,1.0829784480790143,0.20701184710098994,0.02748404218971977,0.02772834959152781,1.5,"two-level balanced square-array Darcy-Weisbach friction screen with one trunk and one lateral supply-return pair; uniform module flow is prescribed and fittings, valves, heat exchangers and site-specific manifolds are excluded",6.761112958743793,0.0006761112958743792,"frictional energy for the modeled packed bed plus the registered balanced on-array trunk-and-lateral header screen; fittings, valves, heat exchangers, external piping and pump efficiency excluded",False,"parallel modular packed zones; discrete unit count, bed friction and a geometry-normalized on-array header-friction screen are included. Tank shells, fittings, valves, heat exchangers, site-specific trunk routing, flow maldistribution and balance of plant are excluded. Hydraulic values are screening metrics, not installed-pump specifications.",bounded_severe,25.0,2e-06,5e-07,0.5,128,False,"These are deterministic model-form stress cases. Every nonzero effective surface coefficient is referenced to the explicitly registered 25 C ambient sink and converted for each unit using A/V = 4/D + 2/H. The registered values are engineering stress bounds, not transferred calibration values, measurements or probability distributions."
S50MW_6H,50.0,6.0,300.0,G0011_T1_homogeneous_none__SOLAR_SALT_60_40_V10,G0011,T1_homogeneous_none,SOLAR_SALT_60_40_V10,Solar Salt (NaNO3-KNO3 60:40 wt%),homogeneous,none,Tier_2_unit_pair_partial,False,56508,3498,12333,300000000000000,300000000000000,69945,0.05,False,0.011541517856683258,0.884830466482622,0.061889642606575195,0.2915558353911438,0.0,0.0,0.9,"time integral of positive outlet enthalpy flow following the simulated charge end state, with linear within-step interpolation at the registered outlet-grade threshold",True,-0.3709639591184881,True,525.0,run-wise frozen at the registered transport-property temperature,,0.0013888876387549425,,,-1.3578502848603696e+23,0.5,4.592357427740836,2.296178713870418,2,binary_monotone_bracket_with_adjacent_verification,DUTY_OR_UNIT_COUNT_LIMIT_EXCEEDED,False,-100.0,107208.39213307075,0.0,0.0,0.002798288399173356,82731.36943579158,164186.4761609274,-100.0,1515.7792449325914,8.208153628077054e-05,8.192304265539007e-05,1.584936253805312e-07,313.8595754311861,10.655316398311841,303.2042590328743,237,239,1.4171749082009675,0.5614631275365252,0.036438018397908944,0.03651448861506882,1.5,"two-level balanced square-array Darcy-Weisbach friction screen with one trunk and one lateral supply-return pair; uniform module flow is prescribed and fittings, valves, heat exchangers and site-specific manifolds are excluded",116.56257097511732,0.002331251419502347,"frictional energy for the modeled packed bed plus the registered balanced on-array trunk-and-lateral header screen; fittings, valves, heat exchangers, external piping and pump efficiency excluded",False,"parallel modular packed zones; discrete unit count, bed friction and a geometry-normalized on-array header-friction screen are included. Tank shells, fittings, valves, heat exchangers, site-specific trunk routing, flow maldistribution and balance of plant are excluded. Hydraulic values are screening metrics, not installed-pump specifications.",bounded_severe,25.0,2e-06,5e-07,0.5,128,False,"These are deterministic model-form stress cases. Every nonzero effective surface coefficient is referenced to the explicitly registered 25 C ambient sink and converted for each unit using A/V = 4/D + 2/H. The registered values are engineering stress bounds, not transferred calibration values, measurements or probability distributions."
S50MW_6H,50.0,6.0,300.0,G0011_T1_homogeneous_none__AIP_FLINAK_2017_V10,G0011,T1_homogeneous_none,AIP_FLINAK_2017_V10,FLiNaK (LiF-NaF-KF),homogeneous,none,Tier_3_hypothetical_common_skeleton,False,40785,3498,10555,300000000000000,300000000000000,69945,0.05,False,0.013041924570725052,1.225940909648155,0.08574868026020231,0.28965498402459355,0.0,0.0,0.9,"time integral of positive outlet enthalpy flow following the simulated charge end state, with linear within-step interpolation at the registered outlet-grade threshold",True,-0.015560329217035535,True,525.0,run-wise frozen at the registered transport-property temperature,,0.0013888791239529278,,,-1.2024407749934067e+23,0.5,4.592357427740836,2.296178713870418,2,binary_monotone_bracket_with_adjacent_verification,DUTY_OR_UNIT_COUNT_LIMIT_EXCEEDED,False,-100.0,77378.3229480302,0.0,0.0,0.0038770548206568107,71649.32536250874,118502.60901506733,-100.0,1066.1987064588332,0.000421030032905679,0.0004208613706322742,1.6866227340392896e-07,477.8140355946313,16.805732253057403,461.00830334157394,201,203,1.4171749082009675,0.46289256226560627,0.03257659240391571,0.03265712798393378,1.5,"two-level balanced square-array Darcy-Weisbach friction screen with one trunk and one lateral supply-return pair; uniform module flow is prescribed and fittings, valves, heat exchangers and site-specific manifolds are excluded",120.61486391219668,0.0024122972782439334,"frictional energy for the modeled packed bed plus the registered balanced on-array trunk-and-lateral header screen; fittings, valves, heat exchangers, external piping and pump efficiency excluded",False,"parallel modular packed zones; discrete unit count, bed friction and a geometry-normalized on-array header-friction screen are included. Tank shells, fittings, valves, heat exchangers, site-specific trunk routing, flow maldistribution and balance of plant are excluded. Hydraulic values are screening metrics, not installed-pump specifications.",bounded_severe,25.0,2e-06,5e-07,0.5,128,False,"These are deterministic model-form stress cases. Every nonzero effective surface coefficient is referenced to the explicitly registered 25 C ambient sink and converted for each unit using A/V = 4/D + 2/H. The registered values are engineering stress bounds, not transferred calibration values, measurements or probability distributions."
S50MW_6H,50.0,6.0,300.0,G0015_T1_homogeneous_none__AIP_FLINAK_2017_V10,G0015,T1_homogeneous_none,AIP_FLINAK_2017_V10,FLiNaK (LiF-NaF-KF),homogeneous,none,Tier_3_hypothetical_common_skeleton,False,21277,2055,6303,302914,302914,41080,0.05,False,0.024999525009024828,2.349955350848334,0.09653674729765625,0.5683504889852116,0.011826094544007376,0.0009903833725452844,0.9,"time integral of positive outlet enthalpy flow following the simulated charge end state, with linear within-step interpolation at the registered outlet-grade threshold",True,0.5332115514757524,True,525.0,run-wise frozen at the registered transport-property temperature,,12.060933761838987,,,-235.79385837225715,0.5,4.802953673840943,2.4014768369204713,2,binary_monotone_bracket_with_adjacent_verification,DUTY_OR_UNIT_COUNT_LIMIT_EXCEEDED,False,-92.975870994118,34084.51376989859,21.07238701764602,0.4214477403529204,0.00880165115528044,38330.74260004103,43422.21773925708,-92.975870994118,935.8749678157826,0.0002855655825706016,0.0002852984749218164,2.6710764878554164e-07,279.4221624985044,11.978702167028334,267.44346033147605,145,147,1.3981046093890797,0.46289256226560627,0.03834435472875717,0.03847544692220159,1.5,"two-level balanced square-array Darcy-Weisbach friction screen with one trunk and one lateral supply-return pair; uniform module flow is prescribed and fittings, valves, heat exchangers and site-specific manifolds are excluded",70.53470249799682,0.0014106940499599365,"frictional energy for the modeled packed bed plus the registered balanced on-array trunk-and-lateral header screen; fittings, valves, heat exchangers, external piping and pump efficiency excluded",False,"parallel modular packed zones; discrete unit count, bed friction and a geometry-normalized on-array header-friction screen are included. Tank shells, fittings, valves, heat exchangers, site-specific trunk routing, flow maldistribution and balance of plant are excluded. Hydraulic values are screening metrics, not installed-pump specifications.",bounded_severe,25.0,2e-06,5e-07,0.5,128,False,"These are deterministic model-form stress cases. Every nonzero effective surface coefficient is referenced to the explicitly registered 25 C ambient sink and converted for each unit using A/V = 4/D + 2/H. The registered values are engineering stress bounds, not transferred calibration values, measurements or probability distributions."
S50MW_6H,50.0,6.0,300.0,G0024_T1_homogeneous_none__SOLAR_SALT_60_40_V10,G0024,T1_homogeneous_none,SOLAR_SALT_60_40_V10,Solar Salt (NaNO3-KNO3 60:40 wt%),homogeneous,none,Tier_2_unit_pair_partial,False,28107,2199,7527,560557,560557,43978,0.05,False,0.02320376031043717,1.7789162841996655,0.07823492393179034,0.44303696895897743,0.005948935152810096,0.0005351828854140735,0.9,"time integral of positive outlet enthalpy flow following the simulated charge end state, with linear within-step interpolation at the registered outlet-grade threshold",True,0.2967050123915534,True,525.0,run-wise frozen at the registered transport-property temperature,,6.8610732290672996,,,-775.499765409727,0.5,4.536043793329511,2.2680218966647554,2,binary_monotone_bracket_with_adjacent_verification,DUTY_OR_UNIT_COUNT_LIMIT_EXCEEDED,False,-94.98587154655554,57205.890190350816,15.042385360333363,0.30084770720666726,0.005244215219827178,42239.65371085908,90573.41533124569,-94.98587154655554,1178.2015367866363,0.00013603159976373865,0.00013536258377635076,6.690159873878925e-07,178.03289922753214,7.448575923817481,170.58432330371465,167,169,1.4030196498438297,0.5614631275365252,0.04340788586787614,0.04353688432720533,1.5,"two-level balanced square-array Darcy-Weisbach friction screen with one trunk and one lateral supply-return pair; uniform module flow is prescribed and fittings, valves, heat exchangers and site-specific manifolds are excluded",66.11868652621257,0.0013223737305242515,"frictional energy for the modeled packed bed plus the registered balanced on-array trunk-and-lateral header screen; fittings, valves, heat exchangers, external piping and pump efficiency excluded",False,"parallel modular packed zones; discrete unit count, bed friction and a geometry-normalized on-array header-friction screen are included. Tank shells, fittings, valves, heat exchangers, site-specific trunk routing, flow maldistribution and balance of plant are excluded. Hydraulic values are screening metrics, not installed-pump specifications.",bounded_severe,25.0,2e-06,5e-07,0.5,128,False,"These are deterministic model-form stress cases. Every nonzero effective surface coefficient is referenced to the explicitly registered 25 C ambient sink and converted for each unit using A/V = 4/D + 2/H. The registered values are engineering stress bounds, not transferred calibration values, measurements or probability distributions."
S50MW_6H,50.0,6.0,300.0,G0024_T1_homogeneous_none__AIP_FLINAK_2017_V10,G0024,T1_homogeneous_none,AIP_FLINAK_2017_V10,FLiNaK (LiF-NaF-KF),homogeneous,none,Tier_3_hypothetical_common_skeleton,False,20572,2199,6457,179151,179151,43978,0.05,False,0.025856255765945035,2.4304880419988333,0.10689038532718409,0.44232762279828897,0.015941553760914346,0.0016745701801986629,0.9,"time integral of positive outlet enthalpy flow following the simulated charge end state, with linear within-step interpolation at the registered outlet-grade threshold",True,0.479447986634512,True,525.0,run-wise frozen at the registered transport-property temperature,,11.784654354973318,,,-319.4320958162846,0.5,4.536043793329511,2.2680218966647554,2,binary_monotone_bracket_with_adjacent_verification,DUTY_OR_UNIT_COUNT_LIMIT_EXCEEDED,False,-88.5169140843177,41869.98160585964,34.44925774704689,0.6889851549409378,0.007165037778712935,37096.56805797427,66292.25104758196,-88.5169140843177,835.5378380750233,0.0006864333380034176,0.000685741029504944,6.923084984731636e-07,272.65978801810417,11.864642527969444,260.7951454901347,143,144,1.4030196498438297,0.46289256226560627,0.038593126547582575,0.03872783245993016,1.5,"two-level balanced square-array Darcy-Weisbach friction screen with one trunk and one lateral supply-return pair; uniform module flow is prescribed and fittings, valves, heat exchangers and site-specific manifolds are excluded",68.82777522579063,0.0013765555045158126,"frictional energy for the modeled packed bed plus the registered balanced on-array trunk-and-lateral header screen; fittings, valves, heat exchangers, external piping and pump efficiency excluded",False,"parallel modular packed zones; discrete unit count, bed friction and a geometry-normalized on-array header-friction screen are included. Tank shells, fittings, valves, heat exchangers, site-specific trunk routing, flow maldistribution and balance of plant are excluded. Hydraulic values are screening metrics, not installed-pump specifications.",bounded_severe,25.0,2e-06,5e-07,0.5,128,False,"These are deterministic model-form stress cases. Every nonzero effective surface coefficient is referenced to the explicitly registered 25 C ambient sink and converted for each unit using A/V = 4/D + 2/H. The registered values are engineering stress bounds, not transferred calibration values, measurements or probability distributions."
S50MW_6H,50.0,6.0,300.0,G0029_T1_homogeneous_none__AIP_FLINAK_2017_V10,G0029,T1_homogeneous_none,AIP_FLINAK_2017_V10,FLiNaK (LiF-NaF-KF),homogeneous,none,Tier_3_hypothetical_common_skeleton,False,37102,3190,9920,300000000000000,300000000000000,63793,0.05,False,0.014336555808770989,1.347636246024473,0.08597099842528245,0.33321132798017883,0.0,0.0,0.9,"time integral of positive outlet enthalpy flow following the simulated charge end state, with linear within-step interpolation at the registered outlet-grade threshold",True,0.12443378692848606,True,525.0,run-wise frozen at the registered transport-property temperature,,3.3930462981696734,,,-2332.4997462810675,0.5,4.839838432496768,2.419919216248384,2,binary_monotone_bracket_with_adjacent_verification,DUTY_OR_UNIT_COUNT_LIMIT_EXCEEDED,False,-100.0,64212.95257861092,0.0,0.0,0.004671954612782107,75969.11309361405,76934.1147650262,-100.0,1063.1829550858383,0.00021262265573588867,0.00021249035396214664,1.323017737414766e-07,403.80476737608143,14.62201711730102,389.18275025878046,192,194,1.291830173274739,0.46289256226560627,0.03338567770936155,0.033472057356218624,1.5,"two-level balanced square-array Darcy-Weisbach friction screen with one trunk and one lateral supply-return pair; uniform module flow is prescribed and fittings, valves, heat exchangers and site-specific manifolds are excluded",101.93262684781836,0.0020386525369563667,"frictional energy for the modeled packed bed plus the registered balanced on-array trunk-and-lateral header screen; fittings, valves, heat exchangers, external piping and pump efficiency excluded",False,"parallel modular packed zones; discrete unit count, bed friction and a geometry-normalized on-array header-friction screen are included. Tank shells, fittings, valves, heat exchangers, site-specific trunk routing, flow maldistribution and balance of plant are excluded. Hydraulic values are screening metrics, not installed-pump specifications.",bounded_severe,25.0,2e-06,5e-07,0.5,128,False,"These are deterministic model-form stress cases. Every nonzero effective surface coefficient is referenced to the explicitly registered 25 C ambient sink and converted for each unit using A/V = 4/D + 2/H. The registered values are engineering stress bounds, not transferred calibration values, measurements or probability distributions."
S50MW_6H,50.0,6.0,300.0,G0029_T2_graded_two_layer_fine_hot__AIP_FLINAK_2017_V10,G0029,T2_graded_two_layer_fine_hot,AIP_FLINAK_2017_V10,FLiNaK (LiF-NaF-KF),graded_two_layer,fine_hot,Tier_3_hypothetical_common_skeleton,False,37059,3190,9916,300000000000000,300000000000000,63793,0.05,False,0.014353190685583023,1.3491999244448043,0.08607075160082112,0.33335802378201346,0.0,0.0,0.9,"time integral of positive outlet enthalpy flow following the simulated charge end state, with linear within-step interpolation at the registered outlet-grade threshold",True,0.1254777983076695,True,525.0,run-wise frozen at the registered transport-property temperature,,3.4208035354778326,,,-2309.811910476825,0.5,4.839838432496768,2.419919216248384,2,binary_monotone_bracket_with_adjacent_verification,DUTY_OR_UNIT_COUNT_LIMIT_EXCEEDED,False,-100.0,64138.53187458202,0.0,0.0,0.004677375537479202,75881.06738548442,76844.95065163888,-100.0,1061.834864226351,0.0002506951812505438,0.0002505568039992027,1.3837725134140519e-07,403.5335645563135,14.642406247008823,388.89115830930467,192,194,1.291830173274739,0.46289256226560627,0.03340504099427978,0.03349147074027601,1.5,"two-level balanced square-array Darcy-Weisbach friction screen with one trunk and one lateral supply-return pair; uniform module flow is prescribed and fittings, valves, heat exchangers and site-specific manifolds are excluded",101.86417663951475,0.0020372835327902954,"frictional energy for the modeled packed bed plus the registered balanced on-array trunk-and-lateral header screen; fittings, valves, heat exchangers, external piping and pump efficiency excluded",False,"parallel modular packed zones; discrete unit count, bed friction and a geometry-normalized on-array header-friction screen are included. Tank shells, fittings, valves, heat exchangers, site-specific trunk routing, flow maldistribution and balance of plant are excluded. Hydraulic values are screening metrics, not installed-pump specifications.",bounded_severe,25.0,2e-06,5e-07,0.5,128,False,"These are deterministic model-form stress cases. Every nonzero effective surface coefficient is referenced to the explicitly registered 25 C ambient sink and converted for each unit using A/V = 4/D + 2/H. The registered values are engineering stress bounds, not transferred calibration values, measurements or probability distributions."
S50MW_6H,50.0,6.0,300.0,G0045_T1_homogeneous_none__SOLAR_SALT_60_40_V10,G0045,T1_homogeneous_none,SOLAR_SALT_60_40_V10,Solar Salt (NaNO3-KNO3 60:40 wt%),homogeneous,none,Tier_2_unit_pair_partial,False,12489,2956,12489,60454,60454,59108,0.05,False,0.05222100176518997,4.003523100328289,0.23664138702363005,0.5036345188665605,0.10404473960666123,0.004962510283563522,0.9,"time integral of positive outlet enthalpy flow following the simulated charge end state, with linear within-step interpolation at the registered outlet-grade threshold",True,0.797810139325513,True,525.0,run-wise frozen at the registered transport-property temperature,,7.715263850044727,,,-47.90336792778484,0.5,5.592599324722605,2.7962996623613026,1,binary_monotone_bracket_with_adjacent_verification,DUTY_OR_UNIT_COUNT_LIMIT_EXCEEDED,False,-79.34106968952506,13515.517380041128,61.97679093142483,1.2395358186284966,0.022196708536146848,10238.539866917241,20996.09161084254,-79.34106968952506,322.5803493537435,0.0006925033699761821,0.0006843379547206141,8.1654152555691e-06,76.14245337162409,4.0370137024454005,72.10543966917868,111,113,1.1403680906306226,0.5614631275365252,0.05316997046051712,0.05340680891760246,1.5,"two-level balanced square-array Darcy-Weisbach friction screen with one trunk and one lateral supply-return pair; uniform module flow is prescribed and fittings, valves, heat exchangers and site-specific manifolds are excluded",28.278374212407144,0.0005655674842481429,"frictional energy for the modeled packed bed plus the registered balanced on-array trunk-and-lateral header screen; fittings, valves, heat exchangers, external piping and pump efficiency excluded",False,"parallel modular packed zones; discrete unit count, bed friction and a geometry-normalized on-array header-friction screen are included. Tank shells, fittings, valves, heat exchangers, site-specific trunk routing, flow maldistribution and balance of plant are excluded. Hydraulic values are screening metrics, not installed-pump specifications.",bounded_severe,25.0,2e-06,5e-07,0.5,128,False,"These are deterministic model-form stress cases. Every nonzero effective surface coefficient is referenced to the explicitly registered 25 C ambient sink and converted for each unit using A/V = 4/D + 2/H. The registered values are engineering stress bounds, not transferred calibration values, measurements or probability distributions."
S50MW_6H,50.0,6.0,300.0,G0045_T1_homogeneous_none__AIP_FLINAK_2017_V10,G0045,T1_homogeneous_none,AIP_FLINAK_2017_V10,FLiNaK (LiF-NaF-KF),homogeneous,none,Tier_3_hypothetical_common_skeleton,False,43844,2956,10674,300000000000000,300000000000000,59108,0.05,False,0.012131988267882064,1.1404068971809143,0.06740749663666899,0.5025934153958848,0.0,0.0,0.9,"time integral of positive outlet enthalpy flow following the simulated charge end state, with linear within-step interpolation at the registered outlet-grade threshold",True,0.24724445015089774,True,525.0,run-wise frozen at the registered transport-property temperature,,5.577773861563136,,,-966.6961201817717,0.5,5.592599324722605,2.7962996623613026,2,binary_monotone_bracket_with_adjacent_verification,DUTY_OR_UNIT_COUNT_LIMIT_EXCEEDED,False,-100.0,47447.70149816024,0.0,0.0,0.006322750955842031,43129.24854339053,73709.07523306753,-100.0,1383.514519742616,0.0007231564676170196,0.0007227891849109614,3.672827060592679e-07,407.2956673190974,14.050040658112255,393.2456266609851,209,210,1.1403680906306226,0.46289256226560627,0.031959373786150984,0.03203574037958231,1.5,"two-level balanced square-array Darcy-Weisbach friction screen with one trunk and one lateral supply-return pair; uniform module flow is prescribed and fittings, valves, heat exchangers and site-specific manifolds are excluded",102.81396476818814,0.0020562792953637632,"frictional energy for the modeled packed bed plus the registered balanced on-array trunk-and-lateral header screen; fittings, valves, heat exchangers, external piping and pump efficiency excluded",False,"parallel modular packed zones; discrete unit count, bed friction and a geometry-normalized on-array header-friction screen are included. Tank shells, fittings, valves, heat exchangers, site-specific trunk routing, flow maldistribution and balance of plant are excluded. Hydraulic values are screening metrics, not installed-pump specifications.",bounded_severe,25.0,2e-06,5e-07,0.5,128,False,"These are deterministic model-form stress cases. Every nonzero effective surface coefficient is referenced to the explicitly registered 25 C ambient sink and converted for each unit using A/V = 4/D + 2/H. The registered values are engineering stress bounds, not transferred calibration values, measurements or probability distributions."
S50MW_6H,50.0,6.0,300.0,G0106_T1_homogeneous_none__AIP_FLINAK_2017_V10,G0106,T1_homogeneous_none,AIP_FLINAK_2017_V10,FLiNaK (LiF-NaF-KF),homogeneous,none,Tier_3_hypothetical_common_skeleton,False,38424,2826,9792,68552575,68552575,56508,0.05,False,0.013843298293176692,1.3012700395586092,0.07353346279865064,0.48289110442638544,6.897581512393121e-05,4.3762032777628815e-06,0.9,"time integral of positive outlet enthalpy flow following the simulated charge end state, with linear within-step interpolation at the registered outlet-grade threshold",True,0.28543173188027393,True,525.0,run-wise frozen at the registered transport-property temperature,,6.6180057858563055,,,-787.7459044004568,0.5,5.395992319558096,2.697996159779048,2,binary_monotone_bracket_with_adjacent_verification,DUTY_OR_UNIT_COUNT_LIMIT_EXCEEDED,False,-99.9439495884184,46902.16277819409,0.16815123474476093,0.0033630246948952187,0.006396293523152348,47693.96887532841,66300.40039799841,-99.9439495884184,1259.925076204014,0.0005796194073673939,0.0005792979238564064,3.2148351098759057e-07,376.8805325685113,13.566084928595991,363.3144476399153,196,197,1.1728705861053985,0.46289256226560627,0.033060312278521686,0.033144542510012594,1.5,"two-level balanced square-array Darcy-Weisbach friction screen with one trunk and one lateral supply-return pair; uniform module flow is prescribed and fittings, valves, heat exchangers and site-specific manifolds are excluded",95.13622584536232,0.0019027245169072468,"frictional energy for the modeled packed bed plus the registered balanced on-array trunk-and-lateral header screen; fittings, valves, heat exchangers, external piping and pump efficiency excluded",False,"parallel modular packed zones; discrete unit count, bed friction and a geometry-normalized on-array header-friction screen are included. Tank shells, fittings, valves, heat exchangers, site-specific trunk routing, flow maldistribution and balance of plant are excluded. Hydraulic values are screening metrics, not installed-pump specifications.",bounded_severe,25.0,2e-06,5e-07,0.5,128,False,"These are deterministic model-form stress cases. Every nonzero effective surface coefficient is referenced to the explicitly registered 25 C ambient sink and converted for each unit using A/V = 4/D + 2/H. The registered values are engineering stress bounds, not transferred calibration values, measurements or probability distributions."
S50MW_6H,50.0,6.0,300.0,G0110_T1_homogeneous_none__AIP_FLINAK_2017_V10,G0110,T1_homogeneous_none,AIP_FLINAK_2017_V10,FLiNaK (LiF-NaF-KF),homogeneous,none,Tier_3_hypothetical_common_skeleton,False,33400,2479,8742,616130,616130,49561,0.05,False,0.015925595617276085,1.4970059880239521,0.0741933815427275,0.5356146402201818,0.007598807858856414,0.0004869104230818257,0.9,"time integral of positive outlet enthalpy flow following the simulated charge end state, with linear within-step interpolation at the registered outlet-grade threshold",True,0.37692946550527023,True,525.0,run-wise frozen at the registered transport-property temperature,,8.174983973111528,,,-515.0479626282959,0.5,5.505650724050867,2.7528253620254337,2,binary_monotone_bracket_with_adjacent_verification,DUTY_OR_UNIT_COUNT_LIMIT_EXCEEDED,False,-94.57906395635567,41208.61451131685,16.26280813093298,0.32525616261865964,0.007280031215745265,41289.25554683052,59049.4820804624,-94.57906395635567,1247.8291179168134,0.0005127441839440924,0.0005122683394533723,4.7584449071932207e-07,319.07343868309476,11.92317523716354,307.1502634459312,182,184,1.1112415758190741,0.46289256226560627,0.03426356234330553,0.03435705109099409,1.5,"two-level balanced square-array Darcy-Weisbach friction screen with one trunk and one lateral supply-return pair; uniform module flow is prescribed and fittings, valves, heat exchangers and site-specific manifolds are excluded",80.54394482157558,0.0016108788964315115,"frictional energy for the modeled packed bed plus the registered balanced on-array trunk-and-lateral header screen; fittings, valves, heat exchangers, external piping and pump efficiency excluded",False,"parallel modular packed zones; discrete unit count, bed friction and a geometry-normalized on-array header-friction screen are included. Tank shells, fittings, valves, heat exchangers, site-specific trunk routing, flow maldistribution and balance of plant are excluded. Hydraulic values are screening metrics, not installed-pump specifications.",bounded_severe,25.0,2e-06,5e-07,0.5,128,False,"These are deterministic model-form stress cases. Every nonzero effective surface coefficient is referenced to the explicitly registered 25 C ambient sink and converted for each unit using A/V = 4/D + 2/H. The registered values are engineering stress bounds, not transferred calibration values, measurements or probability distributions."
S50MW_6H,50.0,6.0,300.0,G0121_T1_homogeneous_none__SOLAR_SALT_60_40_V10,G0121,T1_homogeneous_none,SOLAR_SALT_60_40_V10,Solar Salt (NaNO3-KNO3 60:40 wt%),homogeneous,none,Tier_2_unit_pair_partial,False,56361,3484,12413,300000000000000,300000000000000,69673,0.05,False,0.011571620287884487,0.8871382693706641,0.06181000944630157,0.279928541181381,0.0,0.0,0.9,"time integral of positive outlet enthalpy flow following the simulated charge end state, with linear within-step interpolation at the registered outlet-grade threshold",True,-0.40594609985139507,True,525.0,run-wise frozen at the registered transport-property temperature,,0.0013888826567261723,,,-1.461385269647614e+23,0.5,4.599494081014933,2.2997470405074667,2,binary_monotone_bracket_with_adjacent_verification,DUTY_OR_UNIT_COUNT_LIMIT_EXCEEDED,False,-100.0,111926.17743436237,0.0,0.0,0.0026803381199713627,94788.34435810508,158318.1878364117,-100.0,1517.8609402555842,9.468862459724944e-05,9.451459185714646e-05,1.74032740103239e-07,302.5417721254832,10.310487683753,292.23128444173017,237,238,1.3702208113233216,0.5614631275365252,0.036408775120695215,0.03648550602797747,1.5,"two-level balanced square-array Darcy-Weisbach friction screen with one trunk and one lateral supply-return pair; uniform module flow is prescribed and fittings, valves, heat exchangers and site-specific manifolds are excluded",112.35932041388419,0.002247186408277684,"frictional energy for the modeled packed bed plus the registered balanced on-array trunk-and-lateral header screen; fittings, valves, heat exchangers, external piping and pump efficiency excluded",False,"parallel modular packed zones; discrete unit count, bed friction and a geometry-normalized on-array header-friction screen are included. Tank shells, fittings, valves, heat exchangers, site-specific trunk routing, flow maldistribution and balance of plant are excluded. Hydraulic values are screening metrics, not installed-pump specifications.",bounded_severe,25.0,2e-06,5e-07,0.5,128,False,"These are deterministic model-form stress cases. Every nonzero effective surface coefficient is referenced to the explicitly registered 25 C ambient sink and converted for each unit using A/V = 4/D + 2/H. The registered values are engineering stress bounds, not transferred calibration values, measurements or probability distributions."
S50MW_6H,50.0,6.0,300.0,G0121_T1_homogeneous_none__AIP_FLINAK_2017_V10,G0121,T1_homogeneous_none,AIP_FLINAK_2017_V10,FLiNaK (LiF-NaF-KF),homogeneous,none,Tier_3_hypothetical_common_skeleton,False,39184,3484,10450,300000000000000,300000000000000,69673,0.05,False,0.013574798224199195,1.2760310330747244,0.08890552119240001,0.27814375322693796,0.0,0.0,0.9,"time integral of positive outlet enthalpy flow following the simulated charge end state, with linear within-step interpolation at the registered outlet-grade threshold",True,-0.0038803450057447275,True,525.0,run-wise frozen at the registered transport-property temperature,,0.0013888795032368647,,,-1.2743043083165462e+23,0.5,4.599494081014933,2.2997470405074667,2,binary_monotone_bracket_with_adjacent_verification,DUTY_OR_UNIT_COUNT_LIMIT_EXCEEDED,False,-100.0,77814.71827306214,0.0,0.0,0.003855311779800581,79074.4859833018,110067.95252358825,-100.0,1024.7895367891774,0.0005042712890162526,0.0005040716901760814,1.995988401720218e-07,447.22035965076543,15.927161680194287,431.2931979705711,197,199,1.3702208113233216,0.46289256226560627,0.03290473623654659,0.03298772435381305,1.5,"two-level balanced square-array Darcy-Weisbach friction screen with one trunk and one lateral supply-return pair; uniform module flow is prescribed and fittings, valves, heat exchangers and site-specific manifolds are excluded",112.89211302165786,0.002257842260433157,"frictional energy for the modeled packed bed plus the registered balanced on-array trunk-and-lateral header screen; fittings, valves, heat exchangers, external piping and pump efficiency excluded",False,"parallel modular packed zones; discrete unit count, bed friction and a geometry-normalized on-array header-friction screen are included. Tank shells, fittings, valves, heat exchangers, site-specific trunk routing, flow maldistribution and balance of plant are excluded. Hydraulic values are screening metrics, not installed-pump specifications.",bounded_severe,25.0,2e-06,5e-07,0.5,128,False,"These are deterministic model-form stress cases. Every nonzero effective surface coefficient is referenced to the explicitly registered 25 C ambient sink and converted for each unit using A/V = 4/D + 2/H. The registered values are engineering stress bounds, not transferred calibration values, measurements or probability distributions."
S50MW_6H,50.0,6.0,300.0,G0126_T1_homogeneous_none__AIP_FLINAK_2017_V10,G0126,T1_homogeneous_none,AIP_FLINAK_2017_V10,FLiNaK (LiF-NaF-KF),homogeneous,none,Tier_3_hypothetical_common_skeleton,False,31862,2164,8082,349488,349488,43278,0.05,False,0.016694334744115913,1.569267465946896,0.06791617171287426,0.6695082593415527,0.015480845587997739,0.0008584001455747986,0.9,"time integral of positive outlet enthalpy flow following the simulated charge end state, with linear within-step interpolation at the registered outlet-grade threshold",True,0.458168081659939,True,525.0,run-wise frozen at the registered transport-property temperature,,8.918014549531714,,,-355.1459294188778,0.5,5.853093602894273,2.9265468014471363,2,binary_monotone_bracket_with_adjacent_verification,DUTY_OR_UNIT_COUNT_LIMIT_EXCEEDED,False,-90.88321818723193,33964.440047409276,27.350345438304227,0.5470069087660846,0.008832767435036318,35023.36366607377,47382.267848914445,-90.88321818723193,1372.403368416655,0.0007010234149645545,0.0007003049700974206,7.184448671326099e-07,284.56247837484443,10.83801046304143,273.724467911803,178,179,1.0306464989743274,0.46289256226560627,0.034695264401856184,0.034695264401856184,1.5,"two-level balanced square-array Darcy-Weisbach friction screen with one trunk and one lateral supply-return pair; uniform module flow is prescribed and fittings, valves, heat exchangers and site-specific manifolds are excluded",71.83237903683673,0.0014366475807367346,"frictional energy for the modeled packed bed plus the registered balanced on-array trunk-and-lateral header screen; fittings, valves, heat exchangers, external piping and pump efficiency excluded",False,"parallel modular packed zones; discrete unit count, bed friction and a geometry-normalized on-array header-friction screen are included. Tank shells, fittings, valves, heat exchangers, site-specific trunk routing, flow maldistribution and balance of plant are excluded. Hydraulic values are screening metrics, not installed-pump specifications.",bounded_severe,25.0,2e-06,5e-07,0.5,128,False,"These are deterministic model-form stress cases. Every nonzero effective surface coefficient is referenced to the explicitly registered 25 C ambient sink and converted for each unit using A/V = 4/D + 2/H. The registered values are engineering stress bounds, not transferred calibration values, measurements or probability distributions."
S50MW_6H,50.0,6.0,300.0,G0127_T1_homogeneous_none__AIP_FLINAK_2017_V10,G0127,T1_homogeneous_none,AIP_FLINAK_2017_V10,FLiNaK (LiF-NaF-KF),homogeneous,none,Tier_3_hypothetical_common_skeleton,False,41741,2865,10309,198836685,198836685,57290,0.05,False,0.012743223536020249,1.1978630123859035,0.06862672824289066,0.5012668576692552,2.598695417262475e-05,1.5087759111345595e-06,0.9,"time integral of positive outlet enthalpy flow following the simulated charge end state, with linear within-step interpolation at the registered outlet-grade threshold",True,0.2647413338154666,True,525.0,run-wise frozen at the registered transport-property temperature,,5.940244378666405,,,-884.8043100185416,0.5,5.631505963638052,2.815752981819026,2,binary_monotone_bracket_with_adjacent_verification,DUTY_OR_UNIT_COUNT_LIMIT_EXCEEDED,False,-99.97900739489778,46448.9295214275,0.06297781530666764,0.0012595563061333528,0.006458706435023569,50517.243637822816,61401.727617864635,-99.97900739489778,1357.1582029390922,0.00043539057646633703,0.00043511932057476544,2.7125589157027375e-07,378.77826256748006,13.263084582992478,365.51517798448754,204,205,1.1033250763250884,0.46289256226560627,0.032360398543659505,0.03243961628408872,1.5,"two-level balanced square-array Darcy-Weisbach friction screen with one trunk and one lateral supply-return pair; uniform module flow is prescribed and fittings, valves, heat exchangers and site-specific manifolds are excluded",95.61523405922783,0.0019123046811845565,"frictional energy for the modeled packed bed plus the registered balanced on-array trunk-and-lateral header screen; fittings, valves, heat exchangers, external piping and pump efficiency excluded",False,"parallel modular packed zones; discrete unit count, bed friction and a geometry-normalized on-array header-friction screen are included. Tank shells, fittings, valves, heat exchangers, site-specific trunk routing, flow maldistribution and balance of plant are excluded. Hydraulic values are screening metrics, not installed-pump specifications.",bounded_severe,25.0,2e-06,5e-07,0.5,128,False,"These are deterministic model-form stress cases. Every nonzero effective surface coefficient is referenced to the explicitly registered 25 C ambient sink and converted for each unit using A/V = 4/D + 2/H. The registered values are engineering stress bounds, not transferred calibration values, measurements or probability distributions."
S50MW_6H,50.0,6.0,300.0,G0130_T2_graded_two_layer_fine_hot__AIP_FLINAK_2017_V10,G0130,T2_graded_two_layer_fine_hot,AIP_FLINAK_2017_V10,FLiNaK (LiF-NaF-KF),graded_two_layer,fine_hot,Tier_3_hypothetical_common_skeleton,False,46230,2367,10229,676748,676748,47335,0.05,False,0.011505838062232775,1.0815487778498811,0.05119558928765969,0.7033422475431506,0.010630771966856785,0.0004432970742475883,0.9,"time integral of positive outlet enthalpy flow following the simulated charge end state, with linear within-step interpolation at the registered outlet-grade threshold",True,0.32739974566886315,True,525.0,run-wise frozen at the registered transport-property temperature,,5.868014834363692,,,-673.1203969165072,0.5,6.751278253407882,3.375639126703941,2,binary_monotone_bracket_with_adjacent_verification,DUTY_OR_UNIT_COUNT_LIMIT_EXCEEDED,False,-93.16879208584467,37227.394525082134,20.49362374246601,0.4098724748493202,0.008058581693055998,35276.787842745056,55968.08931063712,-93.16879208584467,1853.2932698189343,0.0019912647918265748,0.0019898896460193785,1.3751458071966597e-06,319.62872994382906,10.868170300718221,308.76055964311087,215,216,0.8569848115564328,0.46289256226560627,0.03156730350740213,0.03164063067590531,1.5,"two-level balanced square-array Darcy-Weisbach friction screen with one trunk and one lateral supply-return pair; uniform module flow is prescribed and fittings, valves, heat exchangers and site-specific manifolds are excluded",80.68449040464856,0.0016136898080929712,"frictional energy for the modeled packed bed plus the registered balanced on-array trunk-and-lateral header screen; fittings, valves, heat exchangers, external piping and pump efficiency excluded",False,"parallel modular packed zones; discrete unit count, bed friction and a geometry-normalized on-array header-friction screen are included. Tank shells, fittings, valves, heat exchangers, site-specific trunk routing, flow maldistribution and balance of plant are excluded. Hydraulic values are screening metrics, not installed-pump specifications.",bounded_severe,25.0,2e-06,5e-07,0.5,128,False,"These are deterministic model-form stress cases. Every nonzero effective surface coefficient is referenced to the explicitly registered 25 C ambient sink and converted for each unit using A/V = 4/D + 2/H. The registered values are engineering stress bounds, not transferred calibration values, measurements or probability distributions."
S50MW_6H,50.0,6.0,300.0,G0134_T1_homogeneous_none__AIP_FLINAK_2017_V10,G0134,T1_homogeneous_none,AIP_FLINAK_2017_V10,FLiNaK (LiF-NaF-KF),homogeneous,none,Tier_3_hypothetical_common_skeleton,False,23804,2435,7212,403744,403744,48697,0.05,False,0.02234560971336839,2.1004873130566293,0.10228847238734301,0.404346219358303,0.0072220306683960815,0.0007430454726573876,0.9,"time integral of positive outlet enthalpy flow following the simulated charge end state, with linear within-step interpolation at the registered outlet-grade threshold",True,0.40000977052250475,True,525.0,run-wise frozen at the registered transport-property temperature,,10.295753238121849,,,-457.4420117650558,0.5,4.639984780983611,2.3199923904918056,2,binary_monotone_bracket_with_adjacent_verification,DUTY_OR_UNIT_COUNT_LIMIT_EXCEEDED,False,-94.10418185628785,46676.94182305513,17.687454431136455,0.3537490886227291,0.006427156284943695,55694.48708643403,55312.24411280685,-94.10418185628785,877.627269877713,0.00018739248112341637,0.00018717867711992662,2.1380400348999452e-07,294.7029990734562,12.25800169868022,282.444997374776,154,155,1.3485914799213816,0.46289256226560627,0.037231933670549215,0.03735262096816429,1.5,"two-level balanced square-array Darcy-Weisbach friction screen with one trunk and one lateral supply-return pair; uniform module flow is prescribed and fittings, valves, heat exchangers and site-specific manifolds are excluded",74.39202442968724,0.0014878404885937447,"frictional energy for the modeled packed bed plus the registered balanced on-array trunk-and-lateral header screen; fittings, valves, heat exchangers, external piping and pump efficiency excluded",False,"parallel modular packed zones; discrete unit count, bed friction and a geometry-normalized on-array header-friction screen are included. Tank shells, fittings, valves, heat exchangers, site-specific trunk routing, flow maldistribution and balance of plant are excluded. Hydraulic values are screening metrics, not installed-pump specifications.",bounded_severe,25.0,2e-06,5e-07,0.5,128,False,"These are deterministic model-form stress cases. Every nonzero effective surface coefficient is referenced to the explicitly registered 25 C ambient sink and converted for each unit using A/V = 4/D + 2/H. The registered values are engineering stress bounds, not transferred calibration values, measurements or probability distributions."
S50MW_6H,50.0,6.0,300.0,G0138_T2_graded_two_layer_fine_hot__AIP_FLINAK_2017_V10,G0138,T2_graded_two_layer_fine_hot,AIP_FLINAK_2017_V10,FLiNaK (LiF-NaF-KF),graded_two_layer,fine_hot,Tier_3_hypothetical_common_skeleton,False,21649,2157,6555,225389,225389,43139,0.05,False,0.024569952127905272,2.309575500023096,0.09963376930621734,0.4972498001920762,0.01445956815416588,0.0013310341900604505,0.9,"time integral of positive outlet enthalpy flow following the simulated charge end state, with linear within-step interpolation at the registered outlet-grade threshold",True,0.4966757319511381,True,525.0,run-wise frozen at the registered transport-property temperature,,11.660939162476541,,,-290.2679000547117,0.5,4.739781217830526,2.369890608915263,2,binary_monotone_bracket_with_adjacent_verification,DUTY_OR_UNIT_COUNT_LIMIT_EXCEEDED,False,-90.39481360646043,38266.00046563726,28.815559180618692,0.5763111836123739,0.007839857741845766,40304.993179304634,52286.37890698271,-90.39481360646043,903.6757687311525,0.0004879030977143986,0.0004874675615533659,4.355361610342013e-07,273.55905180071517,11.721607030738074,261.8374447699771,147,148,1.3503952708070142,0.46289256226560627,0.038143448085846896,0.0382729678068949,1.5,"two-level balanced square-array Darcy-Weisbach friction screen with one trunk and one lateral supply-return pair; uniform module flow is prescribed and fittings, valves, heat exchangers and site-specific manifolds are excluded",69.05472656968449,0.0013810945313936895,"frictional energy for the modeled packed bed plus the registered balanced on-array trunk-and-lateral header screen; fittings, valves, heat exchangers, external piping and pump efficiency excluded",False,"parallel modular packed zones; discrete unit count, bed friction and a geometry-normalized on-array header-friction screen are included. Tank shells, fittings, valves, heat exchangers, site-specific trunk routing, flow maldistribution and balance of plant are excluded. Hydraulic values are screening metrics, not installed-pump specifications.",bounded_severe,25.0,2e-06,5e-07,0.5,128,False,"These are deterministic model-form stress cases. Every nonzero effective surface coefficient is referenced to the explicitly registered 25 C ambient sink and converted for each unit using A/V = 4/D + 2/H. The registered values are engineering stress bounds, not transferred calibration values, measurements or probability distributions."
S50MW_6H,50.0,6.0,300.0,G0161_T1_homogeneous_none__SOLAR_SALT_60_40_V10,G0161,T1_homogeneous_none,SOLAR_SALT_60_40_V10,Solar Salt (NaNO3-KNO3 60:40 wt%),homogeneous,none,Tier_2_unit_pair_partial,False,52668,2792,10920,300000000000000,300000000000000,55831,0.05,False,0.012383004690617786,0.9493430546062125,0.0530036388749097,0.49874508593866096,0.0,0.0,0.9,"time integral of positive outlet enthalpy flow following the simulated charge end state, with linear within-step interpolation at the registered outlet-grade threshold",True,-0.007913173262845375,True,525.0,run-wise frozen at the registered transport-property temperature,,0.001388881168823647,,,-6.452699833088054e+22,0.5,5.1550807967295205,2.5775403983647602,2,binary_monotone_bracket_with_adjacent_verification,DUTY_OR_UNIT_COUNT_LIMIT_EXCEEDED,False,-100.0,65697.50315915255,0.0,0.0,0.004566383584978084,48924.67771059793,103372.47601400982,-100.0,1786.6629182951617,8.481345190675819e-05,8.464687018304855e-05,1.6658172370952157e-07,290.1825474561684,10.098828234970082,280.0837192211983,229,230,1.3876824817744169,0.5614631275365252,0.03702248520369583,0.03710323226843658,1.5,"two-level balanced square-array Darcy-Weisbach friction screen with one trunk and one lateral supply-return pair; uniform module flow is prescribed and fittings, valves, heat exchangers and site-specific manifolds are excluded",107.76929388672039,0.0021553858777344083,"frictional energy for the modeled packed bed plus the registered balanced on-array trunk-and-lateral header screen; fittings, valves, heat exchangers, external piping and pump efficiency excluded",False,"parallel modular packed zones; discrete unit count, bed friction and a geometry-normalized on-array header-friction screen are included. Tank shells, fittings, valves, heat exchangers, site-specific trunk routing, flow maldistribution and balance of plant are excluded. Hydraulic values are screening metrics, not installed-pump specifications.",bounded_severe,25.0,2e-06,5e-07,0.5,128,False,"These are deterministic model-form stress cases. Every nonzero effective surface coefficient is referenced to the explicitly registered 25 C ambient sink and converted for each unit using A/V = 4/D + 2/H. The registered values are engineering stress bounds, not transferred calibration values, measurements or probability distributions."
S50MW_6H,50.0,6.0,300.0,G0161_T1_homogeneous_none__AIP_FLINAK_2017_V10,G0161,T1_homogeneous_none,AIP_FLINAK_2017_V10,FLiNaK (LiF-NaF-KF),homogeneous,none,Tier_3_hypothetical_common_skeleton,False,38449,2792,9377,300000000000000,300000000000000,55831,0.05,False,0.013834297214934621,1.3004239382038545,0.07260515623979151,0.4967435370623866,0.0,0.0,0.9,"time integral of positive outlet enthalpy flow following the simulated charge end state, with linear within-step interpolation at the registered outlet-grade threshold",True,0.24968271086182564,True,525.0,run-wise frozen at the registered transport-property temperature,,6.216641518634104,,,-888.7167405476093,0.5,5.1550807967295205,2.5775403983647602,2,binary_monotone_bracket_with_adjacent_verification,DUTY_OR_UNIT_COUNT_LIMIT_EXCEEDED,False,-100.0,47960.87375571991,0.0,0.0,0.0062550987191767205,42856.58461267138,75464.57678785342,-100.0,1277.3126480126577,0.0004301017449381091,0.0004299284690560954,1.7327588201330434e-07,446.07364122854943,16.03712661596598,430.03651461258346,196,197,1.3876824817744169,0.46289256226560627,0.03304956242544389,0.0331337652687297,1.5,"two-level balanced square-array Darcy-Weisbach friction screen with one trunk and one lateral supply-return pair; uniform module flow is prescribed and fittings, valves, heat exchangers and site-specific manifolds are excluded",112.60262778220368,0.0022520525556440738,"frictional energy for the modeled packed bed plus the registered balanced on-array trunk-and-lateral header screen; fittings, valves, heat exchangers, external piping and pump efficiency excluded",False,"parallel modular packed zones; discrete unit count, bed friction and a geometry-normalized on-array header-friction screen are included. Tank shells, fittings, valves, heat exchangers, site-specific trunk routing, flow maldistribution and balance of plant are excluded. Hydraulic values are screening metrics, not installed-pump specifications.",bounded_severe,25.0,2e-06,5e-07,0.5,128,False,"These are deterministic model-form stress cases. Every nonzero effective surface coefficient is referenced to the explicitly registered 25 C ambient sink and converted for each unit using A/V = 4/D + 2/H. The registered values are engineering stress bounds, not transferred calibration values, measurements or probability distributions."
S50MW_6H,50.0,6.0,300.0,G0170_T1_homogeneous_none__AIP_FLINAK_2017_V10,G0170,T1_homogeneous_none,AIP_FLINAK_2017_V10,FLiNaK (LiF-NaF-KF),homogeneous,none,Tier_3_hypothetical_common_skeleton,False,51376,4049,12468,300000000000000,300000000000000,80961,0.05,False,0.010353373046111438,0.9732170663344752,0.07879340342535764,0.24120688522113554,0.0,0.0,0.9,"time integral of positive outlet enthalpy flow following the simulated charge end state, with linear within-step interpolation at the registered outlet-grade threshold",True,-0.294206034470534,True,525.0,run-wise frozen at the registered transport-property temperature,,0.0013888805214720423,,,-1.5406882806261007e+23,0.5,4.70917082034683,2.354585410173415,2,binary_monotone_bracket_with_adjacent_verification,DUTY_OR_UNIT_COUNT_LIMIT_EXCEEDED,False,-100.0,98319.51254850702,0.0,0.0,0.0030512763155939337,105252.32813065851,132146.88664076893,-100.0,1169.1417765033052,0.00031699606923022084,0.0003168835914128794,1.1247781734148625e-07,534.7863242468095,17.514356802471813,517.2719674443376,226,228,1.3159950224731787,0.46289256226560627,0.030768972036357055,0.03083667062652962,1.5,"two-level balanced square-array Darcy-Weisbach friction screen with one trunk and one lateral supply-return pair; uniform module flow is prescribed and fittings, valves, heat exchangers and site-specific manifolds are excluded",134.99637162765785,0.002699927432553157,"frictional energy for the modeled packed bed plus the registered balanced on-array trunk-and-lateral header screen; fittings, valves, heat exchangers, external piping and pump efficiency excluded",False,"parallel modular packed zones; discrete unit count, bed friction and a geometry-normalized on-array header-friction screen are included. Tank shells, fittings, valves, heat exchangers, site-specific trunk routing, flow maldistribution and balance of plant are excluded. Hydraulic values are screening metrics, not installed-pump specifications.",bounded_severe,25.0,2e-06,5e-07,0.5,128,False,"These are deterministic model-form stress cases. Every nonzero effective surface coefficient is referenced to the explicitly registered 25 C ambient sink and converted for each unit using A/V = 4/D + 2/H. The registered values are engineering stress bounds, not transferred calibration values, measurements or probability distributions."
S50MW_6H,50.0,6.0,300.0,G0174_T1_homogeneous_none__AIP_FLINAK_2017_V10,G0174,T1_homogeneous_none,AIP_FLINAK_2017_V10,FLiNaK (LiF-NaF-KF),homogeneous,none,Tier_3_hypothetical_common_skeleton,False,66841,4004,13331,300000000000000,300000000000000,80060,0.05,False,0.007957913460555964,0.7480438652922607,0.05988904869744738,0.3199417491567666,0.0,0.0,0.9,"time integral of positive outlet enthalpy flow following the simulated charge end state, with linear within-step interpolation at the registered outlet-grade threshold",True,-0.4024033604803572,True,525.0,run-wise frozen at the registered transport-property temperature,,0.0013888806692345071,,,-1.06507667841316e+23,0.5,5.043183985325774,2.521591992662887,2,binary_monotone_bracket_with_adjacent_verification,DUTY_OR_UNIT_COUNT_LIMIT_EXCEEDED,False,-100.0,90582.88803519719,0.0,0.0,0.0033118838061713266,89701.36382643256,131172.6050713749,-100.0,1569.7543570142273,0.00023585079969682806,0.00023579784845306073,5.2951243766676616e-08,687.9004060873285,20.791077825408664,667.1093282619199,258,260,1.3680629559497466,0.46289256226560627,0.02881433594662769,0.028869908488027302,1.5,"two-level balanced square-array Darcy-Weisbach friction screen with one trunk and one lateral supply-return pair; uniform module flow is prescribed and fittings, valves, heat exchangers and site-specific manifolds are excluded",173.64699029534808,0.003472939805906962,"frictional energy for the modeled packed bed plus the registered balanced on-array trunk-and-lateral header screen; fittings, valves, heat exchangers, external piping and pump efficiency excluded",False,"parallel modular packed zones; discrete unit count, bed friction and a geometry-normalized on-array header-friction screen are included. Tank shells, fittings, valves, heat exchangers, site-specific trunk routing, flow maldistribution and balance of plant are excluded. Hydraulic values are screening metrics, not installed-pump specifications.",bounded_severe,25.0,2e-06,5e-07,0.5,128,False,"These are deterministic model-form stress cases. Every nonzero effective surface coefficient is referenced to the explicitly registered 25 C ambient sink and converted for each unit using A/V = 4/D + 2/H. The registered values are engineering stress bounds, not transferred calibration values, measurements or probability distributions."
S50MW_6H,50.0,6.0,300.0,G0175_T1_homogeneous_none__SOLAR_SALT_60_40_V10,G0175,T1_homogeneous_none,SOLAR_SALT_60_40_V10,Solar Salt (NaNO3-KNO3 60:40 wt%),homogeneous,none,Tier_2_unit_pair_partial,False,10809,2230,10809,54061,54061,44581,0.05,False,0.06033750495378458,4.625774817281894,0.20622487645632692,0.7660485013734601,0.15315828209845397,0.0055493068918585145,0.9,"time integral of positive outlet enthalpy flow following the simulated charge end state, with linear within-step interpolation at the registered outlet-grade threshold",True,0.8529692632793879,True,525.0,run-wise frozen at the registered transport-property temperature,,5.670404560567239,,,-26.303114749829902,0.5,6.221522612621201,3.1107613063106005,1,binary_monotone_bracket_with_adjacent_verification,DUTY_OR_UNIT_COUNT_LIMIT_EXCEEDED,False,-80.00584726863377,8890.447663354978,59.98245819409869,1.1996491638819737,0.033744082565892904,6764.0266724428475,13765.771025445949,-80.00584726863377,384.907551980895,0.0012532197926418802,0.001233300453202389,1.991933943949218e-05,59.57649251216841,3.2978539220743137,56.2786385900941,103,105,1.000286700835402,0.5614631275365252,0.05507381377479506,0.05533795828193623,1.5,"two-level balanced square-array Darcy-Weisbach friction screen with one trunk and one lateral supply-return pair; uniform module flow is prescribed and fittings, valves, heat exchangers and site-specific manifolds are excluded",22.126243526974164,0.00044252487053948324,"frictional energy for the modeled packed bed plus the registered balanced on-array trunk-and-lateral header screen; fittings, valves, heat exchangers, external piping and pump efficiency excluded",False,"parallel modular packed zones; discrete unit count, bed friction and a geometry-normalized on-array header-friction screen are included. Tank shells, fittings, valves, heat exchangers, site-specific trunk routing, flow maldistribution and balance of plant are excluded. Hydraulic values are screening metrics, not installed-pump specifications.",bounded_severe,25.0,2e-06,5e-07,0.5,128,False,"These are deterministic model-form stress cases. Every nonzero effective surface coefficient is referenced to the explicitly registered 25 C ambient sink and converted for each unit using A/V = 4/D + 2/H. The registered values are engineering stress bounds, not transferred calibration values, measurements or probability distributions."
S50MW_6H,50.0,6.0,300.0,G0175_T1_homogeneous_none__AIP_FLINAK_2017_V10,G0175,T1_homogeneous_none,AIP_FLINAK_2017_V10,FLiNaK (LiF-NaF-KF),homogeneous,none,Tier_3_hypothetical_common_skeleton,False,39593,2230,9303,795273,795273,44581,0.05,False,0.013434569080822904,1.262849493597353,0.05629996942935463,0.7586174451160519,0.00887337528133089,0.0003772293617314232,0.9,"time integral of positive outlet enthalpy flow following the simulated charge end state, with linear within-step interpolation at the registered outlet-grade threshold",True,0.43654568880542804,True,525.0,run-wise frozen at the registered transport-property temperature,,8.088842369596371,,,-383.90101072285756,0.5,6.221522612621201,3.1107613063106005,2,binary_monotone_bracket_with_adjacent_verification,DUTY_OR_UNIT_COUNT_LIMIT_EXCEEDED,False,-95.02145262698926,32565.40793183585,14.935642119032238,0.29871284238064477,0.009212229142897389,29729.634278328158,50423.5518744085,-95.02145262698926,1676.1998987491513,0.0012492395497756142,0.0012484165563671754,8.229934084381972e-07,329.22514025819123,11.68921741977108,317.53592283842016,198,200,1.000286700835402,0.46289256226560627,0.032816898654790476,0.03289924984739616,1.5,"two-level balanced square-array Darcy-Weisbach friction screen with one trunk and one lateral supply-return pair; uniform module flow is prescribed and fittings, valves, heat exchangers and site-specific manifolds are excluded",83.10672817663786,0.0016621345635327574,"frictional energy for the modeled packed bed plus the registered balanced on-array trunk-and-lateral header screen; fittings, valves, heat exchangers, external piping and pump efficiency excluded",False,"parallel modular packed zones; discrete unit count, bed friction and a geometry-normalized on-array header-friction screen are included. Tank shells, fittings, valves, heat exchangers, site-specific trunk routing, flow maldistribution and balance of plant are excluded. Hydraulic values are screening metrics, not installed-pump specifications.",bounded_severe,25.0,2e-06,5e-07,0.5,128,False,"These are deterministic model-form stress cases. Every nonzero effective surface coefficient is referenced to the explicitly registered 25 C ambient sink and converted for each unit using A/V = 4/D + 2/H. The registered values are engineering stress bounds, not transferred calibration values, measurements or probability distributions."
S50MW_6H,50.0,6.0,300.0,G0184_T1_homogeneous_none__AIP_FLINAK_2017_V10,G0184,T1_homogeneous_none,AIP_FLINAK_2017_V10,FLiNaK (LiF-NaF-KF),homogeneous,none,Tier_3_hypothetical_common_skeleton,False,37397,2542,9346,1102994,1102994,50834,0.05,False,0.014223464278338403,1.33700564216381,0.06796580162601633,0.5705857906141013,0.004834575036644067,0.0002719870565306775,0.9,"time integral of positive outlet enthalpy flow following the simulated charge end state, with linear within-step interpolation at the registered outlet-grade threshold",True,0.3556990383188999,True,525.0,run-wise frozen at the registered transport-property temperature,,7.483310648159229,,,-565.0572623148088,0.5,5.790955388750883,2.8954776943754417,2,binary_monotone_bracket_with_adjacent_verification,DUTY_OR_UNIT_COUNT_LIMIT_EXCEEDED,False,-96.60950001564075,40184.54400493429,10.171499953077747,0.20342999906155496,0.007465556905738754,46321.90709182384,49726.77501407591,-96.60950001564075,1371.3281916433903,0.00040986672535272113,0.0004095272463194113,3.3947903331131553e-07,330.19888865469886,11.962087295378575,318.2368013593203,193,194,1.0509426433509348,0.46289256226560627,0.03325373832231439,0.033339776598906086,1.5,"two-level balanced square-array Darcy-Weisbach friction screen with one trunk and one lateral supply-return pair; uniform module flow is prescribed and fittings, valves, heat exchangers and site-specific manifolds are excluded",83.35231992854811,0.001667046398570962,"frictional energy for the modeled packed bed plus the registered balanced on-array trunk-and-lateral header screen; fittings, valves, heat exchangers, external piping and pump efficiency excluded",False,"parallel modular packed zones; discrete unit count, bed friction and a geometry-normalized on-array header-friction screen are included. Tank shells, fittings, valves, heat exchangers, site-specific trunk routing, flow maldistribution and balance of plant are excluded. Hydraulic values are screening metrics, not installed-pump specifications.",bounded_severe,25.0,2e-06,5e-07,0.5,128,False,"These are deterministic model-form stress cases. Every nonzero effective surface coefficient is referenced to the explicitly registered 25 C ambient sink and converted for each unit using A/V = 4/D + 2/H. The registered values are engineering stress bounds, not transferred calibration values, measurements or probability distributions."
S50MW_6H,50.0,6.0,300.0,G0187_T1_homogeneous_none__AIP_FLINAK_2017_V10,G0187,T1_homogeneous_none,AIP_FLINAK_2017_V10,FLiNaK (LiF-NaF-KF),homogeneous,none,Tier_3_hypothetical_common_skeleton,False,57073,3956,12862,300000000000000,300000000000000,79104,0.05,False,0.009319904221208299,0.8760709967935801,0.06930076883499389,0.2977728323023484,0.0,0.0,0.9,"time integral of positive outlet enthalpy flow following the simulated charge end state, with linear within-step interpolation at the registered outlet-grade threshold",True,-0.24436512204713867,True,525.0,run-wise frozen at the registered transport-property temperature,,0.0013888885385765354,,,-1.1245984407150218e+23,0.5,4.942171398166918,2.471085699083459,2,binary_monotone_bracket_with_adjacent_verification,DUTY_OR_UNIT_COUNT_LIMIT_EXCEEDED,False,-100.0,86364.33459327072,0.0,0.0,0.003473656126835663,81287.21734920026,130556.64809692054,-100.0,1342.9854340880606,0.0002367429192514051,0.00023665524363582246,8.767561558322558e-08,585.0893977257458,18.549705621174322,566.5396921045715,238,240,1.3229517471155576,0.46289256226560627,0.029954619156361897,0.030017220309610036,1.5,"two-level balanced square-array Darcy-Weisbach friction screen with one trunk and one lateral supply-return pair; uniform module flow is prescribed and fittings, valves, heat exchangers and site-specific manifolds are excluded",147.69437311795258,0.0029538874623590513,"frictional energy for the modeled packed bed plus the registered balanced on-array trunk-and-lateral header screen; fittings, valves, heat exchangers, external piping and pump efficiency excluded",False,"parallel modular packed zones; discrete unit count, bed friction and a geometry-normalized on-array header-friction screen are included. Tank shells, fittings, valves, heat exchangers, site-specific trunk routing, flow maldistribution and balance of plant are excluded. Hydraulic values are screening metrics, not installed-pump specifications.",bounded_severe,25.0,2e-06,5e-07,0.5,128,False,"These are deterministic model-form stress cases. Every nonzero effective surface coefficient is referenced to the explicitly registered 25 C ambient sink and converted for each unit using A/V = 4/D + 2/H. The registered values are engineering stress bounds, not transferred calibration values, measurements or probability distributions."
S50MW_6H,50.0,6.0,300.0,G0192_T1_homogeneous_none__AIP_FLINAK_2017_V10,G0192,T1_homogeneous_none,AIP_FLINAK_2017_V10,FLiNaK (LiF-NaF-KF),homogeneous,none,Tier_3_hypothetical_common_skeleton,False,70794,3737,13815,300000000000000,300000000000000,74726,0.05,False,0.00751355896851458,0.7062745430403706,0.0527774119079145,0.44255498079982686,0.0,0.0,0.9,"time integral of positive outlet enthalpy flow following the simulated charge end state, with linear within-step interpolation at the registered outlet-grade threshold",True,-0.19109426229495452,True,525.0,run-wise frozen at the registered transport-property temperature,,0.0013888843053404285,,,-6.334416694287066e+22,0.5,5.668083775780266,2.834041887890133,2,binary_monotone_bracket_with_adjacent_verification,DUTY_OR_UNIT_COUNT_LIMIT_EXCEEDED,False,-100.0,67001.3170569528,0.0,0.0,0.004477523923074414,65072.621065437364,98679.47464517987,-100.0,1794.7499770257587,0.00026176047281133483,0.0002616943740353544,6.609877598013042e-08,650.6325786236372,19.356292712099155,631.276285911538,266,267,1.2359494274863283,0.46289256226560627,0.02837414574494929,0.02842743057262601,1.5,"two-level balanced square-array Darcy-Weisbach friction screen with one trunk and one lateral supply-return pair; uniform module flow is prescribed and fittings, valves, heat exchangers and site-specific manifolds are excluded",164.23946662078575,0.0032847893324157145,"frictional energy for the modeled packed bed plus the registered balanced on-array trunk-and-lateral header screen; fittings, valves, heat exchangers, external piping and pump efficiency excluded",False,"parallel modular packed zones; discrete unit count, bed friction and a geometry-normalized on-array header-friction screen are included. Tank shells, fittings, valves, heat exchangers, site-specific trunk routing, flow maldistribution and balance of plant are excluded. Hydraulic values are screening metrics, not installed-pump specifications.",bounded_severe,25.0,2e-06,5e-07,0.5,128,False,"These are deterministic model-form stress cases. Every nonzero effective surface coefficient is referenced to the explicitly registered 25 C ambient sink and converted for each unit using A/V = 4/D + 2/H. The registered values are engineering stress bounds, not transferred calibration values, measurements or probability distributions."
S50MW_6H,50.0,6.0,300.0,G0197_T1_homogeneous_none__AIP_FLINAK_2017_V10,G0197,T1_homogeneous_none,AIP_FLINAK_2017_V10,FLiNaK (LiF-NaF-KF),homogeneous,none,Tier_3_hypothetical_common_skeleton,False,66800,4205,14626,300000000000000,300000000000000,84083,0.05,False,0.007962797808638043,0.7485029940119761,0.06293675451509735,0.29854590858752483,0.0,0.0,0.9,"time integral of positive outlet enthalpy flow following the simulated charge end state, with linear within-step interpolation at the registered outlet-grade threshold",True,-0.33242809244981397,True,525.0,run-wise frozen at the registered transport-property temperature,,0.0013888826376758456,,,-1.0783699909759098e+23,0.5,5.384352501394019,2.6921762506970097,2,binary_monotone_bracket_with_adjacent_verification,DUTY_OR_UNIT_COUNT_LIMIT_EXCEEDED,False,-100.0,87726.19674228021,0.0,0.0,0.003419731062561989,99857.46567745949,110200.50892790228,-100.0,1488.8966752489894,0.00015350937384596208,0.00015343812722302876,7.124662293320839e-08,571.4041895980058,17.302032635722625,554.1021569622832,258,259,1.1383216147316477,0.46289256226560627,0.028767480300011385,0.02882317731304687,1.5,"two-level balanced square-array Darcy-Weisbach friction screen with one trunk and one lateral supply-return pair; uniform module flow is prescribed and fittings, valves, heat exchangers and site-specific manifolds are excluded",144.23979041905193,0.0028847958083810387,"frictional energy for the modeled packed bed plus the registered balanced on-array trunk-and-lateral header screen; fittings, valves, heat exchangers, external piping and pump efficiency excluded",False,"parallel modular packed zones; discrete unit count, bed friction and a geometry-normalized on-array header-friction screen are included. Tank shells, fittings, valves, heat exchangers, site-specific trunk routing, flow maldistribution and balance of plant are excluded. Hydraulic values are screening metrics, not installed-pump specifications.",bounded_severe,25.0,2e-06,5e-07,0.5,128,False,"These are deterministic model-form stress cases. Every nonzero effective surface coefficient is referenced to the explicitly registered 25 C ambient sink and converted for each unit using A/V = 4/D + 2/H. The registered values are engineering stress bounds, not transferred calibration values, measurements or probability distributions."
S50MW_6H,50.0,6.0,300.0,G0202_T1_homogeneous_none__AIP_FLINAK_2017_V10,G0202,T1_homogeneous_none,AIP_FLINAK_2017_V10,FLiNaK (LiF-NaF-KF),homogeneous,none,Tier_3_hypothetical_common_skeleton,False,20793,2032,6294,155672,155672,40625,0.05,False,0.025581440562546107,2.4046554128793343,0.09769151264103773,0.5184807946129741,0.02096015653588604,0.0019271307649531089,0.9,"time integral of positive outlet enthalpy flow following the simulated charge end state, with linear within-step interpolation at the registered outlet-grade threshold",True,0.515070649258429,True,525.0,run-wise frozen at the registered transport-property temperature,,11.626315745340788,,,-271.3742723739566,0.5,4.849769807259363,2.4248849036296813,2,binary_monotone_bracket_with_adjacent_verification,DUTY_OR_UNIT_COUNT_LIMIT_EXCEEDED,False,-86.64305666811,36655.86969568387,40.07082999566999,0.8014165999133998,0.008184228132918211,39604.305478084294,48795.959080433735,-86.64305666811,923.6303778757597,0.00028061343281937304,0.0002801711340504348,4.422987689375514e-07,249.91258358597517,10.833703558117737,239.07888002785742,144,145,1.2742787844345949,0.46289256226560627,0.0385214717918667,0.038654995491336865,1.5,"two-level balanced square-array Darcy-Weisbach friction screen with one trunk and one lateral supply-return pair; uniform module flow is prescribed and fittings, valves, heat exchangers and site-specific manifolds are excluded",63.08558832282708,0.0012617117664565415,"frictional energy for the modeled packed bed plus the registered balanced on-array trunk-and-lateral header screen; fittings, valves, heat exchangers, external piping and pump efficiency excluded",False,"parallel modular packed zones; discrete unit count, bed friction and a geometry-normalized on-array header-friction screen are included. Tank shells, fittings, valves, heat exchangers, site-specific trunk routing, flow maldistribution and balance of plant are excluded. Hydraulic values are screening metrics, not installed-pump specifications.",bounded_severe,25.0,2e-06,5e-07,0.5,128,False,"These are deterministic model-form stress cases. Every nonzero effective surface coefficient is referenced to the explicitly registered 25 C ambient sink and converted for each unit using A/V = 4/D + 2/H. The registered values are engineering stress bounds, not transferred calibration values, measurements or probability distributions."
S50MW_6H,50.0,6.0,300.0,G0212_T1_homogeneous_none__AIP_FLINAK_2017_V10,G0212,T1_homogeneous_none,AIP_FLINAK_2017_V10,FLiNaK (LiF-NaF-KF),homogeneous,none,Tier_3_hypothetical_common_skeleton,False,44341,2451,10124,300000000000000,300000000000000,49012,0.05,False,0.011996005809905532,1.1276245461311203,0.05526771450755874,0.7206778098506512,0.0,0.0,0.9,"time integral of positive outlet enthalpy flow following the simulated charge end state, with linear within-step interpolation at the registered outlet-grade threshold",True,0.3694527815345128,True,525.0,run-wise frozen at the registered transport-property temperature,,7.40415081494785,,,-492.85838387098113,0.5,6.106190167527984,3.053095083763992,2,binary_monotone_bracket_with_adjacent_verification,DUTY_OR_UNIT_COUNT_LIMIT_EXCEEDED,False,-100.0,34972.11060771636,0.0,0.0,0.008578264073481657,37527.839178303315,46888.11472839663,-100.0,1709.3746211691712,0.0003445248357983485,0.00034432372622902115,2.011095693271746e-07,392.2323868105372,13.452949375159369,378.7794374353779,210,212,1.0867857999298889,0.46289256226560627,0.0319314535591724,0.03200703106976836,1.5,"two-level balanced square-array Darcy-Weisbach friction screen with one trunk and one lateral supply-return pair; uniform module flow is prescribed and fittings, valves, heat exchangers and site-specific manifolds are excluded",99.01144022749348,0.00198022880454987,"frictional energy for the modeled packed bed plus the registered balanced on-array trunk-and-lateral header screen; fittings, valves, heat exchangers, external piping and pump efficiency excluded",False,"parallel modular packed zones; discrete unit count, bed friction and a geometry-normalized on-array header-friction screen are included. Tank shells, fittings, valves, heat exchangers, site-specific trunk routing, flow maldistribution and balance of plant are excluded. Hydraulic values are screening metrics, not installed-pump specifications.",bounded_severe,25.0,2e-06,5e-07,0.5,128,False,"These are deterministic model-form stress cases. Every nonzero effective surface coefficient is referenced to the explicitly registered 25 C ambient sink and converted for each unit using A/V = 4/D + 2/H. The registered values are engineering stress bounds, not transferred calibration values, measurements or probability distributions."
S50MW_6H,50.0,6.0,300.0,G0213_T1_homogeneous_none__AIP_FLINAK_2017_V10,G0213,T1_homogeneous_none,AIP_FLINAK_2017_V10,FLiNaK (LiF-NaF-KF),homogeneous,none,Tier_3_hypothetical_common_skeleton,False,14071,3204,14071,74548,74548,64075,0.05,False,0.03780220976597408,3.5534077180015635,0.22768666959834089,0.6643565334462506,0.1253904137353536,0.004024259597342973,0.9,"time integral of positive outlet enthalpy flow following the simulated charge end state, with linear within-step interpolation at the registered outlet-grade threshold",True,0.841803980418855,True,525.0,run-wise frozen at the registered transport-property temperature,,6.605300215883665,,,-28.224430360286178,0.5,6.503811599195677,3.2519057995978384,1,binary_monotone_bracket_with_adjacent_verification,DUTY_OR_UNIT_COUNT_LIMIT_EXCEEDED,False,-81.12488106859568,8749.265294609946,56.62535679421297,1.1325071358842593,0.03428859337307069,7762.444679222828,13838.80786257947,-81.12488106859568,339.2000646169084,0.0016543961604356997,0.0016515885304390588,2.8076299966370242e-06,157.65436968165312,7.655734660197222,149.9986350214559,118,120,1.0965597628247157,0.46289256226560627,0.04256877981391938,0.0427472660466901,1.5,"two-level balanced square-array Darcy-Weisbach friction screen with one trunk and one lateral supply-return pair; uniform module flow is prescribed and fittings, valves, heat exchangers and site-specific manifolds are excluded",39.79716315703857,0.0007959432631407713,"frictional energy for the modeled packed bed plus the registered balanced on-array trunk-and-lateral header screen; fittings, valves, heat exchangers, external piping and pump efficiency excluded",False,"parallel modular packed zones; discrete unit count, bed friction and a geometry-normalized on-array header-friction screen are included. Tank shells, fittings, valves, heat exchangers, site-specific trunk routing, flow maldistribution and balance of plant are excluded. Hydraulic values are screening metrics, not installed-pump specifications.",bounded_severe,25.0,2e-06,5e-07,0.5,128,False,"These are deterministic model-form stress cases. Every nonzero effective surface coefficient is referenced to the explicitly registered 25 C ambient sink and converted for each unit using A/V = 4/D + 2/H. The registered values are engineering stress bounds, not transferred calibration values, measurements or probability distributions."
S50MW_6H,50.0,6.0,300.0,G0225_T1_homogeneous_none__SOLAR_SALT_60_40_V10,G0225,T1_homogeneous_none,SOLAR_SALT_60_40_V10,Solar Salt (NaNO3-KNO3 60:40 wt%),homogeneous,none,Tier_2_unit_pair_partial,False,13822,1868,13822,79698,79698,37351,0.05,False,0.047184784477315694,3.6174215019534075,0.1351159499015756,0.7960688454495588,0.1380547817563368,0.0037642194501197462,0.9,"time integral of positive outlet enthalpy flow following the simulated charge end state, with linear within-step interpolation at the registered outlet-grade threshold",True,0.8479902102371581,True,525.0,run-wise frozen at the registered transport-property temperature,,5.501074941339307,,,-26.88253824712839,0.5,6.527849710655722,3.263924855327861,1,binary_monotone_bracket_with_adjacent_verification,DUTY_OR_UNIT_COUNT_LIMIT_EXCEEDED,False,-82.65698625348162,8528.260126538627,52.02904123955513,1.0405808247911026,0.035177163401295224,6310.436252771576,13481.934390450448,-82.65698625348162,640.1050732562987,0.00042810597122959585,0.0004228050535462629,5.300917683332702e-06,78.37915032745373,4.044106959946807,74.33504336750693,117,119,1.0829784480790143,0.5614631275365252,0.05187723251925222,0.052096587546345,1.5,"two-level balanced square-array Darcy-Weisbach friction screen with one trunk and one lateral supply-return pair; uniform module flow is prescribed and fittings, valves, heat exchangers and site-specific manifolds are excluded",29.10895030775191,0.0005821790061550382,"frictional energy for the modeled packed bed plus the registered balanced on-array trunk-and-lateral header screen; fittings, valves, heat exchangers, external piping and pump efficiency excluded",False,"parallel modular packed zones; discrete unit count, bed friction and a geometry-normalized on-array header-friction screen are included. Tank shells, fittings, valves, heat exchangers, site-specific trunk routing, flow maldistribution and balance of plant are excluded. Hydraulic values are screening metrics, not installed-pump specifications.",bounded_severe,25.0,2e-06,5e-07,0.5,128,False,"These are deterministic model-form stress cases. Every nonzero effective surface coefficient is referenced to the explicitly registered 25 C ambient sink and converted for each unit using A/V = 4/D + 2/H. The registered values are engineering stress bounds, not transferred calibration values, measurements or probability distributions."
S50MW_6H,50.0,6.0,300.0,G0225_T1_homogeneous_none__AIP_FLINAK_2017_V10,G0225,T1_homogeneous_none,AIP_FLINAK_2017_V10,FLiNaK (LiF-NaF-KF),homogeneous,none,Tier_3_hypothetical_common_skeleton,False,11914,1868,11914,58597,58597,37351,0.05,False,0.044646205608277756,4.19674332717811,0.15675446193885995,0.7906734416993372,0.16075573716439212,0.005119724425569685,0.9,"time integral of positive outlet enthalpy flow following the simulated charge end state, with linear within-step interpolation at the registered outlet-grade threshold",True,0.867952989864106,True,525.0,run-wise frozen at the registered transport-property temperature,,5.798374462101611,,,-20.199234051533395,0.5,6.527849710655722,3.263924855327861,1,binary_monotone_bracket_with_adjacent_verification,DUTY_OR_UNIT_COUNT_LIMIT_EXCEEDED,False,-79.66786773125425,7351.012237561946,60.996396806237236,1.2199279361247448,0.040810706104809684,6526.757144182608,11620.877320780397,-79.66786773125425,537.9403735187053,0.0018227218251008776,0.0018187666578180044,3.955167282869209e-06,136.18469324259422,6.987466677595418,129.1972265649988,109,110,1.0829784480790143,0.46289256226560627,0.04427562023369248,0.04447825570991186,1.5,"two-level balanced square-array Darcy-Weisbach friction screen with one trunk and one lateral supply-return pair; uniform module flow is prescribed and fittings, valves, heat exchangers and site-specific manifolds are excluded",34.37760800659027,0.0006875521601318054,"frictional energy for the modeled packed bed plus the registered balanced on-array trunk-and-lateral header screen; fittings, valves, heat exchangers, external piping and pump efficiency excluded",False,"parallel modular packed zones; discrete unit count, bed friction and a geometry-normalized on-array header-friction screen are included. Tank shells, fittings, valves, heat exchangers, site-specific trunk routing, flow maldistribution and balance of plant are excluded. Hydraulic values are screening metrics, not installed-pump specifications.",bounded_severe,25.0,2e-06,5e-07,0.5,128,False,"These are deterministic model-form stress cases. Every nonzero effective surface coefficient is referenced to the explicitly registered 25 C ambient sink and converted for each unit using A/V = 4/D + 2/H. The registered values are engineering stress bounds, not transferred calibration values, measurements or probability distributions."
