scenario_id,target_thermal_power_MW,storage_duration_h,required_energy_MWh,design_id,base_design_id,topology_id,fluid_model_id,fluid_name,topology,gradient_orientation,pair_evidence_tier,engineering_deployment_eligible,parallel_unit_count,power_limited_unit_count,nominal_energy_limited_unit_count,resolved_energy_limited_unit_count,projected_required_unit_count,maximum_resolvable_unit_count,minimum_resolved_to_nominal_duty_ratio,service_closure_solver_feasible,resolved_unit_mass_flow_kg_s,resolved_unit_thermal_power_kW,resolved_to_nominal_unit_duty_ratio,nominal_high_grade_discharge_fraction,resolved_high_grade_discharge_fraction,resolved_unit_deliverable_energy_MWh,minimum_outlet_grade_fraction,deliverable_energy_definition,cycle_coupled_discharge,charge_final_inventory_fraction,threshold_crossing_interpolation_used,transport_property_temperature_C,transport_property_treatment,resolved_charge_t90_h,resolved_discharge_t90_h,charge_discharge_t90_ratio,charge_discharge_t90_asymmetry_pct,charge_discharge_wall_loss_difference_percentage_point,surface_heat_transfer_coefficient_W_m2K,external_area_to_packed_volume_ratio_m1,wall_loss_W_m3K,service_solver_evaluations,service_count_search_method,service_closure_status,adjacent_lower_count_feasible,service_capacity_closure_error_pct,installed_packed_volume_m3,installed_high_grade_capacity_MWh,resolved_high_grade_duration_h,service_compactness_MWh_m3,salt_inventory_t,solid_inventory_t,capacity_oversize_pct,nominal_power_margin_pct,unit_bed_pressure_drop_kPa,unit_viscous_pressure_drop_kPa,unit_inertial_pressure_drop_kPa,header_pressure_drop_kPa,header_trunk_pressure_drop_kPa,header_lateral_pressure_drop_kPa,header_array_rows,header_array_max_columns,header_module_pitch_m,header_trunk_diameter_m,header_lateral_diameter_min_m,header_lateral_diameter_max_m,header_design_velocity_m_s,header_hydraulic_model,system_pump_power_kW,pump_energy_fraction,pump_energy_definition,service_admissible,model_scope,reference_design_id,linear_scale_factor,scaled_internal_diameter_m,scaled_bed_height_m,scaled_n_cells,scaled_nominal_unit_power_kW,scaled_storage_volume_m3,total_unit_plus_header_pressure_drop_kPa,bed_fraction_of_total_pressure_drop_pct,header_to_bed_pressure_drop_ratio,extrapolative_scale_test,scale_interpretation,within_100_module_ceiling,within_500_module_ceiling,within_1000_module_ceiling,within_5000_module_ceiling,within_25000_module_ceiling
S10MW_8H,10.0,8.0,80.0,G0024_T1_homogeneous_none__SOLAR_SALT_60_40_V10__MODULE_SCALE_1,G0024,T1_homogeneous_none,SOLAR_SALT_60_40_V10,Solar Salt (NaNO3-KNO3 60:40 wt%),homogeneous,none,Tier_2_unit_pair_partial,False,936,440,958,936,936,8795,0.05,True,0.13935642971056786,10.683760683760683,0.46986089892111776,0.9285822479490898,0.9506444567182577,0.08552264065427653,0.9,"time integral of positive outlet enthalpy flow following the simulated charge end state, with linear within-step interpolation at the registered outlet-grade threshold",True,0.999999999988385,True,525.0,run-wise frozen at the registered transport-property temperature,7.578945260750186,7.578945260750186,1.0,0.0,0.0,0.0,4.536043793329511,0.0,12,binary_monotone_bracket_with_adjacent_verification,MINIMAL_INTEGER_COUNT_BINARY_BRACKET,False,0.06148956550353635,1905.0312455320156,80.04919165240283,8.004919165240283,0.04199406187569302,1406.6359224877824,3016.213638952786,0.06148956550353635,112.82894624689428,0.0008370873549463727,0.0008129564406414618,2.4130914304942382e-05,34.51895713692514,3.6262405947906693,30.89271654213447,30,32,1.4030196498438297,0.25109394400626084,0.04569610260147964,0.046427286670413195,1.5,"two-level balanced square-array Darcy-Weisbach friction screen with one trunk and one lateral supply-return pair; uniform module flow is prescribed and fittings, valves, heat exchangers and site-specific manifolds are excluded",2.564022401732844,0.0002564022401732844,"frictional energy for the modeled packed bed plus the registered balanced on-array trunk-and-lateral header screen; fittings, valves, heat exchangers, external piping and pump efficiency excluded",True,"parallel modular packed zones; discrete unit count, bed friction and a geometry-normalized on-array header-friction screen are included. Tank shells, fittings, valves, heat exchangers, site-specific trunk routing, flow maldistribution and balance of plant are excluded. Hydraulic values are screening metrics, not installed-pump specifications.",G0024_T1_homogeneous_none__SOLAR_SALT_60_40_V10,1.0,1.1224157198750637,2.0569744250765924,2048,22.73813528278785,2.0352897922350595,34.51979422428008,0.00242494885545289,41236.98313318395,False,"Extrapolative model-domain sensitivity with diameter and height scaled together and nominal mass flow scaled with cross-sectional area to preserve superficial velocity. Shell stress, manifolds, valves, heat exchangers, installation count, cost and EPC feasibility are not solved.",False,False,True,True,True
S10MW_8H,10.0,8.0,80.0,G0024_T1_homogeneous_none__SOLAR_SALT_60_40_V10__MODULE_SCALE_2,G0024,T1_homogeneous_none,SOLAR_SALT_60_40_V10,Solar Salt (NaNO3-KNO3 60:40 wt%),homogeneous,none,Tier_2_unit_pair_partial,False,117,110,118,117,117,2198,0.05,True,1.1148514376845429,85.47008547008546,0.9397217978422355,0.9493014066286038,0.9507711825482504,0.6842723301219574,0.9,"time integral of positive outlet enthalpy flow following the simulated charge end state, with linear within-step interpolation at the registered outlet-grade threshold",True,0.999999999975831,True,525.0,run-wise frozen at the registered transport-property temperature,7.578750803457439,7.578750803457439,1.0,0.0,0.0,0.0,4.536043793329511,0.0,6,binary_monotone_bracket_with_adjacent_verification,MINIMAL_INTEGER_COUNT_BINARY_BRACKET,False,0.07482828033629207,1905.0312455320156,80.05986262426903,8.005986262426903,0.04199406187569302,1406.6359224877824,3016.213638952786,0.07482828033629207,6.41447312344714,0.0034448730770052617,0.0032518257625656303,0.0001930473144395521,15.19557370011116,2.619088752734706,12.576484947376454,10,12,2.8060392996876593,0.25109394400626084,0.07699094496001462,0.08041441937072094,1.5,"two-level balanced square-array Darcy-Weisbach friction screen with one trunk and one lateral supply-return pair; uniform module flow is prescribed and fittings, valves, heat exchangers and site-specific manifolds are excluded",1.1289355855602805,0.00011289355855602804,"frictional energy for the modeled packed bed plus the registered balanced on-array trunk-and-lateral header screen; fittings, valves, heat exchangers, external piping and pump efficiency excluded",True,"parallel modular packed zones; discrete unit count, bed friction and a geometry-normalized on-array header-friction screen are included. Tank shells, fittings, valves, heat exchangers, site-specific trunk routing, flow maldistribution and balance of plant are excluded. Hydraulic values are screening metrics, not installed-pump specifications.",G0024_T1_homogeneous_none__SOLAR_SALT_60_40_V10,2.0,2.2448314397501274,4.113948850153185,4096,90.9525411311514,16.282318337880476,15.199018573188164,0.02266510209469835,4411.069249994301,True,"Extrapolative model-domain sensitivity with diameter and height scaled together and nominal mass flow scaled with cross-sectional area to preserve superficial velocity. Shell stress, manifolds, valves, heat exchangers, installation count, cost and EPC feasibility are not solved.",False,True,True,True,True
S10MW_8H,10.0,8.0,80.0,G0024_T1_homogeneous_none__SOLAR_SALT_60_40_V10__MODULE_SCALE_4,G0024,T1_homogeneous_none,SOLAR_SALT_60_40_V10,Solar Salt (NaNO3-KNO3 60:40 wt%),homogeneous,none,Tier_2_unit_pair_partial,False,28,28,15,15,15,549,0.05,True,4.658486364610411,357.14285714285717,0.9816736638173353,0.9640525817701457,0.9643667195951166,5.552456569335957,0.9,"time integral of positive outlet enthalpy flow following the simulated charge end state, with linear within-step interpolation at the registered outlet-grade threshold",True,0.9999999999530916,True,525.0,run-wise frozen at the registered transport-property temperature,14.509430095954754,14.509430095954754,1.0,0.0,0.0,0.0,4.536043793329511,0.0,1,binary_monotone_bracket_with_adjacent_verification,MINIMAL_INTEGER_COUNT_BINARY_BRACKET,False,94.33597992675853,3647.239307685227,155.46878394140683,15.546878394140682,0.02193439839042894,2693.0465524552415,5774.63124038824,94.33597992675853,1.8668460668895825,0.007215329955360982,0.006793993111074213,0.00042133684428611576,11.826233609580875,2.9077254174750022,8.918508192105874,5,6,5.612078599375319,0.25109394400626084,0.10610655755672763,0.11623391014607995,1.5,"two-level balanced square-array Darcy-Weisbach friction screen with one trunk and one lateral supply-return pair; uniform module flow is prescribed and fittings, valves, heat exchangers and site-specific manifolds are excluded",0.8789515943693448,8.789515943693448e-05,"frictional energy for the modeled packed bed plus the registered balanced on-array trunk-and-lateral header screen; fittings, valves, heat exchangers, external piping and pump efficiency excluded",True,"parallel modular packed zones; discrete unit count, bed friction and a geometry-normalized on-array header-friction screen are included. Tank shells, fittings, valves, heat exchangers, site-specific trunk routing, flow maldistribution and balance of plant are excluded. Hydraulic values are screening metrics, not installed-pump specifications.",G0024_T1_homogeneous_none__SOLAR_SALT_60_40_V10,4.0,4.489662879500255,8.22789770030637,8192,363.8101645246056,130.2585467030438,11.833448939536236,0.06097402365302095,1639.0426609380486,True,"Extrapolative model-domain sensitivity with diameter and height scaled together and nominal mass flow scaled with cross-sectional area to preserve superficial velocity. Shell stress, manifolds, valves, heat exchangers, installation count, cost and EPC feasibility are not solved.",True,True,True,True,True
S10MW_8H,10.0,8.0,80.0,G0121_T1_homogeneous_none__AIP_FLINAK_2017_V10__MODULE_SCALE_1,G0121,T1_homogeneous_none,AIP_FLINAK_2017_V10,FLiNaK (LiF-NaF-KF),homogeneous,none,Tier_3_hypothetical_common_skeleton,False,793,697,795,793,793,13934,0.05,True,0.13415255828928657,12.610340479192939,0.8786062906438845,0.9757044793619314,0.9779479198295183,0.10093990667102942,0.9,"time integral of positive outlet enthalpy flow following the simulated charge end state, with linear within-step interpolation at the registered outlet-grade threshold",True,0.9999999999999698,True,525.0,run-wise frozen at the registered transport-property temperature,7.366987473821022,7.366987473821022,1.0,0.0,0.0,0.0,4.599494081014933,0.0,10,binary_monotone_bracket_with_adjacent_verification,MINIMAL_INTEGER_COUNT_BINARY_BRACKET,False,0.05668248765791084,1574.8027661938106,80.04534599012634,8.004534599012633,0.050800012368123065,1600.297758900529,2227.538953430111,0.05668248765791084,13.816621921424254,0.005000967646524823,0.004981474176004985,1.949347051989476e-05,58.02446200394203,6.228413990300058,51.796048013641965,28,29,1.3702208113233216,0.20701184710098994,0.03889892706120201,0.03958745709947095,1.5,"two-level balanced square-array Darcy-Weisbach friction screen with one trunk and one lateral supply-return pair; uniform module flow is prescribed and fittings, valves, heat exchangers and site-specific manifolds are excluded",2.9296793691255254,0.0002929679369125525,"frictional energy for the modeled packed bed plus the registered balanced on-array trunk-and-lateral header screen; fittings, valves, heat exchangers, external piping and pump efficiency excluded",True,"parallel modular packed zones; discrete unit count, bed friction and a geometry-normalized on-array header-friction screen are included. Tank shells, fittings, valves, heat exchangers, site-specific trunk routing, flow maldistribution and balance of plant are excluded. Hydraulic values are screening metrics, not installed-pump specifications.",G0121_T1_homogeneous_none__AIP_FLINAK_2017_V10,1.0,1.0961766490586573,2.1042726350280967,2048,14.352663546207346,1.9858799069278823,58.02946297158855,0.00861798023010021,11602.646948588696,False,"Extrapolative model-domain sensitivity with diameter and height scaled together and nominal mass flow scaled with cross-sectional area to preserve superficial velocity. Shell stress, manifolds, valves, heat exchangers, installation count, cost and EPC feasibility are not solved.",False,False,True,True,True
S10MW_8H,10.0,8.0,80.0,G0121_T1_homogeneous_none__AIP_FLINAK_2017_V10__MODULE_SCALE_2,G0121,T1_homogeneous_none,AIP_FLINAK_2017_V10,FLiNaK (LiF-NaF-KF),homogeneous,none,Tier_3_hypothetical_common_skeleton,False,175,175,99,99,99,3483,0.05,True,0.60790273556231,57.142857142857146,0.9953354121151434,0.9828368155279522,0.9828954686868828,0.8116045843744083,0.9,"time integral of positive outlet enthalpy flow following the simulated charge end state, with linear within-step interpolation at the registered outlet-grade threshold",True,0.9999999999999837,True,525.0,run-wise frozen at the registered transport-property temperature,13.0052204035229,13.0052204035229,1.0,0.0,0.0,0.0,4.599494081014933,0.0,1,binary_monotone_bracket_with_adjacent_verification,MINIMAL_INTEGER_COUNT_BINARY_BRACKET,False,77.53850283190182,2780.231869699035,142.03080226552146,14.203080226552146,0.02877457843422971,2825.2419450955117,3932.603448678632,77.53850283190182,0.4686448234514362,0.01133663169201347,0.011286597204491168,5.003448752230896e-05,37.93777799632533,6.036447944740708,31.901330051584615,13,14,2.7404416226466433,0.20701184710098994,0.056421918887818626,0.058551792348425086,1.5,"two-level balanced square-array Darcy-Weisbach friction screen with one trunk and one lateral supply-return pair; uniform module flow is prescribed and fittings, valves, heat exchangers and site-specific manifolds are excluded",1.9159015525736576,0.00019159015525736577,"frictional energy for the modeled packed bed plus the registered balanced on-array trunk-and-lateral header screen; fittings, valves, heat exchangers, external piping and pump efficiency excluded",True,"parallel modular packed zones; discrete unit count, bed friction and a geometry-normalized on-array header-friction screen are included. Tank shells, fittings, valves, heat exchangers, site-specific trunk routing, flow maldistribution and balance of plant are excluded. Hydraulic values are screening metrics, not installed-pump specifications.",G0121_T1_homogeneous_none__AIP_FLINAK_2017_V10,2.0,2.1923532981173146,4.208545270056193,4096,57.41065418482938,15.887039255423058,37.94911462801734,0.029873244219626092,3346.477068938569,True,"Extrapolative model-domain sensitivity with diameter and height scaled together and nominal mass flow scaled with cross-sectional area to preserve superficial velocity. Shell stress, manifolds, valves, heat exchangers, installation count, cost and EPC feasibility are not solved.",False,True,True,True,True
S10MW_8H,10.0,8.0,80.0,G0121_T1_homogeneous_none__AIP_FLINAK_2017_V10__MODULE_SCALE_4,G0121,T1_homogeneous_none,AIP_FLINAK_2017_V10,FLiNaK (LiF-NaF-KF),homogeneous,none,Tier_3_hypothetical_common_skeleton,False,44,44,13,13,13,870,0.05,True,2.4177949709864603,227.27272727272728,0.9896800972735801,0.9878719828090246,0.9879645652671819,6.526322246181824,0.9,"time integral of positive outlet enthalpy flow following the simulated charge end state, with linear within-step interpolation at the registered outlet-grade threshold",True,0.9999999999999906,True,525.0,run-wise frozen at the registered transport-property temperature,26.15940534208883,26.15940534208883,1.0,0.0,0.0,0.0,4.599494081014933,0.0,1,binary_monotone_bracket_with_adjacent_verification,MINIMAL_INTEGER_COUNT_BINARY_BRACKET,False,258.9477235400003,5592.237817908916,287.15817883200026,28.715817883200025,0.014305543255653974,5682.772369563543,7910.150936770734,258.9477235400003,1.0427513652997211,0.022543872680701096,0.022444937622571704,9.893505813341551e-05,29.48323347451137,6.167104132086168,23.3161293424252,6,8,5.4808832452932865,0.20701184710098994,0.08256916300361136,0.0882701481920583,1.5,"two-level balanced square-array Darcy-Weisbach friction screen with one trunk and one lateral supply-return pair; uniform module flow is prescribed and fittings, valves, heat exchangers and site-specific manifolds are excluded",1.4896306589361759,0.00014896306589361758,"frictional energy for the modeled packed bed plus the registered balanced on-array trunk-and-lateral header screen; fittings, valves, heat exchangers, external piping and pump efficiency excluded",True,"parallel modular packed zones; discrete unit count, bed friction and a geometry-normalized on-array header-friction screen are included. Tank shells, fittings, valves, heat exchangers, site-specific trunk routing, flow maldistribution and balance of plant are excluded. Hydraulic values are screening metrics, not installed-pump specifications.",G0121_T1_homogeneous_none__AIP_FLINAK_2017_V10,4.0,4.384706596234629,8.417090540112387,8192,229.64261673931753,127.09631404338447,29.50577734719207,0.07640494407393233,1307.8158261491062,True,"Extrapolative model-domain sensitivity with diameter and height scaled together and nominal mass flow scaled with cross-sectional area to preserve superficial velocity. Shell stress, manifolds, valves, heat exchangers, installation count, cost and EPC feasibility are not solved.",True,True,True,True,True
S10MW_8H,10.0,8.0,80.0,G0161_T1_homogeneous_none__SOLAR_SALT_60_40_V10__MODULE_SCALE_1,G0161,T1_homogeneous_none,SOLAR_SALT_60_40_V10,Solar Salt (NaNO3-KNO3 60:40 wt%),homogeneous,none,Tier_2_unit_pair_partial,False,1506,559,1545,1506,1506,11166,0.05,True,0.08661196428226528,6.6401062416998675,0.37072983429797396,0.9403330350789846,0.9646437542687526,0.05313621111953242,0.9,"time integral of positive outlet enthalpy flow following the simulated charge end state, with linear within-step interpolation at the registered outlet-grade threshold",True,0.9999999999896492,True,525.0,run-wise frozen at the registered transport-property temperature,7.466410740436332,7.466410740436332,1.0,0.0,0.0,0.0,5.1550807967295205,0.0,13,binary_monotone_bracket_with_adjacent_verification,MINIMAL_INTEGER_COUNT_BINARY_BRACKET,False,0.028917432519781627,1878.5683860728286,80.02313394601583,8.002313394601583,0.04258562030166015,1398.962645860114,2955.854577297387,0.028917432519781627,169.7382048827099,0.0006002054590130535,0.0005920559573440636,8.149501668988638e-06,48.85053637815798,4.502046899341439,44.34848947881654,38,40,1.3876824817744169,0.25109394400626084,0.04040694866764357,0.040921707619451554,1.5,"two-level balanced square-array Darcy-Weisbach friction screen with one trunk and one lateral supply-return pair; uniform module flow is prescribed and fittings, valves, heat exchangers and site-specific manifolds are excluded",3.628509710593939,0.00036285097105939393,"frictional energy for the modeled packed bed plus the registered balanced on-array trunk-and-lateral header screen; fittings, valves, heat exchangers, external piping and pump efficiency excluded",True,"parallel modular packed zones; discrete unit count, bed friction and a geometry-normalized on-array header-friction screen are included. Tank shells, fittings, valves, heat exchangers, site-specific trunk routing, flow maldistribution and balance of plant are excluded. Hydraulic values are screening metrics, not installed-pump specifications.",G0161_T1_homogeneous_none__SOLAR_SALT_60_40_V10,1.0,1.1101459854195335,1.2887004219486196,2048,17.910903378665996,1.2473893665822235,48.851136583617,0.0012286417491754774,81389.69022122066,False,"Extrapolative model-domain sensitivity with diameter and height scaled together and nominal mass flow scaled with cross-sectional area to preserve superficial velocity. Shell stress, manifolds, valves, heat exchangers, installation count, cost and EPC feasibility are not solved.",False,False,False,True,True
S10MW_8H,10.0,8.0,80.0,G0161_T1_homogeneous_none__SOLAR_SALT_60_40_V10__MODULE_SCALE_2,G0161,T1_homogeneous_none,SOLAR_SALT_60_40_V10,Solar Salt (NaNO3-KNO3 60:40 wt%),homogeneous,none,Tier_2_unit_pair_partial,False,189,140,190,189,189,2791,0.05,True,0.6901461280904313,52.91005291005291,0.7385173683237418,0.9576768616135315,0.963636662797735,0.42464589382642937,0.9,"time integral of positive outlet enthalpy flow following the simulated charge end state, with linear within-step interpolation at the registered outlet-grade threshold",True,0.9999999999768963,True,525.0,run-wise frozen at the registered transport-property temperature,7.4958287908945636,7.4958287908945636,1.0,0.0,0.0,0.0,5.1550807967295205,0.0,9,binary_monotone_bracket_with_adjacent_verification,MINIMAL_INTEGER_COUNT_BINARY_BRACKET,False,0.32259241649392756,1886.052722272322,80.25807393319515,8.025807393319514,0.042416629744907536,1404.5362022181223,2967.6308903543486,0.32259241649392756,35.40642954271493,0.0024235057270863393,0.0023588261157674877,6.467961131871747e-05,21.06988642145608,3.2579847349971676,17.81190168645891,13,15,2.7753649635488338,0.25109394400626084,0.0683391155909233,0.07073770503781843,1.5,"two-level balanced square-array Darcy-Weisbach friction screen with one trunk and one lateral supply-return pair; uniform module flow is prescribed and fittings, valves, heat exchangers and site-specific manifolds are excluded",1.5651853066827437,0.00015651853066827437,"frictional energy for the modeled packed bed plus the registered balanced on-array trunk-and-lateral header screen; fittings, valves, heat exchangers, external piping and pump efficiency excluded",True,"parallel modular packed zones; discrete unit count, bed friction and a geometry-normalized on-array header-friction screen are included. Tank shells, fittings, valves, heat exchangers, site-specific trunk routing, flow maldistribution and balance of plant are excluded. Hydraulic values are screening metrics, not installed-pump specifications.",G0161_T1_homogeneous_none__SOLAR_SALT_60_40_V10,2.0,2.220291970839067,2.577400843897239,4096,71.64361351466398,9.979114932657788,21.072309927183166,0.011500902062758816,8693.970138369492,True,"Extrapolative model-domain sensitivity with diameter and height scaled together and nominal mass flow scaled with cross-sectional area to preserve superficial velocity. Shell stress, manifolds, valves, heat exchangers, installation count, cost and EPC feasibility are not solved.",False,True,True,True,True
S10MW_8H,10.0,8.0,80.0,G0161_T1_homogeneous_none__SOLAR_SALT_60_40_V10__MODULE_SCALE_4,G0161,T1_homogeneous_none,SOLAR_SALT_60_40_V10,Solar Salt (NaNO3-KNO3 60:40 wt%),homogeneous,none,Tier_2_unit_pair_partial,False,35,35,24,24,24,697,0.05,True,3.726789091688329,285.7142857142857,0.9969984472370513,0.9700077946522139,0.9700521609237786,3.4197840977762803,0.9,"time integral of positive outlet enthalpy flow following the simulated charge end state, with linear within-step interpolation at the registered outlet-grade threshold",True,0.9999999999521918,True,525.0,run-wise frozen at the registered transport-property temperature,11.104931542059932,11.104931542059932,1.0,0.0,0.0,0.0,5.1550807967295205,0.0,1,binary_monotone_bracket_with_adjacent_verification,MINIMAL_INTEGER_COUNT_BINARY_BRACKET,False,49.61555427771229,2794.1521811441808,119.69244342216983,11.969244342216983,0.028631225077812586,2080.794373656477,4396.490207932369,49.61555427771229,0.3010589205295844,0.006604587695829304,0.006368830512573818,0.00023575718325673448,13.418917495954274,3.006699190269767,10.412218305684508,5,7,5.5507299270976675,0.25109394400626084,0.11229262550730504,0.11229262550730504,1.5,"two-level balanced square-array Darcy-Weisbach friction screen with one trunk and one lateral supply-return pair; uniform module flow is prescribed and fittings, valves, heat exchangers and site-specific manifolds are excluded",0.9972058104919302,9.972058104919301e-05,"frictional energy for the modeled packed bed plus the registered balanced on-array trunk-and-lateral header screen; fittings, valves, heat exchangers, external piping and pump efficiency excluded",True,"parallel modular packed zones; discrete unit count, bed friction and a geometry-normalized on-array header-friction screen are included. Tank shells, fittings, valves, heat exchangers, site-specific trunk routing, flow maldistribution and balance of plant are excluded. Hydraulic values are screening metrics, not installed-pump specifications.",G0161_T1_homogeneous_none__SOLAR_SALT_60_40_V10,4.0,4.440583941678134,5.154801687794478,8192,286.57445405865593,79.8329194612623,13.425522083650103,0.049194270842342264,2031.7570322259653,True,"Extrapolative model-domain sensitivity with diameter and height scaled together and nominal mass flow scaled with cross-sectional area to preserve superficial velocity. Shell stress, manifolds, valves, heat exchangers, installation count, cost and EPC feasibility are not solved.",True,True,True,True,True
S10MW_8H,10.0,8.0,80.0,G0024_T1_homogeneous_none__AIP_FLINAK_2017_V10__MODULE_SCALE_1,G0024,T1_homogeneous_none,AIP_FLINAK_2017_V10,FLiNaK (LiF-NaF-KF),homogeneous,none,Tier_3_hypothetical_common_skeleton,False,795,440,808,795,795,8795,0.05,True,0.13381506757660913,12.578616352201259,0.5531947187297689,0.9429714783221642,0.9582656456408986,0.10066039352032578,0.9,"time integral of positive outlet enthalpy flow following the simulated charge end state, with linear within-step interpolation at the registered outlet-grade threshold",True,0.9999999999870753,True,525.0,run-wise frozen at the registered transport-property temperature,7.516521522917912,7.516521522917912,1.0,0.0,0.0,0.0,4.536043793329511,0.0,12,binary_monotone_bracket_with_adjacent_verification,MINIMAL_INTEGER_COUNT_BINARY_BRACKET,False,0.031266060823753605,1618.0553848268723,80.025012848659,8.0025012848659,0.04944206530270272,1433.5879645192274,2561.848122828488,0.031266060823753605,80.76817549816344,0.003567489966664395,0.0035489470337044856,1.8542932959810237e-05,59.49547260189064,6.373735391876612,53.121737210014025,28,29,1.4030196498438297,0.20701184710098994,0.03884996678118072,0.039537630198542006,1.5,"two-level balanced square-array Darcy-Weisbach friction screen with one trunk and one lateral supply-return pair; uniform module flow is prescribed and fittings, valves, heat exchangers and site-specific manifolds are excluded",3.003872538424683,0.00030038725384246825,"frictional energy for the modeled packed bed plus the registered balanced on-array trunk-and-lateral header screen; fittings, valves, heat exchangers, external piping and pump efficiency excluded",True,"parallel modular packed zones; discrete unit count, bed friction and a geometry-normalized on-array header-friction screen are included. Tank shells, fittings, valves, heat exchangers, site-specific trunk routing, flow maldistribution and balance of plant are excluded. Hydraulic values are screening metrics, not installed-pump specifications.",G0024_T1_homogeneous_none__AIP_FLINAK_2017_V10,1.0,1.1224157198750637,2.0569744250765924,2048,22.73813528278785,2.0352897922350595,59.4990400918573,0.0059958781875417535,16677.124016558606,False,"Extrapolative model-domain sensitivity with diameter and height scaled together and nominal mass flow scaled with cross-sectional area to preserve superficial velocity. Shell stress, manifolds, valves, heat exchangers, installation count, cost and EPC feasibility are not solved.",False,False,True,True,True
S10MW_8H,10.0,8.0,80.0,G0024_T1_homogeneous_none__AIP_FLINAK_2017_V10__MODULE_SCALE_2,G0024,T1_homogeneous_none,AIP_FLINAK_2017_V10,FLiNaK (LiF-NaF-KF),homogeneous,none,Tier_3_hypothetical_common_skeleton,False,110,110,100,100,100,2198,0.05,True,0.9671179883945841,90.9090909090909,0.9995222758867414,0.9595283746758967,0.959539920668543,0.8063539913161247,0.9,"time integral of positive outlet enthalpy flow following the simulated charge end state, with linear within-step interpolation at the registered outlet-grade threshold",True,0.9999999999724493,True,525.0,run-wise frozen at the registered transport-property temperature,8.319905793547218,8.319905793547218,1.0,0.0,0.0,0.0,4.536043793329511,0.0,1,binary_monotone_bracket_with_adjacent_verification,MINIMAL_INTEGER_COUNT_BINARY_BRACKET,False,10.873673805967154,1791.0550171668524,88.69893904477372,8.869893904477372,0.04466641126778257,1586.8646651282013,2835.7564126906536,10.873673805967154,0.047795244266546355,0.01294567427266309,0.01282460405361554,0.00012107021904880608,27.900183800469815,5.021524297864397,22.87865950260542,10,11,2.8060392996876593,0.20701184710098994,0.06546289394776528,0.06546289394776528,1.5,"two-level balanced square-array Darcy-Weisbach friction screen with one trunk and one lateral supply-return pair; uniform module flow is prescribed and fittings, valves, heat exchangers and site-specific manifolds are excluded",1.4092241313679008,0.00014092241313679005,"frictional energy for the modeled packed bed plus the registered balanced on-array trunk-and-lateral header screen; fittings, valves, heat exchangers, external piping and pump efficiency excluded",True,"parallel modular packed zones; discrete unit count, bed friction and a geometry-normalized on-array header-friction screen are included. Tank shells, fittings, valves, heat exchangers, site-specific trunk routing, flow maldistribution and balance of plant are excluded. Hydraulic values are screening metrics, not installed-pump specifications.",G0024_T1_homogeneous_none__AIP_FLINAK_2017_V10,2.0,2.2448314397501274,4.113948850153185,4096,90.9525411311514,16.282318337880476,27.91312947474248,0.04637844095688781,2155.174246843644,True,"Extrapolative model-domain sensitivity with diameter and height scaled together and nominal mass flow scaled with cross-sectional area to preserve superficial velocity. Shell stress, manifolds, valves, heat exchangers, installation count, cost and EPC feasibility are not solved.",False,True,True,True,True
S10MW_8H,10.0,8.0,80.0,G0024_T1_homogeneous_none__AIP_FLINAK_2017_V10__MODULE_SCALE_4,G0024,T1_homogeneous_none,AIP_FLINAK_2017_V10,FLiNaK (LiF-NaF-KF),homogeneous,none,Tier_3_hypothetical_common_skeleton,False,28,28,13,13,13,549,0.05,True,3.7993920972644375,357.14285714285717,0.9816736638173353,0.9713115428016337,0.9715812631421128,6.531783931422113,0.9,"time integral of positive outlet enthalpy flow following the simulated charge end state, with linear within-step interpolation at the registered outlet-grade threshold",True,0.9999999999448006,True,525.0,run-wise frozen at the registered transport-property temperature,16.941890127581434,16.941890127581434,1.0,0.0,0.0,0.0,4.536043793329511,0.0,1,binary_monotone_bracket_with_adjacent_verification,MINIMAL_INTEGER_COUNT_BINARY_BRACKET,False,128.61243759977393,3647.239307685227,182.88995007981913,18.288995007981914,0.02193439839042894,3231.433499897428,5774.63124038824,128.61243759977393,1.8668460668895825,0.02542475631234351,0.025191186533889322,0.0002335697784583203,22.47208010468642,5.448415832650226,17.023664272036193,5,6,5.612078599375319,0.20701184710098994,0.08747847167830539,0.09582786446856933,1.5,"two-level balanced square-array Darcy-Weisbach friction screen with one trunk and one lateral supply-return pair; uniform module flow is prescribed and fittings, valves, heat exchangers and site-specific manifolds are excluded",1.1358105430053576,0.00011358105430053577,"frictional energy for the modeled packed bed plus the registered balanced on-array trunk-and-lateral header screen; fittings, valves, heat exchangers, external piping and pump efficiency excluded",True,"parallel modular packed zones; discrete unit count, bed friction and a geometry-normalized on-array header-friction screen are included. Tank shells, fittings, valves, heat exchangers, site-specific trunk routing, flow maldistribution and balance of plant are excluded. Hydraulic values are screening metrics, not installed-pump specifications.",G0024_T1_homogeneous_none__AIP_FLINAK_2017_V10,4.0,4.489662879500255,8.22789770030637,8192,363.8101645246056,130.2585467030438,22.497504860998763,0.11301144935596558,883.8660960449957,True,"Extrapolative model-domain sensitivity with diameter and height scaled together and nominal mass flow scaled with cross-sectional area to preserve superficial velocity. Shell stress, manifolds, valves, heat exchangers, installation count, cost and EPC feasibility are not solved.",True,True,True,True,True
S10MW_8H,10.0,8.0,80.0,G0045_T1_homogeneous_none__AIP_FLINAK_2017_V10__MODULE_SCALE_1,G0045,T1_homogeneous_none,AIP_FLINAK_2017_V10,FLiNaK (LiF-NaF-KF),homogeneous,none,Tier_3_hypothetical_common_skeleton,False,1470,592,1500,1470,1470,11821,0.05,True,0.07236937328122738,6.802721088435374,0.4020971812977028,0.954100447484898,0.9732915407252434,0.054429476198491776,0.9,"time integral of positive outlet enthalpy flow following the simulated charge end state, with linear within-step interpolation at the registered outlet-grade threshold",True,0.9999999999999413,True,525.0,run-wise frozen at the registered transport-property temperature,7.3993043643454595,7.3993043643454595,1.0,0.0,0.0,0.0,5.592599324722605,0.0,13,binary_monotone_bracket_with_adjacent_verification,MINIMAL_INTEGER_COUNT_BINARY_BRACKET,False,0.01416251472865504,1590.824769690164,80.01133001178292,8.001133001178292,0.05028837966583909,1446.0358397679063,2471.315130750143,0.01416251472865504,148.69609798622906,0.004324629525122299,0.004311560411324549,1.3069113797656316e-05,77.35945512402239,6.976918919637376,70.38253620438502,38,39,1.1403680906306226,0.20701184710098994,0.03328344958498651,0.03371854582413271,1.5,"two-level balanced square-array Darcy-Weisbach friction screen with one trunk and one lateral supply-return pair; uniform module flow is prescribed and fittings, valves, heat exchangers and site-specific manifolds are excluded",3.9057929860992924,0.0003905792986099292,"frictional energy for the modeled packed bed plus the registered balanced on-array trunk-and-lateral header screen; fittings, valves, heat exchangers, external piping and pump efficiency excluded",True,"parallel modular packed zones; discrete unit count, bed friction and a geometry-normalized on-array header-friction screen are included. Tank shells, fittings, valves, heat exchangers, site-specific trunk routing, flow maldistribution and balance of plant are excluded. Hydraulic values are screening metrics, not installed-pump specifications.",G0045_T1_homogeneous_none__AIP_FLINAK_2017_V10,1.0,0.9122944725044981,1.6555604439129814,2048,16.918101903825107,1.0821937208776626,77.36377975354752,0.0055899925506470525,17888.11149594015,False,"Extrapolative model-domain sensitivity with diameter and height scaled together and nominal mass flow scaled with cross-sectional area to preserve superficial velocity. Shell stress, manifolds, valves, heat exchangers, installation count, cost and EPC feasibility are not solved.",False,False,False,True,True
S10MW_8H,10.0,8.0,80.0,G0045_T1_homogeneous_none__AIP_FLINAK_2017_V10__MODULE_SCALE_2,G0045,T1_homogeneous_none,AIP_FLINAK_2017_V10,FLiNaK (LiF-NaF-KF),homogeneous,none,Tier_3_hypothetical_common_skeleton,False,185,148,185,185,185,2955,0.05,True,0.5750431282346176,54.054054054054056,0.7987606169021934,0.9674565463709027,0.9712289146122522,0.43451302208408077,0.9,"time integral of positive outlet enthalpy flow following the simulated charge end state, with linear within-step interpolation at the registered outlet-grade threshold",True,0.9999999999845518,True,525.0,run-wise frozen at the registered transport-property temperature,7.44897536119503,7.44897536119503,1.0,0.0,0.0,0.0,5.592599324722605,0.0,8,binary_monotone_bracket_with_adjacent_verification,MINIMAL_INTEGER_COUNT_BINARY_BRACKET,False,0.48113635694366774,1601.6467068989407,80.38490908555494,8.038490908555493,0.04994859331674558,1455.872818269729,2488.126798306266,0.48113635694366774,25.1939540883058,0.017232857791980652,0.01712971298553228,0.00010314480644761687,33.085621759764635,5.053052653624776,28.032569106139853,13,15,2.280736181261245,0.20701184710098994,0.056947328331718,0.05894608496741951,1.5,"two-level balanced square-array Darcy-Weisbach friction screen with one trunk and one lateral supply-return pair; uniform module flow is prescribed and fittings, valves, heat exchangers and site-specific manifolds are excluded",1.6712329438530111,0.00016712329438530114,"frictional energy for the modeled packed bed plus the registered balanced on-array trunk-and-lateral header screen; fittings, valves, heat exchangers, external piping and pump efficiency excluded",True,"parallel modular packed zones; discrete unit count, bed friction and a geometry-normalized on-array header-friction screen are included. Tank shells, fittings, valves, heat exchangers, site-specific trunk routing, flow maldistribution and balance of plant are excluded. Hydraulic values are screening metrics, not installed-pump specifications.",G0045_T1_homogeneous_none__AIP_FLINAK_2017_V10,2.0,1.8245889450089963,3.311120887825963,4096,67.67240761530043,8.657549767021301,33.102854617556616,0.052058524834413936,1919.9149763285984,True,"Extrapolative model-domain sensitivity with diameter and height scaled together and nominal mass flow scaled with cross-sectional area to preserve superficial velocity. Shell stress, manifolds, valves, heat exchangers, installation count, cost and EPC feasibility are not solved.",False,True,True,True,True
S10MW_8H,10.0,8.0,80.0,G0045_T1_homogeneous_none__AIP_FLINAK_2017_V10__MODULE_SCALE_4,G0045,T1_homogeneous_none,AIP_FLINAK_2017_V10,FLiNaK (LiF-NaF-KF),homogeneous,none,Tier_3_hypothetical_common_skeleton,False,37,37,23,23,23,738,0.05,True,2.875215641173088,270.27027027027026,0.9984507711277417,0.9769448457795471,0.9769641047230999,3.4966308702238655,0.9,"time integral of positive outlet enthalpy flow following the simulated charge end state, with linear within-step interpolation at the registered outlet-grade threshold",True,0.9999999999674214,True,525.0,run-wise frozen at the registered transport-property temperature,11.91836057792105,11.91836057792105,1.0,0.0,0.0,0.0,5.592599324722605,0.0,1,binary_monotone_bracket_with_adjacent_verification,MINIMAL_INTEGER_COUNT_BINARY_BRACKET,False,61.719177747853806,2562.6347310383053,129.37534219828305,12.937534219828304,0.031217870822965985,2329.396509231566,3981.002877290026,61.719177747853806,0.15516327064462043,0.04314660998398141,0.04282428246383124,0.0003223275201488066,22.1109017873944,5.170546336782125,16.940355450612273,6,7,4.56147236252249,0.20701184710098994,0.0833623528097215,0.09004163209483282,1.5,"two-level balanced square-array Darcy-Weisbach friction screen with one trunk and one lateral supply-return pair; uniform module flow is prescribed and fittings, valves, heat exchangers and site-specific manifolds are excluded",1.1184707768911324,0.00011184707768911324,"frictional energy for the modeled packed bed plus the registered balanced on-array trunk-and-lateral header screen; fittings, valves, heat exchangers, external piping and pump efficiency excluded",True,"parallel modular packed zones; discrete unit count, bed friction and a geometry-normalized on-array header-friction screen are included. Tank shells, fittings, valves, heat exchangers, site-specific trunk routing, flow maldistribution and balance of plant are excluded. Hydraulic values are screening metrics, not installed-pump specifications.",G0045_T1_homogeneous_none__AIP_FLINAK_2017_V10,4.0,3.6491778900179925,6.622241775651926,8192,270.6896304612017,69.26039813617041,22.154048397378382,0.19475722545179236,512.4597690433451,True,"Extrapolative model-domain sensitivity with diameter and height scaled together and nominal mass flow scaled with cross-sectional area to preserve superficial velocity. Shell stress, manifolds, valves, heat exchangers, installation count, cost and EPC feasibility are not solved.",True,True,True,True,True
S10MW_8H,10.0,8.0,80.0,G0212_T1_homogeneous_none__AIP_FLINAK_2017_V10__MODULE_SCALE_1,G0212,T1_homogeneous_none,AIP_FLINAK_2017_V10,FLiNaK (LiF-NaF-KF),homogeneous,none,Tier_3_hypothetical_common_skeleton,False,1990,491,2051,1990,1990,9802,0.05,True,0.053458783278092586,5.025125628140704,0.24629404311353387,0.9486996177673707,0.9781813327541381,0.04022119495803803,0.9,"time integral of positive outlet enthalpy flow following the simulated charge end state, with linear within-step interpolation at the registered outlet-grade threshold",True,0.9999999999999416,True,525.0,run-wise frozen at the registered transport-property temperature,7.3649100208443485,7.3649100208443485,1.0,0.0,0.0,0.0,6.106190167527984,0.0,14,binary_monotone_bracket_with_adjacent_verification,MINIMAL_INTEGER_COUNT_BINARY_BRACKET,False,0.05022245811958648,1569.5293319806847,80.04017796649568,8.004017796649567,0.05097069444318261,1684.229042304495,2104.313125764175,0.05022245811958648,306.0187519594338,0.0015384319278540426,0.0015344380245951186,3.993903258964159e-06,93.61182872567662,7.6658664685326725,85.94596225714396,44,46,1.0867857999298889,0.20701184710098994,0.03112969883651208,0.031473683851747675,1.5,"two-level balanced square-array Darcy-Weisbach friction screen with one trunk and one lateral supply-return pair; uniform module flow is prescribed and fittings, valves, heat exchangers and site-specific manifolds are excluded",4.726170748302189,0.00047261707483021894,"frictional energy for the modeled packed bed plus the registered balanced on-array trunk-and-lateral header screen; fittings, valves, heat exchangers, external piping and pump efficiency excluded",True,"parallel modular packed zones; discrete unit count, bed friction and a geometry-normalized on-array header-friction screen are included. Tank shells, fittings, valves, heat exchangers, site-specific trunk routing, flow maldistribution and balance of plant are excluded. Hydraulic values are screening metrics, not installed-pump specifications.",G0212_T1_homogeneous_none__AIP_FLINAK_2017_V10,1.0,0.8694286399439112,1.3284909313374968,2048,20.40295235977054,0.7887082070254697,93.61336715760447,0.0016433891596527958,60848.85982329792,False,"Extrapolative model-domain sensitivity with diameter and height scaled together and nominal mass flow scaled with cross-sectional area to preserve superficial velocity. Shell stress, manifolds, valves, heat exchangers, installation count, cost and EPC feasibility are not solved.",False,False,False,True,True
S10MW_8H,10.0,8.0,80.0,G0212_T1_homogeneous_none__AIP_FLINAK_2017_V10__MODULE_SCALE_2,G0212,T1_homogeneous_none,AIP_FLINAK_2017_V10,FLiNaK (LiF-NaF-KF),homogeneous,none,Tier_3_hypothetical_common_skeleton,False,250,123,253,250,250,2450,0.05,True,0.425531914893617,40.0,0.4901251457959324,0.963581309581047,0.9754384077100033,0.32086728341542264,0.9,"time integral of positive outlet enthalpy flow following the simulated charge end state, with linear within-step interpolation at the registered outlet-grade threshold",True,0.9999999999999181,True,525.0,run-wise frozen at the registered transport-property temperature,7.401434056119904,7.401434056119904,1.0,0.0,0.0,0.0,6.106190167527984,0.0,10,binary_monotone_bracket_with_adjacent_verification,MINIMAL_INTEGER_COUNT_BINARY_BRACKET,False,0.2710260673195686,1577.4164140509395,80.21682085385565,8.021682085385565,0.050715840970966694,1692.692504828638,2114.8875635820855,0.2710260673195686,104.02952359770543,0.006138695850480063,0.00610706333788795,3.163251259164563e-05,39.00662125375859,5.496306480543544,33.51031477321504,15,17,2.1735715998597778,0.20701184710098994,0.05237031515821222,0.05398208526104866,1.5,"two-level balanced square-array Darcy-Weisbach friction screen with one trunk and one lateral supply-return pair; uniform module flow is prescribed and fittings, valves, heat exchangers and site-specific manifolds are excluded",1.9696008217924654,0.00019696008217924655,"frictional energy for the modeled packed bed plus the registered balanced on-array trunk-and-lateral header screen; fittings, valves, heat exchangers, external piping and pump efficiency excluded",True,"parallel modular packed zones; discrete unit count, bed friction and a geometry-normalized on-array header-friction screen are included. Tank shells, fittings, valves, heat exchangers, site-specific trunk routing, flow maldistribution and balance of plant are excluded. Hydraulic values are screening metrics, not installed-pump specifications.",G0212_T1_homogeneous_none__AIP_FLINAK_2017_V10,2.0,1.7388572798878223,2.6569818626749937,4096,81.61180943908217,6.309665656203758,39.01275994960907,0.015735097589632534,6354.21956126205,True,"Extrapolative model-domain sensitivity with diameter and height scaled together and nominal mass flow scaled with cross-sectional area to preserve superficial velocity. Shell stress, manifolds, valves, heat exchangers, installation count, cost and EPC feasibility are not solved.",False,True,True,True,True
S10MW_8H,10.0,8.0,80.0,G0212_T1_homogeneous_none__AIP_FLINAK_2017_V10__MODULE_SCALE_4,G0212,T1_homogeneous_none,AIP_FLINAK_2017_V10,FLiNaK (LiF-NaF-KF),homogeneous,none,Tier_3_hypothetical_common_skeleton,False,32,31,32,32,32,612,0.05,True,3.324468085106383,312.5,0.9572756753826805,0.9741795298265364,0.974761699768647,2.565157460358288,0.9,"time integral of positive outlet enthalpy flow following the simulated charge end state, with linear within-step interpolation at the registered outlet-grade threshold",True,0.9999999999999066,True,525.0,run-wise frozen at the registered transport-property temperature,7.579170179984167,7.579170179984167,1.0,0.0,0.0,0.0,6.106190167527984,0.0,2,binary_monotone_bracket_with_adjacent_verification,MINIMAL_INTEGER_COUNT_BINARY_BRACKET,False,2.6062984143315315,1615.274407988162,82.08503873146522,8.208503873146523,0.049527188448209664,1733.3171249445254,2165.6448651080555,2.6062984143315315,4.463116082025165,0.024097053082203043,0.023855716163622396,0.00024133691857645989,18.966288216849808,4.223094805105469,14.743193411744338,5,7,4.3471431997195555,0.20701184710098994,0.08963875923689865,0.09682092585689209,1.5,"two-level balanced square-array Darcy-Weisbach friction screen with one trunk and one lateral supply-return pair; uniform module flow is prescribed and fittings, valves, heat exchangers and site-specific manifolds are excluded",0.9587498675337484,9.587498675337483e-05,"frictional energy for the modeled packed bed plus the registered balanced on-array trunk-and-lateral header screen; fittings, valves, heat exchangers, external piping and pump efficiency excluded",True,"parallel modular packed zones; discrete unit count, bed friction and a geometry-normalized on-array header-friction screen are included. Tank shells, fittings, valves, heat exchangers, site-specific trunk routing, flow maldistribution and balance of plant are excluded. Hydraulic values are screening metrics, not installed-pump specifications.",G0212_T1_homogeneous_none__AIP_FLINAK_2017_V10,4.0,3.4777145597756447,5.313963725349987,8192,326.44723775632866,50.47732524963006,18.990385269932013,0.1268908067934596,787.0791566151058,True,"Extrapolative model-domain sensitivity with diameter and height scaled together and nominal mass flow scaled with cross-sectional area to preserve superficial velocity. Shell stress, manifolds, valves, heat exchangers, installation count, cost and EPC feasibility are not solved.",True,True,True,True,True
S10MW_8H,10.0,8.0,80.0,G0130_T2_graded_two_layer_fine_hot__AIP_FLINAK_2017_V10__MODULE_SCALE_1,G0130,T2_graded_two_layer_fine_hot,AIP_FLINAK_2017_V10,FLiNaK (LiF-NaF-KF),graded_two_layer,fine_hot,Tier_3_hypothetical_common_skeleton,False,1967,474,2032,1967,1967,9467,0.05,True,0.05408387327066815,5.083884087442806,0.24064789962059047,0.9444546974251505,0.9757274190263049,0.04068727195598011,0.9,"time integral of positive outlet enthalpy flow following the simulated charge end state, with linear within-step interpolation at the registered outlet-grade threshold",True,0.9999999999999813,True,525.0,run-wise frozen at the registered transport-property temperature,7.3824797055803195,7.3824797055803195,1.0,0.0,0.0,0.0,6.751278253407882,0.0,14,binary_monotone_bracket_with_adjacent_verification,MINIMAL_INTEGER_COUNT_BINARY_BRACKET,False,0.03982992176612132,1583.9559816317662,80.0318639374129,8.00318639374129,0.05050645404778564,1500.9613170382768,2381.3374794294446,0.03982992176612132,315.5448693201215,0.00938397833689457,0.009353594136804727,3.0384200089701626e-05,72.82475115295274,6.047979460927429,66.77677169202532,44,45,0.8569848115564328,0.20701184710098994,0.030961312206808405,0.03131116864726759,1.5,"two-level balanced square-array Darcy-Weisbach friction screen with one trunk and one lateral supply-return pair; uniform module flow is prescribed and fittings, valves, heat exchangers and site-specific manifolds are excluded",3.6771090431547138,0.00036771090431547134,"frictional energy for the modeled packed bed plus the registered balanced on-array trunk-and-lateral header screen; fittings, valves, heat exchangers, external piping and pump efficiency excluded",True,"parallel modular packed zones; discrete unit count, bed friction and a geometry-normalized on-array header-friction screen are included. Tank shells, fittings, valves, heat exchangers, site-specific trunk routing, flow maldistribution and balance of plant are excluded. Hydraulic values are screening metrics, not installed-pump specifications.",G0130_T2_graded_two_layer_fine_hot__AIP_FLINAK_2017_V10,1.0,0.6855878492451463,2.1813363832407076,2048,21.125819487550665,0.8052648610227586,72.83413513128964,0.012884038946819595,7760.541269221701,False,"Extrapolative model-domain sensitivity with diameter and height scaled together and nominal mass flow scaled with cross-sectional area to preserve superficial velocity. Shell stress, manifolds, valves, heat exchangers, installation count, cost and EPC feasibility are not solved.",False,False,False,True,True
S10MW_8H,10.0,8.0,80.0,G0130_T2_graded_two_layer_fine_hot__AIP_FLINAK_2017_V10__MODULE_SCALE_2,G0130,T2_graded_two_layer_fine_hot,AIP_FLINAK_2017_V10,FLiNaK (LiF-NaF-KF),graded_two_layer,fine_hot,Tier_3_hypothetical_common_skeleton,False,247,119,250,247,247,2366,0.05,True,0.43070031871823583,40.48582995951417,0.4791036625037464,0.9605178558931914,0.9733682674478812,0.32471117354061313,0.9,"time integral of positive outlet enthalpy flow following the simulated charge end state, with linear within-step interpolation at the registered outlet-grade threshold",True,1.0000000000000078,True,525.0,run-wise frozen at the registered transport-property temperature,7.41625820957251,7.41625820957251,1.0,0.0,0.0,0.0,6.751278253407882,0.0,10,binary_monotone_bracket_with_adjacent_verification,MINIMAL_INTEGER_COUNT_BINARY_BRACKET,False,0.2545748306642892,1591.203365380971,80.20365986453143,8.020365986453143,0.05027641453036152,1507.8289590582792,2392.2332787760965,0.2545748306642892,108.72309653700056,0.03748483134748746,0.037243966937439005,0.0002408644100478557,30.53777738961479,4.315161992859742,26.222615396755046,15,17,1.7139696231128656,0.20701184710098994,0.052687393626332533,0.05430892226496594,1.5,"two-level balanced square-array Darcy-Weisbach friction screen with one trunk and one lateral supply-return pair; uniform module flow is prescribed and fittings, valves, heat exchangers and site-specific manifolds are excluded",1.5436247441788817,0.00015436247441788818,"frictional energy for the modeled packed bed plus the registered balanced on-array trunk-and-lateral header screen; fittings, valves, heat exchangers, external piping and pump efficiency excluded",True,"parallel modular packed zones; discrete unit count, bed friction and a geometry-normalized on-array header-friction screen are included. Tank shells, fittings, valves, heat exchangers, site-specific trunk routing, flow maldistribution and balance of plant are excluded. Hydraulic values are screening metrics, not installed-pump specifications.",G0130_T2_graded_two_layer_fine_hot__AIP_FLINAK_2017_V10,2.0,1.3711756984902925,4.362672766481415,4096,84.50327795020266,6.442118888182069,30.575262220962276,0.12259856048524094,814.6702623929955,True,"Extrapolative model-domain sensitivity with diameter and height scaled together and nominal mass flow scaled with cross-sectional area to preserve superficial velocity. Shell stress, manifolds, valves, heat exchangers, installation count, cost and EPC feasibility are not solved.",False,True,True,True,True
S10MW_8H,10.0,8.0,80.0,G0130_T2_graded_two_layer_fine_hot__AIP_FLINAK_2017_V10__MODULE_SCALE_4,G0130,T2_graded_two_layer_fine_hot,AIP_FLINAK_2017_V10,FLiNaK (LiF-NaF-KF),graded_two_layer,fine_hot,Tier_3_hypothetical_common_skeleton,False,31,30,31,31,31,591,0.05,True,3.4317089910775564,322.5806451612903,0.9543435857937529,0.9719815274073917,0.9726405013754267,2.5957471530303904,0.9,"time integral of positive outlet enthalpy flow following the simulated charge end state, with linear within-step interpolation at the registered outlet-grade threshold",True,0.9999999999981287,True,525.0,run-wise frozen at the registered transport-property temperature,7.445938092007699,7.445938092007699,1.0,0.0,0.0,0.0,6.751278253407882,0.0,2,binary_monotone_bracket_with_adjacent_verification,MINIMAL_INTEGER_COUNT_BINARY_BRACKET,False,0.585202179927613,1597.645484269153,80.46816174394209,8.046816174394209,0.050073687052416514,1513.9335297427253,2401.918433750899,0.585202179927613,4.784064658251297,0.15028656557654904,0.14837515860559752,0.0019114069709430812,14.762320076572346,3.3648662340343876,11.397453842537958,5,7,3.427939246225731,0.20701184710098994,0.09107307045780501,0.09837015904081059,1.5,"two-level balanced square-array Darcy-Weisbach friction screen with one trunk and one lateral supply-return pair; uniform module flow is prescribed and fittings, valves, heat exchangers and site-specific manifolds are excluded",0.7528788615668952,7.528788615668952e-05,"frictional energy for the modeled packed bed plus the registered balanced on-array trunk-and-lateral header screen; fittings, valves, heat exchangers, external piping and pump efficiency excluded",True,"parallel modular packed zones; discrete unit count, bed friction and a geometry-normalized on-array header-friction screen are included. Tank shells, fittings, valves, heat exchangers, site-specific trunk routing, flow maldistribution and balance of plant are excluded. Hydraulic values are screening metrics, not installed-pump specifications.",G0130_T2_graded_two_layer_fine_hot__AIP_FLINAK_2017_V10,4.0,2.742351396980585,8.72534553296283,8192,338.01311180081063,51.53695110545655,14.912606642148894,1.007782000711935,98.2278091187938,True,"Extrapolative model-domain sensitivity with diameter and height scaled together and nominal mass flow scaled with cross-sectional area to preserve superficial velocity. Shell stress, manifolds, valves, heat exchangers, installation count, cost and EPC feasibility are not solved.",True,True,True,True,True
S10MW_8H,10.0,8.0,80.0,G0029_T2_graded_two_layer_fine_hot__AIP_FLINAK_2017_V10__MODULE_SCALE_1,G0029,T2_graded_two_layer_fine_hot,AIP_FLINAK_2017_V10,FLiNaK (LiF-NaF-KF),graded_two_layer,fine_hot,Tier_3_hypothetical_common_skeleton,False,906,638,912,906,906,12758,0.05,True,0.11742050631722323,11.037527593818984,0.7041271486920154,0.9665689360408222,0.9732667626757697,0.08833384797086061,0.9,"time integral of positive outlet enthalpy flow following the simulated charge end state, with linear within-step interpolation at the registered outlet-grade threshold",True,0.9999999999972189,True,525.0,run-wise frozen at the registered transport-property temperature,7.4013091945611125,7.4013091945611125,1.0,0.0,0.0,0.0,4.839838432496768,0.0,12,binary_monotone_bracket_with_adjacent_verification,MINIMAL_INTEGER_COUNT_BINARY_BRACKET,False,0.03808282699961918,1568.0269267484634,80.0304662615997,8.00304662615997,0.05101953202161641,1855.102594545155,1878.667133230385,0.03808282699961918,42.01980449945684,0.0020590147278710066,0.0020497537747034894,9.260953167597562e-06,60.558925038659034,6.290408204476317,54.26851683418271,30,31,1.291830173274739,0.20701184710098994,0.037669662482276066,0.03829234371576408,1.5,"two-level balanced square-array Darcy-Weisbach friction screen with one trunk and one lateral supply-return pair; uniform module flow is prescribed and fittings, valves, heat exchangers and site-specific manifolds are excluded",3.057485912665005,0.00030574859126650055,"frictional energy for the modeled packed bed plus the registered balanced on-array trunk-and-lateral header screen; fittings, valves, heat exchangers, external piping and pump efficiency excluded",True,"parallel modular packed zones; discrete unit count, bed friction and a geometry-normalized on-array header-friction screen are included. Tank shells, fittings, valves, heat exchangers, site-specific trunk routing, flow maldistribution and balance of plant are excluded. Hydraulic values are screening metrics, not installed-pump specifications.",G0029_T2_graded_two_layer_fine_hot__AIP_FLINAK_2017_V10,1.0,1.0334641386197911,2.063215610088049,2048,15.675475110315325,1.7307140471837346,60.5609840533869,0.0033999030234645854,29411.603627175675,False,"Extrapolative model-domain sensitivity with diameter and height scaled together and nominal mass flow scaled with cross-sectional area to preserve superficial velocity. Shell stress, manifolds, valves, heat exchangers, installation count, cost and EPC feasibility are not solved.",False,False,True,True,True
S10MW_8H,10.0,8.0,80.0,G0029_T2_graded_two_layer_fine_hot__AIP_FLINAK_2017_V10__MODULE_SCALE_2,G0029,T2_graded_two_layer_fine_hot,AIP_FLINAK_2017_V10,FLiNaK (LiF-NaF-KF),graded_two_layer,fine_hot,Tier_3_hypothetical_common_skeleton,False,160,160,113,113,113,3189,0.05,True,0.6648936170212766,62.5,0.9967799948671343,0.9762656287862004,0.9763118099897302,0.7088817356399846,0.9,"time integral of positive outlet enthalpy flow following the simulated charge end state, with linear within-step interpolation at the registered outlet-grade threshold",True,0.9999999999945096,True,525.0,run-wise frozen at the registered transport-property temperature,10.455843931206019,10.455843931206019,1.0,0.0,0.0,0.0,4.839838432496768,0.0,1,binary_monotone_bracket_with_adjacent_verification,MINIMAL_INTEGER_COUNT_BINARY_BRACKET,False,41.776347127996914,2215.3139803951804,113.42107770239754,11.342107770239753,0.036112262509050364,2620.895497812139,2654.187561296791,41.776347127996914,0.323040706018074,0.005840483166397961,0.005803365374629678,3.711779176893704e-05,33.71950173805364,5.303394014352474,28.416107723701163,12,14,2.583660346549478,0.20701184710098994,0.05900745519223224,0.061234930174813774,1.5,"two-level balanced square-array Darcy-Weisbach friction screen with one trunk and one lateral supply-return pair; uniform module flow is prescribed and fittings, valves, heat exchangers and site-specific manifolds are excluded",1.7026598948637763,0.00017026598948637764,"frictional energy for the modeled packed bed plus the registered balanced on-array trunk-and-lateral header screen; fittings, valves, heat exchangers, external piping and pump efficiency excluded",True,"parallel modular packed zones; discrete unit count, bed friction and a geometry-normalized on-array header-friction screen are included. Tank shells, fittings, valves, heat exchangers, site-specific trunk routing, flow maldistribution and balance of plant are excluded. Hydraulic values are screening metrics, not installed-pump specifications.",G0029_T2_graded_two_layer_fine_hot__AIP_FLINAK_2017_V10,2.0,2.0669282772395823,4.126431220176098,4096,62.7019004412613,13.845712377469876,33.72534222122003,0.017317787698305758,5773.409626801422,True,"Extrapolative model-domain sensitivity with diameter and height scaled together and nominal mass flow scaled with cross-sectional area to preserve superficial velocity. Shell stress, manifolds, valves, heat exchangers, installation count, cost and EPC feasibility are not solved.",False,True,True,True,True
S10MW_8H,10.0,8.0,80.0,G0029_T2_graded_two_layer_fine_hot__AIP_FLINAK_2017_V10__MODULE_SCALE_4,G0029,T2_graded_two_layer_fine_hot,AIP_FLINAK_2017_V10,FLiNaK (LiF-NaF-KF),graded_two_layer,fine_hot,Tier_3_hypothetical_common_skeleton,False,40,40,15,15,15,797,0.05,True,2.6595744680851063,250.0,0.9967799948671343,0.9831705827086827,0.9832034048892087,5.711084749879948,0.9,"time integral of positive outlet enthalpy flow following the simulated charge end state, with linear within-step interpolation at the registered outlet-grade threshold",True,0.9999999999905945,True,525.0,run-wise frozen at the registered transport-property temperature,20.91168786240724,20.91168786240724,1.0,0.0,0.0,0.0,4.839838432496768,0.0,1,binary_monotone_bracket_with_adjacent_verification,MINIMAL_INTEGER_COUNT_BINARY_BRACKET,False,185.5542374939974,4430.627960790361,228.44338999519792,22.844338999519792,0.018056131254525182,5241.790995624278,5308.375122593582,185.5542374939974,0.323040706018074,0.011680966332795922,0.011606730749259043,7.42355835378596e-05,25.986106712865332,5.83556184973683,20.150544863128502,6,7,5.167320693098956,0.20701184710098994,0.08017534362897702,0.08659926874419112,1.5,"two-level balanced square-array Darcy-Weisbach friction screen with one trunk and one lateral supply-return pair; uniform module flow is prescribed and fittings, valves, heat exchangers and site-specific manifolds are excluded",1.312526056702322,0.0001312526056702322,"frictional energy for the modeled packed bed plus the registered balanced on-array trunk-and-lateral header screen; fittings, valves, heat exchangers, external piping and pump efficiency excluded",True,"parallel modular packed zones; discrete unit count, bed friction and a geometry-normalized on-array header-friction screen are included. Tank shells, fittings, valves, heat exchangers, site-specific trunk routing, flow maldistribution and balance of plant are excluded. Hydraulic values are screening metrics, not installed-pump specifications.",G0029_T2_graded_two_layer_fine_hot__AIP_FLINAK_2017_V10,4.0,4.133856554479165,8.252862440352196,8192,250.8076017650452,110.76569901975901,25.99778767919813,0.04493061670067538,2224.6538490489233,True,"Extrapolative model-domain sensitivity with diameter and height scaled together and nominal mass flow scaled with cross-sectional area to preserve superficial velocity. Shell stress, manifolds, valves, heat exchangers, installation count, cost and EPC feasibility are not solved.",True,True,True,True,True
S10MW_8H,10.0,8.0,80.0,G0045_T1_homogeneous_none__SOLAR_SALT_60_40_V10__MODULE_SCALE_1,G0045,T1_homogeneous_none,SOLAR_SALT_60_40_V10,Solar Salt (NaNO3-KNO3 60:40 wt%),homogeneous,none,Tier_2_unit_pair_partial,False,1735,592,1782,1735,1735,11821,0.05,True,0.07518018340581643,5.763688760806916,0.3406817616758634,0.9413836629613392,0.9669361120676582,0.046118914015499876,0.9,"time integral of positive outlet enthalpy flow following the simulated charge end state, with linear within-step interpolation at the registered outlet-grade threshold",True,0.9999999999813604,True,525.0,run-wise frozen at the registered transport-property temperature,7.448203007364917,7.448203007364917,1.0,0.0,0.0,0.0,5.592599324722605,0.0,14,binary_monotone_bracket_with_adjacent_verification,MINIMAL_INTEGER_COUNT_BINARY_BRACKET,False,0.02039477111537291,1877.6061057227446,80.0163158168923,8.00163158168923,0.042607445595840614,1422.3610112179852,2916.8243209874136,0.02039477111537291,193.52906803136557,0.0010021336697182426,0.0009852099961390086,1.6923673579252624e-05,44.79828352392368,3.979156717665796,40.819126806257884,41,43,1.1403680906306226,0.25109394400626084,0.03906709728108852,0.03952944588673332,1.5,"two-level balanced square-array Darcy-Weisbach friction screen with one trunk and one lateral supply-return pair; uniform module flow is prescribed and fittings, valves, heat exchangers and site-specific manifolds are excluded",3.3275508904078337,0.0003327550890407834,"frictional energy for the modeled packed bed plus the registered balanced on-array trunk-and-lateral header screen; fittings, valves, heat exchangers, external piping and pump efficiency excluded",True,"parallel modular packed zones; discrete unit count, bed friction and a geometry-normalized on-array header-friction screen are included. Tank shells, fittings, valves, heat exchangers, site-specific trunk routing, flow maldistribution and balance of plant are excluded. Hydraulic values are screening metrics, not installed-pump specifications.",G0045_T1_homogeneous_none__SOLAR_SALT_60_40_V10,1.0,0.9122944725044981,1.6555604439129814,2048,16.918101903825107,1.0821937208776626,44.799285657593394,0.00223694118111096,44702.90229497933,False,"Extrapolative model-domain sensitivity with diameter and height scaled together and nominal mass flow scaled with cross-sectional area to preserve superficial velocity. Shell stress, manifolds, valves, heat exchangers, installation count, cost and EPC feasibility are not solved.",False,False,False,True,True
S10MW_8H,10.0,8.0,80.0,G0045_T1_homogeneous_none__SOLAR_SALT_60_40_V10__MODULE_SCALE_2,G0045,T1_homogeneous_none,SOLAR_SALT_60_40_V10,Solar Salt (NaNO3-KNO3 60:40 wt%),homogeneous,none,Tier_2_unit_pair_partial,False,218,148,219,218,218,2955,0.05,True,0.5983376982068418,45.87155963302752,0.6778473125087421,0.9584219109615495,0.9658013689701549,0.36851833113433236,0.9,"time integral of positive outlet enthalpy flow following the simulated charge end state, with linear within-step interpolation at the registered outlet-grade threshold",True,0.9999999999602311,True,525.0,run-wise frozen at the registered transport-property temperature,7.486504716236331,7.486504716236331,1.0,0.0,0.0,0.0,5.592599324722605,0.0,10,binary_monotone_bracket_with_adjacent_verification,MINIMAL_INTEGER_COUNT_BINARY_BRACKET,False,0.4212452341055606,1887.3458492106436,80.33699618728446,8.033699618728445,0.042387567722926296,1429.7392527747352,2931.9548217879246,0.4212452341055606,47.525848601354916,0.004054498707649573,0.003920503080966135,0.0001339956266836421,19.16263056726374,2.8675231414808096,16.29510742578293,14,16,2.280736181261245,0.25109394400626084,0.06586483695080685,0.06802491109630449,1.5,"two-level balanced square-array Darcy-Weisbach friction screen with one trunk and one lateral supply-return pair; uniform module flow is prescribed and fittings, valves, heat exchangers and site-specific manifolds are excluded",1.4236414492164866,0.00014236414492164865,"frictional energy for the modeled packed bed plus the registered balanced on-array trunk-and-lateral header screen; fittings, valves, heat exchangers, external piping and pump efficiency excluded",True,"parallel modular packed zones; discrete unit count, bed friction and a geometry-normalized on-array header-friction screen are included. Tank shells, fittings, valves, heat exchangers, site-specific trunk routing, flow maldistribution and balance of plant are excluded. Hydraulic values are screening metrics, not installed-pump specifications.",G0045_T1_homogeneous_none__SOLAR_SALT_60_40_V10,2.0,1.8245889450089963,3.311120887825963,4096,67.67240761530043,8.657549767021301,19.16668506597139,0.02115388599381719,4726.263824208364,True,"Extrapolative model-domain sensitivity with diameter and height scaled together and nominal mass flow scaled with cross-sectional area to preserve superficial velocity. Shell stress, manifolds, valves, heat exchangers, installation count, cost and EPC feasibility are not solved.",False,True,True,True,True
S10MW_8H,10.0,8.0,80.0,G0045_T1_homogeneous_none__SOLAR_SALT_60_40_V10__MODULE_SCALE_4,G0045,T1_homogeneous_none,SOLAR_SALT_60_40_V10,Solar Salt (NaNO3-KNO3 60:40 wt%),homogeneous,none,Tier_2_unit_pair_partial,False,37,37,28,28,28,738,0.05,True,3.525341032678149,270.27027027027026,0.9984507711277417,0.9705358994431715,0.9705583954941838,2.962667659560831,0.9,"time integral of positive outlet enthalpy flow following the simulated charge end state, with linear within-step interpolation at the registered outlet-grade threshold",True,0.9999999999185306,True,525.0,run-wise frozen at the registered transport-property temperature,10.165162367010602,10.165162367010602,1.0,0.0,0.0,0.0,5.592599324722605,0.0,1,binary_monotone_bracket_with_adjacent_verification,MINIMAL_INTEGER_COUNT_BINARY_BRACKET,False,37.023379254688436,2562.6347310383053,109.61870340375074,10.961870340375075,0.031217870822965985,1941.2973340427598,3981.002877290026,37.023379254688436,0.15516327064462043,0.012131037213915098,0.011549590157441825,0.0005814470564749424,11.60778775803491,2.7547670557749884,8.853020702259922,6,7,4.56147236252249,0.25109394400626084,0.10111393256842388,0.10921552966204211,1.5,"two-level balanced square-array Darcy-Weisbach friction screen with one trunk and one lateral supply-return pair; uniform module flow is prescribed and fittings, valves, heat exchangers and site-specific manifolds are excluded",0.8630912427739382,8.630912427739383e-05,"frictional energy for the modeled packed bed plus the registered balanced on-array trunk-and-lateral header screen; fittings, valves, heat exchangers, external piping and pump efficiency excluded",True,"parallel modular packed zones; discrete unit count, bed friction and a geometry-normalized on-array header-friction screen are included. Tank shells, fittings, valves, heat exchangers, site-specific trunk routing, flow maldistribution and balance of plant are excluded. Hydraulic values are screening metrics, not installed-pump specifications.",G0045_T1_homogeneous_none__SOLAR_SALT_60_40_V10,4.0,3.6491778900179925,6.622241775651926,8192,270.6896304612017,69.26039813617041,11.619918795248825,0.10439864019424354,956.866882307476,True,"Extrapolative model-domain sensitivity with diameter and height scaled together and nominal mass flow scaled with cross-sectional area to preserve superficial velocity. Shell stress, manifolds, valves, heat exchangers, installation count, cost and EPC feasibility are not solved.",True,True,True,True,True
S10MW_8H,10.0,8.0,80.0,G0225_T1_homogeneous_none__AIP_FLINAK_2017_V10__MODULE_SCALE_1,G0225,T1_homogeneous_none,AIP_FLINAK_2017_V10,FLiNaK (LiF-NaF-KF),homogeneous,none,Tier_3_hypothetical_common_skeleton,False,2590,374,2743,2590,2590,7470,0.05,True,0.04107450915961554,3.861003861003861,0.14421410498375117,0.9160615727675127,0.9699848850497783,0.030891932045600118,0.9,"time integral of positive outlet enthalpy flow following the simulated charge end state, with linear within-step interpolation at the registered outlet-grade threshold",True,1.000000000000018,True,525.0,run-wise frozen at the registered transport-property temperature,7.423844578949413,7.423844578949413,1.0,0.0,0.0,0.0,6.527849710655722,0.0,15,binary_monotone_bracket_with_adjacent_verification,MINIMAL_INTEGER_COUNT_BINARY_BRACKET,False,0.012629997630364542,1598.0461386004229,80.0101039981043,8.00101039981043,0.05006113282189988,1418.8602487353494,2526.277678430521,0.012629997630364542,593.4134494768535,0.0016766129787807883,0.001673265325192494,3.3476535882205927e-06,114.38888758969723,8.670984082531502,105.71790350716573,50,52,1.0829784480790143,0.20701184710098994,0.029048947819835327,0.029332358900098915,1.5,"two-level balanced square-array Darcy-Weisbach friction screen with one trunk and one lateral supply-return pair; uniform module flow is prescribed and fittings, valves, heat exchangers and site-specific manifolds are excluded",5.775129715249796,0.0005775129715249796,"frictional energy for the modeled packed bed plus the registered balanced on-array trunk-and-lateral header screen; fittings, valves, heat exchangers, external piping and pump efficiency excluded",True,"parallel modular packed zones; discrete unit count, bed friction and a geometry-normalized on-array header-friction screen are included. Tank shells, fittings, valves, heat exchangers, site-specific trunk routing, flow maldistribution and balance of plant are excluded. Hydraulic values are screening metrics, not installed-pump specifications.",G0225_T1_homogeneous_none__AIP_FLINAK_2017_V10,1.0,0.8663827584632114,1.0465984004210511,2048,26.772720057021374,0.6170062311198544,114.39056420267602,0.0014656916769902302,68226.1732656271,False,"Extrapolative model-domain sensitivity with diameter and height scaled together and nominal mass flow scaled with cross-sectional area to preserve superficial velocity. Shell stress, manifolds, valves, heat exchangers, installation count, cost and EPC feasibility are not solved.",False,False,False,True,True
S10MW_8H,10.0,8.0,80.0,G0225_T1_homogeneous_none__AIP_FLINAK_2017_V10__MODULE_SCALE_2,G0225,T1_homogeneous_none,AIP_FLINAK_2017_V10,FLiNaK (LiF-NaF-KF),homogeneous,none,Tier_3_hypothetical_common_skeleton,False,325,94,334,325,325,1867,0.05,True,0.3273322422258592,30.76923076923077,0.28731887069839657,0.9403038418962308,0.9681743541898747,0.2466741642588916,0.9,"time integral of positive outlet enthalpy flow following the simulated charge end state, with linear within-step interpolation at the registered outlet-grade threshold",True,0.9999999999998531,True,525.0,run-wise frozen at the registered transport-property temperature,7.45267522434039,7.45267522434039,1.0,0.0,0.0,0.0,6.527849710655722,0.0,11,binary_monotone_bracket_with_adjacent_verification,MINIMAL_INTEGER_COUNT_BINARY_BRACKET,False,0.21137923017471305,1604.2162009116214,80.16910338413977,8.016910338413977,0.04986859000335411,1424.3384736339415,2536.031646300909,0.21137923017471305,248.0453607412779,0.006693894372731972,0.006667318757306059,2.6575615426200638e-05,47.30089172361781,6.546163403061965,40.75472832055584,18,19,2.1659568961580287,0.20701184710098994,0.048718036057515395,0.0500530239450159,1.5,"two-level balanced square-array Darcy-Weisbach friction screen with one trunk and one lateral supply-return pair; uniform module flow is prescribed and fittings, valves, heat exchangers and site-specific manifolds are excluded",2.3883739481791078,0.00023883739481791078,"frictional energy for the modeled packed bed plus the registered balanced on-array trunk-and-lateral header screen; fittings, valves, heat exchangers, external piping and pump efficiency excluded",True,"parallel modular packed zones; discrete unit count, bed friction and a geometry-normalized on-array header-friction screen are included. Tank shells, fittings, valves, heat exchangers, site-specific trunk routing, flow maldistribution and balance of plant are excluded. Hydraulic values are screening metrics, not installed-pump specifications.",G0225_T1_homogeneous_none__AIP_FLINAK_2017_V10,2.0,1.7327655169264229,2.0931968008421022,4096,107.0908802280855,4.936049848958835,47.30758561799054,0.014149727332917111,7066.273993850451,True,"Extrapolative model-domain sensitivity with diameter and height scaled together and nominal mass flow scaled with cross-sectional area to preserve superficial velocity. Shell stress, manifolds, valves, heat exchangers, installation count, cost and EPC feasibility are not solved.",False,True,True,True,True
S10MW_8H,10.0,8.0,80.0,G0225_T1_homogeneous_none__AIP_FLINAK_2017_V10__MODULE_SCALE_4,G0225,T1_homogeneous_none,AIP_FLINAK_2017_V10,FLiNaK (LiF-NaF-KF),homogeneous,none,Tier_3_hypothetical_common_skeleton,False,41,24,41,41,41,466,0.05,True,2.594706798131811,243.90243902439025,0.5693819083962127,0.9576257599613032,0.9678211077530895,1.972673305166172,0.9,"time integral of positive outlet enthalpy flow following the simulated charge end state, with linear within-step interpolation at the registered outlet-grade threshold",True,1.0000000000000935,True,525.0,run-wise frozen at the registered transport-property temperature,7.521262968872902,7.521262968872902,1.0,0.0,0.0,0.0,6.527849710655722,0.0,7,binary_monotone_bracket_with_adjacent_verification,MINIMAL_INTEGER_COUNT_BINARY_BRACKET,False,1.0995068897663218,1619.024350458498,80.87960551181305,8.087960551181306,0.04941247485088441,1437.4862133905626,2559.4411691898404,1.0995068897663218,75.62904357406022,0.026634082327765485,0.026425348733225044,0.0002087335945413997,22.12580823539583,4.969591100536378,17.156217134859453,6,7,4.331913792316057,0.20701184710098994,0.07919155982389171,0.0855366607868493,1.5,"two-level balanced square-array Darcy-Weisbach friction screen with one trunk and one lateral supply-return pair; uniform module flow is prescribed and fittings, valves, heat exchangers and site-specific manifolds are excluded",1.1183896922456982,0.00011183896922456982,"frictional energy for the modeled packed bed plus the registered balanced on-array trunk-and-lateral header screen; fittings, valves, heat exchangers, external piping and pump efficiency excluded",True,"parallel modular packed zones; discrete unit count, bed friction and a geometry-normalized on-array header-friction screen are included. Tank shells, fittings, valves, heat exchangers, site-specific trunk routing, flow maldistribution and balance of plant are excluded. Hydraulic values are screening metrics, not installed-pump specifications.",G0225_T1_homogeneous_none__AIP_FLINAK_2017_V10,4.0,3.4655310338528458,4.1863936016842045,8192,428.363520912342,39.48839879167068,22.152442317723594,0.12023090702940799,830.7328919055765,True,"Extrapolative model-domain sensitivity with diameter and height scaled together and nominal mass flow scaled with cross-sectional area to preserve superficial velocity. Shell stress, manifolds, valves, heat exchangers, installation count, cost and EPC feasibility are not solved.",True,True,True,True,True
S10MW_8H,10.0,8.0,80.0,G0029_T1_homogeneous_none__AIP_FLINAK_2017_V10__MODULE_SCALE_1,G0029,T1_homogeneous_none,AIP_FLINAK_2017_V10,FLiNaK (LiF-NaF-KF),homogeneous,none,Tier_3_hypothetical_common_skeleton,False,904,638,910,904,904,12758,0.05,True,0.11768028619845602,11.061946902654867,0.7056849521183252,0.9696388127270474,0.9760268268458773,0.0885843518390106,0.9,"time integral of positive outlet enthalpy flow following the simulated charge end state, with linear within-step interpolation at the registered outlet-grade threshold",True,0.9999999999924555,True,525.0,run-wise frozen at the registered transport-property temperature,7.384970763669292,7.384970763669292,1.0,0.0,0.0,0.0,4.839838432496768,0.0,12,binary_monotone_bracket_with_adjacent_verification,MINIMAL_INTEGER_COUNT_BINARY_BRACKET,False,0.1003175780819765,1564.565498654096,80.08025406246558,8.008025406246558,0.05113240709246069,1851.0074453298232,1874.5199651658586,0.1003175780819765,41.70629499725052,0.0017531215476901151,0.001744207325819388,8.914221870738258e-06,60.49532300014114,6.303883468165947,54.1914395319752,30,31,1.291830173274739,0.20701184710098994,0.03771130944080229,0.03833467910040823,1.5,"two-level balanced square-array Darcy-Weisbach friction screen with one trunk and one lateral supply-return pair; uniform module flow is prescribed and fittings, valves, heat exchangers and site-specific manifolds are excluded",3.0542594525285227,0.00030542594525285224,"frictional energy for the modeled packed bed plus the registered balanced on-array trunk-and-lateral header screen; fittings, valves, heat exchangers, external piping and pump efficiency excluded",True,"parallel modular packed zones; discrete unit count, bed friction and a geometry-normalized on-array header-friction screen are included. Tank shells, fittings, valves, heat exchangers, site-specific trunk routing, flow maldistribution and balance of plant are excluded. Hydraulic values are screening metrics, not installed-pump specifications.",G0029_T1_homogeneous_none__AIP_FLINAK_2017_V10,1.0,1.0334641386197911,2.063215610088049,2048,15.675475110315325,1.7307140471837346,60.497076121688835,0.002897861615929572,34507.20406685367,False,"Extrapolative model-domain sensitivity with diameter and height scaled together and nominal mass flow scaled with cross-sectional area to preserve superficial velocity. Shell stress, manifolds, valves, heat exchangers, installation count, cost and EPC feasibility are not solved.",False,False,True,True,True
S10MW_8H,10.0,8.0,80.0,G0029_T1_homogeneous_none__AIP_FLINAK_2017_V10__MODULE_SCALE_2,G0029,T1_homogeneous_none,AIP_FLINAK_2017_V10,FLiNaK (LiF-NaF-KF),homogeneous,none,Tier_3_hypothetical_common_skeleton,False,160,160,113,113,113,3189,0.05,True,0.6648936170212766,62.5,0.9967799948671343,0.9784958022740289,0.9785398527008639,0.7104994757594706,0.9,"time integral of positive outlet enthalpy flow following the simulated charge end state, with linear within-step interpolation at the registered outlet-grade threshold",True,0.9999999999845742,True,525.0,run-wise frozen at the registered transport-property temperature,10.455843931206019,10.455843931206019,1.0,0.0,0.0,0.0,4.839838432496768,0.0,1,binary_monotone_bracket_with_adjacent_verification,MINIMAL_INTEGER_COUNT_BINARY_BRACKET,False,42.09989515189414,2215.3139803951804,113.6799161215153,11.367991612151531,0.036112262509050364,2620.895497812139,2654.187561296791,42.09989515189414,0.323040706018074,0.0049629562263983195,0.0049273856954398405,3.557053095858025e-05,33.71950173805364,5.303394014352474,28.416107723701163,12,14,2.583660346549478,0.20701184710098994,0.05900745519223224,0.061234930174813774,1.5,"two-level balanced square-array Darcy-Weisbach friction screen with one trunk and one lateral supply-return pair; uniform module flow is prescribed and fittings, valves, heat exchangers and site-specific manifolds are excluded",1.7026155919796842,0.00017026155919796842,"frictional energy for the modeled packed bed plus the registered balanced on-array trunk-and-lateral header screen; fittings, valves, heat exchangers, external piping and pump efficiency excluded",True,"parallel modular packed zones; discrete unit count, bed friction and a geometry-normalized on-array header-friction screen are included. Tank shells, fittings, valves, heat exchangers, site-specific trunk routing, flow maldistribution and balance of plant are excluded. Hydraulic values are screening metrics, not installed-pump specifications.",G0029_T1_homogeneous_none__AIP_FLINAK_2017_V10,2.0,2.0669282772395823,4.126431220176098,4096,62.7019004412613,13.845712377469876,33.72446469428004,0.01471618977910739,6794.237184421896,True,"Extrapolative model-domain sensitivity with diameter and height scaled together and nominal mass flow scaled with cross-sectional area to preserve superficial velocity. Shell stress, manifolds, valves, heat exchangers, installation count, cost and EPC feasibility are not solved.",False,True,True,True,True
S10MW_8H,10.0,8.0,80.0,G0029_T1_homogeneous_none__AIP_FLINAK_2017_V10__MODULE_SCALE_4,G0029,T1_homogeneous_none,AIP_FLINAK_2017_V10,FLiNaK (LiF-NaF-KF),homogeneous,none,Tier_3_hypothetical_common_skeleton,False,40,40,14,14,14,797,0.05,True,2.6595744680851063,250.0,0.9967799948671343,0.9847764150394391,0.984807759869374,5.720403886912075,0.9,"time integral of positive outlet enthalpy flow following the simulated charge end state, with linear within-step interpolation at the registered outlet-grade threshold",True,0.9999999999693131,True,525.0,run-wise frozen at the registered transport-property temperature,20.91168786240724,20.91168786240724,1.0,0.0,0.0,0.0,4.839838432496768,0.0,1,binary_monotone_bracket_with_adjacent_verification,MINIMAL_INTEGER_COUNT_BINARY_BRACKET,False,186.02019434560378,4430.627960790361,228.816155476483,22.881615547648302,0.018056131254525182,5241.790995624278,5308.375122593582,186.02019434560378,0.323040706018074,0.009925912452796639,0.009854771390878557,7.114106191716035e-05,25.986106712865332,5.83556184973683,20.150544863128502,6,7,5.167320693098956,0.20701184710098994,0.08017534362897702,0.08659926874419112,1.5,"two-level balanced square-array Darcy-Weisbach friction screen with one trunk and one lateral supply-return pair; uniform module flow is prescribed and fittings, valves, heat exchangers and site-specific manifolds are excluded",1.3124374509341374,0.00013124374509341374,"frictional energy for the modeled packed bed plus the registered balanced on-array trunk-and-lateral header screen; fittings, valves, heat exchangers, external piping and pump efficiency excluded",True,"parallel modular packed zones; discrete unit count, bed friction and a geometry-normalized on-array header-friction screen are included. Tank shells, fittings, valves, heat exchangers, site-specific trunk routing, flow maldistribution and balance of plant are excluded. Hydraulic values are screening metrics, not installed-pump specifications.",G0029_T1_homogeneous_none__AIP_FLINAK_2017_V10,4.0,4.133856554479165,8.252862440352196,8192,250.8076017650452,110.76569901975901,25.99603262531813,0.03818241266219049,2618.006841833842,True,"Extrapolative model-domain sensitivity with diameter and height scaled together and nominal mass flow scaled with cross-sectional area to preserve superficial velocity. Shell stress, manifolds, valves, heat exchangers, installation count, cost and EPC feasibility are not solved.",True,True,True,True,True
S10MW_8H,10.0,8.0,80.0,G0121_T1_homogeneous_none__SOLAR_SALT_60_40_V10__MODULE_SCALE_1,G0121,T1_homogeneous_none,SOLAR_SALT_60_40_V10,Solar Salt (NaNO3-KNO3 60:40 wt%),homogeneous,none,Tier_2_unit_pair_partial,False,954,697,960,954,954,13934,0.05,True,0.13672706311225524,10.482180293501049,0.7303299669607973,0.9654850366335678,0.9714729822865782,0.08387524458682792,0.9,"time integral of positive outlet enthalpy flow following the simulated charge end state, with linear within-step interpolation at the registered outlet-grade threshold",True,0.9999999999911009,True,525.0,run-wise frozen at the registered transport-property temperature,7.413579380449497,7.413579380449497,1.0,0.0,0.0,0.0,4.599494081014933,0.0,12,binary_monotone_bracket_with_adjacent_verification,MINIMAL_INTEGER_COUNT_BINARY_BRACKET,False,0.021229169792280622,1894.5294312091996,80.01698333583383,8.001698333583382,0.042226844662391606,1604.4442170584668,2679.7883500281537,0.021229169792280622,36.92441023081805,0.0011410552023457879,0.00111675826240268,2.4296939943142097e-05,34.08354664457796,3.5511705549518506,30.53237608962611,30,32,1.3702208113233216,0.25109394400626084,0.045262954412568945,0.045987207670400716,1.5,"two-level balanced square-array Darcy-Weisbach friction screen with one trunk and one lateral supply-return pair; uniform module flow is prescribed and fittings, valves, heat exchangers and site-specific manifolds are excluded",2.5317040492910774,0.0002531704049291077,"frictional energy for the modeled packed bed plus the registered balanced on-array trunk-and-lateral header screen; fittings, valves, heat exchangers, external piping and pump efficiency excluded",True,"parallel modular packed zones; discrete unit count, bed friction and a geometry-normalized on-array header-friction screen are included. Tank shells, fittings, valves, heat exchangers, site-specific trunk routing, flow maldistribution and balance of plant are excluded. Hydraulic values are screening metrics, not installed-pump specifications.",G0121_T1_homogeneous_none__SOLAR_SALT_60_40_V10,1.0,1.0961766490586573,2.1042726350280967,2048,14.352663546207344,1.9858799069278823,34.084687699780304,0.003347706196976957,29870.199596398845,False,"Extrapolative model-domain sensitivity with diameter and height scaled together and nominal mass flow scaled with cross-sectional area to preserve superficial velocity. Shell stress, manifolds, valves, heat exchangers, installation count, cost and EPC feasibility are not solved.",False,False,True,True,True
S10MW_8H,10.0,8.0,80.0,G0121_T1_homogeneous_none__SOLAR_SALT_60_40_V10__MODULE_SCALE_2,G0121,T1_homogeneous_none,SOLAR_SALT_60_40_V10,Solar Salt (NaNO3-KNO3 60:40 wt%),homogeneous,none,Tier_2_unit_pair_partial,False,175,175,119,119,119,3483,0.05,True,0.7453578183376658,57.142857142857146,0.9953354121151436,0.9755679596479381,0.975634345031936,0.6738762337929725,0.9,"time integral of positive outlet enthalpy flow following the simulated charge end state, with linear within-step interpolation at the registered outlet-grade threshold",True,0.9999999999824161,True,525.0,run-wise frozen at the registered transport-property temperature,10.87891573697963,10.87891573697963,1.0,0.0,0.0,0.0,4.599494081014933,0.0,1,binary_monotone_bracket_with_adjacent_verification,MINIMAL_INTEGER_COUNT_BINARY_BRACKET,False,47.410426142212735,2780.231869699035,117.92834091377019,11.792834091377019,0.02877457843422971,2354.530297570077,3932.603448678632,47.410426142212735,0.468644823451414,0.0031342212303093054,0.0030439639495202764,9.025728078894872e-05,19.64875044091151,3.207660395423925,16.441090045487584,13,14,2.7404416226466433,0.25109394400626084,0.06843667326456107,0.07102009220868093,1.5,"two-level balanced square-array Darcy-Weisbach friction screen with one trunk and one lateral supply-return pair; uniform module flow is prescribed and fittings, valves, heat exchangers and site-specific manifolds are excluded",1.4596805584246662,0.0001459680558424666,"frictional energy for the modeled packed bed plus the registered balanced on-array trunk-and-lateral header screen; fittings, valves, heat exchangers, external piping and pump efficiency excluded",True,"parallel modular packed zones; discrete unit count, bed friction and a geometry-normalized on-array header-friction screen are included. Tank shells, fittings, valves, heat exchangers, site-specific trunk routing, flow maldistribution and balance of plant are excluded. Hydraulic values are screening metrics, not installed-pump specifications.",G0121_T1_homogeneous_none__SOLAR_SALT_60_40_V10,2.0,2.1923532981173146,4.208545270056193,4096,57.410654184829376,15.887039255423058,19.651884662141818,0.01594870560352512,6269.101316428912,True,"Extrapolative model-domain sensitivity with diameter and height scaled together and nominal mass flow scaled with cross-sectional area to preserve superficial velocity. Shell stress, manifolds, valves, heat exchangers, installation count, cost and EPC feasibility are not solved.",False,True,True,True,True
S10MW_8H,10.0,8.0,80.0,G0121_T1_homogeneous_none__SOLAR_SALT_60_40_V10__MODULE_SCALE_4,G0121,T1_homogeneous_none,SOLAR_SALT_60_40_V10,Solar Salt (NaNO3-KNO3 60:40 wt%),homogeneous,none,Tier_2_unit_pair_partial,False,44,44,15,15,15,870,0.05,True,2.964491322933898,227.27272727272728,0.9896800972735803,0.9827108586894036,0.982815398712433,5.430689829816465,0.9,"time integral of positive outlet enthalpy flow following the simulated charge end state, with linear within-step interpolation at the registered outlet-grade threshold",True,0.9999999999648843,True,525.0,run-wise frozen at the registered transport-property temperature,21.881834574725985,21.881834574725985,1.0,0.0,0.0,0.0,4.599494081014933,0.0,1,binary_monotone_bracket_with_adjacent_verification,MINIMAL_INTEGER_COUNT_BINARY_BRACKET,False,198.68794063990558,5592.237817908916,238.95035251192448,23.895035251192446,0.014305543255653974,4735.969512826669,7910.150936770734,198.68794063990558,1.042751365299699,0.006231806486918163,0.006053337399614853,0.0001784690873038585,15.4564649764528,3.286002092418211,12.170462884034588,6,8,5.4808832452932865,0.25109394400626084,0.1001518371156714,0.10706681746938071,1.5,"two-level balanced square-array Darcy-Weisbach friction screen with one trunk and one lateral supply-return pair; uniform module flow is prescribed and fittings, valves, heat exchangers and site-specific manifolds are excluded",1.1485207786891627,0.00011485207786891626,"frictional energy for the modeled packed bed plus the registered balanced on-array trunk-and-lateral header screen; fittings, valves, heat exchangers, external piping and pump efficiency excluded",True,"parallel modular packed zones; discrete unit count, bed friction and a geometry-normalized on-array header-friction screen are included. Tank shells, fittings, valves, heat exchangers, site-specific trunk routing, flow maldistribution and balance of plant are excluded. Hydraulic values are screening metrics, not installed-pump specifications.",G0121_T1_homogeneous_none__SOLAR_SALT_60_40_V10,4.0,4.384706596234629,8.417090540112387,8192,229.6426167393175,127.09631404338447,15.462696782939718,0.04030219679269551,2480.2543225466134,True,"Extrapolative model-domain sensitivity with diameter and height scaled together and nominal mass flow scaled with cross-sectional area to preserve superficial velocity. Shell stress, manifolds, valves, heat exchangers, installation count, cost and EPC feasibility are not solved.",True,True,True,True,True
S10MW_8H,10.0,8.0,80.0,G0175_T1_homogeneous_none__AIP_FLINAK_2017_V10__MODULE_SCALE_1,G0175,T1_homogeneous_none,AIP_FLINAK_2017_V10,FLiNaK (LiF-NaF-KF),homogeneous,none,Tier_3_hypothetical_common_skeleton,False,1926,446,1991,1926,1926,8916,0.05,True,0.05523519144517355,5.192107995846314,0.2314729688075221,0.9454251364652241,0.9771762215545594,0.04154220357744884,0.9,"time integral of positive outlet enthalpy flow following the simulated charge end state, with linear within-step interpolation at the registered outlet-grade threshold",True,0.9999999999999398,True,525.0,run-wise frozen at the registered transport-property temperature,7.369305219837469,7.369305219837469,1.0,0.0,0.0,0.0,6.221522612621201,0.0,14,binary_monotone_bracket_with_adjacent_verification,MINIMAL_INTEGER_COUNT_BINARY_BRACKET,False,0.01285511270807671,1584.14304742545,80.01028409016646,8.001028409016646,0.05050048992104345,1446.1969444108815,2452.8517897131,0.01285511270807671,332.0158872769007,0.0051466798037631475,0.005132768090990972,1.3911712771911244e-05,83.80019961249944,6.913814292043571,76.88638532045589,43,45,1.000286700835402,0.20701184710098994,0.03128912348860132,0.03164268412891561,1.5,"two-level balanced square-array Darcy-Weisbach friction screen with one trunk and one lateral supply-return pair; uniform module flow is prescribed and fittings, valves, heat exchangers and site-specific manifolds are excluded",4.231002347465974,0.00042310023474659747,"frictional energy for the modeled packed bed plus the registered balanced on-array trunk-and-lateral header screen; fittings, valves, heat exchangers, external piping and pump efficiency excluded",True,"parallel modular packed zones; discrete unit count, bed friction and a geometry-normalized on-array header-friction screen are included. Tank shells, fittings, valves, heat exchangers, site-specific trunk routing, flow maldistribution and balance of plant are excluded. Hydraulic values are screening metrics, not installed-pump specifications.",G0175_T1_homogeneous_none__AIP_FLINAK_2017_V10,1.0,0.8002293606683215,1.635382205834237,2048,22.430731426630356,0.8225041783102025,83.8053462923032,0.00614123087781552,16282.380642997538,False,"Extrapolative model-domain sensitivity with diameter and height scaled together and nominal mass flow scaled with cross-sectional area to preserve superficial velocity. Shell stress, manifolds, valves, heat exchangers, installation count, cost and EPC feasibility are not solved.",False,False,False,True,True
S10MW_8H,10.0,8.0,80.0,G0175_T1_homogeneous_none__AIP_FLINAK_2017_V10__MODULE_SCALE_2,G0175,T1_homogeneous_none,AIP_FLINAK_2017_V10,FLiNaK (LiF-NaF-KF),homogeneous,none,Tier_3_hypothetical_common_skeleton,False,242,112,245,242,242,2229,0.05,True,0.4395990856339019,41.32231404958678,0.46055468793728055,0.9612771802732099,0.9746176665575947,0.33146746407646327,0.9,"time integral of positive outlet enthalpy flow following the simulated charge end state, with linear within-step interpolation at the registered outlet-grade threshold",True,0.9999999999846381,True,525.0,run-wise frozen at the registered transport-property temperature,7.40773804712563,7.40773804712563,1.0,0.0,0.0,0.0,6.221522612621201,0.0,11,binary_monotone_bracket_with_adjacent_verification,MINIMAL_INTEGER_COUNT_BINARY_BRACKET,False,0.2689078831301428,1592.368089208552,80.21512630650412,8.021512630650411,0.05023964028302154,1453.7057551295259,2465.5872611030954,0.2689078831301428,117.12948020978185,0.02053517037965185,0.020425023436464428,0.00011014694318673337,35.29384046506048,5.081458076138954,30.212382388921526,15,17,2.000573401670804,0.20701184710098994,0.0532289021349319,0.0548670964594974,1.5,"two-level balanced square-array Darcy-Weisbach friction screen with one trunk and one lateral supply-return pair; uniform module flow is prescribed and fittings, valves, heat exchangers and site-specific manifolds are excluded",1.7828839426508631,0.00017828839426508632,"frictional energy for the modeled packed bed plus the registered balanced on-array trunk-and-lateral header screen; fittings, valves, heat exchangers, external piping and pump efficiency excluded",True,"parallel modular packed zones; discrete unit count, bed friction and a geometry-normalized on-array header-friction screen are included. Tank shells, fittings, valves, heat exchangers, site-specific trunk routing, flow maldistribution and balance of plant are excluded. Hydraulic values are screening metrics, not installed-pump specifications.",G0175_T1_homogeneous_none__AIP_FLINAK_2017_V10,2.0,1.600458721336643,3.270764411668474,4096,89.72292570652142,6.58003342648162,35.31437563544013,0.058149606244329445,1718.7021004721191,True,"Extrapolative model-domain sensitivity with diameter and height scaled together and nominal mass flow scaled with cross-sectional area to preserve superficial velocity. Shell stress, manifolds, valves, heat exchangers, installation count, cost and EPC feasibility are not solved.",False,True,True,True,True
S10MW_8H,10.0,8.0,80.0,G0175_T1_homogeneous_none__AIP_FLINAK_2017_V10__MODULE_SCALE_4,G0175,T1_homogeneous_none,AIP_FLINAK_2017_V10,FLiNaK (LiF-NaF-KF),homogeneous,none,Tier_3_hypothetical_common_skeleton,False,31,28,31,31,31,557,0.05,True,3.4317089910775564,322.5806451612903,0.8988244716195313,0.9725524473038795,0.9740255687096028,2.650128732807884,0.9,"time integral of positive outlet enthalpy flow following the simulated charge end state, with linear within-step interpolation at the registered outlet-grade threshold",True,0.9999999999698861,True,525.0,run-wise frozen at the registered transport-property temperature,7.591061038733335,7.591061038733335,1.0,0.0,0.0,0.0,6.221522612621201,0.0,4,binary_monotone_bracket_with_adjacent_verification,MINIMAL_INTEGER_COUNT_BINARY_BRACKET,False,2.6924883963055146,1631.8482897674417,82.15399071704441,8.215399071704441,0.04902416511488392,1489.7480465790181,2526.7175237750726,2.6924883963055146,11.256427876086562,0.08056253237021756,0.0797234785745846,0.0008390537956277486,17.23082165161382,3.927526951010683,13.303294700603136,5,7,4.001146803341608,0.20701184710098994,0.09107307045780501,0.09837015904081059,1.5,"two-level balanced square-array Darcy-Weisbach friction screen with one trunk and one lateral supply-return pair; uniform module flow is prescribed and fittings, valves, heat exchangers and site-specific manifolds are excluded",0.8739837058229385,8.739837058229385e-05,"frictional energy for the modeled packed bed plus the registered balanced on-array trunk-and-lateral header screen; fittings, valves, heat exchangers, external piping and pump efficiency excluded",True,"parallel modular packed zones; discrete unit count, bed friction and a geometry-normalized on-array header-friction screen are included. Tank shells, fittings, valves, heat exchangers, site-specific trunk routing, flow maldistribution and balance of plant are excluded. Hydraulic values are screening metrics, not installed-pump specifications.",G0175_T1_homogeneous_none__AIP_FLINAK_2017_V10,4.0,3.200917442673286,6.541528823336948,8192,358.8917028260857,52.64026741185296,17.311384183984035,0.4653731412462762,213.88133099430385,True,"Extrapolative model-domain sensitivity with diameter and height scaled together and nominal mass flow scaled with cross-sectional area to preserve superficial velocity. Shell stress, manifolds, valves, heat exchangers, installation count, cost and EPC feasibility are not solved.",True,True,True,True,True
S10MW_8H,10.0,8.0,80.0,G0175_T1_homogeneous_none__SOLAR_SALT_60_40_V10__MODULE_SCALE_1,G0175,T1_homogeneous_none,SOLAR_SALT_60_40_V10,Solar Salt (NaNO3-KNO3 60:40 wt%),homogeneous,none,Tier_2_unit_pair_partial,False,2274,446,2371,2274,2274,8916,0.05,True,0.05736043017110445,4.397537379067722,0.19604966487391715,0.9313552451910511,0.9711147974774411,0.03518591332176968,0.9,"time integral of positive outlet enthalpy flow following the simulated charge end state, with linear within-step interpolation at the registered outlet-grade threshold",True,0.9999999999895675,True,525.0,run-wise frozen at the registered transport-property temperature,7.415554556860453,7.415554556860453,1.0,0.0,0.0,0.0,6.221522612621201,0.0,14,binary_monotone_bracket_with_adjacent_verification,MINIMAL_INTEGER_COUNT_BINARY_BRACKET,False,0.015958617130307218,1870.3745014774006,80.01276689370424,8.001276689370425,0.042772182756345506,1423.0175458539215,2896.0461940849377,0.015958617130307218,410.0748326415743,0.0011904511306512807,0.001172448953268643,1.8002177382626116e-05,48.362249814402325,3.985902904566803,44.376346909835526,47,49,1.000286700835402,0.25109394400626084,0.036480570956920165,0.03685861805879592,1.5,"two-level balanced square-array Darcy-Weisbach friction screen with one trunk and one lateral supply-return pair; uniform module flow is prescribed and fittings, valves, heat exchangers and site-specific manifolds are excluded",3.592285152687087,0.0003592285152687087,"frictional energy for the modeled packed bed plus the registered balanced on-array trunk-and-lateral header screen; fittings, valves, heat exchangers, external piping and pump efficiency excluded",True,"parallel modular packed zones; discrete unit count, bed friction and a geometry-normalized on-array header-friction screen are included. Tank shells, fittings, valves, heat exchangers, site-specific trunk routing, flow maldistribution and balance of plant are excluded. Hydraulic values are screening metrics, not installed-pump specifications.",G0175_T1_homogeneous_none__SOLAR_SALT_60_40_V10,1.0,0.8002293606683215,1.635382205834237,2048,22.430731426630356,0.8225041783102025,48.36344026553298,0.0024614690851504123,40625.145013675574,False,"Extrapolative model-domain sensitivity with diameter and height scaled together and nominal mass flow scaled with cross-sectional area to preserve superficial velocity. Shell stress, manifolds, valves, heat exchangers, installation count, cost and EPC feasibility are not solved.",False,False,False,True,True
S10MW_8H,10.0,8.0,80.0,G0175_T1_homogeneous_none__SOLAR_SALT_60_40_V10__MODULE_SCALE_2,G0175,T1_homogeneous_none,SOLAR_SALT_60_40_V10,Solar Salt (NaNO3-KNO3 60:40 wt%),homogeneous,none,Tier_2_unit_pair_partial,False,285,112,291,285,285,2229,0.05,True,0.45767585336523336,35.08771929824562,0.3910674894063926,0.9512738179470961,0.9695156796620552,0.2810237863313221,0.9,"time integral of positive outlet enthalpy flow following the simulated charge end state, with linear within-step interpolation at the registered outlet-grade threshold",True,0.999999999978787,True,525.0,run-wise frozen at the registered transport-property temperature,7.434923417114544,7.434923417114544,1.0,0.0,0.0,0.0,6.221522612621201,0.0,11,binary_monotone_bracket_with_adjacent_verification,MINIMAL_INTEGER_COUNT_BINARY_BRACKET,False,0.11472388053348492,1875.3095265472616,80.09177910442679,8.009177910442679,0.04265962438067092,1426.7722095632987,2903.687476918935,0.11472388053348492,155.71033826358604,0.004820714675140916,0.004677454245145703,0.00014326042999544033,20.352676351337067,2.8698836570529918,17.482792694284075,16,18,2.000573401670804,0.25109394400626084,0.061325100558704215,0.0631030078772391,1.5,"two-level balanced square-array Darcy-Weisbach friction screen with one trunk and one lateral supply-return pair; uniform module flow is prescribed and fittings, valves, heat exchangers and site-specific manifolds are excluded",1.5120912419504589,0.0001512091241950459,"frictional energy for the modeled packed bed plus the registered balanced on-array trunk-and-lateral header screen; fittings, valves, heat exchangers, external piping and pump efficiency excluded",True,"parallel modular packed zones; discrete unit count, bed friction and a geometry-normalized on-array header-friction screen are included. Tank shells, fittings, valves, heat exchangers, site-specific trunk routing, flow maldistribution and balance of plant are excluded. Hydraulic values are screening metrics, not installed-pump specifications.",G0175_T1_homogeneous_none__SOLAR_SALT_60_40_V10,2.0,1.600458721336643,3.270764411668474,4096,89.72292570652142,6.58003342648162,20.357497066012208,0.02368029163658495,4221.920964600987,True,"Extrapolative model-domain sensitivity with diameter and height scaled together and nominal mass flow scaled with cross-sectional area to preserve superficial velocity. Shell stress, manifolds, valves, heat exchangers, installation count, cost and EPC feasibility are not solved.",False,True,True,True,True
S10MW_8H,10.0,8.0,80.0,G0175_T1_homogeneous_none__SOLAR_SALT_60_40_V10__MODULE_SCALE_4,G0175,T1_homogeneous_none,SOLAR_SALT_60_40_V10,Solar Salt (NaNO3-KNO3 60:40 wt%),homogeneous,none,Tier_2_unit_pair_partial,False,36,28,36,36,36,557,0.05,True,3.623267172474764,277.77777777777777,0.773987739450152,0.9654548620463476,0.9694531390890698,2.2480452665814386,0.9,"time integral of positive outlet enthalpy flow following the simulated charge end state, with linear within-step interpolation at the registered outlet-grade threshold",True,0.9999999999548054,True,525.0,run-wise frozen at the registered transport-property temperature,7.5131857688840284,7.5131857688840284,1.0,0.0,0.0,0.0,6.221522612621201,0.0,5,binary_monotone_bracket_with_adjacent_verification,MINIMAL_INTEGER_COUNT_BINARY_BRACKET,False,1.1620369961647503,1895.0496268267066,80.9296295969318,8.09296295969318,0.04221525329337226,1441.7908644008069,2934.2526082549234,1.1620369961647503,29.201013017390842,0.019637254113343938,0.018514923053703742,0.0011223310596431767,9.91153891430438,2.493790221425224,7.417748692879155,6,6,4.001146803341608,0.25109394400626084,0.10250867338638495,0.10250867338638495,1.5,"two-level balanced square-array Darcy-Weisbach friction screen with one trunk and one lateral supply-return pair; uniform module flow is prescribed and fittings, valves, heat exchangers and site-specific manifolds are excluded",0.737656719676157,7.37656719676157e-05,"frictional energy for the modeled packed bed plus the registered balanced on-array trunk-and-lateral header screen; fittings, valves, heat exchangers, external piping and pump efficiency excluded",True,"parallel modular packed zones; discrete unit count, bed friction and a geometry-normalized on-array header-friction screen are included. Tank shells, fittings, valves, heat exchangers, site-specific trunk routing, flow maldistribution and balance of plant are excluded. Hydraulic values are screening metrics, not installed-pump specifications.",G0175_T1_homogeneous_none__SOLAR_SALT_60_40_V10,4.0,3.200917442673286,6.541528823336948,8192,358.8917028260857,52.64026741185296,9.931176168417723,0.19773341828123697,504.73140781782087,True,"Extrapolative model-domain sensitivity with diameter and height scaled together and nominal mass flow scaled with cross-sectional area to preserve superficial velocity. Shell stress, manifolds, valves, heat exchangers, installation count, cost and EPC feasibility are not solved.",True,True,True,True,True
S10MW_8H,10.0,8.0,80.0,G0161_T1_homogeneous_none__AIP_FLINAK_2017_V10__MODULE_SCALE_1,G0161,T1_homogeneous_none,AIP_FLINAK_2017_V10,FLiNaK (LiF-NaF-KF),homogeneous,none,Tier_3_hypothetical_common_skeleton,False,1279,559,1303,1279,1279,11166,0.05,True,0.0831766839119658,7.818608287724785,0.4365278580553157,0.9532814145667227,0.9712030615601305,0.06255132993848604,0.9,"time integral of positive outlet enthalpy flow following the simulated charge end state, with linear within-step interpolation at the registered outlet-grade threshold",True,0.9999999999917975,True,525.0,run-wise frozen at the registered transport-property temperature,7.4144097150354575,7.4144097150354575,1.0,0.0,0.0,0.0,5.1550807967295205,0.0,13,binary_monotone_bracket_with_adjacent_verification,MINIMAL_INTEGER_COUNT_BINARY_BRACKET,False,0.0039387391545409045,1595.410999858664,80.00315099132364,8.000315099132363,0.050143818744566214,1425.617616052607,2510.3173999756696,0.0039387391545409045,129.08045421313807,0.002591145537909969,0.0025848818931568703,6.2636447531545425e-06,84.78779991459753,7.826725848196092,76.96107406640145,35,37,1.3876824817744169,0.20701184710098994,0.034730511426709826,0.03520957559408078,1.5,"two-level balanced square-array Darcy-Weisbach friction screen with one trunk and one lateral supply-return pair; uniform module flow is prescribed and fittings, valves, heat exchangers and site-specific manifolds are excluded",4.280733383843067,0.0004280733383843067,"frictional energy for the modeled packed bed plus the registered balanced on-array trunk-and-lateral header screen; fittings, valves, heat exchangers, external piping and pump efficiency excluded",True,"parallel modular packed zones; discrete unit count, bed friction and a geometry-normalized on-array header-friction screen are included. Tank shells, fittings, valves, heat exchangers, site-specific trunk routing, flow maldistribution and balance of plant are excluded. Hydraulic values are screening metrics, not installed-pump specifications.",G0161_T1_homogeneous_none__AIP_FLINAK_2017_V10,1.0,1.1101459854195335,1.2887004219486196,2048,17.910903378665996,1.2473893665822235,84.79039106013543,0.003055942431109045,32722.129526922592,False,"Extrapolative model-domain sensitivity with diameter and height scaled together and nominal mass flow scaled with cross-sectional area to preserve superficial velocity. Shell stress, manifolds, valves, heat exchangers, installation count, cost and EPC feasibility are not solved.",False,False,False,True,True
S10MW_8H,10.0,8.0,80.0,G0161_T1_homogeneous_none__AIP_FLINAK_2017_V10__MODULE_SCALE_2,G0161,T1_homogeneous_none,AIP_FLINAK_2017_V10,FLiNaK (LiF-NaF-KF),homogeneous,none,Tier_3_hypothetical_common_skeleton,False,161,140,161,161,161,2791,0.05,True,0.6607638430025109,62.11180124223603,0.8669551715104795,0.9668749339378819,0.9693445954729771,0.49945306818219437,0.9,"time integral of positive outlet enthalpy flow following the simulated charge end state, with linear within-step interpolation at the registered outlet-grade threshold",True,0.9999999999838073,True,525.0,run-wise frozen at the registered transport-property temperature,7.4661712079581495,7.4661712079581495,1.0,0.0,0.0,0.0,5.1550807967295205,0.0,7,binary_monotone_bracket_with_adjacent_verification,MINIMAL_INTEGER_COUNT_BINARY_BRACKET,False,0.5149299716666,1606.637504157904,80.41194397733328,8.041194397733328,0.04979343491793493,1435.6493271898032,2527.981869561112,0.5149299716666,15.346217758609026,0.010316690642357922,0.010267279320956056,4.941132140274532e-05,36.33679244200622,5.691573113473945,30.64521932853227,12,14,2.7753649635488338,0.20701184710098994,0.0588239167843465,0.061044463367616854,1.5,"two-level balanced square-array Darcy-Weisbach friction screen with one trunk and one lateral supply-return pair; uniform module flow is prescribed and fittings, valves, heat exchangers and site-specific manifolds are excluded",1.8350225954255366,0.00018350225954255365,"frictional energy for the modeled packed bed plus the registered balanced on-array trunk-and-lateral header screen; fittings, valves, heat exchangers, external piping and pump efficiency excluded",True,"parallel modular packed zones; discrete unit count, bed friction and a geometry-normalized on-array header-friction screen are included. Tank shells, fittings, valves, heat exchangers, site-specific trunk routing, flow maldistribution and balance of plant are excluded. Hydraulic values are screening metrics, not installed-pump specifications.",G0161_T1_homogeneous_none__AIP_FLINAK_2017_V10,2.0,2.220291970839067,2.577400843897239,4096,71.64361351466398,9.979114932657788,36.347109132648576,0.028383799670854745,3522.136477836782,True,"Extrapolative model-domain sensitivity with diameter and height scaled together and nominal mass flow scaled with cross-sectional area to preserve superficial velocity. Shell stress, manifolds, valves, heat exchangers, installation count, cost and EPC feasibility are not solved.",False,True,True,True,True
S10MW_8H,10.0,8.0,80.0,G0161_T1_homogeneous_none__AIP_FLINAK_2017_V10__MODULE_SCALE_4,G0161,T1_homogeneous_none,AIP_FLINAK_2017_V10,FLiNaK (LiF-NaF-KF),homogeneous,none,Tier_3_hypothetical_common_skeleton,False,35,35,20,20,20,697,0.05,True,3.03951367781155,285.7142857142857,0.9969984472370513,0.9765323749103982,0.9765703560916963,4.025409027284337,0.9,"time integral of positive outlet enthalpy flow following the simulated charge end state, with linear within-step interpolation at the registered outlet-grade threshold",True,0.9999999999679328,True,525.0,run-wise frozen at the registered transport-property temperature,12.984287460962415,12.984287460962415,1.0,0.0,0.0,0.0,5.1550807967295205,0.0,1,binary_monotone_bracket_with_adjacent_verification,MINIMAL_INTEGER_COUNT_BINARY_BRACKET,False,76.11164494368974,2794.1521811441808,140.8893159549518,14.088931595495179,0.028631225077812586,2496.781438590962,4396.490207932369,76.11164494368974,0.3010589205295844,0.02374543538330716,0.023614742438194367,0.00013069294511024727,25.54227946538633,5.632486309608517,19.90979315577781,5,7,5.5507299270976675,0.20701184710098994,0.09257851245312125,0.09257851245312125,1.5,"two-level balanced square-array Darcy-Weisbach friction screen with one trunk and one lateral supply-return pair; uniform module flow is prescribed and fittings, valves, heat exchangers and site-specific manifolds are excluded",1.2907280520415243,0.00012907280520415245,"frictional energy for the modeled packed bed plus the registered balanced on-array trunk-and-lateral header screen; fittings, valves, heat exchangers, external piping and pump efficiency excluded",True,"parallel modular packed zones; discrete unit count, bed friction and a geometry-normalized on-array header-friction screen are included. Tank shells, fittings, valves, heat exchangers, site-specific trunk routing, flow maldistribution and balance of plant are excluded. Hydraulic values are screening metrics, not installed-pump specifications.",G0161_T1_homogeneous_none__AIP_FLINAK_2017_V10,4.0,4.440583941678134,5.154801687794478,8192,286.57445405865593,79.8329194612623,25.566024900769637,0.09287887137508158,1075.671136497347,True,"Extrapolative model-domain sensitivity with diameter and height scaled together and nominal mass flow scaled with cross-sectional area to preserve superficial velocity. Shell stress, manifolds, valves, heat exchangers, installation count, cost and EPC feasibility are not solved.",True,True,True,True,True
S10MW_8H,10.0,8.0,80.0,G0011_T1_homogeneous_none__AIP_FLINAK_2017_V10__MODULE_SCALE_1,G0011,T1_homogeneous_none,AIP_FLINAK_2017_V10,FLiNaK (LiF-NaF-KF),homogeneous,none,Tier_3_hypothetical_common_skeleton,False,841,700,845,841,841,13989,0.05,True,0.12649581298859008,11.890606420927467,0.8316908262573962,0.9657666632314866,0.9694281798728185,0.09513028531617869,0.9,"time integral of positive outlet enthalpy flow following the simulated charge end state, with linear within-step interpolation at the registered outlet-grade threshold",True,0.9999999999994316,True,525.0,run-wise frozen at the registered transport-property temperature,7.427714138619583,7.427714138619583,1.0,0.0,0.0,0.0,4.592357427740836,0.0,11,binary_monotone_bracket_with_adjacent_verification,MINIMAL_INTEGER_COUNT_BINARY_BRACKET,False,0.005712438632832217,1595.566252281314,80.00456995090627,8.000456995090627,0.05013893963075324,1477.4324538401338,2443.5624416249016,0.005712438632832217,20.236988124540712,0.004097871704305843,0.004082004994348817,1.5866709956889603e-05,62.36996818702264,6.737807219244969,55.63216096777767,29,29,1.4171749082009675,0.20701184710098994,0.03844113495407448,0.03844113495407448,1.5,"two-level balanced square-array Darcy-Weisbach friction screen with one trunk and one lateral supply-return pair; uniform module flow is prescribed and fittings, valves, heat exchangers and site-specific manifolds are excluded",3.149021292687014,0.0003149021292687014,"frictional energy for the modeled packed bed plus the registered balanced on-array trunk-and-lateral header screen; fittings, valves, heat exchangers, external piping and pump efficiency excluded",True,"parallel modular packed zones; discrete unit count, bed friction and a geometry-normalized on-array header-friction screen are included. Tank shells, fittings, valves, heat exchangers, site-specific trunk routing, flow maldistribution and balance of plant are excluded. Hydraulic values are screening metrics, not installed-pump specifications.",G0011_T1_homogeneous_none__AIP_FLINAK_2017_V10,1.0,1.133739926560774,1.879325827107074,2048,14.296907030266434,1.8972250324391369,62.374066058726946,0.0065698325654248374,15220.088057292602,False,"Extrapolative model-domain sensitivity with diameter and height scaled together and nominal mass flow scaled with cross-sectional area to preserve superficial velocity. Shell stress, manifolds, valves, heat exchangers, installation count, cost and EPC feasibility are not solved.",False,False,True,True,True
S10MW_8H,10.0,8.0,80.0,G0011_T1_homogeneous_none__AIP_FLINAK_2017_V10__MODULE_SCALE_2,G0011,T1_homogeneous_none,AIP_FLINAK_2017_V10,FLiNaK (LiF-NaF-KF),homogeneous,none,Tier_3_hypothetical_common_skeleton,False,175,175,105,105,105,3497,0.05,True,0.60790273556231,57.142857142857146,0.9992171212606716,0.975760984145119,0.975772394754396,0.7660227605829625,0.9,"time integral of positive outlet enthalpy flow following the simulated charge end state, with linear within-step interpolation at the registered outlet-grade threshold",True,0.9999999999837199,True,525.0,run-wise frozen at the registered transport-property temperature,12.365092194397494,12.365092194397494,1.0,0.0,0.0,0.0,4.592357427740836,0.0,1,binary_monotone_bracket_with_adjacent_verification,MINIMAL_INTEGER_COUNT_BINARY_BRACKET,False,67.56747887752303,2656.1150454147914,134.05398310201844,13.405398310201843,0.030119177306759625,2459.459495096537,4067.761496165116,67.56747887752303,0.07834921186504751,0.00985427984758468,0.009808474857849978,4.5804989734769975e-05,39.237812332865374,6.243302167981183,32.99451016488419,13,14,2.834349816401935,0.20701184710098994,0.056421918887818626,0.058551792348425086,1.5,"two-level balanced square-array Darcy-Weisbach friction screen with one trunk and one lateral supply-return pair; uniform module flow is prescribed and fittings, valves, heat exchangers and site-specific manifolds are excluded",1.9814603353795983,0.00019814603353795983,"frictional energy for the modeled packed bed plus the registered balanced on-array trunk-and-lateral header screen; fittings, valves, heat exchangers, external piping and pump efficiency excluded",True,"parallel modular packed zones; discrete unit count, bed friction and a geometry-normalized on-array header-friction screen are included. Tank shells, fittings, valves, heat exchangers, site-specific trunk routing, flow maldistribution and balance of plant are excluded. Hydraulic values are screening metrics, not installed-pump specifications.",G0011_T1_homogeneous_none__AIP_FLINAK_2017_V10,2.0,2.267479853121548,3.758651654214148,4096,57.187628121065735,15.177800259513095,39.24766661271296,0.02510793812234615,3981.8041439611343,True,"Extrapolative model-domain sensitivity with diameter and height scaled together and nominal mass flow scaled with cross-sectional area to preserve superficial velocity. Shell stress, manifolds, valves, heat exchangers, installation count, cost and EPC feasibility are not solved.",False,True,True,True,True
S10MW_8H,10.0,8.0,80.0,G0011_T1_homogeneous_none__AIP_FLINAK_2017_V10__MODULE_SCALE_4,G0011,T1_homogeneous_none,AIP_FLINAK_2017_V10,FLiNaK (LiF-NaF-KF),homogeneous,none,Tier_3_hypothetical_common_skeleton,False,44,44,13,13,13,874,0.05,True,2.4177949709864603,227.27272727272728,0.9935397512535088,0.9828442489841861,0.9829112437899367,6.173016481496304,0.9,"time integral of positive outlet enthalpy flow following the simulated charge end state, with linear within-step interpolation at the registered outlet-grade threshold",True,0.9999999999678446,True,525.0,run-wise frozen at the registered transport-property temperature,24.87079016809319,24.87079016809319,1.0,0.0,0.0,0.0,4.592357427740836,0.0,1,binary_monotone_bracket_with_adjacent_verification,MINIMAL_INTEGER_COUNT_BINARY_BRACKET,False,239.5159064822967,5342.5856913486095,271.61272518583735,27.161272518583736,0.014974022808758336,4947.027098708462,8182.0116951435475,239.5159064822967,0.6502254930756957,0.019596061688559187,0.01950548977413504,9.05719144258303e-05,30.493551365896682,6.3784356214924935,24.11511574440419,6,8,5.66869963280387,0.20701184710098994,0.08256916300361136,0.0882701481920583,1.5,"two-level balanced square-array Darcy-Weisbach friction screen with one trunk and one lateral supply-return pair; uniform module flow is prescribed and fittings, valves, heat exchangers and site-specific manifolds are excluded",1.5404888125442344,0.00015404888125442344,"frictional energy for the modeled packed bed plus the registered balanced on-array trunk-and-lateral header screen; fittings, valves, heat exchangers, external piping and pump efficiency excluded",True,"parallel modular packed zones; discrete unit count, bed friction and a geometry-normalized on-array header-friction screen are included. Tank shells, fittings, valves, heat exchangers, site-specific trunk routing, flow maldistribution and balance of plant are excluded. Hydraulic values are screening metrics, not installed-pump specifications.",G0011_T1_homogeneous_none__AIP_FLINAK_2017_V10,4.0,4.534959706243096,7.517303308428296,8192,228.75051248426294,121.42240207610476,30.513147427585242,0.06422169897440169,1556.1061120612721,True,"Extrapolative model-domain sensitivity with diameter and height scaled together and nominal mass flow scaled with cross-sectional area to preserve superficial velocity. Shell stress, manifolds, valves, heat exchangers, installation count, cost and EPC feasibility are not solved.",True,True,True,True,True
S10MW_8H,10.0,8.0,80.0,G0127_T1_homogeneous_none__AIP_FLINAK_2017_V10__MODULE_SCALE_1,G0127,T1_homogeneous_none,AIP_FLINAK_2017_V10,FLiNaK (LiF-NaF-KF),homogeneous,none,Tier_3_hypothetical_common_skeleton,False,1409,573,1435,1409,1409,11458,0.05,True,0.07550246893073403,7.097232079488999,0.4066072765914122,0.9606815872103792,0.9780313730647355,0.05678349860517294,0.9,"time integral of positive outlet enthalpy flow following the simulated charge end state, with linear within-step interpolation at the registered outlet-grade threshold",True,0.9999999999908996,True,525.0,run-wise frozen at the registered transport-property temperature,7.362814315296171,7.362814315296171,1.0,0.0,0.0,0.0,5.631505963638052,0.0,13,binary_monotone_bracket_with_adjacent_verification,MINIMAL_INTEGER_COUNT_BINARY_BRACKET,False,0.009936918360842206,1567.9198317168093,80.00794953468868,8.000794953468867,0.05102301685437782,1705.2489467356397,2072.6631899947597,0.009936918360842206,145.93755635240902,0.0025875656950659146,0.0025780433726204314,9.522322445425823e-06,72.86064082943778,6.602560842253342,66.25807998718444,37,39,1.1033250763250884,0.20701184710098994,0.03399628819473263,0.034440702981147396,1.5,"two-level balanced square-array Darcy-Weisbach friction screen with one trunk and one lateral supply-return pair; uniform module flow is prescribed and fittings, valves, heat exchangers and site-specific manifolds are excluded",3.6785778476291537,0.0003678577847629154,"frictional energy for the modeled packed bed plus the registered balanced on-array trunk-and-lateral header screen; fittings, valves, heat exchangers, external piping and pump efficiency excluded",True,"parallel modular packed zones; discrete unit count, bed friction and a geometry-normalized on-array header-friction screen are included. Tank shells, fittings, valves, heat exchangers, site-specific trunk routing, flow maldistribution and balance of plant are excluded. Hydraulic values are screening metrics, not installed-pump specifications.",G0127_T1_homogeneous_none__AIP_FLINAK_2017_V10,1.0,0.8826600610600707,1.8185951435498344,2048,17.454759144954508,1.1127890927727533,72.86322839513285,0.003551264131522835,28157.986855511223,False,"Extrapolative model-domain sensitivity with diameter and height scaled together and nominal mass flow scaled with cross-sectional area to preserve superficial velocity. Shell stress, manifolds, valves, heat exchangers, installation count, cost and EPC feasibility are not solved.",False,False,False,True,True
S10MW_8H,10.0,8.0,80.0,G0127_T1_homogeneous_none__AIP_FLINAK_2017_V10__MODULE_SCALE_2,G0127,T1_homogeneous_none,AIP_FLINAK_2017_V10,FLiNaK (LiF-NaF-KF),homogeneous,none,Tier_3_hypothetical_common_skeleton,False,177,144,178,177,177,2864,0.05,True,0.6010337780983291,56.49717514124294,0.8091944247419489,0.9721217163830117,0.9753343628084633,0.45301530364258236,0.9,"time integral of positive outlet enthalpy flow following the simulated charge end state, with linear within-step interpolation at the registered outlet-grade threshold",True,0.9999999999805372,True,525.0,run-wise frozen at the registered transport-property temperature,7.399102754251795,7.399102754251795,1.0,0.0,0.0,0.0,5.631505963638052,0.0,9,binary_monotone_bracket_with_adjacent_verification,MINIMAL_INTEGER_COUNT_BINARY_BRACKET,False,0.22963593092133472,1575.7093553662187,80.18370874473707,8.018370874473707,0.05077078442642539,1713.7207300054408,2082.9603101721646,0.22963593092133472,23.5796947462779,0.0103366224948871,0.01026119523170186,7.542726318577655e-05,30.750514156335957,4.877261039080175,25.873253117255782,13,14,2.2066501526501767,0.20701184710098994,0.05610224538655425,0.058220051478311455,1.5,"two-level balanced square-array Darcy-Weisbach friction screen with one trunk and one lateral supply-return pair; uniform module flow is prescribed and fittings, valves, heat exchangers and site-specific manifolds are excluded",1.55299438058926,0.000155299438058926,"frictional energy for the modeled packed bed plus the registered balanced on-array trunk-and-lateral header screen; fittings, valves, heat exchangers, external piping and pump efficiency excluded",True,"parallel modular packed zones; discrete unit count, bed friction and a geometry-normalized on-array header-friction screen are included. Tank shells, fittings, valves, heat exchangers, site-specific trunk routing, flow maldistribution and balance of plant are excluded. Hydraulic values are screening metrics, not installed-pump specifications.",G0127_T1_homogeneous_none__AIP_FLINAK_2017_V10,2.0,1.7653201221201413,3.637190287099669,4096,69.81903657981803,8.902312742182026,30.760850778830843,0.03360317492258897,2974.90927733371,True,"Extrapolative model-domain sensitivity with diameter and height scaled together and nominal mass flow scaled with cross-sectional area to preserve superficial velocity. Shell stress, manifolds, valves, heat exchangers, installation count, cost and EPC feasibility are not solved.",False,True,True,True,True
S10MW_8H,10.0,8.0,80.0,G0127_T1_homogeneous_none__AIP_FLINAK_2017_V10__MODULE_SCALE_4,G0127,T1_homogeneous_none,AIP_FLINAK_2017_V10,FLiNaK (LiF-NaF-KF),homogeneous,none,Tier_3_hypothetical_common_skeleton,False,36,36,22,22,22,716,0.05,True,2.955082742316785,277.77777777777777,0.9946348137453123,0.9802510502271065,0.9803107377255603,3.64261351552147,0.9,"time integral of positive outlet enthalpy flow following the simulated charge end state, with linear within-step interpolation at the registered outlet-grade threshold",True,0.9999999999621637,True,525.0,run-wise frozen at the registered transport-property temperature,12.039218040820316,12.039218040820316,1.0,0.0,0.0,0.0,5.631505963638052,0.0,1,binary_monotone_bracket_with_adjacent_verification,MINIMAL_INTEGER_COUNT_BINARY_BRACKET,False,63.91760819846613,2563.866069748424,131.1340865587729,13.11340865587729,0.0312028779287406,2788.4269505173274,3389.223555534369,63.91760819846613,0.5394126749379557,0.025453356943860972,0.025225438277935042,0.00022791866592849014,20.8258777140193,5.158377528711343,15.667500185307954,6,6,4.413300305300353,0.20701184710098994,0.08451223268474574,0.08451223268474574,1.5,"two-level balanced square-array Darcy-Weisbach friction screen with one trunk and one lateral supply-return pair; uniform module flow is prescribed and fittings, valves, heat exchangers and site-specific manifolds are excluded",1.052701702363084,0.0001052701702363084,"frictional energy for the modeled packed bed plus the registered balanced on-array trunk-and-lateral header screen; fittings, valves, heat exchangers, external piping and pump efficiency excluded",True,"parallel modular packed zones; discrete unit count, bed friction and a geometry-normalized on-array header-friction screen are included. Tank shells, fittings, valves, heat exchangers, site-specific trunk routing, flow maldistribution and balance of plant are excluded. Hydraulic values are screening metrics, not installed-pump specifications.",G0127_T1_homogeneous_none__AIP_FLINAK_2017_V10,4.0,3.5306402442402827,7.274380574199338,8192,279.27614631927213,71.21850193745621,20.85133107096316,0.12207065753853208,818.1976844921526,True,"Extrapolative model-domain sensitivity with diameter and height scaled together and nominal mass flow scaled with cross-sectional area to preserve superficial velocity. Shell stress, manifolds, valves, heat exchangers, installation count, cost and EPC feasibility are not solved.",True,True,True,True,True
S10MW_8H,10.0,8.0,80.0,G0184_T1_homogeneous_none__AIP_FLINAK_2017_V10__MODULE_SCALE_1,G0184,T1_homogeneous_none,AIP_FLINAK_2017_V10,FLiNaK (LiF-NaF-KF),homogeneous,none,Tier_3_hypothetical_common_skeleton,False,1454,509,1485,1454,1454,10166,0.05,True,0.07316573502297403,6.87757909215956,0.34961720542065094,0.957997807105496,0.9785598256744249,0.05505253400909304,0.9,"time integral of positive outlet enthalpy flow following the simulated charge end state, with linear within-step interpolation at the registered outlet-grade threshold",True,0.9999999999999915,True,525.0,run-wise frozen at the registered transport-property temperature,7.362909888556201,7.362909888556201,1.0,0.0,0.0,0.0,5.790955388750883,0.0,13,binary_monotone_bracket_with_adjacent_verification,MINIMAL_INTEGER_COUNT_BINARY_BRACKET,False,0.05798056152659381,1562.3800567739245,80.04638444922128,8.004638444922128,0.05120393060135941,1801.0014950801367,1933.3831823533005,0.05798056152659381,186.02711322425458,0.0021155978375284514,0.002106614914801461,8.982922726941799e-06,70.82963318551647,6.423206563514939,64.40642662200155,38,39,1.0509426433509348,0.20701184710098994,0.0334660761935904,0.03390355980999353,1.5,"two-level balanced square-array Darcy-Weisbach friction screen with one trunk and one lateral supply-return pair; uniform module flow is prescribed and fittings, valves, heat exchangers and site-specific manifolds are excluded",3.576016431364772,0.0003576016431364772,"frictional energy for the modeled packed bed plus the registered balanced on-array trunk-and-lateral header screen; fittings, valves, heat exchangers, external piping and pump efficiency excluded",True,"parallel modular packed zones; discrete unit count, bed friction and a geometry-normalized on-array header-friction screen are included. Tank shells, fittings, valves, heat exchangers, site-specific trunk routing, flow maldistribution and balance of plant are excluded. Hydraulic values are screening metrics, not installed-pump specifications.",G0184_T1_homogeneous_none__AIP_FLINAK_2017_V10,1.0,0.8407541146807479,1.9355054383151218,2048,19.671740937018882,1.074539241247541,70.831748783354,0.0029867931737775095,33479.724704324355,False,"Extrapolative model-domain sensitivity with diameter and height scaled together and nominal mass flow scaled with cross-sectional area to preserve superficial velocity. Shell stress, manifolds, valves, heat exchangers, installation count, cost and EPC feasibility are not solved.",False,False,False,True,True
S10MW_8H,10.0,8.0,80.0,G0184_T1_homogeneous_none__AIP_FLINAK_2017_V10__MODULE_SCALE_2,G0184,T1_homogeneous_none,AIP_FLINAK_2017_V10,FLiNaK (LiF-NaF-KF),homogeneous,none,Tier_3_hypothetical_common_skeleton,False,183,128,184,183,183,2541,0.05,True,0.5813277525869085,54.6448087431694,0.6944582195104188,0.9702000712401281,0.9758081497551244,0.43918182570979547,0.9,"time integral of positive outlet enthalpy flow following the simulated charge end state, with linear within-step interpolation at the registered outlet-grade threshold",True,0.999999999992394,True,525.0,run-wise frozen at the registered transport-property temperature,7.412721332912394,7.412721332912394,1.0,0.0,0.0,0.0,5.790955388750883,0.0,9,binary_monotone_bracket_with_adjacent_verification,MINIMAL_INTEGER_COUNT_BINARY_BRACKET,False,0.4628426311157119,1573.1254491864,80.37027410489257,8.037027410489257,0.05085417697703318,1813.3880253076481,1946.6801781053864,0.4628426311157119,43.997143658978224,0.00843978686921322,0.008368901874648468,7.088499456460295e-05,30.362748514972235,4.705815314602289,25.656933200369945,13,15,2.1018852867018696,0.20701184710098994,0.05725767029354419,0.059267319416632006,1.5,"two-level balanced square-array Darcy-Weisbach friction screen with one trunk and one lateral supply-return pair; uniform module flow is prescribed and fittings, valves, heat exchangers and site-specific manifolds are excluded",1.5333218545774805,0.00015333218545774804,"frictional energy for the modeled packed bed plus the registered balanced on-array trunk-and-lateral header screen; fittings, valves, heat exchangers, external piping and pump efficiency excluded",True,"parallel modular packed zones; discrete unit count, bed friction and a geometry-normalized on-array header-friction screen are included. Tank shells, fittings, valves, heat exchangers, site-specific trunk routing, flow maldistribution and balance of plant are excluded. Hydraulic values are screening metrics, not installed-pump specifications.",G0184_T1_homogeneous_none__AIP_FLINAK_2017_V10,2.0,1.6815082293614958,3.8710108766302436,4096,78.68696374807553,8.596313929980328,30.37118830184145,0.0277887937256031,3597.5728991131186,True,"Extrapolative model-domain sensitivity with diameter and height scaled together and nominal mass flow scaled with cross-sectional area to preserve superficial velocity. Shell stress, manifolds, valves, heat exchangers, installation count, cost and EPC feasibility are not solved.",False,True,True,True,True
S10MW_8H,10.0,8.0,80.0,G0184_T1_homogeneous_none__AIP_FLINAK_2017_V10__MODULE_SCALE_4,G0184,T1_homogeneous_none,AIP_FLINAK_2017_V10,FLiNaK (LiF-NaF-KF),homogeneous,none,Tier_3_hypothetical_common_skeleton,False,32,32,23,23,23,635,0.05,True,3.324468085106383,312.5,0.9928582357063018,0.9788790857434231,0.9789623412666,3.5248114576332963,0.9,"time integral of positive outlet enthalpy flow following the simulated charge end state, with linear within-step interpolation at the registered outlet-grade threshold",True,0.9999999999996948,True,525.0,run-wise frozen at the registered transport-property temperature,10.369708531290735,10.369708531290735,1.0,0.0,0.0,0.0,5.790955388750883,0.0,1,binary_monotone_bracket_with_adjacent_verification,MINIMAL_INTEGER_COUNT_BINARY_BRACKET,False,40.992458305331844,2200.656366074964,112.79396664426548,11.279396664426548,0.03635279057342606,2536.7613905943053,2723.224730027207,40.992458305331844,0.7193135975366749,0.024219607555510645,0.023929828797818728,0.00028977875768719166,18.340763262142104,4.083813404523195,14.25694985761891,5,7,4.203770573403739,0.20701184710098994,0.08963875923689865,0.09682092585689209,1.5,"two-level balanced square-array Darcy-Weisbach friction screen with one trunk and one lateral supply-return pair; uniform module flow is prescribed and fittings, valves, heat exchangers and site-specific manifolds are excluded",0.9271757599073284,9.271757599073284e-05,"frictional energy for the modeled packed bed plus the registered balanced on-array trunk-and-lateral header screen; fittings, valves, heat exchangers, external piping and pump efficiency excluded",True,"parallel modular packed zones; discrete unit count, bed friction and a geometry-normalized on-array header-friction screen are included. Tank shells, fittings, valves, heat exchangers, site-specific trunk routing, flow maldistribution and balance of plant are excluded. Hydraulic values are screening metrics, not installed-pump specifications.",G0184_T1_homogeneous_none__AIP_FLINAK_2017_V10,4.0,3.3630164587229916,7.742021753260487,8192,314.7478549923021,68.77051143984262,18.364982869697617,0.13187928204100433,757.2692175174847,True,"Extrapolative model-domain sensitivity with diameter and height scaled together and nominal mass flow scaled with cross-sectional area to preserve superficial velocity. Shell stress, manifolds, valves, heat exchangers, installation count, cost and EPC feasibility are not solved.",True,True,True,True,True
S10MW_8H,10.0,8.0,80.0,G0213_T1_homogeneous_none__AIP_FLINAK_2017_V10__MODULE_SCALE_1,G0213,T1_homogeneous_none,AIP_FLINAK_2017_V10,FLiNaK (LiF-NaF-KF),homogeneous,none,Tier_3_hypothetical_common_skeleton,False,2565,641,2655,2565,2565,12815,0.05,True,0.04147484550620049,3.898635477582846,0.24980733940883076,0.9390647787240045,0.9720470662372555,0.0311967208564321,0.9,"time integral of positive outlet enthalpy flow following the simulated charge end state, with linear within-step interpolation at the registered outlet-grade threshold",True,0.9999999999999521,True,525.0,run-wise frozen at the registered transport-property temperature,7.409342153878034,7.409342153878034,1.0,0.0,0.0,0.0,6.503811599195677,0.0,14,binary_monotone_bracket_with_adjacent_verification,MINIMAL_INTEGER_COUNT_BINARY_BRACKET,False,0.02448624593542892,1594.9019601076336,80.01958899674834,8.001958899674834,0.05015982298661237,1415.014611769352,2522.67373800841,0.02448624593542892,300.30849468494426,0.001815426631966381,0.0018120469560863352,3.3796758799828304e-06,115.12684235682745,8.755365526324399,106.37147683050306,50,52,1.0965597628247157,0.20701184710098994,0.029190168622164347,0.029474957498979878,1.5,"two-level balanced square-array Darcy-Weisbach friction screen with one trunk and one lateral supply-return pair; uniform module flow is prescribed and fittings, valves, heat exchangers and site-specific manifolds are excluded",5.812393157394071,0.0005812393157394071,"frictional energy for the modeled packed bed plus the registered balanced on-array trunk-and-lateral header screen; fittings, valves, heat exchangers, external piping and pump efficiency excluded",True,"parallel modular packed zones; discrete unit count, bed friction and a geometry-normalized on-array header-friction screen are included. Tank shells, fittings, valves, heat exchangers, site-specific trunk routing, flow maldistribution and balance of plant are excluded. Hydraulic values are screening metrics, not installed-pump specifications.",G0213_T1_homogeneous_none__AIP_FLINAK_2017_V10,1.0,0.8772478102597726,1.0287554650391975,2048,15.606568993565078,0.6217941364942041,115.12865778345942,0.0015768677121042612,63415.86067409825,False,"Extrapolative model-domain sensitivity with diameter and height scaled together and nominal mass flow scaled with cross-sectional area to preserve superficial velocity. Shell stress, manifolds, valves, heat exchangers, installation count, cost and EPC feasibility are not solved.",False,False,False,True,True
S10MW_8H,10.0,8.0,80.0,G0213_T1_homogeneous_none__AIP_FLINAK_2017_V10__MODULE_SCALE_2,G0213,T1_homogeneous_none,AIP_FLINAK_2017_V10,FLiNaK (LiF-NaF-KF),homogeneous,none,Tier_3_hypothetical_common_skeleton,False,322,161,326,322,322,3203,0.05,True,0.33038192150125545,31.055900621118013,0.49748123104320724,0.9567416448387842,0.97003499031846,0.2490571649463775,0.9,"time integral of positive outlet enthalpy flow following the simulated charge end state, with linear within-step interpolation at the registered outlet-grade threshold",True,0.9999999999999485,True,525.0,run-wise frozen at the registered transport-property temperature,7.440876235872802,7.440876235872802,1.0,0.0,0.0,0.0,6.503811599195677,0.0,11,binary_monotone_bracket_with_adjacent_verification,MINIMAL_INTEGER_COUNT_BINARY_BRACKET,False,0.24550889091696781,1601.74169560907,80.19640711273357,8.019640711273357,0.04994563119590866,1421.0829005527685,2533.492221875113,0.24550889091696781,101.01260863711823,0.007244043702262686,0.007217236711741814,2.6806990521052607e-05,47.3226716397237,6.299855279972326,41.022816359751374,17,19,2.1931195256494314,0.20701184710098994,0.048944457274520334,0.050285649631794986,1.5,"two-level balanced square-array Darcy-Weisbach friction screen with one trunk and one lateral supply-return pair; uniform module flow is prescribed and fittings, valves, heat exchangers and site-specific manifolds are excluded",2.389501305364016,0.0002389501305364016,"frictional energy for the modeled packed bed plus the registered balanced on-array trunk-and-lateral header screen; fittings, valves, heat exchangers, external piping and pump efficiency excluded",True,"parallel modular packed zones; discrete unit count, bed friction and a geometry-normalized on-array header-friction screen are included. Tank shells, fittings, valves, heat exchangers, site-specific trunk routing, flow maldistribution and balance of plant are excluded. Hydraulic values are screening metrics, not installed-pump specifications.",G0213_T1_homogeneous_none__AIP_FLINAK_2017_V10,2.0,1.7544956205195452,2.057510930078395,4096,62.426275974260314,4.974353091953633,47.329915683425966,0.015305422791613829,6532.631991844887,True,"Extrapolative model-domain sensitivity with diameter and height scaled together and nominal mass flow scaled with cross-sectional area to preserve superficial velocity. Shell stress, manifolds, valves, heat exchangers, installation count, cost and EPC feasibility are not solved.",False,True,True,True,True
S10MW_8H,10.0,8.0,80.0,G0213_T1_homogeneous_none__AIP_FLINAK_2017_V10__MODULE_SCALE_4,G0213,T1_homogeneous_none,AIP_FLINAK_2017_V10,FLiNaK (LiF-NaF-KF),homogeneous,none,Tier_3_hypothetical_common_skeleton,False,41,41,41,41,41,800,0.05,True,2.594706798131811,243.90243902439025,0.9767619292433702,0.969329985483088,0.9696922793393572,1.9917533892946633,0.9,"time integral of positive outlet enthalpy flow following the simulated charge end state, with linear within-step interpolation at the registered outlet-grade threshold",True,0.99999999999948,True,525.0,run-wise frozen at the registered transport-property temperature,7.579403418018961,7.579403418018961,1.0,0.0,0.0,0.0,6.503811599195677,0.0,1,binary_monotone_bracket_with_adjacent_verification,MINIMAL_INTEGER_COUNT_BINARY_BRACKET,False,2.077361201351513,1631.5878141607916,81.6618889610812,8.166188896108121,0.04903199160086156,1447.5627061531306,2580.7001514752706,2.077361201351513,2.3790925977869026,0.028547538093310308,0.02834085635586878,0.00020668173744683952,22.40328150015097,5.031913283414109,17.37136821673686,6,7,4.386239051298863,0.20701184710098994,0.07919155982389171,0.0855366607868493,1.5,"two-level balanced square-array Darcy-Weisbach friction screen with one trunk and one lateral supply-return pair; uniform module flow is prescribed and fittings, valves, heat exchangers and site-specific manifolds are excluded",1.132494829002139,0.00011324948290021392,"frictional energy for the modeled packed bed plus the registered balanced on-array trunk-and-lateral header screen; fittings, valves, heat exchangers, external piping and pump efficiency excluded",True,"parallel modular packed zones; discrete unit count, bed friction and a geometry-normalized on-array header-friction screen are included. Tank shells, fittings, valves, heat exchangers, site-specific trunk routing, flow maldistribution and balance of plant are excluded. Hydraulic values are screening metrics, not installed-pump specifications.",G0213_T1_homogeneous_none__AIP_FLINAK_2017_V10,4.0,3.5089912410390904,4.11502186015679,8192,249.70510389704125,39.794824735629064,22.43182903824428,0.12726353274465174,784.7710519528424,True,"Extrapolative model-domain sensitivity with diameter and height scaled together and nominal mass flow scaled with cross-sectional area to preserve superficial velocity. Shell stress, manifolds, valves, heat exchangers, installation count, cost and EPC feasibility are not solved.",True,True,True,True,True
S10MW_8H,10.0,8.0,80.0,G0174_T1_homogeneous_none__AIP_FLINAK_2017_V10__MODULE_SCALE_1,G0174,T1_homogeneous_none,AIP_FLINAK_2017_V10,FLiNaK (LiF-NaF-KF),homogeneous,none,Tier_3_hypothetical_common_skeleton,False,1164,801,1172,1164,1164,16012,0.05,True,0.09139431161804489,8.59106529209622,0.6878082309254434,0.9708884250084212,0.9776198719439936,0.06876419321674651,0.9,"time integral of positive outlet enthalpy flow following the simulated charge end state, with linear within-step interpolation at the registered outlet-grade threshold",True,0.9999999999998406,True,525.0,run-wise frozen at the registered transport-property temperature,7.368729645696463,7.368729645696463,1.0,0.0,0.0,0.0,5.043183985325774,0.0,12,binary_monotone_bracket_with_adjacent_verification,MINIMAL_INTEGER_COUNT_BINARY_BRACKET,False,0.051901130366172055,1577.4521876239064,80.04152090429294,8.004152090429294,0.05071469083351607,1562.100918507615,2284.300239420122,0.051901130366172055,45.38936218522767,0.0027150536042770674,0.002708069413823133,6.984190453859778e-06,77.71656883554003,7.510465959202828,70.2061028763372,34,35,1.3680629559497466,0.20701184710098994,0.03538002771777633,0.03589655179485815,1.5,"two-level balanced square-array Darcy-Weisbach friction screen with one trunk and one lateral supply-return pair; uniform module flow is prescribed and fittings, valves, heat exchangers and site-specific manifolds are excluded",3.92374099179093,0.000392374099179093,"frictional energy for the modeled packed bed plus the registered balanced on-array trunk-and-lateral header screen; fittings, valves, heat exchangers, external piping and pump efficiency excluded",True,"parallel modular packed zones; discrete unit count, bed friction and a geometry-normalized on-array header-friction screen are included. Tank shells, fittings, valves, heat exchangers, site-specific trunk routing, flow maldistribution and balance of plant are excluded. Hydraulic values are screening metrics, not installed-pump specifications.",G0174_T1_homogeneous_none__AIP_FLINAK_2017_V10,1.0,1.0944503647597972,1.4405263353483395,2048,12.490495033095161,1.3551994739036997,77.71928388914431,0.003493410474741007,28624.32208082812,False,"Extrapolative model-domain sensitivity with diameter and height scaled together and nominal mass flow scaled with cross-sectional area to preserve superficial velocity. Shell stress, manifolds, valves, heat exchangers, installation count, cost and EPC feasibility are not solved.",False,False,False,True,True
S10MW_8H,10.0,8.0,80.0,G0174_T1_homogeneous_none__AIP_FLINAK_2017_V10__MODULE_SCALE_2,G0174,T1_homogeneous_none,AIP_FLINAK_2017_V10,FLiNaK (LiF-NaF-KF),homogeneous,none,Tier_3_hypothetical_common_skeleton,False,201,201,146,146,146,4003,0.05,True,0.5292685508627077,49.75124378109453,0.9957820656681793,0.9794040221889667,0.9794608644404342,0.5511494850995179,0.9,"time integral of positive outlet enthalpy flow following the simulated charge end state, with linear within-step interpolation at the registered outlet-grade threshold",True,0.9999999999991075,True,525.0,run-wise frozen at the registered transport-property temperature,10.179482190964805,10.179482190964805,1.0,0.0,0.0,0.0,5.043183985325774,0.0,1,binary_monotone_bracket_with_adjacent_verification,MINIMAL_INTEGER_COUNT_BINARY_BRACKET,False,38.476308131253845,2179.160754037149,110.78104650500308,11.078104650500308,0.036711380677992976,2157.9538461857774,3155.631258580375,38.476308131253845,0.42358006608509413,0.007870553516782095,0.007841275616145093,2.9277900637272105e-05,41.90181293326673,6.455336196642799,35.44647673662393,14,15,2.736125911899493,0.20701184710098994,0.05463377246122338,0.056551327128655536,1.5,"two-level balanced square-array Darcy-Weisbach friction screen with one trunk and one lateral supply-return pair; uniform module flow is prescribed and fittings, valves, heat exchangers and site-specific manifolds are excluded",2.115855098261462,0.0002115855098261462,"frictional energy for the modeled packed bed plus the registered balanced on-array trunk-and-lateral header screen; fittings, valves, heat exchangers, external piping and pump efficiency excluded",True,"parallel modular packed zones; discrete unit count, bed friction and a geometry-normalized on-array header-friction screen are included. Tank shells, fittings, valves, heat exchangers, site-specific trunk routing, flow maldistribution and balance of plant are excluded. Hydraulic values are screening metrics, not installed-pump specifications.",G0174_T1_homogeneous_none__AIP_FLINAK_2017_V10,2.0,2.1889007295195944,2.881052670696679,4096,49.961980132380646,10.841595791229597,41.909683486783514,0.018779797082610093,5323.87116661122,True,"Extrapolative model-domain sensitivity with diameter and height scaled together and nominal mass flow scaled with cross-sectional area to preserve superficial velocity. Shell stress, manifolds, valves, heat exchangers, installation count, cost and EPC feasibility are not solved.",False,True,True,True,True
S10MW_8H,10.0,8.0,80.0,G0174_T1_homogeneous_none__AIP_FLINAK_2017_V10__MODULE_SCALE_4,G0174,T1_homogeneous_none,AIP_FLINAK_2017_V10,FLiNaK (LiF-NaF-KF),homogeneous,none,Tier_3_hypothetical_common_skeleton,False,51,51,19,19,19,1000,0.05,True,2.0859407592824364,196.07843137254903,0.9811382117612942,0.9854309284232906,0.9856125991479435,4.436888874275363,0.9,"time integral of positive outlet enthalpy flow following the simulated charge end state, with linear within-step interpolation at the registered outlet-grade threshold",True,0.9999999999989829,True,525.0,run-wise frozen at the registered transport-property temperature,20.662829521945856,20.662829521945856,1.0,0.0,0.0,0.0,5.043183985325774,0.0,1,binary_monotone_bracket_with_adjacent_verification,MINIMAL_INTEGER_COUNT_BINARY_BRACKET,False,182.85166573505433,4423.371082821675,226.28133258804348,22.628133258804347,0.01808575371636419,4380.324225093518,6405.460465178075,182.85166573505433,1.922439470056525,0.015508771714150747,0.015451925478874926,5.6846235277134605e-05,32.51575297019772,6.978721065250981,25.537031904946733,7,8,5.472251823798986,0.20701184710098994,0.07669360147674277,0.08198890870964326,1.5,"two-level balanced square-array Darcy-Weisbach friction screen with one trunk and one lateral supply-return pair; uniform module flow is prescribed and fittings, valves, heat exchangers and site-specific manifolds are excluded",1.6423754675028432,0.00016423754675028434,"frictional energy for the modeled packed bed plus the registered balanced on-array trunk-and-lateral header screen; fittings, valves, heat exchangers, external piping and pump efficiency excluded",True,"parallel modular packed zones; discrete unit count, bed friction and a geometry-normalized on-array header-friction screen are included. Tank shells, fittings, valves, heat exchangers, site-specific trunk routing, flow maldistribution and balance of plant are excluded. Hydraulic values are screening metrics, not installed-pump specifications.",G0174_T1_homogeneous_none__AIP_FLINAK_2017_V10,4.0,4.377801459039189,5.762105341393358,8192,199.84792052952258,86.73276632983678,32.53126174191187,0.04767344051143862,2096.6040102666034,True,"Extrapolative model-domain sensitivity with diameter and height scaled together and nominal mass flow scaled with cross-sectional area to preserve superficial velocity. Shell stress, manifolds, valves, heat exchangers, installation count, cost and EPC feasibility are not solved.",True,True,True,True,True
S10MW_8H,10.0,8.0,80.0,G0170_T1_homogeneous_none__AIP_FLINAK_2017_V10__MODULE_SCALE_1,G0170,T1_homogeneous_none,AIP_FLINAK_2017_V10,FLiNaK (LiF-NaF-KF),homogeneous,none,Tier_3_hypothetical_common_skeleton,False,821,810,821,821,821,16192,0.05,True,0.12957731878611967,12.180267965895249,0.9861363932719059,0.9773697246983182,0.9776101442080614,0.0975224692611845,0.9,"time integral of positive outlet enthalpy flow following the simulated charge end state, with linear within-step interpolation at the registered outlet-grade threshold",True,0.9999999999918722,True,525.0,run-wise frozen at the registered transport-property temperature,7.371408836750576,7.371408836750576,1.0,0.0,0.0,0.0,4.70917082034683,0.0,6,binary_monotone_bracket_with_adjacent_verification,MINIMAL_INTEGER_COUNT_BINARY_BRACKET,False,0.08243407929060531,1571.1678566319733,80.06594726343249,8.006594726343248,0.050917538608186416,1681.9558041745297,2111.7368797117583,0.08243407929060531,1.4058508359169108,0.003983564929714191,0.0039659467460240174,1.761818369029634e-05,57.39775574595263,5.984281707243197,51.41347403870944,28,30,1.3159950224731787,0.20701184710098994,0.038906540948543455,0.03957165820400386,1.5,"two-level balanced square-array Darcy-Weisbach friction screen with one trunk and one lateral supply-return pair; uniform module flow is prescribed and fittings, valves, heat exchangers and site-specific manifolds are excluded",2.8979880701868583,0.00028979880701868584,"frictional energy for the modeled packed bed plus the registered balanced on-array trunk-and-lateral header screen; fittings, valves, heat exchangers, external piping and pump efficiency excluded",True,"parallel modular packed zones; discrete unit count, bed friction and a geometry-normalized on-array header-friction screen are included. Tank shells, fittings, valves, heat exchangers, site-specific trunk routing, flow maldistribution and balance of plant are excluded. Hydraulic values are screening metrics, not installed-pump specifications.",G0170_T1_homogeneous_none__AIP_FLINAK_2017_V10,1.0,1.052796017978543,2.1983714732713002,2048,12.351504364910708,1.9137245513178724,57.40173931088234,0.0069397983014758205,14408.640692112616,False,"Extrapolative model-domain sensitivity with diameter and height scaled together and nominal mass flow scaled with cross-sectional area to preserve superficial velocity. Shell stress, manifolds, valves, heat exchangers, installation count, cost and EPC feasibility are not solved.",False,False,True,True,True
S10MW_8H,10.0,8.0,80.0,G0170_T1_homogeneous_none__AIP_FLINAK_2017_V10__MODULE_SCALE_2,G0170,T1_homogeneous_none,AIP_FLINAK_2017_V10,FLiNaK (LiF-NaF-KF),homogeneous,none,Tier_3_hypothetical_common_skeleton,False,203,203,102,102,102,4048,0.05,True,0.5240540823813017,49.26108374384236,0.997066476448565,0.98402269944055,0.9840589104613201,0.7853261786631731,0.9,"time integral of positive outlet enthalpy flow following the simulated charge end state, with linear within-step interpolation at the registered outlet-grade threshold",True,0.9999999999837835,True,525.0,run-wise frozen at the registered transport-property temperature,14.581203350649751,14.581203350649751,1.0,0.0,0.0,0.0,4.70917082034683,0.0,1,binary_monotone_bracket_with_adjacent_verification,MINIMAL_INTEGER_COUNT_BINARY_BRACKET,False,99.27651783578023,3107.888671340225,159.42121426862417,15.942121426862418,0.02574094778160163,3327.0355980261097,4177.175021500482,99.27651783578023,0.2942154430749522,0.008055830365584923,0.008019808567699334,3.602179788635882e-05,40.522412424366635,6.2100645747723675,34.31234784959427,14,15,2.6319900449463574,0.20701184710098994,0.05436397440506657,0.05627205960885854,1.5,"two-level balanced square-array Darcy-Weisbach friction screen with one trunk and one lateral supply-return pair; uniform module flow is prescribed and fittings, valves, heat exchangers and site-specific manifolds are excluded",2.046223945326225,0.00020462239453262253,"frictional energy for the modeled packed bed plus the registered balanced on-array trunk-and-lateral header screen; fittings, valves, heat exchangers, external piping and pump efficiency excluded",True,"parallel modular packed zones; discrete unit count, bed friction and a geometry-normalized on-array header-friction screen are included. Tank shells, fittings, valves, heat exchangers, site-specific trunk routing, flow maldistribution and balance of plant are excluded. Hydraulic values are screening metrics, not installed-pump specifications.",G0170_T1_homogeneous_none__AIP_FLINAK_2017_V10,2.0,2.105592035957086,4.3967429465426004,4096,49.40601745964283,15.30979641054298,40.53046825473222,0.019875986418302356,5030.196836999106,True,"Extrapolative model-domain sensitivity with diameter and height scaled together and nominal mass flow scaled with cross-sectional area to preserve superficial velocity. Shell stress, manifolds, valves, heat exchangers, installation count, cost and EPC feasibility are not solved.",False,True,True,True,True
S10MW_8H,10.0,8.0,80.0,G0170_T1_homogeneous_none__AIP_FLINAK_2017_V10__MODULE_SCALE_4,G0170,T1_homogeneous_none,AIP_FLINAK_2017_V10,FLiNaK (LiF-NaF-KF),homogeneous,none,Tier_3_hypothetical_common_skeleton,False,51,51,13,13,13,1012,0.05,True,2.0859407592824364,196.07843137254903,0.9921788956816603,0.9887147310797253,0.9887836588871282,6.3127740349966865,0.9,"time integral of positive outlet enthalpy flow following the simulated charge end state, with linear within-step interpolation at the registered outlet-grade threshold",True,0.9999999999676162,True,525.0,run-wise frozen at the registered transport-property temperature,29.30453804937056,29.30453804937056,1.0,0.0,0.0,0.0,4.70917082034683,0.0,1,binary_monotone_bracket_with_adjacent_verification,MINIMAL_INTEGER_COUNT_BINARY_BRACKET,False,302.4393447310388,6246.396935501536,321.951475784831,32.1951475784831,0.012807383332512575,6686.849871894841,8395.504476710328,302.4393447310388,0.7882756176713857,0.01603233057836562,0.015960991561206134,7.133901716161263e-05,31.278216309161948,6.713113709539233,24.565102599622715,7,8,5.263980089892715,0.20701184710098994,0.07669360147674277,0.08198890870964326,1.5,"two-level balanced square-array Darcy-Weisbach friction screen with one trunk and one lateral supply-return pair; uniform module flow is prescribed and fittings, valves, heat exchangers and site-specific manifolds are excluded",1.579923540857506,0.00015799235408575063,"frictional energy for the modeled packed bed plus the registered balanced on-array trunk-and-lateral header screen; fittings, valves, heat exchangers, external piping and pump efficiency excluded",True,"parallel modular packed zones; discrete unit count, bed friction and a geometry-normalized on-array header-friction screen are included. Tank shells, fittings, valves, heat exchangers, site-specific trunk routing, flow maldistribution and balance of plant are excluded. Hydraulic values are screening metrics, not installed-pump specifications.",G0170_T1_homogeneous_none__AIP_FLINAK_2017_V10,4.0,4.211184071914172,8.793485893085201,8192,197.62406983857133,122.47837128434384,31.294248639740314,0.05123091710214858,1950.9463178965048,True,"Extrapolative model-domain sensitivity with diameter and height scaled together and nominal mass flow scaled with cross-sectional area to preserve superficial velocity. Shell stress, manifolds, valves, heat exchangers, installation count, cost and EPC feasibility are not solved.",True,True,True,True,True
S10MW_8H,10.0,8.0,80.0,G0225_T1_homogeneous_none__SOLAR_SALT_60_40_V10__MODULE_SCALE_1,G0225,T1_homogeneous_none,SOLAR_SALT_60_40_V10,Solar Salt (NaNO3-KNO3 60:40 wt%),homogeneous,none,Tier_2_unit_pair_partial,False,3046,374,3273,3046,3046,7470,0.05,True,0.04282259297737739,3.2829940906106367,0.12262460010108851,0.896621897538676,0.9632512605667081,0.026264132862686126,0.9,"time integral of positive outlet enthalpy flow following the simulated charge end state, with linear within-step interpolation at the registered outlet-grade threshold",True,0.9999999999815614,True,525.0,run-wise frozen at the registered transport-property temperature,7.475209762324129,7.475209762324129,1.0,0.0,0.0,0.0,6.527849710655722,0.0,17,binary_monotone_bracket_with_adjacent_verification,MINIMAL_INTEGER_COUNT_BINARY_BRACKET,False,0.0006858746774307534,1879.4009799910766,80.00054869974194,8.000054869974194,0.04256675443490502,1390.6517744134148,2971.0586133202187,0.0006858746774307534,715.4970529368709,0.0003880831946129962,0.0003837171011238836,4.366093489132233e-06,65.50152622886664,5.032306835744969,60.46921939312167,55,56,1.0829784480790143,0.25109394400626084,0.033740586972704836,0.034045937875093225,1.5,"two-level balanced square-array Darcy-Weisbach friction screen with one trunk and one lateral supply-return pair; uniform module flow is prescribed and fittings, valves, heat exchangers and site-specific manifolds are excluded",4.865277427823741,0.0004865277427823741,"frictional energy for the modeled packed bed plus the registered balanced on-array trunk-and-lateral header screen; fittings, valves, heat exchangers, external piping and pump efficiency excluded",True,"parallel modular packed zones; discrete unit count, bed friction and a geometry-normalized on-array header-friction screen are included. Tank shells, fittings, valves, heat exchangers, site-specific trunk routing, flow maldistribution and balance of plant are excluded. Hydraulic values are screening metrics, not installed-pump specifications.",G0225_T1_homogeneous_none__SOLAR_SALT_60_40_V10,1.0,0.8663827584632114,1.0465984004210511,2048,26.77272005702137,0.6170062311198544,65.50191431206125,0.0005924761111012845,168782.17644591897,False,"Extrapolative model-domain sensitivity with diameter and height scaled together and nominal mass flow scaled with cross-sectional area to preserve superficial velocity. Shell stress, manifolds, valves, heat exchangers, installation count, cost and EPC feasibility are not solved.",False,False,False,True,True
S10MW_8H,10.0,8.0,80.0,G0225_T1_homogeneous_none__SOLAR_SALT_60_40_V10__MODULE_SCALE_2,G0225,T1_homogeneous_none,SOLAR_SALT_60_40_V10,Solar Salt (NaNO3-KNO3 60:40 wt%),homogeneous,none,Tier_2_unit_pair_partial,False,382,94,396,382,382,1867,0.05,True,0.34145973353165315,26.17801047120419,0.24444668318580862,0.9264547361259472,0.9623007884596906,0.20990573734295262,0.9,"time integral of positive outlet enthalpy flow following the simulated charge end state, with linear within-step interpolation at the registered outlet-grade threshold",True,0.9999999999589753,True,525.0,run-wise frozen at the registered transport-property temperature,7.499557954207898,7.499557954207898,1.0,0.0,0.0,0.0,6.527849710655722,0.0,12,binary_monotone_bracket_with_adjacent_verification,MINIMAL_INTEGER_COUNT_BINARY_BRACKET,False,0.22998958125985958,1885.5710423022751,80.1839916650079,8.018399166500789,0.04242746531698975,1395.2172759709115,2980.8125811906066,0.22998958125985958,309.08716247128655,0.0015645464599848217,0.001529845929349899,3.4700530634965983e-05,27.453561778867748,3.644569966930048,23.808991811937698,19,21,2.1659568961580287,0.25109394400626084,0.05745390536515177,0.058872733958881214,1.5,"two-level balanced square-array Darcy-Weisbach friction screen with one trunk and one lateral supply-return pair; uniform module flow is prescribed and fittings, valves, heat exchangers and site-specific manifolds are excluded",2.0392809552448474,0.00020392809552448473,"frictional energy for the modeled packed bed plus the registered balanced on-array trunk-and-lateral header screen; fittings, valves, heat exchangers, external piping and pump efficiency excluded",True,"parallel modular packed zones; discrete unit count, bed friction and a geometry-normalized on-array header-friction screen are included. Tank shells, fittings, valves, heat exchangers, site-specific trunk routing, flow maldistribution and balance of plant are excluded. Hydraulic values are screening metrics, not installed-pump specifications.",G0225_T1_homogeneous_none__SOLAR_SALT_60_40_V10,2.0,1.7327655169264229,2.0931968008421022,4096,107.09088022808548,4.936049848958835,27.455126325327733,0.005698558591374995,17547.297239823794,True,"Extrapolative model-domain sensitivity with diameter and height scaled together and nominal mass flow scaled with cross-sectional area to preserve superficial velocity. Shell stress, manifolds, valves, heat exchangers, installation count, cost and EPC feasibility are not solved.",False,True,True,True,True
S10MW_8H,10.0,8.0,80.0,G0225_T1_homogeneous_none__SOLAR_SALT_60_40_V10__MODULE_SCALE_4,G0225,T1_homogeneous_none,SOLAR_SALT_60_40_V10,Solar Salt (NaNO3-KNO3 60:40 wt%),homogeneous,none,Tier_2_unit_pair_partial,False,48,24,49,48,48,466,0.05,True,2.717450379356073,208.33333333333334,0.48634704675509843,0.9477812443365721,0.9625801541641705,1.6797334009041964,0.9,"time integral of positive outlet enthalpy flow following the simulated charge end state, with linear within-step interpolation at the registered outlet-grade threshold",True,0.9999999999205916,True,525.0,run-wise frozen at the registered transport-property temperature,7.538561641987752,7.538561641987752,1.0,0.0,0.0,0.0,6.527849710655722,0.0,8,binary_monotone_bracket_with_adjacent_verification,MINIMAL_INTEGER_COUNT_BINARY_BRACKET,False,0.7840040542517857,1895.443142000193,80.62720324340142,8.062720324340143,0.04220648893513043,1402.5220784629057,2996.4189297832277,0.7840040542517857,105.61449003792411,0.006362231991895216,0.006087511927204193,0.00027472006469059316,12.84672961403427,2.699946986777061,10.14678262725721,6,8,4.331913792316057,0.25109394400626084,0.10250867338638495,0.10250867338638495,1.5,"two-level balanced square-array Darcy-Weisbach friction screen with one trunk and one lateral supply-return pair; uniform module flow is prescribed and fittings, valves, heat exchangers and site-specific manifolds are excluded",0.9546874819306121,9.546874819306122e-05,"frictional energy for the modeled packed bed plus the registered balanced on-array trunk-and-lateral header screen; fittings, valves, heat exchangers, external piping and pump efficiency excluded",True,"parallel modular packed zones; discrete unit count, bed friction and a geometry-normalized on-array header-friction screen are included. Tank shells, fittings, valves, heat exchangers, site-specific trunk routing, flow maldistribution and balance of plant are excluded. Hydraulic values are screening metrics, not installed-pump specifications.",G0225_T1_homogeneous_none__SOLAR_SALT_60_40_V10,4.0,3.4655310338528458,4.1863936016842045,8192,428.3635209123419,39.48839879167068,12.853091846026166,0.0494996228776055,2019.217411499548,True,"Extrapolative model-domain sensitivity with diameter and height scaled together and nominal mass flow scaled with cross-sectional area to preserve superficial velocity. Shell stress, manifolds, valves, heat exchangers, installation count, cost and EPC feasibility are not solved.",True,True,True,True,True
S10MW_8H,10.0,8.0,80.0,G0192_T1_homogeneous_none__AIP_FLINAK_2017_V10__MODULE_SCALE_1,G0192,T1_homogeneous_none,AIP_FLINAK_2017_V10,FLiNaK (LiF-NaF-KF),homogeneous,none,Tier_3_hypothetical_common_skeleton,False,1668,748,1695,1668,1668,14945,0.05,True,0.06377876422266442,5.995203836930456,0.44800049143991594,0.9622011186876399,0.9776079413593103,0.047972835345765685,0.9,"time integral of positive outlet enthalpy flow following the simulated charge end state, with linear within-step interpolation at the registered outlet-grade threshold",True,0.9999999999909865,True,525.0,run-wise frozen at the registered transport-property temperature,7.36671615604917,7.36671615604917,1.0,0.0,0.0,0.0,5.668083775780266,0.0,13,binary_monotone_bracket_with_adjacent_verification,MINIMAL_INTEGER_COUNT_BINARY_BRACKET,False,0.023361695921453318,1578.6393882390776,80.01868935673717,8.001868935673716,0.050676551336551585,1533.1967671998973,2325.018556772608,0.023361695921453318,123.2140408564967,0.002226152580844904,0.0022213898699591605,4.762710885802488e-06,92.66102919043452,7.951027707487696,84.71000148294682,40,42,1.2359494274863283,0.20701184710098994,0.032455559899242634,0.03284897498927245,1.5,"two-level balanced square-array Darcy-Weisbach friction screen with one trunk and one lateral supply-return pair; uniform module flow is prescribed and fittings, valves, heat exchangers and site-specific manifolds are excluded",4.678203339351206,0.0004678203339351206,"frictional energy for the modeled packed bed plus the registered balanced on-array trunk-and-lateral header screen; fittings, valves, heat exchangers, external piping and pump efficiency excluded",True,"parallel modular packed zones; discrete unit count, bed friction and a geometry-normalized on-array header-friction screen are included. Tank shells, fittings, valves, heat exchangers, site-specific trunk routing, flow maldistribution and balance of plant are excluded. Hydraulic values are screening metrics, not installed-pump specifications.",G0192_T1_homogeneous_none__AIP_FLINAK_2017_V10,1.0,0.9887595419890627,1.2325814617378716,2048,13.382136741996206,0.9464264917500466,92.66325534301536,0.0024024113685670377,41623.844649168816,False,"Extrapolative model-domain sensitivity with diameter and height scaled together and nominal mass flow scaled with cross-sectional area to preserve superficial velocity. Shell stress, manifolds, valves, heat exchangers, installation count, cost and EPC feasibility are not solved.",False,False,False,True,True
S10MW_8H,10.0,8.0,80.0,G0192_T1_homogeneous_none__AIP_FLINAK_2017_V10__MODULE_SCALE_2,G0192,T1_homogeneous_none,AIP_FLINAK_2017_V10,FLiNaK (LiF-NaF-KF),homogeneous,none,Tier_3_hypothetical_common_skeleton,False,210,187,210,210,210,3736,0.05,True,0.5065856129685916,47.61904761904762,0.8896009758592617,0.973218520319581,0.9749880964361541,0.3827542018480572,0.9,"time integral of positive outlet enthalpy flow following the simulated charge end state, with linear within-step interpolation at the registered outlet-grade threshold",True,0.9999999999764917,True,525.0,run-wise frozen at the registered transport-property temperature,7.419895334585786,7.419895334585786,1.0,0.0,0.0,0.0,5.668083775780266,0.0,7,binary_monotone_bracket_with_adjacent_verification,MINIMAL_INTEGER_COUNT_BINARY_BRACKET,False,0.47297798511500844,1589.9965061400783,80.378382388092,8.0378382388092,0.05031457596986193,1544.2269597696807,2341.7453089796054,0.47297798511500844,12.40994863276812,0.008859650519072101,0.008822091197837749,3.7559321234527664e-05,38.890506894376024,5.964068904834635,32.9264379895414,14,15,2.4718988549726566,0.20701184710098994,0.05532624334679548,0.05532624334679548,1.5,"two-level balanced square-array Darcy-Weisbach friction screen with one trunk and one lateral supply-return pair; uniform module flow is prescribed and fittings, valves, heat exchangers and site-specific manifolds are excluded",1.9638760347382054,0.00019638760347382055,"frictional energy for the modeled packed bed plus the registered balanced on-array trunk-and-lateral header screen; fittings, valves, heat exchangers, external piping and pump efficiency excluded",True,"parallel modular packed zones; discrete unit count, bed friction and a geometry-normalized on-array header-friction screen are included. Tank shells, fittings, valves, heat exchangers, site-specific trunk routing, flow maldistribution and balance of plant are excluded. Hydraulic values are screening metrics, not installed-pump specifications.",G0192_T1_homogeneous_none__AIP_FLINAK_2017_V10,2.0,1.9775190839781254,2.4651629234757433,4096,53.52854696798482,7.5714119340003725,38.899366544895095,0.02277582209172192,4389.620878459791,True,"Extrapolative model-domain sensitivity with diameter and height scaled together and nominal mass flow scaled with cross-sectional area to preserve superficial velocity. Shell stress, manifolds, valves, heat exchangers, installation count, cost and EPC feasibility are not solved.",False,True,True,True,True
S10MW_8H,10.0,8.0,80.0,G0192_T1_homogeneous_none__AIP_FLINAK_2017_V10__MODULE_SCALE_4,G0192,T1_homogeneous_none,AIP_FLINAK_2017_V10,FLiNaK (LiF-NaF-KF),homogeneous,none,Tier_3_hypothetical_common_skeleton,False,47,47,26,26,26,934,0.05,True,2.263467632412856,212.7659574468085,0.9937032177151327,0.9810359591804508,0.9811051232746982,3.081244661432746,0.9,"time integral of positive outlet enthalpy flow following the simulated charge end state, with linear within-step interpolation at the registered outlet-grade threshold",True,0.9999999999557353,True,525.0,run-wise frozen at the registered transport-property temperature,13.284911597549836,13.284911597549836,1.0,0.0,0.0,0.0,5.668083775780266,0.0,1,binary_monotone_bracket_with_adjacent_verification,MINIMAL_INTEGER_COUNT_BINARY_BRACKET,False,81.02312385917378,2846.85088718414,144.81849908733903,14.481849908733903,0.028101225940614375,2764.9016041590476,4192.8392198872925,81.02312385917378,0.6336682998114629,0.019802655418575718,0.01970892714410399,9.372827447051242e-05,27.60375350485363,5.68498795997544,21.918765544878188,6,8,4.943797709945313,0.20701184710098994,0.0798905280089967,0.08540656693089513,1.5,"two-level balanced square-array Darcy-Weisbach friction screen with one trunk and one lateral supply-return pair; uniform module flow is prescribed and fittings, valves, heat exchangers and site-specific manifolds are excluded",1.3946047135444373,0.00013946047135444373,"frictional energy for the modeled packed bed plus the registered balanced on-array trunk-and-lateral header screen; fittings, valves, heat exchangers, external piping and pump efficiency excluded",True,"parallel modular packed zones; discrete unit count, bed friction and a geometry-normalized on-array header-friction screen are included. Tank shells, fittings, valves, heat exchangers, site-specific trunk routing, flow maldistribution and balance of plant are excluded. Hydraulic values are screening metrics, not installed-pump specifications.",G0192_T1_homogeneous_none__AIP_FLINAK_2017_V10,4.0,3.9550381679562507,4.930325846951487,8192,214.1141878719393,60.57129547200298,27.623556160272205,0.07168756732000932,1393.9420204706564,True,"Extrapolative model-domain sensitivity with diameter and height scaled together and nominal mass flow scaled with cross-sectional area to preserve superficial velocity. Shell stress, manifolds, valves, heat exchangers, installation count, cost and EPC feasibility are not solved.",True,True,True,True,True
S10MW_8H,10.0,8.0,80.0,G0011_T1_homogeneous_none__SOLAR_SALT_60_40_V10__MODULE_SCALE_1,G0011,T1_homogeneous_none,SOLAR_SALT_60_40_V10,Solar Salt (NaNO3-KNO3 60:40 wt%),homogeneous,none,Tier_2_unit_pair_partial,False,996,700,1005,996,996,13989,0.05,True,0.13096146406535292,10.040160642570282,0.7022610289984641,0.9547685861811196,0.9626614292347975,0.08032220773890195,0.9,"time integral of positive outlet enthalpy flow following the simulated charge end state, with linear within-step interpolation at the registered outlet-grade threshold",True,0.9999999999892137,True,525.0,run-wise frozen at the registered transport-property temperature,7.479630109801229,7.479630109801229,1.0,0.0,0.0,0.0,4.592357427740836,0.0,12,binary_monotone_bracket_with_adjacent_verification,MINIMAL_INTEGER_COUNT_BINARY_BRACKET,False,0.0011486349329015155,1889.6361323093804,80.00091890794633,8.000091890794632,0.04233619300146935,1458.2084653155023,2893.9217501288967,0.0011486349329015155,42.39719402145368,0.0009499864877166663,0.0009295797779861339,2.0406709730565866e-05,36.56228780244739,3.788508443591068,32.77377935885632,31,33,1.4171749082009675,0.25109394400626084,0.045007154707125636,0.0457049816655101,1.5,"two-level balanced square-array Darcy-Weisbach friction screen with one trunk and one lateral supply-return pair; uniform module flow is prescribed and fittings, valves, heat exchangers and site-specific manifolds are excluded",2.715803001652152,0.0002715803001652152,"frictional energy for the modeled packed bed plus the registered balanced on-array trunk-and-lateral header screen; fittings, valves, heat exchangers, external piping and pump efficiency excluded",True,"parallel modular packed zones; discrete unit count, bed friction and a geometry-normalized on-array header-friction screen are included. Tank shells, fittings, valves, heat exchangers, site-specific trunk routing, flow maldistribution and balance of plant are excluded. Hydraulic values are screening metrics, not installed-pump specifications.",G0011_T1_homogeneous_none__SOLAR_SALT_60_40_V10,1.0,1.133739926560774,1.879325827107074,2048,14.296907030266434,1.8972250324391369,36.56323778893511,0.0025982012129247326,38487.16615993816,False,"Extrapolative model-domain sensitivity with diameter and height scaled together and nominal mass flow scaled with cross-sectional area to preserve superficial velocity. Shell stress, manifolds, valves, heat exchangers, installation count, cost and EPC feasibility are not solved.",False,False,True,True,True
S10MW_8H,10.0,8.0,80.0,G0011_T1_homogeneous_none__SOLAR_SALT_60_40_V10__MODULE_SCALE_2,G0011,T1_homogeneous_none,SOLAR_SALT_60_40_V10,Solar Salt (NaNO3-KNO3 60:40 wt%),homogeneous,none,Tier_2_unit_pair_partial,False,175,175,124,124,124,3497,0.05,True,0.7453578183376658,57.142857142857146,0.9992171212606716,0.967949016659843,0.9679622329357954,0.6461159547574814,0.9,"time integral of positive outlet enthalpy flow following the simulated charge end state, with linear within-step interpolation at the registered outlet-grade threshold",True,0.9999999999780737,True,525.0,run-wise frozen at the registered transport-property temperature,10.513536298917883,10.513536298917883,1.0,0.0,0.0,0.0,4.592357427740836,0.0,1,binary_monotone_bracket_with_adjacent_verification,MINIMAL_INTEGER_COUNT_BINARY_BRACKET,False,41.33786510319908,2656.1150454147914,113.07029208255926,11.307029208255926,0.030119177306759625,2049.6906138972927,4067.761496165116,41.33786510319908,0.07834921186504751,0.002727946137844844,0.0026453184539259812,8.262768391868454e-05,20.322064788572188,3.317579027306231,17.004485761265958,13,14,2.834349816401935,0.25109394400626084,0.06843667326456107,0.07102009220868093,1.5,"two-level balanced square-array Darcy-Weisbach friction screen with one trunk and one lateral supply-return pair; uniform module flow is prescribed and fittings, valves, heat exchangers and site-specific manifolds are excluded",1.5096620664592133,0.00015096620664592134,"frictional energy for the modeled packed bed plus the registered balanced on-array trunk-and-lateral header screen; fittings, valves, heat exchangers, external piping and pump efficiency excluded",True,"parallel modular packed zones; discrete unit count, bed friction and a geometry-normalized on-array header-friction screen are included. Tank shells, fittings, valves, heat exchangers, site-specific trunk routing, flow maldistribution and balance of plant are excluded. Hydraulic values are screening metrics, not installed-pump specifications.",G0011_T1_homogeneous_none__SOLAR_SALT_60_40_V10,2.0,2.267479853121548,3.758651654214148,4096,57.187628121065735,15.177800259513095,20.324792734710034,0.013421766083676437,7449.584325234224,True,"Extrapolative model-domain sensitivity with diameter and height scaled together and nominal mass flow scaled with cross-sectional area to preserve superficial velocity. Shell stress, manifolds, valves, heat exchangers, installation count, cost and EPC feasibility are not solved.",False,True,True,True,True
S10MW_8H,10.0,8.0,80.0,G0011_T1_homogeneous_none__SOLAR_SALT_60_40_V10__MODULE_SCALE_4,G0011,T1_homogeneous_none,SOLAR_SALT_60_40_V10,Solar Salt (NaNO3-KNO3 60:40 wt%),homogeneous,none,Tier_2_unit_pair_partial,False,44,44,16,16,16,874,0.05,True,2.964491322933898,227.27272727272728,0.9935397512535088,0.977303041274115,0.9773806428231431,5.219222037486607,0.9,"time integral of positive outlet enthalpy flow following the simulated charge end state, with linear within-step interpolation at the registered outlet-grade threshold",True,0.9999999999567974,True,525.0,run-wise frozen at the registered transport-property temperature,21.14674501351225,21.14674501351225,1.0,0.0,0.0,0.0,4.592357427740836,0.0,1,binary_monotone_bracket_with_adjacent_verification,MINIMAL_INTEGER_COUNT_BINARY_BRACKET,False,187.05721206176344,5342.5856913486095,229.64576964941074,22.964576964941074,0.014974022808758336,4122.806263381983,8182.0116951435475,187.05721206176344,0.6502254930756957,0.005423959271754611,0.00526057647087613,0.00016338280087871187,15.986120012993515,3.398605301559765,12.58751471143375,6,8,5.66869963280387,0.25109394400626084,0.1001518371156714,0.10706681746938071,1.5,"two-level balanced square-array Darcy-Weisbach friction screen with one trunk and one lateral supply-return pair; uniform module flow is prescribed and fittings, valves, heat exchangers and site-specific manifolds are excluded",1.1878018946690028,0.0001187801894669003,"frictional energy for the modeled packed bed plus the registered balanced on-array trunk-and-lateral header screen; fittings, valves, heat exchangers, external piping and pump efficiency excluded",True,"parallel modular packed zones; discrete unit count, bed friction and a geometry-normalized on-array header-friction screen are included. Tank shells, fittings, valves, heat exchangers, site-specific trunk routing, flow maldistribution and balance of plant are excluded. Hydraulic values are screening metrics, not installed-pump specifications.",G0011_T1_homogeneous_none__SOLAR_SALT_60_40_V10,4.0,4.534959706243096,7.517303308428296,8192,228.75051248426294,121.42240207610476,15.99154397226527,0.033917670996381495,2947.315643803152,True,"Extrapolative model-domain sensitivity with diameter and height scaled together and nominal mass flow scaled with cross-sectional area to preserve superficial velocity. Shell stress, manifolds, valves, heat exchangers, installation count, cost and EPC feasibility are not solved.",True,True,True,True,True
S50MW_6H,50.0,6.0,300.0,G0045_T1_homogeneous_none__AIP_FLINAK_2017_V10__MODULE_SCALE_1,G0045,T1_homogeneous_none,AIP_FLINAK_2017_V10,FLiNaK (LiF-NaF-KF),homogeneous,none,Tier_3_hypothetical_common_skeleton,False,5543,2956,5623,5543,5543,59108,0.05,True,0.09596155396302025,9.020386072523904,0.5331795566549008,0.954100447484898,0.9679436710396422,0.05413040676905014,0.9,"time integral of positive outlet enthalpy flow following the simulated charge end state, with linear within-step interpolation at the registered outlet-grade threshold",True,0.9999999999985733,True,525.0,run-wise frozen at the registered transport-property temperature,5.5801828696016225,5.5801828696016225,1.0,0.0,0.0,0.0,5.592599324722605,0.0,15,binary_monotone_bracket_with_adjacent_verification,MINIMAL_INTEGER_COUNT_BINARY_BRACKET,False,0.014948240281653646,5998.599794824884,300.04484472084494,6.000896894416899,0.0500116711001151,5452.637183560208,9318.707326359212,0.014948240281653646,87.55407770580513,0.005740094100899627,0.005717115104318389,2.2978996581363307e-05,78.19609443107521,5.034812109242444,73.16128232183277,74,75,1.1403680906306226,0.46289256226560627,0.05348396835654333,0.05384413382905399,1.5,"two-level balanced square-array Darcy-Weisbach friction screen with one trunk and one lateral supply-return pair; uniform module flow is prescribed and fittings, valves, heat exchangers and site-specific manifolds are excluded",19.740515378226743,0.0003948103075645349,"frictional energy for the modeled packed bed plus the registered balanced on-array trunk-and-lateral header screen; fittings, valves, heat exchangers, external piping and pump efficiency excluded",True,"parallel modular packed zones; discrete unit count, bed friction and a geometry-normalized on-array header-friction screen are included. Tank shells, fittings, valves, heat exchangers, site-specific trunk routing, flow maldistribution and balance of plant are excluded. Hydraulic values are screening metrics, not installed-pump specifications.",G0045_T1_homogeneous_none__AIP_FLINAK_2017_V10,1.0,0.9122944725044981,1.6555604439129814,2048,16.918101903825107,1.0821937208776626,78.20183452517611,0.007340101591928351,13622.78963664024,False,"Extrapolative model-domain sensitivity with diameter and height scaled together and nominal mass flow scaled with cross-sectional area to preserve superficial velocity. Shell stress, manifolds, valves, heat exchangers, installation count, cost and EPC feasibility are not solved.",False,False,False,False,True
S50MW_6H,50.0,6.0,300.0,G0045_T1_homogeneous_none__AIP_FLINAK_2017_V10__MODULE_SCALE_2,G0045,T1_homogeneous_none,AIP_FLINAK_2017_V10,FLiNaK (LiF-NaF-KF),homogeneous,none,Tier_3_hypothetical_common_skeleton,False,739,739,694,694,694,14777,0.05,True,0.7197765813491491,67.65899864682002,0.9998018547151947,0.9674565463709027,0.9674600155848413,0.4328268740692393,0.9,"time integral of positive outlet enthalpy flow following the simulated charge end state, with linear within-step interpolation at the registered outlet-grade threshold",True,0.9999999999836106,True,525.0,run-wise frozen at the registered transport-property temperature,5.951127342620689,5.951127342620689,1.0,0.0,0.0,0.0,5.592599324722605,0.0,1,binary_monotone_bracket_with_adjacent_verification,MINIMAL_INTEGER_COUNT_BINARY_BRACKET,False,6.619686645722611,6397.929277828742,319.85905993716784,6.397181198743357,0.04689017133084201,5815.621690277458,9939.057859180166,6.619686645722611,0.019818455414033487,0.021602715934934732,0.0214411157126106,0.00016160022232570147,33.1766551825262,3.7534939463720014,29.4231612361542,27,28,2.280736181261245,0.46289256226560627,0.08847893072306695,0.09010253276604627,1.5,"two-level balanced square-array Darcy-Weisbach friction screen with one trunk and one lateral supply-return pair; uniform module flow is prescribed and fittings, valves, heat exchangers and site-specific manifolds are excluded",8.380247401535414,0.00016760494803070826,"frictional energy for the modeled packed bed plus the registered balanced on-array trunk-and-lateral header screen; fittings, valves, heat exchangers, external piping and pump efficiency excluded",True,"parallel modular packed zones; discrete unit count, bed friction and a geometry-normalized on-array header-friction screen are included. Tank shells, fittings, valves, heat exchangers, site-specific trunk routing, flow maldistribution and balance of plant are excluded. Hydraulic values are screening metrics, not installed-pump specifications.",G0045_T1_homogeneous_none__AIP_FLINAK_2017_V10,2.0,1.8245889450089963,3.311120887825963,4096,67.67240761530043,8.657549767021301,33.19825789846113,0.06507183600117795,1535.7631550797148,True,"Extrapolative model-domain sensitivity with diameter and height scaled together and nominal mass flow scaled with cross-sectional area to preserve superficial velocity. Shell stress, manifolds, valves, heat exchangers, installation count, cost and EPC feasibility are not solved.",False,False,True,True,True
S50MW_6H,50.0,6.0,300.0,G0045_T1_homogeneous_none__AIP_FLINAK_2017_V10__MODULE_SCALE_4,G0045,T1_homogeneous_none,AIP_FLINAK_2017_V10,FLiNaK (LiF-NaF-KF),homogeneous,none,Tier_3_hypothetical_common_skeleton,False,185,185,86,86,86,3694,0.05,True,2.875215641173088,270.27027027027026,0.9984507711277417,0.9769448457795471,0.9769641047230999,3.4966308702238655,0.9,"time integral of positive outlet enthalpy flow following the simulated charge end state, with linear within-step interpolation at the registered outlet-grade threshold",True,0.9999999999674214,True,525.0,run-wise frozen at the registered transport-property temperature,11.91836057792105,11.91836057792105,1.0,0.0,0.0,0.0,5.592599324722605,0.0,1,binary_monotone_bracket_with_adjacent_verification,MINIMAL_INTEGER_COUNT_BINARY_BRACKET,False,115.62557033047173,12813.173655191526,646.8767109914152,12.937534219828303,0.023413403117224493,11646.982546157831,19905.01438645013,115.62557033047173,0.15516327064464264,0.04314660998398141,0.04282428246383124,0.0003223275201488066,24.248166383844495,3.7917446770570424,20.456421706787452,13,15,4.56147236252249,0.46289256226560627,0.12733809728672113,0.1318074529946285,1.5,"two-level balanced square-array Darcy-Weisbach friction screen with one trunk and one lateral supply-return pair; uniform module flow is prescribed and fittings, valves, heat exchangers and site-specific manifolds are excluded",6.131864305019771,0.00012263728610039545,"frictional energy for the modeled packed bed plus the registered balanced on-array trunk-and-lateral header screen; fittings, valves, heat exchangers, external piping and pump efficiency excluded",True,"parallel modular packed zones; discrete unit count, bed friction and a geometry-normalized on-array header-friction screen are included. Tank shells, fittings, valves, heat exchangers, site-specific trunk routing, flow maldistribution and balance of plant are excluded. Hydraulic values are screening metrics, not installed-pump specifications.",G0045_T1_homogeneous_none__AIP_FLINAK_2017_V10,4.0,3.6491778900179925,6.622241775651926,8192,270.6896304612017,69.26039813617041,24.291312993828477,0.1776215637044542,561.9947057914135,True,"Extrapolative model-domain sensitivity with diameter and height scaled together and nominal mass flow scaled with cross-sectional area to preserve superficial velocity. Shell stress, manifolds, valves, heat exchangers, installation count, cost and EPC feasibility are not solved.",False,True,True,True,True
S50MW_6H,50.0,6.0,300.0,G0126_T1_homogeneous_none__AIP_FLINAK_2017_V10__MODULE_SCALE_1,G0126,T1_homogeneous_none,AIP_FLINAK_2017_V10,FLiNaK (LiF-NaF-KF),homogeneous,none,Tier_3_hypothetical_common_skeleton,False,5597,2164,5731,5597,5597,43278,0.05,True,0.09503571442147958,8.933357155619081,0.3866258822790065,0.9441397370408234,0.9667452540169796,0.05360522860749318,0.9,"time integral of positive outlet enthalpy flow following the simulated charge end state, with linear within-step interpolation at the registered outlet-grade threshold",True,0.9999999999898184,True,525.0,run-wise frozen at the registered transport-property temperature,5.586667824436651,5.586667824436651,1.0,0.0,0.0,0.0,5.853093602894273,0.0,16,binary_monotone_bracket_with_adjacent_verification,MINIMAL_INTEGER_COUNT_BINARY_BRACKET,False,0.009488172046423493,5966.322608290431,300.02846451613925,6.000569290322785,0.05028222905398019,6152.337155201019,8323.349229501417,0.009488172046423493,158.64797103220195,0.004009903322485394,0.003986620860683398,2.3282461802160414e-05,71.35885445246025,4.537883312532699,66.82097113992755,74,76,1.0306464989743274,0.46289256226560627,0.05358375948807355,0.05393980167390979,1.5,"two-level balanced square-array Darcy-Weisbach friction screen with one trunk and one lateral supply-return pair; uniform module flow is prescribed and fittings, valves, heat exchangers and site-specific manifolds are excluded",18.01415183931666,0.0003602830367863332,"frictional energy for the modeled packed bed plus the registered balanced on-array trunk-and-lateral header screen; fittings, valves, heat exchangers, external piping and pump efficiency excluded",True,"parallel modular packed zones; discrete unit count, bed friction and a geometry-normalized on-array header-friction screen are included. Tank shells, fittings, valves, heat exchangers, site-specific trunk routing, flow maldistribution and balance of plant are excluded. Hydraulic values are screening metrics, not installed-pump specifications.",G0126_T1_homogeneous_none__AIP_FLINAK_2017_V10,1.0,0.8245171991794619,1.9964668605226783,2048,23.105947028068783,1.0659858153100645,71.36286435578273,0.005619033594971528,17795.65458656271,False,"Extrapolative model-domain sensitivity with diameter and height scaled together and nominal mass flow scaled with cross-sectional area to preserve superficial velocity. Shell stress, manifolds, valves, heat exchangers, installation count, cost and EPC feasibility are not solved.",False,False,False,False,True
S50MW_6H,50.0,6.0,300.0,G0126_T1_homogeneous_none__AIP_FLINAK_2017_V10__MODULE_SCALE_2,G0126,T1_homogeneous_none,AIP_FLINAK_2017_V10,FLiNaK (LiF-NaF-KF),homogeneous,none,Tier_3_hypothetical_common_skeleton,False,701,541,705,701,701,10819,0.05,True,0.758794427413725,71.32667617689016,0.7717350439071325,0.9603435864001604,0.9653011555847688,0.42820123630451284,0.9,"time integral of positive outlet enthalpy flow following the simulated charge end state, with linear within-step interpolation at the registered outlet-grade threshold",True,0.9999999999778214,True,525.0,run-wise frozen at the registered transport-property temperature,5.597438544972477,5.597438544972477,1.0,0.0,0.0,0.0,5.853093602894273,0.0,11,binary_monotone_bracket_with_adjacent_verification,MINIMAL_INTEGER_COUNT_BINARY_BRACKET,False,0.056355549821152096,5978.048452258842,300.16906664946345,6.003381332989269,0.05018360128657759,6164.428580733843,8339.707428808995,0.056355549821152096,29.57815093340972,0.01610073439743042,0.015915204677063127,0.00018552972036617167,28.735107815167527,3.309688321093689,25.42541949407384,26,27,2.0612929979486547,0.46289256226560627,0.0891472329518365,0.09084542807601252,1.5,"two-level balanced square-array Darcy-Weisbach friction screen with one trunk and one lateral supply-return pair; uniform module flow is prescribed and fittings, valves, heat exchangers and site-specific manifolds are excluded",7.257677239433191,0.0001451535447886638,"frictional energy for the modeled packed bed plus the registered balanced on-array trunk-and-lateral header screen; fittings, valves, heat exchangers, external piping and pump efficiency excluded",True,"parallel modular packed zones; discrete unit count, bed friction and a geometry-normalized on-array header-friction screen are included. Tank shells, fittings, valves, heat exchangers, site-specific trunk routing, flow maldistribution and balance of plant are excluded. Hydraulic values are screening metrics, not installed-pump specifications.",G0126_T1_homogeneous_none__AIP_FLINAK_2017_V10,2.0,1.6490343983589237,3.9929337210453566,4096,92.42378811227513,8.527886522480516,28.751208549564957,0.05600020037305196,1784.7078962903379,True,"Extrapolative model-domain sensitivity with diameter and height scaled together and nominal mass flow scaled with cross-sectional area to preserve superficial velocity. Shell stress, manifolds, valves, heat exchangers, installation count, cost and EPC feasibility are not solved.",False,False,True,True,True
S50MW_6H,50.0,6.0,300.0,G0126_T1_homogeneous_none__AIP_FLINAK_2017_V10__MODULE_SCALE_4,G0126,T1_homogeneous_none,AIP_FLINAK_2017_V10,FLiNaK (LiF-NaF-KF),homogeneous,none,Tier_3_hypothetical_common_skeleton,False,136,136,87,87,87,2704,0.05,True,3.9111389236545677,367.6470588235294,0.9944600473876837,0.9718783033536978,0.9719577132701063,3.4492323316931386,0.9,"time integral of positive outlet enthalpy flow following the simulated charge end state, with linear within-step interpolation at the registered outlet-grade threshold",True,0.9999999999566316,True,525.0,run-wise frozen at the registered transport-property temperature,8.687445721940913,8.687445721940913,1.0,0.0,0.0,0.0,5.853093602894273,0.0,1,binary_monotone_bracket_with_adjacent_verification,MINIMAL_INTEGER_COUNT_BINARY_BRACKET,False,56.36519903675561,9278.340536458802,469.09559711026685,9.381911942205337,0.0323333681083556,9567.615257972071,12943.796979378298,56.36519903675561,0.5570814661553403,0.04163290240111409,0.04101675911258831,0.0006161432885331207,17.600938181015678,2.933328822353738,14.66760935866194,11,13,4.1225859958973095,0.46289256226560627,0.13749957995684017,0.14311410026851457,1.5,"two-level balanced square-array Darcy-Weisbach friction screen with one trunk and one lateral supply-return pair; uniform module flow is prescribed and fittings, valves, heat exchangers and site-specific manifolds are excluded",4.453520149473288,8.907040298946577e-05,"frictional energy for the modeled packed bed plus the registered balanced on-array trunk-and-lateral header screen; fittings, valves, heat exchangers, external piping and pump efficiency excluded",True,"parallel modular packed zones; discrete unit count, bed friction and a geometry-normalized on-array header-friction screen are included. Tank shells, fittings, valves, heat exchangers, site-specific trunk routing, flow maldistribution and balance of plant are excluded. Hydraulic values are screening metrics, not installed-pump specifications.",G0126_T1_homogeneous_none__AIP_FLINAK_2017_V10,4.0,3.2980687967178475,7.985867442090713,8192,369.69515244910053,68.22309217984413,17.642571083416794,0.2359797911782093,422.7651008195066,True,"Extrapolative model-domain sensitivity with diameter and height scaled together and nominal mass flow scaled with cross-sectional area to preserve superficial velocity. Shell stress, manifolds, valves, heat exchangers, installation count, cost and EPC feasibility are not solved.",False,True,True,True,True
S50MW_6H,50.0,6.0,300.0,G0110_T1_homogeneous_none__AIP_FLINAK_2017_V10__MODULE_SCALE_1,G0110,T1_homogeneous_none,AIP_FLINAK_2017_V10,FLiNaK (LiF-NaF-KF),homogeneous,none,Tier_3_hypothetical_common_skeleton,False,4873,2479,4960,4872,4872,49561,0.05,True,0.10915552916417427,10.260619741432382,0.5085284103277444,0.9440796801668079,0.9609729172403432,0.061576465466004,0.9,"time integral of positive outlet enthalpy flow following the simulated charge end state, with linear within-step interpolation at the registered outlet-grade threshold",True,1.0000000000000198,True,525.0,run-wise frozen at the registered transport-property temperature,5.621096977022729,5.621096977022729,1.0,0.0,0.0,0.0,5.505650724050867,0.0,14,binary_monotone_bracket_with_adjacent_verification,MINIMAL_INTEGER_COUNT_BINARY_BRACKET,False,0.02070540527918663,6012.26282974991,300.06211621583753,6.001242324316751,0.04989801818302727,6024.028211967219,8615.213358625548,0.02070540527918663,96.64584705415066,0.003533489855398613,0.0035111353453196113,2.2354510078962205e-05,69.01717488892896,4.566738259638576,64.45043662929038,69,71,1.1112415758190741,0.46289256226560627,0.05547930563735575,0.05587418112333441,1.5,"two-level balanced square-array Darcy-Weisbach friction screen with one trunk and one lateral supply-return pair; uniform module flow is prescribed and fittings, valves, heat exchangers and site-specific manifolds are excluded",17.422920618682607,0.00034845841237365216,"frictional energy for the modeled packed bed plus the registered balanced on-array trunk-and-lateral header screen; fittings, valves, heat exchangers, external piping and pump efficiency excluded",True,"parallel modular packed zones; discrete unit count, bed friction and a geometry-normalized on-array header-friction screen are included. Tank shells, fittings, valves, heat exchangers, site-specific trunk routing, flow maldistribution and balance of plant are excluded. Hydraulic values are screening metrics, not installed-pump specifications.",G0110_T1_homogeneous_none__AIP_FLINAK_2017_V10,1.0,0.8889932606552593,1.98771780406272,2048,20.177082603545113,1.233790853632241,69.02070837878436,0.005119463329768924,19532.297449073372,False,"Extrapolative model-domain sensitivity with diameter and height scaled together and nominal mass flow scaled with cross-sectional area to preserve superficial velocity. Shell stress, manifolds, valves, heat exchangers, installation count, cost and EPC feasibility are not solved.",False,False,False,True,True
S50MW_6H,50.0,6.0,300.0,G0110_T1_homogeneous_none__AIP_FLINAK_2017_V10__MODULE_SCALE_2,G0110,T1_homogeneous_none,AIP_FLINAK_2017_V10,FLiNaK (LiF-NaF-KF),homogeneous,none,Tier_3_hypothetical_common_skeleton,False,620,620,610,610,610,12390,0.05,True,0.8579272477693891,80.64516129032258,0.9992173159383462,0.9603047254653599,0.9603194170825177,0.49227672798212957,0.9,"time integral of positive outlet enthalpy flow following the simulated charge end state, with linear within-step interpolation at the registered outlet-grade threshold",True,0.9999999999998198,True,525.0,run-wise frozen at the registered transport-property temperature,5.721101323860714,5.721101323860714,1.0,0.0,0.0,0.0,5.505650724050867,0.0,1,binary_monotone_bracket_with_adjacent_verification,MINIMAL_INTEGER_COUNT_BINARY_BRACKET,False,1.7371904496401136,6119.602634015916,305.21157134892036,6.104231426978407,0.049022790847962065,6131.578069229921,8769.024883805196,1.7371904496401136,0.07832971358374685,0.013970813011728872,0.013798195594952798,0.00017261741677510655,28.37138639099373,3.293684496398554,25.07770189459518,24,26,2.2224831516381482,0.46289256226560627,0.09295106330423461,0.0947918571194981,1.5,"two-level balanced square-array Darcy-Weisbach friction screen with one trunk and one lateral supply-return pair; uniform module flow is prescribed and fittings, valves, heat exchangers and site-specific manifolds are excluded",7.165325261285707,0.00014330650522571413,"frictional energy for the modeled packed bed plus the registered balanced on-array trunk-and-lateral header screen; fittings, valves, heat exchangers, external piping and pump efficiency excluded",True,"parallel modular packed zones; discrete unit count, bed friction and a geometry-normalized on-array header-friction screen are included. Tank shells, fittings, valves, heat exchangers, site-specific trunk routing, flow maldistribution and balance of plant are excluded. Hydraulic values are screening metrics, not installed-pump specifications.",G0110_T1_homogeneous_none__AIP_FLINAK_2017_V10,2.0,1.7779865213105186,3.97543560812544,4096,80.70833041418045,9.870326829057928,28.38535720400546,0.049218380136352304,2030.761299802323,True,"Extrapolative model-domain sensitivity with diameter and height scaled together and nominal mass flow scaled with cross-sectional area to preserve superficial velocity. Shell stress, manifolds, valves, heat exchangers, installation count, cost and EPC feasibility are not solved.",False,False,True,True,True
S50MW_6H,50.0,6.0,300.0,G0110_T1_homogeneous_none__AIP_FLINAK_2017_V10__MODULE_SCALE_4,G0110,T1_homogeneous_none,AIP_FLINAK_2017_V10,FLiNaK (LiF-NaF-KF),homogeneous,none,Tier_3_hypothetical_common_skeleton,False,155,155,76,76,76,3097,0.05,True,3.4317089910775564,322.5806451612903,0.9992173159383462,0.9718534828694972,0.9718654586580558,3.9855634657936276,0.9,"time integral of positive outlet enthalpy flow following the simulated charge end state, with linear within-step interpolation at the registered outlet-grade threshold",True,0.9999999999998184,True,525.0,run-wise frozen at the registered transport-property temperature,11.441850861381655,11.441850861381655,1.0,0.0,0.0,0.0,5.505650724050867,0.0,1,binary_monotone_bracket_with_adjacent_verification,MINIMAL_INTEGER_COUNT_BINARY_BRACKET,False,105.92077906600407,12239.205268031832,617.7623371980122,12.355246743960244,0.024511395423981033,12263.156138459843,17538.04976761039,105.92077906600407,0.07832971358374685,0.027941626023457743,0.02759639118990361,0.00034523483355026617,20.633909664423484,3.484503138503663,17.149406525919822,12,13,4.4449663032762965,0.46289256226560627,0.1287967714083883,0.13405592994092685,1.5,"two-level balanced square-array Darcy-Weisbach friction screen with one trunk and one lateral supply-return pair; uniform module flow is prescribed and fittings, valves, heat exchangers and site-specific manifolds are excluded",5.2156780671224725,0.00010431356134244944,"frictional energy for the modeled packed bed plus the registered balanced on-array trunk-and-lateral header screen; fittings, valves, heat exchangers, external piping and pump efficiency excluded",True,"parallel modular packed zones; discrete unit count, bed friction and a geometry-normalized on-array header-friction screen are included. Tank shells, fittings, valves, heat exchangers, site-specific trunk routing, flow maldistribution and balance of plant are excluded. Hydraulic values are screening metrics, not installed-pump specifications.",G0110_T1_homogeneous_none__AIP_FLINAK_2017_V10,4.0,3.555973042621037,7.95087121625088,8192,322.8333216567218,78.96261463246343,20.661851290446943,0.135232925794876,738.4648855832787,True,"Extrapolative model-domain sensitivity with diameter and height scaled together and nominal mass flow scaled with cross-sectional area to preserve superficial velocity. Shell stress, manifolds, valves, heat exchangers, installation count, cost and EPC feasibility are not solved.",False,True,True,True,True
S50MW_6H,50.0,6.0,300.0,G0024_T1_homogeneous_none__AIP_FLINAK_2017_V10__MODULE_SCALE_1,G0024,T1_homogeneous_none,AIP_FLINAK_2017_V10,FLiNaK (LiF-NaF-KF),homogeneous,none,Tier_3_hypothetical_common_skeleton,False,3002,2199,3029,3002,3002,43978,0.05,True,0.17718683997902107,16.655562958027982,0.7324946725352536,0.9429714783221642,0.9514393058737949,0.0999433250848811,0.9,"time integral of positive outlet enthalpy flow following the simulated charge end state, with linear within-step interpolation at the registered outlet-grade threshold",True,0.9999999999863812,True,525.0,run-wise frozen at the registered transport-property temperature,5.676628330012832,5.676628330012832,1.0,0.0,0.0,0.0,4.536043793329511,0.0,13,binary_monotone_bracket_with_adjacent_verification,MINIMAL_INTEGER_COUNT_BINARY_BRACKET,False,0.009953968271014801,6109.939956289649,300.02986190481306,6.000597238096261,0.04910031884866172,5413.372414448704,9673.796307837889,0.009953968271014801,36.519764237858254,0.00473173307911794,0.004699222004988723,3.2511074129360054e-05,59.70300633216461,4.531466132970284,55.17154019919433,54,56,1.4030196498438297,0.46289256226560627,0.06265506767488781,0.06322209341955579,1.5,"two-level balanced square-array Darcy-Weisbach friction screen with one trunk and one lateral supply-return pair; uniform module flow is prescribed and fittings, valves, heat exchangers and site-specific manifolds are excluded",15.07204439170315,0.000301440887834063,"frictional energy for the modeled packed bed plus the registered balanced on-array trunk-and-lateral header screen; fittings, valves, heat exchangers, external piping and pump efficiency excluded",True,"parallel modular packed zones; discrete unit count, bed friction and a geometry-normalized on-array header-friction screen are included. Tank shells, fittings, valves, heat exchangers, site-specific trunk routing, flow maldistribution and balance of plant are excluded. Hydraulic values are screening metrics, not installed-pump specifications.",G0024_T1_homogeneous_none__AIP_FLINAK_2017_V10,1.0,1.1224157198750637,2.0569744250765924,2048,22.73813528278785,2.0352897922350595,59.70773806524373,0.007924823871149646,12617.57697103533,False,"Extrapolative model-domain sensitivity with diameter and height scaled together and nominal mass flow scaled with cross-sectional area to preserve superficial velocity. Shell stress, manifolds, valves, heat exchangers, installation count, cost and EPC feasibility are not solved.",False,False,False,True,True
S50MW_6H,50.0,6.0,300.0,G0024_T1_homogeneous_none__AIP_FLINAK_2017_V10__MODULE_SCALE_2,G0024,T1_homogeneous_none,AIP_FLINAK_2017_V10,FLiNaK (LiF-NaF-KF),homogeneous,none,Tier_3_hypothetical_common_skeleton,False,550,550,373,373,373,10994,0.05,True,0.9671179883945841,90.9090909090909,0.9995222758867414,0.9595283746758967,0.959539920668543,0.8063539913161247,0.9,"time integral of positive outlet enthalpy flow following the simulated charge end state, with linear within-step interpolation at the registered outlet-grade threshold",True,0.9999999999724493,True,525.0,run-wise frozen at the registered transport-property temperature,8.319905793547218,8.319905793547218,1.0,0.0,0.0,0.0,4.536043793329511,0.0,1,binary_monotone_bracket_with_adjacent_verification,MINIMAL_INTEGER_COUNT_BINARY_BRACKET,False,47.83156507462285,8955.275085834262,443.4946952238686,8.869893904477372,0.03349980845083692,7934.323325641006,14178.782063453269,47.83156507462285,0.047795244266546355,0.01294567427266309,0.01282460405361554,0.00012107021904880608,32.63701706121281,4.004976861657196,28.632040199555615,23,24,2.8060392996876593,0.46289256226560627,0.09465918825515632,0.09669510263822838,1.5,"two-level balanced square-array Darcy-Weisbach friction screen with one trunk and one lateral supply-return pair; uniform module flow is prescribed and fittings, valves, heat exchangers and site-specific manifolds are excluded",8.241841069225602,0.00016483682138451205,"frictional energy for the modeled packed bed plus the registered balanced on-array trunk-and-lateral header screen; fittings, valves, heat exchangers, external piping and pump efficiency excluded",True,"parallel modular packed zones; discrete unit count, bed friction and a geometry-normalized on-array header-friction screen are included. Tank shells, fittings, valves, heat exchangers, site-specific trunk routing, flow maldistribution and balance of plant are excluded. Hydraulic values are screening metrics, not installed-pump specifications.",G0024_T1_homogeneous_none__AIP_FLINAK_2017_V10,2.0,2.2448314397501274,4.113948850153185,4096,90.9525411311514,16.282318337880476,32.649962735485474,0.03964988988668321,2521.0750999761526,True,"Extrapolative model-domain sensitivity with diameter and height scaled together and nominal mass flow scaled with cross-sectional area to preserve superficial velocity. Shell stress, manifolds, valves, heat exchangers, installation count, cost and EPC feasibility are not solved.",False,False,True,True,True
S50MW_6H,50.0,6.0,300.0,G0024_T1_homogeneous_none__AIP_FLINAK_2017_V10__MODULE_SCALE_4,G0024,T1_homogeneous_none,AIP_FLINAK_2017_V10,FLiNaK (LiF-NaF-KF),homogeneous,none,Tier_3_hypothetical_common_skeleton,False,138,138,46,46,46,2748,0.05,True,3.85445575084798,362.3188405797101,0.9959008183654126,0.9713115428016337,0.9713715796674124,6.530374263283491,0.9,"time integral of positive outlet enthalpy flow following the simulated charge end state, with linear within-step interpolation at the registered outlet-grade threshold",True,0.9999999999448352,True,525.0,run-wise frozen at the registered transport-property temperature,16.699863125769927,16.699863125769927,1.0,0.0,0.0,0.0,4.536043793329511,0.0,1,binary_monotone_bracket_with_adjacent_verification,MINIMAL_INTEGER_COUNT_BINARY_BRACKET,False,200.3972161110406,17975.679445020047,901.1916483331217,18.023832966662436,0.016689216166630716,15926.350820923039,28460.68254191347,200.3972161110406,0.41160540879114915,0.025796665169735607,0.025556276193792977,0.000240388975938972,24.146344058672693,3.9980027529159874,20.148341305756706,11,13,5.612078599375319,0.46289256226560627,0.136499569739987,0.14207325663474357,1.5,"two-level balanced square-array Darcy-Weisbach friction screen with one trunk and one lateral supply-return pair; uniform module flow is prescribed and fittings, valves, heat exchangers and site-specific manifolds are excluded",6.101781608845164,0.0001220356321769033,"frictional energy for the modeled packed bed plus the registered balanced on-array trunk-and-lateral header screen; fittings, valves, heat exchangers, external piping and pump efficiency excluded",True,"parallel modular packed zones; discrete unit count, bed friction and a geometry-normalized on-array header-friction screen are included. Tank shells, fittings, valves, heat exchangers, site-specific trunk routing, flow maldistribution and balance of plant are excluded. Hydraulic values are screening metrics, not installed-pump specifications.",G0024_T1_homogeneous_none__AIP_FLINAK_2017_V10,4.0,4.489662879500255,8.22789770030637,8192,363.8101645246056,130.2585467030438,24.17214072384243,0.10672064780878433,936.0257963498686,True,"Extrapolative model-domain sensitivity with diameter and height scaled together and nominal mass flow scaled with cross-sectional area to preserve superficial velocity. Shell stress, manifolds, valves, heat exchangers, installation count, cost and EPC feasibility are not solved.",False,True,True,True,True
S50MW_6H,50.0,6.0,300.0,G0197_T1_homogeneous_none__AIP_FLINAK_2017_V10__MODULE_SCALE_1,G0197,T1_homogeneous_none,AIP_FLINAK_2017_V10,FLiNaK (LiF-NaF-KF),homogeneous,none,Tier_3_hypothetical_common_skeleton,False,4518,4205,4525,4518,4518,84083,0.05,True,0.11773238017198345,11.066843736166446,0.9305389999133473,0.9651409027989905,0.9666047700980248,0.06641020421179604,0.9,"time integral of positive outlet enthalpy flow following the simulated charge end state, with linear within-step interpolation at the registered outlet-grade threshold",True,0.9999999999995972,True,525.0,run-wise frozen at the registered transport-property temperature,5.587474644325656,5.587474644325656,1.0,0.0,0.0,0.0,5.384352501394019,0.0,12,binary_monotone_bracket_with_adjacent_verification,MINIMAL_INTEGER_COUNT_BINARY_BRACKET,False,0.013767542964826518,5933.337677868592,300.04130262889447,6.00082605257789,0.05056176073022153,6753.8327833946405,7453.381726590756,0.013767542964826518,7.464598484654705,0.002284204119929359,0.0022686292382687345,1.5574881660583455e-05,66.54589712186767,4.540780629031275,62.00511649283639,67,68,1.1383216147316477,0.46289256226560627,0.05636953998348109,0.05678865014053721,1.5,"two-level balanced square-array Darcy-Weisbach friction screen with one trunk and one lateral supply-return pair; uniform module flow is prescribed and fittings, valves, heat exchangers and site-specific manifolds are excluded",16.79877978355805,0.000335975595671161,"frictional energy for the modeled packed bed plus the registered balanced on-array trunk-and-lateral header screen; fittings, valves, heat exchangers, external piping and pump efficiency excluded",True,"parallel modular packed zones; discrete unit count, bed friction and a geometry-normalized on-array header-friction screen are included. Tank shells, fittings, valves, heat exchangers, site-specific trunk routing, flow maldistribution and balance of plant are excluded. Hydraulic values are screening metrics, not installed-pump specifications.",G0197_T1_homogeneous_none__AIP_FLINAK_2017_V10,1.0,0.9106572917853182,2.016290105019689,2048,11.892939185995429,1.313266418297608,66.5481813259876,0.003432406527745874,29133.078143614264,False,"Extrapolative model-domain sensitivity with diameter and height scaled together and nominal mass flow scaled with cross-sectional area to preserve superficial velocity. Shell stress, manifolds, valves, heat exchangers, installation count, cost and EPC feasibility are not solved.",False,False,False,True,True
S50MW_6H,50.0,6.0,300.0,G0197_T1_homogeneous_none__AIP_FLINAK_2017_V10__MODULE_SCALE_2,G0197,T1_homogeneous_none,AIP_FLINAK_2017_V10,FLiNaK (LiF-NaF-KF),homogeneous,none,Tier_3_hypothetical_common_skeleton,False,1052,1052,560,560,560,21020,0.05,True,0.5056225224496399,47.52851711026616,0.9990910650210321,0.9752947796099429,0.9753081118859305,0.5360653113532423,0.9,"time integral of positive outlet enthalpy flow following the simulated charge end state, with linear within-step interpolation at the registered outlet-grade threshold",True,0.9999999999913586,True,525.0,run-wise frozen at the registered transport-property temperature,10.408186499924884,10.408186499924884,1.0,0.0,0.0,0.0,5.384352501394019,0.0,1,binary_monotone_bracket_with_adjacent_verification,MINIMAL_INTEGER_COUNT_BINARY_BRACKET,False,87.98023584787029,11052.45017639267,563.9407075436109,11.278814150872217,0.027143302635354187,12580.844777567352,13883.944358341701,87.98023584787029,0.09097618933753271,0.004907423059779133,0.00487151468559779,3.590837418106697e-05,43.117900904172004,4.444782040648214,38.67311886352379,32,33,2.2766432294632954,0.46289256226560627,0.08073229934914397,0.08198403755087655,1.5,"two-level balanced square-array Darcy-Weisbach friction screen with one trunk and one lateral supply-return pair; uniform module flow is prescribed and fittings, valves, heat exchangers and site-specific manifolds are excluded",10.885505002596695,0.0002177101000519339,"frictional energy for the modeled packed bed plus the registered balanced on-array trunk-and-lateral header screen; fittings, valves, heat exchangers, external piping and pump efficiency excluded",True,"parallel modular packed zones; discrete unit count, bed friction and a geometry-normalized on-array header-friction screen are included. Tank shells, fittings, valves, heat exchangers, site-specific trunk routing, flow maldistribution and balance of plant are excluded. Hydraulic values are screening metrics, not installed-pump specifications.",G0197_T1_homogeneous_none__AIP_FLINAK_2017_V10,2.0,1.8213145835706364,4.032580210039378,4096,47.571756743981716,10.506131346380863,43.12280832723178,0.01138011008591972,8786.261216719431,True,"Extrapolative model-domain sensitivity with diameter and height scaled together and nominal mass flow scaled with cross-sectional area to preserve superficial velocity. Shell stress, manifolds, valves, heat exchangers, installation count, cost and EPC feasibility are not solved.",False,False,False,True,True
S50MW_6H,50.0,6.0,300.0,G0197_T1_homogeneous_none__AIP_FLINAK_2017_V10__MODULE_SCALE_4,G0197,T1_homogeneous_none,AIP_FLINAK_2017_V10,FLiNaK (LiF-NaF-KF),homogeneous,none,Tier_3_hypothetical_common_skeleton,False,263,263,70,70,70,5255,0.05,True,2.0224900897985596,190.11406844106463,0.9990910650210321,0.9825028288890153,0.9825121569849075,4.320199362017081,0.9,"time integral of positive outlet enthalpy flow following the simulated charge end state, with linear within-step interpolation at the registered outlet-grade threshold",True,0.9999999999882206,True,525.0,run-wise frozen at the registered transport-property temperature,20.81594648999932,20.81594648999932,1.0,0.0,0.0,0.0,5.384352501394019,0.0,1,binary_monotone_bracket_with_adjacent_verification,MINIMAL_INTEGER_COUNT_BINARY_BRACKET,False,278.73747740349745,22104.90035278534,1136.2124322104924,22.724248644209847,0.013571651317677094,25161.689555134704,27767.888716683403,278.73747740349745,0.09097618933753271,0.009814846119558266,0.009743029371195294,7.181674836214336e-05,30.924288745711287,4.560787641064617,26.363501104646673,16,17,4.553286458926591,0.46289256226560627,0.114172712661124,0.11768653846627726,1.5,"two-level balanced square-array Darcy-Weisbach friction screen with one trunk and one lateral supply-return pair; uniform module flow is prescribed and fittings, valves, heat exchangers and site-specific manifolds are excluded",7.808706168774125,0.0001561741233754825,"frictional energy for the modeled packed bed plus the registered balanced on-array trunk-and-lateral header screen; fittings, valves, heat exchangers, external piping and pump efficiency excluded",True,"parallel modular packed zones; discrete unit count, bed friction and a geometry-normalized on-array header-friction screen are included. Tank shells, fittings, valves, heat exchangers, site-specific trunk routing, flow maldistribution and balance of plant are excluded. Hydraulic values are screening metrics, not installed-pump specifications.",G0197_T1_homogeneous_none__AIP_FLINAK_2017_V10,4.0,3.6426291671412727,8.065160420078756,8192,190.28702697592686,84.04905077104691,30.934103591830844,0.03172823835163659,3150.766539690088,True,"Extrapolative model-domain sensitivity with diameter and height scaled together and nominal mass flow scaled with cross-sectional area to preserve superficial velocity. Shell stress, manifolds, valves, heat exchangers, installation count, cost and EPC feasibility are not solved.",False,True,True,True,True
S50MW_6H,50.0,6.0,300.0,G0174_T1_homogeneous_none__AIP_FLINAK_2017_V10__MODULE_SCALE_1,G0174,T1_homogeneous_none,AIP_FLINAK_2017_V10,FLiNaK (LiF-NaF-KF),homogeneous,none,Tier_3_hypothetical_common_skeleton,False,4386,4004,4393,4386,4386,80060,0.05,True,0.12127562553967652,11.399908800729595,0.9126867086151574,0.9708884250084212,0.9725917286614999,0.06841052178869815,0.9,"time integral of positive outlet enthalpy flow following the simulated charge end state, with linear within-step interpolation at the registered outlet-grade threshold",True,0.9999999999993833,True,525.0,run-wise frozen at the registered transport-property temperature,5.553135434025092,5.553135434025092,1.0,0.0,0.0,0.0,5.043183985325774,0.0,12,binary_monotone_bracket_with_adjacent_verification,MINIMAL_INTEGER_COUNT_BINARY_BRACKET,False,0.01618285507671846,5943.904892541626,300.04854856523013,6.000970971304603,0.050471870836365174,5886.060677469415,8607.337500083038,0.01618285507671846,9.566622430310767,0.0036057687669153607,0.0035934710415985896,1.2297725316848567e-05,78.13307764227082,5.377120007740153,72.75595763453066,66,67,1.3680629559497466,0.46289256226560627,0.05678293762881475,0.057211494181249684,1.5,"two-level balanced square-array Darcy-Weisbach friction screen with one trunk and one lateral supply-return pair; uniform module flow is prescribed and fittings, valves, heat exchangers and site-specific manifolds are excluded",19.724069260583004,0.00039448138521166006,"frictional energy for the modeled packed bed plus the registered balanced on-array trunk-and-lateral header screen; fittings, valves, heat exchangers, external piping and pump efficiency excluded",True,"parallel modular packed zones; discrete unit count, bed friction and a geometry-normalized on-array header-friction screen are included. Tank shells, fittings, valves, heat exchangers, site-specific trunk routing, flow maldistribution and balance of plant are excluded. Hydraulic values are screening metrics, not installed-pump specifications.",G0174_T1_homogeneous_none__AIP_FLINAK_2017_V10,1.0,1.0944503647597972,1.4405263353483395,2048,12.490495033095161,1.3551994739036997,78.13668341103774,0.004614693904970636,21668.909653658015,False,"Extrapolative model-domain sensitivity with diameter and height scaled together and nominal mass flow scaled with cross-sectional area to preserve superficial velocity. Shell stress, manifolds, valves, heat exchangers, installation count, cost and EPC feasibility are not solved.",False,False,False,True,True
S50MW_6H,50.0,6.0,300.0,G0174_T1_homogeneous_none__AIP_FLINAK_2017_V10__MODULE_SCALE_2,G0174,T1_homogeneous_none,AIP_FLINAK_2017_V10,FLiNaK (LiF-NaF-KF),homogeneous,none,Tier_3_hypothetical_common_skeleton,False,1001,1001,545,545,545,20015,0.05,True,0.5313835101069143,49.95004995004995,0.9997612147817384,0.9794040221889667,0.9794072368527332,0.5511193084805006,0.9,"time integral of positive outlet enthalpy flow following the simulated charge end state, with linear within-step interpolation at the registered outlet-grade threshold",True,0.9999999999990933,True,525.0,run-wise frozen at the registered transport-property temperature,10.138966838959043,10.138966838959043,1.0,0.0,0.0,0.0,5.043183985325774,0.0,1,binary_monotone_bracket_with_adjacent_verification,MINIMAL_INTEGER_COUNT_BINARY_BRACKET,False,83.890142596327,10852.437387020827,551.670427788981,11.03340855577962,0.027643559626410793,10746.824875780912,15715.357660890326,83.890142596327,0.02388422502606069,0.007902121742204773,0.007872609384841073,2.951235736408059e-05,50.212392834539834,5.149899667794229,45.062493166745604,31,33,2.736125911899493,0.46289256226560627,0.08276336749689898,0.08404659700522586,1.5,"two-level balanced square-array Darcy-Weisbach friction screen with one trunk and one lateral supply-return pair; uniform module flow is prescribed and fittings, valves, heat exchangers and site-specific manifolds are excluded",12.677125938323197,0.00025354251876646397,"frictional energy for the modeled packed bed plus the registered balanced on-array trunk-and-lateral header screen; fittings, valves, heat exchangers, external piping and pump efficiency excluded",True,"parallel modular packed zones; discrete unit count, bed friction and a geometry-normalized on-array header-friction screen are included. Tank shells, fittings, valves, heat exchangers, site-specific trunk routing, flow maldistribution and balance of plant are excluded. Hydraulic values are screening metrics, not installed-pump specifications.",G0174_T1_homogeneous_none__AIP_FLINAK_2017_V10,2.0,2.1889007295195944,2.881052670696679,4096,49.961980132380646,10.841595791229597,50.22029495628204,0.01573491702723721,6354.2924891119255,True,"Extrapolative model-domain sensitivity with diameter and height scaled together and nominal mass flow scaled with cross-sectional area to preserve superficial velocity. Shell stress, manifolds, valves, heat exchangers, installation count, cost and EPC feasibility are not solved.",False,False,False,True,True
S50MW_6H,50.0,6.0,300.0,G0174_T1_homogeneous_none__AIP_FLINAK_2017_V10__MODULE_SCALE_4,G0174,T1_homogeneous_none,AIP_FLINAK_2017_V10,FLiNaK (LiF-NaF-KF),homogeneous,none,Tier_3_hypothetical_common_skeleton,False,251,251,68,68,68,5003,0.05,True,2.119182843095702,199.20318725099602,0.9967738804746216,0.9854309284232906,0.985461825978687,4.436210145332783,0.9,"time integral of positive outlet enthalpy flow following the simulated charge end state, with linear within-step interpolation at the registered outlet-grade threshold",True,0.9999999999989994,True,525.0,run-wise frozen at the registered transport-property temperature,20.33870670593677,20.33870670593677,1.0,0.0,0.0,0.0,5.043183985325774,0.0,1,binary_monotone_bracket_with_adjacent_verification,MINIMAL_INTEGER_COUNT_BINARY_BRACKET,False,271.1629154928428,21769.92434878903,1113.4887464785284,22.269774929570566,0.013780479674321318,21558.06628428379,31524.913269797973,271.1629154928428,0.32365610582032467,0.01575684380762528,0.015698171303240246,5.867250438716383e-05,35.9822954050046,5.205073006738324,30.77722239826628,15,17,5.472251823798986,0.46289256226560627,0.11687007781506081,0.12046691882641274,1.5,"two-level balanced square-array Darcy-Weisbach friction screen with one trunk and one lateral supply-return pair; uniform module flow is prescribed and fittings, valves, heat exchangers and site-specific manifolds are excluded",9.087000430598753,0.00018174000861197507,"frictional energy for the modeled packed bed plus the registered balanced on-array trunk-and-lateral header screen; fittings, valves, heat exchangers, external piping and pump efficiency excluded",True,"parallel modular packed zones; discrete unit count, bed friction and a geometry-normalized on-array header-friction screen are included. Tank shells, fittings, valves, heat exchangers, site-specific trunk routing, flow maldistribution and balance of plant are excluded. Hydraulic values are screening metrics, not installed-pump specifications.",G0174_T1_homogeneous_none__AIP_FLINAK_2017_V10,4.0,4.377801459039189,5.762105341393358,8192,199.84792052952258,86.73276632983678,35.99805224881222,0.04377137879215447,2283.5978984313806,True,"Extrapolative model-domain sensitivity with diameter and height scaled together and nominal mass flow scaled with cross-sectional area to preserve superficial velocity. Shell stress, manifolds, valves, heat exchangers, installation count, cost and EPC feasibility are not solved.",False,True,True,True,True
S50MW_6H,50.0,6.0,300.0,G0138_T2_graded_two_layer_fine_hot__AIP_FLINAK_2017_V10__MODULE_SCALE_1,G0138,T2_graded_two_layer_fine_hot,AIP_FLINAK_2017_V10,FLiNaK (LiF-NaF-KF),graded_two_layer,fine_hot,Tier_3_hypothetical_common_skeleton,False,3400,2157,3440,3400,3400,43139,0.05,True,0.1564455569461827,14.705882352941176,0.634403374032441,0.9474248910940072,0.958661271694665,0.08824682146159422,0.9,"time integral of positive outlet enthalpy flow following the simulated charge end state, with linear within-step interpolation at the registered outlet-grade threshold",True,0.9999999999983835,True,525.0,run-wise frozen at the registered transport-property temperature,5.634053162235877,5.634053162235877,1.0,0.0,0.0,0.0,4.739781217830526,0.0,14,binary_monotone_bracket_with_adjacent_verification,MINIMAL_INTEGER_COUNT_BINARY_BRACKET,False,0.013064323140099532,6009.718766832957,300.0391929694203,6.000783859388406,0.049919141250946764,6329.944884735358,8211.635100177431,0.013064323140099532,57.62841764912554,0.0031215360342728353,0.0031038780117848635,1.7658022487899658e-05,63.1765828699365,4.678638372216323,58.49794449772018,58,59,1.3503952708070142,0.46289256226560627,0.06045813428375689,0.06097709774470362,1.5,"two-level balanced square-array Darcy-Weisbach friction screen with one trunk and one lateral supply-return pair; uniform module flow is prescribed and fittings, valves, heat exchangers and site-specific manifolds are excluded",15.948474022260509,0.00031896948044521015,"frictional energy for the modeled packed bed plus the registered balanced on-array trunk-and-lateral header screen; fittings, valves, heat exchangers, external piping and pump efficiency excluded",True,"parallel modular packed zones; discrete unit count, bed friction and a geometry-normalized on-array header-friction screen are included. Tank shells, fittings, valves, heat exchangers, site-specific trunk routing, flow maldistribution and balance of plant are excluded. Hydraulic values are screening metrics, not installed-pump specifications.",G0138_T2_graded_two_layer_fine_hot__AIP_FLINAK_2017_V10,1.0,1.0803162166456113,1.9283397777897793,2048,23.180649654283165,1.7675643431861638,63.179704405970774,0.0049407259239690835,20238.94075746383,False,"Extrapolative model-domain sensitivity with diameter and height scaled together and nominal mass flow scaled with cross-sectional area to preserve superficial velocity. Shell stress, manifolds, valves, heat exchangers, installation count, cost and EPC feasibility are not solved.",False,False,False,True,True
S50MW_6H,50.0,6.0,300.0,G0138_T2_graded_two_layer_fine_hot__AIP_FLINAK_2017_V10__MODULE_SCALE_2,G0138,T2_graded_two_layer_fine_hot,AIP_FLINAK_2017_V10,FLiNaK (LiF-NaF-KF),graded_two_layer,fine_hot,Tier_3_hypothetical_common_skeleton,False,540,540,424,424,424,10784,0.05,True,0.9850275807722615,92.5925925925926,0.9985979035695829,0.9626157163369918,0.9626426366413887,0.7089065169960694,0.9,"time integral of positive outlet enthalpy flow following the simulated charge end state, with linear within-step interpolation at the registered outlet-grade threshold",True,0.9999999999880517,True,525.0,run-wise frozen at the registered transport-property temperature,7.158100239042344,7.158100239042344,1.0,0.0,0.0,0.0,4.739781217830526,0.0,1,binary_monotone_bracket_with_adjacent_verification,MINIMAL_INTEGER_COUNT_BINARY_BRACKET,False,27.603173059292494,7635.877962564228,382.80951917787746,7.656190383557549,0.03928821302157847,8042.753500604926,10433.606950813677,27.603173059292494,0.1404065065032878,0.009858970704093232,0.009771467814879097,8.750288921473078e-05,31.05573960818483,3.8120142922512934,27.24372531593354,23,24,2.7007905416140283,0.46289256226560627,0.09553164161310171,0.09758632058070849,1.5,"two-level balanced square-array Darcy-Weisbach friction screen with one trunk and one lateral supply-return pair; uniform module flow is prescribed and fittings, valves, heat exchangers and site-specific manifolds are excluded",7.84189949256174,0.0001568379898512348,"frictional energy for the modeled packed bed plus the registered balanced on-array trunk-and-lateral header screen; fittings, valves, heat exchangers, external piping and pump efficiency excluded",True,"parallel modular packed zones; discrete unit count, bed friction and a geometry-normalized on-array header-friction screen are included. Tank shells, fittings, valves, heat exchangers, site-specific trunk routing, flow maldistribution and balance of plant are excluded. Hydraulic values are screening metrics, not installed-pump specifications.",G0138_T2_graded_two_layer_fine_hot__AIP_FLINAK_2017_V10,2.0,2.1606324332912226,3.8566795555795585,4096,92.72259861713266,14.14051474548931,31.065598578888924,0.03173597533959329,3149.998163123779,True,"Extrapolative model-domain sensitivity with diameter and height scaled together and nominal mass flow scaled with cross-sectional area to preserve superficial velocity. Shell stress, manifolds, valves, heat exchangers, installation count, cost and EPC feasibility are not solved.",False,False,True,True,True
S50MW_6H,50.0,6.0,300.0,G0138_T2_graded_two_layer_fine_hot__AIP_FLINAK_2017_V10__MODULE_SCALE_4,G0138,T2_graded_two_layer_fine_hot,AIP_FLINAK_2017_V10,FLiNaK (LiF-NaF-KF),graded_two_layer,fine_hot,Tier_3_hypothetical_common_skeleton,False,135,135,53,53,53,2696,0.05,True,3.940110323089046,370.3703703703704,0.9985979035695829,0.9734638806820701,0.9734830586422407,5.735116714667904,0.9,"time integral of positive outlet enthalpy flow following the simulated charge end state, with linear within-step interpolation at the registered outlet-grade threshold",True,0.9999999999761985,True,525.0,run-wise frozen at the registered transport-property temperature,14.31638924903565,14.31638924903565,1.0,0.0,0.0,0.0,4.739781217830526,0.0,1,binary_monotone_bracket_with_adjacent_verification,MINIMAL_INTEGER_COUNT_BINARY_BRACKET,False,158.08025216005564,15271.755925128457,774.240756480167,15.484815129603339,0.019644106510789235,16085.507001209851,20867.213901627354,158.08025216005564,0.1404065065032878,0.019717941408186463,0.019542935629753826,0.00017500577842942085,22.983237252398922,3.8527474295048627,19.13048982289406,11,13,5.401581083228057,0.46289256226560627,0.13800789806732663,0.14364317453227082,1.5,"two-level balanced square-array Darcy-Weisbach friction screen with one trunk and one lateral supply-return pair; uniform module flow is prescribed and fittings, valves, heat exchangers and site-specific manifolds are excluded",5.806643712454358,0.00011613287424908715,"frictional energy for the modeled packed bed plus the registered balanced on-array trunk-and-lateral header screen; fittings, valves, heat exchangers, external piping and pump efficiency excluded",True,"parallel modular packed zones; discrete unit count, bed friction and a geometry-normalized on-array header-friction screen are included. Tank shells, fittings, valves, heat exchangers, site-specific trunk routing, flow maldistribution and balance of plant are excluded. Hydraulic values are screening metrics, not installed-pump specifications.",G0138_T2_graded_two_layer_fine_hot__AIP_FLINAK_2017_V10,4.0,4.321264866582445,7.713359111159117,8192,370.89039446853064,113.12411796391449,23.002955193807107,0.08571916626388491,1165.6002407460637,True,"Extrapolative model-domain sensitivity with diameter and height scaled together and nominal mass flow scaled with cross-sectional area to preserve superficial velocity. Shell stress, manifolds, valves, heat exchangers, installation count, cost and EPC feasibility are not solved.",False,True,True,True,True
S50MW_6H,50.0,6.0,300.0,G0175_T1_homogeneous_none__AIP_FLINAK_2017_V10__MODULE_SCALE_1,G0175,T1_homogeneous_none,AIP_FLINAK_2017_V10,FLiNaK (LiF-NaF-KF),homogeneous,none,Tier_3_hypothetical_common_skeleton,False,7260,2230,7465,7259,7259,44581,0.05,True,0.07326651427231698,6.887052341597796,0.3070364586248537,0.9454251364652241,0.972137876648433,0.04132801094241856,0.9,"time integral of positive outlet enthalpy flow following the simulated charge end state, with linear within-step interpolation at the registered outlet-grade threshold",True,0.9999999999953076,True,525.0,run-wise frozen at the registered transport-property temperature,5.555675586294977,5.555675586294977,1.0,0.0,0.0,0.0,6.221522612621201,0.0,16,binary_monotone_bracket_with_adjacent_verification,MINIMAL_INTEGER_COUNT_BINARY_BRACKET,False,0.013786480652910882,5971.38033453207,300.0413594419587,6.000827188839175,0.05023964028302153,5451.396581735722,9245.952229136608,0.013786480652910882,225.69422031467275,0.006832818243974315,0.006808341145488191,2.4477098485938707e-05,84.92558049275918,5.04536503553066,79.88021545722852,85,86,1.000286700835402,0.46289256226560627,0.050086577326130935,0.05038034276197513,1.5,"two-level balanced square-array Darcy-Weisbach friction screen with one trunk and one lateral supply-return pair; uniform module flow is prescribed and fittings, valves, heat exchangers and site-specific manifolds are excluded",21.43951764374535,0.0004287903528749071,"frictional energy for the modeled packed bed plus the registered balanced on-array trunk-and-lateral header screen; fittings, valves, heat exchangers, external piping and pump efficiency excluded",True,"parallel modular packed zones; discrete unit count, bed friction and a geometry-normalized on-array header-friction screen are included. Tank shells, fittings, valves, heat exchangers, site-specific trunk routing, flow maldistribution and balance of plant are excluded. Hydraulic values are screening metrics, not installed-pump specifications.",G0175_T1_homogeneous_none__AIP_FLINAK_2017_V10,1.0,0.8002293606683215,1.635382205834237,2048,22.430731426630356,0.8225041783102025,84.93241331100316,0.008045006585358748,12429.070620699276,False,"Extrapolative model-domain sensitivity with diameter and height scaled together and nominal mass flow scaled with cross-sectional area to preserve superficial velocity. Shell stress, manifolds, valves, heat exchangers, installation count, cost and EPC feasibility are not solved.",False,False,False,False,True
S50MW_6H,50.0,6.0,300.0,G0175_T1_homogeneous_none__AIP_FLINAK_2017_V10__MODULE_SCALE_2,G0175,T1_homogeneous_none,AIP_FLINAK_2017_V10,FLiNaK (LiF-NaF-KF),homogeneous,none,Tier_3_hypothetical_common_skeleton,False,910,558,918,910,910,11145,0.05,True,0.5845218611176057,54.94505494505494,0.6123859037407796,0.9612771802732099,0.9701478939631755,0.32994729443691256,0.9,"time integral of positive outlet enthalpy flow following the simulated charge end state, with linear within-step interpolation at the registered outlet-grade threshold",True,0.9999999999842571,True,525.0,run-wise frozen at the registered transport-property temperature,5.5711087792408716,5.5711087792408716,1.0,0.0,0.0,0.0,6.221522612621201,0.0,12,binary_monotone_bracket_with_adjacent_verification,MINIMAL_INTEGER_COUNT_BINARY_BRACKET,False,0.08401264586346269,5987.830418098274,300.2520379375904,6.005040758751807,0.050101619293233014,5466.414203173011,9271.423171916598,0.08401264586346269,63.29572478586898,0.027353289995666503,0.027158547646290016,0.00019474234937771998,34.046852716981014,3.645044952051428,30.401807764929586,30,31,2.000573401670804,0.46289256226560627,0.08404659700522586,0.08543589107491145,1.5,"two-level balanced square-array Darcy-Weisbach friction screen with one trunk and one lateral supply-return pair; uniform module flow is prescribed and fittings, valves, heat exchangers and site-specific manifolds are excluded",8.60136327703464,0.00017202726554069279,"frictional energy for the modeled packed bed plus the registered balanced on-array trunk-and-lateral header screen; fittings, valves, heat exchangers, external piping and pump efficiency excluded",True,"parallel modular packed zones; discrete unit count, bed friction and a geometry-normalized on-array header-friction screen are included. Tank shells, fittings, valves, heat exchangers, site-specific trunk routing, flow maldistribution and balance of plant are excluded. Hydraulic values are screening metrics, not installed-pump specifications.",G0175_T1_homogeneous_none__AIP_FLINAK_2017_V10,2.0,1.600458721336643,3.270764411668474,4096,89.72292570652142,6.58003342648162,34.07420600697668,0.0802756489470831,1244.707774544669,True,"Extrapolative model-domain sensitivity with diameter and height scaled together and nominal mass flow scaled with cross-sectional area to preserve superficial velocity. Shell stress, manifolds, valves, heat exchangers, installation count, cost and EPC feasibility are not solved.",False,False,True,True,True
S50MW_6H,50.0,6.0,300.0,G0175_T1_homogeneous_none__AIP_FLINAK_2017_V10__MODULE_SCALE_4,G0175,T1_homogeneous_none,AIP_FLINAK_2017_V10,FLiNaK (LiF-NaF-KF),homogeneous,none,Tier_3_hypothetical_common_skeleton,False,140,140,114,114,114,2786,0.05,True,3.7993920972644375,357.14285714285717,0.9951270935787668,0.9725524473038795,0.9726209203807461,2.6463069656845373,0.9,"time integral of positive outlet enthalpy flow following the simulated charge end state, with linear within-step interpolation at the registered outlet-grade threshold",True,0.9999999999681094,True,525.0,run-wise frozen at the registered transport-property temperature,6.856442228535891,6.856442228535891,1.0,0.0,0.0,0.0,6.221522612621201,0.0,1,binary_monotone_bracket_with_adjacent_verification,MINIMAL_INTEGER_COUNT_BINARY_BRACKET,False,23.49432506527842,7369.637437659414,370.48297519583525,7.409659503916705,0.040707565675751824,6727.894403905244,11410.982365435813,23.49432506527842,0.48967679130398345,0.0892937628830896,0.08826527985044845,0.001028483032650955,17.364622568745943,2.8712269047352703,14.493395664010675,11,13,4.001146803341608,0.46289256226560627,0.13552106558470156,0.14105479721954656,1.5,"two-level balanced square-array Darcy-Weisbach friction screen with one trunk and one lateral supply-return pair; uniform module flow is prescribed and fittings, valves, heat exchangers and site-specific manifolds are excluded",4.405897967059617,8.811795934119233e-05,"frictional energy for the modeled packed bed plus the registered balanced on-array trunk-and-lateral header screen; fittings, valves, heat exchangers, external piping and pump efficiency excluded",True,"parallel modular packed zones; discrete unit count, bed friction and a geometry-normalized on-array header-friction screen are included. Tank shells, fittings, valves, heat exchangers, site-specific trunk routing, flow maldistribution and balance of plant are excluded. Hydraulic values are screening metrics, not installed-pump specifications.",G0175_T1_homogeneous_none__AIP_FLINAK_2017_V10,4.0,3.200917442673286,6.541528823336948,8192,358.8917028260857,52.64026741185296,17.45391633162903,0.5115972896081571,194.46624274845567,True,"Extrapolative model-domain sensitivity with diameter and height scaled together and nominal mass flow scaled with cross-sectional area to preserve superficial velocity. Shell stress, manifolds, valves, heat exchangers, installation count, cost and EPC feasibility are not solved.",False,True,True,True,True
S50MW_6H,50.0,6.0,300.0,G0161_T1_homogeneous_none__SOLAR_SALT_60_40_V10__MODULE_SCALE_1,G0161,T1_homogeneous_none,SOLAR_SALT_60_40_V10,Solar Salt (NaNO3-KNO3 60:40 wt%),homogeneous,none,Tier_2_unit_pair_partial,False,5682,2792,5792,5682,5682,55831,0.05,True,0.11478143101820795,8.79971840901091,0.49130511303480184,0.9403330350789846,0.9585916733699762,0.05280283970969662,0.9,"time integral of positive outlet enthalpy flow following the simulated charge end state, with linear within-step interpolation at the registered outlet-grade threshold",True,0.9999999999896183,True,525.0,run-wise frozen at the registered transport-property temperature,5.634016710115768,5.634016710115768,1.0,0.0,0.0,0.0,5.1550807967295205,0.0,15,binary_monotone_bracket_with_adjacent_verification,MINIMAL_INTEGER_COUNT_BINARY_BRACKET,False,0.008578410165416273,7087.666380920195,300.02573523049625,6.000514704609925,0.04232704868948006,5278.1578710339745,11152.168464942732,0.008578410165416273,103.5395059951604,0.0007989274118906701,0.0007846148114749676,1.431260041569591e-05,49.900551068043725,3.3408975523473967,46.55965351569632,75,76,1.3876824817744169,0.5614631275365252,0.06450617010662975,0.06493478724779546,1.5,"two-level balanced square-array Darcy-Weisbach friction screen with one trunk and one lateral supply-return pair; uniform module flow is prescribed and fittings, valves, heat exchangers and site-specific manifolds are excluded",18.53258139862619,0.00037065162797252375,"frictional energy for the modeled packed bed plus the registered balanced on-array trunk-and-lateral header screen; fittings, valves, heat exchangers, external piping and pump efficiency excluded",True,"parallel modular packed zones; discrete unit count, bed friction and a geometry-normalized on-array header-friction screen are included. Tank shells, fittings, valves, heat exchangers, site-specific trunk routing, flow maldistribution and balance of plant are excluded. Hydraulic values are screening metrics, not installed-pump specifications.",G0161_T1_homogeneous_none__SOLAR_SALT_60_40_V10,1.0,1.1101459854195335,1.2887004219486196,2048,17.910903378665996,1.2473893665822235,49.90134999545562,0.0016010136238066228,62459.43038799176,False,"Extrapolative model-domain sensitivity with diameter and height scaled together and nominal mass flow scaled with cross-sectional area to preserve superficial velocity. Shell stress, manifolds, valves, heat exchangers, installation count, cost and EPC feasibility are not solved.",False,False,False,False,True
S50MW_6H,50.0,6.0,300.0,G0161_T1_homogeneous_none__SOLAR_SALT_60_40_V10__MODULE_SCALE_2,G0161,T1_homogeneous_none,SOLAR_SALT_60_40_V10,Solar Salt (NaNO3-KNO3 60:40 wt%),homogeneous,none,Tier_2_unit_pair_partial,False,711,698,711,711,711,13957,0.05,True,0.9172828284746238,70.32348804500704,0.981573717392315,0.9576768616135315,0.958063456884613,0.42218994845010327,0.9,"time integral of positive outlet enthalpy flow following the simulated charge end state, with linear within-step interpolation at the registered outlet-grade threshold",True,0.999999999976958,True,525.0,run-wise frozen at the registered transport-property temperature,5.6399660413840715,5.6399660413840715,1.0,0.0,0.0,0.0,5.1550807967295205,0.0,6,binary_monotone_bracket_with_adjacent_verification,MINIMAL_INTEGER_COUNT_BINARY_BRACKET,False,0.05901778267447533,7095.150717119687,300.17705334802343,6.0035410669604685,0.042282399903942634,5283.731427391984,11163.944777999694,0.05901778267447533,1.8772184178522,0.003249408002736945,0.0031351486348811524,0.00011425936785593352,20.574530653225896,2.377505085507648,18.197025567718246,26,28,2.7753649635488338,0.5614631275365252,0.10941284785301704,0.1114205905082527,1.5,"two-level balanced square-array Darcy-Weisbach friction screen with one trunk and one lateral supply-return pair; uniform module flow is prescribed and fittings, valves, heat exchangers and site-specific manifolds are excluded",7.642265871013029,0.00015284531742026057,"frictional energy for the modeled packed bed plus the registered balanced on-array trunk-and-lateral header screen; fittings, valves, heat exchangers, external piping and pump efficiency excluded",True,"parallel modular packed zones; discrete unit count, bed friction and a geometry-normalized on-array header-friction screen are included. Tank shells, fittings, valves, heat exchangers, site-specific trunk routing, flow maldistribution and balance of plant are excluded. Hydraulic values are screening metrics, not installed-pump specifications.",G0161_T1_homogeneous_none__SOLAR_SALT_60_40_V10,2.0,2.220291970839067,2.577400843897239,4096,71.64361351466398,9.979114932657788,20.577780061228633,0.01579085787227008,6331.778168791413,True,"Extrapolative model-domain sensitivity with diameter and height scaled together and nominal mass flow scaled with cross-sectional area to preserve superficial velocity. Shell stress, manifolds, valves, heat exchangers, installation count, cost and EPC feasibility are not solved.",False,False,True,True,True
S50MW_6H,50.0,6.0,300.0,G0161_T1_homogeneous_none__SOLAR_SALT_60_40_V10__MODULE_SCALE_4,G0161,T1_homogeneous_none,SOLAR_SALT_60_40_V10,Solar Salt (NaNO3-KNO3 60:40 wt%),homogeneous,none,Tier_2_unit_pair_partial,False,175,175,88,88,88,3489,0.05,True,3.726789091688329,285.7142857142857,0.9969984472370513,0.9700077946522139,0.9700521609237786,3.4197840977762803,0.9,"time integral of positive outlet enthalpy flow following the simulated charge end state, with linear within-step interpolation at the registered outlet-grade threshold",True,0.9999999999521918,True,525.0,run-wise frozen at the registered transport-property temperature,11.104931542059932,11.104931542059932,1.0,0.0,0.0,0.0,5.1550807967295205,0.0,1,binary_monotone_bracket_with_adjacent_verification,MINIMAL_INTEGER_COUNT_BINARY_BRACKET,False,99.48740570361636,13970.760905720903,598.4622171108491,11.969244342216982,0.02147341880835944,10403.971868282388,21982.451039661843,99.48740570361636,0.3010589205295844,0.006604587695829304,0.006368830512573818,0.00023575718325673448,14.878911423232978,2.4770674844032525,12.401843938829725,13,14,5.5507299270976675,0.5614631275365252,0.153029053573501,0.15880575394691374,1.5,"two-level balanced square-array Darcy-Weisbach friction screen with one trunk and one lateral supply-return pair; uniform module flow is prescribed and fittings, valves, heat exchangers and site-specific manifolds are excluded",5.52824797642176,0.00011056495952843519,"frictional energy for the modeled packed bed plus the registered balanced on-array trunk-and-lateral header screen; fittings, valves, heat exchangers, external piping and pump efficiency excluded",True,"parallel modular packed zones; discrete unit count, bed friction and a geometry-normalized on-array header-friction screen are included. Tank shells, fittings, valves, heat exchangers, site-specific trunk routing, flow maldistribution and balance of plant are excluded. Hydraulic values are screening metrics, not installed-pump specifications.",G0161_T1_homogeneous_none__SOLAR_SALT_60_40_V10,4.0,4.440583941678134,5.154801687794478,8192,286.57445405865593,79.8329194612623,14.885516010928807,0.0443692223432515,2252.8145750307444,True,"Extrapolative model-domain sensitivity with diameter and height scaled together and nominal mass flow scaled with cross-sectional area to preserve superficial velocity. Shell stress, manifolds, valves, heat exchangers, installation count, cost and EPC feasibility are not solved.",False,True,True,True,True
S50MW_6H,50.0,6.0,300.0,G0225_T1_homogeneous_none__SOLAR_SALT_60_40_V10__MODULE_SCALE_1,G0225,T1_homogeneous_none,SOLAR_SALT_60_40_V10,Solar Salt (NaNO3-KNO3 60:40 wt%),homogeneous,none,Tier_2_unit_pair_partial,False,11497,1868,12272,11497,11497,37351,0.05,True,0.0567268062142696,4.348960598416978,0.16243999822036861,0.896621897538676,0.9570403745433308,0.026094786044892175,0.9,"time integral of positive outlet enthalpy flow following the simulated charge end state, with linear within-step interpolation at the registered outlet-grade threshold",True,0.9999999999794715,True,525.0,run-wise frozen at the registered transport-property temperature,5.6429735152611356,5.6429735152611356,1.0,0.0,0.0,0.0,6.527849710655722,0.0,18,binary_monotone_bracket_with_adjacent_verification,MINIMAL_INTEGER_COUNT_BINARY_BRACKET,False,0.003918386041790178,7093.720639184966,300.01175515812537,6.000235103162507,0.042290923939523585,5248.957140653654,11214.136860585211,0.003918386041790178,515.6119249911494,0.000515969186530148,0.0005083075106650791,7.661675865065838e-06,67.6680411614631,3.6965707803316525,63.97147038113145,107,108,1.0829784480790143,0.5614631275365252,0.05416526392989217,0.05441778401175456,1.5,"two-level balanced square-array Darcy-Weisbach friction screen with one trunk and one lateral supply-return pair; uniform module flow is prescribed and fittings, valves, heat exchangers and site-specific manifolds are excluded",25.131044415943776,0.0005026208883188756,"frictional energy for the modeled packed bed plus the registered balanced on-array trunk-and-lateral header screen; fittings, valves, heat exchangers, external piping and pump efficiency excluded",True,"parallel modular packed zones; discrete unit count, bed friction and a geometry-normalized on-array header-friction screen are included. Tank shells, fittings, valves, heat exchangers, site-specific trunk routing, flow maldistribution and balance of plant are excluded. Hydraulic values are screening metrics, not installed-pump specifications.",G0225_T1_homogeneous_none__SOLAR_SALT_60_40_V10,1.0,0.8663827584632114,1.0465984004210511,2048,26.77272005702137,0.6170062311198544,67.66855713064962,0.000762494736711988,131147.44625841966,False,"Extrapolative model-domain sensitivity with diameter and height scaled together and nominal mass flow scaled with cross-sectional area to preserve superficial velocity. Shell stress, manifolds, valves, heat exchangers, installation count, cost and EPC feasibility are not solved.",False,False,False,False,True
S50MW_6H,50.0,6.0,300.0,G0225_T1_homogeneous_none__SOLAR_SALT_60_40_V10__MODULE_SCALE_2,G0225,T1_homogeneous_none,SOLAR_SALT_60_40_V10,Solar Salt (NaNO3-KNO3 60:40 wt%),homogeneous,none,Tier_2_unit_pair_partial,False,1438,467,1485,1438,1438,9337,0.05,True,0.45353831088001223,34.770514603616135,0.32468231215917553,0.9264547361259472,0.9565601931419204,0.20865354685592952,0.9,"time integral of positive outlet enthalpy flow following the simulated charge end state, with linear within-step interpolation at the registered outlet-grade threshold",True,0.9999999999595669,True,525.0,run-wise frozen at the registered transport-property temperature,5.64626405138654,5.64626405138654,1.0,0.0,0.0,0.0,6.527849710655722,0.0,13,binary_monotone_bracket_with_adjacent_verification,MINIMAL_INTEGER_COUNT_BINARY_BRACKET,False,0.014600126275565728,7098.039682802805,300.0438003788267,6.000876007576534,0.04226519058872589,5252.152991743902,11220.964638094483,0.014600126275565728,207.9933715359738,0.002093211692198806,0.0020319928546996516,6.121883749906899e-05,27.145687549751642,2.6223182682226445,24.523369281528996,37,39,2.1659568961580287,0.5614631275365252,0.09127116538179714,0.09246430315132759,1.5,"two-level balanced square-array Darcy-Weisbach friction screen with one trunk and one lateral supply-return pair; uniform module flow is prescribed and fittings, valves, heat exchangers and site-specific manifolds are excluded",10.08226143780346,0.0002016452287560692,"frictional energy for the modeled packed bed plus the registered balanced on-array trunk-and-lateral header screen; fittings, valves, heat exchangers, external piping and pump efficiency excluded",True,"parallel modular packed zones; discrete unit count, bed friction and a geometry-normalized on-array header-friction screen are included. Tank shells, fittings, valves, heat exchangers, site-specific trunk routing, flow maldistribution and balance of plant are excluded. Hydraulic values are screening metrics, not installed-pump specifications.",G0225_T1_homogeneous_none__SOLAR_SALT_60_40_V10,2.0,1.7327655169264229,2.0931968008421022,4096,107.09088022808548,4.936049848958835,27.14778076144384,0.007710433904680905,12968.438715931576,True,"Extrapolative model-domain sensitivity with diameter and height scaled together and nominal mass flow scaled with cross-sectional area to preserve superficial velocity. Shell stress, manifolds, valves, heat exchangers, installation count, cost and EPC feasibility are not solved.",False,False,False,True,True
S50MW_6H,50.0,6.0,300.0,G0225_T1_homogeneous_none__SOLAR_SALT_60_40_V10__MODULE_SCALE_4,G0225,T1_homogeneous_none,SOLAR_SALT_60_40_V10,Solar Salt (NaNO3-KNO3 60:40 wt%),homogeneous,none,Tier_2_unit_pair_partial,False,180,117,182,180,180,2334,0.05,True,3.623267172474764,277.77777777777777,0.6484627290067979,0.9477812443365721,0.9571748405481834,1.670300954386514,0.9,"time integral of positive outlet enthalpy flow following the simulated charge end state, with linear within-step interpolation at the registered outlet-grade threshold",True,0.9999999999203967,True,525.0,run-wise frozen at the registered transport-property temperature,5.654044281926093,5.654044281926093,1.0,0.0,0.0,0.0,6.527849710655722,0.0,9,binary_monotone_bracket_with_adjacent_verification,MINIMAL_INTEGER_COUNT_BINARY_BRACKET,False,0.21805726319086283,7107.911782500723,300.65417178957256,6.013083435791451,0.04220648893513043,5259.4577942358965,11236.570986687104,0.21805726319086283,54.21086752844309,0.00860507379572277,0.008116682569605682,0.0004883912261166133,11.808665636792526,1.962607548538625,9.846058088253901,13,14,4.331913792316057,0.5614631275365252,0.1508886816788429,0.1565845850608714,1.5,"two-level balanced square-array Darcy-Weisbach friction screen with one trunk and one lateral supply-return pair; uniform module flow is prescribed and fittings, valves, heat exchangers and site-specific manifolds are excluded",4.3887496304914,8.777499260982801e-05,"frictional energy for the modeled packed bed plus the registered balanced on-array trunk-and-lateral header screen; fittings, valves, heat exchangers, external piping and pump efficiency excluded",True,"parallel modular packed zones; discrete unit count, bed friction and a geometry-normalized on-array header-friction screen are included. Tank shells, fittings, valves, heat exchangers, site-specific trunk routing, flow maldistribution and balance of plant are excluded. Hydraulic values are screening metrics, not installed-pump specifications.",G0225_T1_homogeneous_none__SOLAR_SALT_60_40_V10,4.0,3.4655310338528458,4.1863936016842045,8192,428.3635209123419,39.48839879167068,11.817270710588248,0.07281777668013176,1372.2910363258163,True,"Extrapolative model-domain sensitivity with diameter and height scaled together and nominal mass flow scaled with cross-sectional area to preserve superficial velocity. Shell stress, manifolds, valves, heat exchangers, installation count, cost and EPC feasibility are not solved.",False,True,True,True,True
S50MW_6H,50.0,6.0,300.0,G0130_T2_graded_two_layer_fine_hot__AIP_FLINAK_2017_V10__MODULE_SCALE_1,G0130,T2_graded_two_layer_fine_hot,AIP_FLINAK_2017_V10,FLiNaK (LiF-NaF-KF),graded_two_layer,fine_hot,Tier_3_hypothetical_common_skeleton,False,7413,2367,7618,7413,7413,47335,0.05,True,0.0717543361145314,6.744907594765952,0.3192731812718882,0.9444546974251505,0.9706021904542163,0.04047355287349576,0.9,"time integral of positive outlet enthalpy flow following the simulated charge end state, with linear within-step interpolation at the registered outlet-grade threshold",True,0.9999999999999813,True,525.0,run-wise frozen at the registered transport-property temperature,5.5644455574439435,5.5644455574439435,1.0,0.0,0.0,0.0,6.751278253407882,0.0,17,binary_monotone_bracket_with_adjacent_verification,MINIMAL_INTEGER_COUNT_BINARY_BRACKET,False,0.010149150408023111,5969.42841476171,300.03044745122406,6.000608949024481,0.05025606794414931,5656.647810475213,8974.506728525914,0.010149150408023111,213.21139972242617,0.012463113613840407,0.012409631503503991,5.348211033630898e-05,74.01004481452959,4.377666189697672,69.63237862483193,86,87,0.8569848115564328,0.46289256226560627,0.04985772159563105,0.050146754287088556,1.5,"two-level balanced square-array Darcy-Weisbach friction screen with one trunk and one lateral supply-return pair; uniform module flow is prescribed and fittings, valves, heat exchangers and site-specific manifolds are excluded",18.68552656037753,0.0003737105312075506,"frictional energy for the modeled packed bed plus the registered balanced on-array trunk-and-lateral header screen; fittings, valves, heat exchangers, external piping and pump efficiency excluded",True,"parallel modular packed zones; discrete unit count, bed friction and a geometry-normalized on-array header-friction screen are included. Tank shells, fittings, valves, heat exchangers, site-specific trunk routing, flow maldistribution and balance of plant are excluded. Hydraulic values are screening metrics, not installed-pump specifications.",G0130_T2_graded_two_layer_fine_hot__AIP_FLINAK_2017_V10,1.0,0.6855878492451463,2.1813363832407076,2048,21.125819487550665,0.8052648610227586,74.02250792814343,0.01683692428516316,5938.327059166077,False,"Extrapolative model-domain sensitivity with diameter and height scaled together and nominal mass flow scaled with cross-sectional area to preserve superficial velocity. Shell stress, manifolds, valves, heat exchangers, installation count, cost and EPC feasibility are not solved.",False,False,False,False,True
S50MW_6H,50.0,6.0,300.0,G0130_T2_graded_two_layer_fine_hot__AIP_FLINAK_2017_V10__MODULE_SCALE_2,G0130,T2_graded_two_layer_fine_hot,AIP_FLINAK_2017_V10,FLiNaK (LiF-NaF-KF),graded_two_layer,fine_hot,Tier_3_hypothetical_common_skeleton,False,929,592,937,929,929,11833,0.05,True,0.5725671621281175,53.821313240043054,0.6369139108634304,0.9605178558931914,0.9688003444839097,0.3231873354662907,0.9,"time integral of positive outlet enthalpy flow following the simulated charge end state, with linear within-step interpolation at the registered outlet-grade threshold",True,1.0000000000000078,True,525.0,run-wise frozen at the registered transport-property temperature,5.578707592462328,5.578707592462328,1.0,0.0,0.0,0.0,6.751278253407882,0.0,12,binary_monotone_bracket_with_adjacent_verification,MINIMAL_INTEGER_COUNT_BINARY_BRACKET,False,0.08034488272803397,5984.728447121142,300.2410346481841,6.004820692963682,0.05012758768433515,5671.146165850774,8997.508971591069,0.08034488272803397,57.007090431476534,0.04993729654401558,0.04951162450779029,0.0004256720362245194,29.54044382153569,3.154093488204413,26.386350333331276,30,31,1.7139696231128656,0.46289256226560627,0.08318269235775153,0.08455770604433684,1.5,"two-level balanced square-array Darcy-Weisbach friction screen with one trunk and one lateral supply-return pair; uniform module flow is prescribed and fittings, valves, heat exchangers and site-specific manifolds are excluded",7.469509853007215,0.0001493901970601443,"frictional energy for the modeled packed bed plus the registered balanced on-array trunk-and-lateral header screen; fittings, valves, heat exchangers, external piping and pump efficiency excluded",True,"parallel modular packed zones; discrete unit count, bed friction and a geometry-normalized on-array header-friction screen are included. Tank shells, fittings, valves, heat exchangers, site-specific trunk routing, flow maldistribution and balance of plant are excluded. Hydraulic values are screening metrics, not installed-pump specifications.",G0130_T2_graded_two_layer_fine_hot__AIP_FLINAK_2017_V10,2.0,1.3711756984902925,4.362672766481415,4096,84.50327795020266,6.442118888182069,29.590381118079705,0.16876192416968877,591.5507219238078,True,"Extrapolative model-domain sensitivity with diameter and height scaled together and nominal mass flow scaled with cross-sectional area to preserve superficial velocity. Shell stress, manifolds, valves, heat exchangers, installation count, cost and EPC feasibility are not solved.",False,False,True,True,True
S50MW_6H,50.0,6.0,300.0,G0130_T2_graded_two_layer_fine_hot__AIP_FLINAK_2017_V10__MODULE_SCALE_4,G0130,T2_graded_two_layer_fine_hot,AIP_FLINAK_2017_V10,FLiNaK (LiF-NaF-KF),graded_two_layer,fine_hot,Tier_3_hypothetical_common_skeleton,False,148,148,116,116,116,2958,0.05,True,3.5940195514663595,337.8378378378378,0.9994814580948088,0.9719815274073917,0.971988908502774,2.594008205966463,0.9,"time integral of positive outlet enthalpy flow following the simulated charge end state, with linear within-step interpolation at the registered outlet-grade threshold",True,0.9999999999981872,True,525.0,run-wise frozen at the registered transport-property temperature,7.109669920108584,7.109669920108584,1.0,0.0,0.0,0.0,6.751278253407882,0.0,1,binary_monotone_bracket_with_adjacent_verification,MINIMAL_INTEGER_COUNT_BINARY_BRACKET,False,27.971071494345523,7627.46876360757,383.9132144830366,7.678264289660732,0.03933152783677986,7227.811690384626,11467.223490165581,27.971071494345523,0.05188109303992938,0.15748939421518934,0.15539290259372596,0.0020964916214799337,15.487097121026483,2.635076454312436,12.852020666714049,12,13,3.427939246225731,0.46289256226560627,0.1318074529946285,0.13718954668757433,1.5,"two-level balanced square-array Darcy-Weisbach friction screen with one trunk and one lateral supply-return pair; uniform module flow is prescribed and fittings, valves, heat exchangers and site-specific manifolds are excluded",3.9491682332682663,7.898336466536531e-05,"frictional energy for the modeled packed bed plus the registered balanced on-array trunk-and-lateral header screen; fittings, valves, heat exchangers, external piping and pump efficiency excluded",True,"parallel modular packed zones; discrete unit count, bed friction and a geometry-normalized on-array header-friction screen are included. Tank shells, fittings, valves, heat exchangers, site-specific trunk routing, flow maldistribution and balance of plant are excluded. Hydraulic values are screening metrics, not installed-pump specifications.",G0130_T2_graded_two_layer_fine_hot__AIP_FLINAK_2017_V10,4.0,2.742351396980585,8.72534553296283,8192,338.01311180081063,51.53695110545655,15.644586515241672,1.0066702246285382,98.3373972463525,True,"Extrapolative model-domain sensitivity with diameter and height scaled together and nominal mass flow scaled with cross-sectional area to preserve superficial velocity. Shell stress, manifolds, valves, heat exchangers, installation count, cost and EPC feasibility are not solved.",False,True,True,True,True
S50MW_6H,50.0,6.0,300.0,G0127_T1_homogeneous_none__AIP_FLINAK_2017_V10__MODULE_SCALE_1,G0127,T1_homogeneous_none,AIP_FLINAK_2017_V10,FLiNaK (LiF-NaF-KF),homogeneous,none,Tier_3_hypothetical_common_skeleton,False,5311,2865,5379,5311,5311,57290,0.05,True,0.10015343506251577,9.414422895876482,0.5393613751810392,0.9606815872103792,0.973037222200335,0.05649354332720054,0.9,"time integral of positive outlet enthalpy flow following the simulated charge end state, with linear within-step interpolation at the registered outlet-grade threshold",True,0.9999999999905147,True,525.0,run-wise frozen at the registered transport-property temperature,5.550590039537341,5.550590039537341,1.0,0.0,0.0,0.0,5.631505963638052,0.0,15,binary_monotone_bracket_with_adjacent_verification,MINIMAL_INTEGER_COUNT_BINARY_BRACKET,False,0.012402870254013543,5910.022871716093,300.03720861076204,6.00074417221524,0.05076122487371847,6427.662992273232,7812.5721803138185,0.012402870254013543,85.40445163770679,0.0034365096916235257,0.003419754389024988,1.6755302598604436e-05,73.30052178516111,4.734114961460499,68.56640682370062,72,74,1.1033250763250884,0.46289256226560627,0.05426920779969175,0.05463965037860893,1.5,"two-level balanced square-array Darcy-Weisbach friction screen with one trunk and one lateral supply-return pair; uniform module flow is prescribed and fittings, valves, heat exchangers and site-specific manifolds are excluded",18.50414283489181,0.00037008285669783614,"frictional energy for the modeled packed bed plus the registered balanced on-array trunk-and-lateral header screen; fittings, valves, heat exchangers, external piping and pump efficiency excluded",True,"parallel modular packed zones; discrete unit count, bed friction and a geometry-normalized on-array header-friction screen are included. Tank shells, fittings, valves, heat exchangers, site-specific trunk routing, flow maldistribution and balance of plant are excluded. Hydraulic values are screening metrics, not installed-pump specifications.",G0127_T1_homogeneous_none__AIP_FLINAK_2017_V10,1.0,0.8826600610600707,1.8185951435498344,2048,17.454759144954508,1.1127890927727533,73.30395829485273,0.0046880274565811965,21329.93308991118,False,"Extrapolative model-domain sensitivity with diameter and height scaled together and nominal mass flow scaled with cross-sectional area to preserve superficial velocity. Shell stress, manifolds, valves, heat exchangers, installation count, cost and EPC feasibility are not solved.",False,False,False,False,True
S50MW_6H,50.0,6.0,300.0,G0127_T1_homogeneous_none__AIP_FLINAK_2017_V10__MODULE_SCALE_2,G0127,T1_homogeneous_none,AIP_FLINAK_2017_V10,FLiNaK (LiF-NaF-KF),homogeneous,none,Tier_3_hypothetical_common_skeleton,False,717,717,665,665,665,14322,0.05,True,0.7418617763138371,69.7350069735007,0.9987964656856692,0.9721217163830117,0.9721410292974316,0.45153209029001834,0.9,"time integral of positive outlet enthalpy flow following the simulated charge end state, with linear within-step interpolation at the registered outlet-grade threshold",True,0.999999999980945,True,525.0,run-wise frozen at the registered transport-property temperature,5.9945273161548345,5.9945273161548345,1.0,0.0,0.0,0.0,5.631505963638052,0.0,1,binary_monotone_bracket_with_adjacent_verification,MINIMAL_INTEGER_COUNT_BINARY_BRACKET,False,7.9161695793143805,6382.958236144513,323.74850873794315,6.474970174758863,0.047000150855006764,6942.021262225429,8437.754476799108,7.9161695793143805,0.12049845545905047,0.012780406984994025,0.012665492022393619,0.00011491496260117652,31.440867215365415,3.5073198973577644,27.93354731800765,26,28,2.2066501526501767,0.46289256226560627,0.08982609227140227,0.09147441493684193,1.5,"two-level balanced square-array Darcy-Weisbach friction screen with one trunk and one lateral supply-return pair; uniform module flow is prescribed and fittings, valves, heat exchangers and site-specific manifolds are excluded",7.939854843052802,0.00015879709686105603,"frictional energy for the modeled packed bed plus the registered balanced on-array trunk-and-lateral header screen; fittings, valves, heat exchangers, external piping and pump efficiency excluded",True,"parallel modular packed zones; discrete unit count, bed friction and a geometry-normalized on-array header-friction screen are included. Tank shells, fittings, valves, heat exchangers, site-specific trunk routing, flow maldistribution and balance of plant are excluded. Hydraulic values are screening metrics, not installed-pump specifications.",G0127_T1_homogeneous_none__AIP_FLINAK_2017_V10,2.0,1.7653201221201413,3.637190287099669,4096,69.81903657981803,8.902312742182026,31.45364762235041,0.04063251149260187,2460.083411450149,True,"Extrapolative model-domain sensitivity with diameter and height scaled together and nominal mass flow scaled with cross-sectional area to preserve superficial velocity. Shell stress, manifolds, valves, heat exchangers, installation count, cost and EPC feasibility are not solved.",False,False,True,True,True
S50MW_6H,50.0,6.0,300.0,G0127_T1_homogeneous_none__AIP_FLINAK_2017_V10__MODULE_SCALE_4,G0127,T1_homogeneous_none,AIP_FLINAK_2017_V10,FLiNaK (LiF-NaF-KF),homogeneous,none,Tier_3_hypothetical_common_skeleton,False,180,180,83,83,83,3580,0.05,True,2.9550827423167845,277.77777777777777,0.9946348137453123,0.9802510502271065,0.9803105847416781,3.6426129470678807,0.9,"time integral of positive outlet enthalpy flow following the simulated charge end state, with linear within-step interpolation at the registered outlet-grade threshold",True,0.9999999999624403,True,525.0,run-wise frozen at the registered transport-property temperature,12.039218040820316,12.039218040820316,1.0,0.0,0.0,0.0,5.631505963638052,0.0,1,binary_monotone_bracket_with_adjacent_verification,MINIMAL_INTEGER_COUNT_BINARY_BRACKET,False,118.55677682407281,12819.330348742118,655.6703304722184,13.113406609444368,0.02340215844655545,13942.134752586637,16946.117777671847,118.55677682407281,0.5394126749379557,0.025453356943860972,0.025225438277935042,0.00022791866592849014,22.77750717227685,3.7015174432755145,19.075989729001332,13,14,4.413300305300353,0.46289256226560627,0.12439863822518843,0.12909456780918946,1.5,"two-level balanced square-array Darcy-Weisbach friction screen with one trunk and one lateral supply-return pair; uniform module flow is prescribed and fittings, valves, heat exchangers and site-specific manifolds are excluded",5.756158992040797,0.00011512317984081593,"frictional energy for the modeled packed bed plus the registered balanced on-array trunk-and-lateral header screen; fittings, valves, heat exchangers, external piping and pump efficiency excluded",True,"parallel modular packed zones; discrete unit count, bed friction and a geometry-normalized on-array header-friction screen are included. Tank shells, fittings, valves, heat exchangers, site-specific trunk routing, flow maldistribution and balance of plant are excluded. Hydraulic values are screening metrics, not installed-pump specifications.",G0127_T1_homogeneous_none__AIP_FLINAK_2017_V10,4.0,3.5306402442402827,7.274380574199338,8192,279.27614631927213,71.21850193745621,22.80296052922071,0.11162303645284975,894.8724218386642,True,"Extrapolative model-domain sensitivity with diameter and height scaled together and nominal mass flow scaled with cross-sectional area to preserve superficial velocity. Shell stress, manifolds, valves, heat exchangers, installation count, cost and EPC feasibility are not solved.",False,True,True,True,True
S50MW_6H,50.0,6.0,300.0,G0024_T1_homogeneous_none__SOLAR_SALT_60_40_V10__MODULE_SCALE_1,G0024,T1_homogeneous_none,SOLAR_SALT_60_40_V10,Solar Salt (NaNO3-KNO3 60:40 wt%),homogeneous,none,Tier_2_unit_pair_partial,False,3536,2199,3592,3536,3536,43978,0.05,True,0.18444233344045746,14.14027149321267,0.6218747191603029,0.9285822479490898,0.9431740316353509,0.08485058026893996,0.9,"time integral of positive outlet enthalpy flow following the simulated charge end state, with linear within-step interpolation at the registered outlet-grade threshold",True,0.9999999999879249,True,525.0,run-wise frozen at the registered transport-property temperature,5.726811488734736,5.726811488734736,1.0,0.0,0.0,0.0,4.536043793329511,0.0,14,binary_monotone_bracket_with_adjacent_verification,MINIMAL_INTEGER_COUNT_BINARY_BRACKET,False,0.010550610323889487,7196.784705343171,300.03165183097167,6.000633036619433,0.041685282008959976,5313.957929398289,11394.584858266082,0.010550610323889487,60.80409271987568,0.0011182426086928173,0.0010759717596724838,4.2270849020336505e-05,34.905594980871506,2.6758138733696213,32.229781107501886,59,60,1.4030196498438297,0.5614631275365252,0.07252556455855382,0.07313760549004353,1.5,"two-level balanced square-array Darcy-Weisbach friction screen with one trunk and one lateral supply-return pair; uniform module flow is prescribed and fittings, valves, heat exchangers and site-specific manifolds are excluded",12.963807677178286,0.0002592761535435657,"frictional energy for the modeled packed bed plus the registered balanced on-array trunk-and-lateral header screen; fittings, valves, heat exchangers, external piping and pump efficiency excluded",True,"parallel modular packed zones; discrete unit count, bed friction and a geometry-normalized on-array header-friction screen are included. Tank shells, fittings, valves, heat exchangers, site-specific trunk routing, flow maldistribution and balance of plant are excluded. Hydraulic values are screening metrics, not installed-pump specifications.",G0024_T1_homogeneous_none__SOLAR_SALT_60_40_V10,1.0,1.1224157198750637,2.0569744250765924,2048,22.73813528278785,2.0352897922350595,34.906713223480196,0.003203517333567301,31214.68875316315,False,"Extrapolative model-domain sensitivity with diameter and height scaled together and nominal mass flow scaled with cross-sectional area to preserve superficial velocity. Shell stress, manifolds, valves, heat exchangers, installation count, cost and EPC feasibility are not solved.",False,False,False,True,True
S50MW_6H,50.0,6.0,300.0,G0024_T1_homogeneous_none__SOLAR_SALT_60_40_V10__MODULE_SCALE_2,G0024,T1_homogeneous_none,SOLAR_SALT_60_40_V10,Solar Salt (NaNO3-KNO3 60:40 wt%),homogeneous,none,Tier_2_unit_pair_partial,False,550,550,440,440,440,10994,0.05,True,1.1857965291735593,90.9090909090909,0.9995222758867414,0.9493014066286038,0.9493124301351511,0.6832224624659909,0.9,"time integral of positive outlet enthalpy flow following the simulated charge end state, with linear within-step interpolation at the registered outlet-grade threshold",True,0.9999999999766414,True,525.0,run-wise frozen at the registered transport-property temperature,7.125630674661983,7.125630674661983,1.0,0.0,0.0,0.0,4.536043793329511,0.0,1,binary_monotone_bracket_with_adjacent_verification,MINIMAL_INTEGER_COUNT_BINARY_BRACKET,False,25.257451452098344,8955.275085834262,375.772354356295,7.5154470871259,0.03349980845083692,6612.39108861778,14178.782063453269,25.257451452098344,0.047795244266546355,0.0036771588637672468,0.003458760129274679,0.0002183987344927866,17.09403772210571,2.161099858407693,14.932937863698019,23,24,2.8060392996876593,0.5614631275365252,0.11481637040716336,0.11728582217653599,1.5,"two-level balanced square-array Darcy-Weisbach friction screen with one trunk and one lateral supply-return pair; uniform module flow is prescribed and fittings, valves, heat exchangers and site-specific manifolds are excluded",6.349824058686291,0.00012699648117372582,"frictional energy for the modeled packed bed plus the registered balanced on-array trunk-and-lateral header screen; fittings, valves, heat exchangers, external piping and pump efficiency excluded",True,"parallel modular packed zones; discrete unit count, bed friction and a geometry-normalized on-array header-friction screen are included. Tank shells, fittings, valves, heat exchangers, site-specific trunk routing, flow maldistribution and balance of plant are excluded. Hydraulic values are screening metrics, not installed-pump specifications.",G0024_T1_homogeneous_none__SOLAR_SALT_60_40_V10,2.0,2.2448314397501274,4.113948850153185,4096,90.9525411311514,16.282318337880476,17.097714880969477,0.02150672700630942,4648.707971401834,True,"Extrapolative model-domain sensitivity with diameter and height scaled together and nominal mass flow scaled with cross-sectional area to preserve superficial velocity. Shell stress, manifolds, valves, heat exchangers, installation count, cost and EPC feasibility are not solved.",False,False,True,True,True
S50MW_6H,50.0,6.0,300.0,G0024_T1_homogeneous_none__SOLAR_SALT_60_40_V10__MODULE_SCALE_4,G0024,T1_homogeneous_none,SOLAR_SALT_60_40_V10,Solar Salt (NaNO3-KNO3 60:40 wt%),homogeneous,none,Tier_2_unit_pair_partial,False,138,138,55,55,55,2748,0.05,True,4.726000659749692,362.3188405797101,0.9959008183654126,0.9640525817701457,0.9641230115272319,5.551053391027301,0.9,"time integral of positive outlet enthalpy flow following the simulated charge end state, with linear within-step interpolation at the registered outlet-grade threshold",True,0.9999999999531829,True,525.0,run-wise frozen at the registered transport-property temperature,14.302152523153659,14.302152523153659,1.0,0.0,0.0,0.0,4.536043793329511,0.0,1,binary_monotone_bracket_with_adjacent_verification,MINIMAL_INTEGER_COUNT_BINARY_BRACKET,False,155.34845598725582,17975.679445020047,766.0453679617675,15.32090735923535,0.016689216166630716,13272.872294243689,28460.68254191347,155.34845598725582,0.41160540879114915,0.007326094783342483,0.006892456779351059,0.0004336380039912663,12.78115272159478,2.1599603464310997,10.62119237516368,11,13,5.612078599375319,0.5614631275365252,0.16556644366566353,0.17232701821566832,1.5,"two-level balanced square-array Darcy-Weisbach friction screen with one trunk and one lateral supply-return pair; uniform module flow is prescribed and fittings, valves, heat exchangers and site-specific manifolds are excluded",4.74944114038433,9.49888228076866e-05,"frictional energy for the modeled packed bed plus the registered balanced on-array trunk-and-lateral header screen; fittings, valves, heat exchangers, external piping and pump efficiency excluded",True,"parallel modular packed zones; discrete unit count, bed friction and a geometry-normalized on-array header-friction screen are included. Tank shells, fittings, valves, heat exchangers, site-specific trunk routing, flow maldistribution and balance of plant are excluded. Hydraulic values are screening metrics, not installed-pump specifications.",G0024_T1_homogeneous_none__SOLAR_SALT_60_40_V10,4.0,4.489662879500255,8.22789770030637,8192,363.8101645246056,130.2585467030438,12.788478816378124,0.05728667880311143,1744.6065195137242,True,"Extrapolative model-domain sensitivity with diameter and height scaled together and nominal mass flow scaled with cross-sectional area to preserve superficial velocity. Shell stress, manifolds, valves, heat exchangers, installation count, cost and EPC feasibility are not solved.",False,True,True,True,True
S50MW_6H,50.0,6.0,300.0,G0134_T1_homogeneous_none__AIP_FLINAK_2017_V10__MODULE_SCALE_1,G0134,T1_homogeneous_none,AIP_FLINAK_2017_V10,FLiNaK (LiF-NaF-KF),homogeneous,none,Tier_3_hypothetical_common_skeleton,False,3034,2435,3050,3034,3034,48697,0.05,True,0.17531802690079804,16.47989452867502,0.8025295968056404,0.9562800839652317,0.9612658863448503,0.09890075211037018,0.9,"time integral of positive outlet enthalpy flow following the simulated charge end state, with linear within-step interpolation at the registered outlet-grade threshold",True,0.9999999999983261,True,525.0,run-wise frozen at the registered transport-property temperature,5.619547894346771,5.619547894346771,1.0,0.0,0.0,0.0,4.639984780983611,0.0,13,binary_monotone_bracket_with_adjacent_verification,MINIMAL_INTEGER_COUNT_BINARY_BRACKET,False,0.02162730095440768,5949.329587092475,300.0648819028632,6.001297638057264,0.050425849771522646,7098.6839951369875,7049.964234509158,0.02162730095440768,24.605996337127433,0.0014817176356113604,0.0014685567666983745,1.3160868913030589e-05,57.82973378283709,4.441438042270437,53.388295740566655,55,56,1.3485914799213816,0.46289256226560627,0.06232377616522244,0.06288780373556964,1.5,"two-level balanced square-array Darcy-Weisbach friction screen with one trunk and one lateral supply-return pair; uniform module flow is prescribed and fittings, valves, heat exchangers and site-specific manifolds are excluded",14.598353169849187,0.00029196706339698375,"frictional energy for the modeled packed bed plus the registered balanced on-array trunk-and-lateral header screen; fittings, valves, heat exchangers, external piping and pump efficiency excluded",True,"parallel modular packed zones; discrete unit count, bed friction and a geometry-normalized on-array header-friction screen are included. Tank shells, fittings, valves, heat exchangers, site-specific trunk routing, flow maldistribution and balance of plant are excluded. Hydraulic values are screening metrics, not installed-pump specifications.",G0134_T1_homogeneous_none__AIP_FLINAK_2017_V10,1.0,1.0788731839371053,2.14497272480169,2048,20.534936772763256,1.9608864822321934,57.8312155004727,0.0025621416094898596,39028.84894730729,False,"Extrapolative model-domain sensitivity with diameter and height scaled together and nominal mass flow scaled with cross-sectional area to preserve superficial velocity. Shell stress, manifolds, valves, heat exchangers, installation count, cost and EPC feasibility are not solved.",False,False,False,True,True
S50MW_6H,50.0,6.0,300.0,G0134_T1_homogeneous_none__AIP_FLINAK_2017_V10__MODULE_SCALE_2,G0134,T1_homogeneous_none,AIP_FLINAK_2017_V10,FLiNaK (LiF-NaF-KF),homogeneous,none,Tier_3_hypothetical_common_skeleton,False,609,609,377,377,377,12174,0.05,True,0.8734234706355029,82.10180623973727,0.999538093886828,0.9689713391332226,0.9689763835572457,0.7975524314122481,0.9,"time integral of positive outlet enthalpy flow following the simulated charge end state, with linear within-step interpolation at the registered outlet-grade threshold",True,0.9999999999997852,True,525.0,run-wise frozen at the registered transport-property temperature,9.023221196097367,9.023221196097367,1.0,0.0,0.0,0.0,4.639984780983611,0.0,1,binary_monotone_bracket_with_adjacent_verification,MINIMAL_INTEGER_COUNT_BINARY_BRACKET,False,61.90314357668636,9553.438941435246,485.70943073005907,9.71418861460118,0.031402304640147725,11399.073310582531,11320.839074004158,61.90314357668636,0.0462119569025754,0.0036989601948186905,0.00365812908880387,4.0831106015135455e-05,34.06219966871384,3.967097664017806,30.095102004696034,24,26,2.6971829598427632,0.46289256226560627,0.09378676601476423,0.09564411000520869,1.5,"two-level balanced square-array Darcy-Weisbach friction screen with one trunk and one lateral supply-return pair; uniform module flow is prescribed and fittings, valves, heat exchangers and site-specific manifolds are excluded",8.599266242796242,0.00017198532485592484,"frictional energy for the modeled packed bed plus the registered balanced on-array trunk-and-lateral header screen; fittings, valves, heat exchangers, external piping and pump efficiency excluded",True,"parallel modular packed zones; discrete unit count, bed friction and a geometry-normalized on-array header-friction screen are included. Tank shells, fittings, valves, heat exchangers, site-specific trunk routing, flow maldistribution and balance of plant are excluded. Hydraulic values are screening metrics, not installed-pump specifications.",G0134_T1_homogeneous_none__AIP_FLINAK_2017_V10,2.0,2.1577463678742106,4.28994544960338,4096,82.13974709105302,15.687091857857547,34.065898628908656,0.010858249286515862,9208.587785406931,True,"Extrapolative model-domain sensitivity with diameter and height scaled together and nominal mass flow scaled with cross-sectional area to preserve superficial velocity. Shell stress, manifolds, valves, heat exchangers, installation count, cost and EPC feasibility are not solved.",False,False,True,True,True
S50MW_6H,50.0,6.0,300.0,G0134_T1_homogeneous_none__AIP_FLINAK_2017_V10__MODULE_SCALE_4,G0134,T1_homogeneous_none,AIP_FLINAK_2017_V10,FLiNaK (LiF-NaF-KF),homogeneous,none,Tier_3_hypothetical_common_skeleton,False,153,153,47,47,47,3043,0.05,True,3.4765679321373937,326.797385620915,0.9946383973481672,0.9780024674183132,0.9780659909389053,6.440271795201036,0.9,"time integral of positive outlet enthalpy flow following the simulated charge end state, with linear within-step interpolation at the registered outlet-grade threshold",True,0.9999999999996324,True,525.0,run-wise frozen at the registered transport-property temperature,18.13468390272684,18.13468390272684,1.0,0.0,0.0,0.0,4.639984780983611,0.0,1,binary_monotone_bracket_with_adjacent_verification,MINIMAL_INTEGER_COUNT_BINARY_BRACKET,False,228.45386155525284,19201.00043401764,985.3615846657585,19.70723169331517,0.015624185887132323,22910.452762156023,22753.213508343335,228.45386155525284,0.5390504394489071,0.007361257731320194,0.00728039416693317,8.086356438763881e-05,24.830643883700937,4.185226238577791,20.645417645123146,12,13,5.3943659196855265,0.46289256226560627,0.12963584719704477,0.13492926771103755,1.5,"two-level balanced square-array Darcy-Weisbach friction screen with one trunk and one lateral supply-return pair; uniform module flow is prescribed and fittings, valves, heat exchangers and site-specific manifolds are excluded",6.269865987620376,0.00012539731975240751,"frictional energy for the modeled packed bed plus the registered balanced on-array trunk-and-lateral header screen; fittings, valves, heat exchangers, external piping and pump efficiency excluded",True,"parallel modular packed zones; discrete unit count, bed friction and a geometry-normalized on-array header-friction screen are included. Tank shells, fittings, valves, heat exchangers, site-specific trunk routing, flow maldistribution and balance of plant are excluded. Hydraulic values are screening metrics, not installed-pump specifications.",G0134_T1_homogeneous_none__AIP_FLINAK_2017_V10,4.0,4.315492735748421,8.57989089920676,8192,328.5589883642121,125.49673486286038,24.838005141432255,0.029637073063653114,3373.1523592840867,True,"Extrapolative model-domain sensitivity with diameter and height scaled together and nominal mass flow scaled with cross-sectional area to preserve superficial velocity. Shell stress, manifolds, valves, heat exchangers, installation count, cost and EPC feasibility are not solved.",False,True,True,True,True
S50MW_6H,50.0,6.0,300.0,G0187_T1_homogeneous_none__AIP_FLINAK_2017_V10__MODULE_SCALE_1,G0187,T1_homogeneous_none,AIP_FLINAK_2017_V10,FLiNaK (LiF-NaF-KF),homogeneous,none,Tier_3_hypothetical_common_skeleton,False,3994,3956,3995,3994,3994,79104,0.05,True,0.13317849114096675,12.518778167250876,0.9902861241160757,0.9587960190756093,0.9590188810178262,0.07512293748174506,0.9,"time integral of positive outlet enthalpy flow following the simulated charge end state, with linear within-step interpolation at the registered outlet-grade threshold",True,0.9999999999927826,True,525.0,run-wise frozen at the registered transport-property temperature,5.631702408250277,5.631702408250277,1.0,0.0,0.0,0.0,4.942171398166918,0.0,9,binary_monotone_bracket_with_adjacent_verification,MINIMAL_INTEGER_COUNT_BINARY_BRACKET,False,0.013670767363271885,6043.823740919931,300.0410123020898,6.000820246041797,0.0496374502070335,5688.524277551659,9136.426199763473,0.013670767363271885,0.9809160854995058,0.00339963170284439,0.003381728773166493,1.790292967782465e-05,70.22465972830355,4.967311460921038,65.25734826738251,63,64,1.3229517471155576,0.46289256226560627,0.058136174007714585,0.058595755657596206,1.5,"two-level balanced square-array Darcy-Weisbach friction screen with one trunk and one lateral supply-return pair; uniform module flow is prescribed and fittings, valves, heat exchangers and site-specific manifolds are excluded",17.72769263274652,0.00035455385265493046,"frictional energy for the modeled packed bed plus the registered balanced on-array trunk-and-lateral header screen; fittings, valves, heat exchangers, external piping and pump efficiency excluded",True,"parallel modular packed zones; discrete unit count, bed friction and a geometry-normalized on-array header-friction screen are included. Tank shells, fittings, valves, heat exchangers, site-specific trunk routing, flow maldistribution and balance of plant are excluded. Hydraulic values are screening metrics, not installed-pump specifications.",G0187_T1_homogeneous_none__AIP_FLINAK_2017_V10,1.0,1.0583613976924462,1.720068989076137,2048,12.64157687600144,1.513225773890819,70.2280593600064,0.004840845288657397,20656.54925783527,False,"Extrapolative model-domain sensitivity with diameter and height scaled together and nominal mass flow scaled with cross-sectional area to preserve superficial velocity. Shell stress, manifolds, valves, heat exchangers, installation count, cost and EPC feasibility are not solved.",False,False,False,True,True
S50MW_6H,50.0,6.0,300.0,G0187_T1_homogeneous_none__AIP_FLINAK_2017_V10__MODULE_SCALE_2,G0187,T1_homogeneous_none,AIP_FLINAK_2017_V10,FLiNaK (LiF-NaF-KF),homogeneous,none,Tier_3_hypothetical_common_skeleton,False,989,989,494,494,494,19776,0.05,True,0.5378310350020437,50.55611729019211,0.9997984781899915,0.9707967605907352,0.9708000378998748,0.6083663377056906,0.9,"time integral of positive outlet enthalpy flow following the simulated charge end state, with linear within-step interpolation at the registered outlet-grade threshold",True,0.9999999999857399,True,525.0,run-wise frozen at the registered transport-property temperature,11.15624172611125,11.15624172611125,1.0,0.0,0.0,0.0,4.942171398166918,0.0,1,binary_monotone_bracket_with_adjacent_verification,MINIMAL_INTEGER_COUNT_BINARY_BRACKET,False,100.55810266364267,11972.64232302416,601.674307990928,12.03348615981856,0.02505712539520877,11268.804227338189,18098.999522415772,100.55810266364267,0.020156242923397016,0.0068649220765061225,0.006828425035403505,3.6497041103059134e-05,47.825198666936124,5.0147334558077254,42.810465211128395,31,32,2.6459034942311153,0.46289256226560627,0.08195263157623638,0.08326395694545474,1.5,"two-level balanced square-array Darcy-Weisbach friction screen with one trunk and one lateral supply-return pair; uniform module flow is prescribed and fittings, valves, heat exchangers and site-specific manifolds are excluded",12.074263891433908,0.0002414852778286782,"frictional energy for the modeled packed bed plus the registered balanced on-array trunk-and-lateral header screen; fittings, valves, heat exchangers, external piping and pump efficiency excluded",True,"parallel modular packed zones; discrete unit count, bed friction and a geometry-normalized on-array header-friction screen are included. Tank shells, fittings, valves, heat exchangers, site-specific trunk routing, flow maldistribution and balance of plant are excluded. Hydraulic values are screening metrics, not installed-pump specifications.",G0187_T1_homogeneous_none__AIP_FLINAK_2017_V10,2.0,2.1167227953848924,3.440137978152274,4096,50.56630750400576,12.105806191126552,47.832063589012634,0.014352134450003207,6966.604738400263,True,"Extrapolative model-domain sensitivity with diameter and height scaled together and nominal mass flow scaled with cross-sectional area to preserve superficial velocity. Shell stress, manifolds, valves, heat exchangers, installation count, cost and EPC feasibility are not solved.",False,False,True,True,True
S50MW_6H,50.0,6.0,300.0,G0187_T1_homogeneous_none__AIP_FLINAK_2017_V10__MODULE_SCALE_4,G0187,T1_homogeneous_none,AIP_FLINAK_2017_V10,FLiNaK (LiF-NaF-KF),homogeneous,none,Tier_3_hypothetical_common_skeleton,False,248,248,62,62,62,4944,0.05,True,2.144818119423473,201.61290322580646,0.996774894082562,0.9793166466427783,0.9793540044672996,4.909814468520843,0.9,"time integral of positive outlet enthalpy flow following the simulated charge end state, with linear within-step interpolation at the registered outlet-grade threshold",True,0.9999999999718915,True,525.0,run-wise frozen at the registered transport-property temperature,22.379782218199104,22.379782218199104,1.0,0.0,0.0,0.0,4.942171398166918,0.0,1,binary_monotone_bracket_with_adjacent_verification,MINIMAL_INTEGER_COUNT_BINARY_BRACKET,False,305.8779960643897,24017.91948319508,1217.6339881931692,24.352679763863385,0.012490673899123726,22605.97329326488,36307.80086195439,305.8779960643897,0.3235540879474419,0.013688102366257253,0.01361554911293184,7.255325332653535e-05,34.54336522803774,5.002680153053262,29.540685074984477,15,17,5.2918069884622305,0.46289256226560627,0.11757482839035117,0.12119335909182198,1.5,"two-level balanced square-array Darcy-Weisbach friction screen with one trunk and one lateral supply-return pair; uniform module flow is prescribed and fittings, valves, heat exchangers and site-specific manifolds are excluded",8.723248589205722,0.00017446497178411446,"frictional energy for the modeled packed bed plus the registered balanced on-array trunk-and-lateral header screen; fittings, valves, heat exchangers, external piping and pump efficiency excluded",True,"parallel modular packed zones; discrete unit count, bed friction and a geometry-normalized on-array header-friction screen are included. Tank shells, fittings, valves, heat exchangers, site-specific trunk routing, flow maldistribution and balance of plant are excluded. Hydraulic values are screening metrics, not installed-pump specifications.",G0187_T1_homogeneous_none__AIP_FLINAK_2017_V10,4.0,4.233445590769785,6.880275956304548,8192,202.26523001602305,96.84644952901242,34.557053330404,0.03961015493822264,2523.6051209838342,True,"Extrapolative model-domain sensitivity with diameter and height scaled together and nominal mass flow scaled with cross-sectional area to preserve superficial velocity. Shell stress, manifolds, valves, heat exchangers, installation count, cost and EPC feasibility are not solved.",False,True,True,True,True
S50MW_6H,50.0,6.0,300.0,G0106_T1_homogeneous_none__AIP_FLINAK_2017_V10__MODULE_SCALE_1,G0106,T1_homogeneous_none,AIP_FLINAK_2017_V10,FLiNaK (LiF-NaF-KF),homogeneous,none,Tier_3_hypothetical_common_skeleton,False,4863,2826,4918,4863,4863,56508,0.05,True,0.10937999046206481,10.281719103434094,0.581009618460899,0.9616240600779913,0.9724742034481505,0.06169908668745996,0.9,"time integral of positive outlet enthalpy flow following the simulated charge end state, with linear within-step interpolation at the registered outlet-grade threshold",True,0.9999999999999191,True,525.0,run-wise frozen at the registered transport-property temperature,5.554202809399756,5.554202809399756,1.0,0.0,0.0,0.0,5.395992319558096,0.0,14,binary_monotone_bracket_with_adjacent_verification,MINIMAL_INTEGER_COUNT_BINARY_BRACKET,False,0.01421952037257146,5936.00920233078,300.0426585611177,6.000853171222355,0.05053900520946038,6036.221388734179,8391.079719328187,0.01421952037257146,72.11419023475226,0.004597274443817313,0.004577204076960545,2.0070366856889274e-05,72.75277941217848,4.816648857190326,67.93613055498815,69,71,1.1728705861053985,0.46289256226560627,0.055536318606502905,0.0559315998838598,1.5,"two-level balanced square-array Darcy-Weisbach friction screen with one trunk and one lateral supply-return pair; uniform module flow is prescribed and fittings, valves, heat exchangers and site-specific manifolds are excluded",18.36616905578238,0.0003673233811156476,"frictional energy for the modeled packed bed plus the registered balanced on-array trunk-and-lateral header screen; fittings, valves, heat exchangers, external piping and pump efficiency excluded",True,"parallel modular packed zones; discrete unit count, bed friction and a geometry-normalized on-array header-friction screen are included. Tank shells, fittings, valves, heat exchangers, site-specific trunk routing, flow maldistribution and balance of plant are excluded. Hydraulic values are screening metrics, not installed-pump specifications.",G0106_T1_homogeneous_none__AIP_FLINAK_2017_V10,1.0,0.9382964688843188,1.7653070300882212,2048,17.69629757708742,1.220647584275299,72.7573766866223,0.006318636890412518,15825.198234580215,False,"Extrapolative model-domain sensitivity with diameter and height scaled together and nominal mass flow scaled with cross-sectional area to preserve superficial velocity. Shell stress, manifolds, valves, heat exchangers, installation count, cost and EPC feasibility are not solved.",False,False,False,True,True
S50MW_6H,50.0,6.0,300.0,G0106_T1_homogeneous_none__AIP_FLINAK_2017_V10__MODULE_SCALE_2,G0106,T1_homogeneous_none,AIP_FLINAK_2017_V10,FLiNaK (LiF-NaF-KF),homogeneous,none,Tier_3_hypothetical_common_skeleton,False,707,707,608,608,608,14127,0.05,True,0.7523548707454332,70.72135785007072,0.9990982229757257,0.972802901758558,0.9728168795054358,0.4937666234584524,0.9,"time integral of positive outlet enthalpy flow following the simulated charge end state, with linear within-step interpolation at the registered outlet-grade threshold",True,0.9999999999918538,True,525.0,run-wise frozen at the registered transport-property temperature,6.459513125914315,6.459513125914315,1.0,0.0,0.0,0.0,5.395992319558096,0.0,1,binary_monotone_bracket_with_adjacent_verification,MINIMAL_INTEGER_COUNT_BINARY_BRACKET,False,16.364334261708624,6903.982736661092,349.09300278512586,6.981860055702517,0.04345317933762479,7020.536330388754,9759.396852255855,16.364334261708624,0.09025909600643978,0.015860522747620533,0.015741827034129498,0.00011869571349143296,33.17152909043979,3.7372828400727487,29.434246250367043,26,28,2.345741172210797,0.46289256226560627,0.09045912400957708,0.09211906290517427,1.5,"two-level balanced square-array Darcy-Weisbach friction screen with one trunk and one lateral supply-return pair; uniform module flow is prescribed and fittings, valves, heat exchangers and site-specific manifolds are excluded",8.377503916630188,0.00016755007833260378,"frictional energy for the modeled packed bed plus the registered balanced on-array trunk-and-lateral header screen; fittings, valves, heat exchangers, external piping and pump efficiency excluded",True,"parallel modular packed zones; discrete unit count, bed friction and a geometry-normalized on-array header-friction screen are included. Tank shells, fittings, valves, heat exchangers, site-specific trunk routing, flow maldistribution and balance of plant are excluded. Hydraulic values are screening metrics, not installed-pump specifications.",G0106_T1_homogeneous_none__AIP_FLINAK_2017_V10,2.0,1.8765929377686377,3.5306140601764424,4096,70.78519030834968,9.765180674202393,33.18738961318741,0.047790811306587855,2091.452445690438,True,"Extrapolative model-domain sensitivity with diameter and height scaled together and nominal mass flow scaled with cross-sectional area to preserve superficial velocity. Shell stress, manifolds, valves, heat exchangers, installation count, cost and EPC feasibility are not solved.",False,False,True,True,True
S50MW_6H,50.0,6.0,300.0,G0106_T1_homogeneous_none__AIP_FLINAK_2017_V10__MODULE_SCALE_4,G0106,T1_homogeneous_none,AIP_FLINAK_2017_V10,FLiNaK (LiF-NaF-KF),homogeneous,none,Tier_3_hypothetical_common_skeleton,False,177,177,76,76,76,3531,0.05,True,3.005168890491645,282.4858757062147,0.9976870672935566,0.9807383310163181,0.9807638401747142,3.9824017035510986,0.9,"time integral of positive outlet enthalpy flow following the simulated charge end state, with linear within-step interpolation at the registered outlet-grade threshold",True,0.999999999981435,True,525.0,run-wise frozen at the registered transport-property temperature,12.936895915555604,12.936895915555604,1.0,0.0,0.0,0.0,5.395992319558096,0.0,1,binary_monotone_bracket_with_adjacent_verification,MINIMAL_INTEGER_COUNT_BINARY_BRACKET,False,134.96170050951483,13827.495834670588,704.8851015285444,14.097702030570888,0.021695902395268876,14060.932735262344,19546.401616399282,134.96170050951483,0.23182947662314657,0.031675906933625805,0.031439185630304255,0.0002367213033171425,23.958665261183814,3.8906916968583216,20.067973564325495,13,14,4.691482344421594,0.46289256226560627,0.1254484343747093,0.13018399275904155,1.5,"two-level balanced square-array Darcy-Weisbach friction screen with one trunk and one lateral supply-return pair; uniform module flow is prescribed and fittings, valves, heat exchangers and site-specific manifolds are excluded",6.0558898858781225,0.00012111779771756246,"frictional energy for the modeled packed bed plus the registered balanced on-array trunk-and-lateral header screen; fittings, valves, heat exchangers, external piping and pump efficiency excluded",True,"parallel modular packed zones; discrete unit count, bed friction and a geometry-normalized on-array header-friction screen are included. Tank shells, fittings, valves, heat exchangers, site-specific trunk routing, flow maldistribution and balance of plant are excluded. Hydraulic values are screening metrics, not installed-pump specifications.",G0106_T1_homogeneous_none__AIP_FLINAK_2017_V10,4.0,3.7531858755372753,7.061228120352885,8192,283.14076123339873,78.12144539361914,23.99034116811744,0.13203608365404276,756.3687224926875,True,"Extrapolative model-domain sensitivity with diameter and height scaled together and nominal mass flow scaled with cross-sectional area to preserve superficial velocity. Shell stress, manifolds, valves, heat exchangers, installation count, cost and EPC feasibility are not solved.",False,True,True,True,True
S50MW_6H,50.0,6.0,300.0,G0045_T1_homogeneous_none__SOLAR_SALT_60_40_V10__MODULE_SCALE_1,G0045,T1_homogeneous_none,SOLAR_SALT_60_40_V10,Solar Salt (NaNO3-KNO3 60:40 wt%),homogeneous,none,Tier_2_unit_pair_partial,False,6545,2956,6682,6545,6545,59108,0.05,True,0.09964676715744195,7.639419404125286,0.45155298434501384,0.9413836629613392,0.9611411485023107,0.04584251785751409,0.9,"time integral of positive outlet enthalpy flow following the simulated charge end state, with linear within-step interpolation at the registered outlet-grade threshold",True,0.9999999999816153,True,525.0,run-wise frozen at the registered transport-property temperature,5.619422326593701,5.619422326593701,1.0,0.0,0.0,0.0,5.592599324722605,0.0,16,binary_monotone_bracket_with_adjacent_verification,MINIMAL_INTEGER_COUNT_BINARY_BRACKET,False,0.013093125809926498,7082.957903144302,300.03927937742975,6.000785587548595,0.04235518608219068,5365.621220992341,11003.236415482777,0.013093125809926498,121.45795392107064,0.0013355673425508125,0.001305836014745008,2.973132780585533e-05,45.86174328306346,2.9271767441292376,42.93456653893423,80,82,1.1403680906306226,0.5614631275365252,0.06246099877727925,0.06284537778233265,1.5,"two-level balanced square-array Darcy-Weisbach friction screen with one trunk and one lateral supply-return pair; uniform module flow is prescribed and fittings, valves, heat exchangers and site-specific manifolds are excluded",17.032830616088834,0.0003406566123217767,"frictional energy for the modeled packed bed plus the registered balanced on-array trunk-and-lateral header screen; fittings, valves, heat exchangers, external piping and pump efficiency excluded",True,"parallel modular packed zones; discrete unit count, bed friction and a geometry-normalized on-array header-friction screen are included. Tank shells, fittings, valves, heat exchangers, site-specific trunk routing, flow maldistribution and balance of plant are excluded. Hydraulic values are screening metrics, not installed-pump specifications.",G0045_T1_homogeneous_none__SOLAR_SALT_60_40_V10,1.0,0.9122944725044981,1.6555604439129814,2048,16.918101903825107,1.0821937208776626,45.86307885040601,0.002912075194312841,34338.7726113995,False,"Extrapolative model-domain sensitivity with diameter and height scaled together and nominal mass flow scaled with cross-sectional area to preserve superficial velocity. Shell stress, manifolds, valves, heat exchangers, installation count, cost and EPC feasibility are not solved.",False,False,False,False,True
S50MW_6H,50.0,6.0,300.0,G0045_T1_homogeneous_none__SOLAR_SALT_60_40_V10__MODULE_SCALE_2,G0045,T1_homogeneous_none,SOLAR_SALT_60_40_V10,Solar Salt (NaNO3-KNO3 60:40 wt%),homogeneous,none,Tier_2_unit_pair_partial,False,819,739,821,819,819,14777,0.05,True,0.7963224554889592,61.05006105006105,0.9021411118858715,0.9584219109615495,0.9604810939354749,0.3664882875457148,0.9,"time integral of positive outlet enthalpy flow following the simulated charge end state, with linear within-step interpolation at the registered outlet-grade threshold",True,0.9999999999628534,True,525.0,run-wise frozen at the registered transport-property temperature,5.625181066605582,5.625181066605582,1.0,0.0,0.0,0.0,5.592599324722605,0.0,10,binary_monotone_bracket_with_adjacent_verification,MINIMAL_INTEGER_COUNT_BINARY_BRACKET,False,0.05130249998013259,7090.533259190445,300.15390749994043,6.003078149998808,0.04230993481500885,5371.3598533142585,11015.004582772064,0.05130249998013259,10.8474036738621,0.005455106229300644,0.00521776356319011,0.0002373426661103168,18.794488673686946,2.1007074273269852,16.693781246359958,28,30,2.280736181261245,0.5614631275365252,0.10565213766322029,0.107458287943427,1.5,"two-level balanced square-array Darcy-Weisbach friction screen with one trunk and one lateral supply-return pair; uniform module flow is prescribed and fittings, valves, heat exchangers and site-specific manifolds are excluded",6.982005264839986,0.0001396401052967997,"frictional energy for the modeled packed bed plus the registered balanced on-array trunk-and-lateral header screen; fittings, valves, heat exchangers, external piping and pump efficiency excluded",True,"parallel modular packed zones; discrete unit count, bed friction and a geometry-normalized on-array header-friction screen are included. Tank shells, fittings, valves, heat exchangers, site-specific trunk routing, flow maldistribution and balance of plant are excluded. Hydraulic values are screening metrics, not installed-pump specifications.",G0045_T1_homogeneous_none__SOLAR_SALT_60_40_V10,2.0,1.8245889450089963,3.311120887825963,4096,67.67240761530043,8.657549767021301,18.799943779916248,0.02901660926841849,3445.302049800126,True,"Extrapolative model-domain sensitivity with diameter and height scaled together and nominal mass flow scaled with cross-sectional area to preserve superficial velocity. Shell stress, manifolds, valves, heat exchangers, installation count, cost and EPC feasibility are not solved.",False,False,True,True,True
S50MW_6H,50.0,6.0,300.0,G0045_T1_homogeneous_none__SOLAR_SALT_60_40_V10__MODULE_SCALE_4,G0045,T1_homogeneous_none,SOLAR_SALT_60_40_V10,Solar Salt (NaNO3-KNO3 60:40 wt%),homogeneous,none,Tier_2_unit_pair_partial,False,185,185,102,102,102,3694,0.05,True,3.525341032678149,270.27027027027026,0.9984507711277417,0.9705358994431715,0.9705583954941838,2.962667659560831,0.9,"time integral of positive outlet enthalpy flow following the simulated charge end state, with linear within-step interpolation at the registered outlet-grade threshold",True,0.9999999999185306,True,525.0,run-wise frozen at the registered transport-property temperature,10.165162367010602,10.165162367010602,1.0,0.0,0.0,0.0,5.592599324722605,0.0,1,binary_monotone_bracket_with_adjacent_verification,MINIMAL_INTEGER_COUNT_BINARY_BRACKET,False,82.69783900625127,12813.173655191526,548.0935170187538,10.961870340375077,0.023413403117224493,9706.4866702138,19905.01438645013,82.69783900625127,0.15516327064464264,0.012131037213915098,0.011549590157441825,0.0005814470564749424,12.807573130958351,2.0472525330504237,10.760320597907928,13,15,4.56147236252249,0.5614631275365252,0.15445408326982102,0.1598751650464494,1.5,"two-level balanced square-array Darcy-Weisbach friction screen with one trunk and one lateral supply-return pair; uniform module flow is prescribed and fittings, valves, heat exchangers and site-specific manifolds are excluded",4.761037747968662,9.522075495937324e-05,"frictional energy for the modeled packed bed plus the registered balanced on-array trunk-and-lateral header screen; fittings, valves, heat exchangers, external piping and pump efficiency excluded",True,"parallel modular packed zones; discrete unit count, bed friction and a geometry-normalized on-array header-friction screen are included. Tank shells, fittings, valves, heat exchangers, site-specific trunk routing, flow maldistribution and balance of plant are excluded. Hydraulic values are screening metrics, not installed-pump specifications.",G0045_T1_homogeneous_none__SOLAR_SALT_60_40_V10,4.0,3.6491778900179925,6.622241775651926,8192,270.6896304612017,69.26039813617041,12.819704168172267,0.09462805892224148,1055.7690084626254,True,"Extrapolative model-domain sensitivity with diameter and height scaled together and nominal mass flow scaled with cross-sectional area to preserve superficial velocity. Shell stress, manifolds, valves, heat exchangers, installation count, cost and EPC feasibility are not solved.",False,True,True,True,True
S50MW_6H,50.0,6.0,300.0,G0184_T1_homogeneous_none__AIP_FLINAK_2017_V10__MODULE_SCALE_1,G0184,T1_homogeneous_none,AIP_FLINAK_2017_V10,FLiNaK (LiF-NaF-KF),homogeneous,none,Tier_3_hypothetical_common_skeleton,False,5478,2542,5567,5478,5478,50834,0.05,True,0.09710019963801045,9.127418765972983,0.46398632409787016,0.957997807105496,0.9735868586275426,0.05477276119368454,0.9,"time integral of positive outlet enthalpy flow following the simulated charge end state, with linear within-step interpolation at the registered outlet-grade threshold",True,0.9999999999999033,True,525.0,run-wise frozen at the registered transport-property temperature,5.548008303922007,5.548008303922007,1.0,0.0,0.0,0.0,5.790955388750883,0.0,15,binary_monotone_bracket_with_adjacent_verification,MINIMAL_INTEGER_COUNT_BINARY_BRACKET,False,0.015061939667959656,5886.32596355403,300.0451858190039,6.000903716380078,0.05096557714565756,6785.341258630667,7284.094272992696,0.015061939667959656,115.52359370597887,0.002811566185598039,0.002795744875977996,1.582130962013221e-05,71.5630694494363,4.642727867788077,66.92034158164822,74,75,1.0509426433509348,0.46289256226560627,0.05380034350008039,0.05416263946901014,1.5,"two-level balanced square-array Darcy-Weisbach friction screen with one trunk and one lateral supply-return pair; uniform module flow is prescribed and fittings, valves, heat exchangers and site-specific manifolds are excluded",18.065399403007778,0.00036130798806015556,"frictional energy for the modeled packed bed plus the registered balanced on-array trunk-and-lateral header screen; fittings, valves, heat exchangers, external piping and pump efficiency excluded",True,"parallel modular packed zones; discrete unit count, bed friction and a geometry-normalized on-array header-friction screen are included. Tank shells, fittings, valves, heat exchangers, site-specific trunk routing, flow maldistribution and balance of plant are excluded. Hydraulic values are screening metrics, not installed-pump specifications.",G0184_T1_homogeneous_none__AIP_FLINAK_2017_V10,1.0,0.8407541146807479,1.9355054383151218,2048,19.671740937018882,1.074539241247541,71.5658810156219,0.003928640499771547,25453.097926703922,False,"Extrapolative model-domain sensitivity with diameter and height scaled together and nominal mass flow scaled with cross-sectional area to preserve superficial velocity. Shell stress, manifolds, valves, heat exchangers, installation count, cost and EPC feasibility are not solved.",False,False,False,False,True
S50MW_6H,50.0,6.0,300.0,G0184_T1_homogeneous_none__AIP_FLINAK_2017_V10__MODULE_SCALE_2,G0184,T1_homogeneous_none,AIP_FLINAK_2017_V10,FLiNaK (LiF-NaF-KF),homogeneous,none,Tier_3_hypothetical_common_skeleton,False,687,636,688,687,687,12708,0.05,True,0.7742574870698998,72.7802037845706,0.9249334364658415,0.9702000712401281,0.9714578977261695,0.43722390844003955,0.9,"time integral of positive outlet enthalpy flow following the simulated charge end state, with linear within-step interpolation at the registered outlet-grade threshold",True,0.9999999999996944,True,525.0,run-wise frozen at the registered transport-property temperature,5.5656170007790156,5.5656170007790156,1.0,0.0,0.0,0.0,5.790955388750883,0.0,9,binary_monotone_bracket_with_adjacent_verification,MINIMAL_INTEGER_COUNT_BINARY_BRACKET,False,0.12427503276903895,5905.667669896485,300.37282509830715,6.007456501966143,0.050798659316577906,6807.6370130401865,7308.02886534645,0.12427503276903895,8.11588818985578,0.011272096795526492,0.011146354025186319,0.0001257427703394578,28.93600348998863,3.335401536469858,25.600601953518773,26,27,2.1018852867018696,0.46289256226560627,0.09005099339153586,0.09176640454722854,1.5,"two-level balanced square-array Darcy-Weisbach friction screen with one trunk and one lateral supply-return pair; uniform module flow is prescribed and fittings, valves, heat exchangers and site-specific manifolds are excluded",7.307170507550103,0.00014614341015100206,"frictional energy for the modeled packed bed plus the registered balanced on-array trunk-and-lateral header screen; fittings, valves, heat exchangers, external piping and pump efficiency excluded",True,"parallel modular packed zones; discrete unit count, bed friction and a geometry-normalized on-array header-friction screen are included. Tank shells, fittings, valves, heat exchangers, site-specific trunk routing, flow maldistribution and balance of plant are excluded. Hydraulic values are screening metrics, not installed-pump specifications.",G0184_T1_homogeneous_none__AIP_FLINAK_2017_V10,2.0,1.6815082293614958,3.8710108766302436,4096,78.68696374807553,8.596313929980328,28.947275586784155,0.03894009562914706,2567.0471088814934,True,"Extrapolative model-domain sensitivity with diameter and height scaled together and nominal mass flow scaled with cross-sectional area to preserve superficial velocity. Shell stress, manifolds, valves, heat exchangers, installation count, cost and EPC feasibility are not solved.",False,False,True,True,True
S50MW_6H,50.0,6.0,300.0,G0184_T1_homogeneous_none__AIP_FLINAK_2017_V10__MODULE_SCALE_4,G0184,T1_homogeneous_none,AIP_FLINAK_2017_V10,FLiNaK (LiF-NaF-KF),homogeneous,none,Tier_3_hypothetical_common_skeleton,False,159,159,86,86,86,3177,0.05,True,3.345376689415228,314.4654088050315,0.9991026271258382,0.9788790857434231,0.978889856526277,3.5245504720647776,0.9,"time integral of positive outlet enthalpy flow following the simulated charge end state, with linear within-step interpolation at the registered outlet-grade threshold",True,0.9999999999996947,True,525.0,run-wise frozen at the registered transport-property temperature,10.304897852974843,10.304897852974843,1.0,0.0,0.0,0.0,5.790955388750883,0.0,1,binary_monotone_bracket_with_adjacent_verification,MINIMAL_INTEGER_COUNT_BINARY_BRACKET,False,86.80117501943323,10934.511318934978,560.4035250582997,11.208070501165993,0.027436068357302685,12604.533159515455,13531.022877322685,86.80117501943323,0.08981788755206832,0.024373766101555342,0.024080330865739026,0.00029343523582110704,20.07098586220186,3.246301247323841,16.824684614878016,12,14,4.203770573403739,0.46289256226560627,0.1323589510225514,0.13735537479922494,1.5,"two-level balanced square-array Darcy-Weisbach friction screen with one trunk and one lateral supply-return pair; uniform module flow is prescribed and fittings, valves, heat exchangers and site-specific manifolds are excluded",5.072678386410617,0.00010145356772821233,"frictional energy for the modeled packed bed plus the registered balanced on-array trunk-and-lateral header screen; fittings, valves, heat exchangers, external piping and pump efficiency excluded",True,"parallel modular packed zones; discrete unit count, bed friction and a geometry-normalized on-array header-friction screen are included. Tank shells, fittings, valves, heat exchangers, site-specific trunk routing, flow maldistribution and balance of plant are excluded. Hydraulic values are screening metrics, not installed-pump specifications.",G0184_T1_homogeneous_none__AIP_FLINAK_2017_V10,4.0,3.3630164587229916,7.742021753260487,8192,314.7478549923021,68.77051143984262,20.095359628303413,0.12129051956465603,823.4667461144253,True,"Extrapolative model-domain sensitivity with diameter and height scaled together and nominal mass flow scaled with cross-sectional area to preserve superficial velocity. Shell stress, manifolds, valves, heat exchangers, installation count, cost and EPC feasibility are not solved.",False,True,True,True,True
S50MW_6H,50.0,6.0,300.0,G0202_T1_homogeneous_none__AIP_FLINAK_2017_V10__MODULE_SCALE_1,G0202,T1_homogeneous_none,AIP_FLINAK_2017_V10,FLiNaK (LiF-NaF-KF),homogeneous,none,Tier_3_hypothetical_common_skeleton,False,3436,2032,3491,3435,3435,40625,0.05,True,0.15480643003987812,14.551804423748544,0.5911814966080028,0.934771375132269,0.9499066394077885,0.0873368624657833,0.9,"time integral of positive outlet enthalpy flow following the simulated charge end state, with linear within-step interpolation at the registered outlet-grade threshold",True,0.9999999999999852,True,525.0,run-wise frozen at the registered transport-property temperature,5.687010532300753,5.687010532300753,1.0,0.0,0.0,0.0,4.849769807259363,0.0,13,binary_monotone_bracket_with_adjacent_verification,MINIMAL_INTEGER_COUNT_BINARY_BRACKET,False,0.02981981081049412,6057.306222015571,300.08945943243145,6.001789188648629,0.04952696611401873,6544.529102231407,8063.430741132608,0.02981981081049412,69.15279076521475,0.0017116567096161044,0.0016954593685421621,1.619734107399023e-05,60.308813619918304,4.416117933933106,55.8926956859852,58,60,1.2742787844345949,0.46289256226560627,0.06065681897334508,0.061168699938513926,1.5,"two-level balanced square-array Darcy-Weisbach friction screen with one trunk and one lateral supply-return pair; uniform module flow is prescribed and fittings, valves, heat exchangers and site-specific manifolds are excluded",15.224206170111266,0.0003044841234022252,"frictional energy for the modeled packed bed plus the registered balanced on-array trunk-and-lateral header screen; fittings, valves, heat exchangers, external piping and pump efficiency excluded",True,"parallel modular packed zones; discrete unit count, bed friction and a geometry-normalized on-array header-friction screen are included. Tank shells, fittings, valves, heat exchangers, site-specific trunk routing, flow maldistribution and balance of plant are excluded. Hydraulic values are screening metrics, not installed-pump specifications.",G0202_T1_homogeneous_none__AIP_FLINAK_2017_V10,1.0,1.0194230275476759,2.1598700084584834,2048,24.61478328946664,1.7628947095505154,60.31052527662792,0.0028380729595127918,35234.17591921487,False,"Extrapolative model-domain sensitivity with diameter and height scaled together and nominal mass flow scaled with cross-sectional area to preserve superficial velocity. Shell stress, manifolds, valves, heat exchangers, installation count, cost and EPC feasibility are not solved.",False,False,False,True,True
S50MW_6H,50.0,6.0,300.0,G0202_T1_homogeneous_none__AIP_FLINAK_2017_V10__MODULE_SCALE_2,G0202,T1_homogeneous_none,AIP_FLINAK_2017_V10,FLiNaK (LiF-NaF-KF),homogeneous,none,Tier_3_hypothetical_common_skeleton,False,508,508,428,428,428,10156,0.05,True,1.0470765622382308,98.4251968503937,0.999655325957233,0.9536367562797765,0.9536470652031833,0.7014461347609813,0.9,"time integral of positive outlet enthalpy flow following the simulated charge end state, with linear within-step interpolation at the registered outlet-grade threshold",True,0.9999999999997043,True,525.0,run-wise frozen at the registered transport-property temperature,6.725985114993362,6.725985114993362,1.0,0.0,0.0,0.0,4.849769807259363,0.0,1,binary_monotone_bracket_with_adjacent_verification,MINIMAL_INTEGER_COUNT_BINARY_BRACKET,False,18.778212152859485,7164.404099613294,356.3346364585785,7.12669272917157,0.04187368493301387,7740.677028948905,9537.189328277917,18.778212152859485,0.03447928839241943,0.00582648262290344,0.005733856683376302,9.262593952676456e-05,28.224977800437543,3.479874928634207,24.745102871803336,22,24,2.5485575688691897,0.46289256226560627,0.09849456454704815,0.10061296957789662,1.5,"two-level balanced square-array Darcy-Weisbach friction screen with one trunk and one lateral supply-return pair; uniform module flow is prescribed and fittings, valves, heat exchangers and site-specific manifolds are excluded",7.126311415495648,0.00014252622830991296,"frictional energy for the modeled packed bed plus the registered balanced on-array trunk-and-lateral header screen; fittings, valves, heat exchangers, external piping and pump efficiency excluded",True,"parallel modular packed zones; discrete unit count, bed friction and a geometry-normalized on-array header-friction screen are included. Tank shells, fittings, valves, heat exchangers, site-specific trunk routing, flow maldistribution and balance of plant are excluded. Hydraulic values are screening metrics, not installed-pump specifications.",G0202_T1_homogeneous_none__AIP_FLINAK_2017_V10,2.0,2.0388460550953518,4.319740016916967,4096,98.45913315786656,14.103157676404123,28.230804283060447,0.020638741158357822,4844.256754407436,True,"Extrapolative model-domain sensitivity with diameter and height scaled together and nominal mass flow scaled with cross-sectional area to preserve superficial velocity. Shell stress, manifolds, valves, heat exchangers, installation count, cost and EPC feasibility are not solved.",False,False,True,True,True
S50MW_6H,50.0,6.0,300.0,G0202_T1_homogeneous_none__AIP_FLINAK_2017_V10__MODULE_SCALE_4,G0202,T1_homogeneous_none,AIP_FLINAK_2017_V10,FLiNaK (LiF-NaF-KF),homogeneous,none,Tier_3_hypothetical_common_skeleton,False,127,127,53,53,53,2539,0.05,True,4.188306248952923,393.7007874015748,0.999655325957233,0.9670967163006061,0.9671024402528355,5.6907448752121415,0.9,"time integral of positive outlet enthalpy flow following the simulated charge end state, with linear within-step interpolation at the registered outlet-grade threshold",True,0.9999999999995894,True,525.0,run-wise frozen at the registered transport-property temperature,13.451970229981743,13.451970229981743,1.0,0.0,0.0,0.0,4.849769807259363,0.0,1,binary_monotone_bracket_with_adjacent_verification,MINIMAL_INTEGER_COUNT_BINARY_BRACKET,False,140.908199717314,14328.808199226589,722.724599151942,14.45449198303884,0.020936842466506934,15481.35405789781,19074.378656555833,140.908199717314,0.03447928839241943,0.01165296524580688,0.011467713366753554,0.00018525187905354802,20.627100150116128,3.6234892840956627,17.003610866020463,11,12,5.097115137738379,0.46289256226560627,0.13623060480921692,0.142288226127693,1.5,"two-level balanced square-array Darcy-Weisbach friction screen with one trunk and one lateral supply-return pair; uniform module flow is prescribed and fittings, valves, heat exchangers and site-specific manifolds are excluded",5.209847387020873,0.00010419694774041745,"frictional energy for the modeled packed bed plus the registered balanced on-array trunk-and-lateral header screen; fittings, valves, heat exchangers, external piping and pump efficiency excluded",True,"parallel modular packed zones; discrete unit count, bed friction and a geometry-normalized on-array header-friction screen are included. Tank shells, fittings, valves, heat exchangers, site-specific trunk routing, flow maldistribution and balance of plant are excluded. Hydraulic values are screening metrics, not installed-pump specifications.",G0202_T1_homogeneous_none__AIP_FLINAK_2017_V10,4.0,4.0776921101907035,8.639480033833934,8192,393.83653263146624,112.82526141123299,20.638753115361936,0.056461575855245284,1770.1159932265684,True,"Extrapolative model-domain sensitivity with diameter and height scaled together and nominal mass flow scaled with cross-sectional area to preserve superficial velocity. Shell stress, manifolds, valves, heat exchangers, installation count, cost and EPC feasibility are not solved.",False,True,True,True,True
S50MW_6H,50.0,6.0,300.0,G0121_T1_homogeneous_none__SOLAR_SALT_60_40_V10__MODULE_SCALE_1,G0121,T1_homogeneous_none,SOLAR_SALT_60_40_V10,Solar Salt (NaNO3-KNO3 60:40 wt%),homogeneous,none,Tier_2_unit_pair_partial,False,3597,3484,3599,3597,3597,69673,0.05,True,0.18131445400207327,13.900472616068946,0.9684942847937178,0.9654850366335678,0.9661211049241955,0.08341317304088333,0.9,"time integral of positive outlet enthalpy flow following the simulated charge end state, with linear within-step interpolation at the registered outlet-grade threshold",True,0.9999999999909958,True,525.0,run-wise frozen at the registered transport-property temperature,5.590491620855887,5.590491620855887,1.0,0.0,0.0,0.0,4.599494081014933,0.0,10,binary_monotone_bracket_with_adjacent_verification,MINIMAL_INTEGER_COUNT_BINARY_BRACKET,False,0.012394476019128575,7143.210025219592,300.0371834280574,6.000743668561148,0.0419979251542135,6049.46105739969,10103.981860640744,0.012394476019128575,3.253061551415626,0.0015236663113737995,0.001480938813361272,4.272749801249527e-05,34.61458192730512,2.614709709662164,31.999872217642956,59,61,1.3702208113233216,0.5614631275365252,0.07251479887879415,0.07311659176073398,1.5,"two-level balanced square-array Darcy-Weisbach friction screen with one trunk and one lateral supply-return pair; uniform module flow is prescribed and fittings, valves, heat exchangers and site-specific manifolds are excluded",12.8558805458281,0.000257117610916562,"frictional energy for the modeled packed bed plus the registered balanced on-array trunk-and-lateral header screen; fittings, valves, heat exchangers, external piping and pump efficiency excluded",True,"parallel modular packed zones; discrete unit count, bed friction and a geometry-normalized on-array header-friction screen are included. Tank shells, fittings, valves, heat exchangers, site-specific trunk routing, flow maldistribution and balance of plant are excluded. Hydraulic values are screening metrics, not installed-pump specifications.",G0121_T1_homogeneous_none__SOLAR_SALT_60_40_V10,1.0,1.0961766490586573,2.1042726350280967,2048,14.352663546207344,1.9858799069278823,34.61610559361649,0.004401610999403632,22717.954494967606,False,"Extrapolative model-domain sensitivity with diameter and height scaled together and nominal mass flow scaled with cross-sectional area to preserve superficial velocity. Shell stress, manifolds, valves, heat exchangers, installation count, cost and EPC feasibility are not solved.",False,False,False,True,True
S50MW_6H,50.0,6.0,300.0,G0121_T1_homogeneous_none__SOLAR_SALT_60_40_V10__MODULE_SCALE_2,G0121,T1_homogeneous_none,SOLAR_SALT_60_40_V10,Solar Salt (NaNO3-KNO3 60:40 wt%),homogeneous,none,Tier_2_unit_pair_partial,False,871,871,446,446,446,17418,0.05,True,0.7487808163552899,57.4052812858783,0.999906412859645,0.9755679596479381,0.9755692882418465,0.6738312986951959,0.9,"time integral of positive outlet enthalpy flow following the simulated charge end state, with linear within-step interpolation at the registered outlet-grade threshold",True,0.9999999999824313,True,525.0,run-wise frozen at the registered transport-property temperature,10.82918355075519,10.82918355075519,1.0,0.0,0.0,0.0,4.599494081014933,0.0,1,binary_monotone_bracket_with_adjacent_verification,MINIMAL_INTEGER_COUNT_BINARY_BRACKET,False,95.63568705450523,13837.611191473485,586.9070611635157,11.738141223270313,0.02168004259180625,11718.833652477353,19573.129164566224,95.63568705450523,0.009359589972768312,0.0031490313015408353,0.0030579431180599577,9.108818348078758e-05,23.695888010357642,2.6314276210694882,21.064460389288154,29,31,2.7404416226466433,0.5614631275365252,0.10420121678373591,0.10592366763469263,1.5,"two-level balanced square-array Darcy-Weisbach friction screen with one trunk and one lateral supply-return pair; uniform module flow is prescribed and fittings, valves, heat exchangers and site-specific manifolds are excluded",8.801451926322699,0.000176029038526454,"frictional energy for the modeled packed bed plus the registered balanced on-array trunk-and-lateral header screen; fittings, valves, heat exchangers, external piping and pump efficiency excluded",True,"parallel modular packed zones; discrete unit count, bed friction and a geometry-normalized on-array header-friction screen are included. Tank shells, fittings, valves, heat exchangers, site-specific trunk routing, flow maldistribution and balance of plant are excluded. Hydraulic values are screening metrics, not installed-pump specifications.",G0121_T1_homogeneous_none__SOLAR_SALT_60_40_V10,2.0,2.1923532981173146,4.208545270056193,4096,57.410654184829376,15.887039255423058,23.69903704165918,0.013287591795419086,7524.818187346418,True,"Extrapolative model-domain sensitivity with diameter and height scaled together and nominal mass flow scaled with cross-sectional area to preserve superficial velocity. Shell stress, manifolds, valves, heat exchangers, installation count, cost and EPC feasibility are not solved.",False,False,True,True,True
S50MW_6H,50.0,6.0,300.0,G0121_T1_homogeneous_none__SOLAR_SALT_60_40_V10__MODULE_SCALE_4,G0121,T1_homogeneous_none,SOLAR_SALT_60_40_V10,Solar Salt (NaNO3-KNO3 60:40 wt%),homogeneous,none,Tier_2_unit_pair_partial,False,218,218,56,56,56,4354,0.05,True,2.9916884910342088,229.3577981651376,0.9987597311935216,0.9827108586894036,0.9827233827535256,5.430181382214938,0.9,"time integral of positive outlet enthalpy flow following the simulated charge end state, with linear within-step interpolation at the registered outlet-grade threshold",True,0.9999999999648982,True,525.0,run-wise frozen at the registered transport-property temperature,21.68290880586082,21.68290880586082,1.0,0.0,0.0,0.0,4.599494081014933,0.0,1,binary_monotone_bracket_with_adjacent_verification,MINIMAL_INTEGER_COUNT_BINARY_BRACKET,False,294.5931804409522,27706.996461457813,1183.7795413228566,23.67559082645713,0.010827590078820669,23464.576222641223,39191.20236854591,294.5931804409522,0.12418089834242974,0.006290631375957598,0.006108872605116154,0.00018175877084219445,17.196837255078947,2.627257634122962,14.569579620955984,14,16,5.4808832452932865,0.5614631275365252,0.1472782527489441,0.15210832537471658,1.5,"two-level balanced square-array Darcy-Weisbach friction screen with one trunk and one lateral supply-return pair; uniform module flow is prescribed and fittings, valves, heat exchangers and site-specific manifolds are excluded",6.38897280125158,0.0001277794560250316,"frictional energy for the modeled packed bed plus the registered balanced on-array trunk-and-lateral header screen; fittings, valves, heat exchangers, external piping and pump efficiency excluded",True,"parallel modular packed zones; discrete unit count, bed friction and a geometry-normalized on-array header-friction screen are included. Tank shells, fittings, valves, heat exchangers, site-specific trunk routing, flow maldistribution and balance of plant are excluded. Hydraulic values are screening metrics, not installed-pump specifications.",G0121_T1_homogeneous_none__SOLAR_SALT_60_40_V10,4.0,4.384706596234629,8.417090540112387,8192,229.6426167393175,127.09631404338447,17.203127886454904,0.0365667884205558,2733.721979132999,True,"Extrapolative model-domain sensitivity with diameter and height scaled together and nominal mass flow scaled with cross-sectional area to preserve superficial velocity. Shell stress, manifolds, valves, heat exchangers, installation count, cost and EPC feasibility are not solved.",False,True,True,True,True
S50MW_6H,50.0,6.0,300.0,G0192_T1_homogeneous_none__AIP_FLINAK_2017_V10__MODULE_SCALE_1,G0192,T1_homogeneous_none,AIP_FLINAK_2017_V10,FLiNaK (LiF-NaF-KF),homogeneous,none,Tier_3_hypothetical_common_skeleton,False,6286,3737,6354,6286,6286,74726,0.05,True,0.0846189776673594,7.954183900731785,0.594388179861422,0.9622011186876399,0.9725777752928119,0.047725996793969085,0.9,"time integral of positive outlet enthalpy flow following the simulated charge end state, with linear within-step interpolation at the registered outlet-grade threshold",True,0.9999999999890898,True,525.0,run-wise frozen at the registered transport-property temperature,5.552419395314745,5.552419395314745,1.0,0.0,0.0,0.0,5.668083775780266,0.0,15,binary_monotone_bracket_with_adjacent_verification,MINIMAL_INTEGER_COUNT_BINARY_BRACKET,False,0.0018719489632168518,5949.236927140792,300.00561584688967,6.000112316937793,0.05042663515910438,5777.982541138222,8762.030364432021,0.0018719489632168518,68.2402231203763,0.002955630238093631,0.0029472465026183286,8.383735475288428e-06,93.62973428875718,5.801441329888873,87.8282929588683,79,80,1.2359494274863283,0.46289256226560627,0.05189273490295785,0.05222013710921269,1.5,"two-level balanced square-array Darcy-Weisbach friction screen with one trunk and one lateral supply-return pair; uniform module flow is prescribed and fittings, valves, heat exchangers and site-specific manifolds are excluded",23.635731392664535,0.0004727146278532907,"frictional energy for the modeled packed bed plus the registered balanced on-array trunk-and-lateral header screen; fittings, valves, heat exchangers, external piping and pump efficiency excluded",True,"parallel modular packed zones; discrete unit count, bed friction and a geometry-normalized on-array header-friction screen are included. Tank shells, fittings, valves, heat exchangers, site-specific trunk routing, flow maldistribution and balance of plant are excluded. Hydraulic values are screening metrics, not installed-pump specifications.",G0192_T1_homogeneous_none__AIP_FLINAK_2017_V10,1.0,0.9887595419890627,1.2325814617378716,2048,13.382136741996206,0.9464264917500466,93.63268991899527,0.0031566221590457826,31678.432938603295,False,"Extrapolative model-domain sensitivity with diameter and height scaled together and nominal mass flow scaled with cross-sectional area to preserve superficial velocity. Shell stress, manifolds, valves, heat exchangers, installation count, cost and EPC feasibility are not solved.",False,False,False,False,True
S50MW_6H,50.0,6.0,300.0,G0192_T1_homogeneous_none__AIP_FLINAK_2017_V10__MODULE_SCALE_2,G0192,T1_homogeneous_none,AIP_FLINAK_2017_V10,FLiNaK (LiF-NaF-KF),homogeneous,none,Tier_3_hypothetical_common_skeleton,False,935,935,786,786,786,18681,0.05,True,0.5688929343497553,53.475935828877006,0.999017138665481,0.973218520319581,0.9732336763754811,0.38206546354193455,0.9,"time integral of positive outlet enthalpy flow following the simulated charge end state, with linear within-step interpolation at the registered outlet-grade threshold",True,0.9999999999776924,True,525.0,run-wise frozen at the registered transport-property temperature,6.607240131274072,6.607240131274072,1.0,0.0,0.0,0.0,5.668083775780266,0.0,1,binary_monotone_bracket_with_adjacent_verification,MINIMAL_INTEGER_COUNT_BINARY_BRACKET,False,19.077069470569597,7079.270158290348,357.2312084117088,7.144624168234176,0.04237724981418852,6875.486701831674,10426.342209028242,19.077069470569597,0.09838283013161586,0.00995452793633001,0.009907161238213157,4.736669811669051e-05,43.13093057245317,4.520661042608701,38.610269529844466,30,32,2.4718988549726566,0.46289256226560627,0.08428596124072571,0.08563462225524239,1.5,"two-level balanced square-array Darcy-Weisbach friction screen with one trunk and one lateral supply-return pair; uniform module flow is prescribed and fittings, valves, heat exchangers and site-specific manifolds are excluded",10.890068128521747,0.00021780136257043494,"frictional energy for the modeled packed bed plus the registered balanced on-array trunk-and-lateral header screen; fittings, valves, heat exchangers, external piping and pump efficiency excluded",True,"parallel modular packed zones; discrete unit count, bed friction and a geometry-normalized on-array header-friction screen are included. Tank shells, fittings, valves, heat exchangers, site-specific trunk routing, flow maldistribution and balance of plant are excluded. Hydraulic values are screening metrics, not installed-pump specifications.",G0192_T1_homogeneous_none__AIP_FLINAK_2017_V10,2.0,1.9775190839781254,2.4651629234757433,4096,53.52854696798482,7.5714119340003725,43.1408851003895,0.02307446384830926,4332.795171033945,True,"Extrapolative model-domain sensitivity with diameter and height scaled together and nominal mass flow scaled with cross-sectional area to preserve superficial velocity. Shell stress, manifolds, valves, heat exchangers, installation count, cost and EPC feasibility are not solved.",False,False,True,True,True
S50MW_6H,50.0,6.0,300.0,G0192_T1_homogeneous_none__AIP_FLINAK_2017_V10__MODULE_SCALE_4,G0192,T1_homogeneous_none,AIP_FLINAK_2017_V10,FLiNaK (LiF-NaF-KF),homogeneous,none,Tier_3_hypothetical_common_skeleton,False,234,234,98,98,98,4670,0.05,True,2.2731405710129113,213.67521367521368,0.9979498126626333,0.9810359591804508,0.9810584482883316,3.081098074640818,0.9,"time integral of positive outlet enthalpy flow following the simulated charge end state, with linear within-step interpolation at the registered outlet-grade threshold",True,0.9999999999556752,True,525.0,run-wise frozen at the registered transport-property temperature,13.22838005883738,13.22838005883738,1.0,0.0,0.0,0.0,5.668083775780266,0.0,1,binary_monotone_bracket_with_adjacent_verification,MINIMAL_INTEGER_COUNT_BINARY_BRACKET,False,140.3256498219838,14173.683140448697,720.9769494659514,14.419538989319028,0.021165987487321725,13765.680327089725,20874.98675433248,140.3256498219838,0.20543992406758527,0.01988768441105959,0.019793153328481236,9.453108257786628e-05,30.818993611385043,4.675384634948973,26.14360897643607,15,16,4.943797709945313,0.46289256226560627,0.11719738013415171,0.12104093372765587,1.5,"two-level balanced square-array Darcy-Weisbach friction screen with one trunk and one lateral supply-return pair; uniform module flow is prescribed and fittings, valves, heat exchangers and site-specific manifolds are excluded",7.784669172575286,0.0001556933834515057,"frictional energy for the modeled packed bed plus the registered balanced on-array trunk-and-lateral header screen; fittings, valves, heat exchangers, external piping and pump efficiency excluded",True,"parallel modular packed zones; discrete unit count, bed friction and a geometry-normalized on-array header-friction screen are included. Tank shells, fittings, valves, heat exchangers, site-specific trunk routing, flow maldistribution and balance of plant are excluded. Hydraulic values are screening metrics, not installed-pump specifications.",G0192_T1_homogeneous_none__AIP_FLINAK_2017_V10,4.0,3.9550381679562507,4.930325846951487,8192,214.1141878719393,60.57129547200298,30.838881295796103,0.06448899433252346,1549.6521854624025,True,"Extrapolative model-domain sensitivity with diameter and height scaled together and nominal mass flow scaled with cross-sectional area to preserve superficial velocity. Shell stress, manifolds, valves, heat exchangers, installation count, cost and EPC feasibility are not solved.",False,True,True,True,True
S50MW_6H,50.0,6.0,300.0,G0015_T1_homogeneous_none__AIP_FLINAK_2017_V10__MODULE_SCALE_1,G0015,T1_homogeneous_none,AIP_FLINAK_2017_V10,FLiNaK (LiF-NaF-KF),homogeneous,none,Tier_3_hypothetical_common_skeleton,False,3706,2055,3757,3706,3706,41080,0.05,True,0.14352803389558047,13.491635186184565,0.5542397118867329,0.9536532135442285,0.9667678749533369,0.08096255487403506,0.9,"time integral of positive outlet enthalpy flow following the simulated charge end state, with linear within-step interpolation at the registered outlet-grade threshold",True,0.9999999999909089,True,525.0,run-wise frozen at the registered transport-property temperature,5.5869192786245305,5.5869192786245305,1.0,0.0,0.0,0.0,4.802953673840943,0.0,14,binary_monotone_bracket_with_adjacent_verification,MINIMAL_INTEGER_COUNT_BINARY_BRACKET,False,0.015742787724648544,5936.795978344888,300.04722836317393,6.0009445672634785,0.05053230750968751,6676.398555987783,7563.2250289837275,0.015742787724648544,80.42734552452366,0.0016467686172683847,0.0016379642878876874,8.804329380775209e-06,70.06661231094648,5.015989243812509,65.05062306713397,60,62,1.3981046093890797,0.46289256226560627,0.05938714025344574,0.05987194127905936,1.5,"two-level balanced square-array Darcy-Weisbach friction screen with one trunk and one lateral supply-return pair; uniform module flow is prescribed and fittings, valves, heat exchangers and site-specific manifolds are excluded",17.687354194234473,0.00035374708388468946,"frictional energy for the modeled packed bed plus the registered balanced on-array trunk-and-lateral header screen; fittings, valves, heat exchangers, external piping and pump efficiency excluded",True,"parallel modular packed zones; discrete unit count, bed friction and a geometry-normalized on-array header-friction screen are included. Tank shells, fittings, valves, heat exchangers, site-specific trunk routing, flow maldistribution and balance of plant are excluded. Hydraulic values are screening metrics, not installed-pump specifications.",G0015_T1_homogeneous_none__AIP_FLINAK_2017_V10,1.0,1.1184836875112638,1.6304125851209328,2048,24.342599234285437,1.6019417102927382,70.06825907956375,0.002350234812311306,42547.939993641055,False,"Extrapolative model-domain sensitivity with diameter and height scaled together and nominal mass flow scaled with cross-sectional area to preserve superficial velocity. Shell stress, manifolds, valves, heat exchangers, installation count, cost and EPC feasibility are not solved.",False,False,False,True,True
S50MW_6H,50.0,6.0,300.0,G0015_T1_homogeneous_none__AIP_FLINAK_2017_V10__MODULE_SCALE_2,G0015,T1_homogeneous_none,AIP_FLINAK_2017_V10,FLiNaK (LiF-NaF-KF),homogeneous,none,Tier_3_hypothetical_common_skeleton,False,514,514,464,464,464,10270,0.05,True,1.034853878632337,97.27626459143968,0.9990332549864942,0.9671116200873352,0.9671306214950691,0.6479434664039372,0.9,"time integral of positive outlet enthalpy flow following the simulated charge end state, with linear within-step interpolation at the registered outlet-grade threshold",True,0.9999999999827331,True,525.0,run-wise frozen at the registered transport-property temperature,6.19872676612351,6.19872676612351,1.0,0.0,0.0,0.0,4.802953673840943,0.0,1,binary_monotone_bracket_with_adjacent_verification,MINIMAL_INTEGER_COUNT_BINARY_BRACKET,False,11.01431391054124,6587.18431272374,333.0429417316237,6.660858834632474,0.04554297948222323,7407.81188942843,8391.792045110924,11.01431391054124,0.09676805138172373,0.005962169353754968,0.005904956858863428,5.721249489166505e-05,31.135448911358736,3.785878542909668,27.34957036844907,22,24,2.7962092187781593,0.46289256226560627,0.09791800604494923,0.10002401054956518,1.5,"two-level balanced square-array Darcy-Weisbach friction screen with one trunk and one lateral supply-return pair; uniform module flow is prescribed and fittings, valves, heat exchangers and site-specific manifolds are excluded",7.861036867882881,0.00015722073735765761,"frictional energy for the modeled packed bed plus the registered balanced on-array trunk-and-lateral header screen; fittings, valves, heat exchangers, external piping and pump efficiency excluded",True,"parallel modular packed zones; discrete unit count, bed friction and a geometry-normalized on-array header-friction screen are included. Tank shells, fittings, valves, heat exchangers, site-specific trunk routing, flow maldistribution and balance of plant are excluded. Hydraulic values are screening metrics, not installed-pump specifications.",G0015_T1_homogeneous_none__AIP_FLINAK_2017_V10,2.0,2.2369673750225276,3.2608251702418656,4096,97.37039693714175,12.815533682341906,31.14141108071249,0.019145469478894783,5222.167815771564,True,"Extrapolative model-domain sensitivity with diameter and height scaled together and nominal mass flow scaled with cross-sectional area to preserve superficial velocity. Shell stress, manifolds, valves, heat exchangers, installation count, cost and EPC feasibility are not solved.",False,False,True,True,True
S50MW_6H,50.0,6.0,300.0,G0015_T1_homogeneous_none__AIP_FLINAK_2017_V10__MODULE_SCALE_4,G0015,T1_homogeneous_none,AIP_FLINAK_2017_V10,FLiNaK (LiF-NaF-KF),homogeneous,none,Tier_3_hypothetical_common_skeleton,False,129,129,58,58,58,2567,0.05,True,4.123371268349001,387.5968992248062,0.9951610330679419,0.9766855118177308,0.9767466851775547,5.235087124129295,0.9,"time integral of positive outlet enthalpy flow following the simulated charge end state, with linear within-step interpolation at the registered outlet-grade threshold",True,0.9999999999656793,True,525.0,run-wise frozen at the registered transport-property temperature,12.44569265105476,12.445265990353661,1.000034282971648,0.003428238399693646,0.0,0.0,4.802953673840943,0.0,1,binary_monotone_bracket_with_adjacent_verification,MINIMAL_INTEGER_COUNT_BINARY_BRACKET,False,125.10874633755971,13225.630760176848,675.3262390126791,13.506524780253583,0.02268322815296777,14873.272120408834,16848.88986489197,125.10874633755971,0.4862496391302873,0.01187767855173636,0.011764138858356922,0.00011353969338076963,22.844603764463503,4.007298764348203,18.8373050001153,11,12,5.592418437556319,0.46289256226560627,0.13517042834619772,0.14118090792620228,1.5,"two-level balanced square-array Darcy-Weisbach friction screen with one trunk and one lateral supply-return pair; uniform module flow is prescribed and fittings, valves, heat exchangers and site-specific manifolds are excluded",5.769669294302025,0.00011539338588604051,"frictional energy for the modeled packed bed plus the registered balanced on-array trunk-and-lateral header screen; fittings, valves, heat exchangers, external piping and pump efficiency excluded",True,"parallel modular packed zones; discrete unit count, bed friction and a geometry-normalized on-array header-friction screen are included. Tank shells, fittings, valves, heat exchangers, site-specific trunk routing, flow maldistribution and balance of plant are excluded. Hydraulic values are screening metrics, not installed-pump specifications.",G0015_T1_homogeneous_none__AIP_FLINAK_2017_V10,4.0,4.473934750045055,6.521650340483731,8192,389.481587748567,102.52426945873525,22.85648144301524,0.05196634740718627,1923.3222775778793,True,"Extrapolative model-domain sensitivity with diameter and height scaled together and nominal mass flow scaled with cross-sectional area to preserve superficial velocity. Shell stress, manifolds, valves, heat exchangers, installation count, cost and EPC feasibility are not solved.",False,True,True,True,True
S50MW_6H,50.0,6.0,300.0,G0175_T1_homogeneous_none__SOLAR_SALT_60_40_V10__MODULE_SCALE_1,G0175,T1_homogeneous_none,SOLAR_SALT_60_40_V10,Solar Salt (NaNO3-KNO3 60:40 wt%),homogeneous,none,Tier_2_unit_pair_partial,False,8574,2230,8891,8574,8574,44581,0.05,True,0.07606579088470464,5.831583858175881,0.25998188588948423,0.9313552451910511,0.9657089205166984,0.03499004490470618,0.9,"time integral of positive outlet enthalpy flow following the simulated charge end state, with linear within-step interpolation at the registered outlet-grade threshold",True,0.9999999999900183,True,525.0,run-wise frozen at the registered transport-property temperature,5.591993383513301,5.591993383513301,1.0,0.0,0.0,0.0,6.221522612621201,0.0,17,binary_monotone_bracket_with_adjacent_verification,MINIMAL_INTEGER_COUNT_BINARY_BRACKET,False,0.0015483376502700708,7052.150824831676,300.0046450129508,6.000092900259016,0.04254021325574252,5365.4144406998785,10919.393169781993,0.0015483376502700708,284.6421825038573,0.0015864447747543087,0.0015547871003808189,3.1657674373549914e-05,49.74583661562218,2.9437118059896696,46.80212480963252,92,94,1.000286700835402,0.5614631275365252,0.05847510027072287,0.05878864192995645,1.5,"two-level balanced square-array Darcy-Weisbach friction screen with one trunk and one lateral supply-return pair; uniform module flow is prescribed and fittings, valves, heat exchangers and site-specific manifolds are excluded",18.47541534092082,0.0003695083068184164,"frictional energy for the modeled packed bed plus the registered balanced on-array trunk-and-lateral header screen; fittings, valves, heat exchangers, external piping and pump efficiency excluded",True,"parallel modular packed zones; discrete unit count, bed friction and a geometry-normalized on-array header-friction screen are included. Tank shells, fittings, valves, heat exchangers, site-specific trunk routing, flow maldistribution and balance of plant are excluded. Hydraulic values are screening metrics, not installed-pump specifications.",G0175_T1_homogeneous_none__SOLAR_SALT_60_40_V10,1.0,0.8002293606683215,1.635382205834237,2048,22.430731426630356,0.8225041783102025,49.74742306039693,0.003188998901165697,31356.803216378128,False,"Extrapolative model-domain sensitivity with diameter and height scaled together and nominal mass flow scaled with cross-sectional area to preserve superficial velocity. Shell stress, manifolds, valves, heat exchangers, installation count, cost and EPC feasibility are not solved.",False,False,False,False,True
S50MW_6H,50.0,6.0,300.0,G0175_T1_homogeneous_none__SOLAR_SALT_60_40_V10__MODULE_SCALE_2,G0175,T1_homogeneous_none,SOLAR_SALT_60_40_V10,Solar Salt (NaNO3-KNO3 60:40 wt%),homogeneous,none,Tier_2_unit_pair_partial,False,1073,558,1088,1073,1073,11145,0.05,True,0.6078174194272671,46.59832246039143,0.5193580357913414,0.9512738179470961,0.9646496414681202,0.27961331664384975,0.9,"time integral of positive outlet enthalpy flow following the simulated charge end state, with linear within-step interpolation at the registered outlet-grade threshold",True,0.9999999999779869,True,525.0,run-wise frozen at the registered transport-property temperature,5.598366895835297,5.598366895835297,1.0,0.0,0.0,0.0,6.221522612621201,0.0,13,binary_monotone_bracket_with_adjacent_verification,MINIMAL_INTEGER_COUNT_BINARY_BRACKET,False,0.008362919616944353,7060.375866614779,300.0250887588508,6.000501775177017,0.04249065569137189,5371.67221354884,10932.12864117199,0.008362919616944353,92.54539856619498,0.006464575015345787,0.00621190335445747,0.00025267166088883676,20.133467668362837,2.0928532855127937,18.04061438285004,32,34,2.000573401670804,0.5614631275365252,0.098464198357072,0.09994494608403287,1.5,"two-level balanced square-array Darcy-Weisbach friction screen with one trunk and one lateral supply-return pair; uniform module flow is prescribed and fittings, valves, heat exchangers and site-specific manifolds are excluded",7.479656035301906,0.00014959312070603813,"frictional energy for the modeled packed bed plus the registered balanced on-array trunk-and-lateral header screen; fittings, valves, heat exchangers, external piping and pump efficiency excluded",True,"parallel modular packed zones; discrete unit count, bed friction and a geometry-normalized on-array header-friction screen are included. Tank shells, fittings, valves, heat exchangers, site-specific trunk routing, flow maldistribution and balance of plant are excluded. Hydraulic values are screening metrics, not installed-pump specifications.",G0175_T1_homogeneous_none__SOLAR_SALT_60_40_V10,2.0,1.600458721336643,3.270764411668474,4096,89.72292570652142,6.58003342648162,20.139932243378183,0.03209829575008266,3114.4302016094566,True,"Extrapolative model-domain sensitivity with diameter and height scaled together and nominal mass flow scaled with cross-sectional area to preserve superficial velocity. Shell stress, manifolds, valves, heat exchangers, installation count, cost and EPC feasibility are not solved.",False,False,False,True,True
S50MW_6H,50.0,6.0,300.0,G0175_T1_homogeneous_none__SOLAR_SALT_60_40_V10__MODULE_SCALE_4,G0175,T1_homogeneous_none,SOLAR_SALT_60_40_V10,Solar Salt (NaNO3-KNO3 60:40 wt%),homogeneous,none,Tier_2_unit_pair_partial,False,140,140,135,134,134,2786,0.05,True,4.658486364610411,357.14285714285717,0.9951270935787668,0.9654548620463476,0.9655349787719131,2.238959523909062,0.9,"time integral of positive outlet enthalpy flow following the simulated charge end state, with linear within-step interpolation at the registered outlet-grade threshold",True,0.9999999999545384,True,525.0,run-wise frozen at the registered transport-property temperature,5.8435889313436515,5.8435889313436515,1.0,0.0,0.0,0.0,6.221522612621201,0.0,1,binary_monotone_bracket_with_adjacent_verification,MINIMAL_INTEGER_COUNT_BINARY_BRACKET,False,4.4847777824228885,7369.637437659414,313.4543333472687,6.269086666945373,0.040707565675751824,5606.964472669804,11410.982365435813,4.4847777824228885,0.48967679130398345,0.025660183024780486,0.02380490106903991,0.0018552819557367587,9.190445797778802,1.5515432104763116,7.63890258730249,11,13,4.001146803341608,0.5614631275365252,0.16437957213624196,0.1710916831614027,1.5,"two-level balanced square-array Darcy-Weisbach friction screen with one trunk and one lateral supply-return pair; uniform module flow is prescribed and fittings, valves, heat exchangers and site-specific manifolds are excluded",3.4227177077005373,6.845435415401076e-05,"frictional energy for the modeled packed bed plus the registered balanced on-array trunk-and-lateral header screen; fittings, valves, heat exchangers, external piping and pump efficiency excluded",True,"parallel modular packed zones; discrete unit count, bed friction and a geometry-normalized on-array header-friction screen are included. Tank shells, fittings, valves, heat exchangers, site-specific trunk routing, flow maldistribution and balance of plant are excluded. Hydraulic values are screening metrics, not installed-pump specifications.",G0175_T1_homogeneous_none__SOLAR_SALT_60_40_V10,4.0,3.200917442673286,6.541528823336948,8192,358.8917028260857,52.64026741185296,9.216105980803583,0.2784276035695402,358.1597913352149,True,"Extrapolative model-domain sensitivity with diameter and height scaled together and nominal mass flow scaled with cross-sectional area to preserve superficial velocity. Shell stress, manifolds, valves, heat exchangers, installation count, cost and EPC feasibility are not solved.",False,True,True,True,True
S50MW_6H,50.0,6.0,300.0,G0029_T1_homogeneous_none__AIP_FLINAK_2017_V10__MODULE_SCALE_1,G0029,T1_homogeneous_none,AIP_FLINAK_2017_V10,FLiNaK (LiF-NaF-KF),homogeneous,none,Tier_3_hypothetical_common_skeleton,False,3405,3190,3409,3405,3405,63793,0.05,True,0.15621582778767143,14.684287812041116,0.9367682771144874,0.9696388127270474,0.9708797680909593,0.08811720395829593,0.9,"time integral of positive outlet enthalpy flow following the simulated charge end state, with linear within-step interpolation at the registered outlet-grade threshold",True,0.999999999991456,True,525.0,run-wise frozen at the registered transport-property temperature,5.563235719091462,5.563235719091462,1.0,0.0,0.0,0.0,4.839838432496768,0.0,11,binary_monotone_bracket_with_adjacent_verification,MINIMAL_INTEGER_COUNT_BINARY_BRACKET,False,0.01302649266587963,5893.081330660616,300.03907947799763,6.000781589559953,0.05090715419778025,6971.991539101823,7060.553629855917,0.01302649266587963,6.749985501247346,0.0023310729783025,0.0023153647908087174,1.570818749381095e-05,60.492762398215014,4.479689326621942,56.01307307159307,58,59,1.291830173274739,0.46289256226560627,0.0604137287439548,0.060932311034478485,1.5,"two-level balanced square-array Darcy-Weisbach friction screen with one trunk and one lateral supply-return pair; uniform module flow is prescribed and fittings, valves, heat exchangers and site-specific manifolds are excluded",15.270796781511523,0.0003054159356302304,"frictional energy for the modeled packed bed plus the registered balanced on-array trunk-and-lateral header screen; fittings, valves, heat exchangers, external piping and pump efficiency excluded",True,"parallel modular packed zones; discrete unit count, bed friction and a geometry-normalized on-array header-friction screen are included. Tank shells, fittings, valves, heat exchangers, site-specific trunk routing, flow maldistribution and balance of plant are excluded. Hydraulic values are screening metrics, not installed-pump specifications.",G0029_T1_homogeneous_none__AIP_FLINAK_2017_V10,1.0,1.0334641386197911,2.063215610088049,2048,15.675475110315325,1.7307140471837346,60.495093471193314,0.0038533256906405403,25950.60856578852,False,"Extrapolative model-domain sensitivity with diameter and height scaled together and nominal mass flow scaled with cross-sectional area to preserve superficial velocity. Shell stress, manifolds, valves, heat exchangers, installation count, cost and EPC feasibility are not solved.",False,False,False,True,True
S50MW_6H,50.0,6.0,300.0,G0029_T1_homogeneous_none__AIP_FLINAK_2017_V10__MODULE_SCALE_2,G0029,T1_homogeneous_none,AIP_FLINAK_2017_V10,FLiNaK (LiF-NaF-KF),homogeneous,none,Tier_3_hypothetical_common_skeleton,False,798,798,423,423,423,15948,0.05,True,0.6665600170639364,62.65664160401003,0.9992781903429917,0.9784958022740289,0.9785056939655375,0.7104746737409581,0.9,"time integral of positive outlet enthalpy flow following the simulated charge end state, with linear within-step interpolation at the registered outlet-grade threshold",True,0.9999999999846066,True,525.0,run-wise frozen at the registered transport-property temperature,10.4297043213763,10.4297043213763,1.0,0.0,0.0,0.0,4.839838432496768,0.0,1,binary_monotone_bracket_with_adjacent_verification,MINIMAL_INTEGER_COUNT_BINARY_BRACKET,False,88.98626321509487,11048.878477220962,566.9587896452846,11.339175792905692,0.027152077074473955,13071.716295338045,13237.760461967746,88.98626321509487,0.07223310425303886,0.00497548408581325,0.004939735033021954,3.5749052790957145e-05,39.78063778374581,4.403681447888162,35.37695633585765,28,29,2.583660346549478,0.46289256226560627,0.08670772122093254,0.08824249030380547,1.5,"two-level balanced square-array Darcy-Weisbach friction screen with one trunk and one lateral supply-return pair; uniform module flow is prescribed and fittings, valves, heat exchangers and site-specific manifolds are excluded",10.043095731890615,0.0002008619146378123,"frictional energy for the modeled packed bed plus the registered balanced on-array trunk-and-lateral header screen; fittings, valves, heat exchangers, external piping and pump efficiency excluded",True,"parallel modular packed zones; discrete unit count, bed friction and a geometry-normalized on-array header-friction screen are included. Tank shells, fittings, valves, heat exchangers, site-specific trunk routing, flow maldistribution and balance of plant are excluded. Hydraulic values are screening metrics, not installed-pump specifications.",G0029_T1_homogeneous_none__AIP_FLINAK_2017_V10,2.0,2.0669282772395823,4.126431220176098,4096,62.7019004412613,13.845712377469876,39.78561326783162,0.012505736815765368,7995.330122183198,True,"Extrapolative model-domain sensitivity with diameter and height scaled together and nominal mass flow scaled with cross-sectional area to preserve superficial velocity. Shell stress, manifolds, valves, heat exchangers, installation count, cost and EPC feasibility are not solved.",False,False,True,True,True
S50MW_6H,50.0,6.0,300.0,G0029_T1_homogeneous_none__AIP_FLINAK_2017_V10__MODULE_SCALE_4,G0029,T1_homogeneous_none,AIP_FLINAK_2017_V10,FLiNaK (LiF-NaF-KF),homogeneous,none,Tier_3_hypothetical_common_skeleton,False,200,200,53,53,53,3987,0.05,True,2.659574468085106,250.0,0.9967799948671343,0.9847764150394391,0.984807759869374,5.720403886912075,0.9,"time integral of positive outlet enthalpy flow following the simulated charge end state, with linear within-step interpolation at the registered outlet-grade threshold",True,0.9999999999693131,True,525.0,run-wise frozen at the registered transport-property temperature,20.91168786240724,20.91168786240724,1.0,0.0,0.0,0.0,4.839838432496768,0.0,1,binary_monotone_bracket_with_adjacent_verification,MINIMAL_INTEGER_COUNT_BINARY_BRACKET,False,281.36025912747164,22153.139803951803,1144.080777382415,22.8816155476483,0.013542098440893886,26208.954978121394,26541.87561296791,281.36025912747164,0.323040706018074,0.009925912452796637,0.009854771390878545,7.114106191716035e-05,28.903827545339578,4.581458543595134,24.32236900174444,14,15,5.167320693098956,0.46289256226560627,0.12246986034962754,0.12676834902711862,1.5,"two-level balanced square-array Darcy-Weisbach friction screen with one trunk and one lateral supply-return pair; uniform module flow is prescribed and fittings, valves, heat exchangers and site-specific manifolds are excluded",7.298708505259605,0.00014597417010519208,"frictional energy for the modeled packed bed plus the registered balanced on-array trunk-and-lateral header screen; fittings, valves, heat exchangers, external piping and pump efficiency excluded",True,"parallel modular packed zones; discrete unit count, bed friction and a geometry-normalized on-array header-friction screen are included. Tank shells, fittings, valves, heat exchangers, site-specific trunk routing, flow maldistribution and balance of plant are excluded. Hydraulic values are screening metrics, not installed-pump specifications.",G0029_T1_homogeneous_none__AIP_FLINAK_2017_V10,4.0,4.133856554479165,8.252862440352196,8192,250.8076017650452,110.76569901975901,28.913753457792374,0.03432938053956313,2911.9567276856137,True,"Extrapolative model-domain sensitivity with diameter and height scaled together and nominal mass flow scaled with cross-sectional area to preserve superficial velocity. Shell stress, manifolds, valves, heat exchangers, installation count, cost and EPC feasibility are not solved.",False,True,True,True,True
S50MW_6H,50.0,6.0,300.0,G0011_T1_homogeneous_none__SOLAR_SALT_60_40_V10__MODULE_SCALE_1,G0011,T1_homogeneous_none,SOLAR_SALT_60_40_V10,Solar Salt (NaNO3-KNO3 60:40 wt%),homogeneous,none,Tier_2_unit_pair_partial,False,3760,3498,3766,3760,3760,69945,0.05,True,0.17345427953336637,13.297872340425531,0.9301223203224338,0.9547685861811196,0.9564654631603572,0.07980523088799604,0.9,"time integral of positive outlet enthalpy flow following the simulated charge end state, with linear within-step interpolation at the registered outlet-grade threshold",True,0.999999999989532,True,525.0,run-wise frozen at the registered transport-property temperature,5.647270926276749,5.647270926276749,1.0,0.0,0.0,0.0,4.592357427740836,0.0,12,binary_monotone_bracket_with_adjacent_verification,MINIMAL_INTEGER_COUNT_BINARY_BRACKET,False,0.02255604628838004,7133.566121971155,300.06766813886514,6.001353362777303,0.04205470235651277,5504.883363038443,10924.84516112917,0.02255604628838004,7.5127408676035845,0.0012669965192703186,0.0012311987485028675,3.5797770767453086e-05,36.99714550774795,2.781689149939322,34.215456357808634,61,62,1.4171749082009675,0.5614631275365252,0.07151419190088358,0.07209799090907822,1.5,"two-level balanced square-array Darcy-Weisbach friction screen with one trunk and one lateral supply-return pair; uniform module flow is prescribed and fittings, valves, heat exchangers and site-specific manifolds are excluded",13.74063209547886,0.00027481264190957723,"frictional energy for the modeled packed bed plus the registered balanced on-array trunk-and-lateral header screen; fittings, valves, heat exchangers, external piping and pump efficiency excluded",True,"parallel modular packed zones; discrete unit count, bed friction and a geometry-normalized on-array header-friction screen are included. Tank shells, fittings, valves, heat exchangers, site-specific trunk routing, flow maldistribution and balance of plant are excluded. Hydraulic values are screening metrics, not installed-pump specifications.",G0011_T1_homogeneous_none__SOLAR_SALT_60_40_V10,1.0,1.133739926560774,1.879325827107074,2048,14.296907030266434,1.8972250324391369,36.99841250426722,0.0034244618444755955,29200.66862461085,False,"Extrapolative model-domain sensitivity with diameter and height scaled together and nominal mass flow scaled with cross-sectional area to preserve superficial velocity. Shell stress, manifolds, valves, heat exchangers, installation count, cost and EPC feasibility are not solved.",False,False,False,True,True
S50MW_6H,50.0,6.0,300.0,G0011_T1_homogeneous_none__SOLAR_SALT_60_40_V10__MODULE_SCALE_2,G0011,T1_homogeneous_none,SOLAR_SALT_60_40_V10,Solar Salt (NaNO3-KNO3 60:40 wt%),homogeneous,none,Tier_2_unit_pair_partial,False,875,875,465,465,465,17486,0.05,True,0.7453578183376658,57.142857142857146,0.9992171212606716,0.967949016659843,0.9679622329357954,0.6461159547574814,0.9,"time integral of positive outlet enthalpy flow following the simulated charge end state, with linear within-step interpolation at the registered outlet-grade threshold",True,0.9999999999780737,True,525.0,run-wise frozen at the registered transport-property temperature,10.513536298917883,10.513536298917883,1.0,0.0,0.0,0.0,4.592357427740836,0.0,1,binary_monotone_bracket_with_adjacent_verification,MINIMAL_INTEGER_COUNT_BINARY_BRACKET,False,88.4504868042654,13280.575227073958,565.3514604127962,11.307029208255925,0.022589382980069718,10248.453069486464,20338.80748082558,88.4504868042654,0.07834921186504751,0.002727946137844844,0.0026453184539259812,8.262768391868454e-05,24.553209401575412,2.7055683841725227,21.84764101740289,29,31,2.834349816401935,0.5614631275365252,0.10396276975089491,0.10568127906155773,1.5,"two-level balanced square-array Darcy-Weisbach friction screen with one trunk and one lateral supply-return pair; uniform module flow is prescribed and fittings, valves, heat exchangers and site-specific manifolds are excluded",9.119691306097014,0.0001823938261219403,"frictional energy for the modeled packed bed plus the registered balanced on-array trunk-and-lateral header screen; fittings, valves, heat exchangers, external piping and pump efficiency excluded",True,"parallel modular packed zones; discrete unit count, bed friction and a geometry-normalized on-array header-friction screen are included. Tank shells, fittings, valves, heat exchangers, site-specific trunk routing, flow maldistribution and balance of plant are excluded. Hydraulic values are screening metrics, not installed-pump specifications.",G0011_T1_homogeneous_none__SOLAR_SALT_60_40_V10,2.0,2.267479853121548,3.758651654214148,4096,57.187628121065735,15.177800259513095,24.555937347713257,0.01110911018877836,9000.621039011114,True,"Extrapolative model-domain sensitivity with diameter and height scaled together and nominal mass flow scaled with cross-sectional area to preserve superficial velocity. Shell stress, manifolds, valves, heat exchangers, installation count, cost and EPC feasibility are not solved.",False,False,True,True,True
S50MW_6H,50.0,6.0,300.0,G0011_T1_homogeneous_none__SOLAR_SALT_60_40_V10__MODULE_SCALE_4,G0011,T1_homogeneous_none,SOLAR_SALT_60_40_V10,Solar Salt (NaNO3-KNO3 60:40 wt%),homogeneous,none,Tier_2_unit_pair_partial,False,219,219,58,58,58,4371,0.05,True,2.978027812992957,228.31050228310502,0.9980764624464471,0.977303041274115,0.977326115119968,5.218930859026962,0.9,"time integral of positive outlet enthalpy flow following the simulated charge end state, with linear within-step interpolation at the registered outlet-grade threshold",True,0.9999999999569057,True,525.0,run-wise frozen at the registered transport-property temperature,21.050623445265963,21.050623445265963,1.0,0.0,0.0,0.0,4.592357427740836,0.0,1,binary_monotone_bracket_with_adjacent_verification,MINIMAL_INTEGER_COUNT_BINARY_BRACKET,False,280.98195270896815,26591.50605466694,1142.9458581269046,22.85891716253809,0.011281798006598747,20520.331174560324,40724.10366446448,280.98195270896815,0.19272446810716382,0.005449475655831411,0.0052845973680021,0.00016487828782826684,17.834154159411337,2.723245006337957,15.11090915307338,14,16,5.66869963280387,0.5614631275365252,0.1469416163024687,0.1517606487478031,1.5,"two-level balanced square-array Darcy-Weisbach friction screen with one trunk and one lateral supply-return pair; uniform module flow is prescribed and fittings, valves, heat exchangers and site-specific manifolds are excluded",6.62534994576736,0.0001325069989153472,"frictional energy for the modeled packed bed plus the registered balanced on-array trunk-and-lateral header screen; fittings, valves, heat exchangers, external piping and pump efficiency excluded",True,"parallel modular packed zones; discrete unit count, bed friction and a geometry-normalized on-array header-friction screen are included. Tank shells, fittings, valves, heat exchangers, site-specific trunk routing, flow maldistribution and balance of plant are excluded. Hydraulic values are screening metrics, not installed-pump specifications.",G0011_T1_homogeneous_none__SOLAR_SALT_60_40_V10,4.0,4.534959706243096,7.517303308428296,8192,228.75051248426294,121.42240207610476,17.839603635067167,0.03054706689289565,3272.636724292409,True,"Extrapolative model-domain sensitivity with diameter and height scaled together and nominal mass flow scaled with cross-sectional area to preserve superficial velocity. Shell stress, manifolds, valves, heat exchangers, installation count, cost and EPC feasibility are not solved.",False,True,True,True,True
S50MW_6H,50.0,6.0,300.0,G0213_T1_homogeneous_none__AIP_FLINAK_2017_V10__MODULE_SCALE_1,G0213,T1_homogeneous_none,AIP_FLINAK_2017_V10,FLiNaK (LiF-NaF-KF),homogeneous,none,Tier_3_hypothetical_common_skeleton,False,9671,3204,9955,9671,9671,64075,0.05,True,0.05500102301902815,5.170096163788647,0.3312769235775261,0.9390647787240045,0.966565333010226,0.03102079099950136,0.9,"time integral of positive outlet enthalpy flow following the simulated charge end state, with linear within-step interpolation at the registered outlet-grade threshold",True,0.9999999999999485,True,525.0,run-wise frozen at the registered transport-property temperature,5.587192824183864,5.587192824183864,1.0,0.0,0.0,0.0,6.503811599195677,0.0,18,binary_monotone_bracket_with_adjacent_verification,MINIMAL_INTEGER_COUNT_BINARY_BRACKET,False,0.0006899187258602169,6013.371094035448,300.0020697561776,6.000041395123552,0.049888821978334996,5335.129165856298,9511.414315898377,0.0006899187258602169,201.86225747353578,0.002408952789900461,0.0024030092246725048,5.943565227929155e-06,116.76516187316955,6.3720197217518955,110.39314215141765,98,99,1.0965597628247157,0.46289256226560627,0.046596956213592305,0.046834092382293344,1.5,"two-level balanced square-array Darcy-Weisbach friction screen with one trunk and one lateral supply-return pair; uniform module flow is prescribed and fittings, valves, heat exchangers and site-specific manifolds are excluded",29.47567715724048,0.0005895135431448096,"frictional energy for the modeled packed bed plus the registered balanced on-array trunk-and-lateral header screen; fittings, valves, heat exchangers, external piping and pump efficiency excluded",True,"parallel modular packed zones; discrete unit count, bed friction and a geometry-normalized on-array header-friction screen are included. Tank shells, fittings, valves, heat exchangers, site-specific trunk routing, flow maldistribution and balance of plant are excluded. Hydraulic values are screening metrics, not installed-pump specifications.",G0213_T1_homogeneous_none__AIP_FLINAK_2017_V10,1.0,0.8772478102597726,1.0287554650391975,2048,15.606568993565078,0.6217941364942041,116.76757082595945,0.002063032375222547,48471.336741304236,False,"Extrapolative model-domain sensitivity with diameter and height scaled together and nominal mass flow scaled with cross-sectional area to preserve superficial velocity. Shell stress, manifolds, valves, heat exchangers, installation count, cost and EPC feasibility are not solved.",False,False,False,False,True
S50MW_6H,50.0,6.0,300.0,G0213_T1_homogeneous_none__AIP_FLINAK_2017_V10__MODULE_SCALE_2,G0213,T1_homogeneous_none,AIP_FLINAK_2017_V10,FLiNaK (LiF-NaF-KF),homogeneous,none,Tier_3_hypothetical_common_skeleton,False,1211,801,1222,1211,1211,16018,0.05,True,0.4392360806086055,41.28819157720892,0.6613912320227611,0.9567416448387842,0.9650402290137453,0.24777475647394942,0.9,"time integral of positive outlet enthalpy flow following the simulated charge end state, with linear within-step interpolation at the registered outlet-grade threshold",True,0.9999999999999485,True,525.0,run-wise frozen at the registered transport-property temperature,5.596832994807616,5.596832994807616,1.0,0.0,0.0,0.0,6.503811599195677,0.0,12,binary_monotone_bracket_with_adjacent_verification,MINIMAL_INTEGER_COUNT_BINARY_BRACKET,False,0.018410029984261556,6023.94159435585,300.0552300899528,6.001104601799056,0.04980127966066037,5344.50743033976,9528.1337909651,0.018410029984261556,51.19644040965849,0.009642551991672396,0.009595170194800336,4.7381796871384924e-05,46.410919249833434,4.515376891674844,41.895542358158586,34,36,2.1931195256494314,0.46289256226560627,0.07869409644345977,0.0798103805174475,1.5,"two-level balanced square-array Darcy-Weisbach friction screen with one trunk and one lateral supply-return pair; uniform module flow is prescribed and fittings, valves, heat exchangers and site-specific manifolds are excluded",11.717958020790944,0.00023435916041581888,"frictional energy for the modeled packed bed plus the registered balanced on-array trunk-and-lateral header screen; fittings, valves, heat exchangers, external piping and pump efficiency excluded",True,"parallel modular packed zones; discrete unit count, bed friction and a geometry-normalized on-array header-friction screen are included. Tank shells, fittings, valves, heat exchangers, site-specific trunk routing, flow maldistribution and balance of plant are excluded. Hydraulic values are screening metrics, not installed-pump specifications.",G0213_T1_homogeneous_none__AIP_FLINAK_2017_V10,2.0,1.7544956205195452,2.057510930078395,4096,62.426275974260314,4.974353091953633,46.42056180182511,0.020772157029976493,4813.136531689466,True,"Extrapolative model-domain sensitivity with diameter and height scaled together and nominal mass flow scaled with cross-sectional area to preserve superficial velocity. Shell stress, manifolds, valves, heat exchangers, installation count, cost and EPC feasibility are not solved.",False,False,False,True,True
S50MW_6H,50.0,6.0,300.0,G0213_T1_homogeneous_none__AIP_FLINAK_2017_V10__MODULE_SCALE_4,G0213,T1_homogeneous_none,AIP_FLINAK_2017_V10,FLiNaK (LiF-NaF-KF),homogeneous,none,Tier_3_hypothetical_common_skeleton,False,201,201,151,151,151,4004,0.05,True,2.6463427543135385,248.75621890547265,0.996199977586522,0.969329985483088,0.96938904452835,1.9911305432893438,0.9,"time integral of positive outlet enthalpy flow following the simulated charge end state, with linear within-step interpolation at the registered outlet-grade threshold",True,0.9999999999996656,True,525.0,run-wise frozen at the registered transport-property temperature,7.431512619617645,7.431512619617645,1.0,0.0,0.0,0.0,6.503811599195677,0.0,1,binary_monotone_bracket_with_adjacent_verification,MINIMAL_INTEGER_COUNT_BINARY_BRACKET,False,33.40574640038603,7998.759771861442,400.21723920115807,8.00434478402316,0.03750581447080828,7096.587900897055,12651.725132842179,33.40574640038603,0.38145176661057434,0.029119843225651778,0.028904853497276436,0.00021498972837804927,24.592418246589986,3.882523241874132,20.709895004715854,14,15,4.386239051298863,0.46289256226560627,0.12216482909055149,0.12645261167750177,1.5,"two-level balanced square-array Darcy-Weisbach friction screen with one trunk and one lateral supply-return pair; uniform module flow is prescribed and fittings, valves, heat exchangers and site-specific manifolds are excluded",6.215223137011269,0.00012430446274022536,"frictional energy for the modeled packed bed plus the registered balanced on-array trunk-and-lateral header screen; fittings, valves, heat exchangers, external piping and pump efficiency excluded",True,"parallel modular packed zones; discrete unit count, bed friction and a geometry-normalized on-array header-friction screen are included. Tank shells, fittings, valves, heat exchangers, site-specific trunk routing, flow maldistribution and balance of plant are excluded. Hydraulic values are screening metrics, not installed-pump specifications.",G0213_T1_homogeneous_none__AIP_FLINAK_2017_V10,4.0,3.5089912410390904,4.11502186015679,8192,249.70510389704125,39.794824735629064,24.621538089815637,0.11826979744087068,844.5244040643197,True,"Extrapolative model-domain sensitivity with diameter and height scaled together and nominal mass flow scaled with cross-sectional area to preserve superficial velocity. Shell stress, manifolds, valves, heat exchangers, installation count, cost and EPC feasibility are not solved.",False,True,True,True,True
S50MW_6H,50.0,6.0,300.0,G0212_T1_homogeneous_none__AIP_FLINAK_2017_V10__MODULE_SCALE_1,G0212,T1_homogeneous_none,AIP_FLINAK_2017_V10,FLiNaK (LiF-NaF-KF),homogeneous,none,Tier_3_hypothetical_common_skeleton,False,7498,2451,7691,7498,7498,49012,0.05,True,0.07094090338984012,6.668444918644972,0.32683725379830114,0.9486996177673707,0.9731777208670824,0.040015454731287856,0.9,"time integral of positive outlet enthalpy flow following the simulated charge end state, with linear within-step interpolation at the registered outlet-grade threshold",True,0.999999999999941,True,525.0,run-wise frozen at the registered transport-property temperature,5.549959330280765,5.549959330280765,1.0,0.0,0.0,0.0,6.106190167527984,0.0,17,binary_monotone_bracket_with_adjacent_verification,MINIMAL_INTEGER_COUNT_BINARY_BRACKET,False,0.011959858398791212,5913.734136276972,300.03587957519636,6.0007175915039275,0.050729368802647404,6345.904200602564,7928.713475869238,0.011959858398791212,205.96267358711907,0.002043263971950516,0.002036230774169295,7.033197781266771e-06,94.85606238777176,5.5523965404410704,89.30366584733069,86,88,1.0867857999298889,0.46289256226560627,0.04986170338633362,0.05014744614618238,1.5,"two-level balanced square-array Darcy-Weisbach friction screen with one trunk and one lateral supply-return pair; uniform module flow is prescribed and fittings, valves, heat exchangers and site-specific manifolds are excluded",23.94506349802907,0.0004789012699605814,"frictional energy for the modeled packed bed plus the registered balanced on-array trunk-and-lateral header screen; fittings, valves, heat exchangers, external piping and pump efficiency excluded",True,"parallel modular packed zones; discrete unit count, bed friction and a geometry-normalized on-array header-friction screen are included. Tank shells, fittings, valves, heat exchangers, site-specific trunk routing, flow maldistribution and balance of plant are excluded. Hydraulic values are screening metrics, not installed-pump specifications.",G0212_T1_homogeneous_none__AIP_FLINAK_2017_V10,1.0,0.8694286399439112,1.3284909313374968,2048,20.40295235977054,0.7887082070254697,94.85810565174371,0.0021540214807283116,46423.79236845321,False,"Extrapolative model-domain sensitivity with diameter and height scaled together and nominal mass flow scaled with cross-sectional area to preserve superficial velocity. Shell stress, manifolds, valves, heat exchangers, installation count, cost and EPC feasibility are not solved.",False,False,False,False,True
S50MW_6H,50.0,6.0,300.0,G0212_T1_homogeneous_none__AIP_FLINAK_2017_V10__MODULE_SCALE_2,G0212,T1_homogeneous_none,AIP_FLINAK_2017_V10,FLiNaK (LiF-NaF-KF),homogeneous,none,Tier_3_hypothetical_common_skeleton,False,940,613,947,940,940,12253,0.05,True,0.565866908103214,53.191489361702125,0.6517621619626761,0.963581309581047,0.9710548345133202,0.3194253213067391,0.9,"time integral of positive outlet enthalpy flow following the simulated charge end state, with linear within-step interpolation at the registered outlet-grade threshold",True,0.9999999999999183,True,525.0,run-wise frozen at the registered transport-property temperature,5.565878410200303,5.565878410200303,1.0,0.0,0.0,0.0,6.106190167527984,0.0,12,binary_monotone_bracket_with_adjacent_verification,MINIMAL_INTEGER_COUNT_BINARY_BRACKET,False,0.08660067611159228,5931.085716831532,300.2598020283348,6.0051960405666955,0.05058095841519285,6364.523818155679,7951.977239068641,0.08660067611159228,53.430201745474484,0.008177031714512605,0.008121094864213788,5.593685029928327e-05,38.025922474277394,3.9616378776064463,34.06428459667095,30,32,2.1735715998597778,0.46289256226560627,0.08406149756327312,0.08540656693089513,1.5,"two-level balanced square-array Darcy-Weisbach friction screen with one trunk and one lateral supply-return pair; uniform module flow is prescribed and fittings, valves, heat exchangers and site-specific manifolds are excluded",9.600960524184694,0.00019201921048369388,"frictional energy for the modeled packed bed plus the registered balanced on-array trunk-and-lateral header screen; fittings, valves, heat exchangers, external piping and pump efficiency excluded",True,"parallel modular packed zones; discrete unit count, bed friction and a geometry-normalized on-array header-friction screen are included. Tank shells, fittings, valves, heat exchangers, site-specific trunk routing, flow maldistribution and balance of plant are excluded. Hydraulic values are screening metrics, not installed-pump specifications.",G0212_T1_homogeneous_none__AIP_FLINAK_2017_V10,2.0,1.7388572798878223,2.6569818626749937,4096,81.61180943908217,6.309665656203758,38.034099505991904,0.021499212077373864,4650.333250730695,True,"Extrapolative model-domain sensitivity with diameter and height scaled together and nominal mass flow scaled with cross-sectional area to preserve superficial velocity. Shell stress, manifolds, valves, heat exchangers, installation count, cost and EPC feasibility are not solved.",False,False,True,True,True
S50MW_6H,50.0,6.0,300.0,G0212_T1_homogeneous_none__AIP_FLINAK_2017_V10__MODULE_SCALE_4,G0212,T1_homogeneous_none,AIP_FLINAK_2017_V10,FLiNaK (LiF-NaF-KF),homogeneous,none,Tier_3_hypothetical_common_skeleton,False,154,154,118,118,118,3063,0.05,True,3.453992815694943,324.6753246753247,0.99457213026772,0.9741795298265364,0.9742521554674547,2.563816556867828,0.9,"time integral of positive outlet enthalpy flow following the simulated charge end state, with linear within-step interpolation at the registered outlet-grade threshold",True,0.9999999999999066,True,525.0,run-wise frozen at the registered transport-property temperature,7.294951298244812,7.294951298244812,1.0,0.0,0.0,0.0,6.106190167527984,0.0,1,binary_monotone_bracket_with_adjacent_verification,MINIMAL_INTEGER_COUNT_BINARY_BRACKET,False,31.609249919215166,7773.50808844303,394.8277497576455,7.89655499515291,0.03859261437522831,8341.588663795528,10422.165913332516,31.609249919215166,0.5457492289492327,0.02504566838367837,0.024785159650520684,0.00026050873315717956,20.09420928743251,3.3894007192321536,16.704808568200356,12,13,4.3471431997195555,0.46289256226560627,0.1292142660897113,0.13449047218246085,1.5,"two-level balanced square-array Darcy-Weisbach friction screen with one trunk and one lateral supply-return pair; uniform module flow is prescribed and fittings, valves, heat exchangers and site-specific manifolds are excluded",5.078710291967536,0.00010157420583935072,"frictional energy for the modeled packed bed plus the registered balanced on-array trunk-and-lateral header screen; fittings, valves, heat exchangers, external piping and pump efficiency excluded",True,"parallel modular packed zones; discrete unit count, bed friction and a geometry-normalized on-array header-friction screen are included. Tank shells, fittings, valves, heat exchangers, site-specific trunk routing, flow maldistribution and balance of plant are excluded. Hydraulic values are screening metrics, not installed-pump specifications.",G0212_T1_homogeneous_none__AIP_FLINAK_2017_V10,4.0,3.4777145597756447,5.313963725349987,8192,326.44723775632866,50.47732524963006,20.11925495581619,0.12448606292171881,802.3027766560783,True,"Extrapolative model-domain sensitivity with diameter and height scaled together and nominal mass flow scaled with cross-sectional area to preserve superficial velocity. Shell stress, manifolds, valves, heat exchangers, installation count, cost and EPC feasibility are not solved.",False,True,True,True,True
S50MW_6H,50.0,6.0,300.0,G0161_T1_homogeneous_none__AIP_FLINAK_2017_V10__MODULE_SCALE_1,G0161,T1_homogeneous_none,AIP_FLINAK_2017_V10,FLiNaK (LiF-NaF-KF),homogeneous,none,Tier_3_hypothetical_common_skeleton,False,4824,2792,4887,4824,4824,55831,0.05,True,0.11026428142973077,10.364842454394694,0.578688982641738,0.9532814145667227,0.9656606250884823,0.06219436362925277,0.9,"time integral of positive outlet enthalpy flow following the simulated charge end state, with linear within-step interpolation at the registered outlet-grade threshold",True,0.999999999995019,True,525.0,run-wise frozen at the registered transport-property temperature,5.592980838987844,5.592980838987844,1.0,0.0,0.0,0.0,5.1550807967295205,0.0,14,binary_monotone_bracket_with_adjacent_verification,MINIMAL_INTEGER_COUNT_BINARY_BRACKET,False,0.008536715838447506,6017.406304392646,300.02561014751535,6.000512202950307,0.049855367050917435,5376.997169536964,9468.155697797209,0.008536715838447506,72.80439579736952,0.0034376908144170405,0.00342668318962212,1.1007624794771435e-05,85.29665870832136,5.720692466780335,79.57596624154101,69,70,1.3876824817744169,0.46289256226560627,0.055360639522543775,0.055760360522215315,1.5,"two-level balanced square-array Darcy-Weisbach friction screen with one trunk and one lateral supply-return pair; uniform module flow is prescribed and fittings, valves, heat exchangers and site-specific manifolds are excluded",21.532332009286343,0.00043064664018572683,"frictional energy for the modeled packed bed plus the registered balanced on-array trunk-and-lateral header screen; fittings, valves, heat exchangers, external piping and pump efficiency excluded",True,"parallel modular packed zones; discrete unit count, bed friction and a geometry-normalized on-array header-friction screen are included. Tank shells, fittings, valves, heat exchangers, site-specific trunk routing, flow maldistribution and balance of plant are excluded. Hydraulic values are screening metrics, not installed-pump specifications.",G0161_T1_homogeneous_none__AIP_FLINAK_2017_V10,1.0,1.1101459854195335,1.2887004219486196,2048,17.910903378665996,1.2473893665822235,85.30009639913578,0.004030113633554896,24812.196126132963,False,"Extrapolative model-domain sensitivity with diameter and height scaled together and nominal mass flow scaled with cross-sectional area to preserve superficial velocity. Shell stress, manifolds, valves, heat exchangers, installation count, cost and EPC feasibility are not solved.",False,False,False,True,True
S50MW_6H,50.0,6.0,300.0,G0161_T1_homogeneous_none__AIP_FLINAK_2017_V10__MODULE_SCALE_2,G0161,T1_homogeneous_none,AIP_FLINAK_2017_V10,FLiNaK (LiF-NaF-KF),homogeneous,none,Tier_3_hypothetical_common_skeleton,False,698,698,603,603,603,13957,0.05,True,0.7620557215143571,71.63323782234957,0.9998551763122292,0.9668749339378819,0.9668775054839809,0.49818190448020405,0.9,"time integral of positive outlet enthalpy flow following the simulated charge end state, with linear within-step interpolation at the registered outlet-grade threshold",True,0.9999999999842295,True,525.0,run-wise frozen at the registered transport-property temperature,6.473773295840787,6.473773295840787,1.0,0.0,0.0,0.0,5.1550807967295205,0.0,1,binary_monotone_bracket_with_adjacent_verification,MINIMAL_INTEGER_COUNT_BINARY_BRACKET,False,15.910323109060819,6965.4222229951365,347.73096932718244,6.954619386543649,0.04306989445802752,6224.119443344612,10959.82201834569,15.910323109060819,0.014484466470943147,0.011906924715732056,0.011841203228322984,6.572148740982496e-05,38.58036554567614,4.438926085703121,34.14143945997302,26,27,2.7753649635488338,0.46289256226560627,0.08933860469182751,0.09104044531957103,1.5,"two-level balanced square-array Darcy-Weisbach friction screen with one trunk and one lateral supply-return pair; uniform module flow is prescribed and fittings, valves, heat exchangers and site-specific manifolds are excluded",9.741860313228653,0.00019483720626457308,"frictional energy for the modeled packed bed plus the registered balanced on-array trunk-and-lateral header screen; fittings, valves, heat exchangers, external piping and pump efficiency excluded",True,"parallel modular packed zones; discrete unit count, bed friction and a geometry-normalized on-array header-friction screen are included. Tank shells, fittings, valves, heat exchangers, site-specific trunk routing, flow maldistribution and balance of plant are excluded. Hydraulic values are screening metrics, not installed-pump specifications.",G0161_T1_homogeneous_none__AIP_FLINAK_2017_V10,2.0,2.220291970839067,2.577400843897239,4096,71.64361351466398,9.979114932657788,38.59227247039187,0.03085313186692256,3240.1620457633135,True,"Extrapolative model-domain sensitivity with diameter and height scaled together and nominal mass flow scaled with cross-sectional area to preserve superficial velocity. Shell stress, manifolds, valves, heat exchangers, installation count, cost and EPC feasibility are not solved.",False,False,True,True,True
S50MW_6H,50.0,6.0,300.0,G0161_T1_homogeneous_none__AIP_FLINAK_2017_V10__MODULE_SCALE_4,G0161,T1_homogeneous_none,AIP_FLINAK_2017_V10,FLiNaK (LiF-NaF-KF),homogeneous,none,Tier_3_hypothetical_common_skeleton,False,175,175,75,75,75,3489,0.05,True,3.03951367781155,285.7142857142857,0.9969984472370513,0.9765323749103982,0.9765703560916963,4.025409027284337,0.9,"time integral of positive outlet enthalpy flow following the simulated charge end state, with linear within-step interpolation at the registered outlet-grade threshold",True,0.9999999999679328,True,525.0,run-wise frozen at the registered transport-property temperature,12.984287460962415,12.984287460962415,1.0,0.0,0.0,0.0,5.1550807967295205,0.0,1,binary_monotone_bracket_with_adjacent_verification,MINIMAL_INTEGER_COUNT_BINARY_BRACKET,False,134.81552659158632,13970.760905720903,704.446579774759,14.08893159549518,0.02147341880835944,12483.907192954808,21982.451039661843,134.81552659158632,0.3010589205295844,0.02374543538330716,0.023614742438194367,0.00013069294511024727,28.164015996467747,4.587421453128293,23.576594543339457,13,14,5.5507299270976675,0.46289256226560627,0.12616324605414178,0.13092578789553053,1.5,"two-level balanced square-array Darcy-Weisbach friction screen with one trunk and one lateral supply-return pair; uniform module flow is prescribed and fittings, valves, heat exchangers and site-specific manifolds are excluded",7.115446094095187,0.00014230892188190375,"frictional energy for the modeled packed bed plus the registered balanced on-array trunk-and-lateral header screen; fittings, valves, heat exchangers, external piping and pump efficiency excluded",True,"parallel modular packed zones; discrete unit count, bed friction and a geometry-normalized on-array header-friction screen are included. Tank shells, fittings, valves, heat exchangers, site-specific trunk routing, flow maldistribution and balance of plant are excluded. Hydraulic values are screening metrics, not installed-pump specifications.",G0161_T1_homogeneous_none__AIP_FLINAK_2017_V10,4.0,4.440583941678134,5.154801687794478,8192,286.57445405865593,79.8329194612623,28.187761431851055,0.08424023113973059,1186.0812632758384,True,"Extrapolative model-domain sensitivity with diameter and height scaled together and nominal mass flow scaled with cross-sectional area to preserve superficial velocity. Shell stress, manifolds, valves, heat exchangers, installation count, cost and EPC feasibility are not solved.",False,True,True,True,True
