scenario_id,target_thermal_power_MW,storage_duration_h,required_energy_MWh,design_id,base_design_id,topology_id,fluid_model_id,fluid_name,topology,gradient_orientation,pair_evidence_tier,engineering_deployment_eligible,parallel_unit_count,power_limited_unit_count,nominal_energy_limited_unit_count,resolved_energy_limited_unit_count,projected_required_unit_count,maximum_resolvable_unit_count,minimum_resolved_to_nominal_duty_ratio,service_closure_solver_feasible,resolved_unit_mass_flow_kg_s,resolved_unit_thermal_power_kW,resolved_to_nominal_unit_duty_ratio,nominal_high_grade_discharge_fraction,resolved_high_grade_discharge_fraction,resolved_unit_deliverable_energy_MWh,minimum_outlet_grade_fraction,deliverable_energy_definition,cycle_coupled_discharge,charge_final_inventory_fraction,threshold_crossing_interpolation_used,transport_property_temperature_C,transport_property_treatment,resolved_charge_t90_h,resolved_discharge_t90_h,charge_discharge_t90_ratio,charge_discharge_t90_asymmetry_pct,charge_discharge_wall_loss_difference_percentage_point,surface_heat_transfer_coefficient_W_m2K,external_area_to_packed_volume_ratio_m1,wall_loss_W_m3K,service_solver_evaluations,service_count_search_method,service_closure_status,adjacent_lower_count_feasible,service_capacity_closure_error_pct,installed_packed_volume_m3,installed_high_grade_capacity_MWh,resolved_high_grade_duration_h,service_compactness_MWh_m3,salt_inventory_t,solid_inventory_t,capacity_oversize_pct,nominal_power_margin_pct,unit_bed_pressure_drop_kPa,unit_viscous_pressure_drop_kPa,unit_inertial_pressure_drop_kPa,header_pressure_drop_kPa,header_trunk_pressure_drop_kPa,header_lateral_pressure_drop_kPa,header_array_rows,header_array_max_columns,header_module_pitch_m,header_trunk_diameter_m,header_lateral_diameter_min_m,header_lateral_diameter_max_m,header_design_velocity_m_s,header_hydraulic_model,system_pump_power_kW,pump_energy_fraction,pump_energy_definition,service_admissible,model_scope,epsilon_box_installed_packed_volume_m3,epsilon_box_salt_inventory_t,epsilon_box_pump_energy_fraction,epsilon_box_capacity_oversize_pct,epsilon_box_centre_distance,pareto_scope,decision_precision_multiplier,decision_width_installed_packed_volume_m3,decision_width_salt_inventory_t,decision_width_pump_energy_fraction,decision_width_capacity_oversize_pct
S10MW_8H,10.0,8.0,80.0,G0024_T1_homogeneous_none__SOLAR_SALT_60_40_V10,G0024,T1_homogeneous_none,SOLAR_SALT_60_40_V10,Solar Salt (NaNO3-KNO3 60:40 wt%),homogeneous,none,Tier_2_unit_pair_partial,False,936,440,958,936,936,8795,0.05,True,0.13935642971056786,10.683760683760683,0.46986089892111776,0.9285822479490898,0.9506444567182577,0.08552264065427653,0.9,"time integral of positive outlet enthalpy flow following the simulated charge end state, with linear within-step interpolation at the registered outlet-grade threshold",True,0.999999999988385,True,525.0,run-wise frozen at the registered transport-property temperature,7.578945260750186,7.578945260750186,1.0,0.0,0.0,0.0,4.536043793329511,0.0,12,binary_monotone_bracket_with_adjacent_verification,MINIMAL_INTEGER_COUNT_BINARY_BRACKET,False,0.06148956550353635,1905.0312455320156,80.04919165240283,8.004919165240283,0.04199406187569302,1406.6359224877824,3016.213638952786,0.06148956550353635,112.82894624689428,0.0008370873549463727,0.0008129564406414618,2.4130914304942382e-05,34.51895713692514,3.6262405947906693,30.89271654213447,30,32,1.4030196498438297,0.25109394400626084,0.04569610260147964,0.046427286670413195,1.5,"two-level balanced square-array Darcy-Weisbach friction screen with one trunk and one lateral supply-return pair; uniform module flow is prescribed and fittings, valves, heat exchangers and site-specific manifolds are excluded",2.564022401732844,0.0002564022401732844,"frictional energy for the modeled packed bed plus the registered balanced on-array trunk-and-lateral header screen; fittings, valves, heat exchangers, external piping and pump efficiency excluded",True,"parallel modular packed zones; discrete unit count, bed friction and a geometry-normalized on-array header-friction screen are included. Tank shells, fittings, valves, heat exchangers, site-specific trunk routing, flow maldistribution and balance of plant are excluded. Hydraulic values are screening metrics, not installed-pump specifications.",38,2,0,0,0.2971691189804357,decision_resolution_fixed_service_front,1.0,8.907747863723664,8.821019379295336,9.382408474833855e-06,0.1
S10MW_8H,10.0,8.0,80.0,G0121_T1_homogeneous_none__AIP_FLINAK_2017_V10,G0121,T1_homogeneous_none,AIP_FLINAK_2017_V10,FLiNaK (LiF-NaF-KF),homogeneous,none,Tier_3_hypothetical_common_skeleton,False,793,697,795,793,793,13934,0.05,True,0.13415255828928657,12.610340479192939,0.8786062906438845,0.9757044793619314,0.9779479198295183,0.10093990667102942,0.9,"time integral of positive outlet enthalpy flow following the simulated charge end state, with linear within-step interpolation at the registered outlet-grade threshold",True,0.9999999999999698,True,525.0,run-wise frozen at the registered transport-property temperature,7.366987473821022,7.366987473821022,1.0,0.0,0.0,0.0,4.599494081014933,0.0,10,binary_monotone_bracket_with_adjacent_verification,MINIMAL_INTEGER_COUNT_BINARY_BRACKET,False,0.05668248765791084,1574.8027661938106,80.04534599012634,8.004534599012633,0.050800012368123065,1600.297758900529,2227.538953430111,0.05668248765791084,13.816621921424254,0.005000967646524823,0.004981474176004985,1.949347051989476e-05,58.02446200394203,6.228413990300058,51.796048013641965,28,29,1.3702208113233216,0.20701184710098994,0.03889892706120201,0.03958745709947095,1.5,"two-level balanced square-array Darcy-Weisbach friction screen with one trunk and one lateral supply-return pair; uniform module flow is prescribed and fittings, valves, heat exchangers and site-specific manifolds are excluded",2.9296793691255254,0.0002929679369125525,"frictional energy for the modeled packed bed plus the registered balanced on-array trunk-and-lateral header screen; fittings, valves, heat exchangers, external piping and pump efficiency excluded",True,"parallel modular packed zones; discrete unit count, bed friction and a geometry-normalized on-array header-friction screen are included. Tank shells, fittings, valves, heat exchangers, site-specific trunk routing, flow maldistribution and balance of plant are excluded. Hydraulic values are screening metrics, not installed-pump specifications.",1,24,4,0,0.33933695645237616,decision_resolution_fixed_service_front,1.0,8.907747863723664,8.821019379295336,9.382408474833855e-06,0.1
S10MW_8H,10.0,8.0,80.0,G0161_T1_homogeneous_none__SOLAR_SALT_60_40_V10,G0161,T1_homogeneous_none,SOLAR_SALT_60_40_V10,Solar Salt (NaNO3-KNO3 60:40 wt%),homogeneous,none,Tier_2_unit_pair_partial,False,1506,559,1545,1506,1506,11166,0.05,True,0.08661196428226528,6.6401062416998675,0.37072983429797396,0.9403330350789846,0.9646437542687526,0.05313621111953242,0.9,"time integral of positive outlet enthalpy flow following the simulated charge end state, with linear within-step interpolation at the registered outlet-grade threshold",True,0.9999999999896492,True,525.0,run-wise frozen at the registered transport-property temperature,7.466410740436332,7.466410740436332,1.0,0.0,0.0,0.0,5.1550807967295205,0.0,13,binary_monotone_bracket_with_adjacent_verification,MINIMAL_INTEGER_COUNT_BINARY_BRACKET,False,0.028917432519781627,1878.5683860728286,80.02313394601583,8.002313394601583,0.04258562030166015,1398.962645860114,2955.854577297387,0.028917432519781627,169.7382048827099,0.0006002054590130535,0.0005920559573440636,8.149501668988638e-06,48.85053637815798,4.502046899341439,44.34848947881654,38,40,1.3876824817744169,0.25109394400626084,0.04040694866764357,0.040921707619451554,1.5,"two-level balanced square-array Darcy-Weisbach friction screen with one trunk and one lateral supply-return pair; uniform module flow is prescribed and fittings, valves, heat exchangers and site-specific manifolds are excluded",3.628509710593939,0.00036285097105939393,"frictional energy for the modeled packed bed plus the registered balanced on-array trunk-and-lateral header screen; fittings, valves, heat exchangers, external piping and pump efficiency excluded",True,"parallel modular packed zones; discrete unit count, bed friction and a geometry-normalized on-array header-friction screen are included. Tank shells, fittings, valves, heat exchangers, site-specific trunk routing, flow maldistribution and balance of plant are excluded. Hydraulic values are screening metrics, not installed-pump specifications.",35,1,11,0,0.390295157604751,decision_resolution_fixed_service_front,1.0,8.907747863723664,8.821019379295336,9.382408474833855e-06,0.1
S10MW_8H,10.0,8.0,80.0,G0024_T1_homogeneous_none__AIP_FLINAK_2017_V10,G0024,T1_homogeneous_none,AIP_FLINAK_2017_V10,FLiNaK (LiF-NaF-KF),homogeneous,none,Tier_3_hypothetical_common_skeleton,False,795,440,808,795,795,8795,0.05,True,0.13381506757660913,12.578616352201259,0.5531947187297689,0.9429714783221642,0.9582656456408986,0.10066039352032578,0.9,"time integral of positive outlet enthalpy flow following the simulated charge end state, with linear within-step interpolation at the registered outlet-grade threshold",True,0.9999999999870753,True,525.0,run-wise frozen at the registered transport-property temperature,7.516521522917912,7.516521522917912,1.0,0.0,0.0,0.0,4.536043793329511,0.0,12,binary_monotone_bracket_with_adjacent_verification,MINIMAL_INTEGER_COUNT_BINARY_BRACKET,False,0.031266060823753605,1618.0553848268723,80.025012848659,8.0025012848659,0.04944206530270272,1433.5879645192274,2561.848122828488,0.031266060823753605,80.76817549816344,0.003567489966664395,0.0035489470337044856,1.8542932959810237e-05,59.49547260189064,6.373735391876612,53.121737210014025,28,29,1.4030196498438297,0.20701184710098994,0.03884996678118072,0.039537630198542006,1.5,"two-level balanced square-array Darcy-Weisbach friction screen with one trunk and one lateral supply-return pair; uniform module flow is prescribed and fittings, valves, heat exchangers and site-specific manifolds are excluded",3.003872538424683,0.00030038725384246825,"frictional energy for the modeled packed bed plus the registered balanced on-array trunk-and-lateral header screen; fittings, valves, heat exchangers, external piping and pump efficiency excluded",True,"parallel modular packed zones; discrete unit count, bed friction and a geometry-normalized on-array header-friction screen are included. Tank shells, fittings, valves, heat exchangers, site-specific trunk routing, flow maldistribution and balance of plant are excluded. Hydraulic values are screening metrics, not installed-pump specifications.",6,5,5,0,0.4725572311473769,decision_resolution_fixed_service_front,1.0,8.907747863723664,8.821019379295336,9.382408474833855e-06,0.1
S10MW_8H,10.0,8.0,80.0,G0045_T1_homogeneous_none__AIP_FLINAK_2017_V10,G0045,T1_homogeneous_none,AIP_FLINAK_2017_V10,FLiNaK (LiF-NaF-KF),homogeneous,none,Tier_3_hypothetical_common_skeleton,False,1470,592,1500,1470,1470,11821,0.05,True,0.07236937328122738,6.802721088435374,0.4020971812977028,0.954100447484898,0.9732915407252434,0.054429476198491776,0.9,"time integral of positive outlet enthalpy flow following the simulated charge end state, with linear within-step interpolation at the registered outlet-grade threshold",True,0.9999999999999413,True,525.0,run-wise frozen at the registered transport-property temperature,7.3993043643454595,7.3993043643454595,1.0,0.0,0.0,0.0,5.592599324722605,0.0,13,binary_monotone_bracket_with_adjacent_verification,MINIMAL_INTEGER_COUNT_BINARY_BRACKET,False,0.01416251472865504,1590.824769690164,80.01133001178292,8.001133001178292,0.05028837966583909,1446.0358397679063,2471.315130750143,0.01416251472865504,148.69609798622906,0.004324629525122299,0.004311560411324549,1.3069113797656316e-05,77.35945512402239,6.976918919637376,70.38253620438502,38,39,1.1403680906306226,0.20701184710098994,0.03328344958498651,0.03371854582413271,1.5,"two-level balanced square-array Darcy-Weisbach friction screen with one trunk and one lateral supply-return pair; uniform module flow is prescribed and fittings, valves, heat exchangers and site-specific manifolds are excluded",3.9057929860992924,0.0003905792986099292,"frictional energy for the modeled packed bed plus the registered balanced on-array trunk-and-lateral header screen; fittings, valves, heat exchangers, external piping and pump efficiency excluded",True,"parallel modular packed zones; discrete unit count, bed friction and a geometry-normalized on-array header-friction screen are included. Tank shells, fittings, valves, heat exchangers, site-specific trunk routing, flow maldistribution and balance of plant are excluded. Hydraulic values are screening metrics, not installed-pump specifications.",3,6,14,0,0.5061411265126159,decision_resolution_fixed_service_front,1.0,8.907747863723664,8.821019379295336,9.382408474833855e-06,0.1
S10MW_8H,10.0,8.0,80.0,G0212_T1_homogeneous_none__AIP_FLINAK_2017_V10,G0212,T1_homogeneous_none,AIP_FLINAK_2017_V10,FLiNaK (LiF-NaF-KF),homogeneous,none,Tier_3_hypothetical_common_skeleton,False,1990,491,2051,1990,1990,9802,0.05,True,0.053458783278092586,5.025125628140704,0.24629404311353387,0.9486996177673707,0.9781813327541381,0.04022119495803803,0.9,"time integral of positive outlet enthalpy flow following the simulated charge end state, with linear within-step interpolation at the registered outlet-grade threshold",True,0.9999999999999416,True,525.0,run-wise frozen at the registered transport-property temperature,7.3649100208443485,7.3649100208443485,1.0,0.0,0.0,0.0,6.106190167527984,0.0,14,binary_monotone_bracket_with_adjacent_verification,MINIMAL_INTEGER_COUNT_BINARY_BRACKET,False,0.05022245811958648,1569.5293319806847,80.04017796649568,8.004017796649567,0.05097069444318261,1684.229042304495,2104.313125764175,0.05022245811958648,306.0187519594338,0.0015384319278540426,0.0015344380245951186,3.993903258964159e-06,93.61182872567662,7.6658664685326725,85.94596225714396,44,46,1.0867857999298889,0.20701184710098994,0.03112969883651208,0.031473683851747675,1.5,"two-level balanced square-array Darcy-Weisbach friction screen with one trunk and one lateral supply-return pair; uniform module flow is prescribed and fittings, valves, heat exchangers and site-specific manifolds are excluded",4.726170748302189,0.00047261707483021894,"frictional energy for the modeled packed bed plus the registered balanced on-array trunk-and-lateral header screen; fittings, valves, heat exchangers, external piping and pump efficiency excluded",True,"parallel modular packed zones; discrete unit count, bed friction and a geometry-normalized on-array header-friction screen are included. Tank shells, fittings, valves, heat exchangers, site-specific trunk routing, flow maldistribution and balance of plant are excluded. Hydraulic values are screening metrics, not installed-pump specifications.",0,33,23,0,0.5245289216772493,decision_resolution_fixed_service_front,1.0,8.907747863723664,8.821019379295336,9.382408474833855e-06,0.1
S10MW_8H,10.0,8.0,80.0,G0130_T2_graded_two_layer_fine_hot__AIP_FLINAK_2017_V10,G0130,T2_graded_two_layer_fine_hot,AIP_FLINAK_2017_V10,FLiNaK (LiF-NaF-KF),graded_two_layer,fine_hot,Tier_3_hypothetical_common_skeleton,False,1967,474,2032,1967,1967,9467,0.05,True,0.05408387327066815,5.083884087442806,0.24064789962059047,0.9444546974251505,0.9757274190263049,0.04068727195598011,0.9,"time integral of positive outlet enthalpy flow following the simulated charge end state, with linear within-step interpolation at the registered outlet-grade threshold",True,0.9999999999999813,True,525.0,run-wise frozen at the registered transport-property temperature,7.3824797055803195,7.3824797055803195,1.0,0.0,0.0,0.0,6.751278253407882,0.0,14,binary_monotone_bracket_with_adjacent_verification,MINIMAL_INTEGER_COUNT_BINARY_BRACKET,False,0.03982992176612132,1583.9559816317662,80.0318639374129,8.00318639374129,0.05050645404778564,1500.9613170382768,2381.3374794294446,0.03982992176612132,315.5448693201215,0.00938397833689457,0.009353594136804727,3.0384200089701626e-05,72.82475115295274,6.047979460927429,66.77677169202532,44,45,0.8569848115564328,0.20701184710098994,0.030961312206808405,0.03131116864726759,1.5,"two-level balanced square-array Darcy-Weisbach friction screen with one trunk and one lateral supply-return pair; uniform module flow is prescribed and fittings, valves, heat exchangers and site-specific manifolds are excluded",3.6771090431547138,0.00036771090431547134,"frictional energy for the modeled packed bed plus the registered balanced on-array trunk-and-lateral header screen; fittings, valves, heat exchangers, external piping and pump efficiency excluded",True,"parallel modular packed zones; discrete unit count, bed friction and a geometry-normalized on-array header-friction screen are included. Tank shells, fittings, valves, heat exchangers, site-specific trunk routing, flow maldistribution and balance of plant are excluded. Hydraulic values are screening metrics, not installed-pump specifications.",2,12,12,0,0.5269711757797826,decision_resolution_fixed_service_front,1.0,8.907747863723664,8.821019379295336,9.382408474833855e-06,0.1
S10MW_8H,10.0,8.0,80.0,G0029_T2_graded_two_layer_fine_hot__AIP_FLINAK_2017_V10,G0029,T2_graded_two_layer_fine_hot,AIP_FLINAK_2017_V10,FLiNaK (LiF-NaF-KF),graded_two_layer,fine_hot,Tier_3_hypothetical_common_skeleton,False,906,638,912,906,906,12758,0.05,True,0.11742050631722323,11.037527593818984,0.7041271486920154,0.9665689360408222,0.9732667626757697,0.08833384797086061,0.9,"time integral of positive outlet enthalpy flow following the simulated charge end state, with linear within-step interpolation at the registered outlet-grade threshold",True,0.9999999999972189,True,525.0,run-wise frozen at the registered transport-property temperature,7.4013091945611125,7.4013091945611125,1.0,0.0,0.0,0.0,4.839838432496768,0.0,12,binary_monotone_bracket_with_adjacent_verification,MINIMAL_INTEGER_COUNT_BINARY_BRACKET,False,0.03808282699961918,1568.0269267484634,80.0304662615997,8.00304662615997,0.05101953202161641,1855.102594545155,1878.667133230385,0.03808282699961918,42.01980449945684,0.0020590147278710066,0.0020497537747034894,9.260953167597562e-06,60.558925038659034,6.290408204476317,54.26851683418271,30,31,1.291830173274739,0.20701184710098994,0.037669662482276066,0.03829234371576408,1.5,"two-level balanced square-array Darcy-Weisbach friction screen with one trunk and one lateral supply-return pair; uniform module flow is prescribed and fittings, valves, heat exchangers and site-specific manifolds are excluded",3.057485912665005,0.00030574859126650055,"frictional energy for the modeled packed bed plus the registered balanced on-array trunk-and-lateral header screen; fittings, valves, heat exchangers, external piping and pump efficiency excluded",True,"parallel modular packed zones; discrete unit count, bed friction and a geometry-normalized on-array header-friction screen are included. Tank shells, fittings, valves, heat exchangers, site-specific trunk routing, flow maldistribution and balance of plant are excluded. Hydraulic values are screening metrics, not installed-pump specifications.",0,53,5,0,0.5358565850477045,decision_resolution_fixed_service_front,1.0,8.907747863723664,8.821019379295336,9.382408474833855e-06,0.1
S10MW_8H,10.0,8.0,80.0,G0045_T1_homogeneous_none__SOLAR_SALT_60_40_V10,G0045,T1_homogeneous_none,SOLAR_SALT_60_40_V10,Solar Salt (NaNO3-KNO3 60:40 wt%),homogeneous,none,Tier_2_unit_pair_partial,False,1735,592,1782,1735,1735,11821,0.05,True,0.07518018340581643,5.763688760806916,0.3406817616758634,0.9413836629613392,0.9669361120676582,0.046118914015499876,0.9,"time integral of positive outlet enthalpy flow following the simulated charge end state, with linear within-step interpolation at the registered outlet-grade threshold",True,0.9999999999813604,True,525.0,run-wise frozen at the registered transport-property temperature,7.448203007364917,7.448203007364917,1.0,0.0,0.0,0.0,5.592599324722605,0.0,14,binary_monotone_bracket_with_adjacent_verification,MINIMAL_INTEGER_COUNT_BINARY_BRACKET,False,0.02039477111537291,1877.6061057227446,80.0163158168923,8.00163158168923,0.042607445595840614,1422.3610112179852,2916.8243209874136,0.02039477111537291,193.52906803136557,0.0010021336697182426,0.0009852099961390086,1.6923673579252624e-05,44.79828352392368,3.979156717665796,40.819126806257884,41,43,1.1403680906306226,0.25109394400626084,0.03906709728108852,0.03952944588673332,1.5,"two-level balanced square-array Darcy-Weisbach friction screen with one trunk and one lateral supply-return pair; uniform module flow is prescribed and fittings, valves, heat exchangers and site-specific manifolds are excluded",3.3275508904078337,0.0003327550890407834,"frictional energy for the modeled packed bed plus the registered balanced on-array trunk-and-lateral header screen; fittings, valves, heat exchangers, external piping and pump efficiency excluded",True,"parallel modular packed zones; discrete unit count, bed friction and a geometry-normalized on-array header-friction screen are included. Tank shells, fittings, valves, heat exchangers, site-specific trunk routing, flow maldistribution and balance of plant are excluded. Hydraulic values are screening metrics, not installed-pump specifications.",35,4,8,0,0.5419756987756439,decision_resolution_fixed_service_front,1.0,8.907747863723664,8.821019379295336,9.382408474833855e-06,0.1
S10MW_8H,10.0,8.0,80.0,G0225_T1_homogeneous_none__AIP_FLINAK_2017_V10,G0225,T1_homogeneous_none,AIP_FLINAK_2017_V10,FLiNaK (LiF-NaF-KF),homogeneous,none,Tier_3_hypothetical_common_skeleton,False,2590,374,2743,2590,2590,7470,0.05,True,0.04107450915961554,3.861003861003861,0.14421410498375117,0.9160615727675127,0.9699848850497783,0.030891932045600118,0.9,"time integral of positive outlet enthalpy flow following the simulated charge end state, with linear within-step interpolation at the registered outlet-grade threshold",True,1.000000000000018,True,525.0,run-wise frozen at the registered transport-property temperature,7.423844578949413,7.423844578949413,1.0,0.0,0.0,0.0,6.527849710655722,0.0,15,binary_monotone_bracket_with_adjacent_verification,MINIMAL_INTEGER_COUNT_BINARY_BRACKET,False,0.012629997630364542,1598.0461386004229,80.0101039981043,8.00101039981043,0.05006113282189988,1418.8602487353494,2526.277678430521,0.012629997630364542,593.4134494768535,0.0016766129787807883,0.001673265325192494,3.3476535882205927e-06,114.38888758969723,8.670984082531502,105.71790350716573,50,52,1.0829784480790143,0.20701184710098994,0.029048947819835327,0.029332358900098915,1.5,"two-level balanced square-array Darcy-Weisbach friction screen with one trunk and one lateral supply-return pair; uniform module flow is prescribed and fittings, valves, heat exchangers and site-specific manifolds are excluded",5.775129715249796,0.0005775129715249796,"frictional energy for the modeled packed bed plus the registered balanced on-array trunk-and-lateral header screen; fittings, valves, heat exchangers, external piping and pump efficiency excluded",True,"parallel modular packed zones; discrete unit count, bed friction and a geometry-normalized on-array header-friction screen are included. Tank shells, fittings, valves, heat exchangers, site-specific trunk routing, flow maldistribution and balance of plant are excluded. Hydraulic values are screening metrics, not installed-pump specifications.",4,3,34,0,0.5454178027545636,decision_resolution_fixed_service_front,1.0,8.907747863723664,8.821019379295336,9.382408474833855e-06,0.1
S10MW_8H,10.0,8.0,80.0,G0029_T1_homogeneous_none__AIP_FLINAK_2017_V10,G0029,T1_homogeneous_none,AIP_FLINAK_2017_V10,FLiNaK (LiF-NaF-KF),homogeneous,none,Tier_3_hypothetical_common_skeleton,False,904,638,910,904,904,12758,0.05,True,0.11768028619845602,11.061946902654867,0.7056849521183252,0.9696388127270474,0.9760268268458773,0.0885843518390106,0.9,"time integral of positive outlet enthalpy flow following the simulated charge end state, with linear within-step interpolation at the registered outlet-grade threshold",True,0.9999999999924555,True,525.0,run-wise frozen at the registered transport-property temperature,7.384970763669292,7.384970763669292,1.0,0.0,0.0,0.0,4.839838432496768,0.0,12,binary_monotone_bracket_with_adjacent_verification,MINIMAL_INTEGER_COUNT_BINARY_BRACKET,False,0.1003175780819765,1564.565498654096,80.08025406246558,8.008025406246558,0.05113240709246069,1851.0074453298232,1874.5199651658586,0.1003175780819765,41.70629499725052,0.0017531215476901151,0.001744207325819388,8.914221870738258e-06,60.49532300014114,6.303883468165947,54.1914395319752,30,31,1.291830173274739,0.20701184710098994,0.03771130944080229,0.03833467910040823,1.5,"two-level balanced square-array Darcy-Weisbach friction screen with one trunk and one lateral supply-return pair; uniform module flow is prescribed and fittings, valves, heat exchangers and site-specific manifolds are excluded",3.0542594525285227,0.00030542594525285224,"frictional energy for the modeled packed bed plus the registered balanced on-array trunk-and-lateral header screen; fittings, valves, heat exchangers, external piping and pump efficiency excluded",True,"parallel modular packed zones; discrete unit count, bed friction and a geometry-normalized on-array header-friction screen are included. Tank shells, fittings, valves, heat exchangers, site-specific trunk routing, flow maldistribution and balance of plant are excluded. Hydraulic values are screening metrics, not installed-pump specifications.",0,52,5,1,0.5470675651997224,decision_resolution_fixed_service_front,1.0,8.907747863723664,8.821019379295336,9.382408474833855e-06,0.1
S10MW_8H,10.0,8.0,80.0,G0121_T1_homogeneous_none__SOLAR_SALT_60_40_V10,G0121,T1_homogeneous_none,SOLAR_SALT_60_40_V10,Solar Salt (NaNO3-KNO3 60:40 wt%),homogeneous,none,Tier_2_unit_pair_partial,False,954,697,960,954,954,13934,0.05,True,0.13672706311225524,10.482180293501049,0.7303299669607973,0.9654850366335678,0.9714729822865782,0.08387524458682792,0.9,"time integral of positive outlet enthalpy flow following the simulated charge end state, with linear within-step interpolation at the registered outlet-grade threshold",True,0.9999999999911009,True,525.0,run-wise frozen at the registered transport-property temperature,7.413579380449497,7.413579380449497,1.0,0.0,0.0,0.0,4.599494081014933,0.0,12,binary_monotone_bracket_with_adjacent_verification,MINIMAL_INTEGER_COUNT_BINARY_BRACKET,False,0.021229169792280622,1894.5294312091996,80.01698333583383,8.001698333583382,0.042226844662391606,1604.4442170584668,2679.7883500281537,0.021229169792280622,36.92441023081805,0.0011410552023457879,0.00111675826240268,2.4296939943142097e-05,34.08354664457796,3.5511705549518506,30.53237608962611,30,32,1.3702208113233216,0.25109394400626084,0.045262954412568945,0.045987207670400716,1.5,"two-level balanced square-array Darcy-Weisbach friction screen with one trunk and one lateral supply-return pair; uniform module flow is prescribed and fittings, valves, heat exchangers and site-specific manifolds are excluded",2.5317040492910774,0.0002531704049291077,"frictional energy for the modeled packed bed plus the registered balanced on-array trunk-and-lateral header screen; fittings, valves, heat exchangers, external piping and pump efficiency excluded",True,"parallel modular packed zones; discrete unit count, bed friction and a geometry-normalized on-array header-friction screen are included. Tank shells, fittings, valves, heat exchangers, site-specific trunk routing, flow maldistribution and balance of plant are excluded. Hydraulic values are screening metrics, not installed-pump specifications.",37,24,0,0,0.5476784728689578,decision_resolution_fixed_service_front,1.0,8.907747863723664,8.821019379295336,9.382408474833855e-06,0.1
S10MW_8H,10.0,8.0,80.0,G0175_T1_homogeneous_none__AIP_FLINAK_2017_V10,G0175,T1_homogeneous_none,AIP_FLINAK_2017_V10,FLiNaK (LiF-NaF-KF),homogeneous,none,Tier_3_hypothetical_common_skeleton,False,1926,446,1991,1926,1926,8916,0.05,True,0.05523519144517355,5.192107995846314,0.2314729688075221,0.9454251364652241,0.9771762215545594,0.04154220357744884,0.9,"time integral of positive outlet enthalpy flow following the simulated charge end state, with linear within-step interpolation at the registered outlet-grade threshold",True,0.9999999999999398,True,525.0,run-wise frozen at the registered transport-property temperature,7.369305219837469,7.369305219837469,1.0,0.0,0.0,0.0,6.221522612621201,0.0,14,binary_monotone_bracket_with_adjacent_verification,MINIMAL_INTEGER_COUNT_BINARY_BRACKET,False,0.01285511270807671,1584.14304742545,80.01028409016646,8.001028409016646,0.05050048992104345,1446.1969444108815,2452.8517897131,0.01285511270807671,332.0158872769007,0.0051466798037631475,0.005132768090990972,1.3911712771911244e-05,83.80019961249944,6.913814292043571,76.88638532045589,43,45,1.000286700835402,0.20701184710098994,0.03128912348860132,0.03164268412891561,1.5,"two-level balanced square-array Darcy-Weisbach friction screen with one trunk and one lateral supply-return pair; uniform module flow is prescribed and fittings, valves, heat exchangers and site-specific manifolds are excluded",4.231002347465974,0.00042310023474659747,"frictional energy for the modeled packed bed plus the registered balanced on-array trunk-and-lateral header screen; fittings, valves, heat exchangers, external piping and pump efficiency excluded",True,"parallel modular packed zones; discrete unit count, bed friction and a geometry-normalized on-array header-friction screen are included. Tank shells, fittings, valves, heat exchangers, site-specific trunk routing, flow maldistribution and balance of plant are excluded. Hydraulic values are screening metrics, not installed-pump specifications.",2,6,18,0,0.5565620346617033,decision_resolution_fixed_service_front,1.0,8.907747863723664,8.821019379295336,9.382408474833855e-06,0.1
S10MW_8H,10.0,8.0,80.0,G0175_T1_homogeneous_none__SOLAR_SALT_60_40_V10,G0175,T1_homogeneous_none,SOLAR_SALT_60_40_V10,Solar Salt (NaNO3-KNO3 60:40 wt%),homogeneous,none,Tier_2_unit_pair_partial,False,2274,446,2371,2274,2274,8916,0.05,True,0.05736043017110445,4.397537379067722,0.19604966487391715,0.9313552451910511,0.9711147974774411,0.03518591332176968,0.9,"time integral of positive outlet enthalpy flow following the simulated charge end state, with linear within-step interpolation at the registered outlet-grade threshold",True,0.9999999999895675,True,525.0,run-wise frozen at the registered transport-property temperature,7.415554556860453,7.415554556860453,1.0,0.0,0.0,0.0,6.221522612621201,0.0,14,binary_monotone_bracket_with_adjacent_verification,MINIMAL_INTEGER_COUNT_BINARY_BRACKET,False,0.015958617130307218,1870.3745014774006,80.01276689370424,8.001276689370425,0.042772182756345506,1423.0175458539215,2896.0461940849377,0.015958617130307218,410.0748326415743,0.0011904511306512807,0.001172448953268643,1.8002177382626116e-05,48.362249814402325,3.985902904566803,44.376346909835526,47,49,1.000286700835402,0.25109394400626084,0.036480570956920165,0.03685861805879592,1.5,"two-level balanced square-array Darcy-Weisbach friction screen with one trunk and one lateral supply-return pair; uniform module flow is prescribed and fittings, valves, heat exchangers and site-specific manifolds are excluded",3.592285152687087,0.0003592285152687087,"frictional energy for the modeled packed bed plus the registered balanced on-array trunk-and-lateral header screen; fittings, valves, heat exchangers, external piping and pump efficiency excluded",True,"parallel modular packed zones; discrete unit count, bed friction and a geometry-normalized on-array header-friction screen are included. Tank shells, fittings, valves, heat exchangers, site-specific trunk routing, flow maldistribution and balance of plant are excluded. Hydraulic values are screening metrics, not installed-pump specifications.",34,4,11,0,0.5701927727219087,decision_resolution_fixed_service_front,1.0,8.907747863723664,8.821019379295336,9.382408474833855e-06,0.1
S10MW_8H,10.0,8.0,80.0,G0161_T1_homogeneous_none__AIP_FLINAK_2017_V10,G0161,T1_homogeneous_none,AIP_FLINAK_2017_V10,FLiNaK (LiF-NaF-KF),homogeneous,none,Tier_3_hypothetical_common_skeleton,False,1279,559,1303,1279,1279,11166,0.05,True,0.0831766839119658,7.818608287724785,0.4365278580553157,0.9532814145667227,0.9712030615601305,0.06255132993848604,0.9,"time integral of positive outlet enthalpy flow following the simulated charge end state, with linear within-step interpolation at the registered outlet-grade threshold",True,0.9999999999917975,True,525.0,run-wise frozen at the registered transport-property temperature,7.4144097150354575,7.4144097150354575,1.0,0.0,0.0,0.0,5.1550807967295205,0.0,13,binary_monotone_bracket_with_adjacent_verification,MINIMAL_INTEGER_COUNT_BINARY_BRACKET,False,0.0039387391545409045,1595.410999858664,80.00315099132364,8.000315099132363,0.050143818744566214,1425.617616052607,2510.3173999756696,0.0039387391545409045,129.08045421313807,0.002591145537909969,0.0025848818931568703,6.2636447531545425e-06,84.78779991459753,7.826725848196092,76.96107406640145,35,37,1.3876824817744169,0.20701184710098994,0.034730511426709826,0.03520957559408078,1.5,"two-level balanced square-array Darcy-Weisbach friction screen with one trunk and one lateral supply-return pair; uniform module flow is prescribed and fittings, valves, heat exchangers and site-specific manifolds are excluded",4.280733383843067,0.0004280733383843067,"frictional energy for the modeled packed bed plus the registered balanced on-array trunk-and-lateral header screen; fittings, valves, heat exchangers, external piping and pump efficiency excluded",True,"parallel modular packed zones; discrete unit count, bed friction and a geometry-normalized on-array header-friction screen are included. Tank shells, fittings, valves, heat exchangers, site-specific trunk routing, flow maldistribution and balance of plant are excluded. Hydraulic values are screening metrics, not installed-pump specifications.",3,4,18,0,0.6362622742652438,decision_resolution_fixed_service_front,1.0,8.907747863723664,8.821019379295336,9.382408474833855e-06,0.1
S10MW_8H,10.0,8.0,80.0,G0011_T1_homogeneous_none__AIP_FLINAK_2017_V10,G0011,T1_homogeneous_none,AIP_FLINAK_2017_V10,FLiNaK (LiF-NaF-KF),homogeneous,none,Tier_3_hypothetical_common_skeleton,False,841,700,845,841,841,13989,0.05,True,0.12649581298859008,11.890606420927467,0.8316908262573962,0.9657666632314866,0.9694281798728185,0.09513028531617869,0.9,"time integral of positive outlet enthalpy flow following the simulated charge end state, with linear within-step interpolation at the registered outlet-grade threshold",True,0.9999999999994316,True,525.0,run-wise frozen at the registered transport-property temperature,7.427714138619583,7.427714138619583,1.0,0.0,0.0,0.0,4.592357427740836,0.0,11,binary_monotone_bracket_with_adjacent_verification,MINIMAL_INTEGER_COUNT_BINARY_BRACKET,False,0.005712438632832217,1595.566252281314,80.00456995090627,8.000456995090627,0.05013893963075324,1477.4324538401338,2443.5624416249016,0.005712438632832217,20.236988124540712,0.004097871704305843,0.004082004994348817,1.5866709956889603e-05,62.36996818702264,6.737807219244969,55.63216096777767,29,29,1.4171749082009675,0.20701184710098994,0.03844113495407448,0.03844113495407448,1.5,"two-level balanced square-array Darcy-Weisbach friction screen with one trunk and one lateral supply-return pair; uniform module flow is prescribed and fittings, valves, heat exchangers and site-specific manifolds are excluded",3.149021292687014,0.0003149021292687014,"frictional energy for the modeled packed bed plus the registered balanced on-array trunk-and-lateral header screen; fittings, valves, heat exchangers, external piping and pump efficiency excluded",True,"parallel modular packed zones; discrete unit count, bed friction and a geometry-normalized on-array header-friction screen are included. Tank shells, fittings, valves, heat exchangers, site-specific trunk routing, flow maldistribution and balance of plant are excluded. Hydraulic values are screening metrics, not installed-pump specifications.",3,10,6,0,0.6432919619608438,decision_resolution_fixed_service_front,1.0,8.907747863723664,8.821019379295336,9.382408474833855e-06,0.1
S10MW_8H,10.0,8.0,80.0,G0127_T1_homogeneous_none__AIP_FLINAK_2017_V10,G0127,T1_homogeneous_none,AIP_FLINAK_2017_V10,FLiNaK (LiF-NaF-KF),homogeneous,none,Tier_3_hypothetical_common_skeleton,False,1409,573,1435,1409,1409,11458,0.05,True,0.07550246893073403,7.097232079488999,0.4066072765914122,0.9606815872103792,0.9780313730647355,0.05678349860517294,0.9,"time integral of positive outlet enthalpy flow following the simulated charge end state, with linear within-step interpolation at the registered outlet-grade threshold",True,0.9999999999908996,True,525.0,run-wise frozen at the registered transport-property temperature,7.362814315296171,7.362814315296171,1.0,0.0,0.0,0.0,5.631505963638052,0.0,13,binary_monotone_bracket_with_adjacent_verification,MINIMAL_INTEGER_COUNT_BINARY_BRACKET,False,0.009936918360842206,1567.9198317168093,80.00794953468868,8.000794953468867,0.05102301685437782,1705.2489467356397,2072.6631899947597,0.009936918360842206,145.93755635240902,0.0025875656950659146,0.0025780433726204314,9.522322445425823e-06,72.86064082943778,6.602560842253342,66.25807998718444,37,39,1.1033250763250884,0.20701184710098994,0.03399628819473263,0.034440702981147396,1.5,"two-level balanced square-array Darcy-Weisbach friction screen with one trunk and one lateral supply-return pair; uniform module flow is prescribed and fittings, valves, heat exchangers and site-specific manifolds are excluded",3.6785778476291537,0.0003678577847629154,"frictional energy for the modeled packed bed plus the registered balanced on-array trunk-and-lateral header screen; fittings, valves, heat exchangers, external piping and pump efficiency excluded",True,"parallel modular packed zones; discrete unit count, bed friction and a geometry-normalized on-array header-friction screen are included. Tank shells, fittings, valves, heat exchangers, site-specific trunk routing, flow maldistribution and balance of plant are excluded. Hydraulic values are screening metrics, not installed-pump specifications.",0,36,12,0,0.6499108378007292,decision_resolution_fixed_service_front,1.0,8.907747863723664,8.821019379295336,9.382408474833855e-06,0.1
S10MW_8H,10.0,8.0,80.0,G0184_T1_homogeneous_none__AIP_FLINAK_2017_V10,G0184,T1_homogeneous_none,AIP_FLINAK_2017_V10,FLiNaK (LiF-NaF-KF),homogeneous,none,Tier_3_hypothetical_common_skeleton,False,1454,509,1485,1454,1454,10166,0.05,True,0.07316573502297403,6.87757909215956,0.34961720542065094,0.957997807105496,0.9785598256744249,0.05505253400909304,0.9,"time integral of positive outlet enthalpy flow following the simulated charge end state, with linear within-step interpolation at the registered outlet-grade threshold",True,0.9999999999999915,True,525.0,run-wise frozen at the registered transport-property temperature,7.362909888556201,7.362909888556201,1.0,0.0,0.0,0.0,5.790955388750883,0.0,13,binary_monotone_bracket_with_adjacent_verification,MINIMAL_INTEGER_COUNT_BINARY_BRACKET,False,0.05798056152659381,1562.3800567739245,80.04638444922128,8.004638444922128,0.05120393060135941,1801.0014950801367,1933.3831823533005,0.05798056152659381,186.02711322425458,0.0021155978375284514,0.002106614914801461,8.982922726941799e-06,70.82963318551647,6.423206563514939,64.40642662200155,38,39,1.0509426433509348,0.20701184710098994,0.0334660761935904,0.03390355980999353,1.5,"two-level balanced square-array Darcy-Weisbach friction screen with one trunk and one lateral supply-return pair; uniform module flow is prescribed and fittings, valves, heat exchangers and site-specific manifolds are excluded",3.576016431364772,0.0003576016431364772,"frictional energy for the modeled packed bed plus the registered balanced on-array trunk-and-lateral header screen; fittings, valves, heat exchangers, external piping and pump efficiency excluded",True,"parallel modular packed zones; discrete unit count, bed friction and a geometry-normalized on-array header-friction screen are included. Tank shells, fittings, valves, heat exchangers, site-specific trunk routing, flow maldistribution and balance of plant are excluded. Hydraulic values are screening metrics, not installed-pump specifications.",0,46,11,0,0.6576447522852351,decision_resolution_fixed_service_front,1.0,8.907747863723664,8.821019379295336,9.382408474833855e-06,0.1
S10MW_8H,10.0,8.0,80.0,G0213_T1_homogeneous_none__AIP_FLINAK_2017_V10,G0213,T1_homogeneous_none,AIP_FLINAK_2017_V10,FLiNaK (LiF-NaF-KF),homogeneous,none,Tier_3_hypothetical_common_skeleton,False,2565,641,2655,2565,2565,12815,0.05,True,0.04147484550620049,3.898635477582846,0.24980733940883076,0.9390647787240045,0.9720470662372555,0.0311967208564321,0.9,"time integral of positive outlet enthalpy flow following the simulated charge end state, with linear within-step interpolation at the registered outlet-grade threshold",True,0.9999999999999521,True,525.0,run-wise frozen at the registered transport-property temperature,7.409342153878034,7.409342153878034,1.0,0.0,0.0,0.0,6.503811599195677,0.0,14,binary_monotone_bracket_with_adjacent_verification,MINIMAL_INTEGER_COUNT_BINARY_BRACKET,False,0.02448624593542892,1594.9019601076336,80.01958899674834,8.001958899674834,0.05015982298661237,1415.014611769352,2522.67373800841,0.02448624593542892,300.30849468494426,0.001815426631966381,0.0018120469560863352,3.3796758799828304e-06,115.12684235682745,8.755365526324399,106.37147683050306,50,52,1.0965597628247157,0.20701184710098994,0.029190168622164347,0.029474957498979878,1.5,"two-level balanced square-array Darcy-Weisbach friction screen with one trunk and one lateral supply-return pair; uniform module flow is prescribed and fittings, valves, heat exchangers and site-specific manifolds are excluded",5.812393157394071,0.0005812393157394071,"frictional energy for the modeled packed bed plus the registered balanced on-array trunk-and-lateral header screen; fittings, valves, heat exchangers, external piping and pump efficiency excluded",True,"parallel modular packed zones; discrete unit count, bed friction and a geometry-normalized on-array header-friction screen are included. Tank shells, fittings, valves, heat exchangers, site-specific trunk routing, flow maldistribution and balance of plant are excluded. Hydraulic values are screening metrics, not installed-pump specifications.",3,3,35,0,0.6690934399771092,decision_resolution_fixed_service_front,1.0,8.907747863723664,8.821019379295336,9.382408474833855e-06,0.1
S10MW_8H,10.0,8.0,80.0,G0174_T1_homogeneous_none__AIP_FLINAK_2017_V10,G0174,T1_homogeneous_none,AIP_FLINAK_2017_V10,FLiNaK (LiF-NaF-KF),homogeneous,none,Tier_3_hypothetical_common_skeleton,False,1164,801,1172,1164,1164,16012,0.05,True,0.09139431161804489,8.59106529209622,0.6878082309254434,0.9708884250084212,0.9776198719439936,0.06876419321674651,0.9,"time integral of positive outlet enthalpy flow following the simulated charge end state, with linear within-step interpolation at the registered outlet-grade threshold",True,0.9999999999998406,True,525.0,run-wise frozen at the registered transport-property temperature,7.368729645696463,7.368729645696463,1.0,0.0,0.0,0.0,5.043183985325774,0.0,12,binary_monotone_bracket_with_adjacent_verification,MINIMAL_INTEGER_COUNT_BINARY_BRACKET,False,0.051901130366172055,1577.4521876239064,80.04152090429294,8.004152090429294,0.05071469083351607,1562.100918507615,2284.300239420122,0.051901130366172055,45.38936218522767,0.0027150536042770674,0.002708069413823133,6.984190453859778e-06,77.71656883554003,7.510465959202828,70.2061028763372,34,35,1.3680629559497466,0.20701184710098994,0.03538002771777633,0.03589655179485815,1.5,"two-level balanced square-array Darcy-Weisbach friction screen with one trunk and one lateral supply-return pair; uniform module flow is prescribed and fittings, valves, heat exchangers and site-specific manifolds are excluded",3.92374099179093,0.000392374099179093,"frictional energy for the modeled packed bed plus the registered balanced on-array trunk-and-lateral header screen; fittings, valves, heat exchangers, external piping and pump efficiency excluded",True,"parallel modular packed zones; discrete unit count, bed friction and a geometry-normalized on-array header-friction screen are included. Tank shells, fittings, valves, heat exchangers, site-specific trunk routing, flow maldistribution and balance of plant are excluded. Hydraulic values are screening metrics, not installed-pump specifications.",1,19,14,0,0.6750084552793002,decision_resolution_fixed_service_front,1.0,8.907747863723664,8.821019379295336,9.382408474833855e-06,0.1
S10MW_8H,10.0,8.0,80.0,G0170_T1_homogeneous_none__AIP_FLINAK_2017_V10,G0170,T1_homogeneous_none,AIP_FLINAK_2017_V10,FLiNaK (LiF-NaF-KF),homogeneous,none,Tier_3_hypothetical_common_skeleton,False,821,810,821,821,821,16192,0.05,True,0.12957731878611967,12.180267965895249,0.9861363932719059,0.9773697246983182,0.9776101442080614,0.0975224692611845,0.9,"time integral of positive outlet enthalpy flow following the simulated charge end state, with linear within-step interpolation at the registered outlet-grade threshold",True,0.9999999999918722,True,525.0,run-wise frozen at the registered transport-property temperature,7.371408836750576,7.371408836750576,1.0,0.0,0.0,0.0,4.70917082034683,0.0,6,binary_monotone_bracket_with_adjacent_verification,MINIMAL_INTEGER_COUNT_BINARY_BRACKET,False,0.08243407929060531,1571.1678566319733,80.06594726343249,8.006594726343248,0.050917538608186416,1681.9558041745297,2111.7368797117583,0.08243407929060531,1.4058508359169108,0.003983564929714191,0.0039659467460240174,1.761818369029634e-05,57.39775574595263,5.984281707243197,51.41347403870944,28,30,1.3159950224731787,0.20701184710098994,0.038906540948543455,0.03957165820400386,1.5,"two-level balanced square-array Darcy-Weisbach friction screen with one trunk and one lateral supply-return pair; uniform module flow is prescribed and fittings, valves, heat exchangers and site-specific manifolds are excluded",2.8979880701868583,0.00028979880701868584,"frictional energy for the modeled packed bed plus the registered balanced on-array trunk-and-lateral header screen; fittings, valves, heat exchangers, external piping and pump efficiency excluded",True,"parallel modular packed zones; discrete unit count, bed friction and a geometry-normalized on-array header-friction screen are included. Tank shells, fittings, valves, heat exchangers, site-specific trunk routing, flow maldistribution and balance of plant are excluded. Hydraulic values are screening metrics, not installed-pump specifications.",1,33,3,0,0.6800447838377998,decision_resolution_fixed_service_front,1.0,8.907747863723664,8.821019379295336,9.382408474833855e-06,0.1
S10MW_8H,10.0,8.0,80.0,G0225_T1_homogeneous_none__SOLAR_SALT_60_40_V10,G0225,T1_homogeneous_none,SOLAR_SALT_60_40_V10,Solar Salt (NaNO3-KNO3 60:40 wt%),homogeneous,none,Tier_2_unit_pair_partial,False,3046,374,3273,3046,3046,7470,0.05,True,0.04282259297737739,3.2829940906106367,0.12262460010108851,0.896621897538676,0.9632512605667081,0.026264132862686126,0.9,"time integral of positive outlet enthalpy flow following the simulated charge end state, with linear within-step interpolation at the registered outlet-grade threshold",True,0.9999999999815614,True,525.0,run-wise frozen at the registered transport-property temperature,7.475209762324129,7.475209762324129,1.0,0.0,0.0,0.0,6.527849710655722,0.0,17,binary_monotone_bracket_with_adjacent_verification,MINIMAL_INTEGER_COUNT_BINARY_BRACKET,False,0.0006858746774307534,1879.4009799910766,80.00054869974194,8.000054869974194,0.04256675443490502,1390.6517744134148,2971.0586133202187,0.0006858746774307534,715.4970529368709,0.0003880831946129962,0.0003837171011238836,4.366093489132233e-06,65.50152622886664,5.032306835744969,60.46921939312167,55,56,1.0829784480790143,0.25109394400626084,0.033740586972704836,0.034045937875093225,1.5,"two-level balanced square-array Darcy-Weisbach friction screen with one trunk and one lateral supply-return pair; uniform module flow is prescribed and fittings, valves, heat exchangers and site-specific manifolds are excluded",4.865277427823741,0.0004865277427823741,"frictional energy for the modeled packed bed plus the registered balanced on-array trunk-and-lateral header screen; fittings, valves, heat exchangers, external piping and pump efficiency excluded",True,"parallel modular packed zones; discrete unit count, bed friction and a geometry-normalized on-array header-friction screen are included. Tank shells, fittings, valves, heat exchangers, site-specific trunk routing, flow maldistribution and balance of plant are excluded. Hydraulic values are screening metrics, not installed-pump specifications.",35,0,24,0,0.715896341767403,decision_resolution_fixed_service_front,1.0,8.907747863723664,8.821019379295336,9.382408474833855e-06,0.1
S10MW_8H,10.0,8.0,80.0,G0192_T1_homogeneous_none__AIP_FLINAK_2017_V10,G0192,T1_homogeneous_none,AIP_FLINAK_2017_V10,FLiNaK (LiF-NaF-KF),homogeneous,none,Tier_3_hypothetical_common_skeleton,False,1668,748,1695,1668,1668,14945,0.05,True,0.06377876422266442,5.995203836930456,0.44800049143991594,0.9622011186876399,0.9776079413593103,0.047972835345765685,0.9,"time integral of positive outlet enthalpy flow following the simulated charge end state, with linear within-step interpolation at the registered outlet-grade threshold",True,0.9999999999909865,True,525.0,run-wise frozen at the registered transport-property temperature,7.36671615604917,7.36671615604917,1.0,0.0,0.0,0.0,5.668083775780266,0.0,13,binary_monotone_bracket_with_adjacent_verification,MINIMAL_INTEGER_COUNT_BINARY_BRACKET,False,0.023361695921453318,1578.6393882390776,80.01868935673717,8.001868935673716,0.050676551336551585,1533.1967671998973,2325.018556772608,0.023361695921453318,123.2140408564967,0.002226152580844904,0.0022213898699591605,4.762710885802488e-06,92.66102919043452,7.951027707487696,84.71000148294682,40,42,1.2359494274863283,0.20701184710098994,0.032455559899242634,0.03284897498927245,1.5,"two-level balanced square-array Darcy-Weisbach friction screen with one trunk and one lateral supply-return pair; uniform module flow is prescribed and fittings, valves, heat exchangers and site-specific manifolds are excluded",4.678203339351206,0.0004678203339351206,"frictional energy for the modeled packed bed plus the registered balanced on-array trunk-and-lateral header screen; fittings, valves, heat exchangers, external piping and pump efficiency excluded",True,"parallel modular packed zones; discrete unit count, bed friction and a geometry-normalized on-array header-friction screen are included. Tank shells, fittings, valves, heat exchangers, site-specific trunk routing, flow maldistribution and balance of plant are excluded. Hydraulic values are screening metrics, not installed-pump specifications.",1,16,22,0,0.7298517120860357,decision_resolution_fixed_service_front,1.0,8.907747863723664,8.821019379295336,9.382408474833855e-06,0.1
S10MW_8H,10.0,8.0,80.0,G0011_T1_homogeneous_none__SOLAR_SALT_60_40_V10,G0011,T1_homogeneous_none,SOLAR_SALT_60_40_V10,Solar Salt (NaNO3-KNO3 60:40 wt%),homogeneous,none,Tier_2_unit_pair_partial,False,996,700,1005,996,996,13989,0.05,True,0.13096146406535292,10.040160642570282,0.7022610289984641,0.9547685861811196,0.9626614292347975,0.08032220773890195,0.9,"time integral of positive outlet enthalpy flow following the simulated charge end state, with linear within-step interpolation at the registered outlet-grade threshold",True,0.9999999999892137,True,525.0,run-wise frozen at the registered transport-property temperature,7.479630109801229,7.479630109801229,1.0,0.0,0.0,0.0,4.592357427740836,0.0,12,binary_monotone_bracket_with_adjacent_verification,MINIMAL_INTEGER_COUNT_BINARY_BRACKET,False,0.0011486349329015155,1889.6361323093804,80.00091890794633,8.000091890794632,0.04233619300146935,1458.2084653155023,2893.9217501288967,0.0011486349329015155,42.39719402145368,0.0009499864877166663,0.0009295797779861339,2.0406709730565866e-05,36.56228780244739,3.788508443591068,32.77377935885632,31,33,1.4171749082009675,0.25109394400626084,0.045007154707125636,0.0457049816655101,1.5,"two-level balanced square-array Darcy-Weisbach friction screen with one trunk and one lateral supply-return pair; uniform module flow is prescribed and fittings, valves, heat exchangers and site-specific manifolds are excluded",2.715803001652152,0.0002715803001652152,"frictional energy for the modeled packed bed plus the registered balanced on-array trunk-and-lateral header screen; fittings, valves, heat exchangers, external piping and pump efficiency excluded",True,"parallel modular packed zones; discrete unit count, bed friction and a geometry-normalized on-array header-friction screen are included. Tank shells, fittings, valves, heat exchangers, site-specific trunk routing, flow maldistribution and balance of plant are excluded. Hydraulic values are screening metrics, not installed-pump specifications.",36,8,2,0,0.8695048061326853,decision_resolution_fixed_service_front,1.0,8.907747863723664,8.821019379295336,9.382408474833855e-06,0.1
S50MW_6H,50.0,6.0,300.0,G0045_T1_homogeneous_none__AIP_FLINAK_2017_V10,G0045,T1_homogeneous_none,AIP_FLINAK_2017_V10,FLiNaK (LiF-NaF-KF),homogeneous,none,Tier_3_hypothetical_common_skeleton,False,5543,2956,5623,5543,5543,59108,0.05,True,0.09596155396302025,9.020386072523904,0.5331795566549008,0.954100447484898,0.9679436710396422,0.05413040676905014,0.9,"time integral of positive outlet enthalpy flow following the simulated charge end state, with linear within-step interpolation at the registered outlet-grade threshold",True,0.9999999999985733,True,525.0,run-wise frozen at the registered transport-property temperature,5.5801828696016225,5.5801828696016225,1.0,0.0,0.0,0.0,5.592599324722605,0.0,15,binary_monotone_bracket_with_adjacent_verification,MINIMAL_INTEGER_COUNT_BINARY_BRACKET,False,0.014948240281653646,5998.599794824884,300.04484472084494,6.000896894416899,0.0500116711001151,5452.637183560208,9318.707326359212,0.014948240281653646,87.55407770580513,0.005740094100899627,0.005717115104318389,2.2978996581363307e-05,78.19609443107521,5.034812109242444,73.16128232183277,74,75,1.1403680906306226,0.46289256226560627,0.05348396835654333,0.05384413382905399,1.5,"two-level balanced square-array Darcy-Weisbach friction screen with one trunk and one lateral supply-return pair; uniform module flow is prescribed and fittings, valves, heat exchangers and site-specific manifolds are excluded",19.740515378226743,0.0003948103075645349,"frictional energy for the modeled packed bed plus the registered balanced on-array trunk-and-lateral header screen; fittings, valves, heat exchangers, external piping and pump efficiency excluded",True,"parallel modular packed zones; discrete unit count, bed friction and a geometry-normalized on-array header-friction screen are included. Tank shells, fittings, valves, heat exchangers, site-specific trunk routing, flow maldistribution and balance of plant are excluded. Hydraulic values are screening metrics, not installed-pump specifications.",3,6,14,0,0.4074136337848552,decision_resolution_fixed_service_front,1.0,33.84533038174867,33.56154299625118,9.609432286638576e-06,0.1
S50MW_6H,50.0,6.0,300.0,G0126_T1_homogeneous_none__AIP_FLINAK_2017_V10,G0126,T1_homogeneous_none,AIP_FLINAK_2017_V10,FLiNaK (LiF-NaF-KF),homogeneous,none,Tier_3_hypothetical_common_skeleton,False,5597,2164,5731,5597,5597,43278,0.05,True,0.09503571442147958,8.933357155619081,0.3866258822790065,0.9441397370408234,0.9667452540169796,0.05360522860749318,0.9,"time integral of positive outlet enthalpy flow following the simulated charge end state, with linear within-step interpolation at the registered outlet-grade threshold",True,0.9999999999898184,True,525.0,run-wise frozen at the registered transport-property temperature,5.586667824436651,5.586667824436651,1.0,0.0,0.0,0.0,5.853093602894273,0.0,16,binary_monotone_bracket_with_adjacent_verification,MINIMAL_INTEGER_COUNT_BINARY_BRACKET,False,0.009488172046423493,5966.322608290431,300.02846451613925,6.000569290322785,0.05028222905398019,6152.337155201019,8323.349229501417,0.009488172046423493,158.64797103220195,0.004009903322485394,0.003986620860683398,2.3282461802160414e-05,71.35885445246025,4.537883312532699,66.82097113992755,74,76,1.0306464989743274,0.46289256226560627,0.05358375948807355,0.05393980167390979,1.5,"two-level balanced square-array Darcy-Weisbach friction screen with one trunk and one lateral supply-return pair; uniform module flow is prescribed and fittings, valves, heat exchangers and site-specific manifolds are excluded",18.01415183931666,0.0003602830367863332,"frictional energy for the modeled packed bed plus the registered balanced on-array trunk-and-lateral header screen; fittings, valves, heat exchangers, external piping and pump efficiency excluded",True,"parallel modular packed zones; discrete unit count, bed friction and a geometry-normalized on-array header-friction screen are included. Tank shells, fittings, valves, heat exchangers, site-specific trunk routing, flow maldistribution and balance of plant are excluded. Hydraulic values are screening metrics, not installed-pump specifications.",2,27,10,0,0.47153542496417256,decision_resolution_fixed_service_front,1.0,33.84533038174867,33.56154299625118,9.609432286638576e-06,0.1
S50MW_6H,50.0,6.0,300.0,G0110_T1_homogeneous_none__AIP_FLINAK_2017_V10,G0110,T1_homogeneous_none,AIP_FLINAK_2017_V10,FLiNaK (LiF-NaF-KF),homogeneous,none,Tier_3_hypothetical_common_skeleton,False,4873,2479,4960,4872,4872,49561,0.05,True,0.10915552916417427,10.260619741432382,0.5085284103277444,0.9440796801668079,0.9609729172403432,0.061576465466004,0.9,"time integral of positive outlet enthalpy flow following the simulated charge end state, with linear within-step interpolation at the registered outlet-grade threshold",True,1.0000000000000198,True,525.0,run-wise frozen at the registered transport-property temperature,5.621096977022729,5.621096977022729,1.0,0.0,0.0,0.0,5.505650724050867,0.0,14,binary_monotone_bracket_with_adjacent_verification,MINIMAL_INTEGER_COUNT_BINARY_BRACKET,False,0.02070540527918663,6012.26282974991,300.06211621583753,6.001242324316751,0.04989801818302727,6024.028211967219,8615.213358625548,0.02070540527918663,96.64584705415066,0.003533489855398613,0.0035111353453196113,2.2354510078962205e-05,69.01717488892896,4.566738259638576,64.45043662929038,69,71,1.1112415758190741,0.46289256226560627,0.05547930563735575,0.05587418112333441,1.5,"two-level balanced square-array Darcy-Weisbach friction screen with one trunk and one lateral supply-return pair; uniform module flow is prescribed and fittings, valves, heat exchangers and site-specific manifolds are excluded",17.422920618682607,0.00034845841237365216,"frictional energy for the modeled packed bed plus the registered balanced on-array trunk-and-lateral header screen; fittings, valves, heat exchangers, external piping and pump efficiency excluded",True,"parallel modular packed zones; discrete unit count, bed friction and a geometry-normalized on-array header-friction screen are included. Tank shells, fittings, valves, heat exchangers, site-specific trunk routing, flow maldistribution and balance of plant are excluded. Hydraulic values are screening metrics, not installed-pump specifications.",3,23,9,0,0.4717170245856577,decision_resolution_fixed_service_front,1.0,33.84533038174867,33.56154299625118,9.609432286638576e-06,0.1
S50MW_6H,50.0,6.0,300.0,G0024_T1_homogeneous_none__AIP_FLINAK_2017_V10,G0024,T1_homogeneous_none,AIP_FLINAK_2017_V10,FLiNaK (LiF-NaF-KF),homogeneous,none,Tier_3_hypothetical_common_skeleton,False,3002,2199,3029,3002,3002,43978,0.05,True,0.17718683997902107,16.655562958027982,0.7324946725352536,0.9429714783221642,0.9514393058737949,0.0999433250848811,0.9,"time integral of positive outlet enthalpy flow following the simulated charge end state, with linear within-step interpolation at the registered outlet-grade threshold",True,0.9999999999863812,True,525.0,run-wise frozen at the registered transport-property temperature,5.676628330012832,5.676628330012832,1.0,0.0,0.0,0.0,4.536043793329511,0.0,13,binary_monotone_bracket_with_adjacent_verification,MINIMAL_INTEGER_COUNT_BINARY_BRACKET,False,0.009953968271014801,6109.939956289649,300.02986190481306,6.000597238096261,0.04910031884866172,5413.372414448704,9673.796307837889,0.009953968271014801,36.519764237858254,0.00473173307911794,0.004699222004988723,3.2511074129360054e-05,59.70300633216461,4.531466132970284,55.17154019919433,54,56,1.4030196498438297,0.46289256226560627,0.06265506767488781,0.06322209341955579,1.5,"two-level balanced square-array Darcy-Weisbach friction screen with one trunk and one lateral supply-return pair; uniform module flow is prescribed and fittings, valves, heat exchangers and site-specific manifolds are excluded",15.07204439170315,0.000301440887834063,"frictional energy for the modeled packed bed plus the registered balanced on-array trunk-and-lateral header screen; fittings, valves, heat exchangers, external piping and pump efficiency excluded",True,"parallel modular packed zones; discrete unit count, bed friction and a geometry-normalized on-array header-friction screen are included. Tank shells, fittings, valves, heat exchangers, site-specific trunk routing, flow maldistribution and balance of plant are excluded. Hydraulic values are screening metrics, not installed-pump specifications.",6,5,4,0,0.48146519534446547,decision_resolution_fixed_service_front,1.0,33.84533038174867,33.56154299625118,9.609432286638576e-06,0.1
S50MW_6H,50.0,6.0,300.0,G0197_T1_homogeneous_none__AIP_FLINAK_2017_V10,G0197,T1_homogeneous_none,AIP_FLINAK_2017_V10,FLiNaK (LiF-NaF-KF),homogeneous,none,Tier_3_hypothetical_common_skeleton,False,4518,4205,4525,4518,4518,84083,0.05,True,0.11773238017198345,11.066843736166446,0.9305389999133473,0.9651409027989905,0.9666047700980248,0.06641020421179604,0.9,"time integral of positive outlet enthalpy flow following the simulated charge end state, with linear within-step interpolation at the registered outlet-grade threshold",True,0.9999999999995972,True,525.0,run-wise frozen at the registered transport-property temperature,5.587474644325656,5.587474644325656,1.0,0.0,0.0,0.0,5.384352501394019,0.0,12,binary_monotone_bracket_with_adjacent_verification,MINIMAL_INTEGER_COUNT_BINARY_BRACKET,False,0.013767542964826518,5933.337677868592,300.04130262889447,6.00082605257789,0.05056176073022153,6753.8327833946405,7453.381726590756,0.013767542964826518,7.464598484654705,0.002284204119929359,0.0022686292382687345,1.5574881660583455e-05,66.54589712186767,4.540780629031275,62.00511649283639,67,68,1.1383216147316477,0.46289256226560627,0.05636953998348109,0.05678865014053721,1.5,"two-level balanced square-array Darcy-Weisbach friction screen with one trunk and one lateral supply-return pair; uniform module flow is prescribed and fittings, valves, heat exchangers and site-specific manifolds are excluded",16.79877978355805,0.000335975595671161,"frictional energy for the modeled packed bed plus the registered balanced on-array trunk-and-lateral header screen; fittings, valves, heat exchangers, external piping and pump efficiency excluded",True,"parallel modular packed zones; discrete unit count, bed friction and a geometry-normalized on-array header-friction screen are included. Tank shells, fittings, valves, heat exchangers, site-specific trunk routing, flow maldistribution and balance of plant are excluded. Hydraulic values are screening metrics, not installed-pump specifications.",1,45,8,0,0.48365889616142244,decision_resolution_fixed_service_front,1.0,33.84533038174867,33.56154299625118,9.609432286638576e-06,0.1
S50MW_6H,50.0,6.0,300.0,G0174_T1_homogeneous_none__AIP_FLINAK_2017_V10,G0174,T1_homogeneous_none,AIP_FLINAK_2017_V10,FLiNaK (LiF-NaF-KF),homogeneous,none,Tier_3_hypothetical_common_skeleton,False,4386,4004,4393,4386,4386,80060,0.05,True,0.12127562553967652,11.399908800729595,0.9126867086151574,0.9708884250084212,0.9725917286614999,0.06841052178869815,0.9,"time integral of positive outlet enthalpy flow following the simulated charge end state, with linear within-step interpolation at the registered outlet-grade threshold",True,0.9999999999993833,True,525.0,run-wise frozen at the registered transport-property temperature,5.553135434025092,5.553135434025092,1.0,0.0,0.0,0.0,5.043183985325774,0.0,12,binary_monotone_bracket_with_adjacent_verification,MINIMAL_INTEGER_COUNT_BINARY_BRACKET,False,0.01618285507671846,5943.904892541626,300.04854856523013,6.000970971304603,0.050471870836365174,5886.060677469415,8607.337500083038,0.01618285507671846,9.566622430310767,0.0036057687669153607,0.0035934710415985896,1.2297725316848567e-05,78.13307764227082,5.377120007740153,72.75595763453066,66,67,1.3680629559497466,0.46289256226560627,0.05678293762881475,0.057211494181249684,1.5,"two-level balanced square-array Darcy-Weisbach friction screen with one trunk and one lateral supply-return pair; uniform module flow is prescribed and fittings, valves, heat exchangers and site-specific manifolds are excluded",19.724069260583004,0.00039448138521166006,"frictional energy for the modeled packed bed plus the registered balanced on-array trunk-and-lateral header screen; fittings, valves, heat exchangers, external piping and pump efficiency excluded",True,"parallel modular packed zones; discrete unit count, bed friction and a geometry-normalized on-array header-friction screen are included. Tank shells, fittings, valves, heat exchangers, site-specific trunk routing, flow maldistribution and balance of plant are excluded. Hydraulic values are screening metrics, not installed-pump specifications.",1,19,14,0,0.5136650139163015,decision_resolution_fixed_service_front,1.0,33.84533038174867,33.56154299625118,9.609432286638576e-06,0.1
S50MW_6H,50.0,6.0,300.0,G0138_T2_graded_two_layer_fine_hot__AIP_FLINAK_2017_V10,G0138,T2_graded_two_layer_fine_hot,AIP_FLINAK_2017_V10,FLiNaK (LiF-NaF-KF),graded_two_layer,fine_hot,Tier_3_hypothetical_common_skeleton,False,3400,2157,3440,3400,3400,43139,0.05,True,0.1564455569461827,14.705882352941176,0.634403374032441,0.9474248910940072,0.958661271694665,0.08824682146159422,0.9,"time integral of positive outlet enthalpy flow following the simulated charge end state, with linear within-step interpolation at the registered outlet-grade threshold",True,0.9999999999983835,True,525.0,run-wise frozen at the registered transport-property temperature,5.634053162235877,5.634053162235877,1.0,0.0,0.0,0.0,4.739781217830526,0.0,14,binary_monotone_bracket_with_adjacent_verification,MINIMAL_INTEGER_COUNT_BINARY_BRACKET,False,0.013064323140099532,6009.718766832957,300.0391929694203,6.000783859388406,0.049919141250946764,6329.944884735358,8211.635100177431,0.013064323140099532,57.62841764912554,0.0031215360342728353,0.0031038780117848635,1.7658022487899658e-05,63.1765828699365,4.678638372216323,58.49794449772018,58,59,1.3503952708070142,0.46289256226560627,0.06045813428375689,0.06097709774470362,1.5,"two-level balanced square-array Darcy-Weisbach friction screen with one trunk and one lateral supply-return pair; uniform module flow is prescribed and fittings, valves, heat exchangers and site-specific manifolds are excluded",15.948474022260509,0.00031896948044521015,"frictional energy for the modeled packed bed plus the registered balanced on-array trunk-and-lateral header screen; fittings, valves, heat exchangers, external piping and pump efficiency excluded",True,"parallel modular packed zones; discrete unit count, bed friction and a geometry-normalized on-array header-friction screen are included. Tank shells, fittings, valves, heat exchangers, site-specific trunk routing, flow maldistribution and balance of plant are excluded. Hydraulic values are screening metrics, not installed-pump specifications.",3,32,6,0,0.5228061225476356,decision_resolution_fixed_service_front,1.0,33.84533038174867,33.56154299625118,9.609432286638576e-06,0.1
S50MW_6H,50.0,6.0,300.0,G0175_T1_homogeneous_none__AIP_FLINAK_2017_V10,G0175,T1_homogeneous_none,AIP_FLINAK_2017_V10,FLiNaK (LiF-NaF-KF),homogeneous,none,Tier_3_hypothetical_common_skeleton,False,7260,2230,7465,7259,7259,44581,0.05,True,0.07326651427231698,6.887052341597796,0.3070364586248537,0.9454251364652241,0.972137876648433,0.04132801094241856,0.9,"time integral of positive outlet enthalpy flow following the simulated charge end state, with linear within-step interpolation at the registered outlet-grade threshold",True,0.9999999999953076,True,525.0,run-wise frozen at the registered transport-property temperature,5.555675586294977,5.555675586294977,1.0,0.0,0.0,0.0,6.221522612621201,0.0,16,binary_monotone_bracket_with_adjacent_verification,MINIMAL_INTEGER_COUNT_BINARY_BRACKET,False,0.013786480652910882,5971.38033453207,300.0413594419587,6.000827188839175,0.05023964028302153,5451.396581735722,9245.952229136608,0.013786480652910882,225.69422031467275,0.006832818243974315,0.006808341145488191,2.4477098485938707e-05,84.92558049275918,5.04536503553066,79.88021545722852,85,86,1.000286700835402,0.46289256226560627,0.050086577326130935,0.05038034276197513,1.5,"two-level balanced square-array Darcy-Weisbach friction screen with one trunk and one lateral supply-return pair; uniform module flow is prescribed and fittings, valves, heat exchangers and site-specific manifolds are excluded",21.43951764374535,0.0004287903528749071,"frictional energy for the modeled packed bed plus the registered balanced on-array trunk-and-lateral header screen; fittings, valves, heat exchangers, external piping and pump efficiency excluded",True,"parallel modular packed zones; discrete unit count, bed friction and a geometry-normalized on-array header-friction screen are included. Tank shells, fittings, valves, heat exchangers, site-specific trunk routing, flow maldistribution and balance of plant are excluded. Hydraulic values are screening metrics, not installed-pump specifications.",2,6,17,0,0.5367140399458936,decision_resolution_fixed_service_front,1.0,33.84533038174867,33.56154299625118,9.609432286638576e-06,0.1
S50MW_6H,50.0,6.0,300.0,G0161_T1_homogeneous_none__SOLAR_SALT_60_40_V10,G0161,T1_homogeneous_none,SOLAR_SALT_60_40_V10,Solar Salt (NaNO3-KNO3 60:40 wt%),homogeneous,none,Tier_2_unit_pair_partial,False,5682,2792,5792,5682,5682,55831,0.05,True,0.11478143101820795,8.79971840901091,0.49130511303480184,0.9403330350789846,0.9585916733699762,0.05280283970969662,0.9,"time integral of positive outlet enthalpy flow following the simulated charge end state, with linear within-step interpolation at the registered outlet-grade threshold",True,0.9999999999896183,True,525.0,run-wise frozen at the registered transport-property temperature,5.634016710115768,5.634016710115768,1.0,0.0,0.0,0.0,5.1550807967295205,0.0,15,binary_monotone_bracket_with_adjacent_verification,MINIMAL_INTEGER_COUNT_BINARY_BRACKET,False,0.008578410165416273,7087.666380920195,300.02573523049625,6.000514704609925,0.04232704868948006,5278.1578710339745,11152.168464942732,0.008578410165416273,103.5395059951604,0.0007989274118906701,0.0007846148114749676,1.431260041569591e-05,49.900551068043725,3.3408975523473967,46.55965351569632,75,76,1.3876824817744169,0.5614631275365252,0.06450617010662975,0.06493478724779546,1.5,"two-level balanced square-array Darcy-Weisbach friction screen with one trunk and one lateral supply-return pair; uniform module flow is prescribed and fittings, valves, heat exchangers and site-specific manifolds are excluded",18.53258139862619,0.00037065162797252375,"frictional energy for the modeled packed bed plus the registered balanced on-array trunk-and-lateral header screen; fittings, valves, heat exchangers, external piping and pump efficiency excluded",True,"parallel modular packed zones; discrete unit count, bed friction and a geometry-normalized on-array header-friction screen are included. Tank shells, fittings, valves, heat exchangers, site-specific trunk routing, flow maldistribution and balance of plant are excluded. Hydraulic values are screening metrics, not installed-pump specifications.",35,1,11,0,0.5427997570939778,decision_resolution_fixed_service_front,1.0,33.84533038174867,33.56154299625118,9.609432286638576e-06,0.1
S50MW_6H,50.0,6.0,300.0,G0225_T1_homogeneous_none__SOLAR_SALT_60_40_V10,G0225,T1_homogeneous_none,SOLAR_SALT_60_40_V10,Solar Salt (NaNO3-KNO3 60:40 wt%),homogeneous,none,Tier_2_unit_pair_partial,False,11497,1868,12272,11497,11497,37351,0.05,True,0.0567268062142696,4.348960598416978,0.16243999822036861,0.896621897538676,0.9570403745433308,0.026094786044892175,0.9,"time integral of positive outlet enthalpy flow following the simulated charge end state, with linear within-step interpolation at the registered outlet-grade threshold",True,0.9999999999794715,True,525.0,run-wise frozen at the registered transport-property temperature,5.6429735152611356,5.6429735152611356,1.0,0.0,0.0,0.0,6.527849710655722,0.0,18,binary_monotone_bracket_with_adjacent_verification,MINIMAL_INTEGER_COUNT_BINARY_BRACKET,False,0.003918386041790178,7093.720639184966,300.01175515812537,6.000235103162507,0.042290923939523585,5248.957140653654,11214.136860585211,0.003918386041790178,515.6119249911494,0.000515969186530148,0.0005083075106650791,7.661675865065838e-06,67.6680411614631,3.6965707803316525,63.97147038113145,107,108,1.0829784480790143,0.5614631275365252,0.05416526392989217,0.05441778401175456,1.5,"two-level balanced square-array Darcy-Weisbach friction screen with one trunk and one lateral supply-return pair; uniform module flow is prescribed and fittings, valves, heat exchangers and site-specific manifolds are excluded",25.131044415943776,0.0005026208883188756,"frictional energy for the modeled packed bed plus the registered balanced on-array trunk-and-lateral header screen; fittings, valves, heat exchangers, external piping and pump efficiency excluded",True,"parallel modular packed zones; discrete unit count, bed friction and a geometry-normalized on-array header-friction screen are included. Tank shells, fittings, valves, heat exchangers, site-specific trunk routing, flow maldistribution and balance of plant are excluded. Hydraulic values are screening metrics, not installed-pump specifications.",35,0,25,0,0.5529448352028944,decision_resolution_fixed_service_front,1.0,33.84533038174867,33.56154299625118,9.609432286638576e-06,0.1
S50MW_6H,50.0,6.0,300.0,G0130_T2_graded_two_layer_fine_hot__AIP_FLINAK_2017_V10,G0130,T2_graded_two_layer_fine_hot,AIP_FLINAK_2017_V10,FLiNaK (LiF-NaF-KF),graded_two_layer,fine_hot,Tier_3_hypothetical_common_skeleton,False,7413,2367,7618,7413,7413,47335,0.05,True,0.0717543361145314,6.744907594765952,0.3192731812718882,0.9444546974251505,0.9706021904542163,0.04047355287349576,0.9,"time integral of positive outlet enthalpy flow following the simulated charge end state, with linear within-step interpolation at the registered outlet-grade threshold",True,0.9999999999999813,True,525.0,run-wise frozen at the registered transport-property temperature,5.5644455574439435,5.5644455574439435,1.0,0.0,0.0,0.0,6.751278253407882,0.0,17,binary_monotone_bracket_with_adjacent_verification,MINIMAL_INTEGER_COUNT_BINARY_BRACKET,False,0.010149150408023111,5969.42841476171,300.03044745122406,6.000608949024481,0.05025606794414931,5656.647810475213,8974.506728525914,0.010149150408023111,213.21139972242617,0.012463113613840407,0.012409631503503991,5.348211033630898e-05,74.01004481452959,4.377666189697672,69.63237862483193,86,87,0.8569848115564328,0.46289256226560627,0.04985772159563105,0.050146754287088556,1.5,"two-level balanced square-array Darcy-Weisbach friction screen with one trunk and one lateral supply-return pair; uniform module flow is prescribed and fittings, valves, heat exchangers and site-specific manifolds are excluded",18.68552656037753,0.0003737105312075506,"frictional energy for the modeled packed bed plus the registered balanced on-array trunk-and-lateral header screen; fittings, valves, heat exchangers, external piping and pump efficiency excluded",True,"parallel modular packed zones; discrete unit count, bed friction and a geometry-normalized on-array header-friction screen are included. Tank shells, fittings, valves, heat exchangers, site-specific trunk routing, flow maldistribution and balance of plant are excluded. Hydraulic values are screening metrics, not installed-pump specifications.",2,12,12,0,0.5770130907143965,decision_resolution_fixed_service_front,1.0,33.84533038174867,33.56154299625118,9.609432286638576e-06,0.1
S50MW_6H,50.0,6.0,300.0,G0127_T1_homogeneous_none__AIP_FLINAK_2017_V10,G0127,T1_homogeneous_none,AIP_FLINAK_2017_V10,FLiNaK (LiF-NaF-KF),homogeneous,none,Tier_3_hypothetical_common_skeleton,False,5311,2865,5379,5311,5311,57290,0.05,True,0.10015343506251577,9.414422895876482,0.5393613751810392,0.9606815872103792,0.973037222200335,0.05649354332720054,0.9,"time integral of positive outlet enthalpy flow following the simulated charge end state, with linear within-step interpolation at the registered outlet-grade threshold",True,0.9999999999905147,True,525.0,run-wise frozen at the registered transport-property temperature,5.550590039537341,5.550590039537341,1.0,0.0,0.0,0.0,5.631505963638052,0.0,15,binary_monotone_bracket_with_adjacent_verification,MINIMAL_INTEGER_COUNT_BINARY_BRACKET,False,0.012402870254013543,5910.022871716093,300.03720861076204,6.00074417221524,0.05076122487371847,6427.662992273232,7812.5721803138185,0.012402870254013543,85.40445163770679,0.0034365096916235257,0.003419754389024988,1.6755302598604436e-05,73.30052178516111,4.734114961460499,68.56640682370062,72,74,1.1033250763250884,0.46289256226560627,0.05426920779969175,0.05463965037860893,1.5,"two-level balanced square-array Darcy-Weisbach friction screen with one trunk and one lateral supply-return pair; uniform module flow is prescribed and fittings, valves, heat exchangers and site-specific manifolds are excluded",18.50414283489181,0.00037008285669783614,"frictional energy for the modeled packed bed plus the registered balanced on-array trunk-and-lateral header screen; fittings, valves, heat exchangers, external piping and pump efficiency excluded",True,"parallel modular packed zones; discrete unit count, bed friction and a geometry-normalized on-array header-friction screen are included. Tank shells, fittings, valves, heat exchangers, site-specific trunk routing, flow maldistribution and balance of plant are excluded. Hydraulic values are screening metrics, not installed-pump specifications.",0,35,11,0,0.5804774820544103,decision_resolution_fixed_service_front,1.0,33.84533038174867,33.56154299625118,9.609432286638576e-06,0.1
S50MW_6H,50.0,6.0,300.0,G0024_T1_homogeneous_none__SOLAR_SALT_60_40_V10,G0024,T1_homogeneous_none,SOLAR_SALT_60_40_V10,Solar Salt (NaNO3-KNO3 60:40 wt%),homogeneous,none,Tier_2_unit_pair_partial,False,3536,2199,3592,3536,3536,43978,0.05,True,0.18444233344045746,14.14027149321267,0.6218747191603029,0.9285822479490898,0.9431740316353509,0.08485058026893996,0.9,"time integral of positive outlet enthalpy flow following the simulated charge end state, with linear within-step interpolation at the registered outlet-grade threshold",True,0.9999999999879249,True,525.0,run-wise frozen at the registered transport-property temperature,5.726811488734736,5.726811488734736,1.0,0.0,0.0,0.0,4.536043793329511,0.0,14,binary_monotone_bracket_with_adjacent_verification,MINIMAL_INTEGER_COUNT_BINARY_BRACKET,False,0.010550610323889487,7196.784705343171,300.03165183097167,6.000633036619433,0.041685282008959976,5313.957929398289,11394.584858266082,0.010550610323889487,60.80409271987568,0.0011182426086928173,0.0010759717596724838,4.2270849020336505e-05,34.905594980871506,2.6758138733696213,32.229781107501886,59,60,1.4030196498438297,0.5614631275365252,0.07252556455855382,0.07313760549004353,1.5,"two-level balanced square-array Darcy-Weisbach friction screen with one trunk and one lateral supply-return pair; uniform module flow is prescribed and fittings, valves, heat exchangers and site-specific manifolds are excluded",12.963807677178286,0.0002592761535435657,"frictional energy for the modeled packed bed plus the registered balanced on-array trunk-and-lateral header screen; fittings, valves, heat exchangers, external piping and pump efficiency excluded",True,"parallel modular packed zones; discrete unit count, bed friction and a geometry-normalized on-array header-friction screen are included. Tank shells, fittings, valves, heat exchangers, site-specific trunk routing, flow maldistribution and balance of plant are excluded. Hydraulic values are screening metrics, not installed-pump specifications.",38,2,0,0,0.5927422084047013,decision_resolution_fixed_service_front,1.0,33.84533038174867,33.56154299625118,9.609432286638576e-06,0.1
S50MW_6H,50.0,6.0,300.0,G0134_T1_homogeneous_none__AIP_FLINAK_2017_V10,G0134,T1_homogeneous_none,AIP_FLINAK_2017_V10,FLiNaK (LiF-NaF-KF),homogeneous,none,Tier_3_hypothetical_common_skeleton,False,3034,2435,3050,3034,3034,48697,0.05,True,0.17531802690079804,16.47989452867502,0.8025295968056404,0.9562800839652317,0.9612658863448503,0.09890075211037018,0.9,"time integral of positive outlet enthalpy flow following the simulated charge end state, with linear within-step interpolation at the registered outlet-grade threshold",True,0.9999999999983261,True,525.0,run-wise frozen at the registered transport-property temperature,5.619547894346771,5.619547894346771,1.0,0.0,0.0,0.0,4.639984780983611,0.0,13,binary_monotone_bracket_with_adjacent_verification,MINIMAL_INTEGER_COUNT_BINARY_BRACKET,False,0.02162730095440768,5949.329587092475,300.0648819028632,6.001297638057264,0.050425849771522646,7098.6839951369875,7049.964234509158,0.02162730095440768,24.605996337127433,0.0014817176356113604,0.0014685567666983745,1.3160868913030589e-05,57.82973378283709,4.441438042270437,53.388295740566655,55,56,1.3485914799213816,0.46289256226560627,0.06232377616522244,0.06288780373556964,1.5,"two-level balanced square-array Darcy-Weisbach friction screen with one trunk and one lateral supply-return pair; uniform module flow is prescribed and fittings, valves, heat exchangers and site-specific manifolds are excluded",14.598353169849187,0.00029196706339698375,"frictional energy for the modeled packed bed plus the registered balanced on-array trunk-and-lateral header screen; fittings, valves, heat exchangers, external piping and pump efficiency excluded",True,"parallel modular packed zones; discrete unit count, bed friction and a geometry-normalized on-array header-friction screen are included. Tank shells, fittings, valves, heat exchangers, site-specific trunk routing, flow maldistribution and balance of plant are excluded. Hydraulic values are screening metrics, not installed-pump specifications.",1,55,3,0,0.5967361333727444,decision_resolution_fixed_service_front,1.0,33.84533038174867,33.56154299625118,9.609432286638576e-06,0.1
S50MW_6H,50.0,6.0,300.0,G0187_T1_homogeneous_none__AIP_FLINAK_2017_V10,G0187,T1_homogeneous_none,AIP_FLINAK_2017_V10,FLiNaK (LiF-NaF-KF),homogeneous,none,Tier_3_hypothetical_common_skeleton,False,3994,3956,3995,3994,3994,79104,0.05,True,0.13317849114096675,12.518778167250876,0.9902861241160757,0.9587960190756093,0.9590188810178262,0.07512293748174506,0.9,"time integral of positive outlet enthalpy flow following the simulated charge end state, with linear within-step interpolation at the registered outlet-grade threshold",True,0.9999999999927826,True,525.0,run-wise frozen at the registered transport-property temperature,5.631702408250277,5.631702408250277,1.0,0.0,0.0,0.0,4.942171398166918,0.0,9,binary_monotone_bracket_with_adjacent_verification,MINIMAL_INTEGER_COUNT_BINARY_BRACKET,False,0.013670767363271885,6043.823740919931,300.0410123020898,6.000820246041797,0.0496374502070335,5688.524277551659,9136.426199763473,0.013670767363271885,0.9809160854995058,0.00339963170284439,0.003381728773166493,1.790292967782465e-05,70.22465972830355,4.967311460921038,65.25734826738251,63,64,1.3229517471155576,0.46289256226560627,0.058136174007714585,0.058595755657596206,1.5,"two-level balanced square-array Darcy-Weisbach friction screen with one trunk and one lateral supply-return pair; uniform module flow is prescribed and fittings, valves, heat exchangers and site-specific manifolds are excluded",17.72769263274652,0.00035455385265493046,"frictional energy for the modeled packed bed plus the registered balanced on-array trunk-and-lateral header screen; fittings, valves, heat exchangers, external piping and pump efficiency excluded",True,"parallel modular packed zones; discrete unit count, bed friction and a geometry-normalized on-array header-friction screen are included. Tank shells, fittings, valves, heat exchangers, site-specific trunk routing, flow maldistribution and balance of plant are excluded. Hydraulic values are screening metrics, not installed-pump specifications.",4,13,10,0,0.5975983440918708,decision_resolution_fixed_service_front,1.0,33.84533038174867,33.56154299625118,9.609432286638576e-06,0.1
S50MW_6H,50.0,6.0,300.0,G0106_T1_homogeneous_none__AIP_FLINAK_2017_V10,G0106,T1_homogeneous_none,AIP_FLINAK_2017_V10,FLiNaK (LiF-NaF-KF),homogeneous,none,Tier_3_hypothetical_common_skeleton,False,4863,2826,4918,4863,4863,56508,0.05,True,0.10937999046206481,10.281719103434094,0.581009618460899,0.9616240600779913,0.9724742034481505,0.06169908668745996,0.9,"time integral of positive outlet enthalpy flow following the simulated charge end state, with linear within-step interpolation at the registered outlet-grade threshold",True,0.9999999999999191,True,525.0,run-wise frozen at the registered transport-property temperature,5.554202809399756,5.554202809399756,1.0,0.0,0.0,0.0,5.395992319558096,0.0,14,binary_monotone_bracket_with_adjacent_verification,MINIMAL_INTEGER_COUNT_BINARY_BRACKET,False,0.01421952037257146,5936.00920233078,300.0426585611177,6.000853171222355,0.05053900520946038,6036.221388734179,8391.079719328187,0.01421952037257146,72.11419023475226,0.004597274443817313,0.004577204076960545,2.0070366856889274e-05,72.75277941217848,4.816648857190326,67.93613055498815,69,71,1.1728705861053985,0.46289256226560627,0.055536318606502905,0.0559315998838598,1.5,"two-level balanced square-array Darcy-Weisbach friction screen with one trunk and one lateral supply-return pair; uniform module flow is prescribed and fittings, valves, heat exchangers and site-specific manifolds are excluded",18.36616905578238,0.0003673233811156476,"frictional energy for the modeled packed bed plus the registered balanced on-array trunk-and-lateral header screen; fittings, valves, heat exchangers, external piping and pump efficiency excluded",True,"parallel modular packed zones; discrete unit count, bed friction and a geometry-normalized on-array header-friction screen are included. Tank shells, fittings, valves, heat exchangers, site-specific trunk routing, flow maldistribution and balance of plant are excluded. Hydraulic values are screening metrics, not installed-pump specifications.",1,23,11,0,0.6157315450527467,decision_resolution_fixed_service_front,1.0,33.84533038174867,33.56154299625118,9.609432286638576e-06,0.1
S50MW_6H,50.0,6.0,300.0,G0045_T1_homogeneous_none__SOLAR_SALT_60_40_V10,G0045,T1_homogeneous_none,SOLAR_SALT_60_40_V10,Solar Salt (NaNO3-KNO3 60:40 wt%),homogeneous,none,Tier_2_unit_pair_partial,False,6545,2956,6682,6545,6545,59108,0.05,True,0.09964676715744195,7.639419404125286,0.45155298434501384,0.9413836629613392,0.9611411485023107,0.04584251785751409,0.9,"time integral of positive outlet enthalpy flow following the simulated charge end state, with linear within-step interpolation at the registered outlet-grade threshold",True,0.9999999999816153,True,525.0,run-wise frozen at the registered transport-property temperature,5.619422326593701,5.619422326593701,1.0,0.0,0.0,0.0,5.592599324722605,0.0,16,binary_monotone_bracket_with_adjacent_verification,MINIMAL_INTEGER_COUNT_BINARY_BRACKET,False,0.013093125809926498,7082.957903144302,300.03927937742975,6.000785587548595,0.04235518608219068,5365.621220992341,11003.236415482777,0.013093125809926498,121.45795392107064,0.0013355673425508125,0.001305836014745008,2.973132780585533e-05,45.86174328306346,2.9271767441292376,42.93456653893423,80,82,1.1403680906306226,0.5614631275365252,0.06246099877727925,0.06284537778233265,1.5,"two-level balanced square-array Darcy-Weisbach friction screen with one trunk and one lateral supply-return pair; uniform module flow is prescribed and fittings, valves, heat exchangers and site-specific manifolds are excluded",17.032830616088834,0.0003406566123217767,"frictional energy for the modeled packed bed plus the registered balanced on-array trunk-and-lateral header screen; fittings, valves, heat exchangers, external piping and pump efficiency excluded",True,"parallel modular packed zones; discrete unit count, bed friction and a geometry-normalized on-array header-friction screen are included. Tank shells, fittings, valves, heat exchangers, site-specific trunk routing, flow maldistribution and balance of plant are excluded. Hydraulic values are screening metrics, not installed-pump specifications.",35,4,8,0,0.6435706482330382,decision_resolution_fixed_service_front,1.0,33.84533038174867,33.56154299625118,9.609432286638576e-06,0.1
S50MW_6H,50.0,6.0,300.0,G0184_T1_homogeneous_none__AIP_FLINAK_2017_V10,G0184,T1_homogeneous_none,AIP_FLINAK_2017_V10,FLiNaK (LiF-NaF-KF),homogeneous,none,Tier_3_hypothetical_common_skeleton,False,5478,2542,5567,5478,5478,50834,0.05,True,0.09710019963801045,9.127418765972983,0.46398632409787016,0.957997807105496,0.9735868586275426,0.05477276119368454,0.9,"time integral of positive outlet enthalpy flow following the simulated charge end state, with linear within-step interpolation at the registered outlet-grade threshold",True,0.9999999999999033,True,525.0,run-wise frozen at the registered transport-property temperature,5.548008303922007,5.548008303922007,1.0,0.0,0.0,0.0,5.790955388750883,0.0,15,binary_monotone_bracket_with_adjacent_verification,MINIMAL_INTEGER_COUNT_BINARY_BRACKET,False,0.015061939667959656,5886.32596355403,300.0451858190039,6.000903716380078,0.05096557714565756,6785.341258630667,7284.094272992696,0.015061939667959656,115.52359370597887,0.002811566185598039,0.002795744875977996,1.582130962013221e-05,71.5630694494363,4.642727867788077,66.92034158164822,74,75,1.0509426433509348,0.46289256226560627,0.05380034350008039,0.05416263946901014,1.5,"two-level balanced square-array Darcy-Weisbach friction screen with one trunk and one lateral supply-return pair; uniform module flow is prescribed and fittings, valves, heat exchangers and site-specific manifolds are excluded",18.065399403007778,0.00036130798806015556,"frictional energy for the modeled packed bed plus the registered balanced on-array trunk-and-lateral header screen; fittings, valves, heat exchangers, external piping and pump efficiency excluded",True,"parallel modular packed zones; discrete unit count, bed friction and a geometry-normalized on-array header-friction screen are included. Tank shells, fittings, valves, heat exchangers, site-specific trunk routing, flow maldistribution and balance of plant are excluded. Hydraulic values are screening metrics, not installed-pump specifications.",0,46,10,0,0.6440588364930908,decision_resolution_fixed_service_front,1.0,33.84533038174867,33.56154299625118,9.609432286638576e-06,0.1
S50MW_6H,50.0,6.0,300.0,G0202_T1_homogeneous_none__AIP_FLINAK_2017_V10,G0202,T1_homogeneous_none,AIP_FLINAK_2017_V10,FLiNaK (LiF-NaF-KF),homogeneous,none,Tier_3_hypothetical_common_skeleton,False,3436,2032,3491,3435,3435,40625,0.05,True,0.15480643003987812,14.551804423748544,0.5911814966080028,0.934771375132269,0.9499066394077885,0.0873368624657833,0.9,"time integral of positive outlet enthalpy flow following the simulated charge end state, with linear within-step interpolation at the registered outlet-grade threshold",True,0.9999999999999852,True,525.0,run-wise frozen at the registered transport-property temperature,5.687010532300753,5.687010532300753,1.0,0.0,0.0,0.0,4.849769807259363,0.0,13,binary_monotone_bracket_with_adjacent_verification,MINIMAL_INTEGER_COUNT_BINARY_BRACKET,False,0.02981981081049412,6057.306222015571,300.08945943243145,6.001789188648629,0.04952696611401873,6544.529102231407,8063.430741132608,0.02981981081049412,69.15279076521475,0.0017116567096161044,0.0016954593685421621,1.619734107399023e-05,60.308813619918304,4.416117933933106,55.8926956859852,58,60,1.2742787844345949,0.46289256226560627,0.06065681897334508,0.061168699938513926,1.5,"two-level balanced square-array Darcy-Weisbach friction screen with one trunk and one lateral supply-return pair; uniform module flow is prescribed and fittings, valves, heat exchangers and site-specific manifolds are excluded",15.224206170111266,0.0003044841234022252,"frictional energy for the modeled packed bed plus the registered balanced on-array trunk-and-lateral header screen; fittings, valves, heat exchangers, external piping and pump efficiency excluded",True,"parallel modular packed zones; discrete unit count, bed friction and a geometry-normalized on-array header-friction screen are included. Tank shells, fittings, valves, heat exchangers, site-specific trunk routing, flow maldistribution and balance of plant are excluded. Hydraulic values are screening metrics, not installed-pump specifications.",5,39,4,0,0.6788543132763469,decision_resolution_fixed_service_front,1.0,33.84533038174867,33.56154299625118,9.609432286638576e-06,0.1
S50MW_6H,50.0,6.0,300.0,G0121_T1_homogeneous_none__SOLAR_SALT_60_40_V10,G0121,T1_homogeneous_none,SOLAR_SALT_60_40_V10,Solar Salt (NaNO3-KNO3 60:40 wt%),homogeneous,none,Tier_2_unit_pair_partial,False,3597,3484,3599,3597,3597,69673,0.05,True,0.18131445400207327,13.900472616068946,0.9684942847937178,0.9654850366335678,0.9661211049241955,0.08341317304088333,0.9,"time integral of positive outlet enthalpy flow following the simulated charge end state, with linear within-step interpolation at the registered outlet-grade threshold",True,0.9999999999909958,True,525.0,run-wise frozen at the registered transport-property temperature,5.590491620855887,5.590491620855887,1.0,0.0,0.0,0.0,4.599494081014933,0.0,10,binary_monotone_bracket_with_adjacent_verification,MINIMAL_INTEGER_COUNT_BINARY_BRACKET,False,0.012394476019128575,7143.210025219592,300.0371834280574,6.000743668561148,0.0419979251542135,6049.46105739969,10103.981860640744,0.012394476019128575,3.253061551415626,0.0015236663113737995,0.001480938813361272,4.272749801249527e-05,34.61458192730512,2.614709709662164,31.999872217642956,59,61,1.3702208113233216,0.5614631275365252,0.07251479887879415,0.07311659176073398,1.5,"two-level balanced square-array Darcy-Weisbach friction screen with one trunk and one lateral supply-return pair; uniform module flow is prescribed and fittings, valves, heat exchangers and site-specific manifolds are excluded",12.8558805458281,0.000257117610916562,"frictional energy for the modeled packed bed plus the registered balanced on-array trunk-and-lateral header screen; fittings, valves, heat exchangers, external piping and pump efficiency excluded",True,"parallel modular packed zones; discrete unit count, bed friction and a geometry-normalized on-array header-friction screen are included. Tank shells, fittings, valves, heat exchangers, site-specific trunk routing, flow maldistribution and balance of plant are excluded. Hydraulic values are screening metrics, not installed-pump specifications.",37,24,0,0,0.6791425023632863,decision_resolution_fixed_service_front,1.0,33.84533038174867,33.56154299625118,9.609432286638576e-06,0.1
S50MW_6H,50.0,6.0,300.0,G0192_T1_homogeneous_none__AIP_FLINAK_2017_V10,G0192,T1_homogeneous_none,AIP_FLINAK_2017_V10,FLiNaK (LiF-NaF-KF),homogeneous,none,Tier_3_hypothetical_common_skeleton,False,6286,3737,6354,6286,6286,74726,0.05,True,0.0846189776673594,7.954183900731785,0.594388179861422,0.9622011186876399,0.9725777752928119,0.047725996793969085,0.9,"time integral of positive outlet enthalpy flow following the simulated charge end state, with linear within-step interpolation at the registered outlet-grade threshold",True,0.9999999999890898,True,525.0,run-wise frozen at the registered transport-property temperature,5.552419395314745,5.552419395314745,1.0,0.0,0.0,0.0,5.668083775780266,0.0,15,binary_monotone_bracket_with_adjacent_verification,MINIMAL_INTEGER_COUNT_BINARY_BRACKET,False,0.0018719489632168518,5949.236927140792,300.00561584688967,6.000112316937793,0.05042663515910438,5777.982541138222,8762.030364432021,0.0018719489632168518,68.2402231203763,0.002955630238093631,0.0029472465026183286,8.383735475288428e-06,93.62973428875718,5.801441329888873,87.8282929588683,79,80,1.2359494274863283,0.46289256226560627,0.05189273490295785,0.05222013710921269,1.5,"two-level balanced square-array Darcy-Weisbach friction screen with one trunk and one lateral supply-return pair; uniform module flow is prescribed and fittings, valves, heat exchangers and site-specific manifolds are excluded",23.635731392664535,0.0004727146278532907,"frictional energy for the modeled packed bed plus the registered balanced on-array trunk-and-lateral header screen; fittings, valves, heat exchangers, external piping and pump efficiency excluded",True,"parallel modular packed zones; discrete unit count, bed friction and a geometry-normalized on-array header-friction screen are included. Tank shells, fittings, valves, heat exchangers, site-specific trunk routing, flow maldistribution and balance of plant are excluded. Hydraulic values are screening metrics, not installed-pump specifications.",1,16,22,0,0.7155580729773113,decision_resolution_fixed_service_front,1.0,33.84533038174867,33.56154299625118,9.609432286638576e-06,0.1
S50MW_6H,50.0,6.0,300.0,G0015_T1_homogeneous_none__AIP_FLINAK_2017_V10,G0015,T1_homogeneous_none,AIP_FLINAK_2017_V10,FLiNaK (LiF-NaF-KF),homogeneous,none,Tier_3_hypothetical_common_skeleton,False,3706,2055,3757,3706,3706,41080,0.05,True,0.14352803389558047,13.491635186184565,0.5542397118867329,0.9536532135442285,0.9667678749533369,0.08096255487403506,0.9,"time integral of positive outlet enthalpy flow following the simulated charge end state, with linear within-step interpolation at the registered outlet-grade threshold",True,0.9999999999909089,True,525.0,run-wise frozen at the registered transport-property temperature,5.5869192786245305,5.5869192786245305,1.0,0.0,0.0,0.0,4.802953673840943,0.0,14,binary_monotone_bracket_with_adjacent_verification,MINIMAL_INTEGER_COUNT_BINARY_BRACKET,False,0.015742787724648544,5936.795978344888,300.04722836317393,6.0009445672634785,0.05053230750968751,6676.398555987783,7563.2250289837275,0.015742787724648544,80.42734552452366,0.0016467686172683847,0.0016379642878876874,8.804329380775209e-06,70.06661231094648,5.015989243812509,65.05062306713397,60,62,1.3981046093890797,0.46289256226560627,0.05938714025344574,0.05987194127905936,1.5,"two-level balanced square-array Darcy-Weisbach friction screen with one trunk and one lateral supply-return pair; uniform module flow is prescribed and fittings, valves, heat exchangers and site-specific manifolds are excluded",17.687354194234473,0.00035374708388468946,"frictional energy for the modeled packed bed plus the registered balanced on-array trunk-and-lateral header screen; fittings, valves, heat exchangers, external piping and pump efficiency excluded",True,"parallel modular packed zones; discrete unit count, bed friction and a geometry-normalized on-array header-friction screen are included. Tank shells, fittings, valves, heat exchangers, site-specific trunk routing, flow maldistribution and balance of plant are excluded. Hydraulic values are screening metrics, not installed-pump specifications.",1,43,10,0,0.7190193746785027,decision_resolution_fixed_service_front,1.0,33.84533038174867,33.56154299625118,9.609432286638576e-06,0.1
S50MW_6H,50.0,6.0,300.0,G0175_T1_homogeneous_none__SOLAR_SALT_60_40_V10,G0175,T1_homogeneous_none,SOLAR_SALT_60_40_V10,Solar Salt (NaNO3-KNO3 60:40 wt%),homogeneous,none,Tier_2_unit_pair_partial,False,8574,2230,8891,8574,8574,44581,0.05,True,0.07606579088470464,5.831583858175881,0.25998188588948423,0.9313552451910511,0.9657089205166984,0.03499004490470618,0.9,"time integral of positive outlet enthalpy flow following the simulated charge end state, with linear within-step interpolation at the registered outlet-grade threshold",True,0.9999999999900183,True,525.0,run-wise frozen at the registered transport-property temperature,5.591993383513301,5.591993383513301,1.0,0.0,0.0,0.0,6.221522612621201,0.0,17,binary_monotone_bracket_with_adjacent_verification,MINIMAL_INTEGER_COUNT_BINARY_BRACKET,False,0.0015483376502700708,7052.150824831676,300.0046450129508,6.000092900259016,0.04254021325574252,5365.4144406998785,10919.393169781993,0.0015483376502700708,284.6421825038573,0.0015864447747543087,0.0015547871003808189,3.1657674373549914e-05,49.74583661562218,2.9437118059896696,46.80212480963252,92,94,1.000286700835402,0.5614631275365252,0.05847510027072287,0.05878864192995645,1.5,"two-level balanced square-array Darcy-Weisbach friction screen with one trunk and one lateral supply-return pair; uniform module flow is prescribed and fittings, valves, heat exchangers and site-specific manifolds are excluded",18.47541534092082,0.0003695083068184164,"frictional energy for the modeled packed bed plus the registered balanced on-array trunk-and-lateral header screen; fittings, valves, heat exchangers, external piping and pump efficiency excluded",True,"parallel modular packed zones; discrete unit count, bed friction and a geometry-normalized on-array header-friction screen are included. Tank shells, fittings, valves, heat exchangers, site-specific trunk routing, flow maldistribution and balance of plant are excluded. Hydraulic values are screening metrics, not installed-pump specifications.",34,4,11,0,0.7242615608222301,decision_resolution_fixed_service_front,1.0,33.84533038174867,33.56154299625118,9.609432286638576e-06,0.1
S50MW_6H,50.0,6.0,300.0,G0029_T1_homogeneous_none__AIP_FLINAK_2017_V10,G0029,T1_homogeneous_none,AIP_FLINAK_2017_V10,FLiNaK (LiF-NaF-KF),homogeneous,none,Tier_3_hypothetical_common_skeleton,False,3405,3190,3409,3405,3405,63793,0.05,True,0.15621582778767143,14.684287812041116,0.9367682771144874,0.9696388127270474,0.9708797680909593,0.08811720395829593,0.9,"time integral of positive outlet enthalpy flow following the simulated charge end state, with linear within-step interpolation at the registered outlet-grade threshold",True,0.999999999991456,True,525.0,run-wise frozen at the registered transport-property temperature,5.563235719091462,5.563235719091462,1.0,0.0,0.0,0.0,4.839838432496768,0.0,11,binary_monotone_bracket_with_adjacent_verification,MINIMAL_INTEGER_COUNT_BINARY_BRACKET,False,0.01302649266587963,5893.081330660616,300.03907947799763,6.000781589559953,0.05090715419778025,6971.991539101823,7060.553629855917,0.01302649266587963,6.749985501247346,0.0023310729783025,0.0023153647908087174,1.570818749381095e-05,60.492762398215014,4.479689326621942,56.01307307159307,58,59,1.291830173274739,0.46289256226560627,0.0604137287439548,0.060932311034478485,1.5,"two-level balanced square-array Darcy-Weisbach friction screen with one trunk and one lateral supply-return pair; uniform module flow is prescribed and fittings, valves, heat exchangers and site-specific manifolds are excluded",15.270796781511523,0.0003054159356302304,"frictional energy for the modeled packed bed plus the registered balanced on-array trunk-and-lateral header screen; fittings, valves, heat exchangers, external piping and pump efficiency excluded",True,"parallel modular packed zones; discrete unit count, bed friction and a geometry-normalized on-array header-friction screen are included. Tank shells, fittings, valves, heat exchangers, site-specific trunk routing, flow maldistribution and balance of plant are excluded. Hydraulic values are screening metrics, not installed-pump specifications.",0,51,5,0,0.728839750024185,decision_resolution_fixed_service_front,1.0,33.84533038174867,33.56154299625118,9.609432286638576e-06,0.1
S50MW_6H,50.0,6.0,300.0,G0011_T1_homogeneous_none__SOLAR_SALT_60_40_V10,G0011,T1_homogeneous_none,SOLAR_SALT_60_40_V10,Solar Salt (NaNO3-KNO3 60:40 wt%),homogeneous,none,Tier_2_unit_pair_partial,False,3760,3498,3766,3760,3760,69945,0.05,True,0.17345427953336637,13.297872340425531,0.9301223203224338,0.9547685861811196,0.9564654631603572,0.07980523088799604,0.9,"time integral of positive outlet enthalpy flow following the simulated charge end state, with linear within-step interpolation at the registered outlet-grade threshold",True,0.999999999989532,True,525.0,run-wise frozen at the registered transport-property temperature,5.647270926276749,5.647270926276749,1.0,0.0,0.0,0.0,4.592357427740836,0.0,12,binary_monotone_bracket_with_adjacent_verification,MINIMAL_INTEGER_COUNT_BINARY_BRACKET,False,0.02255604628838004,7133.566121971155,300.06766813886514,6.001353362777303,0.04205470235651277,5504.883363038443,10924.84516112917,0.02255604628838004,7.5127408676035845,0.0012669965192703186,0.0012311987485028675,3.5797770767453086e-05,36.99714550774795,2.781689149939322,34.215456357808634,61,62,1.4171749082009675,0.5614631275365252,0.07151419190088358,0.07209799090907822,1.5,"two-level balanced square-array Darcy-Weisbach friction screen with one trunk and one lateral supply-return pair; uniform module flow is prescribed and fittings, valves, heat exchangers and site-specific manifolds are excluded",13.74063209547886,0.00027481264190957723,"frictional energy for the modeled packed bed plus the registered balanced on-array trunk-and-lateral header screen; fittings, valves, heat exchangers, external piping and pump efficiency excluded",True,"parallel modular packed zones; discrete unit count, bed friction and a geometry-normalized on-array header-friction screen are included. Tank shells, fittings, valves, heat exchangers, site-specific trunk routing, flow maldistribution and balance of plant are excluded. Hydraulic values are screening metrics, not installed-pump specifications.",36,8,1,0,0.731769698086917,decision_resolution_fixed_service_front,1.0,33.84533038174867,33.56154299625118,9.609432286638576e-06,0.1
S50MW_6H,50.0,6.0,300.0,G0213_T1_homogeneous_none__AIP_FLINAK_2017_V10,G0213,T1_homogeneous_none,AIP_FLINAK_2017_V10,FLiNaK (LiF-NaF-KF),homogeneous,none,Tier_3_hypothetical_common_skeleton,False,9671,3204,9955,9671,9671,64075,0.05,True,0.05500102301902815,5.170096163788647,0.3312769235775261,0.9390647787240045,0.966565333010226,0.03102079099950136,0.9,"time integral of positive outlet enthalpy flow following the simulated charge end state, with linear within-step interpolation at the registered outlet-grade threshold",True,0.9999999999999485,True,525.0,run-wise frozen at the registered transport-property temperature,5.587192824183864,5.587192824183864,1.0,0.0,0.0,0.0,6.503811599195677,0.0,18,binary_monotone_bracket_with_adjacent_verification,MINIMAL_INTEGER_COUNT_BINARY_BRACKET,False,0.0006899187258602169,6013.371094035448,300.0020697561776,6.000041395123552,0.049888821978334996,5335.129165856298,9511.414315898377,0.0006899187258602169,201.86225747353578,0.002408952789900461,0.0024030092246725048,5.943565227929155e-06,116.76516187316955,6.3720197217518955,110.39314215141765,98,99,1.0965597628247157,0.46289256226560627,0.046596956213592305,0.046834092382293344,1.5,"two-level balanced square-array Darcy-Weisbach friction screen with one trunk and one lateral supply-return pair; uniform module flow is prescribed and fittings, valves, heat exchangers and site-specific manifolds are excluded",29.47567715724048,0.0005895135431448096,"frictional energy for the modeled packed bed plus the registered balanced on-array trunk-and-lateral header screen; fittings, valves, heat exchangers, external piping and pump efficiency excluded",True,"parallel modular packed zones; discrete unit count, bed friction and a geometry-normalized on-array header-friction screen are included. Tank shells, fittings, valves, heat exchangers, site-specific trunk routing, flow maldistribution and balance of plant are excluded. Hydraulic values are screening metrics, not installed-pump specifications.",3,3,34,0,0.7445641506552055,decision_resolution_fixed_service_front,1.0,33.84533038174867,33.56154299625118,9.609432286638576e-06,0.1
S50MW_6H,50.0,6.0,300.0,G0212_T1_homogeneous_none__AIP_FLINAK_2017_V10,G0212,T1_homogeneous_none,AIP_FLINAK_2017_V10,FLiNaK (LiF-NaF-KF),homogeneous,none,Tier_3_hypothetical_common_skeleton,False,7498,2451,7691,7498,7498,49012,0.05,True,0.07094090338984012,6.668444918644972,0.32683725379830114,0.9486996177673707,0.9731777208670824,0.040015454731287856,0.9,"time integral of positive outlet enthalpy flow following the simulated charge end state, with linear within-step interpolation at the registered outlet-grade threshold",True,0.999999999999941,True,525.0,run-wise frozen at the registered transport-property temperature,5.549959330280765,5.549959330280765,1.0,0.0,0.0,0.0,6.106190167527984,0.0,17,binary_monotone_bracket_with_adjacent_verification,MINIMAL_INTEGER_COUNT_BINARY_BRACKET,False,0.011959858398791212,5913.734136276972,300.03587957519636,6.0007175915039275,0.050729368802647404,6345.904200602564,7928.713475869238,0.011959858398791212,205.96267358711907,0.002043263971950516,0.002036230774169295,7.033197781266771e-06,94.85606238777176,5.5523965404410704,89.30366584733069,86,88,1.0867857999298889,0.46289256226560627,0.04986170338633362,0.05014744614618238,1.5,"two-level balanced square-array Darcy-Weisbach friction screen with one trunk and one lateral supply-return pair; uniform module flow is prescribed and fittings, valves, heat exchangers and site-specific manifolds are excluded",23.94506349802907,0.0004789012699605814,"frictional energy for the modeled packed bed plus the registered balanced on-array trunk-and-lateral header screen; fittings, valves, heat exchangers, external piping and pump efficiency excluded",True,"parallel modular packed zones; discrete unit count, bed friction and a geometry-normalized on-array header-friction screen are included. Tank shells, fittings, valves, heat exchangers, site-specific trunk routing, flow maldistribution and balance of plant are excluded. Hydraulic values are screening metrics, not installed-pump specifications.",0,33,23,0,0.7683788678722259,decision_resolution_fixed_service_front,1.0,33.84533038174867,33.56154299625118,9.609432286638576e-06,0.1
S50MW_6H,50.0,6.0,300.0,G0161_T1_homogeneous_none__AIP_FLINAK_2017_V10,G0161,T1_homogeneous_none,AIP_FLINAK_2017_V10,FLiNaK (LiF-NaF-KF),homogeneous,none,Tier_3_hypothetical_common_skeleton,False,4824,2792,4887,4824,4824,55831,0.05,True,0.11026428142973077,10.364842454394694,0.578688982641738,0.9532814145667227,0.9656606250884823,0.06219436362925277,0.9,"time integral of positive outlet enthalpy flow following the simulated charge end state, with linear within-step interpolation at the registered outlet-grade threshold",True,0.999999999995019,True,525.0,run-wise frozen at the registered transport-property temperature,5.592980838987844,5.592980838987844,1.0,0.0,0.0,0.0,5.1550807967295205,0.0,14,binary_monotone_bracket_with_adjacent_verification,MINIMAL_INTEGER_COUNT_BINARY_BRACKET,False,0.008536715838447506,6017.406304392646,300.02561014751535,6.000512202950307,0.049855367050917435,5376.997169536964,9468.155697797209,0.008536715838447506,72.80439579736952,0.0034376908144170405,0.00342668318962212,1.1007624794771435e-05,85.29665870832136,5.720692466780335,79.57596624154101,69,70,1.3876824817744169,0.46289256226560627,0.055360639522543775,0.055760360522215315,1.5,"two-level balanced square-array Darcy-Weisbach friction screen with one trunk and one lateral supply-return pair; uniform module flow is prescribed and fittings, valves, heat exchangers and site-specific manifolds are excluded",21.532332009286343,0.00043064664018572683,"frictional energy for the modeled packed bed plus the registered balanced on-array trunk-and-lateral header screen; fittings, valves, heat exchangers, external piping and pump efficiency excluded",True,"parallel modular packed zones; discrete unit count, bed friction and a geometry-normalized on-array header-friction screen are included. Tank shells, fittings, valves, heat exchangers, site-specific trunk routing, flow maldistribution and balance of plant are excluded. Hydraulic values are screening metrics, not installed-pump specifications.",3,4,18,0,0.799240636546217,decision_resolution_fixed_service_front,1.0,33.84533038174867,33.56154299625118,9.609432286638576e-06,0.1
