scenario_id,target_thermal_power_MW,storage_duration_h,required_energy_MWh,design_id,base_design_id,topology_id,fluid_model_id,fluid_name,topology,gradient_orientation,pair_evidence_tier,engineering_deployment_eligible,parallel_unit_count,power_limited_unit_count,nominal_energy_limited_unit_count,resolved_energy_limited_unit_count,projected_required_unit_count,maximum_resolvable_unit_count,minimum_resolved_to_nominal_duty_ratio,service_closure_solver_feasible,resolved_unit_mass_flow_kg_s,resolved_unit_thermal_power_kW,resolved_to_nominal_unit_duty_ratio,nominal_high_grade_discharge_fraction,resolved_high_grade_discharge_fraction,resolved_unit_deliverable_energy_MWh,minimum_outlet_grade_fraction,deliverable_energy_definition,cycle_coupled_discharge,charge_final_inventory_fraction,threshold_crossing_interpolation_used,transport_property_temperature_C,transport_property_treatment,resolved_charge_t90_h,resolved_discharge_t90_h,charge_discharge_t90_ratio,charge_discharge_t90_asymmetry_pct,charge_discharge_wall_loss_difference_percentage_point,surface_heat_transfer_coefficient_W_m2K,external_area_to_packed_volume_ratio_m1,wall_loss_W_m3K,service_solver_evaluations,service_count_search_method,service_closure_status,adjacent_lower_count_feasible,service_capacity_closure_error_pct,installed_packed_volume_m3,installed_high_grade_capacity_MWh,resolved_high_grade_duration_h,service_compactness_MWh_m3,salt_inventory_t,solid_inventory_t,capacity_oversize_pct,nominal_power_margin_pct,unit_bed_pressure_drop_kPa,unit_viscous_pressure_drop_kPa,unit_inertial_pressure_drop_kPa,header_pressure_drop_kPa,header_trunk_pressure_drop_kPa,header_lateral_pressure_drop_kPa,header_array_rows,header_array_max_columns,header_module_pitch_m,header_trunk_diameter_m,header_lateral_diameter_min_m,header_lateral_diameter_max_m,header_design_velocity_m_s,header_hydraulic_model,system_pump_power_kW,pump_energy_fraction,pump_energy_definition,service_admissible,model_scope,reference_design_id,transport_temperature_case,transport_temperature_sensitivity_interpretation,mean_transport_parallel_unit_count,mean_transport_installed_packed_volume_m3,mean_transport_unit_bed_pressure_drop_kPa,parallel_unit_count_change_pct,installed_volume_change_pct,bed_pressure_drop_change_pct
S10MW_8H,10.0,8.0,80.0,G0024_T1_homogeneous_none__SOLAR_SALT_60_40_V10,G0024,T1_homogeneous_none,SOLAR_SALT_60_40_V10,Solar Salt (NaNO3-KNO3 60:40 wt%),homogeneous,none,Tier_2_unit_pair_partial,False,936,440,958,936,936,8795,0.05,True,0.13974834118719012,10.683760683760683,0.46986089892111776,0.9285822479490898,0.9505490744793076,0.08551405980063678,0.9,"time integral of positive outlet enthalpy flow following the simulated charge end state, with linear within-step interpolation at the registered outlet-grade threshold",True,0.9999999999884048,True,500.0,run-wise frozen at the registered transport-property temperature,7.578945260750186,7.578945260750186,1.0,0.0,0.0,0.0,4.536043793329511,0.0,12,binary_monotone_bracket_with_adjacent_verification,MINIMAL_INTEGER_COUNT_BINARY_BRACKET,False,0.05144996674502078,1905.0312455320156,80.04115997339602,8.004115997339602,0.04199406187569302,1406.6359224877824,3016.213638952786,0.05144996674502078,112.82894624689428,0.0008700790341975394,0.0008152427144771084,2.426683168562253e-05,34.45857257486661,3.620101411666253,30.838471163200357,30,32,1.4030196498438297,0.2514467713159729,0.04576031296309952,0.04649252446305682,1.5,"two-level balanced square-array Darcy-Weisbach friction screen with one trunk and one lateral supply-return pair; uniform module flow is prescribed and fittings, valves, heat exchangers and site-specific manifolds are excluded",2.5667378579660642,0.00025667378579660645,"frictional energy for the modeled packed bed plus the registered balanced on-array trunk-and-lateral header screen; fittings, valves, heat exchangers, external piping and pump efficiency excluded",True,"parallel modular packed zones; discrete unit count, bed friction and a geometry-normalized on-array header-friction screen are included. Tank shells, fittings, valves, heat exchangers, site-specific trunk routing, flow maldistribution and balance of plant are excluded. Hydraulic values are screening metrics, not installed-pump specifications.",G0024_T1_homogeneous_none__SOLAR_SALT_60_40_V10,cold_endpoint,Deterministic endpoint test of run-wise frozen transport properties; capacity retains the registered temperature integral.,936,1905.0312455320156,0.0008370873549463727,0.0,0.0,3.9412468789807864
S10MW_8H,10.0,8.0,80.0,G0024_T1_homogeneous_none__SOLAR_SALT_60_40_V10,G0024,T1_homogeneous_none,SOLAR_SALT_60_40_V10,Solar Salt (NaNO3-KNO3 60:40 wt%),homogeneous,none,Tier_2_unit_pair_partial,False,936,440,958,936,936,8795,0.05,True,0.13935642971056786,10.683760683760683,0.46986089892111776,0.9285822479490898,0.9506444567182577,0.08552264065427653,0.9,"time integral of positive outlet enthalpy flow following the simulated charge end state, with linear within-step interpolation at the registered outlet-grade threshold",True,0.999999999988385,True,525.0,run-wise frozen at the registered transport-property temperature,7.578945260750186,7.578945260750186,1.0,0.0,0.0,0.0,4.536043793329511,0.0,12,binary_monotone_bracket_with_adjacent_verification,MINIMAL_INTEGER_COUNT_BINARY_BRACKET,False,0.06148956550353635,1905.0312455320156,80.04919165240283,8.004919165240283,0.04199406187569302,1406.6359224877824,3016.213638952786,0.06148956550353635,112.82894624689428,0.0008370873549463727,0.0008129564406414618,2.4130914304942382e-05,34.51895713692514,3.6262405947906693,30.89271654213447,30,32,1.4030196498438297,0.25109394400626084,0.04569610260147964,0.046427286670413195,1.5,"two-level balanced square-array Darcy-Weisbach friction screen with one trunk and one lateral supply-return pair; uniform module flow is prescribed and fittings, valves, heat exchangers and site-specific manifolds are excluded",2.564022401732844,0.0002564022401732844,"frictional energy for the modeled packed bed plus the registered balanced on-array trunk-and-lateral header screen; fittings, valves, heat exchangers, external piping and pump efficiency excluded",True,"parallel modular packed zones; discrete unit count, bed friction and a geometry-normalized on-array header-friction screen are included. Tank shells, fittings, valves, heat exchangers, site-specific trunk routing, flow maldistribution and balance of plant are excluded. Hydraulic values are screening metrics, not installed-pump specifications.",G0024_T1_homogeneous_none__SOLAR_SALT_60_40_V10,mean,Deterministic endpoint test of run-wise frozen transport properties; capacity retains the registered temperature integral.,936,1905.0312455320156,0.0008370873549463727,0.0,0.0,0.0
S10MW_8H,10.0,8.0,80.0,G0024_T1_homogeneous_none__SOLAR_SALT_60_40_V10,G0024,T1_homogeneous_none,SOLAR_SALT_60_40_V10,Solar Salt (NaNO3-KNO3 60:40 wt%),homogeneous,none,Tier_2_unit_pair_partial,False,936,440,958,936,936,8795,0.05,True,0.138966710246627,10.683760683760683,0.46986089892111776,0.9285822479490898,0.950737433305954,0.08553100508878472,0.9,"time integral of positive outlet enthalpy flow following the simulated charge end state, with linear within-step interpolation at the registered outlet-grade threshold",True,0.9999999999883779,True,550.0,run-wise frozen at the registered transport-property temperature,7.578945260750186,7.578945260750186,1.0,0.0,0.0,0.0,4.536043793329511,0.0,12,binary_monotone_bracket_with_adjacent_verification,MINIMAL_INTEGER_COUNT_BINARY_BRACKET,False,0.07127595387812491,1905.0312455320156,80.0570207631025,8.00570207631025,0.04199406187569302,1406.6359224877824,3016.213638952786,0.07127595387812491,112.82894624689428,0.0008004192450278577,0.0008106829542374935,2.3996135634853472e-05,34.579280099222494,3.6323731089739386,30.946906990248557,30,32,1.4030196498438297,0.2507425977905812,0.045632161781306226,0.04636232273215304,1.5,"two-level balanced square-array Darcy-Weisbach friction screen with one trunk and one lateral supply-return pair; uniform module flow is prescribed and fittings, valves, heat exchangers and site-specific manifolds are excluded",2.5613172984529085,0.00025613172984529086,"frictional energy for the modeled packed bed plus the registered balanced on-array trunk-and-lateral header screen; fittings, valves, heat exchangers, external piping and pump efficiency excluded",True,"parallel modular packed zones; discrete unit count, bed friction and a geometry-normalized on-array header-friction screen are included. Tank shells, fittings, valves, heat exchangers, site-specific trunk routing, flow maldistribution and balance of plant are excluded. Hydraulic values are screening metrics, not installed-pump specifications.",G0024_T1_homogeneous_none__SOLAR_SALT_60_40_V10,hot_endpoint,Deterministic endpoint test of run-wise frozen transport properties; capacity retains the registered temperature integral.,936,1905.0312455320156,0.0008370873549463727,0.0,0.0,-4.380440070184077
S10MW_8H,10.0,8.0,80.0,G0121_T1_homogeneous_none__AIP_FLINAK_2017_V10,G0121,T1_homogeneous_none,AIP_FLINAK_2017_V10,FLiNaK (LiF-NaF-KF),homogeneous,none,Tier_3_hypothetical_common_skeleton,False,793,697,795,793,793,13934,0.05,True,0.13415255828928657,12.610340479192939,0.8786062906438845,0.9757044793619314,0.9776431334832129,0.10090844783285731,0.9,"time integral of positive outlet enthalpy flow following the simulated charge end state, with linear within-step interpolation at the registered outlet-grade threshold",True,0.9999999999999698,True,500.0,run-wise frozen at the registered transport-property temperature,7.366987473821022,7.366987473821022,1.0,0.0,0.0,0.0,4.599494081014933,0.0,10,binary_monotone_bracket_with_adjacent_verification,MINIMAL_INTEGER_COUNT_BINARY_BRACKET,False,0.025498914319799226,1574.8027661938106,80.02039913145585,8.002039913145584,0.050800012368123065,1600.297758900529,2227.538953430111,0.025498914319799226,13.816621921424254,0.006053420093713806,0.004981474176004985,1.949347051989476e-05,58.02446200394203,6.228413990300058,51.796048013641965,28,29,1.3702208113233216,0.20701184710098994,0.03889892706120201,0.03958745709947095,1.5,"two-level balanced square-array Darcy-Weisbach friction screen with one trunk and one lateral supply-return pair; uniform module flow is prescribed and fittings, valves, heat exchangers and site-specific manifolds are excluded",2.9297325033105346,0.00029297325033105344,"frictional energy for the modeled packed bed plus the registered balanced on-array trunk-and-lateral header screen; fittings, valves, heat exchangers, external piping and pump efficiency excluded",True,"parallel modular packed zones; discrete unit count, bed friction and a geometry-normalized on-array header-friction screen are included. Tank shells, fittings, valves, heat exchangers, site-specific trunk routing, flow maldistribution and balance of plant are excluded. Hydraulic values are screening metrics, not installed-pump specifications.",G0121_T1_homogeneous_none__AIP_FLINAK_2017_V10,cold_endpoint,Deterministic endpoint test of run-wise frozen transport properties; capacity retains the registered temperature integral.,793,1574.8027661938106,0.005000967646524823,0.0,0.0,21.044976124177374
S10MW_8H,10.0,8.0,80.0,G0121_T1_homogeneous_none__AIP_FLINAK_2017_V10,G0121,T1_homogeneous_none,AIP_FLINAK_2017_V10,FLiNaK (LiF-NaF-KF),homogeneous,none,Tier_3_hypothetical_common_skeleton,False,793,697,795,793,793,13934,0.05,True,0.13415255828928657,12.610340479192939,0.8786062906438845,0.9757044793619314,0.9779479198295183,0.10093990667102942,0.9,"time integral of positive outlet enthalpy flow following the simulated charge end state, with linear within-step interpolation at the registered outlet-grade threshold",True,0.9999999999999698,True,525.0,run-wise frozen at the registered transport-property temperature,7.366987473821022,7.366987473821022,1.0,0.0,0.0,0.0,4.599494081014933,0.0,10,binary_monotone_bracket_with_adjacent_verification,MINIMAL_INTEGER_COUNT_BINARY_BRACKET,False,0.05668248765791084,1574.8027661938106,80.04534599012634,8.004534599012633,0.050800012368123065,1600.297758900529,2227.538953430111,0.05668248765791084,13.816621921424254,0.005000967646524823,0.004981474176004985,1.949347051989476e-05,58.02446200394203,6.228413990300058,51.796048013641965,28,29,1.3702208113233216,0.20701184710098994,0.03889892706120201,0.03958745709947095,1.5,"two-level balanced square-array Darcy-Weisbach friction screen with one trunk and one lateral supply-return pair; uniform module flow is prescribed and fittings, valves, heat exchangers and site-specific manifolds are excluded",2.9296793691255254,0.0002929679369125525,"frictional energy for the modeled packed bed plus the registered balanced on-array trunk-and-lateral header screen; fittings, valves, heat exchangers, external piping and pump efficiency excluded",True,"parallel modular packed zones; discrete unit count, bed friction and a geometry-normalized on-array header-friction screen are included. Tank shells, fittings, valves, heat exchangers, site-specific trunk routing, flow maldistribution and balance of plant are excluded. Hydraulic values are screening metrics, not installed-pump specifications.",G0121_T1_homogeneous_none__AIP_FLINAK_2017_V10,mean,Deterministic endpoint test of run-wise frozen transport properties; capacity retains the registered temperature integral.,793,1574.8027661938106,0.005000967646524823,0.0,0.0,0.0
S10MW_8H,10.0,8.0,80.0,G0121_T1_homogeneous_none__AIP_FLINAK_2017_V10,G0121,T1_homogeneous_none,AIP_FLINAK_2017_V10,FLiNaK (LiF-NaF-KF),homogeneous,none,Tier_3_hypothetical_common_skeleton,False,793,697,795,793,793,13934,0.05,True,0.13415255828928657,12.610340479192939,0.8786062906438845,0.9757044793619314,0.978241765825196,0.10097023628958879,0.9,"time integral of positive outlet enthalpy flow following the simulated charge end state, with linear within-step interpolation at the registered outlet-grade threshold",True,0.9999999999999716,True,550.0,run-wise frozen at the registered transport-property temperature,7.366987473821022,7.366987473821022,1.0,0.0,0.0,0.0,4.599494081014933,0.0,10,binary_monotone_bracket_with_adjacent_verification,MINIMAL_INTEGER_COUNT_BINARY_BRACKET,False,0.08674672205488676,1574.8027661938106,80.06939737764391,8.006939737764391,0.050800012368123065,1600.297758900529,2227.538953430111,0.08674672205488676,13.816621921424254,0.004202847167688316,0.004981474176004985,1.949347051989476e-05,58.02446200394203,6.228413990300058,51.796048013641965,28,29,1.3702208113233216,0.20701184710098994,0.03889892706120201,0.03958745709947095,1.5,"two-level balanced square-array Darcy-Weisbach friction screen with one trunk and one lateral supply-return pair; uniform module flow is prescribed and fittings, valves, heat exchangers and site-specific manifolds are excluded",2.92963907516137,0.000292963907516137,"frictional energy for the modeled packed bed plus the registered balanced on-array trunk-and-lateral header screen; fittings, valves, heat exchangers, external piping and pump efficiency excluded",True,"parallel modular packed zones; discrete unit count, bed friction and a geometry-normalized on-array header-friction screen are included. Tank shells, fittings, valves, heat exchangers, site-specific trunk routing, flow maldistribution and balance of plant are excluded. Hydraulic values are screening metrics, not installed-pump specifications.",G0121_T1_homogeneous_none__AIP_FLINAK_2017_V10,hot_endpoint,Deterministic endpoint test of run-wise frozen transport properties; capacity retains the registered temperature integral.,793,1574.8027661938106,0.005000967646524823,0.0,0.0,-15.959320980433079
S10MW_8H,10.0,8.0,80.0,G0161_T1_homogeneous_none__SOLAR_SALT_60_40_V10,G0161,T1_homogeneous_none,SOLAR_SALT_60_40_V10,Solar Salt (NaNO3-KNO3 60:40 wt%),homogeneous,none,Tier_2_unit_pair_partial,False,1506,559,1545,1506,1506,11166,0.05,True,0.08685554272988708,6.6401062416998675,0.37072983429797396,0.9403330350789846,0.9645683350213256,0.05313205674333289,0.9,"time integral of positive outlet enthalpy flow following the simulated charge end state, with linear within-step interpolation at the registered outlet-grade threshold",True,0.9999999999896516,True,500.0,run-wise frozen at the registered transport-property temperature,7.466410740436332,7.466410740436332,1.0,0.0,0.0,0.0,5.1550807967295205,0.0,13,binary_monotone_bracket_with_adjacent_verification,MINIMAL_INTEGER_COUNT_BINARY_BRACKET,False,0.021096819324162297,1878.5683860728286,80.01687745545934,8.001687745545933,0.04258562030166015,1398.962645860114,2955.854577297387,0.021096819324162297,169.7382048827099,0.0006242644363334014,0.0005937209937185356,8.195403739117592e-06,48.7647800559195,4.494424926804567,44.27035512911493,38,40,1.3876824817744169,0.2514467713159729,0.04046372691870215,0.04097920918949274,1.5,"two-level balanced square-array Darcy-Weisbach friction screen with one trunk and one lateral supply-return pair; uniform module flow is prescribed and fittings, valves, heat exchangers and site-specific manifolds are excluded",3.632328319561785,0.0003632328319561785,"frictional energy for the modeled packed bed plus the registered balanced on-array trunk-and-lateral header screen; fittings, valves, heat exchangers, external piping and pump efficiency excluded",True,"parallel modular packed zones; discrete unit count, bed friction and a geometry-normalized on-array header-friction screen are included. Tank shells, fittings, valves, heat exchangers, site-specific trunk routing, flow maldistribution and balance of plant are excluded. Hydraulic values are screening metrics, not installed-pump specifications.",G0161_T1_homogeneous_none__SOLAR_SALT_60_40_V10,cold_endpoint,Deterministic endpoint test of run-wise frozen transport properties; capacity retains the registered temperature integral.,1506,1878.5683860728286,0.0006002054590130535,0.0,0.0,4.008456930716564
S10MW_8H,10.0,8.0,80.0,G0161_T1_homogeneous_none__SOLAR_SALT_60_40_V10,G0161,T1_homogeneous_none,SOLAR_SALT_60_40_V10,Solar Salt (NaNO3-KNO3 60:40 wt%),homogeneous,none,Tier_2_unit_pair_partial,False,1506,559,1545,1506,1506,11166,0.05,True,0.08661196428226528,6.6401062416998675,0.37072983429797396,0.9403330350789846,0.9646437542687526,0.05313621111953242,0.9,"time integral of positive outlet enthalpy flow following the simulated charge end state, with linear within-step interpolation at the registered outlet-grade threshold",True,0.9999999999896492,True,525.0,run-wise frozen at the registered transport-property temperature,7.466410740436332,7.466410740436332,1.0,0.0,0.0,0.0,5.1550807967295205,0.0,13,binary_monotone_bracket_with_adjacent_verification,MINIMAL_INTEGER_COUNT_BINARY_BRACKET,False,0.028917432519781627,1878.5683860728286,80.02313394601583,8.002313394601583,0.04258562030166015,1398.962645860114,2955.854577297387,0.028917432519781627,169.7382048827099,0.0006002054590130535,0.0005920559573440636,8.149501668988638e-06,48.85053637815798,4.502046899341439,44.34848947881654,38,40,1.3876824817744169,0.25109394400626084,0.04040694866764357,0.040921707619451554,1.5,"two-level balanced square-array Darcy-Weisbach friction screen with one trunk and one lateral supply-return pair; uniform module flow is prescribed and fittings, valves, heat exchangers and site-specific manifolds are excluded",3.628509710593939,0.00036285097105939393,"frictional energy for the modeled packed bed plus the registered balanced on-array trunk-and-lateral header screen; fittings, valves, heat exchangers, external piping and pump efficiency excluded",True,"parallel modular packed zones; discrete unit count, bed friction and a geometry-normalized on-array header-friction screen are included. Tank shells, fittings, valves, heat exchangers, site-specific trunk routing, flow maldistribution and balance of plant are excluded. Hydraulic values are screening metrics, not installed-pump specifications.",G0161_T1_homogeneous_none__SOLAR_SALT_60_40_V10,mean,Deterministic endpoint test of run-wise frozen transport properties; capacity retains the registered temperature integral.,1506,1878.5683860728286,0.0006002054590130535,0.0,0.0,0.0
S10MW_8H,10.0,8.0,80.0,G0161_T1_homogeneous_none__SOLAR_SALT_60_40_V10,G0161,T1_homogeneous_none,SOLAR_SALT_60_40_V10,Solar Salt (NaNO3-KNO3 60:40 wt%),homogeneous,none,Tier_2_unit_pair_partial,False,1506,559,1545,1506,1506,11166,0.05,True,0.08636974820109088,6.6401062416998675,0.37072983429797396,0.9403330350789846,0.9647159095183284,0.05314018570243712,0.9,"time integral of positive outlet enthalpy flow following the simulated charge end state, with linear within-step interpolation at the registered outlet-grade threshold",True,0.999999999989544,True,550.0,run-wise frozen at the registered transport-property temperature,7.466410740436332,7.466410740436332,1.0,0.0,0.0,0.0,5.1550807967295205,0.0,13,binary_monotone_bracket_with_adjacent_verification,MINIMAL_INTEGER_COUNT_BINARY_BRACKET,False,0.0363995848378762,1878.5683860728286,80.0291196678703,8.00291196678703,0.04258562030166015,1398.962645860114,2955.854577297387,0.0363995848378762,169.7382048827099,0.0005734679958891368,0.0005904002337380634,8.103984164639609e-06,48.936205846082906,4.509660592313813,44.42654525376909,38,40,1.3876824817744169,0.2507425977905812,0.04035040875961145,0.04086444742877613,1.5,"two-level balanced square-array Darcy-Weisbach friction screen with one trunk and one lateral supply-return pair; uniform module flow is prescribed and fittings, valves, heat exchangers and site-specific manifolds are excluded",3.624705827992019,0.0003624705827992019,"frictional energy for the modeled packed bed plus the registered balanced on-array trunk-and-lateral header screen; fittings, valves, heat exchangers, external piping and pump efficiency excluded",True,"parallel modular packed zones; discrete unit count, bed friction and a geometry-normalized on-array header-friction screen are included. Tank shells, fittings, valves, heat exchangers, site-specific trunk routing, flow maldistribution and balance of plant are excluded. Hydraulic values are screening metrics, not installed-pump specifications.",G0161_T1_homogeneous_none__SOLAR_SALT_60_40_V10,hot_endpoint,Deterministic endpoint test of run-wise frozen transport properties; capacity retains the registered temperature integral.,1506,1878.5683860728286,0.0006002054590130535,0.0,0.0,-4.454718417237058
S10MW_8H,10.0,8.0,80.0,G0024_T1_homogeneous_none__AIP_FLINAK_2017_V10,G0024,T1_homogeneous_none,AIP_FLINAK_2017_V10,FLiNaK (LiF-NaF-KF),homogeneous,none,Tier_3_hypothetical_common_skeleton,False,796,440,808,796,796,8795,0.05,True,0.13364695819523148,12.56281407035176,0.5524997504901585,0.9429714783221642,0.9579100084064261,0.10062303583758372,0.9,"time integral of positive outlet enthalpy flow following the simulated charge end state, with linear within-step interpolation at the registered outlet-grade threshold",True,0.9999999999872344,True,500.0,run-wise frozen at the registered transport-property temperature,7.5259762669722905,7.5259762669722905,1.0,0.0,0.0,0.0,4.536043793329511,0.0,12,binary_monotone_bracket_with_adjacent_verification,MINIMAL_INTEGER_COUNT_BINARY_BRACKET,False,0.11992065839581123,1620.0906746191074,80.09593652671664,8.009593652671665,0.04937995215533751,1435.3912198205094,2565.0705732974548,0.11992065839581123,80.99555685099129,0.004311805130309994,0.003544488557531619,1.8496371941245795e-05,59.53790661592841,6.37327089125826,53.16463572467014,28,29,1.4030196498438297,0.20701184710098994,0.038825555866561196,0.03951278719879195,1.5,"two-level balanced square-array Darcy-Weisbach friction screen with one trunk and one lateral supply-return pair; uniform module flow is prescribed and fittings, valves, heat exchangers and site-specific manifolds are excluded",3.006052442455789,0.0003006052442455789,"frictional energy for the modeled packed bed plus the registered balanced on-array trunk-and-lateral header screen; fittings, valves, heat exchangers, external piping and pump efficiency excluded",True,"parallel modular packed zones; discrete unit count, bed friction and a geometry-normalized on-array header-friction screen are included. Tank shells, fittings, valves, heat exchangers, site-specific trunk routing, flow maldistribution and balance of plant are excluded. Hydraulic values are screening metrics, not installed-pump specifications.",G0024_T1_homogeneous_none__AIP_FLINAK_2017_V10,cold_endpoint,Deterministic endpoint test of run-wise frozen transport properties; capacity retains the registered temperature integral.,795,1618.0553848268723,0.003567489966664395,0.12578616352201255,0.12578616352201255,20.863833412306242
S10MW_8H,10.0,8.0,80.0,G0024_T1_homogeneous_none__AIP_FLINAK_2017_V10,G0024,T1_homogeneous_none,AIP_FLINAK_2017_V10,FLiNaK (LiF-NaF-KF),homogeneous,none,Tier_3_hypothetical_common_skeleton,False,795,440,808,795,795,8795,0.05,True,0.13381506757660913,12.578616352201259,0.5531947187297689,0.9429714783221642,0.9582656456408986,0.10066039352032578,0.9,"time integral of positive outlet enthalpy flow following the simulated charge end state, with linear within-step interpolation at the registered outlet-grade threshold",True,0.9999999999870753,True,525.0,run-wise frozen at the registered transport-property temperature,7.516521522917912,7.516521522917912,1.0,0.0,0.0,0.0,4.536043793329511,0.0,12,binary_monotone_bracket_with_adjacent_verification,MINIMAL_INTEGER_COUNT_BINARY_BRACKET,False,0.031266060823753605,1618.0553848268723,80.025012848659,8.0025012848659,0.04944206530270272,1433.5879645192274,2561.848122828488,0.031266060823753605,80.76817549816344,0.003567489966664395,0.0035489470337044856,1.8542932959810237e-05,59.49547260189064,6.373735391876612,53.121737210014025,28,29,1.4030196498438297,0.20701184710098994,0.03884996678118072,0.039537630198542006,1.5,"two-level balanced square-array Darcy-Weisbach friction screen with one trunk and one lateral supply-return pair; uniform module flow is prescribed and fittings, valves, heat exchangers and site-specific manifolds are excluded",3.003872538424683,0.00030038725384246825,"frictional energy for the modeled packed bed plus the registered balanced on-array trunk-and-lateral header screen; fittings, valves, heat exchangers, external piping and pump efficiency excluded",True,"parallel modular packed zones; discrete unit count, bed friction and a geometry-normalized on-array header-friction screen are included. Tank shells, fittings, valves, heat exchangers, site-specific trunk routing, flow maldistribution and balance of plant are excluded. Hydraulic values are screening metrics, not installed-pump specifications.",G0024_T1_homogeneous_none__AIP_FLINAK_2017_V10,mean,Deterministic endpoint test of run-wise frozen transport properties; capacity retains the registered temperature integral.,795,1618.0553848268723,0.003567489966664395,0.0,0.0,0.0
S10MW_8H,10.0,8.0,80.0,G0024_T1_homogeneous_none__AIP_FLINAK_2017_V10,G0024,T1_homogeneous_none,AIP_FLINAK_2017_V10,FLiNaK (LiF-NaF-KF),homogeneous,none,Tier_3_hypothetical_common_skeleton,False,795,440,808,795,795,8795,0.05,True,0.13381506757660913,12.578616352201259,0.5531947187297689,0.9429714783221642,0.9586357591807149,0.10069927185717797,0.9,"time integral of positive outlet enthalpy flow following the simulated charge end state, with linear within-step interpolation at the registered outlet-grade threshold",True,0.9999999999871729,True,550.0,run-wise frozen at the registered transport-property temperature,7.516521522917912,7.516521522917912,1.0,0.0,0.0,0.0,4.536043793329511,0.0,12,binary_monotone_bracket_with_adjacent_verification,MINIMAL_INTEGER_COUNT_BINARY_BRACKET,False,0.06990140807061618,1618.0553848268723,80.0559211264565,8.00559211264565,0.04944206530270272,1433.5879645192274,2561.848122828488,0.06990140807061618,80.76817549816344,0.0029989220802387143,0.0035489470337044856,1.8542932959810237e-05,59.49547260189064,6.373735391876612,53.121737210014025,28,29,1.4030196498438297,0.20701184710098994,0.03884996678118072,0.039537630198542006,1.5,"two-level balanced square-array Darcy-Weisbach friction screen with one trunk and one lateral supply-return pair; uniform module flow is prescribed and fittings, valves, heat exchangers and site-specific manifolds are excluded",3.0038438336681414,0.00030038438336681415,"frictional energy for the modeled packed bed plus the registered balanced on-array trunk-and-lateral header screen; fittings, valves, heat exchangers, external piping and pump efficiency excluded",True,"parallel modular packed zones; discrete unit count, bed friction and a geometry-normalized on-array header-friction screen are included. Tank shells, fittings, valves, heat exchangers, site-specific trunk routing, flow maldistribution and balance of plant are excluded. Hydraulic values are screening metrics, not installed-pump specifications.",G0024_T1_homogeneous_none__AIP_FLINAK_2017_V10,hot_endpoint,Deterministic endpoint test of run-wise frozen transport properties; capacity retains the registered temperature integral.,795,1618.0553848268723,0.003567489966664395,0.0,0.0,-15.937476818113993
S10MW_8H,10.0,8.0,80.0,G0045_T1_homogeneous_none__AIP_FLINAK_2017_V10,G0045,T1_homogeneous_none,AIP_FLINAK_2017_V10,FLiNaK (LiF-NaF-KF),homogeneous,none,Tier_3_hypothetical_common_skeleton,False,1471,592,1500,1471,1471,11821,0.05,True,0.07232017588266774,6.798096532970768,0.401823831752293,0.954100447484898,0.972987636002794,0.05441248090554508,0.9,"time integral of positive outlet enthalpy flow following the simulated charge end state, with linear within-step interpolation at the registered outlet-grade threshold",True,0.9999999999940735,True,500.0,run-wise frozen at the registered transport-property temperature,7.404337904729787,7.404337904729787,1.0,0.0,0.0,0.0,5.592599324722605,0.0,13,binary_monotone_bracket_with_adjacent_verification,MINIMAL_INTEGER_COUNT_BINARY_BRACKET,False,0.05094926507100972,1591.9069634110417,80.04075941205681,8.00407594120568,0.050254193139893585,1447.0195376180886,2472.996297505755,0.05094926507100972,148.86527900526733,0.005232008315995375,0.004308629370936416,1.3051350817992375e-05,77.3935003149118,6.980042059389954,70.41345825552183,38,39,1.1403680906306226,0.20701184710098994,0.03327213445646473,0.03370708277915615,1.5,"two-level balanced square-array Darcy-Weisbach friction screen with one trunk and one lateral supply-return pair; uniform module flow is prescribed and fittings, valves, heat exchangers and site-specific manifolds are excluded",3.9075576038821653,0.0003907557603882166,"frictional energy for the modeled packed bed plus the registered balanced on-array trunk-and-lateral header screen; fittings, valves, heat exchangers, external piping and pump efficiency excluded",True,"parallel modular packed zones; discrete unit count, bed friction and a geometry-normalized on-array header-friction screen are included. Tank shells, fittings, valves, heat exchangers, site-specific trunk routing, flow maldistribution and balance of plant are excluded. Hydraulic values are screening metrics, not installed-pump specifications.",G0045_T1_homogeneous_none__AIP_FLINAK_2017_V10,cold_endpoint,Deterministic endpoint test of run-wise frozen transport properties; capacity retains the registered temperature integral.,1470,1590.824769690164,0.004324629525122299,0.06802721088434716,0.06802721088436936,20.981653702403925
S10MW_8H,10.0,8.0,80.0,G0045_T1_homogeneous_none__AIP_FLINAK_2017_V10,G0045,T1_homogeneous_none,AIP_FLINAK_2017_V10,FLiNaK (LiF-NaF-KF),homogeneous,none,Tier_3_hypothetical_common_skeleton,False,1470,592,1500,1470,1470,11821,0.05,True,0.07236937328122738,6.802721088435374,0.4020971812977028,0.954100447484898,0.9732915407252434,0.054429476198491776,0.9,"time integral of positive outlet enthalpy flow following the simulated charge end state, with linear within-step interpolation at the registered outlet-grade threshold",True,0.9999999999999413,True,525.0,run-wise frozen at the registered transport-property temperature,7.3993043643454595,7.3993043643454595,1.0,0.0,0.0,0.0,5.592599324722605,0.0,13,binary_monotone_bracket_with_adjacent_verification,MINIMAL_INTEGER_COUNT_BINARY_BRACKET,False,0.01416251472865504,1590.824769690164,80.01133001178292,8.001133001178292,0.05028837966583909,1446.0358397679063,2471.315130750143,0.01416251472865504,148.69609798622906,0.004324629525122299,0.004311560411324549,1.3069113797656316e-05,77.35945512402239,6.976918919637376,70.38253620438502,38,39,1.1403680906306226,0.20701184710098994,0.03328344958498651,0.03371854582413271,1.5,"two-level balanced square-array Darcy-Weisbach friction screen with one trunk and one lateral supply-return pair; uniform module flow is prescribed and fittings, valves, heat exchangers and site-specific manifolds are excluded",3.9057929860992924,0.0003905792986099292,"frictional energy for the modeled packed bed plus the registered balanced on-array trunk-and-lateral header screen; fittings, valves, heat exchangers, external piping and pump efficiency excluded",True,"parallel modular packed zones; discrete unit count, bed friction and a geometry-normalized on-array header-friction screen are included. Tank shells, fittings, valves, heat exchangers, site-specific trunk routing, flow maldistribution and balance of plant are excluded. Hydraulic values are screening metrics, not installed-pump specifications.",G0045_T1_homogeneous_none__AIP_FLINAK_2017_V10,mean,Deterministic endpoint test of run-wise frozen transport properties; capacity retains the registered temperature integral.,1470,1590.824769690164,0.004324629525122299,0.0,0.0,0.0
S10MW_8H,10.0,8.0,80.0,G0045_T1_homogeneous_none__AIP_FLINAK_2017_V10,G0045,T1_homogeneous_none,AIP_FLINAK_2017_V10,FLiNaK (LiF-NaF-KF),homogeneous,none,Tier_3_hypothetical_common_skeleton,False,1470,592,1500,1470,1470,11821,0.05,True,0.07236937328122738,6.802721088435374,0.4020971812977028,0.954100447484898,0.97359596046537,0.05444650029282144,0.9,"time integral of positive outlet enthalpy flow following the simulated charge end state, with linear within-step interpolation at the registered outlet-grade threshold",True,0.9999999999999413,True,550.0,run-wise frozen at the registered transport-property temperature,7.3993043643454595,7.3993043643454595,1.0,0.0,0.0,0.0,5.592599324722605,0.0,13,binary_monotone_bracket_with_adjacent_verification,MINIMAL_INTEGER_COUNT_BINARY_BRACKET,False,0.045444288059393045,1590.824769690164,80.03635543044751,8.003635543044751,0.05028837966583909,1446.0358397679063,2471.315130750143,0.045444288059393045,148.69609798622906,0.003633811416151355,0.004311560411324549,1.3069113797656316e-05,77.35945512402239,6.976918919637376,70.38253620438502,38,39,1.1403680906306226,0.20701184710098994,0.03328344958498651,0.03371854582413271,1.5,"two-level balanced square-array Darcy-Weisbach friction screen with one trunk and one lateral supply-return pair; uniform module flow is prescribed and fittings, valves, heat exchangers and site-specific manifolds are excluded",3.9057581094097964,0.0003905758109409796,"frictional energy for the modeled packed bed plus the registered balanced on-array trunk-and-lateral header screen; fittings, valves, heat exchangers, external piping and pump efficiency excluded",True,"parallel modular packed zones; discrete unit count, bed friction and a geometry-normalized on-array header-friction screen are included. Tank shells, fittings, valves, heat exchangers, site-specific trunk routing, flow maldistribution and balance of plant are excluded. Hydraulic values are screening metrics, not installed-pump specifications.",G0045_T1_homogeneous_none__AIP_FLINAK_2017_V10,hot_endpoint,Deterministic endpoint test of run-wise frozen transport properties; capacity retains the registered temperature integral.,1470,1590.824769690164,0.004324629525122299,0.0,0.0,-15.974041359101342
S10MW_8H,10.0,8.0,80.0,G0212_T1_homogeneous_none__AIP_FLINAK_2017_V10,G0212,T1_homogeneous_none,AIP_FLINAK_2017_V10,FLiNaK (LiF-NaF-KF),homogeneous,none,Tier_3_hypothetical_common_skeleton,False,1990,491,2051,1990,1990,9802,0.05,True,0.053458783278092586,5.025125628140704,0.24629404311353387,0.9486996177673707,0.9778602074869474,0.04020799081935215,0.9,"time integral of positive outlet enthalpy flow following the simulated charge end state, with linear within-step interpolation at the registered outlet-grade threshold",True,0.9999999999999416,True,500.0,run-wise frozen at the registered transport-property temperature,7.3649100208443485,7.3649100208443485,1.0,0.0,0.0,0.0,6.106190167527984,0.0,14,binary_monotone_bracket_with_adjacent_verification,MINIMAL_INTEGER_COUNT_BINARY_BRACKET,False,0.0173771631384545,1569.5293319806847,80.01390173051077,8.001390173051076,0.05097069444318261,1684.229042304495,2104.313125764175,0.0173771631384545,306.0187519594338,0.0018626331578026863,0.0015344380245951186,3.993903258964159e-06,93.61182872567662,7.6658664685326725,85.94596225714396,44,46,1.0867857999298889,0.20701184710098994,0.03112969883651208,0.031473683851747675,1.5,"two-level balanced square-array Darcy-Weisbach friction screen with one trunk and one lateral supply-return pair; uniform module flow is prescribed and fittings, valves, heat exchangers and site-specific manifolds are excluded",4.7261871159472815,0.00047261871159472814,"frictional energy for the modeled packed bed plus the registered balanced on-array trunk-and-lateral header screen; fittings, valves, heat exchangers, external piping and pump efficiency excluded",True,"parallel modular packed zones; discrete unit count, bed friction and a geometry-normalized on-array header-friction screen are included. Tank shells, fittings, valves, heat exchangers, site-specific trunk routing, flow maldistribution and balance of plant are excluded. Hydraulic values are screening metrics, not installed-pump specifications.",G0212_T1_homogeneous_none__AIP_FLINAK_2017_V10,cold_endpoint,Deterministic endpoint test of run-wise frozen transport properties; capacity retains the registered temperature integral.,1990,1569.5293319806847,0.0015384319278540426,0.0,0.0,21.073485545822734
S10MW_8H,10.0,8.0,80.0,G0212_T1_homogeneous_none__AIP_FLINAK_2017_V10,G0212,T1_homogeneous_none,AIP_FLINAK_2017_V10,FLiNaK (LiF-NaF-KF),homogeneous,none,Tier_3_hypothetical_common_skeleton,False,1990,491,2051,1990,1990,9802,0.05,True,0.053458783278092586,5.025125628140704,0.24629404311353387,0.9486996177673707,0.9781813327541381,0.04022119495803803,0.9,"time integral of positive outlet enthalpy flow following the simulated charge end state, with linear within-step interpolation at the registered outlet-grade threshold",True,0.9999999999999416,True,525.0,run-wise frozen at the registered transport-property temperature,7.3649100208443485,7.3649100208443485,1.0,0.0,0.0,0.0,6.106190167527984,0.0,14,binary_monotone_bracket_with_adjacent_verification,MINIMAL_INTEGER_COUNT_BINARY_BRACKET,False,0.05022245811958648,1569.5293319806847,80.04017796649568,8.004017796649567,0.05097069444318261,1684.229042304495,2104.313125764175,0.05022245811958648,306.0187519594338,0.0015384319278540426,0.0015344380245951186,3.993903258964159e-06,93.61182872567662,7.6658664685326725,85.94596225714396,44,46,1.0867857999298889,0.20701184710098994,0.03112969883651208,0.031473683851747675,1.5,"two-level balanced square-array Darcy-Weisbach friction screen with one trunk and one lateral supply-return pair; uniform module flow is prescribed and fittings, valves, heat exchangers and site-specific manifolds are excluded",4.726170748302189,0.00047261707483021894,"frictional energy for the modeled packed bed plus the registered balanced on-array trunk-and-lateral header screen; fittings, valves, heat exchangers, external piping and pump efficiency excluded",True,"parallel modular packed zones; discrete unit count, bed friction and a geometry-normalized on-array header-friction screen are included. Tank shells, fittings, valves, heat exchangers, site-specific trunk routing, flow maldistribution and balance of plant are excluded. Hydraulic values are screening metrics, not installed-pump specifications.",G0212_T1_homogeneous_none__AIP_FLINAK_2017_V10,mean,Deterministic endpoint test of run-wise frozen transport properties; capacity retains the registered temperature integral.,1990,1569.5293319806847,0.0015384319278540426,0.0,0.0,0.0
S10MW_8H,10.0,8.0,80.0,G0212_T1_homogeneous_none__AIP_FLINAK_2017_V10,G0212,T1_homogeneous_none,AIP_FLINAK_2017_V10,FLiNaK (LiF-NaF-KF),homogeneous,none,Tier_3_hypothetical_common_skeleton,False,1989,491,2051,1989,1989,9802,0.05,True,0.053485660494421446,5.027652086475616,0.24641787118950853,0.9486996177673707,0.9784823954676136,0.04023357415777107,0.9,"time integral of positive outlet enthalpy flow following the simulated charge end state, with linear within-step interpolation at the registered outlet-grade threshold",True,0.9999999999999416,True,550.0,run-wise frozen at the registered transport-property temperature,7.361209061035439,7.361209061035439,1.0,0.0,0.0,0.0,6.106190167527984,0.0,14,binary_monotone_bracket_with_adjacent_verification,MINIMAL_INTEGER_COUNT_BINARY_BRACKET,False,0.03072374975832126,1568.7406237736593,80.02457899980666,8.002457899980666,0.050996320735009246,1683.3826960520805,2103.255681982384,0.03072374975832126,305.814722435836,0.0012932239386269694,0.0015352094866486025,3.997920259725307e-06,93.58683768268945,7.66885861182318,85.91797907086628,44,46,1.0867857999298889,0.20701184710098994,0.03113752331793174,0.03148159479415029,1.5,"two-level balanced square-array Darcy-Weisbach friction screen with one trunk and one lateral supply-return pair; uniform module flow is prescribed and fittings, valves, heat exchangers and site-specific manifolds are excluded",4.724896669238666,0.0004724896669238666,"frictional energy for the modeled packed bed plus the registered balanced on-array trunk-and-lateral header screen; fittings, valves, heat exchangers, external piping and pump efficiency excluded",True,"parallel modular packed zones; discrete unit count, bed friction and a geometry-normalized on-array header-friction screen are included. Tank shells, fittings, valves, heat exchangers, site-specific trunk routing, flow maldistribution and balance of plant are excluded. Hydraulic values are screening metrics, not installed-pump specifications.",G0212_T1_homogeneous_none__AIP_FLINAK_2017_V10,hot_endpoint,Deterministic endpoint test of run-wise frozen transport properties; capacity retains the registered temperature integral.,1990,1569.5293319806847,0.0015384319278540426,-0.05025125628140836,-0.05025125628139726,-15.938826072669565
S10MW_8H,10.0,8.0,80.0,G0130_T2_graded_two_layer_fine_hot__AIP_FLINAK_2017_V10,G0130,T2_graded_two_layer_fine_hot,AIP_FLINAK_2017_V10,FLiNaK (LiF-NaF-KF),graded_two_layer,fine_hot,Tier_3_hypothetical_common_skeleton,False,1967,474,2032,1967,1967,9467,0.05,True,0.05408387327066815,5.083884087442806,0.24064789962059047,0.9444546974251505,0.9754253190184443,0.040674674559475675,0.9,"time integral of positive outlet enthalpy flow following the simulated charge end state, with linear within-step interpolation at the registered outlet-grade threshold",True,0.9999999999999813,True,500.0,run-wise frozen at the registered transport-property temperature,7.3824797055803195,7.3824797055803195,1.0,0.0,0.0,0.0,6.751278253407882,0.0,14,binary_monotone_bracket_with_adjacent_verification,MINIMAL_INTEGER_COUNT_BINARY_BRACKET,False,0.008856073110807827,1583.9559816317662,80.00708485848865,8.000708485848865,0.05050645404778564,1500.9613170382768,2381.3374794294446,0.008856073110807827,315.5448693201215,0.011360190764659649,0.009353594136804727,3.0384200089701626e-05,72.82475115295274,6.047979460927429,66.77677169202532,44,45,0.8569848115564328,0.20701184710098994,0.030961312206808405,0.03131116864726759,1.5,"two-level balanced square-array Darcy-Weisbach friction screen with one trunk and one lateral supply-return pair; uniform module flow is prescribed and fittings, valves, heat exchangers and site-specific manifolds are excluded",3.6772088143482105,0.00036772088143482106,"frictional energy for the modeled packed bed plus the registered balanced on-array trunk-and-lateral header screen; fittings, valves, heat exchangers, external piping and pump efficiency excluded",True,"parallel modular packed zones; discrete unit count, bed friction and a geometry-normalized on-array header-friction screen are included. Tank shells, fittings, valves, heat exchangers, site-specific trunk routing, flow maldistribution and balance of plant are excluded. Hydraulic values are screening metrics, not installed-pump specifications.",G0130_T2_graded_two_layer_fine_hot__AIP_FLINAK_2017_V10,cold_endpoint,Deterministic endpoint test of run-wise frozen transport properties; capacity retains the registered temperature integral.,1967,1583.9559816317662,0.00938397833689457,0.0,0.0,21.059430838574002
S10MW_8H,10.0,8.0,80.0,G0130_T2_graded_two_layer_fine_hot__AIP_FLINAK_2017_V10,G0130,T2_graded_two_layer_fine_hot,AIP_FLINAK_2017_V10,FLiNaK (LiF-NaF-KF),graded_two_layer,fine_hot,Tier_3_hypothetical_common_skeleton,False,1967,474,2032,1967,1967,9467,0.05,True,0.05408387327066815,5.083884087442806,0.24064789962059047,0.9444546974251505,0.9757274190263049,0.04068727195598011,0.9,"time integral of positive outlet enthalpy flow following the simulated charge end state, with linear within-step interpolation at the registered outlet-grade threshold",True,0.9999999999999813,True,525.0,run-wise frozen at the registered transport-property temperature,7.3824797055803195,7.3824797055803195,1.0,0.0,0.0,0.0,6.751278253407882,0.0,14,binary_monotone_bracket_with_adjacent_verification,MINIMAL_INTEGER_COUNT_BINARY_BRACKET,False,0.03982992176612132,1583.9559816317662,80.0318639374129,8.00318639374129,0.05050645404778564,1500.9613170382768,2381.3374794294446,0.03982992176612132,315.5448693201215,0.00938397833689457,0.009353594136804727,3.0384200089701626e-05,72.82475115295274,6.047979460927429,66.77677169202532,44,45,0.8569848115564328,0.20701184710098994,0.030961312206808405,0.03131116864726759,1.5,"two-level balanced square-array Darcy-Weisbach friction screen with one trunk and one lateral supply-return pair; uniform module flow is prescribed and fittings, valves, heat exchangers and site-specific manifolds are excluded",3.6771090431547138,0.00036771090431547134,"frictional energy for the modeled packed bed plus the registered balanced on-array trunk-and-lateral header screen; fittings, valves, heat exchangers, external piping and pump efficiency excluded",True,"parallel modular packed zones; discrete unit count, bed friction and a geometry-normalized on-array header-friction screen are included. Tank shells, fittings, valves, heat exchangers, site-specific trunk routing, flow maldistribution and balance of plant are excluded. Hydraulic values are screening metrics, not installed-pump specifications.",G0130_T2_graded_two_layer_fine_hot__AIP_FLINAK_2017_V10,mean,Deterministic endpoint test of run-wise frozen transport properties; capacity retains the registered temperature integral.,1967,1583.9559816317662,0.00938397833689457,0.0,0.0,0.0
S10MW_8H,10.0,8.0,80.0,G0130_T2_graded_two_layer_fine_hot__AIP_FLINAK_2017_V10,G0130,T2_graded_two_layer_fine_hot,AIP_FLINAK_2017_V10,FLiNaK (LiF-NaF-KF),graded_two_layer,fine_hot,Tier_3_hypothetical_common_skeleton,False,1966,474,2032,1966,1966,9467,0.05,True,0.054111382870500636,5.0864699898270604,0.240770304452544,0.9444546974251505,0.9760097627466499,0.04069904552666259,0.9,"time integral of positive outlet enthalpy flow following the simulated charge end state, with linear within-step interpolation at the registered outlet-grade threshold",True,0.9999999999999813,True,550.0,run-wise frozen at the registered transport-property temperature,7.378726538468957,7.378726538468957,1.0,0.0,0.0,0.0,6.751278253407882,0.0,14,binary_monotone_bracket_with_adjacent_verification,MINIMAL_INTEGER_COUNT_BINARY_BRACKET,False,0.01790438177331488,1583.1507167707434,80.01432350541864,8.001432350541865,0.05053214400406631,1500.198245702721,2380.1268350575942,0.01790438177331488,315.333611125246,0.00788934460369843,0.009358351814392098,3.0415117615142126e-05,72.80074142940347,6.045972095463018,66.75476933394044,44,45,0.8569848115564328,0.20701184710098994,0.03096918539503657,0.03131913080089845,1.5,"two-level balanced square-array Darcy-Weisbach friction screen with one trunk and one lateral supply-return pair; uniform module flow is prescribed and fittings, valves, heat exchangers and site-specific manifolds are excluded",3.675821428458196,0.0003675821428458196,"frictional energy for the modeled packed bed plus the registered balanced on-array trunk-and-lateral header screen; fittings, valves, heat exchangers, external piping and pump efficiency excluded",True,"parallel modular packed zones; discrete unit count, bed friction and a geometry-normalized on-array header-friction screen are included. Tank shells, fittings, valves, heat exchangers, site-specific trunk routing, flow maldistribution and balance of plant are excluded. Hydraulic values are screening metrics, not installed-pump specifications.",G0130_T2_graded_two_layer_fine_hot__AIP_FLINAK_2017_V10,hot_endpoint,Deterministic endpoint test of run-wise frozen transport properties; capacity retains the registered temperature integral.,1967,1583.9559816317662,0.00938397833689457,-0.05083884087442314,-0.050838840874434243,-15.92750621897492
S10MW_8H,10.0,8.0,80.0,G0029_T2_graded_two_layer_fine_hot__AIP_FLINAK_2017_V10,G0029,T2_graded_two_layer_fine_hot,AIP_FLINAK_2017_V10,FLiNaK (LiF-NaF-KF),graded_two_layer,fine_hot,Tier_3_hypothetical_common_skeleton,False,906,638,912,906,906,12758,0.05,True,0.11742050631722323,11.037527593818984,0.7041271486920154,0.9665689360408222,0.9729303338833957,0.08830331363953618,0.9,"time integral of positive outlet enthalpy flow following the simulated charge end state, with linear within-step interpolation at the registered outlet-grade threshold",True,0.9999999999971555,True,500.0,run-wise frozen at the registered transport-property temperature,7.4013091945611125,7.4013091945611125,1.0,0.0,0.0,0.0,4.839838432496768,0.0,12,binary_monotone_bracket_with_adjacent_verification,MINIMAL_INTEGER_COUNT_BINARY_BRACKET,False,0.0035026967747153748,1568.0269267484634,80.00280215741978,8.000280215741977,0.05101953202161641,1855.102594545155,1878.667133230385,0.0035026967747153748,42.01980449945684,0.002492063423381956,0.0020497537747034894,9.260953167597562e-06,60.558925038659034,6.290408204476317,54.26851683418271,30,31,1.291830173274739,0.20701184710098994,0.037669662482276066,0.03829234371576408,1.5,"two-level balanced square-array Darcy-Weisbach friction screen with one trunk and one lateral supply-return pair; uniform module flow is prescribed and fittings, valves, heat exchangers and site-specific manifolds are excluded",3.057507775590562,0.0003057507775590562,"frictional energy for the modeled packed bed plus the registered balanced on-array trunk-and-lateral header screen; fittings, valves, heat exchangers, external piping and pump efficiency excluded",True,"parallel modular packed zones; discrete unit count, bed friction and a geometry-normalized on-array header-friction screen are included. Tank shells, fittings, valves, heat exchangers, site-specific trunk routing, flow maldistribution and balance of plant are excluded. Hydraulic values are screening metrics, not installed-pump specifications.",G0029_T2_graded_two_layer_fine_hot__AIP_FLINAK_2017_V10,cold_endpoint,Deterministic endpoint test of run-wise frozen transport properties; capacity retains the registered temperature integral.,906,1568.0269267484634,0.0020590147278710066,0.0,0.0,21.03184060070886
S10MW_8H,10.0,8.0,80.0,G0029_T2_graded_two_layer_fine_hot__AIP_FLINAK_2017_V10,G0029,T2_graded_two_layer_fine_hot,AIP_FLINAK_2017_V10,FLiNaK (LiF-NaF-KF),graded_two_layer,fine_hot,Tier_3_hypothetical_common_skeleton,False,906,638,912,906,906,12758,0.05,True,0.11742050631722323,11.037527593818984,0.7041271486920154,0.9665689360408222,0.9732667626757697,0.08833384797086061,0.9,"time integral of positive outlet enthalpy flow following the simulated charge end state, with linear within-step interpolation at the registered outlet-grade threshold",True,0.9999999999972189,True,525.0,run-wise frozen at the registered transport-property temperature,7.4013091945611125,7.4013091945611125,1.0,0.0,0.0,0.0,4.839838432496768,0.0,12,binary_monotone_bracket_with_adjacent_verification,MINIMAL_INTEGER_COUNT_BINARY_BRACKET,False,0.03808282699961918,1568.0269267484634,80.0304662615997,8.00304662615997,0.05101953202161641,1855.102594545155,1878.667133230385,0.03808282699961918,42.01980449945684,0.0020590147278710066,0.0020497537747034894,9.260953167597562e-06,60.558925038659034,6.290408204476317,54.26851683418271,30,31,1.291830173274739,0.20701184710098994,0.037669662482276066,0.03829234371576408,1.5,"two-level balanced square-array Darcy-Weisbach friction screen with one trunk and one lateral supply-return pair; uniform module flow is prescribed and fittings, valves, heat exchangers and site-specific manifolds are excluded",3.057485912665005,0.00030574859126650055,"frictional energy for the modeled packed bed plus the registered balanced on-array trunk-and-lateral header screen; fittings, valves, heat exchangers, external piping and pump efficiency excluded",True,"parallel modular packed zones; discrete unit count, bed friction and a geometry-normalized on-array header-friction screen are included. Tank shells, fittings, valves, heat exchangers, site-specific trunk routing, flow maldistribution and balance of plant are excluded. Hydraulic values are screening metrics, not installed-pump specifications.",G0029_T2_graded_two_layer_fine_hot__AIP_FLINAK_2017_V10,mean,Deterministic endpoint test of run-wise frozen transport properties; capacity retains the registered temperature integral.,906,1568.0269267484634,0.0020590147278710066,0.0,0.0,0.0
S10MW_8H,10.0,8.0,80.0,G0029_T2_graded_two_layer_fine_hot__AIP_FLINAK_2017_V10,G0029,T2_graded_two_layer_fine_hot,AIP_FLINAK_2017_V10,FLiNaK (LiF-NaF-KF),graded_two_layer,fine_hot,Tier_3_hypothetical_common_skeleton,False,906,638,912,906,906,12758,0.05,True,0.11742050631722323,11.037527593818984,0.7041271486920154,0.9665689360408222,0.97359138171624,0.08836331044720216,0.9,"time integral of positive outlet enthalpy flow following the simulated charge end state, with linear within-step interpolation at the registered outlet-grade threshold",True,0.9999999999971331,True,550.0,run-wise frozen at the registered transport-property temperature,7.4013091945611125,7.4013091945611125,1.0,0.0,0.0,0.0,4.839838432496768,0.0,12,binary_monotone_bracket_with_adjacent_verification,MINIMAL_INTEGER_COUNT_BINARY_BRACKET,False,0.0714490814564206,1568.0269267484634,80.05715926516514,8.005715926516514,0.05101953202161641,1855.102594545155,1878.667133230385,0.0714490814564206,42.01980449945684,0.0017306175140725784,0.0020497537747034894,9.260953167597562e-06,60.558925038659034,6.290408204476317,54.26851683418271,30,31,1.291830173274739,0.20701184710098994,0.037669662482276066,0.03829234371576408,1.5,"two-level balanced square-array Darcy-Weisbach friction screen with one trunk and one lateral supply-return pair; uniform module flow is prescribed and fittings, valves, heat exchangers and site-specific manifolds are excluded",3.05746933318119,0.000305746933318119,"frictional energy for the modeled packed bed plus the registered balanced on-array trunk-and-lateral header screen; fittings, valves, heat exchangers, external piping and pump efficiency excluded",True,"parallel modular packed zones; discrete unit count, bed friction and a geometry-normalized on-array header-friction screen are included. Tank shells, fittings, valves, heat exchangers, site-specific trunk routing, flow maldistribution and balance of plant are excluded. Hydraulic values are screening metrics, not installed-pump specifications.",G0029_T2_graded_two_layer_fine_hot__AIP_FLINAK_2017_V10,hot_endpoint,Deterministic endpoint test of run-wise frozen transport properties; capacity retains the registered temperature integral.,906,1568.0269267484634,0.0020590147278710066,0.0,0.0,-15.949240641808638
S10MW_8H,10.0,8.0,80.0,G0045_T1_homogeneous_none__SOLAR_SALT_60_40_V10,G0045,T1_homogeneous_none,SOLAR_SALT_60_40_V10,Solar Salt (NaNO3-KNO3 60:40 wt%),homogeneous,none,Tier_2_unit_pair_partial,False,1735,592,1782,1735,1735,11821,0.05,True,0.07539161230617288,5.763688760806916,0.3406817616758634,0.9413836629613392,0.9668632705550166,0.04611543977204537,0.9,"time integral of positive outlet enthalpy flow following the simulated charge end state, with linear within-step interpolation at the registered outlet-grade threshold",True,0.9999999999813671,True,500.0,run-wise frozen at the registered transport-property temperature,7.448203007364917,7.448203007364917,1.0,0.0,0.0,0.0,5.592599324722605,0.0,14,binary_monotone_bracket_with_adjacent_verification,MINIMAL_INTEGER_COUNT_BINARY_BRACKET,False,0.01286000562341627,1877.6061057227446,80.01028800449873,8.001028800449873,0.042607445595840614,1422.3610112179852,2916.8243209874136,0.01286000562341627,193.52906803136557,0.001042157579590374,0.0009879806978940308,1.7018996174795464e-05,44.7195637899374,3.9724199206945903,40.74714386924281,41,43,1.1403680906306226,0.2514467713159729,0.039121992825807826,0.039584991105483296,1.5,"two-level balanced square-array Darcy-Weisbach friction screen with one trunk and one lateral supply-return pair; uniform module flow is prescribed and fittings, valves, heat exchangers and site-specific manifolds are excluded",3.3310484290052917,0.0003331048429005292,"frictional energy for the modeled packed bed plus the registered balanced on-array trunk-and-lateral header screen; fittings, valves, heat exchangers, external piping and pump efficiency excluded",True,"parallel modular packed zones; discrete unit count, bed friction and a geometry-normalized on-array header-friction screen are included. Tank shells, fittings, valves, heat exchangers, site-specific trunk routing, flow maldistribution and balance of plant are excluded. Hydraulic values are screening metrics, not installed-pump specifications.",G0045_T1_homogeneous_none__SOLAR_SALT_60_40_V10,cold_endpoint,Deterministic endpoint test of run-wise frozen transport properties; capacity retains the registered temperature integral.,1735,1877.6061057227446,0.0010021336697182426,0.0,0.0,3.9938693890391175
S10MW_8H,10.0,8.0,80.0,G0045_T1_homogeneous_none__SOLAR_SALT_60_40_V10,G0045,T1_homogeneous_none,SOLAR_SALT_60_40_V10,Solar Salt (NaNO3-KNO3 60:40 wt%),homogeneous,none,Tier_2_unit_pair_partial,False,1735,592,1782,1735,1735,11821,0.05,True,0.07518018340581643,5.763688760806916,0.3406817616758634,0.9413836629613392,0.9669361120676582,0.046118914015499876,0.9,"time integral of positive outlet enthalpy flow following the simulated charge end state, with linear within-step interpolation at the registered outlet-grade threshold",True,0.9999999999813604,True,525.0,run-wise frozen at the registered transport-property temperature,7.448203007364917,7.448203007364917,1.0,0.0,0.0,0.0,5.592599324722605,0.0,14,binary_monotone_bracket_with_adjacent_verification,MINIMAL_INTEGER_COUNT_BINARY_BRACKET,False,0.02039477111537291,1877.6061057227446,80.0163158168923,8.00163158168923,0.042607445595840614,1422.3610112179852,2916.8243209874136,0.02039477111537291,193.52906803136557,0.0010021336697182426,0.0009852099961390086,1.6923673579252624e-05,44.79828352392368,3.979156717665796,40.819126806257884,41,43,1.1403680906306226,0.25109394400626084,0.03906709728108852,0.03952944588673332,1.5,"two-level balanced square-array Darcy-Weisbach friction screen with one trunk and one lateral supply-return pair; uniform module flow is prescribed and fittings, valves, heat exchangers and site-specific manifolds are excluded",3.3275508904078337,0.0003327550890407834,"frictional energy for the modeled packed bed plus the registered balanced on-array trunk-and-lateral header screen; fittings, valves, heat exchangers, external piping and pump efficiency excluded",True,"parallel modular packed zones; discrete unit count, bed friction and a geometry-normalized on-array header-friction screen are included. Tank shells, fittings, valves, heat exchangers, site-specific trunk routing, flow maldistribution and balance of plant are excluded. Hydraulic values are screening metrics, not installed-pump specifications.",G0045_T1_homogeneous_none__SOLAR_SALT_60_40_V10,mean,Deterministic endpoint test of run-wise frozen transport properties; capacity retains the registered temperature integral.,1735,1877.6061057227446,0.0010021336697182426,0.0,0.0,0.0
S10MW_8H,10.0,8.0,80.0,G0045_T1_homogeneous_none__SOLAR_SALT_60_40_V10,G0045,T1_homogeneous_none,SOLAR_SALT_60_40_V10,Solar Salt (NaNO3-KNO3 60:40 wt%),homogeneous,none,Tier_2_unit_pair_partial,False,1735,592,1782,1735,1735,11821,0.05,True,0.07496993705524084,5.763688760806916,0.3406817616758634,0.9413836629613392,0.9670060957265412,0.04612225195097072,0.9,"time integral of positive outlet enthalpy flow following the simulated charge end state, with linear within-step interpolation at the registered outlet-grade threshold",True,0.999999999982627,True,550.0,run-wise frozen at the registered transport-property temperature,7.448203007364924,7.448203007364924,1.0,0.0,0.0,0.0,5.592599324722605,0.0,14,binary_monotone_bracket_with_adjacent_verification,MINIMAL_INTEGER_COUNT_BINARY_BRACKET,False,0.027633918667779866,1877.6061057227446,80.02210713493422,8.002210713493422,0.042607445595840614,1422.3610112179852,2916.8243209874136,0.027633918667779866,193.52906803136557,0.0009576529972822647,0.0009824547912850898,1.6829149592751748e-05,44.87692369058876,3.985886196770351,40.89103749381841,41,43,1.1403680906306226,0.2507425977905812,0.03901243217619473,0.03947413383500231,1.5,"two-level balanced square-array Darcy-Weisbach friction screen with one trunk and one lateral supply-return pair; uniform module flow is prescribed and fittings, valves, heat exchangers and site-specific manifolds are excluded",3.324066690413191,0.0003324066690413191,"frictional energy for the modeled packed bed plus the registered balanced on-array trunk-and-lateral header screen; fittings, valves, heat exchangers, external piping and pump efficiency excluded",True,"parallel modular packed zones; discrete unit count, bed friction and a geometry-normalized on-array header-friction screen are included. Tank shells, fittings, valves, heat exchangers, site-specific trunk routing, flow maldistribution and balance of plant are excluded. Hydraulic values are screening metrics, not installed-pump specifications.",G0045_T1_homogeneous_none__SOLAR_SALT_60_40_V10,hot_endpoint,Deterministic endpoint test of run-wise frozen transport properties; capacity retains the registered temperature integral.,1735,1877.6061057227446,0.0010021336697182426,0.0,0.0,-4.4385967441333385
S10MW_8H,10.0,8.0,80.0,G0225_T1_homogeneous_none__AIP_FLINAK_2017_V10,G0225,T1_homogeneous_none,AIP_FLINAK_2017_V10,FLiNaK (LiF-NaF-KF),homogeneous,none,Tier_3_hypothetical_common_skeleton,False,2591,374,2743,2591,2591,7470,0.05,True,0.04105865639652808,3.8595137012736394,0.144158445352341,0.9160615727675127,0.9696510667558472,0.030881300651017952,0.9,"time integral of positive outlet enthalpy flow following the simulated charge end state, with linear within-step interpolation at the registered outlet-grade threshold",True,1.000000000000018,True,500.0,run-wise frozen at the registered transport-property temperature,7.426710928205462,7.426710928205462,1.0,0.0,0.0,0.0,6.527849710655722,0.0,15,binary_monotone_bracket_with_adjacent_verification,MINIMAL_INTEGER_COUNT_BINARY_BRACKET,False,0.016812483484396346,1598.6631448315427,80.01344998678752,8.001344998678752,0.05004181165909714,1419.4080712252087,2527.2530752175594,0.016812483484396346,593.6811766774239,0.0020293690319262976,0.0016726195261476601,3.3450700239035484e-06,114.41820022707519,8.673786018656902,105.74441420841828,50,52,1.0829784480790143,0.20701184710098994,0.029043341538239193,0.02932669792177733,1.5,"two-level balanced square-array Darcy-Weisbach friction screen with one trunk and one lateral supply-return pair; uniform module flow is prescribed and fittings, valves, heat exchangers and site-specific manifolds are excluded",5.776627404297075,0.0005776627404297075,"frictional energy for the modeled packed bed plus the registered balanced on-array trunk-and-lateral header screen; fittings, valves, heat exchangers, external piping and pump efficiency excluded",True,"parallel modular packed zones; discrete unit count, bed friction and a geometry-normalized on-array header-friction screen are included. Tank shells, fittings, valves, heat exchangers, site-specific trunk routing, flow maldistribution and balance of plant are excluded. Hydraulic values are screening metrics, not installed-pump specifications.",G0225_T1_homogeneous_none__AIP_FLINAK_2017_V10,cold_endpoint,Deterministic endpoint test of run-wise frozen transport properties; capacity retains the registered temperature integral.,2590,1598.0461386004229,0.0016766129787807883,0.03861003861003187,0.03861003861003187,21.03980212547496
S10MW_8H,10.0,8.0,80.0,G0225_T1_homogeneous_none__AIP_FLINAK_2017_V10,G0225,T1_homogeneous_none,AIP_FLINAK_2017_V10,FLiNaK (LiF-NaF-KF),homogeneous,none,Tier_3_hypothetical_common_skeleton,False,2590,374,2743,2590,2590,7470,0.05,True,0.04107450915961554,3.861003861003861,0.14421410498375117,0.9160615727675127,0.9699848850497783,0.030891932045600118,0.9,"time integral of positive outlet enthalpy flow following the simulated charge end state, with linear within-step interpolation at the registered outlet-grade threshold",True,1.000000000000018,True,525.0,run-wise frozen at the registered transport-property temperature,7.423844578949413,7.423844578949413,1.0,0.0,0.0,0.0,6.527849710655722,0.0,15,binary_monotone_bracket_with_adjacent_verification,MINIMAL_INTEGER_COUNT_BINARY_BRACKET,False,0.012629997630364542,1598.0461386004229,80.0101039981043,8.00101039981043,0.05006113282189988,1418.8602487353494,2526.277678430521,0.012629997630364542,593.4134494768535,0.0016766129787807883,0.001673265325192494,3.3476535882205927e-06,114.38888758969723,8.670984082531502,105.71790350716573,50,52,1.0829784480790143,0.20701184710098994,0.029048947819835327,0.029332358900098915,1.5,"two-level balanced square-array Darcy-Weisbach friction screen with one trunk and one lateral supply-return pair; uniform module flow is prescribed and fittings, valves, heat exchangers and site-specific manifolds are excluded",5.775129715249796,0.0005775129715249796,"frictional energy for the modeled packed bed plus the registered balanced on-array trunk-and-lateral header screen; fittings, valves, heat exchangers, external piping and pump efficiency excluded",True,"parallel modular packed zones; discrete unit count, bed friction and a geometry-normalized on-array header-friction screen are included. Tank shells, fittings, valves, heat exchangers, site-specific trunk routing, flow maldistribution and balance of plant are excluded. Hydraulic values are screening metrics, not installed-pump specifications.",G0225_T1_homogeneous_none__AIP_FLINAK_2017_V10,mean,Deterministic endpoint test of run-wise frozen transport properties; capacity retains the registered temperature integral.,2590,1598.0461386004229,0.0016766129787807883,0.0,0.0,0.0
S10MW_8H,10.0,8.0,80.0,G0225_T1_homogeneous_none__AIP_FLINAK_2017_V10,G0225,T1_homogeneous_none,AIP_FLINAK_2017_V10,FLiNaK (LiF-NaF-KF),homogeneous,none,Tier_3_hypothetical_common_skeleton,False,2589,374,2743,2589,2589,7470,0.05,True,0.04109037416894718,3.862495171881035,0.14426980761217287,0.9160615727675127,0.9703053699122758,0.030902138799072783,0.9,"time integral of positive outlet enthalpy flow following the simulated charge end state, with linear within-step interpolation at the registered outlet-grade threshold",True,1.000000000000018,True,550.0,run-wise frozen at the registered transport-property temperature,7.42097822968874,7.42097822968874,1.0,0.0,0.0,0.0,6.527849710655722,0.0,15,binary_monotone_bracket_with_adjacent_verification,MINIMAL_INTEGER_COUNT_BINARY_BRACKET,False,0.0070466884992903545,1597.429132369303,80.00563735079943,8.000563735079943,0.050080468910282235,1418.3124262454903,2525.302281643482,0.0070466884992903545,593.1457222762833,0.0014090465588718717,0.0016739116231165167,3.3502401468170296e-06,114.35965931536238,8.668269912848245,105.69138940251413,50,52,1.0829784480790143,0.20701184710098994,0.029054557349253232,0.02933802315792908,1.5,"two-level balanced square-array Darcy-Weisbach friction screen with one trunk and one lateral supply-return pair; uniform module flow is prescribed and fittings, valves, heat exchangers and site-specific manifolds are excluded",5.773640586250333,0.0005773640586250333,"frictional energy for the modeled packed bed plus the registered balanced on-array trunk-and-lateral header screen; fittings, valves, heat exchangers, external piping and pump efficiency excluded",True,"parallel modular packed zones; discrete unit count, bed friction and a geometry-normalized on-array header-friction screen are included. Tank shells, fittings, valves, heat exchangers, site-specific trunk routing, flow maldistribution and balance of plant are excluded. Hydraulic values are screening metrics, not installed-pump specifications.",G0225_T1_homogeneous_none__AIP_FLINAK_2017_V10,hot_endpoint,Deterministic endpoint test of run-wise frozen transport properties; capacity retains the registered temperature integral.,2590,1598.0461386004229,0.0016766129787807883,-0.038610038610042974,-0.03861003861003187,-15.95874678862903
S10MW_8H,10.0,8.0,80.0,G0029_T1_homogeneous_none__AIP_FLINAK_2017_V10,G0029,T1_homogeneous_none,AIP_FLINAK_2017_V10,FLiNaK (LiF-NaF-KF),homogeneous,none,Tier_3_hypothetical_common_skeleton,False,904,638,910,904,904,12758,0.05,True,0.11768028619845602,11.061946902654867,0.7056849521183252,0.9696388127270474,0.9756994458014392,0.08855463868274455,0.9,"time integral of positive outlet enthalpy flow following the simulated charge end state, with linear within-step interpolation at the registered outlet-grade threshold",True,0.9999999999921034,True,500.0,run-wise frozen at the registered transport-property temperature,7.384970763669292,7.384970763669292,1.0,0.0,0.0,0.0,4.839838432496768,0.0,12,binary_monotone_bracket_with_adjacent_verification,MINIMAL_INTEGER_COUNT_BINARY_BRACKET,False,0.06674171150133912,1564.565498654096,80.05339336920107,8.005339336920107,0.05113240709246069,1851.0074453298232,1874.5199651658586,0.06674171150133912,41.70629499725052,0.002121609912752877,0.001744207325819388,8.914221870738258e-06,60.49532300014114,6.303883468165947,54.1914395319752,30,31,1.291830173274739,0.20701184710098994,0.03771130944080229,0.03833467910040823,1.5,"two-level balanced square-array Darcy-Weisbach friction screen with one trunk and one lateral supply-return pair; uniform module flow is prescribed and fittings, valves, heat exchangers and site-specific manifolds are excluded",3.054278056056896,0.0003054278056056896,"frictional energy for the modeled packed bed plus the registered balanced on-array trunk-and-lateral header screen; fittings, valves, heat exchangers, external piping and pump efficiency excluded",True,"parallel modular packed zones; discrete unit count, bed friction and a geometry-normalized on-array header-friction screen are included. Tank shells, fittings, valves, heat exchangers, site-specific trunk routing, flow maldistribution and balance of plant are excluded. Hydraulic values are screening metrics, not installed-pump specifications.",G0029_T1_homogeneous_none__AIP_FLINAK_2017_V10,cold_endpoint,Deterministic endpoint test of run-wise frozen transport properties; capacity retains the registered temperature integral.,904,1564.565498654096,0.0017531215476901151,0.0,0.0,21.0189855659624
S10MW_8H,10.0,8.0,80.0,G0029_T1_homogeneous_none__AIP_FLINAK_2017_V10,G0029,T1_homogeneous_none,AIP_FLINAK_2017_V10,FLiNaK (LiF-NaF-KF),homogeneous,none,Tier_3_hypothetical_common_skeleton,False,904,638,910,904,904,12758,0.05,True,0.11768028619845602,11.061946902654867,0.7056849521183252,0.9696388127270474,0.9760268268458773,0.0885843518390106,0.9,"time integral of positive outlet enthalpy flow following the simulated charge end state, with linear within-step interpolation at the registered outlet-grade threshold",True,0.9999999999924555,True,525.0,run-wise frozen at the registered transport-property temperature,7.384970763669292,7.384970763669292,1.0,0.0,0.0,0.0,4.839838432496768,0.0,12,binary_monotone_bracket_with_adjacent_verification,MINIMAL_INTEGER_COUNT_BINARY_BRACKET,False,0.1003175780819765,1564.565498654096,80.08025406246558,8.008025406246558,0.05113240709246069,1851.0074453298232,1874.5199651658586,0.1003175780819765,41.70629499725052,0.0017531215476901151,0.001744207325819388,8.914221870738258e-06,60.49532300014114,6.303883468165947,54.1914395319752,30,31,1.291830173274739,0.20701184710098994,0.03771130944080229,0.03833467910040823,1.5,"two-level balanced square-array Darcy-Weisbach friction screen with one trunk and one lateral supply-return pair; uniform module flow is prescribed and fittings, valves, heat exchangers and site-specific manifolds are excluded",3.0542594525285227,0.00030542594525285224,"frictional energy for the modeled packed bed plus the registered balanced on-array trunk-and-lateral header screen; fittings, valves, heat exchangers, external piping and pump efficiency excluded",True,"parallel modular packed zones; discrete unit count, bed friction and a geometry-normalized on-array header-friction screen are included. Tank shells, fittings, valves, heat exchangers, site-specific trunk routing, flow maldistribution and balance of plant are excluded. Hydraulic values are screening metrics, not installed-pump specifications.",G0029_T1_homogeneous_none__AIP_FLINAK_2017_V10,mean,Deterministic endpoint test of run-wise frozen transport properties; capacity retains the registered temperature integral.,904,1564.565498654096,0.0017531215476901151,0.0,0.0,0.0
S10MW_8H,10.0,8.0,80.0,G0029_T1_homogeneous_none__AIP_FLINAK_2017_V10,G0029,T1_homogeneous_none,AIP_FLINAK_2017_V10,FLiNaK (LiF-NaF-KF),homogeneous,none,Tier_3_hypothetical_common_skeleton,False,903,638,910,903,903,12758,0.05,True,0.11781060766711435,11.074197120708748,0.7064664415448129,0.9696388127270474,0.9763234099466667,0.08861126976895596,0.9,"time integral of positive outlet enthalpy flow following the simulated charge end state, with linear within-step interpolation at the registered outlet-grade threshold",True,0.9999999999924634,True,550.0,run-wise frozen at the registered transport-property temperature,7.37680154822296,7.37680154822296,1.0,0.0,0.0,0.0,4.839838432496768,0.0,12,binary_monotone_bracket_with_adjacent_verification,MINIMAL_INTEGER_COUNT_BINARY_BRACKET,False,0.019970751709030843,1562.8347846069123,80.01597660136723,8.001597660136722,0.051189032128000515,1848.9598707221576,1872.4463811335954,0.019970751709030843,41.549540246147366,0.001475326867910083,0.001746138895393894,8.933976372982914e-06,60.46504380817422,6.312164687325903,54.152879120848326,30,31,1.291830173274739,0.20701184710098994,0.037732184786680466,0.03835589951670287,1.5,"two-level balanced square-array Darcy-Weisbach friction screen with one trunk and one lateral supply-return pair; uniform module flow is prescribed and fittings, valves, heat exchangers and site-specific manifolds are excluded",3.052716750446215,0.0003052716750446215,"frictional energy for the modeled packed bed plus the registered balanced on-array trunk-and-lateral header screen; fittings, valves, heat exchangers, external piping and pump efficiency excluded",True,"parallel modular packed zones; discrete unit count, bed friction and a geometry-normalized on-array header-friction screen are included. Tank shells, fittings, valves, heat exchangers, site-specific trunk routing, flow maldistribution and balance of plant are excluded. Hydraulic values are screening metrics, not installed-pump specifications.",G0029_T1_homogeneous_none__AIP_FLINAK_2017_V10,hot_endpoint,Deterministic endpoint test of run-wise frozen transport properties; capacity retains the registered temperature integral.,904,1564.565498654096,0.0017531215476901151,-0.11061946902655162,-0.11061946902655162,-15.845717038048491
S10MW_8H,10.0,8.0,80.0,G0121_T1_homogeneous_none__SOLAR_SALT_60_40_V10,G0121,T1_homogeneous_none,SOLAR_SALT_60_40_V10,Solar Salt (NaNO3-KNO3 60:40 wt%),homogeneous,none,Tier_2_unit_pair_partial,False,954,697,960,954,954,13934,0.05,True,0.1371115800327148,10.482180293501049,0.7303299669607973,0.9654850366335678,0.9714036086341059,0.08386925498940721,0.9,"time integral of positive outlet enthalpy flow following the simulated charge end state, with linear within-step interpolation at the registered outlet-grade threshold",True,0.9999999999911022,True,500.0,run-wise frozen at the registered transport-property temperature,7.413579380449497,7.413579380449497,1.0,0.0,0.0,0.0,4.599494081014933,0.0,12,binary_monotone_bracket_with_adjacent_verification,MINIMAL_INTEGER_COUNT_BINARY_BRACKET,False,0.01408657486809961,1894.5294312091996,80.01126925989448,8.001126925989448,0.042226844662391606,1604.4442170584668,2679.7883500281537,0.01408657486809961,36.92441023081805,0.0011864058878054582,0.0011198989167704163,2.4433792463270292e-05,34.023908806209654,3.5451585568970945,30.478750249312565,30,32,1.3702208113233216,0.2514467713159729,0.04532655613143241,0.04605182708138543,1.5,"two-level balanced square-array Darcy-Weisbach friction screen with one trunk and one lateral supply-return pair; uniform module flow is prescribed and fittings, valves, heat exchangers and site-specific manifolds are excluded",2.5343851576167116,0.0002534385157616712,"frictional energy for the modeled packed bed plus the registered balanced on-array trunk-and-lateral header screen; fittings, valves, heat exchangers, external piping and pump efficiency excluded",True,"parallel modular packed zones; discrete unit count, bed friction and a geometry-normalized on-array header-friction screen are included. Tank shells, fittings, valves, heat exchangers, site-specific trunk routing, flow maldistribution and balance of plant are excluded. Hydraulic values are screening metrics, not installed-pump specifications.",G0121_T1_homogeneous_none__SOLAR_SALT_60_40_V10,cold_endpoint,Deterministic endpoint test of run-wise frozen transport properties; capacity retains the registered temperature integral.,954,1894.5294312091996,0.0011410552023457879,0.0,0.0,3.9744514872232406
S10MW_8H,10.0,8.0,80.0,G0121_T1_homogeneous_none__SOLAR_SALT_60_40_V10,G0121,T1_homogeneous_none,SOLAR_SALT_60_40_V10,Solar Salt (NaNO3-KNO3 60:40 wt%),homogeneous,none,Tier_2_unit_pair_partial,False,954,697,960,954,954,13934,0.05,True,0.13672706311225524,10.482180293501049,0.7303299669607973,0.9654850366335678,0.9714729822865782,0.08387524458682792,0.9,"time integral of positive outlet enthalpy flow following the simulated charge end state, with linear within-step interpolation at the registered outlet-grade threshold",True,0.9999999999911009,True,525.0,run-wise frozen at the registered transport-property temperature,7.413579380449497,7.413579380449497,1.0,0.0,0.0,0.0,4.599494081014933,0.0,12,binary_monotone_bracket_with_adjacent_verification,MINIMAL_INTEGER_COUNT_BINARY_BRACKET,False,0.021229169792280622,1894.5294312091996,80.01698333583383,8.001698333583382,0.042226844662391606,1604.4442170584668,2679.7883500281537,0.021229169792280622,36.92441023081805,0.0011410552023457879,0.00111675826240268,2.4296939943142097e-05,34.08354664457796,3.5511705549518506,30.53237608962611,30,32,1.3702208113233216,0.25109394400626084,0.045262954412568945,0.045987207670400716,1.5,"two-level balanced square-array Darcy-Weisbach friction screen with one trunk and one lateral supply-return pair; uniform module flow is prescribed and fittings, valves, heat exchangers and site-specific manifolds are excluded",2.5317040492910774,0.0002531704049291077,"frictional energy for the modeled packed bed plus the registered balanced on-array trunk-and-lateral header screen; fittings, valves, heat exchangers, external piping and pump efficiency excluded",True,"parallel modular packed zones; discrete unit count, bed friction and a geometry-normalized on-array header-friction screen are included. Tank shells, fittings, valves, heat exchangers, site-specific trunk routing, flow maldistribution and balance of plant are excluded. Hydraulic values are screening metrics, not installed-pump specifications.",G0121_T1_homogeneous_none__SOLAR_SALT_60_40_V10,mean,Deterministic endpoint test of run-wise frozen transport properties; capacity retains the registered temperature integral.,954,1894.5294312091996,0.0011410552023457879,0.0,0.0,0.0
S10MW_8H,10.0,8.0,80.0,G0121_T1_homogeneous_none__SOLAR_SALT_60_40_V10,G0121,T1_homogeneous_none,SOLAR_SALT_60_40_V10,Solar Salt (NaNO3-KNO3 60:40 wt%),homogeneous,none,Tier_2_unit_pair_partial,False,954,697,960,954,954,13934,0.05,True,0.13634469684574724,10.482180293501049,0.7303299669607973,0.9654850366335678,0.9715396169198363,0.08388099770221495,0.9,"time integral of positive outlet enthalpy flow following the simulated charge end state, with linear within-step interpolation at the registered outlet-grade threshold",True,0.9999999999910644,True,550.0,run-wise frozen at the registered transport-property temperature,7.413579380449497,7.413579380449497,1.0,0.0,0.0,0.0,4.599494081014933,0.0,12,binary_monotone_bracket_with_adjacent_verification,MINIMAL_INTEGER_COUNT_BINARY_BRACKET,False,0.02808975989132545,1894.5294312091996,80.02247180791306,8.002247180791306,0.042226844662391606,1604.4442170584668,2679.7883500281537,0.02808975989132545,36.92441023081805,0.0010906532340614681,0.0011136351741297531,2.4161233968170008e-05,34.14312367592777,3.557176022045265,30.585947653882503,30,32,1.3702208113233216,0.2507425977905812,0.04519961968019906,0.04592285951796473,1.5,"two-level balanced square-array Darcy-Weisbach friction screen with one trunk and one lateral supply-return pair; uniform module flow is prescribed and fittings, valves, heat exchangers and site-specific manifolds are excluded",2.5290330586899845,0.00025290330586899844,"frictional energy for the modeled packed bed plus the registered balanced on-array trunk-and-lateral header screen; fittings, valves, heat exchangers, external piping and pump efficiency excluded",True,"parallel modular packed zones; discrete unit count, bed friction and a geometry-normalized on-array header-friction screen are included. Tank shells, fittings, valves, heat exchangers, site-specific trunk routing, flow maldistribution and balance of plant are excluded. Hydraulic values are screening metrics, not installed-pump specifications.",G0121_T1_homogeneous_none__SOLAR_SALT_60_40_V10,hot_endpoint,Deterministic endpoint test of run-wise frozen transport properties; capacity retains the registered temperature integral.,954,1894.5294312091996,0.0011410552023457879,0.0,0.0,-4.417136715270487
S10MW_8H,10.0,8.0,80.0,G0175_T1_homogeneous_none__AIP_FLINAK_2017_V10,G0175,T1_homogeneous_none,AIP_FLINAK_2017_V10,FLiNaK (LiF-NaF-KF),homogeneous,none,Tier_3_hypothetical_common_skeleton,False,1927,446,1991,1927,1927,8916,0.05,True,0.055206527619825765,5.1894135962636225,0.23135284791037236,0.9454251364652241,0.9768830184920221,0.041529738782415164,0.9,"time integral of positive outlet enthalpy flow following the simulated charge end state, with linear within-step interpolation at the registered outlet-grade threshold",True,0.9999999999999398,True,500.0,run-wise frozen at the registered transport-property temperature,7.373131442692444,7.373131442692444,1.0,0.0,0.0,0.0,6.221522612621201,0.0,14,binary_monotone_bracket_with_adjacent_verification,MINIMAL_INTEGER_COUNT_BINARY_BRACKET,False,0.03475829214254489,1584.9655516037603,80.02780663371404,8.002780663371404,0.050474283128142026,1446.9478254827459,2454.1253368520997,0.03475829214254489,332.240194591167,0.006227903318690916,0.005130104485339495,1.3897277792056913e-05,83.82901579532553,6.91677186982764,76.91224392549788,43,45,1.000286700835402,0.20701184710098994,0.031281003824914944,0.03163447271470471,1.5,"two-level balanced square-array Darcy-Weisbach friction screen with one trunk and one lateral supply-return pair; uniform module flow is prescribed and fittings, valves, heat exchangers and site-specific manifolds are excluded",4.232511749932624,0.0004232511749932624,"frictional energy for the modeled packed bed plus the registered balanced on-array trunk-and-lateral header screen; fittings, valves, heat exchangers, external piping and pump efficiency excluded",True,"parallel modular packed zones; discrete unit count, bed friction and a geometry-normalized on-array header-friction screen are included. Tank shells, fittings, valves, heat exchangers, site-specific trunk routing, flow maldistribution and balance of plant are excluded. Hydraulic values are screening metrics, not installed-pump specifications.",G0175_T1_homogeneous_none__AIP_FLINAK_2017_V10,cold_endpoint,Deterministic endpoint test of run-wise frozen transport properties; capacity retains the registered temperature integral.,1926,1584.14304742545,0.0051466798037631475,0.05192107995846129,0.05192107995846129,21.008175292684793
S10MW_8H,10.0,8.0,80.0,G0175_T1_homogeneous_none__AIP_FLINAK_2017_V10,G0175,T1_homogeneous_none,AIP_FLINAK_2017_V10,FLiNaK (LiF-NaF-KF),homogeneous,none,Tier_3_hypothetical_common_skeleton,False,1926,446,1991,1926,1926,8916,0.05,True,0.05523519144517355,5.192107995846314,0.2314729688075221,0.9454251364652241,0.9771762215545594,0.04154220357744884,0.9,"time integral of positive outlet enthalpy flow following the simulated charge end state, with linear within-step interpolation at the registered outlet-grade threshold",True,0.9999999999999398,True,525.0,run-wise frozen at the registered transport-property temperature,7.369305219837469,7.369305219837469,1.0,0.0,0.0,0.0,6.221522612621201,0.0,14,binary_monotone_bracket_with_adjacent_verification,MINIMAL_INTEGER_COUNT_BINARY_BRACKET,False,0.01285511270807671,1584.14304742545,80.01028409016646,8.001028409016646,0.05050048992104345,1446.1969444108815,2452.8517897131,0.01285511270807671,332.0158872769007,0.0051466798037631475,0.005132768090990972,1.3911712771911244e-05,83.80019961249944,6.913814292043571,76.88638532045589,43,45,1.000286700835402,0.20701184710098994,0.03128912348860132,0.03164268412891561,1.5,"two-level balanced square-array Darcy-Weisbach friction screen with one trunk and one lateral supply-return pair; uniform module flow is prescribed and fittings, valves, heat exchangers and site-specific manifolds are excluded",4.231002347465974,0.00042310023474659747,"frictional energy for the modeled packed bed plus the registered balanced on-array trunk-and-lateral header screen; fittings, valves, heat exchangers, external piping and pump efficiency excluded",True,"parallel modular packed zones; discrete unit count, bed friction and a geometry-normalized on-array header-friction screen are included. Tank shells, fittings, valves, heat exchangers, site-specific trunk routing, flow maldistribution and balance of plant are excluded. Hydraulic values are screening metrics, not installed-pump specifications.",G0175_T1_homogeneous_none__AIP_FLINAK_2017_V10,mean,Deterministic endpoint test of run-wise frozen transport properties; capacity retains the registered temperature integral.,1926,1584.14304742545,0.0051466798037631475,0.0,0.0,0.0
S10MW_8H,10.0,8.0,80.0,G0175_T1_homogeneous_none__AIP_FLINAK_2017_V10,G0175,T1_homogeneous_none,AIP_FLINAK_2017_V10,FLiNaK (LiF-NaF-KF),homogeneous,none,Tier_3_hypothetical_common_skeleton,False,1926,446,1991,1926,1926,8916,0.05,True,0.05523519144517355,5.192107995846314,0.2314729688075221,0.9454251364652241,0.9774671515199173,0.04155457173743993,0.9,"time integral of positive outlet enthalpy flow following the simulated charge end state, with linear within-step interpolation at the registered outlet-grade threshold",True,0.9999999999999398,True,550.0,run-wise frozen at the registered transport-property temperature,7.369305219837469,7.369305219837469,1.0,0.0,0.0,0.0,6.221522612621201,0.0,14,binary_monotone_bracket_with_adjacent_verification,MINIMAL_INTEGER_COUNT_BINARY_BRACKET,False,0.042631457886632695,1584.14304742545,80.0341051663093,8.00341051663093,0.05050048992104345,1446.1969444108815,2452.8517897131,0.042631457886632695,332.0158872769007,0.004324271153500441,0.005132768090990972,1.3911712771911244e-05,83.80019961249944,6.913814292043571,76.88638532045589,43,45,1.000286700835402,0.20701184710098994,0.03128912348860132,0.03164268412891561,1.5,"two-level balanced square-array Darcy-Weisbach friction screen with one trunk and one lateral supply-return pair; uniform module flow is prescribed and fittings, valves, heat exchangers and site-specific manifolds are excluded",4.230960827287564,0.0004230960827287564,"frictional energy for the modeled packed bed plus the registered balanced on-array trunk-and-lateral header screen; fittings, valves, heat exchangers, external piping and pump efficiency excluded",True,"parallel modular packed zones; discrete unit count, bed friction and a geometry-normalized on-array header-friction screen are included. Tank shells, fittings, valves, heat exchangers, site-specific trunk routing, flow maldistribution and balance of plant are excluded. Hydraulic values are screening metrics, not installed-pump specifications.",G0175_T1_homogeneous_none__AIP_FLINAK_2017_V10,hot_endpoint,Deterministic endpoint test of run-wise frozen transport properties; capacity retains the registered temperature integral.,1926,1584.14304742545,0.0051466798037631475,0.0,0.0,-15.979401898314682
S10MW_8H,10.0,8.0,80.0,G0175_T1_homogeneous_none__SOLAR_SALT_60_40_V10,G0175,T1_homogeneous_none,SOLAR_SALT_60_40_V10,Solar Salt (NaNO3-KNO3 60:40 wt%),homogeneous,none,Tier_2_unit_pair_partial,False,2274,446,2371,2274,2274,8916,0.05,True,0.05752174465752416,4.397537379067722,0.19604966487391715,0.9313552451910511,0.971046820726936,0.03518345035440744,0.9,"time integral of positive outlet enthalpy flow following the simulated charge end state, with linear within-step interpolation at the registered outlet-grade threshold",True,0.999999999989563,True,500.0,run-wise frozen at the registered transport-property temperature,7.415554556860453,7.415554556860453,1.0,0.0,0.0,0.0,6.221522612621201,0.0,14,binary_monotone_bracket_with_adjacent_verification,MINIMAL_INTEGER_COUNT_BINARY_BRACKET,False,0.008957632403161497,1870.3745014774006,80.00716610592252,8.000716610592253,0.042772182756345506,1423.0175458539215,2896.0461940849377,0.008957632403161497,410.0748326415743,0.0012380888256640454,0.001175746226322337,1.8103574651102896e-05,48.277097084096326,3.9791546492902934,44.29794243480603,47,49,1.000286700835402,0.2514467713159729,0.03653183201683313,0.03691041033559039,1.5,"two-level balanced square-array Darcy-Weisbach friction screen with one trunk and one lateral supply-return pair; uniform module flow is prescribed and fittings, valves, heat exchangers and site-specific manifolds are excluded",3.5960486027734992,0.0003596048602773499,"frictional energy for the modeled packed bed plus the registered balanced on-array trunk-and-lateral header screen; fittings, valves, heat exchangers, external piping and pump efficiency excluded",True,"parallel modular packed zones; discrete unit count, bed friction and a geometry-normalized on-array header-friction screen are included. Tank shells, fittings, valves, heat exchangers, site-specific trunk routing, flow maldistribution and balance of plant are excluded. Hydraulic values are screening metrics, not installed-pump specifications.",G0175_T1_homogeneous_none__SOLAR_SALT_60_40_V10,cold_endpoint,Deterministic endpoint test of run-wise frozen transport properties; capacity retains the registered temperature integral.,2274,1870.3745014774006,0.0011904511306512807,0.0,0.0,4.001650616829822
S10MW_8H,10.0,8.0,80.0,G0175_T1_homogeneous_none__SOLAR_SALT_60_40_V10,G0175,T1_homogeneous_none,SOLAR_SALT_60_40_V10,Solar Salt (NaNO3-KNO3 60:40 wt%),homogeneous,none,Tier_2_unit_pair_partial,False,2274,446,2371,2274,2274,8916,0.05,True,0.05736043017110445,4.397537379067722,0.19604966487391715,0.9313552451910511,0.9711147974774411,0.03518591332176968,0.9,"time integral of positive outlet enthalpy flow following the simulated charge end state, with linear within-step interpolation at the registered outlet-grade threshold",True,0.9999999999895675,True,525.0,run-wise frozen at the registered transport-property temperature,7.415554556860453,7.415554556860453,1.0,0.0,0.0,0.0,6.221522612621201,0.0,14,binary_monotone_bracket_with_adjacent_verification,MINIMAL_INTEGER_COUNT_BINARY_BRACKET,False,0.015958617130307218,1870.3745014774006,80.01276689370424,8.001276689370425,0.042772182756345506,1423.0175458539215,2896.0461940849377,0.015958617130307218,410.0748326415743,0.0011904511306512807,0.001172448953268643,1.8002177382626116e-05,48.362249814402325,3.985902904566803,44.376346909835526,47,49,1.000286700835402,0.25109394400626084,0.036480570956920165,0.03685861805879592,1.5,"two-level balanced square-array Darcy-Weisbach friction screen with one trunk and one lateral supply-return pair; uniform module flow is prescribed and fittings, valves, heat exchangers and site-specific manifolds are excluded",3.592285152687087,0.0003592285152687087,"frictional energy for the modeled packed bed plus the registered balanced on-array trunk-and-lateral header screen; fittings, valves, heat exchangers, external piping and pump efficiency excluded",True,"parallel modular packed zones; discrete unit count, bed friction and a geometry-normalized on-array header-friction screen are included. Tank shells, fittings, valves, heat exchangers, site-specific trunk routing, flow maldistribution and balance of plant are excluded. Hydraulic values are screening metrics, not installed-pump specifications.",G0175_T1_homogeneous_none__SOLAR_SALT_60_40_V10,mean,Deterministic endpoint test of run-wise frozen transport properties; capacity retains the registered temperature integral.,2274,1870.3745014774006,0.0011904511306512807,0.0,0.0,0.0
S10MW_8H,10.0,8.0,80.0,G0175_T1_homogeneous_none__SOLAR_SALT_60_40_V10,G0175,T1_homogeneous_none,SOLAR_SALT_60_40_V10,Solar Salt (NaNO3-KNO3 60:40 wt%),homogeneous,none,Tier_2_unit_pair_partial,False,2274,446,2371,2274,2274,8916,0.05,True,0.05720001793792562,4.397537379067722,0.19604966487391715,0.9313552451910511,0.971179884054782,0.035188271570943376,0.9,"time integral of positive outlet enthalpy flow following the simulated charge end state, with linear within-step interpolation at the registered outlet-grade threshold",True,0.9999999999895804,True,550.0,run-wise frozen at the registered transport-property temperature,7.415554556860453,7.415554556860453,1.0,0.0,0.0,0.0,6.221522612621201,0.0,14,binary_monotone_bracket_with_adjacent_verification,MINIMAL_INTEGER_COUNT_BINARY_BRACKET,False,0.02266194040656533,1870.3745014774006,80.01812955232525,8.001812955232525,0.042772182756345506,1423.0175458539215,2896.0461940849377,0.02266194040656533,410.0748326415743,0.0011375094319902067,0.0011691701222989552,1.7901629616566457e-05,48.44731683053867,3.992643829602531,44.45467300093613,47,49,1.000286700835402,0.2507425977905812,0.036429525080038216,0.036807043194968005,1.5,"two-level balanced square-array Darcy-Weisbach friction screen with one trunk and one lateral supply-return pair; uniform module flow is prescribed and fittings, valves, heat exchangers and site-specific manifolds are excluded",3.5885360104352957,0.0003588536010435296,"frictional energy for the modeled packed bed plus the registered balanced on-array trunk-and-lateral header screen; fittings, valves, heat exchangers, external piping and pump efficiency excluded",True,"parallel modular packed zones; discrete unit count, bed friction and a geometry-normalized on-array header-friction screen are included. Tank shells, fittings, valves, heat exchangers, site-specific trunk routing, flow maldistribution and balance of plant are excluded. Hydraulic values are screening metrics, not installed-pump specifications.",G0175_T1_homogeneous_none__SOLAR_SALT_60_40_V10,hot_endpoint,Deterministic endpoint test of run-wise frozen transport properties; capacity retains the registered temperature integral.,2274,1870.3745014774006,0.0011904511306512807,0.0,0.0,-4.447196302137179
S10MW_8H,10.0,8.0,80.0,G0161_T1_homogeneous_none__AIP_FLINAK_2017_V10,G0161,T1_homogeneous_none,AIP_FLINAK_2017_V10,FLiNaK (LiF-NaF-KF),homogeneous,none,Tier_3_hypothetical_common_skeleton,False,1280,559,1303,1280,1280,11166,0.05,True,0.08311170212765957,7.8125,0.43618682066621,0.9532814145667227,0.9708874904239082,0.06253100525558275,0.9,"time integral of positive outlet enthalpy flow following the simulated charge end state, with linear within-step interpolation at the registered outlet-grade threshold",True,0.9999999999983412,True,500.0,run-wise frozen at the registered transport-property temperature,7.420206751560011,7.420206751560011,1.0,0.0,0.0,0.0,5.1550807967295205,0.0,13,binary_monotone_bracket_with_adjacent_verification,MINIMAL_INTEGER_COUNT_BINARY_BRACKET,False,0.04960840893240004,1596.658389225246,80.03968672714592,8.003968672714592,0.05010464388617202,1426.7322506234068,2512.2801188184962,0.04960840893240004,129.25956324692476,0.003134835792694465,0.002582862454177864,6.2538616312527654e-06,84.82877915492097,7.828894951595168,76.99988420332579,35,37,1.3876824817744169,0.20701184710098994,0.034716942169920474,0.03519581916628707,1.5,"two-level balanced square-array Darcy-Weisbach friction screen with one trunk and one lateral supply-return pair; uniform module flow is prescribed and fittings, valves, heat exchangers and site-specific manifolds are excluded",4.282829713307983,0.00042828297133079834,"frictional energy for the modeled packed bed plus the registered balanced on-array trunk-and-lateral header screen; fittings, valves, heat exchangers, external piping and pump efficiency excluded",True,"parallel modular packed zones; discrete unit count, bed friction and a geometry-normalized on-array header-friction screen are included. Tank shells, fittings, valves, heat exchangers, site-specific trunk routing, flow maldistribution and balance of plant are excluded. Hydraulic values are screening metrics, not installed-pump specifications.",G0161_T1_homogeneous_none__AIP_FLINAK_2017_V10,cold_endpoint,Deterministic endpoint test of run-wise frozen transport properties; capacity retains the registered temperature integral.,1279,1595.410999858664,0.002591145537909969,0.07818608287724071,0.07818608287724071,20.98262127039916
S10MW_8H,10.0,8.0,80.0,G0161_T1_homogeneous_none__AIP_FLINAK_2017_V10,G0161,T1_homogeneous_none,AIP_FLINAK_2017_V10,FLiNaK (LiF-NaF-KF),homogeneous,none,Tier_3_hypothetical_common_skeleton,False,1279,559,1303,1279,1279,11166,0.05,True,0.0831766839119658,7.818608287724785,0.4365278580553157,0.9532814145667227,0.9712030615601305,0.06255132993848604,0.9,"time integral of positive outlet enthalpy flow following the simulated charge end state, with linear within-step interpolation at the registered outlet-grade threshold",True,0.9999999999917975,True,525.0,run-wise frozen at the registered transport-property temperature,7.4144097150354575,7.4144097150354575,1.0,0.0,0.0,0.0,5.1550807967295205,0.0,13,binary_monotone_bracket_with_adjacent_verification,MINIMAL_INTEGER_COUNT_BINARY_BRACKET,False,0.0039387391545409045,1595.410999858664,80.00315099132364,8.000315099132363,0.050143818744566214,1425.617616052607,2510.3173999756696,0.0039387391545409045,129.08045421313807,0.002591145537909969,0.0025848818931568703,6.2636447531545425e-06,84.78779991459753,7.826725848196092,76.96107406640145,35,37,1.3876824817744169,0.20701184710098994,0.034730511426709826,0.03520957559408078,1.5,"two-level balanced square-array Darcy-Weisbach friction screen with one trunk and one lateral supply-return pair; uniform module flow is prescribed and fittings, valves, heat exchangers and site-specific manifolds are excluded",4.280733383843067,0.0004280733383843067,"frictional energy for the modeled packed bed plus the registered balanced on-array trunk-and-lateral header screen; fittings, valves, heat exchangers, external piping and pump efficiency excluded",True,"parallel modular packed zones; discrete unit count, bed friction and a geometry-normalized on-array header-friction screen are included. Tank shells, fittings, valves, heat exchangers, site-specific trunk routing, flow maldistribution and balance of plant are excluded. Hydraulic values are screening metrics, not installed-pump specifications.",G0161_T1_homogeneous_none__AIP_FLINAK_2017_V10,mean,Deterministic endpoint test of run-wise frozen transport properties; capacity retains the registered temperature integral.,1279,1595.410999858664,0.002591145537909969,0.0,0.0,0.0
S10MW_8H,10.0,8.0,80.0,G0161_T1_homogeneous_none__AIP_FLINAK_2017_V10,G0161,T1_homogeneous_none,AIP_FLINAK_2017_V10,FLiNaK (LiF-NaF-KF),homogeneous,none,Tier_3_hypothetical_common_skeleton,False,1279,559,1303,1279,1279,11166,0.05,True,0.0831766839119658,7.818608287724785,0.4365278580553157,0.9532814145667227,0.9715206492909374,0.06257178450223319,0.9,"time integral of positive outlet enthalpy flow following the simulated charge end state, with linear within-step interpolation at the registered outlet-grade threshold",True,0.9999999999918121,True,550.0,run-wise frozen at the registered transport-property temperature,7.4144097150354575,7.4144097150354575,1.0,0.0,0.0,0.0,5.1550807967295205,0.0,13,binary_monotone_bracket_with_adjacent_verification,MINIMAL_INTEGER_COUNT_BINARY_BRACKET,False,0.03664047294531514,1595.410999858664,80.02931237835625,8.002931237835625,0.050143818744566214,1425.617616052607,2510.3173999756696,0.03664047294531514,129.08045421313807,0.0021769715597924977,0.0025848818931568703,6.2636447531545425e-06,84.78779991459753,7.826725848196092,76.96107406640145,35,37,1.3876824817744169,0.20701184710098994,0.034730511426709826,0.03520957559408078,1.5,"two-level balanced square-array Darcy-Weisbach friction screen with one trunk and one lateral supply-return pair; uniform module flow is prescribed and fittings, valves, heat exchangers and site-specific manifolds are excluded",4.28071247382776,0.0004280712473827761,"frictional energy for the modeled packed bed plus the registered balanced on-array trunk-and-lateral header screen; fittings, valves, heat exchangers, external piping and pump efficiency excluded",True,"parallel modular packed zones; discrete unit count, bed friction and a geometry-normalized on-array header-friction screen are included. Tank shells, fittings, valves, heat exchangers, site-specific trunk routing, flow maldistribution and balance of plant are excluded. Hydraulic values are screening metrics, not installed-pump specifications.",G0161_T1_homogeneous_none__AIP_FLINAK_2017_V10,hot_endpoint,Deterministic endpoint test of run-wise frozen transport properties; capacity retains the registered temperature integral.,1279,1595.410999858664,0.002591145537909969,0.0,0.0,-15.984203590954838
S10MW_8H,10.0,8.0,80.0,G0011_T1_homogeneous_none__AIP_FLINAK_2017_V10,G0011,T1_homogeneous_none,AIP_FLINAK_2017_V10,FLiNaK (LiF-NaF-KF),homogeneous,none,Tier_3_hypothetical_common_skeleton,False,842,700,845,842,842,13989,0.05,True,0.1263455804315965,11.876484560570072,0.8307030699316748,0.9657666632314866,0.9691187391682701,0.09509991980471193,0.9,"time integral of positive outlet enthalpy flow following the simulated charge end state, with linear within-step interpolation at the registered outlet-grade threshold",True,0.9999999999994316,True,500.0,run-wise frozen at the registered transport-property temperature,7.4365461411633795,7.4365461411633795,1.0,0.0,0.0,0.0,4.592357427740836,0.0,11,binary_monotone_bracket_with_adjacent_verification,MINIMAL_INTEGER_COUNT_BINARY_BRACKET,False,0.09266559445930689,1597.4634773137532,80.07413247556744,8.007413247556745,0.05007939219651244,1479.1892106223456,2446.4679855507343,0.09266559445930689,20.379957194843378,0.004954381399794612,0.004077157007419593,1.582904418985984e-05,62.99639489484467,6.724620703407743,56.271774191436926,29,30,1.4171749082009675,0.20701184710098994,0.03841830089506293,0.03907507156209733,1.5,"two-level balanced square-array Darcy-Weisbach friction screen with one trunk and one lateral supply-return pair; uniform module flow is prescribed and fittings, valves, heat exchangers and site-specific manifolds are excluded",3.1806903553812442,0.00031806903553812445,"frictional energy for the modeled packed bed plus the registered balanced on-array trunk-and-lateral header screen; fittings, valves, heat exchangers, external piping and pump efficiency excluded",True,"parallel modular packed zones; discrete unit count, bed friction and a geometry-normalized on-array header-friction screen are included. Tank shells, fittings, valves, heat exchangers, site-specific trunk routing, flow maldistribution and balance of plant are excluded. Hydraulic values are screening metrics, not installed-pump specifications.",G0011_T1_homogeneous_none__AIP_FLINAK_2017_V10,cold_endpoint,Deterministic endpoint test of run-wise frozen transport properties; capacity retains the registered temperature integral.,841,1595.566252281314,0.004097871704305843,0.11890606420927874,0.11890606420927874,20.901330185344523
S10MW_8H,10.0,8.0,80.0,G0011_T1_homogeneous_none__AIP_FLINAK_2017_V10,G0011,T1_homogeneous_none,AIP_FLINAK_2017_V10,FLiNaK (LiF-NaF-KF),homogeneous,none,Tier_3_hypothetical_common_skeleton,False,841,700,845,841,841,13989,0.05,True,0.12649581298859008,11.890606420927467,0.8316908262573962,0.9657666632314866,0.9694281798728185,0.09513028531617869,0.9,"time integral of positive outlet enthalpy flow following the simulated charge end state, with linear within-step interpolation at the registered outlet-grade threshold",True,0.9999999999994316,True,525.0,run-wise frozen at the registered transport-property temperature,7.427714138619583,7.427714138619583,1.0,0.0,0.0,0.0,4.592357427740836,0.0,11,binary_monotone_bracket_with_adjacent_verification,MINIMAL_INTEGER_COUNT_BINARY_BRACKET,False,0.005712438632832217,1595.566252281314,80.00456995090627,8.000456995090627,0.05013893963075324,1477.4324538401338,2443.5624416249016,0.005712438632832217,20.236988124540712,0.004097871704305843,0.004082004994348817,1.5866709956889603e-05,62.36996818702264,6.737807219244969,55.63216096777767,29,29,1.4171749082009675,0.20701184710098994,0.03844113495407448,0.03844113495407448,1.5,"two-level balanced square-array Darcy-Weisbach friction screen with one trunk and one lateral supply-return pair; uniform module flow is prescribed and fittings, valves, heat exchangers and site-specific manifolds are excluded",3.149021292687014,0.0003149021292687014,"frictional energy for the modeled packed bed plus the registered balanced on-array trunk-and-lateral header screen; fittings, valves, heat exchangers, external piping and pump efficiency excluded",True,"parallel modular packed zones; discrete unit count, bed friction and a geometry-normalized on-array header-friction screen are included. Tank shells, fittings, valves, heat exchangers, site-specific trunk routing, flow maldistribution and balance of plant are excluded. Hydraulic values are screening metrics, not installed-pump specifications.",G0011_T1_homogeneous_none__AIP_FLINAK_2017_V10,mean,Deterministic endpoint test of run-wise frozen transport properties; capacity retains the registered temperature integral.,841,1595.566252281314,0.004097871704305843,0.0,0.0,0.0
S10MW_8H,10.0,8.0,80.0,G0011_T1_homogeneous_none__AIP_FLINAK_2017_V10,G0011,T1_homogeneous_none,AIP_FLINAK_2017_V10,FLiNaK (LiF-NaF-KF),homogeneous,none,Tier_3_hypothetical_common_skeleton,False,841,700,845,841,841,13989,0.05,True,0.12649581298859008,11.890606420927467,0.8316908262573962,0.9657666632314866,0.9697481812636093,0.09516168715103301,0.9,"time integral of positive outlet enthalpy flow following the simulated charge end state, with linear within-step interpolation at the registered outlet-grade threshold",True,0.9999999999994306,True,550.0,run-wise frozen at the registered transport-property temperature,7.427714138619583,7.427714138619583,1.0,0.0,0.0,0.0,4.592357427740836,0.0,11,binary_monotone_bracket_with_adjacent_verification,MINIMAL_INTEGER_COUNT_BINARY_BRACKET,False,0.03872361752346176,1595.566252281314,80.03097889401877,8.003097889401877,0.05013893963075324,1477.4324538401338,2443.5624416249016,0.03872361752346176,20.236988124540712,0.0034438612997744135,0.004082004994348817,1.5866709956889603e-05,62.36996818702264,6.737807219244969,55.63216096777767,29,29,1.4171749082009675,0.20701184710098994,0.03844113495407448,0.03844113495407448,1.5,"two-level balanced square-array Darcy-Weisbach friction screen with one trunk and one lateral supply-return pair; uniform module flow is prescribed and fittings, valves, heat exchangers and site-specific manifolds are excluded",3.1489882742737594,0.00031489882742737594,"frictional energy for the modeled packed bed plus the registered balanced on-array trunk-and-lateral header screen; fittings, valves, heat exchangers, external piping and pump efficiency excluded",True,"parallel modular packed zones; discrete unit count, bed friction and a geometry-normalized on-array header-friction screen are included. Tank shells, fittings, valves, heat exchangers, site-specific trunk routing, flow maldistribution and balance of plant are excluded. Hydraulic values are screening metrics, not installed-pump specifications.",G0011_T1_homogeneous_none__AIP_FLINAK_2017_V10,hot_endpoint,Deterministic endpoint test of run-wise frozen transport properties; capacity retains the registered temperature integral.,841,1595.566252281314,0.004097871704305843,0.0,0.0,-15.959757935911645
S10MW_8H,10.0,8.0,80.0,G0127_T1_homogeneous_none__AIP_FLINAK_2017_V10,G0127,T1_homogeneous_none,AIP_FLINAK_2017_V10,FLiNaK (LiF-NaF-KF),homogeneous,none,Tier_3_hypothetical_common_skeleton,False,1410,573,1435,1410,1410,11458,0.05,True,0.07544892108042854,7.092198581560283,0.4063189026363829,0.9606815872103792,0.9777285778379923,0.05676591862480733,0.9,"time integral of positive outlet enthalpy flow following the simulated charge end state, with linear within-step interpolation at the registered outlet-grade threshold",True,0.9999999999908034,True,500.0,run-wise frozen at the registered transport-property temperature,7.368039875491118,7.368039875491118,1.0,0.0,0.0,0.0,5.631505963638052,0.0,13,binary_monotone_bracket_with_adjacent_verification,MINIMAL_INTEGER_COUNT_BINARY_BRACKET,False,0.04993157622290578,1569.032620809582,80.03994526097833,8.003994526097832,0.050986830317601664,1706.4592014884686,2074.1342071629606,0.04993157622290578,146.11210394385853,0.003130013611741929,0.0025762149730653794,9.508820394736987e-06,72.88491396899501,6.596485821809779,66.28842814718523,37,39,1.1033250763250884,0.20701184710098994,0.033984230635142616,0.0344284877997094,1.5,"two-level balanced square-array Darcy-Weisbach friction screen with one trunk and one lateral supply-return pair; uniform module flow is prescribed and fittings, valves, heat exchangers and site-specific manifolds are excluded",3.679830689046807,0.00036798306890468074,"frictional energy for the modeled packed bed plus the registered balanced on-array trunk-and-lateral header screen; fittings, valves, heat exchangers, external piping and pump efficiency excluded",True,"parallel modular packed zones; discrete unit count, bed friction and a geometry-normalized on-array header-friction screen are included. Tank shells, fittings, valves, heat exchangers, site-specific trunk routing, flow maldistribution and balance of plant are excluded. Hydraulic values are screening metrics, not installed-pump specifications.",G0127_T1_homogeneous_none__AIP_FLINAK_2017_V10,cold_endpoint,Deterministic endpoint test of run-wise frozen transport properties; capacity retains the registered temperature integral.,1409,1567.9198317168093,0.0025875656950659146,0.07097232079489313,0.07097232079489313,20.963638438644395
S10MW_8H,10.0,8.0,80.0,G0127_T1_homogeneous_none__AIP_FLINAK_2017_V10,G0127,T1_homogeneous_none,AIP_FLINAK_2017_V10,FLiNaK (LiF-NaF-KF),homogeneous,none,Tier_3_hypothetical_common_skeleton,False,1409,573,1435,1409,1409,11458,0.05,True,0.07550246893073403,7.097232079488999,0.4066072765914122,0.9606815872103792,0.9780313730647355,0.05678349860517294,0.9,"time integral of positive outlet enthalpy flow following the simulated charge end state, with linear within-step interpolation at the registered outlet-grade threshold",True,0.9999999999908996,True,525.0,run-wise frozen at the registered transport-property temperature,7.362814315296171,7.362814315296171,1.0,0.0,0.0,0.0,5.631505963638052,0.0,13,binary_monotone_bracket_with_adjacent_verification,MINIMAL_INTEGER_COUNT_BINARY_BRACKET,False,0.009936918360842206,1567.9198317168093,80.00794953468868,8.000794953468867,0.05102301685437782,1705.2489467356397,2072.6631899947597,0.009936918360842206,145.93755635240902,0.0025875656950659146,0.0025780433726204314,9.522322445425823e-06,72.86064082943778,6.602560842253342,66.25807998718444,37,39,1.1033250763250884,0.20701184710098994,0.03399628819473263,0.034440702981147396,1.5,"two-level balanced square-array Darcy-Weisbach friction screen with one trunk and one lateral supply-return pair; uniform module flow is prescribed and fittings, valves, heat exchangers and site-specific manifolds are excluded",3.6785778476291537,0.0003678577847629154,"frictional energy for the modeled packed bed plus the registered balanced on-array trunk-and-lateral header screen; fittings, valves, heat exchangers, external piping and pump efficiency excluded",True,"parallel modular packed zones; discrete unit count, bed friction and a geometry-normalized on-array header-friction screen are included. Tank shells, fittings, valves, heat exchangers, site-specific trunk routing, flow maldistribution and balance of plant are excluded. Hydraulic values are screening metrics, not installed-pump specifications.",G0127_T1_homogeneous_none__AIP_FLINAK_2017_V10,mean,Deterministic endpoint test of run-wise frozen transport properties; capacity retains the registered temperature integral.,1409,1567.9198317168093,0.0025875656950659146,0.0,0.0,0.0
S10MW_8H,10.0,8.0,80.0,G0127_T1_homogeneous_none__AIP_FLINAK_2017_V10,G0127,T1_homogeneous_none,AIP_FLINAK_2017_V10,FLiNaK (LiF-NaF-KF),homogeneous,none,Tier_3_hypothetical_common_skeleton,False,1409,573,1435,1409,1409,11458,0.05,True,0.07550246893073403,7.097232079488999,0.4066072765914122,0.9606815872103792,0.9783354210492152,0.056801151319368096,0.9,"time integral of positive outlet enthalpy flow following the simulated charge end state, with linear within-step interpolation at the registered outlet-grade threshold",True,0.9999999999907984,True,550.0,run-wise frozen at the registered transport-property temperature,7.362814315296171,7.362814315296171,1.0,0.0,0.0,0.0,5.631505963638052,0.0,13,binary_monotone_bracket_with_adjacent_verification,MINIMAL_INTEGER_COUNT_BINARY_BRACKET,False,0.04102776123704466,1567.9198317168093,80.03282220898964,8.003282220898964,0.05102301685437782,1705.2489467356397,2072.6631899947597,0.04102776123704466,145.93755635240902,0.0021745130213178844,0.0025780433726204314,9.522322445425823e-06,72.86064082943778,6.602560842253342,66.25807998718444,37,39,1.1033250763250884,0.20701184710098994,0.03399628819473263,0.034440702981147396,1.5,"two-level balanced square-array Darcy-Weisbach friction screen with one trunk and one lateral supply-return pair; uniform module flow is prescribed and fittings, valves, heat exchangers and site-specific manifolds are excluded",3.678556994224096,0.0003678556994224096,"frictional energy for the modeled packed bed plus the registered balanced on-array trunk-and-lateral header screen; fittings, valves, heat exchangers, external piping and pump efficiency excluded",True,"parallel modular packed zones; discrete unit count, bed friction and a geometry-normalized on-array header-friction screen are included. Tank shells, fittings, valves, heat exchangers, site-specific trunk routing, flow maldistribution and balance of plant are excluded. Hydraulic values are screening metrics, not installed-pump specifications.",G0127_T1_homogeneous_none__AIP_FLINAK_2017_V10,hot_endpoint,Deterministic endpoint test of run-wise frozen transport properties; capacity retains the registered temperature integral.,1409,1567.9198317168093,0.0025875656950659146,0.0,0.0,-15.962983066890146
S10MW_8H,10.0,8.0,80.0,G0184_T1_homogeneous_none__AIP_FLINAK_2017_V10,G0184,T1_homogeneous_none,AIP_FLINAK_2017_V10,FLiNaK (LiF-NaF-KF),homogeneous,none,Tier_3_hypothetical_common_skeleton,False,1454,509,1485,1454,1454,10166,0.05,True,0.07316573502297403,6.87757909215956,0.34961720542065094,0.957997807105496,0.9782414663151511,0.05503462351553537,0.9,"time integral of positive outlet enthalpy flow following the simulated charge end state, with linear within-step interpolation at the registered outlet-grade threshold",True,0.99999999999991,True,500.0,run-wise frozen at the registered transport-property temperature,7.362909888556201,7.362909888556201,1.0,0.0,0.0,0.0,5.790955388750883,0.0,13,binary_monotone_bracket_with_adjacent_verification,MINIMAL_INTEGER_COUNT_BINARY_BRACKET,False,0.02542823948554762,1562.3800567739245,80.02034259158843,8.002034259158844,0.05120393060135941,1801.0014950801367,1933.3831823533005,0.02542823948554762,186.02711322425458,0.002560663621317519,0.002106614914801461,8.982922726941799e-06,70.82963318551647,6.423206563514939,64.40642662200155,38,39,1.0509426433509348,0.20701184710098994,0.0334660761935904,0.03390355980999353,1.5,"two-level balanced square-array Darcy-Weisbach friction screen with one trunk and one lateral supply-return pair; uniform module flow is prescribed and fittings, valves, heat exchangers and site-specific manifolds are excluded",3.5760389009858553,0.00035760389009858556,"frictional energy for the modeled packed bed plus the registered balanced on-array trunk-and-lateral header screen; fittings, valves, heat exchangers, external piping and pump efficiency excluded",True,"parallel modular packed zones; discrete unit count, bed friction and a geometry-normalized on-array header-friction screen are included. Tank shells, fittings, valves, heat exchangers, site-specific trunk routing, flow maldistribution and balance of plant are excluded. Hydraulic values are screening metrics, not installed-pump specifications.",G0184_T1_homogeneous_none__AIP_FLINAK_2017_V10,cold_endpoint,Deterministic endpoint test of run-wise frozen transport properties; capacity retains the registered temperature integral.,1454,1562.3800567739245,0.0021155978375284514,0.0,0.0,21.037352936086194
S10MW_8H,10.0,8.0,80.0,G0184_T1_homogeneous_none__AIP_FLINAK_2017_V10,G0184,T1_homogeneous_none,AIP_FLINAK_2017_V10,FLiNaK (LiF-NaF-KF),homogeneous,none,Tier_3_hypothetical_common_skeleton,False,1454,509,1485,1454,1454,10166,0.05,True,0.07316573502297403,6.87757909215956,0.34961720542065094,0.957997807105496,0.9785598256744249,0.05505253400909304,0.9,"time integral of positive outlet enthalpy flow following the simulated charge end state, with linear within-step interpolation at the registered outlet-grade threshold",True,0.9999999999999915,True,525.0,run-wise frozen at the registered transport-property temperature,7.362909888556201,7.362909888556201,1.0,0.0,0.0,0.0,5.790955388750883,0.0,13,binary_monotone_bracket_with_adjacent_verification,MINIMAL_INTEGER_COUNT_BINARY_BRACKET,False,0.05798056152659381,1562.3800567739245,80.04638444922128,8.004638444922128,0.05120393060135941,1801.0014950801367,1933.3831823533005,0.05798056152659381,186.02711322425458,0.0021155978375284514,0.002106614914801461,8.982922726941799e-06,70.82963318551647,6.423206563514939,64.40642662200155,38,39,1.0509426433509348,0.20701184710098994,0.0334660761935904,0.03390355980999353,1.5,"two-level balanced square-array Darcy-Weisbach friction screen with one trunk and one lateral supply-return pair; uniform module flow is prescribed and fittings, valves, heat exchangers and site-specific manifolds are excluded",3.576016431364772,0.0003576016431364772,"frictional energy for the modeled packed bed plus the registered balanced on-array trunk-and-lateral header screen; fittings, valves, heat exchangers, external piping and pump efficiency excluded",True,"parallel modular packed zones; discrete unit count, bed friction and a geometry-normalized on-array header-friction screen are included. Tank shells, fittings, valves, heat exchangers, site-specific trunk routing, flow maldistribution and balance of plant are excluded. Hydraulic values are screening metrics, not installed-pump specifications.",G0184_T1_homogeneous_none__AIP_FLINAK_2017_V10,mean,Deterministic endpoint test of run-wise frozen transport properties; capacity retains the registered temperature integral.,1454,1562.3800567739245,0.0021155978375284514,0.0,0.0,0.0
S10MW_8H,10.0,8.0,80.0,G0184_T1_homogeneous_none__AIP_FLINAK_2017_V10,G0184,T1_homogeneous_none,AIP_FLINAK_2017_V10,FLiNaK (LiF-NaF-KF),homogeneous,none,Tier_3_hypothetical_common_skeleton,False,1453,509,1485,1453,1453,10166,0.05,True,0.07321608996793134,6.882312456985547,0.3498578229054553,0.957997807105496,0.978855566962092,0.05506917203864424,0.9,"time integral of positive outlet enthalpy flow following the simulated charge end state, with linear within-step interpolation at the registered outlet-grade threshold",True,0.9999999999999915,True,550.0,run-wise frozen at the registered transport-property temperature,7.357845989044938,7.357845989044938,1.0,0.0,0.0,0.0,5.790955388750883,0.0,13,binary_monotone_bracket_with_adjacent_verification,MINIMAL_INTEGER_COUNT_BINARY_BRACKET,False,0.019383715187593076,1561.305517532677,80.01550697215008,8.001550697215007,0.05123917074630184,1799.7628420573858,1932.0534827780918,0.019383715187593076,185.83039581488435,0.0017793165224897292,0.002108064753008471,8.995291638009731e-06,70.8038319069435,6.426014398307435,64.37781750863607,38,39,1.0509426433509348,0.20701184710098994,0.03347759041247353,0.03391522454793028,1.5,"two-level balanced square-array Darcy-Weisbach friction screen with one trunk and one lateral supply-return pair; uniform module flow is prescribed and fittings, valves, heat exchangers and site-specific manifolds are excluded",3.574696848758937,0.0003574696848758937,"frictional energy for the modeled packed bed plus the registered balanced on-array trunk-and-lateral header screen; fittings, valves, heat exchangers, external piping and pump efficiency excluded",True,"parallel modular packed zones; discrete unit count, bed friction and a geometry-normalized on-array header-friction screen are included. Tank shells, fittings, valves, heat exchangers, site-specific trunk routing, flow maldistribution and balance of plant are excluded. Hydraulic values are screening metrics, not installed-pump specifications.",G0184_T1_homogeneous_none__AIP_FLINAK_2017_V10,hot_endpoint,Deterministic endpoint test of run-wise frozen transport properties; capacity retains the registered temperature integral.,1454,1562.3800567739245,0.0021155978375284514,-0.06877579092159358,-0.06877579092159358,-15.895332708015196
S10MW_8H,10.0,8.0,80.0,G0213_T1_homogeneous_none__AIP_FLINAK_2017_V10,G0213,T1_homogeneous_none,AIP_FLINAK_2017_V10,FLiNaK (LiF-NaF-KF),homogeneous,none,Tier_3_hypothetical_common_skeleton,False,2566,641,2655,2566,2566,12815,0.05,True,0.041458682277242496,3.897116134060795,0.24970998658754906,0.9390647787240045,0.9717222698331696,0.03118629689332848,0.9,"time integral of positive outlet enthalpy flow following the simulated charge end state, with linear within-step interpolation at the registered outlet-grade threshold",True,0.9999999999999503,True,500.0,run-wise frozen at the registered transport-property temperature,7.412230786296686,7.412230786296686,1.0,0.0,0.0,0.0,6.503811599195677,0.0,14,binary_monotone_bracket_with_adjacent_verification,MINIMAL_INTEGER_COUNT_BINARY_BRACKET,False,0.03004728535109802,1595.5237542441278,80.02403782828088,8.002403782828088,0.05014027512106809,1415.5662743860262,2523.657236541747,0.03004728535109802,300.46456037487997,0.0021974342817732257,0.0018113407803435019,3.3770421953915756e-06,115.15236235574096,8.753955656025928,106.39840669971504,50,52,1.0965597628247157,0.20701184710098994,0.029184480194044047,0.02946921357268565,1.5,"two-level balanced square-array Darcy-Weisbach friction screen with one trunk and one lateral supply-return pair; uniform module flow is prescribed and fittings, valves, heat exchangers and site-specific manifolds are excluded",5.813700847838916,0.0005813700847838916,"frictional energy for the modeled packed bed plus the registered balanced on-array trunk-and-lateral header screen; fittings, valves, heat exchangers, external piping and pump efficiency excluded",True,"parallel modular packed zones; discrete unit count, bed friction and a geometry-normalized on-array header-friction screen are included. Tank shells, fittings, valves, heat exchangers, site-specific trunk routing, flow maldistribution and balance of plant are excluded. Hydraulic values are screening metrics, not installed-pump specifications.",G0213_T1_homogeneous_none__AIP_FLINAK_2017_V10,cold_endpoint,Deterministic endpoint test of run-wise frozen transport properties; capacity retains the registered temperature integral.,2565,1594.9019601076336,0.001815426631966381,0.03898635477583845,0.038986354775816245,21.042307250559222
S10MW_8H,10.0,8.0,80.0,G0213_T1_homogeneous_none__AIP_FLINAK_2017_V10,G0213,T1_homogeneous_none,AIP_FLINAK_2017_V10,FLiNaK (LiF-NaF-KF),homogeneous,none,Tier_3_hypothetical_common_skeleton,False,2565,641,2655,2565,2565,12815,0.05,True,0.04147484550620049,3.898635477582846,0.24980733940883076,0.9390647787240045,0.9720470662372555,0.0311967208564321,0.9,"time integral of positive outlet enthalpy flow following the simulated charge end state, with linear within-step interpolation at the registered outlet-grade threshold",True,0.9999999999999521,True,525.0,run-wise frozen at the registered transport-property temperature,7.409342153878034,7.409342153878034,1.0,0.0,0.0,0.0,6.503811599195677,0.0,14,binary_monotone_bracket_with_adjacent_verification,MINIMAL_INTEGER_COUNT_BINARY_BRACKET,False,0.02448624593542892,1594.9019601076336,80.01958899674834,8.001958899674834,0.05015982298661237,1415.014611769352,2522.67373800841,0.02448624593542892,300.30849468494426,0.001815426631966381,0.0018120469560863352,3.3796758799828304e-06,115.12684235682745,8.755365526324399,106.37147683050306,50,52,1.0965597628247157,0.20701184710098994,0.029190168622164347,0.029474957498979878,1.5,"two-level balanced square-array Darcy-Weisbach friction screen with one trunk and one lateral supply-return pair; uniform module flow is prescribed and fittings, valves, heat exchangers and site-specific manifolds are excluded",5.812393157394071,0.0005812393157394071,"frictional energy for the modeled packed bed plus the registered balanced on-array trunk-and-lateral header screen; fittings, valves, heat exchangers, external piping and pump efficiency excluded",True,"parallel modular packed zones; discrete unit count, bed friction and a geometry-normalized on-array header-friction screen are included. Tank shells, fittings, valves, heat exchangers, site-specific trunk routing, flow maldistribution and balance of plant are excluded. Hydraulic values are screening metrics, not installed-pump specifications.",G0213_T1_homogeneous_none__AIP_FLINAK_2017_V10,mean,Deterministic endpoint test of run-wise frozen transport properties; capacity retains the registered temperature integral.,2565,1594.9019601076336,0.001815426631966381,0.0,0.0,0.0
S10MW_8H,10.0,8.0,80.0,G0213_T1_homogeneous_none__AIP_FLINAK_2017_V10,G0213,T1_homogeneous_none,AIP_FLINAK_2017_V10,FLiNaK (LiF-NaF-KF),homogeneous,none,Tier_3_hypothetical_common_skeleton,False,2564,641,2655,2564,2564,12815,0.05,True,0.041491021342981375,3.9001560062402496,0.2499047681683506,0.9390647787240045,0.9723588805648528,0.031206728174878875,0.9,"time integral of positive outlet enthalpy flow following the simulated charge end state, with linear within-step interpolation at the registered outlet-grade threshold",True,0.99999999999995,True,550.0,run-wise frozen at the registered transport-property temperature,7.406453521461811,7.406453521461811,1.0,0.0,0.0,0.0,6.503811599195677,0.0,14,binary_monotone_bracket_with_adjacent_verification,MINIMAL_INTEGER_COUNT_BINARY_BRACKET,False,0.017563800486786185,1594.2801659711395,80.01405104038943,8.001405104038943,0.05017938610010168,1414.4629491526778,2521.6902394750737,0.017563800486786185,300.1524289950086,0.0015256717397720166,0.001812753682668274,3.3823126467089455e-06,115.10157440861369,8.757030939673855,106.34454346893982,50,52,1.0965597628247157,0.20701184710098994,0.029195860377823818,0.029480704785277843,1.5,"two-level balanced square-array Darcy-Weisbach friction screen with one trunk and one lateral supply-return pair; uniform module flow is prescribed and fittings, valves, heat exchangers and site-specific manifolds are excluded",5.811102849476722,0.0005811102849476721,"frictional energy for the modeled packed bed plus the registered balanced on-array trunk-and-lateral header screen; fittings, valves, heat exchangers, external piping and pump efficiency excluded",True,"parallel modular packed zones; discrete unit count, bed friction and a geometry-normalized on-array header-friction screen are included. Tank shells, fittings, valves, heat exchangers, site-specific trunk routing, flow maldistribution and balance of plant are excluded. Hydraulic values are screening metrics, not installed-pump specifications.",G0213_T1_homogeneous_none__AIP_FLINAK_2017_V10,hot_endpoint,Deterministic endpoint test of run-wise frozen transport properties; capacity retains the registered temperature integral.,2565,1594.9019601076336,0.001815426631966381,-0.03898635477582735,-0.03898635477582735,-15.960705163860911
S10MW_8H,10.0,8.0,80.0,G0174_T1_homogeneous_none__AIP_FLINAK_2017_V10,G0174,T1_homogeneous_none,AIP_FLINAK_2017_V10,FLiNaK (LiF-NaF-KF),homogeneous,none,Tier_3_hypothetical_common_skeleton,False,1164,801,1172,1164,1164,16012,0.05,True,0.09139431161804489,8.59106529209622,0.6878082309254434,0.9708884250084212,0.9773075886186803,0.06874222771508633,0.9,"time integral of positive outlet enthalpy flow following the simulated charge end state, with linear within-step interpolation at the registered outlet-grade threshold",True,0.9999999999998405,True,500.0,run-wise frozen at the registered transport-property temperature,7.368729645696463,7.368729645696463,1.0,0.0,0.0,0.0,5.043183985325774,0.0,12,binary_monotone_bracket_with_adjacent_verification,MINIMAL_INTEGER_COUNT_BINARY_BRACKET,False,0.0199413254506009,1577.4521876239064,80.01595306036049,8.001595306036048,0.05071469083351607,1562.100918507615,2284.300239420122,0.0199413254506009,45.38936218522767,0.003287224119773135,0.002708069413823133,6.984190453859778e-06,77.71656883554003,7.510465959202828,70.2061028763372,34,35,1.3680629559497466,0.20701184710098994,0.03538002771777633,0.03589655179485815,1.5,"two-level balanced square-array Darcy-Weisbach friction screen with one trunk and one lateral supply-return pair; uniform module flow is prescribed and fittings, valves, heat exchangers and site-specific manifolds are excluded",3.9237698784300448,0.00039237698784300444,"frictional energy for the modeled packed bed plus the registered balanced on-array trunk-and-lateral header screen; fittings, valves, heat exchangers, external piping and pump efficiency excluded",True,"parallel modular packed zones; discrete unit count, bed friction and a geometry-normalized on-array header-friction screen are included. Tank shells, fittings, valves, heat exchangers, site-specific trunk routing, flow maldistribution and balance of plant are excluded. Hydraulic values are screening metrics, not installed-pump specifications.",G0174_T1_homogeneous_none__AIP_FLINAK_2017_V10,cold_endpoint,Deterministic endpoint test of run-wise frozen transport properties; capacity retains the registered temperature integral.,1164,1577.4521876239064,0.0027150536042770674,0.0,0.0,21.0740043804188
S10MW_8H,10.0,8.0,80.0,G0174_T1_homogeneous_none__AIP_FLINAK_2017_V10,G0174,T1_homogeneous_none,AIP_FLINAK_2017_V10,FLiNaK (LiF-NaF-KF),homogeneous,none,Tier_3_hypothetical_common_skeleton,False,1164,801,1172,1164,1164,16012,0.05,True,0.09139431161804489,8.59106529209622,0.6878082309254434,0.9708884250084212,0.9776198719439936,0.06876419321674651,0.9,"time integral of positive outlet enthalpy flow following the simulated charge end state, with linear within-step interpolation at the registered outlet-grade threshold",True,0.9999999999998406,True,525.0,run-wise frozen at the registered transport-property temperature,7.368729645696463,7.368729645696463,1.0,0.0,0.0,0.0,5.043183985325774,0.0,12,binary_monotone_bracket_with_adjacent_verification,MINIMAL_INTEGER_COUNT_BINARY_BRACKET,False,0.051901130366172055,1577.4521876239064,80.04152090429294,8.004152090429294,0.05071469083351607,1562.100918507615,2284.300239420122,0.051901130366172055,45.38936218522767,0.0027150536042770674,0.002708069413823133,6.984190453859778e-06,77.71656883554003,7.510465959202828,70.2061028763372,34,35,1.3680629559497466,0.20701184710098994,0.03538002771777633,0.03589655179485815,1.5,"two-level balanced square-array Darcy-Weisbach friction screen with one trunk and one lateral supply-return pair; uniform module flow is prescribed and fittings, valves, heat exchangers and site-specific manifolds are excluded",3.92374099179093,0.000392374099179093,"frictional energy for the modeled packed bed plus the registered balanced on-array trunk-and-lateral header screen; fittings, valves, heat exchangers, external piping and pump efficiency excluded",True,"parallel modular packed zones; discrete unit count, bed friction and a geometry-normalized on-array header-friction screen are included. Tank shells, fittings, valves, heat exchangers, site-specific trunk routing, flow maldistribution and balance of plant are excluded. Hydraulic values are screening metrics, not installed-pump specifications.",G0174_T1_homogeneous_none__AIP_FLINAK_2017_V10,mean,Deterministic endpoint test of run-wise frozen transport properties; capacity retains the registered temperature integral.,1164,1577.4521876239064,0.0027150536042770674,0.0,0.0,0.0
S10MW_8H,10.0,8.0,80.0,G0174_T1_homogeneous_none__AIP_FLINAK_2017_V10,G0174,T1_homogeneous_none,AIP_FLINAK_2017_V10,FLiNaK (LiF-NaF-KF),homogeneous,none,Tier_3_hypothetical_common_skeleton,False,1164,801,1172,1164,1164,16012,0.05,True,0.09139431161804489,8.59106529209622,0.6878082309254434,0.9708884250084212,0.9779205084603365,0.0687853395007891,0.9,"time integral of positive outlet enthalpy flow following the simulated charge end state, with linear within-step interpolation at the registered outlet-grade threshold",True,0.9999999999998405,True,550.0,run-wise frozen at the registered transport-property temperature,7.368729645696463,7.368729645696463,1.0,0.0,0.0,0.0,5.043183985325774,0.0,12,binary_monotone_bracket_with_adjacent_verification,MINIMAL_INTEGER_COUNT_BINARY_BRACKET,False,0.08266897364814785,1577.4521876239064,80.06613517891851,8.006613517891852,0.05071469083351607,1562.100918507615,2284.300239420122,0.08266897364814785,45.38936218522767,0.0022811446634574883,0.002708069413823133,6.984190453859778e-06,77.71656883554003,7.510465959202828,70.2061028763372,34,35,1.3680629559497466,0.20701184710098994,0.03538002771777633,0.03589655179485815,1.5,"two-level balanced square-array Darcy-Weisbach friction screen with one trunk and one lateral supply-return pair; uniform module flow is prescribed and fittings, valves, heat exchangers and site-specific manifolds are excluded",3.9237190854349704,0.0003923719085434971,"frictional energy for the modeled packed bed plus the registered balanced on-array trunk-and-lateral header screen; fittings, valves, heat exchangers, external piping and pump efficiency excluded",True,"parallel modular packed zones; discrete unit count, bed friction and a geometry-normalized on-array header-friction screen are included. Tank shells, fittings, valves, heat exchangers, site-specific trunk routing, flow maldistribution and balance of plant are excluded. Hydraulic values are screening metrics, not installed-pump specifications.",G0174_T1_homogeneous_none__AIP_FLINAK_2017_V10,hot_endpoint,Deterministic endpoint test of run-wise frozen transport properties; capacity retains the registered temperature integral.,1164,1577.4521876239064,0.0027150536042770674,0.0,0.0,-15.981597569051143
S10MW_8H,10.0,8.0,80.0,G0170_T1_homogeneous_none__AIP_FLINAK_2017_V10,G0170,T1_homogeneous_none,AIP_FLINAK_2017_V10,FLiNaK (LiF-NaF-KF),homogeneous,none,Tier_3_hypothetical_common_skeleton,False,821,810,821,821,821,16192,0.05,True,0.12957731878611967,12.180267965895249,0.9861363932719059,0.9773697246983182,0.9772999748943312,0.09749152801375247,0.9,"time integral of positive outlet enthalpy flow following the simulated charge end state, with linear within-step interpolation at the registered outlet-grade threshold",True,0.9999999999905691,True,500.0,run-wise frozen at the registered transport-property temperature,7.371408836750576,7.371408836750576,1.0,0.0,0.0,0.0,4.70917082034683,0.0,6,binary_monotone_bracket_with_adjacent_verification,MINIMAL_INTEGER_COUNT_BINARY_BRACKET,False,0.05068062411346386,1571.1678566319733,80.04054449929077,8.004054449929077,0.050917538608186416,1681.9558041745297,2111.7368797117583,0.05068062411346386,1.4058508359169108,0.004821447419758238,0.0039659467460240174,1.761818369029634e-05,57.39775574595263,5.984281707243197,51.41347403870944,28,30,1.3159950224731787,0.20701184710098994,0.038906540948543455,0.03957165820400386,1.5,"two-level balanced square-array Darcy-Weisbach friction screen with one trunk and one lateral supply-return pair; uniform module flow is prescribed and fittings, valves, heat exchangers and site-specific manifolds are excluded",2.8980303715785842,0.0002898030371578585,"frictional energy for the modeled packed bed plus the registered balanced on-array trunk-and-lateral header screen; fittings, valves, heat exchangers, external piping and pump efficiency excluded",True,"parallel modular packed zones; discrete unit count, bed friction and a geometry-normalized on-array header-friction screen are included. Tank shells, fittings, valves, heat exchangers, site-specific trunk routing, flow maldistribution and balance of plant are excluded. Hydraulic values are screening metrics, not installed-pump specifications.",G0170_T1_homogeneous_none__AIP_FLINAK_2017_V10,cold_endpoint,Deterministic endpoint test of run-wise frozen transport properties; capacity retains the registered temperature integral.,821,1571.1678566319733,0.003983564929714191,0.0,0.0,21.0334839478608
S10MW_8H,10.0,8.0,80.0,G0170_T1_homogeneous_none__AIP_FLINAK_2017_V10,G0170,T1_homogeneous_none,AIP_FLINAK_2017_V10,FLiNaK (LiF-NaF-KF),homogeneous,none,Tier_3_hypothetical_common_skeleton,False,821,810,821,821,821,16192,0.05,True,0.12957731878611967,12.180267965895249,0.9861363932719059,0.9773697246983182,0.9776101442080614,0.0975224692611845,0.9,"time integral of positive outlet enthalpy flow following the simulated charge end state, with linear within-step interpolation at the registered outlet-grade threshold",True,0.9999999999918722,True,525.0,run-wise frozen at the registered transport-property temperature,7.371408836750576,7.371408836750576,1.0,0.0,0.0,0.0,4.70917082034683,0.0,6,binary_monotone_bracket_with_adjacent_verification,MINIMAL_INTEGER_COUNT_BINARY_BRACKET,False,0.08243407929060531,1571.1678566319733,80.06594726343249,8.006594726343248,0.050917538608186416,1681.9558041745297,2111.7368797117583,0.08243407929060531,1.4058508359169108,0.003983564929714191,0.0039659467460240174,1.761818369029634e-05,57.39775574595263,5.984281707243197,51.41347403870944,28,30,1.3159950224731787,0.20701184710098994,0.038906540948543455,0.03957165820400386,1.5,"two-level balanced square-array Darcy-Weisbach friction screen with one trunk and one lateral supply-return pair; uniform module flow is prescribed and fittings, valves, heat exchangers and site-specific manifolds are excluded",2.8979880701868583,0.00028979880701868584,"frictional energy for the modeled packed bed plus the registered balanced on-array trunk-and-lateral header screen; fittings, valves, heat exchangers, external piping and pump efficiency excluded",True,"parallel modular packed zones; discrete unit count, bed friction and a geometry-normalized on-array header-friction screen are included. Tank shells, fittings, valves, heat exchangers, site-specific trunk routing, flow maldistribution and balance of plant are excluded. Hydraulic values are screening metrics, not installed-pump specifications.",G0170_T1_homogeneous_none__AIP_FLINAK_2017_V10,mean,Deterministic endpoint test of run-wise frozen transport properties; capacity retains the registered temperature integral.,821,1571.1678566319733,0.003983564929714191,0.0,0.0,0.0
S10MW_8H,10.0,8.0,80.0,G0170_T1_homogeneous_none__AIP_FLINAK_2017_V10,G0170,T1_homogeneous_none,AIP_FLINAK_2017_V10,FLiNaK (LiF-NaF-KF),homogeneous,none,Tier_3_hypothetical_common_skeleton,False,821,810,821,821,821,16192,0.05,True,0.12957731878611967,12.180267965895249,0.9861363932719059,0.9773697246983182,0.9779095696052976,0.09755233873857383,0.9,"time integral of positive outlet enthalpy flow following the simulated charge end state, with linear within-step interpolation at the registered outlet-grade threshold",True,0.9999999999919262,True,550.0,run-wise frozen at the registered transport-property temperature,7.371408836750576,7.371408836750576,1.0,0.0,0.0,0.0,4.70917082034683,0.0,6,binary_monotone_bracket_with_adjacent_verification,MINIMAL_INTEGER_COUNT_BINARY_BRACKET,False,0.11308763046140591,1571.1678566319733,80.09047010436912,8.009047010436912,0.050917538608186416,1681.9558041745297,2111.7368797117583,0.11308763046140591,1.4058508359169108,0.003348166335343301,0.0039659467460240174,1.761818369029634e-05,57.39775574595263,5.984281707243197,51.41347403870944,28,30,1.3159950224731787,0.20701184710098994,0.038906540948543455,0.03957165820400386,1.5,"two-level balanced square-array Darcy-Weisbach friction screen with one trunk and one lateral supply-return pair; uniform module flow is prescribed and fittings, valves, heat exchangers and site-specific manifolds are excluded",2.8979559914107025,0.0002897955991410703,"frictional energy for the modeled packed bed plus the registered balanced on-array trunk-and-lateral header screen; fittings, valves, heat exchangers, external piping and pump efficiency excluded",True,"parallel modular packed zones; discrete unit count, bed friction and a geometry-normalized on-array header-friction screen are included. Tank shells, fittings, valves, heat exchangers, site-specific trunk routing, flow maldistribution and balance of plant are excluded. Hydraulic values are screening metrics, not installed-pump specifications.",G0170_T1_homogeneous_none__AIP_FLINAK_2017_V10,hot_endpoint,Deterministic endpoint test of run-wise frozen transport properties; capacity retains the registered temperature integral.,821,1571.1678566319733,0.003983564929714191,0.0,0.0,-15.950501763667202
S10MW_8H,10.0,8.0,80.0,G0225_T1_homogeneous_none__SOLAR_SALT_60_40_V10,G0225,T1_homogeneous_none,SOLAR_SALT_60_40_V10,Solar Salt (NaNO3-KNO3 60:40 wt%),homogeneous,none,Tier_2_unit_pair_partial,False,3047,374,3273,3047,3047,7470,0.05,True,0.04292892922586477,3.2819166393173616,0.12258435572954236,0.896621897538676,0.9631810012140936,0.026262217162133783,0.9,"time integral of positive outlet enthalpy flow following the simulated charge end state, with linear within-step interpolation at the registered outlet-grade threshold",True,0.9999999999816135,True,500.0,run-wise frozen at the registered transport-property temperature,7.477663869269814,7.477663869269814,1.0,0.0,0.0,0.0,6.527849710655722,0.0,16,binary_monotone_bracket_with_adjacent_verification,MINIMAL_INTEGER_COUNT_BINARY_BRACKET,False,0.026219616277023405,1880.0179862221964,80.02097569302163,8.002097569302162,0.04255278438093885,1391.1083245691646,2972.0340101072575,0.026219616277023405,715.7647801374411,0.0004035452400998898,0.00038466994013188724,4.3878040119214516e-06,65.39824484159826,5.023592281638567,60.37465255995969,55,56,1.0829784480790143,0.2514467713159729,0.03378245299054306,0.034088182778643686,1.5,"two-level balanced square-array Darcy-Weisbach friction screen with one trunk and one lateral supply-return pair; uniform module flow is prescribed and fittings, valves, heat exchangers and site-specific manifolds are excluded",4.871268185044411,0.00048712681850444103,"frictional energy for the modeled packed bed plus the registered balanced on-array trunk-and-lateral header screen; fittings, valves, heat exchangers, external piping and pump efficiency excluded",True,"parallel modular packed zones; discrete unit count, bed friction and a geometry-normalized on-array header-friction screen are included. Tank shells, fittings, valves, heat exchangers, site-specific trunk routing, flow maldistribution and balance of plant are excluded. Hydraulic values are screening metrics, not installed-pump specifications.",G0225_T1_homogeneous_none__SOLAR_SALT_60_40_V10,cold_endpoint,Deterministic endpoint test of run-wise frozen transport properties; capacity retains the registered temperature integral.,3046,1879.4009799910766,0.0003880831946129962,0.032829940906098365,0.032829940906098365,3.9842089792918367
S10MW_8H,10.0,8.0,80.0,G0225_T1_homogeneous_none__SOLAR_SALT_60_40_V10,G0225,T1_homogeneous_none,SOLAR_SALT_60_40_V10,Solar Salt (NaNO3-KNO3 60:40 wt%),homogeneous,none,Tier_2_unit_pair_partial,False,3046,374,3273,3046,3046,7470,0.05,True,0.04282259297737739,3.2829940906106367,0.12262460010108851,0.896621897538676,0.9632512605667081,0.026264132862686126,0.9,"time integral of positive outlet enthalpy flow following the simulated charge end state, with linear within-step interpolation at the registered outlet-grade threshold",True,0.9999999999815614,True,525.0,run-wise frozen at the registered transport-property temperature,7.475209762324129,7.475209762324129,1.0,0.0,0.0,0.0,6.527849710655722,0.0,17,binary_monotone_bracket_with_adjacent_verification,MINIMAL_INTEGER_COUNT_BINARY_BRACKET,False,0.0006858746774307534,1879.4009799910766,80.00054869974194,8.000054869974194,0.04256675443490502,1390.6517744134148,2971.0586133202187,0.0006858746774307534,715.4970529368709,0.0003880831946129962,0.0003837171011238836,4.366093489132233e-06,65.50152622886664,5.032306835744969,60.46921939312167,55,56,1.0829784480790143,0.25109394400626084,0.033740586972704836,0.034045937875093225,1.5,"two-level balanced square-array Darcy-Weisbach friction screen with one trunk and one lateral supply-return pair; uniform module flow is prescribed and fittings, valves, heat exchangers and site-specific manifolds are excluded",4.865277427823741,0.0004865277427823741,"frictional energy for the modeled packed bed plus the registered balanced on-array trunk-and-lateral header screen; fittings, valves, heat exchangers, external piping and pump efficiency excluded",True,"parallel modular packed zones; discrete unit count, bed friction and a geometry-normalized on-array header-friction screen are included. Tank shells, fittings, valves, heat exchangers, site-specific trunk routing, flow maldistribution and balance of plant are excluded. Hydraulic values are screening metrics, not installed-pump specifications.",G0225_T1_homogeneous_none__SOLAR_SALT_60_40_V10,mean,Deterministic endpoint test of run-wise frozen transport properties; capacity retains the registered temperature integral.,3046,1879.4009799910766,0.0003880831946129962,0.0,0.0,0.0
S10MW_8H,10.0,8.0,80.0,G0225_T1_homogeneous_none__SOLAR_SALT_60_40_V10,G0225,T1_homogeneous_none,SOLAR_SALT_60_40_V10,Solar Salt (NaNO3-KNO3 60:40 wt%),homogeneous,none,Tier_2_unit_pair_partial,False,3046,374,3273,3046,3046,7470,0.05,True,0.04270283676652753,3.2829940906106367,0.12262460010108851,0.896621897538676,0.9633248735909393,0.026266140004880464,0.9,"time integral of positive outlet enthalpy flow following the simulated charge end state, with linear within-step interpolation at the registered outlet-grade threshold",True,0.9999999999816105,True,550.0,run-wise frozen at the registered transport-property temperature,7.475209762324129,7.475209762324129,1.0,0.0,0.0,0.0,6.527849710655722,0.0,16,binary_monotone_bracket_with_adjacent_verification,MINIMAL_INTEGER_COUNT_BINARY_BRACKET,False,0.008328068582352799,1879.4009799910766,80.00666245486589,8.000666245486588,0.04256675443490502,1390.6517744134148,2971.0586133202187,0.008328068582352799,715.4970529368709,0.0003707511849178772,0.0003826440108956888,4.341707497515549e-06,65.61700189330938,5.040817480864937,60.57618441244445,55,56,1.0829784480790143,0.2507425977905812,0.0336933750513079,0.03399829868778021,1.5,"two-level balanced square-array Darcy-Weisbach friction screen with one trunk and one lateral supply-return pair; uniform module flow is prescribed and fittings, valves, heat exchangers and site-specific manifolds are excluded",4.860223258983381,0.0004860223258983381,"frictional energy for the modeled packed bed plus the registered balanced on-array trunk-and-lateral header screen; fittings, valves, heat exchangers, external piping and pump efficiency excluded",True,"parallel modular packed zones; discrete unit count, bed friction and a geometry-normalized on-array header-friction screen are included. Tank shells, fittings, valves, heat exchangers, site-specific trunk routing, flow maldistribution and balance of plant are excluded. Hydraulic values are screening metrics, not installed-pump specifications.",G0225_T1_homogeneous_none__SOLAR_SALT_60_40_V10,hot_endpoint,Deterministic endpoint test of run-wise frozen transport properties; capacity retains the registered temperature integral.,3046,1879.4009799910766,0.0003880831946129962,0.0,0.0,-4.466055200458452
S10MW_8H,10.0,8.0,80.0,G0192_T1_homogeneous_none__AIP_FLINAK_2017_V10,G0192,T1_homogeneous_none,AIP_FLINAK_2017_V10,FLiNaK (LiF-NaF-KF),homogeneous,none,Tier_3_hypothetical_common_skeleton,False,1669,748,1695,1669,1669,14945,0.05,True,0.0637405504633938,5.991611743559018,0.4477320669393528,0.9622011186876399,0.9773039975084832,0.04795792031930854,0.9,"time integral of positive outlet enthalpy flow following the simulated charge end state, with linear within-step interpolation at the registered outlet-grade threshold",True,0.9999999999909497,True,500.0,run-wise frozen at the registered transport-property temperature,7.371132652545693,7.371132652545693,1.0,0.0,0.0,0.0,5.668083775780266,0.0,13,binary_monotone_bracket_with_adjacent_verification,MINIMAL_INTEGER_COUNT_BINARY_BRACKET,False,0.05221126615744254,1579.5858147308277,80.04176901292595,8.004176901292595,0.050646187914540466,1534.1159499140458,2326.412452789858,0.05221126615744254,123.34786222391668,0.002693885273321919,0.0022200588993959384,4.757005332692769e-06,92.6971389493057,7.954296258897455,84.74284269040824,40,42,1.2359494274863283,0.20701184710098994,0.03244583538669499,0.03283913259954162,1.5,"two-level balanced square-array Darcy-Weisbach friction screen with one trunk and one lateral supply-return pair; uniform module flow is prescribed and fittings, valves, heat exchangers and site-specific manifolds are excluded",4.680049993049532,0.00046800499930495313,"frictional energy for the modeled packed bed plus the registered balanced on-array trunk-and-lateral header screen; fittings, valves, heat exchangers, external piping and pump efficiency excluded",True,"parallel modular packed zones; discrete unit count, bed friction and a geometry-normalized on-array header-friction screen are included. Tank shells, fittings, valves, heat exchangers, site-specific trunk routing, flow maldistribution and balance of plant are excluded. Hydraulic values are screening metrics, not installed-pump specifications.",G0192_T1_homogeneous_none__AIP_FLINAK_2017_V10,cold_endpoint,Deterministic endpoint test of run-wise frozen transport properties; capacity retains the registered temperature integral.,1668,1578.6393882390776,0.002226152580844904,0.059952038369304184,0.059952038369304184,21.01081015298123
S10MW_8H,10.0,8.0,80.0,G0192_T1_homogeneous_none__AIP_FLINAK_2017_V10,G0192,T1_homogeneous_none,AIP_FLINAK_2017_V10,FLiNaK (LiF-NaF-KF),homogeneous,none,Tier_3_hypothetical_common_skeleton,False,1668,748,1695,1668,1668,14945,0.05,True,0.06377876422266442,5.995203836930456,0.44800049143991594,0.9622011186876399,0.9776079413593103,0.047972835345765685,0.9,"time integral of positive outlet enthalpy flow following the simulated charge end state, with linear within-step interpolation at the registered outlet-grade threshold",True,0.9999999999909865,True,525.0,run-wise frozen at the registered transport-property temperature,7.36671615604917,7.36671615604917,1.0,0.0,0.0,0.0,5.668083775780266,0.0,13,binary_monotone_bracket_with_adjacent_verification,MINIMAL_INTEGER_COUNT_BINARY_BRACKET,False,0.023361695921453318,1578.6393882390776,80.01868935673717,8.001868935673716,0.050676551336551585,1533.1967671998973,2325.018556772608,0.023361695921453318,123.2140408564967,0.002226152580844904,0.0022213898699591605,4.762710885802488e-06,92.66102919043452,7.951027707487696,84.71000148294682,40,42,1.2359494274863283,0.20701184710098994,0.032455559899242634,0.03284897498927245,1.5,"two-level balanced square-array Darcy-Weisbach friction screen with one trunk and one lateral supply-return pair; uniform module flow is prescribed and fittings, valves, heat exchangers and site-specific manifolds are excluded",4.678203339351206,0.0004678203339351206,"frictional energy for the modeled packed bed plus the registered balanced on-array trunk-and-lateral header screen; fittings, valves, heat exchangers, external piping and pump efficiency excluded",True,"parallel modular packed zones; discrete unit count, bed friction and a geometry-normalized on-array header-friction screen are included. Tank shells, fittings, valves, heat exchangers, site-specific trunk routing, flow maldistribution and balance of plant are excluded. Hydraulic values are screening metrics, not installed-pump specifications.",G0192_T1_homogeneous_none__AIP_FLINAK_2017_V10,mean,Deterministic endpoint test of run-wise frozen transport properties; capacity retains the registered temperature integral.,1668,1578.6393882390776,0.002226152580844904,0.0,0.0,0.0
S10MW_8H,10.0,8.0,80.0,G0192_T1_homogeneous_none__AIP_FLINAK_2017_V10,G0192,T1_homogeneous_none,AIP_FLINAK_2017_V10,FLiNaK (LiF-NaF-KF),homogeneous,none,Tier_3_hypothetical_common_skeleton,False,1668,748,1695,1668,1668,14945,0.05,True,0.06377876422266442,5.995203836930456,0.44800049143991594,0.9622011186876399,0.9779105240333764,0.04798768357703237,0.9,"time integral of positive outlet enthalpy flow following the simulated charge end state, with linear within-step interpolation at the registered outlet-grade threshold",True,0.9999999999906067,True,550.0,run-wise frozen at the registered transport-property temperature,7.36671615604917,7.36671615604917,1.0,0.0,0.0,0.0,5.668083775780266,0.0,13,binary_monotone_bracket_with_adjacent_verification,MINIMAL_INTEGER_COUNT_BINARY_BRACKET,False,0.05432025811251684,1578.6393882390776,80.04345620649,8.004345620649001,0.050676551336551585,1533.1967671998973,2325.018556772608,0.05432025811251684,123.2140408564967,0.0018702158560756847,0.0022213898699591605,4.762710885802488e-06,92.66102919043452,7.951027707487696,84.71000148294682,40,42,1.2359494274863283,0.20701184710098994,0.032455559899242634,0.03284897498927245,1.5,"two-level balanced square-array Darcy-Weisbach friction screen with one trunk and one lateral supply-return pair; uniform module flow is prescribed and fittings, valves, heat exchangers and site-specific manifolds are excluded",4.678185369505788,0.00046781853695057883,"frictional energy for the modeled packed bed plus the registered balanced on-array trunk-and-lateral header screen; fittings, valves, heat exchangers, external piping and pump efficiency excluded",True,"parallel modular packed zones; discrete unit count, bed friction and a geometry-normalized on-array header-friction screen are included. Tank shells, fittings, valves, heat exchangers, site-specific trunk routing, flow maldistribution and balance of plant are excluded. Hydraulic values are screening metrics, not installed-pump specifications.",G0192_T1_homogeneous_none__AIP_FLINAK_2017_V10,hot_endpoint,Deterministic endpoint test of run-wise frozen transport properties; capacity retains the registered temperature integral.,1668,1578.6393882390776,0.002226152580844904,0.0,0.0,-15.988873711168928
S10MW_8H,10.0,8.0,80.0,G0011_T1_homogeneous_none__SOLAR_SALT_60_40_V10,G0011,T1_homogeneous_none,SOLAR_SALT_60_40_V10,Solar Salt (NaNO3-KNO3 60:40 wt%),homogeneous,none,Tier_2_unit_pair_partial,False,997,700,1005,997,997,13989,0.05,True,0.13119804147563685,10.030090270812437,0.7015566548470112,0.9547685861811196,0.9626037635786964,0.08031739625205091,0.9,"time integral of positive outlet enthalpy flow following the simulated charge end state, with linear within-step interpolation at the registered outlet-grade threshold",True,0.9999999999891788,True,500.0,run-wise frozen at the registered transport-property temperature,7.487139778586708,7.487139778586708,1.0,0.0,0.0,0.0,4.592357427740836,0.0,12,binary_monotone_bracket_with_adjacent_verification,MINIMAL_INTEGER_COUNT_BINARY_BRACKET,False,0.09555507911844785,1891.5333573418195,80.07644406329476,8.007644406329476,0.04229372941771662,1459.672530039715,2896.827294054729,0.09555507911844785,42.54016309175634,0.0009867242969225436,0.0009312590320941885,2.0480504371953186e-05,36.51472464508006,3.777956784964096,32.73676786011596,31,33,1.4171749082009675,0.2514467713159729,0.04504778830821391,0.04574624528248007,1.5,"two-level balanced square-array Darcy-Weisbach friction screen with one trunk and one lateral supply-return pair; uniform module flow is prescribed and fittings, valves, heat exchangers and site-specific manifolds are excluded",2.719900600938243,0.00027199006009382434,"frictional energy for the modeled packed bed plus the registered balanced on-array trunk-and-lateral header screen; fittings, valves, heat exchangers, external piping and pump efficiency excluded",True,"parallel modular packed zones; discrete unit count, bed friction and a geometry-normalized on-array header-friction screen are included. Tank shells, fittings, valves, heat exchangers, site-specific trunk routing, flow maldistribution and balance of plant are excluded. Hydraulic values are screening metrics, not installed-pump specifications.",G0011_T1_homogeneous_none__SOLAR_SALT_60_40_V10,cold_endpoint,Deterministic endpoint test of run-wise frozen transport properties; capacity retains the registered temperature integral.,996,1889.6361323093804,0.0009499864877166663,0.10040160642570406,0.10040160642570406,3.867192815992393
S10MW_8H,10.0,8.0,80.0,G0011_T1_homogeneous_none__SOLAR_SALT_60_40_V10,G0011,T1_homogeneous_none,SOLAR_SALT_60_40_V10,Solar Salt (NaNO3-KNO3 60:40 wt%),homogeneous,none,Tier_2_unit_pair_partial,False,996,700,1005,996,996,13989,0.05,True,0.13096146406535292,10.040160642570282,0.7022610289984641,0.9547685861811196,0.9626614292347975,0.08032220773890195,0.9,"time integral of positive outlet enthalpy flow following the simulated charge end state, with linear within-step interpolation at the registered outlet-grade threshold",True,0.9999999999892137,True,525.0,run-wise frozen at the registered transport-property temperature,7.479630109801229,7.479630109801229,1.0,0.0,0.0,0.0,4.592357427740836,0.0,12,binary_monotone_bracket_with_adjacent_verification,MINIMAL_INTEGER_COUNT_BINARY_BRACKET,False,0.0011486349329015155,1889.6361323093804,80.00091890794633,8.000091890794632,0.04233619300146935,1458.2084653155023,2893.9217501288967,0.0011486349329015155,42.39719402145368,0.0009499864877166663,0.0009295797779861339,2.0406709730565866e-05,36.56228780244739,3.788508443591068,32.77377935885632,31,33,1.4171749082009675,0.25109394400626084,0.045007154707125636,0.0457049816655101,1.5,"two-level balanced square-array Darcy-Weisbach friction screen with one trunk and one lateral supply-return pair; uniform module flow is prescribed and fittings, valves, heat exchangers and site-specific manifolds are excluded",2.715803001652152,0.0002715803001652152,"frictional energy for the modeled packed bed plus the registered balanced on-array trunk-and-lateral header screen; fittings, valves, heat exchangers, external piping and pump efficiency excluded",True,"parallel modular packed zones; discrete unit count, bed friction and a geometry-normalized on-array header-friction screen are included. Tank shells, fittings, valves, heat exchangers, site-specific trunk routing, flow maldistribution and balance of plant are excluded. Hydraulic values are screening metrics, not installed-pump specifications.",G0011_T1_homogeneous_none__SOLAR_SALT_60_40_V10,mean,Deterministic endpoint test of run-wise frozen transport properties; capacity retains the registered temperature integral.,996,1889.6361323093804,0.0009499864877166663,0.0,0.0,0.0
S10MW_8H,10.0,8.0,80.0,G0011_T1_homogeneous_none__SOLAR_SALT_60_40_V10,G0011,T1_homogeneous_none,SOLAR_SALT_60_40_V10,Solar Salt (NaNO3-KNO3 60:40 wt%),homogeneous,none,Tier_2_unit_pair_partial,False,996,700,1005,996,996,13989,0.05,True,0.13059522167755308,10.040160642570282,0.7022610289984641,0.9547685861811196,0.9627374885840174,0.08032855395228808,0.9,"time integral of positive outlet enthalpy flow following the simulated charge end state, with linear within-step interpolation at the registered outlet-grade threshold",True,0.9999999999891878,True,550.0,run-wise frozen at the registered transport-property temperature,7.479630109801229,7.479630109801229,1.0,0.0,0.0,0.0,4.592357427740836,0.0,12,binary_monotone_bracket_with_adjacent_verification,MINIMAL_INTEGER_COUNT_BINARY_BRACKET,False,0.0090496705986709,1889.6361323093804,80.00723973647894,8.000723973647894,0.04233619300146935,1458.2084653155023,2893.9217501288967,0.0090496705986709,42.39719402145368,0.0009080329692211557,0.0009269801467130959,2.029273190263854e-05,36.62620838599926,3.794915361810295,32.83129302418897,31,33,1.4171749082009675,0.2507425977905812,0.04494417790556461,0.04564102842119974,1.5,"two-level balanced square-array Darcy-Weisbach friction screen with one trunk and one lateral supply-return pair; uniform module flow is prescribed and fittings, valves, heat exchangers and site-specific manifolds are excluded",2.7129395151712057,0.00027129395151712055,"frictional energy for the modeled packed bed plus the registered balanced on-array trunk-and-lateral header screen; fittings, valves, heat exchangers, external piping and pump efficiency excluded",True,"parallel modular packed zones; discrete unit count, bed friction and a geometry-normalized on-array header-friction screen are included. Tank shells, fittings, valves, heat exchangers, site-specific trunk routing, flow maldistribution and balance of plant are excluded. Hydraulic values are screening metrics, not installed-pump specifications.",G0011_T1_homogeneous_none__SOLAR_SALT_60_40_V10,hot_endpoint,Deterministic endpoint test of run-wise frozen transport properties; capacity retains the registered temperature integral.,996,1889.6361323093804,0.0009499864877166663,0.0,0.0,-4.416222655581947
S50MW_6H,50.0,6.0,300.0,G0045_T1_homogeneous_none__AIP_FLINAK_2017_V10,G0045,T1_homogeneous_none,AIP_FLINAK_2017_V10,FLiNaK (LiF-NaF-KF),homogeneous,none,Tier_3_hypothetical_common_skeleton,False,5545,2956,5623,5545,5545,59108,0.05,True,0.09592694204094161,9.017132551848512,0.532987246625449,0.954100447484898,0.9676133998889063,0.054111936983805085,0.9,"time integral of positive outlet enthalpy flow following the simulated charge end state, with linear within-step interpolation at the registered outlet-grade threshold",True,0.999999999998575,True,500.0,run-wise frozen at the registered transport-property temperature,5.582196285755188,5.582196285755188,1.0,0.0,0.0,0.0,5.592599324722605,0.0,15,binary_monotone_bracket_with_adjacent_verification,MINIMAL_INTEGER_COUNT_BINARY_BRACKET,False,0.01689685839971755,6000.764182266639,300.05069057519916,6.0010138115039835,0.04999363262541713,5454.604579260572,9322.069659870436,0.01689685839971755,87.62175011342043,0.006945448913796384,0.005715053024929746,2.2962423198144183e-05,78.21460645294817,5.036539997964002,73.17806645498418,74,75,1.1403680906306226,0.46289256226560627,0.05347432204600288,0.05383442255945944,1.5,"two-level balanced square-array Darcy-Weisbach friction screen with one trunk and one lateral supply-return pair; uniform module flow is prescribed and fittings, valves, heat exchangers and site-specific manifolds are excluded",19.745492642251932,0.0003949098528450386,"frictional energy for the modeled packed bed plus the registered balanced on-array trunk-and-lateral header screen; fittings, valves, heat exchangers, external piping and pump efficiency excluded",True,"parallel modular packed zones; discrete unit count, bed friction and a geometry-normalized on-array header-friction screen are included. Tank shells, fittings, valves, heat exchangers, site-specific trunk routing, flow maldistribution and balance of plant are excluded. Hydraulic values are screening metrics, not installed-pump specifications.",G0045_T1_homogeneous_none__AIP_FLINAK_2017_V10,cold_endpoint,Deterministic endpoint test of run-wise frozen transport properties; capacity retains the registered temperature integral.,5543,5998.599794824884,0.005740094100899627,0.036081544290089695,0.036081544290089695,20.99886851520163
S50MW_6H,50.0,6.0,300.0,G0045_T1_homogeneous_none__AIP_FLINAK_2017_V10,G0045,T1_homogeneous_none,AIP_FLINAK_2017_V10,FLiNaK (LiF-NaF-KF),homogeneous,none,Tier_3_hypothetical_common_skeleton,False,5543,2956,5623,5543,5543,59108,0.05,True,0.09596155396302025,9.020386072523904,0.5331795566549008,0.954100447484898,0.9679436710396422,0.05413040676905014,0.9,"time integral of positive outlet enthalpy flow following the simulated charge end state, with linear within-step interpolation at the registered outlet-grade threshold",True,0.9999999999985733,True,525.0,run-wise frozen at the registered transport-property temperature,5.5801828696016225,5.5801828696016225,1.0,0.0,0.0,0.0,5.592599324722605,0.0,15,binary_monotone_bracket_with_adjacent_verification,MINIMAL_INTEGER_COUNT_BINARY_BRACKET,False,0.014948240281653646,5998.599794824884,300.04484472084494,6.000896894416899,0.0500116711001151,5452.637183560208,9318.707326359212,0.014948240281653646,87.55407770580513,0.005740094100899627,0.005717115104318389,2.2978996581363307e-05,78.19609443107521,5.034812109242444,73.16128232183277,74,75,1.1403680906306226,0.46289256226560627,0.05348396835654333,0.05384413382905399,1.5,"two-level balanced square-array Darcy-Weisbach friction screen with one trunk and one lateral supply-return pair; uniform module flow is prescribed and fittings, valves, heat exchangers and site-specific manifolds are excluded",19.740515378226743,0.0003948103075645349,"frictional energy for the modeled packed bed plus the registered balanced on-array trunk-and-lateral header screen; fittings, valves, heat exchangers, external piping and pump efficiency excluded",True,"parallel modular packed zones; discrete unit count, bed friction and a geometry-normalized on-array header-friction screen are included. Tank shells, fittings, valves, heat exchangers, site-specific trunk routing, flow maldistribution and balance of plant are excluded. Hydraulic values are screening metrics, not installed-pump specifications.",G0045_T1_homogeneous_none__AIP_FLINAK_2017_V10,mean,Deterministic endpoint test of run-wise frozen transport properties; capacity retains the registered temperature integral.,5543,5998.599794824884,0.005740094100899627,0.0,0.0,0.0
S50MW_6H,50.0,6.0,300.0,G0045_T1_homogeneous_none__AIP_FLINAK_2017_V10,G0045,T1_homogeneous_none,AIP_FLINAK_2017_V10,FLiNaK (LiF-NaF-KF),homogeneous,none,Tier_3_hypothetical_common_skeleton,False,5541,2956,5623,5541,5541,59108,0.05,True,0.09599619087114622,9.023641941887746,0.5333720055113004,0.954100447484898,0.9682612808167614,0.054148168491083844,0.9,"time integral of positive outlet enthalpy flow following the simulated charge end state, with linear within-step interpolation at the registered outlet-grade threshold",True,0.9999999999985734,True,550.0,run-wise frozen at the registered transport-property temperature,5.578169453448173,5.578169453448173,1.0,0.0,0.0,0.0,5.592599324722605,0.0,15,binary_monotone_bracket_with_adjacent_verification,MINIMAL_INTEGER_COUNT_BINARY_BRACKET,False,0.011667203031873186,5996.435407383128,300.0350016090956,6.000700032181912,0.05002972259663201,5450.669787859843,9315.344992847986,0.011667203031873186,87.48640529818982,0.004825865246865389,0.005719178672303829,2.2995587914095356e-05,78.17761592899244,5.033119855580369,73.14449607341207,74,75,1.1403680906306226,0.46289256226560627,0.053493619889303755,0.053853850356035377,1.5,"two-level balanced square-array Darcy-Weisbach friction screen with one trunk and one lateral supply-return pair; uniform module flow is prescribed and fittings, valves, heat exchangers and site-specific manifolds are excluded",19.735620064637132,0.00039471240129274266,"frictional energy for the modeled packed bed plus the registered balanced on-array trunk-and-lateral header screen; fittings, valves, heat exchangers, external piping and pump efficiency excluded",True,"parallel modular packed zones; discrete unit count, bed friction and a geometry-normalized on-array header-friction screen are included. Tank shells, fittings, valves, heat exchangers, site-specific trunk routing, flow maldistribution and balance of plant are excluded. Hydraulic values are screening metrics, not installed-pump specifications.",G0045_T1_homogeneous_none__AIP_FLINAK_2017_V10,hot_endpoint,Deterministic endpoint test of run-wise frozen transport properties; capacity retains the registered temperature integral.,5543,5998.599794824884,0.005740094100899627,-0.0360815442901008,-0.0360815442901008,-15.927070845248926
S50MW_6H,50.0,6.0,300.0,G0126_T1_homogeneous_none__AIP_FLINAK_2017_V10,G0126,T1_homogeneous_none,AIP_FLINAK_2017_V10,FLiNaK (LiF-NaF-KF),homogeneous,none,Tier_3_hypothetical_common_skeleton,False,5599,2164,5731,5599,5599,43278,0.05,True,0.09500176703286681,8.93016610108948,0.3864877769450973,0.9441397370408234,0.9664005099370341,0.053586112832018945,0.9,"time integral of positive outlet enthalpy flow following the simulated charge end state, with linear within-step interpolation at the registered outlet-grade threshold",True,0.9999999999898249,True,500.0,run-wise frozen at the registered transport-property temperature,5.588664132395499,5.588664132395499,1.0,0.0,0.0,0.0,5.853093602894273,0.0,16,binary_monotone_bracket_with_adjacent_verification,MINIMAL_INTEGER_COUNT_BINARY_BRACKET,False,0.009548582158025454,5968.454579921051,300.02864574647407,6.0005729149294815,0.05026426790768479,6154.535596206988,8326.32344755734,0.009548582158025454,158.74039482031424,0.004850369321049332,0.003985196813224375,2.326583147283177e-05,71.37496739735433,4.538813257585574,66.83615413976875,74,76,1.0306464989743274,0.46289256226560627,0.053574188395831786,0.05393016698567113,1.5,"two-level balanced square-array Darcy-Weisbach friction screen with one trunk and one lateral supply-return pair; uniform module flow is prescribed and fittings, valves, heat exchangers and site-specific manifolds are excluded",18.018431394527504,0.00036036862789055006,"frictional energy for the modeled packed bed plus the registered balanced on-array trunk-and-lateral header screen; fittings, valves, heat exchangers, external piping and pump efficiency excluded",True,"parallel modular packed zones; discrete unit count, bed friction and a geometry-normalized on-array header-friction screen are included. Tank shells, fittings, valves, heat exchangers, site-specific trunk routing, flow maldistribution and balance of plant are excluded. Hydraulic values are screening metrics, not installed-pump specifications.",G0126_T1_homogeneous_none__AIP_FLINAK_2017_V10,cold_endpoint,Deterministic endpoint test of run-wise frozen transport properties; capacity retains the registered temperature integral.,5597,5966.322608290431,0.004009903322485394,0.03573342862248641,0.0357334286224642,20.95975715551681
S50MW_6H,50.0,6.0,300.0,G0126_T1_homogeneous_none__AIP_FLINAK_2017_V10,G0126,T1_homogeneous_none,AIP_FLINAK_2017_V10,FLiNaK (LiF-NaF-KF),homogeneous,none,Tier_3_hypothetical_common_skeleton,False,5597,2164,5731,5597,5597,43278,0.05,True,0.09503571442147958,8.933357155619081,0.3866258822790065,0.9441397370408234,0.9667452540169796,0.05360522860749318,0.9,"time integral of positive outlet enthalpy flow following the simulated charge end state, with linear within-step interpolation at the registered outlet-grade threshold",True,0.9999999999898184,True,525.0,run-wise frozen at the registered transport-property temperature,5.586667824436651,5.586667824436651,1.0,0.0,0.0,0.0,5.853093602894273,0.0,16,binary_monotone_bracket_with_adjacent_verification,MINIMAL_INTEGER_COUNT_BINARY_BRACKET,False,0.009488172046423493,5966.322608290431,300.02846451613925,6.000569290322785,0.05028222905398019,6152.337155201019,8323.349229501417,0.009488172046423493,158.64797103220195,0.004009903322485394,0.003986620860683398,2.3282461802160414e-05,71.35885445246025,4.537883312532699,66.82097113992755,74,76,1.0306464989743274,0.46289256226560627,0.05358375948807355,0.05393980167390979,1.5,"two-level balanced square-array Darcy-Weisbach friction screen with one trunk and one lateral supply-return pair; uniform module flow is prescribed and fittings, valves, heat exchangers and site-specific manifolds are excluded",18.01415183931666,0.0003602830367863332,"frictional energy for the modeled packed bed plus the registered balanced on-array trunk-and-lateral header screen; fittings, valves, heat exchangers, external piping and pump efficiency excluded",True,"parallel modular packed zones; discrete unit count, bed friction and a geometry-normalized on-array header-friction screen are included. Tank shells, fittings, valves, heat exchangers, site-specific trunk routing, flow maldistribution and balance of plant are excluded. Hydraulic values are screening metrics, not installed-pump specifications.",G0126_T1_homogeneous_none__AIP_FLINAK_2017_V10,mean,Deterministic endpoint test of run-wise frozen transport properties; capacity retains the registered temperature integral.,5597,5966.322608290431,0.004009903322485394,0.0,0.0,0.0
S50MW_6H,50.0,6.0,300.0,G0126_T1_homogeneous_none__AIP_FLINAK_2017_V10,G0126,T1_homogeneous_none,AIP_FLINAK_2017_V10,FLiNaK (LiF-NaF-KF),homogeneous,none,Tier_3_hypothetical_common_skeleton,False,5595,2164,5731,5595,5595,43278,0.05,True,0.09506968607989655,8.936550491510276,0.38676408634773896,0.9441397370408234,0.9670772142906119,0.053623635531429674,0.9,"time integral of positive outlet enthalpy flow following the simulated charge end state, with linear within-step interpolation at the registered outlet-grade threshold",True,0.9999999999895425,True,550.0,run-wise frozen at the registered transport-property temperature,5.584671516476253,5.584671516476253,1.0,0.0,0.0,0.0,5.853093602894273,0.0,16,binary_monotone_bracket_with_adjacent_verification,MINIMAL_INTEGER_COUNT_BINARY_BRACKET,False,0.008080266116339274,5964.190636659811,300.024240798349,6.00048481596698,0.05030020304113085,6150.138714195052,8320.375011445494,0.008080266116339274,158.55554724408964,0.0033724494418584518,0.0039880459262276536,2.3299109968808777e-05,71.34283464751637,4.537048401920821,66.80578624559554,74,76,1.0306464989743274,0.46289256226560627,0.05359333571180975,0.05394944152773958,1.5,"two-level balanced square-array Darcy-Weisbach friction screen with one trunk and one lateral supply-return pair; uniform module flow is prescribed and fittings, valves, heat exchangers and site-specific manifolds are excluded",18.009947041871936,0.0003601989408374387,"frictional energy for the modeled packed bed plus the registered balanced on-array trunk-and-lateral header screen; fittings, valves, heat exchangers, external piping and pump efficiency excluded",True,"parallel modular packed zones; discrete unit count, bed friction and a geometry-normalized on-array header-friction screen are included. Tank shells, fittings, valves, heat exchangers, site-specific trunk routing, flow maldistribution and balance of plant are excluded. Hydraulic values are screening metrics, not installed-pump specifications.",G0126_T1_homogeneous_none__AIP_FLINAK_2017_V10,hot_endpoint,Deterministic endpoint test of run-wise frozen transport properties; capacity retains the registered temperature integral.,5597,5966.322608290431,0.004009903322485394,-0.035733428622475305,-0.035733428622475305,-15.896988764104147
S50MW_6H,50.0,6.0,300.0,G0110_T1_homogeneous_none__AIP_FLINAK_2017_V10,G0110,T1_homogeneous_none,AIP_FLINAK_2017_V10,FLiNaK (LiF-NaF-KF),homogeneous,none,Tier_3_hypothetical_common_skeleton,False,4874,2479,4960,4874,4874,49561,0.05,True,0.10913313369245409,10.258514567090685,0.5084240754056418,0.9440796801668079,0.9605972454886196,0.06155239346747881,0.9,"time integral of positive outlet enthalpy flow following the simulated charge end state, with linear within-step interpolation at the registered outlet-grade threshold",True,1.0000000000000198,True,500.0,run-wise frozen at the registered transport-property temperature,5.622250495794309,5.622250495794309,1.0,0.0,0.0,0.0,5.505650724050867,0.0,15,binary_monotone_bracket_with_adjacent_verification,MINIMAL_INTEGER_COUNT_BINARY_BRACKET,False,0.0021219201639111063,6013.496620603543,300.00636576049175,6.000127315209835,0.04988778059209927,6025.264417223113,8616.981307190832,0.0021219201639111063,96.68620121935774,0.004274351048357196,0.003510414964657749,2.2345338057280232e-05,69.02607612864742,4.567238773016855,64.45883735563056,69,71,1.1112415758190741,0.46289256226560627,0.05547361399275116,0.05586844896829256,1.5,"two-level balanced square-array Darcy-Weisbach friction screen with one trunk and one lateral supply-return pair; uniform module flow is prescribed and fittings, valves, heat exchangers and site-specific manifolds are excluded",17.425354577457053,0.00034850709154914106,"frictional energy for the modeled packed bed plus the registered balanced on-array trunk-and-lateral header screen; fittings, valves, heat exchangers, external piping and pump efficiency excluded",True,"parallel modular packed zones; discrete unit count, bed friction and a geometry-normalized on-array header-friction screen are included. Tank shells, fittings, valves, heat exchangers, site-specific trunk routing, flow maldistribution and balance of plant are excluded. Hydraulic values are screening metrics, not installed-pump specifications.",G0110_T1_homogeneous_none__AIP_FLINAK_2017_V10,cold_endpoint,Deterministic endpoint test of run-wise frozen transport properties; capacity retains the registered temperature integral.,4873,6012.26282974991,0.003533489855398613,0.02052123948286244,0.020521239482884646,20.966840808292254
S50MW_6H,50.0,6.0,300.0,G0110_T1_homogeneous_none__AIP_FLINAK_2017_V10,G0110,T1_homogeneous_none,AIP_FLINAK_2017_V10,FLiNaK (LiF-NaF-KF),homogeneous,none,Tier_3_hypothetical_common_skeleton,False,4873,2479,4960,4872,4872,49561,0.05,True,0.10915552916417427,10.260619741432382,0.5085284103277444,0.9440796801668079,0.9609729172403432,0.061576465466004,0.9,"time integral of positive outlet enthalpy flow following the simulated charge end state, with linear within-step interpolation at the registered outlet-grade threshold",True,1.0000000000000198,True,525.0,run-wise frozen at the registered transport-property temperature,5.621096977022729,5.621096977022729,1.0,0.0,0.0,0.0,5.505650724050867,0.0,14,binary_monotone_bracket_with_adjacent_verification,MINIMAL_INTEGER_COUNT_BINARY_BRACKET,False,0.02070540527918663,6012.26282974991,300.06211621583753,6.001242324316751,0.04989801818302727,6024.028211967219,8615.213358625548,0.02070540527918663,96.64584705415066,0.003533489855398613,0.0035111353453196113,2.2354510078962205e-05,69.01717488892896,4.566738259638576,64.45043662929038,69,71,1.1112415758190741,0.46289256226560627,0.05547930563735575,0.05587418112333441,1.5,"two-level balanced square-array Darcy-Weisbach friction screen with one trunk and one lateral supply-return pair; uniform module flow is prescribed and fittings, valves, heat exchangers and site-specific manifolds are excluded",17.422920618682607,0.00034845841237365216,"frictional energy for the modeled packed bed plus the registered balanced on-array trunk-and-lateral header screen; fittings, valves, heat exchangers, external piping and pump efficiency excluded",True,"parallel modular packed zones; discrete unit count, bed friction and a geometry-normalized on-array header-friction screen are included. Tank shells, fittings, valves, heat exchangers, site-specific trunk routing, flow maldistribution and balance of plant are excluded. Hydraulic values are screening metrics, not installed-pump specifications.",G0110_T1_homogeneous_none__AIP_FLINAK_2017_V10,mean,Deterministic endpoint test of run-wise frozen transport properties; capacity retains the registered temperature integral.,4873,6012.26282974991,0.003533489855398613,0.0,0.0,0.0
S50MW_6H,50.0,6.0,300.0,G0110_T1_homogeneous_none__AIP_FLINAK_2017_V10,G0110,T1_homogeneous_none,AIP_FLINAK_2017_V10,FLiNaK (LiF-NaF-KF),homogeneous,none,Tier_3_hypothetical_common_skeleton,False,4871,2479,4960,4871,4871,49561,0.05,True,0.10920034769390705,10.264832683227263,0.5087372086896117,0.9440796801668079,0.9613300191372488,0.06159934756000287,0.9,"time integral of positive outlet enthalpy flow following the simulated charge end state, with linear within-step interpolation at the registered outlet-grade threshold",True,1.0000000000000198,True,550.0,run-wise frozen at the registered transport-property temperature,5.618789939479489,5.618789939479489,1.0,0.0,0.0,0.0,5.505650724050867,0.0,15,binary_monotone_bracket_with_adjacent_verification,MINIMAL_INTEGER_COUNT_BINARY_BRACKET,False,0.016807321591327806,6009.795248042647,300.050421964774,6.00100843929548,0.0499185059753422,6021.555801455433,8611.67746149498,0.016807321591327806,96.56513872373648,0.0029722401185377197,0.0035125769939934504,2.2372871072093408e-05,68.99946220679233,4.565828840817872,64.43363336597446,69,71,1.1112415758190741,0.46289256226560627,0.055490694184255424,0.055885650728530314,1.5,"two-level balanced square-array Darcy-Weisbach friction screen with one trunk and one lateral supply-return pair; uniform module flow is prescribed and fittings, valves, heat exchangers and site-specific manifolds are excluded",17.41830772391665,0.0003483661544783331,"frictional energy for the modeled packed bed plus the registered balanced on-array trunk-and-lateral header screen; fittings, valves, heat exchangers, external piping and pump efficiency excluded",True,"parallel modular packed zones; discrete unit count, bed friction and a geometry-normalized on-array header-friction screen are included. Tank shells, fittings, valves, heat exchangers, site-specific trunk routing, flow maldistribution and balance of plant are excluded. Hydraulic values are screening metrics, not installed-pump specifications.",G0110_T1_homogeneous_none__AIP_FLINAK_2017_V10,hot_endpoint,Deterministic endpoint test of run-wise frozen transport properties; capacity retains the registered temperature integral.,4873,6012.26282974991,0.003533489855398613,-0.04104247896572488,-0.04104247896572488,-15.883722886692109
S50MW_6H,50.0,6.0,300.0,G0024_T1_homogeneous_none__AIP_FLINAK_2017_V10,G0024,T1_homogeneous_none,AIP_FLINAK_2017_V10,FLiNaK (LiF-NaF-KF),homogeneous,none,Tier_3_hypothetical_common_skeleton,False,3004,2199,3029,3003,3003,43978,0.05,True,0.17706887270872876,16.644474034620504,0.7320069929929531,0.9429714783221642,0.9510351029389207,0.09990086584962458,0.9,"time integral of positive outlet enthalpy flow following the simulated charge end state, with linear within-step interpolation at the registered outlet-grade threshold",True,0.9999999999865798,True,500.0,run-wise frozen at the registered transport-property temperature,5.680410227634559,5.680410227634559,1.0,0.0,0.0,0.0,4.536043793329511,0.0,11,binary_monotone_bracket_with_adjacent_verification,MINIMAL_INTEGER_COUNT_BINARY_BRACKET,False,0.03406700409074315,6114.010535874118,300.10220101227225,6.002044020245445,0.049067628889375,5416.9789250512695,9680.241208775822,0.03406700409074315,36.61071677898939,0.005720611934067436,0.004696093361842902,3.246779816193818e-05,59.72774075752853,4.5329429876333105,55.194797769895224,54,56,1.4030196498438297,0.46289256226560627,0.06263420698921723,0.06320104394555147,1.5,"two-level balanced square-array Darcy-Weisbach friction screen with one trunk and one lateral supply-return pair; uniform module flow is prescribed and fittings, valves, heat exchangers and site-specific manifolds are excluded",15.078537734034498,0.00030157075468068993,"frictional energy for the modeled packed bed plus the registered balanced on-array trunk-and-lateral header screen; fittings, valves, heat exchangers, external piping and pump efficiency excluded",True,"parallel modular packed zones; discrete unit count, bed friction and a geometry-normalized on-array header-friction screen are included. Tank shells, fittings, valves, heat exchangers, site-specific trunk routing, flow maldistribution and balance of plant are excluded. Hydraulic values are screening metrics, not installed-pump specifications.",G0024_T1_homogeneous_none__AIP_FLINAK_2017_V10,cold_endpoint,Deterministic endpoint test of run-wise frozen transport properties; capacity retains the registered temperature integral.,3002,6109.939956289649,0.00473173307911794,0.06662225183211579,0.06662225183209358,20.89887232467975
S50MW_6H,50.0,6.0,300.0,G0024_T1_homogeneous_none__AIP_FLINAK_2017_V10,G0024,T1_homogeneous_none,AIP_FLINAK_2017_V10,FLiNaK (LiF-NaF-KF),homogeneous,none,Tier_3_hypothetical_common_skeleton,False,3002,2199,3029,3002,3002,43978,0.05,True,0.17718683997902107,16.655562958027982,0.7324946725352536,0.9429714783221642,0.9514393058737949,0.0999433250848811,0.9,"time integral of positive outlet enthalpy flow following the simulated charge end state, with linear within-step interpolation at the registered outlet-grade threshold",True,0.9999999999863812,True,525.0,run-wise frozen at the registered transport-property temperature,5.676628330012832,5.676628330012832,1.0,0.0,0.0,0.0,4.536043793329511,0.0,13,binary_monotone_bracket_with_adjacent_verification,MINIMAL_INTEGER_COUNT_BINARY_BRACKET,False,0.009953968271014801,6109.939956289649,300.02986190481306,6.000597238096261,0.04910031884866172,5413.372414448704,9673.796307837889,0.009953968271014801,36.519764237858254,0.00473173307911794,0.004699222004988723,3.2511074129360054e-05,59.70300633216461,4.531466132970284,55.17154019919433,54,56,1.4030196498438297,0.46289256226560627,0.06265506767488781,0.06322209341955579,1.5,"two-level balanced square-array Darcy-Weisbach friction screen with one trunk and one lateral supply-return pair; uniform module flow is prescribed and fittings, valves, heat exchangers and site-specific manifolds are excluded",15.07204439170315,0.000301440887834063,"frictional energy for the modeled packed bed plus the registered balanced on-array trunk-and-lateral header screen; fittings, valves, heat exchangers, external piping and pump efficiency excluded",True,"parallel modular packed zones; discrete unit count, bed friction and a geometry-normalized on-array header-friction screen are included. Tank shells, fittings, valves, heat exchangers, site-specific trunk routing, flow maldistribution and balance of plant are excluded. Hydraulic values are screening metrics, not installed-pump specifications.",G0024_T1_homogeneous_none__AIP_FLINAK_2017_V10,mean,Deterministic endpoint test of run-wise frozen transport properties; capacity retains the registered temperature integral.,3002,6109.939956289649,0.00473173307911794,0.0,0.0,0.0
S50MW_6H,50.0,6.0,300.0,G0024_T1_homogeneous_none__AIP_FLINAK_2017_V10,G0024,T1_homogeneous_none,AIP_FLINAK_2017_V10,FLiNaK (LiF-NaF-KF),homogeneous,none,Tier_3_hypothetical_common_skeleton,False,3001,2199,3029,3001,3001,43978,0.05,True,0.1772458825781477,16.661112962345886,0.7327387560649221,0.9429714783221642,0.9518357138888378,0.09998496550783725,0.9,"time integral of positive outlet enthalpy flow following the simulated charge end state, with linear within-step interpolation at the registered outlet-grade threshold",True,0.9999999999859224,True,550.0,run-wise frozen at the registered transport-property temperature,5.674737381201951,5.674737381201951,1.0,0.0,0.0,0.0,4.536043793329511,0.0,13,binary_monotone_bracket_with_adjacent_verification,MINIMAL_INTEGER_COUNT_BINARY_BRACKET,False,0.01829382967319937,6107.904666497413,300.0548814890196,6.001097629780392,0.04911668016783822,5411.569159147422,9670.573857368921,0.01829382967319937,36.47428796729271,0.003980281459686063,0.004700787890361743,3.25327445664386e-05,59.690734711595276,4.530825348259642,55.15990936333563,54,56,1.4030196498438297,0.46289256226560627,0.06266550583700518,0.0632326260466042,1.5,"two-level balanced square-array Darcy-Weisbach friction screen with one trunk and one lateral supply-return pair; uniform module flow is prescribed and fittings, valves, heat exchangers and site-specific manifolds are excluded",15.068756973212583,0.00030137513946425166,"frictional energy for the modeled packed bed plus the registered balanced on-array trunk-and-lateral header screen; fittings, valves, heat exchangers, external piping and pump efficiency excluded",True,"parallel modular packed zones; discrete unit count, bed friction and a geometry-normalized on-array header-friction screen are included. Tank shells, fittings, valves, heat exchangers, site-specific trunk routing, flow maldistribution and balance of plant are excluded. Hydraulic values are screening metrics, not installed-pump specifications.",G0024_T1_homogeneous_none__AIP_FLINAK_2017_V10,hot_endpoint,Deterministic endpoint test of run-wise frozen transport properties; capacity retains the registered temperature integral.,3002,6109.939956289649,0.00473173307911794,-0.03331112591605789,-0.033311125916068995,-15.88110755334402
S50MW_6H,50.0,6.0,300.0,G0197_T1_homogeneous_none__AIP_FLINAK_2017_V10,G0197,T1_homogeneous_none,AIP_FLINAK_2017_V10,FLiNaK (LiF-NaF-KF),homogeneous,none,Tier_3_hypothetical_common_skeleton,False,4520,4205,4525,4520,4520,84083,0.05,True,0.11768028619845602,11.061946902654867,0.9301272569930317,0.9651409027989905,0.9662509871685002,0.06638589769343073,0.9,"time integral of positive outlet enthalpy flow following the simulated charge end state, with linear within-step interpolation at the registered outlet-grade threshold",True,0.9999999999986959,True,500.0,run-wise frozen at the registered transport-property temperature,5.589948072677267,5.589948072677267,1.0,0.0,0.0,0.0,5.384352501394019,0.0,12,binary_monotone_bracket_with_adjacent_verification,MINIMAL_INTEGER_COUNT_BINARY_BRACKET,False,0.02141919143563431,5935.964210705188,300.0642575743069,6.0012851514861385,0.05053938826972143,6756.822527876002,7456.681143025723,0.02141919143563431,7.512170241398675,0.002762223797104949,0.002267625420021756,1.55611016288224e-05,66.56342413613511,4.540884645352518,62.02253949078259,67,68,1.1383216147316477,0.46289256226560627,0.056357067466460735,0.05677608488977149,1.5,"two-level balanced square-array Darcy-Weisbach friction screen with one trunk and one lateral supply-return pair; uniform module flow is prescribed and fittings, valves, heat exchangers and site-specific manifolds are excluded",16.803324800329424,0.0003360664960065885,"frictional energy for the modeled packed bed plus the registered balanced on-array trunk-and-lateral header screen; fittings, valves, heat exchangers, external piping and pump efficiency excluded",True,"parallel modular packed zones; discrete unit count, bed friction and a geometry-normalized on-array header-friction screen are included. Tank shells, fittings, valves, heat exchangers, site-specific trunk routing, flow maldistribution and balance of plant are excluded. Hydraulic values are screening metrics, not installed-pump specifications.",G0197_T1_homogeneous_none__AIP_FLINAK_2017_V10,cold_endpoint,Deterministic endpoint test of run-wise frozen transport properties; capacity retains the registered temperature integral.,4518,5933.337677868592,0.002284204119929359,0.044267374944673143,0.044267374944673143,20.92718741748758
S50MW_6H,50.0,6.0,300.0,G0197_T1_homogeneous_none__AIP_FLINAK_2017_V10,G0197,T1_homogeneous_none,AIP_FLINAK_2017_V10,FLiNaK (LiF-NaF-KF),homogeneous,none,Tier_3_hypothetical_common_skeleton,False,4518,4205,4525,4518,4518,84083,0.05,True,0.11773238017198345,11.066843736166446,0.9305389999133473,0.9651409027989905,0.9666047700980248,0.06641020421179604,0.9,"time integral of positive outlet enthalpy flow following the simulated charge end state, with linear within-step interpolation at the registered outlet-grade threshold",True,0.9999999999995972,True,525.0,run-wise frozen at the registered transport-property temperature,5.587474644325656,5.587474644325656,1.0,0.0,0.0,0.0,5.384352501394019,0.0,12,binary_monotone_bracket_with_adjacent_verification,MINIMAL_INTEGER_COUNT_BINARY_BRACKET,False,0.013767542964826518,5933.337677868592,300.04130262889447,6.00082605257789,0.05056176073022153,6753.8327833946405,7453.381726590756,0.013767542964826518,7.464598484654705,0.002284204119929359,0.0022686292382687345,1.5574881660583455e-05,66.54589712186767,4.540780629031275,62.00511649283639,67,68,1.1383216147316477,0.46289256226560627,0.05636953998348109,0.05678865014053721,1.5,"two-level balanced square-array Darcy-Weisbach friction screen with one trunk and one lateral supply-return pair; uniform module flow is prescribed and fittings, valves, heat exchangers and site-specific manifolds are excluded",16.79877978355805,0.000335975595671161,"frictional energy for the modeled packed bed plus the registered balanced on-array trunk-and-lateral header screen; fittings, valves, heat exchangers, external piping and pump efficiency excluded",True,"parallel modular packed zones; discrete unit count, bed friction and a geometry-normalized on-array header-friction screen are included. Tank shells, fittings, valves, heat exchangers, site-specific trunk routing, flow maldistribution and balance of plant are excluded. Hydraulic values are screening metrics, not installed-pump specifications.",G0197_T1_homogeneous_none__AIP_FLINAK_2017_V10,mean,Deterministic endpoint test of run-wise frozen transport properties; capacity retains the registered temperature integral.,4518,5933.337677868592,0.002284204119929359,0.0,0.0,0.0
S50MW_6H,50.0,6.0,300.0,G0197_T1_homogeneous_none__AIP_FLINAK_2017_V10,G0197,T1_homogeneous_none,AIP_FLINAK_2017_V10,FLiNaK (LiF-NaF-KF),homogeneous,none,Tier_3_hypothetical_common_skeleton,False,4516,4205,4525,4516,4516,84083,0.05,True,0.11778452028720576,11.071744906997342,0.9309511075306695,0.9651409027989905,0.9669457175160607,0.06643362887134427,0.9,"time integral of positive outlet enthalpy flow following the simulated charge end state, with linear within-step interpolation at the registered outlet-grade threshold",True,0.9999999999995971,True,550.0,run-wise frozen at the registered transport-property temperature,5.585001215975465,5.585001215975465,1.0,0.0,0.0,0.0,5.384352501394019,0.0,12,binary_monotone_bracket_with_adjacent_verification,MINIMAL_INTEGER_COUNT_BINARY_BRACKET,False,0.004755994330229996,5930.711145031997,300.0142679829907,6.000285359659814,0.05058415300689568,6750.84303891328,7450.082310155788,0.004755994330229996,7.417026727910714,0.0019216393979288216,0.002269633945637374,1.5588680004678513e-05,66.52855664594037,4.540865854783526,61.98769079115684,67,68,1.1383216147316477,0.46289256226560627,0.05638202078513597,0.0568012237375341,1.5,"two-level balanced square-array Darcy-Weisbach friction screen with one trunk and one lateral supply-return pair; uniform module flow is prescribed and fittings, valves, heat exchangers and site-specific manifolds are excluded",16.794310999055728,0.00033588621998111457,"frictional energy for the modeled packed bed plus the registered balanced on-array trunk-and-lateral header screen; fittings, valves, heat exchangers, external piping and pump efficiency excluded",True,"parallel modular packed zones; discrete unit count, bed friction and a geometry-normalized on-array header-friction screen are included. Tank shells, fittings, valves, heat exchangers, site-specific trunk routing, flow maldistribution and balance of plant are excluded. Hydraulic values are screening metrics, not installed-pump specifications.",G0197_T1_homogeneous_none__AIP_FLINAK_2017_V10,hot_endpoint,Deterministic endpoint test of run-wise frozen transport properties; capacity retains the registered temperature integral.,4518,5933.337677868592,0.002284204119929359,-0.04426737494466204,-0.04426737494466204,-15.87269363701832
S50MW_6H,50.0,6.0,300.0,G0174_T1_homogeneous_none__AIP_FLINAK_2017_V10,G0174,T1_homogeneous_none,AIP_FLINAK_2017_V10,FLiNaK (LiF-NaF-KF),homogeneous,none,Tier_3_hypothetical_common_skeleton,False,4387,4004,4393,4387,4387,80060,0.05,True,0.12124798122111266,11.397310234784591,0.9124786651438523,0.9708884250084212,0.9722681719851757,0.06838776333784641,0.9,"time integral of positive outlet enthalpy flow following the simulated charge end state, with linear within-step interpolation at the registered outlet-grade threshold",True,0.9999999999997888,True,500.0,run-wise frozen at the registered transport-property temperature,5.55440153877524,5.55440153877524,1.0,0.0,0.0,0.0,5.043183985325774,0.0,12,binary_monotone_bracket_with_adjacent_verification,MINIMAL_INTEGER_COUNT_BINARY_BRACKET,False,0.005705921044052431,5945.26009201553,300.01711776313215,6.000342355262643,0.050460365964964136,5887.4026885677895,8609.299957333398,0.005705921044052431,9.591603420376948,0.0043639890226021116,0.0035926519235127395,1.2292119516207109e-05,78.14372278796586,5.377237356275901,72.76648543168996,66,67,1.3680629559497466,0.46289256226560627,0.056776465532409295,0.05720497323814066,1.5,"two-level balanced square-array Darcy-Weisbach friction screen with one trunk and one lateral supply-return pair; uniform module flow is prescribed and fittings, valves, heat exchangers and site-specific manifolds are excluded",19.726947816083406,0.0003945389563216681,"frictional energy for the modeled packed bed plus the registered balanced on-array trunk-and-lateral header screen; fittings, valves, heat exchangers, external piping and pump efficiency excluded",True,"parallel modular packed zones; discrete unit count, bed friction and a geometry-normalized on-array header-friction screen are included. Tank shells, fittings, valves, heat exchangers, site-specific trunk routing, flow maldistribution and balance of plant are excluded. Hydraulic values are screening metrics, not installed-pump specifications.",G0174_T1_homogeneous_none__AIP_FLINAK_2017_V10,cold_endpoint,Deterministic endpoint test of run-wise frozen transport properties; capacity retains the registered temperature integral.,4386,5943.904892541626,0.0036057687669153607,0.02279981760144878,0.02279981760144878,21.02797779612995
S50MW_6H,50.0,6.0,300.0,G0174_T1_homogeneous_none__AIP_FLINAK_2017_V10,G0174,T1_homogeneous_none,AIP_FLINAK_2017_V10,FLiNaK (LiF-NaF-KF),homogeneous,none,Tier_3_hypothetical_common_skeleton,False,4386,4004,4393,4386,4386,80060,0.05,True,0.12127562553967652,11.399908800729595,0.9126867086151574,0.9708884250084212,0.9725917286614999,0.06841052178869815,0.9,"time integral of positive outlet enthalpy flow following the simulated charge end state, with linear within-step interpolation at the registered outlet-grade threshold",True,0.9999999999993833,True,525.0,run-wise frozen at the registered transport-property temperature,5.553135434025092,5.553135434025092,1.0,0.0,0.0,0.0,5.043183985325774,0.0,12,binary_monotone_bracket_with_adjacent_verification,MINIMAL_INTEGER_COUNT_BINARY_BRACKET,False,0.01618285507671846,5943.904892541626,300.04854856523013,6.000970971304603,0.050471870836365174,5886.060677469415,8607.337500083038,0.01618285507671846,9.566622430310767,0.0036057687669153607,0.0035934710415985896,1.2297725316848567e-05,78.13307764227082,5.377120007740153,72.75595763453066,66,67,1.3680629559497466,0.46289256226560627,0.05678293762881475,0.057211494181249684,1.5,"two-level balanced square-array Darcy-Weisbach friction screen with one trunk and one lateral supply-return pair; uniform module flow is prescribed and fittings, valves, heat exchangers and site-specific manifolds are excluded",19.724069260583004,0.00039448138521166006,"frictional energy for the modeled packed bed plus the registered balanced on-array trunk-and-lateral header screen; fittings, valves, heat exchangers, external piping and pump efficiency excluded",True,"parallel modular packed zones; discrete unit count, bed friction and a geometry-normalized on-array header-friction screen are included. Tank shells, fittings, valves, heat exchangers, site-specific trunk routing, flow maldistribution and balance of plant are excluded. Hydraulic values are screening metrics, not installed-pump specifications.",G0174_T1_homogeneous_none__AIP_FLINAK_2017_V10,mean,Deterministic endpoint test of run-wise frozen transport properties; capacity retains the registered temperature integral.,4386,5943.904892541626,0.0036057687669153607,0.0,0.0,0.0
S50MW_6H,50.0,6.0,300.0,G0174_T1_homogeneous_none__AIP_FLINAK_2017_V10,G0174,T1_homogeneous_none,AIP_FLINAK_2017_V10,FLiNaK (LiF-NaF-KF),homogeneous,none,Tier_3_hypothetical_common_skeleton,False,4384,4004,4393,4384,4384,80060,0.05,True,0.12133095201118185,11.405109489051094,0.9131030802887957,0.9708884250084212,0.9728990021926402,0.06843213490957684,0.9,"time integral of positive outlet enthalpy flow following the simulated charge end state, with linear within-step interpolation at the registered outlet-grade threshold",True,0.999999999999377,True,550.0,run-wise frozen at the registered transport-property temperature,5.550603224523839,5.550603224523839,1.0,0.0,0.0,0.0,5.043183985325774,0.0,12,binary_monotone_bracket_with_adjacent_verification,MINIMAL_INTEGER_COUNT_BINARY_BRACKET,False,0.002159814528268633,5941.194493593819,300.0064794435848,6.000129588871696,0.050494896324885415,5883.376655272667,8603.412585582317,0.002159814528268633,9.516660450178382,0.003031405186970554,0.0035951103988254665,1.2308948428576784e-05,78.1119560584587,5.3770565438713795,72.73489951458733,66,67,1.3680629559497466,0.46289256226560627,0.056795888464341526,0.057224542760318034,1.5,"two-level balanced square-array Darcy-Weisbach friction screen with one trunk and one lateral supply-return pair; uniform module flow is prescribed and fittings, valves, heat exchangers and site-specific manifolds are excluded",19.718592545289322,0.0003943718509057864,"frictional energy for the modeled packed bed plus the registered balanced on-array trunk-and-lateral header screen; fittings, valves, heat exchangers, external piping and pump efficiency excluded",True,"parallel modular packed zones; discrete unit count, bed friction and a geometry-normalized on-array header-friction screen are included. Tank shells, fittings, valves, heat exchangers, site-specific trunk routing, flow maldistribution and balance of plant are excluded. Hydraulic values are screening metrics, not installed-pump specifications.",G0174_T1_homogeneous_none__AIP_FLINAK_2017_V10,hot_endpoint,Deterministic endpoint test of run-wise frozen transport properties; capacity retains the registered temperature integral.,4386,5943.904892541626,0.0036057687669153607,-0.045599635202919764,-0.045599635202919764,-15.929018666279015
S50MW_6H,50.0,6.0,300.0,G0138_T2_graded_two_layer_fine_hot__AIP_FLINAK_2017_V10,G0138,T2_graded_two_layer_fine_hot,AIP_FLINAK_2017_V10,FLiNaK (LiF-NaF-KF),graded_two_layer,fine_hot,Tier_3_hypothetical_common_skeleton,False,3401,2157,3440,3401,3401,43139,0.05,True,0.15639955707645434,14.70155836518671,0.6342168396678327,0.9474248910940072,0.9582708340150742,0.08821088083770544,0.9,"time integral of positive outlet enthalpy flow following the simulated charge end state, with linear within-step interpolation at the registered outlet-grade threshold",True,0.9999999999983994,True,500.0,run-wise frozen at the registered transport-property temperature,5.63571023669486,5.63571023669486,1.0,0.0,0.0,0.0,4.739781217830526,0.0,14,binary_monotone_bracket_with_adjacent_verification,MINIMAL_INTEGER_COUNT_BINARY_BRACKET,False,0.00173524301205763,6011.486331176143,300.00520572903616,6.000104114580723,0.049904463467573955,6331.806633230869,8214.050286971602,0.00173524301205763,57.67477894843409,0.0037761444017284135,0.00310296537491008,1.7647639996583343e-05,63.18821132152368,4.679368522321695,58.508842799201986,58,59,1.3503952708070142,0.46289256226560627,0.06044924534240418,0.06096813250202564,1.5,"two-level balanced square-array Darcy-Weisbach friction screen with one trunk and one lateral supply-return pair; uniform module flow is prescribed and fittings, valves, heat exchangers and site-specific manifolds are excluded",15.951574639214043,0.00031903149278428083,"frictional energy for the modeled packed bed plus the registered balanced on-array trunk-and-lateral header screen; fittings, valves, heat exchangers, external piping and pump efficiency excluded",True,"parallel modular packed zones; discrete unit count, bed friction and a geometry-normalized on-array header-friction screen are included. Tank shells, fittings, valves, heat exchangers, site-specific trunk routing, flow maldistribution and balance of plant are excluded. Hydraulic values are screening metrics, not installed-pump specifications.",G0138_T2_graded_two_layer_fine_hot__AIP_FLINAK_2017_V10,cold_endpoint,Deterministic endpoint test of run-wise frozen transport properties; capacity retains the registered temperature integral.,3400,6009.718766832957,0.0031215360342728353,0.029411764705877808,0.029411764705877808,20.970713144692876
S50MW_6H,50.0,6.0,300.0,G0138_T2_graded_two_layer_fine_hot__AIP_FLINAK_2017_V10,G0138,T2_graded_two_layer_fine_hot,AIP_FLINAK_2017_V10,FLiNaK (LiF-NaF-KF),graded_two_layer,fine_hot,Tier_3_hypothetical_common_skeleton,False,3400,2157,3440,3400,3400,43139,0.05,True,0.1564455569461827,14.705882352941176,0.634403374032441,0.9474248910940072,0.958661271694665,0.08824682146159422,0.9,"time integral of positive outlet enthalpy flow following the simulated charge end state, with linear within-step interpolation at the registered outlet-grade threshold",True,0.9999999999983835,True,525.0,run-wise frozen at the registered transport-property temperature,5.634053162235877,5.634053162235877,1.0,0.0,0.0,0.0,4.739781217830526,0.0,14,binary_monotone_bracket_with_adjacent_verification,MINIMAL_INTEGER_COUNT_BINARY_BRACKET,False,0.013064323140099532,6009.718766832957,300.0391929694203,6.000783859388406,0.049919141250946764,6329.944884735358,8211.635100177431,0.013064323140099532,57.62841764912554,0.0031215360342728353,0.0031038780117848635,1.7658022487899658e-05,63.1765828699365,4.678638372216323,58.49794449772018,58,59,1.3503952708070142,0.46289256226560627,0.06045813428375689,0.06097709774470362,1.5,"two-level balanced square-array Darcy-Weisbach friction screen with one trunk and one lateral supply-return pair; uniform module flow is prescribed and fittings, valves, heat exchangers and site-specific manifolds are excluded",15.948474022260509,0.00031896948044521015,"frictional energy for the modeled packed bed plus the registered balanced on-array trunk-and-lateral header screen; fittings, valves, heat exchangers, external piping and pump efficiency excluded",True,"parallel modular packed zones; discrete unit count, bed friction and a geometry-normalized on-array header-friction screen are included. Tank shells, fittings, valves, heat exchangers, site-specific trunk routing, flow maldistribution and balance of plant are excluded. Hydraulic values are screening metrics, not installed-pump specifications.",G0138_T2_graded_two_layer_fine_hot__AIP_FLINAK_2017_V10,mean,Deterministic endpoint test of run-wise frozen transport properties; capacity retains the registered temperature integral.,3400,6009.718766832957,0.0031215360342728353,0.0,0.0,0.0
S50MW_6H,50.0,6.0,300.0,G0138_T2_graded_two_layer_fine_hot__AIP_FLINAK_2017_V10,G0138,T2_graded_two_layer_fine_hot,AIP_FLINAK_2017_V10,FLiNaK (LiF-NaF-KF),graded_two_layer,fine_hot,Tier_3_hypothetical_common_skeleton,False,3399,2157,3440,3399,3399,43139,0.05,True,0.15649158388261877,14.710208884966166,0.6345900181554278,0.9474248910940072,0.9590373469537012,0.08828143999393738,0.9,"time integral of positive outlet enthalpy flow following the simulated charge end state, with linear within-step interpolation at the registered outlet-grade threshold",True,0.9999999999984127,True,550.0,run-wise frozen at the registered transport-property temperature,5.632396087776934,5.632396087776934,1.0,0.0,0.0,0.0,4.739781217830526,0.0,14,binary_monotone_bracket_with_adjacent_verification,MINIMAL_INTEGER_COUNT_BINARY_BRACKET,False,0.022871513131050847,6007.951202489771,300.06861453939314,6.001372290787863,0.04993382767084995,6328.083136239848,8209.219913383262,0.022871513131050847,57.58205634981699,0.0026250600970548375,0.0031047911856629086,1.7668414144280184e-05,63.16500607916244,4.677961011769854,58.487045067392586,58,59,1.3503952708070142,0.46289256226560627,0.06046702714756667,0.06098606694350842,1.5,"two-level balanced square-array Darcy-Weisbach friction screen with one trunk and one lateral supply-return pair; uniform module flow is prescribed and fittings, valves, heat exchangers and site-specific manifolds are excluded",15.945426363485922,0.00031890852726971846,"frictional energy for the modeled packed bed plus the registered balanced on-array trunk-and-lateral header screen; fittings, valves, heat exchangers, external piping and pump efficiency excluded",True,"parallel modular packed zones; discrete unit count, bed friction and a geometry-normalized on-array header-friction screen are included. Tank shells, fittings, valves, heat exchangers, site-specific trunk routing, flow maldistribution and balance of plant are excluded. Hydraulic values are screening metrics, not installed-pump specifications.",G0138_T2_graded_two_layer_fine_hot__AIP_FLINAK_2017_V10,hot_endpoint,Deterministic endpoint test of run-wise frozen transport properties; capacity retains the registered temperature integral.,3400,6009.718766832957,0.0031215360342728353,-0.029411764705877808,-0.029411764705877808,-15.904860035794922
S50MW_6H,50.0,6.0,300.0,G0175_T1_homogeneous_none__AIP_FLINAK_2017_V10,G0175,T1_homogeneous_none,AIP_FLINAK_2017_V10,FLiNaK (LiF-NaF-KF),homogeneous,none,Tier_3_hypothetical_common_skeleton,False,7262,2230,7465,7262,7262,44581,0.05,True,0.07324633621826236,6.885155604516662,0.306951898873098,0.9454251364652241,0.971824460151334,0.04131468682375928,0.9,"time integral of positive outlet enthalpy flow following the simulated charge end state, with linear within-step interpolation at the registered outlet-grade threshold",True,0.9999999999995566,True,500.0,run-wise frozen at the registered transport-property temperature,5.5572060754375325,5.5572060754375325,1.0,0.0,0.0,0.0,6.221522612621201,0.0,17,binary_monotone_bracket_with_adjacent_verification,MINIMAL_INTEGER_COUNT_BINARY_BRACKET,False,0.00908523804661332,5973.025342888691,300.02725571413987,6.000545114282797,0.05022580397338699,5452.898343879451,9248.499323414608,0.00908523804661332,225.7839432403793,0.008268970892760368,0.006806466085960409,2.4463618051946423e-05,84.93956680039776,5.045329356227395,79.89423744417037,85,86,1.000286700835402,0.46289256226560627,0.05007967977361925,0.0503734047542631,1.5,"two-level balanced square-array Darcy-Weisbach friction screen with one trunk and one lateral supply-return pair; uniform module flow is prescribed and fittings, valves, heat exchangers and site-specific manifolds are excluded",21.44341074058025,0.000428868214811605,"frictional energy for the modeled packed bed plus the registered balanced on-array trunk-and-lateral header screen; fittings, valves, heat exchangers, external piping and pump efficiency excluded",True,"parallel modular packed zones; discrete unit count, bed friction and a geometry-normalized on-array header-friction screen are included. Tank shells, fittings, valves, heat exchangers, site-specific trunk routing, flow maldistribution and balance of plant are excluded. Hydraulic values are screening metrics, not installed-pump specifications.",G0175_T1_homogeneous_none__AIP_FLINAK_2017_V10,cold_endpoint,Deterministic endpoint test of run-wise frozen transport properties; capacity retains the registered temperature integral.,7260,5971.38033453207,0.006832818243974315,0.027548209366390353,0.027548209366390353,21.01845237947839
S50MW_6H,50.0,6.0,300.0,G0175_T1_homogeneous_none__AIP_FLINAK_2017_V10,G0175,T1_homogeneous_none,AIP_FLINAK_2017_V10,FLiNaK (LiF-NaF-KF),homogeneous,none,Tier_3_hypothetical_common_skeleton,False,7260,2230,7465,7259,7259,44581,0.05,True,0.07326651427231698,6.887052341597796,0.3070364586248537,0.9454251364652241,0.972137876648433,0.04132801094241856,0.9,"time integral of positive outlet enthalpy flow following the simulated charge end state, with linear within-step interpolation at the registered outlet-grade threshold",True,0.9999999999953076,True,525.0,run-wise frozen at the registered transport-property temperature,5.555675586294977,5.555675586294977,1.0,0.0,0.0,0.0,6.221522612621201,0.0,16,binary_monotone_bracket_with_adjacent_verification,MINIMAL_INTEGER_COUNT_BINARY_BRACKET,False,0.013786480652910882,5971.38033453207,300.0413594419587,6.000827188839175,0.05023964028302153,5451.396581735722,9245.952229136608,0.013786480652910882,225.69422031467275,0.006832818243974315,0.006808341145488191,2.4477098485938707e-05,84.92558049275918,5.04536503553066,79.88021545722852,85,86,1.000286700835402,0.46289256226560627,0.050086577326130935,0.05038034276197513,1.5,"two-level balanced square-array Darcy-Weisbach friction screen with one trunk and one lateral supply-return pair; uniform module flow is prescribed and fittings, valves, heat exchangers and site-specific manifolds are excluded",21.43951764374535,0.0004287903528749071,"frictional energy for the modeled packed bed plus the registered balanced on-array trunk-and-lateral header screen; fittings, valves, heat exchangers, external piping and pump efficiency excluded",True,"parallel modular packed zones; discrete unit count, bed friction and a geometry-normalized on-array header-friction screen are included. Tank shells, fittings, valves, heat exchangers, site-specific trunk routing, flow maldistribution and balance of plant are excluded. Hydraulic values are screening metrics, not installed-pump specifications.",G0175_T1_homogeneous_none__AIP_FLINAK_2017_V10,mean,Deterministic endpoint test of run-wise frozen transport properties; capacity retains the registered temperature integral.,7260,5971.38033453207,0.006832818243974315,0.0,0.0,0.0
S50MW_6H,50.0,6.0,300.0,G0175_T1_homogeneous_none__AIP_FLINAK_2017_V10,G0175,T1_homogeneous_none,AIP_FLINAK_2017_V10,FLiNaK (LiF-NaF-KF),homogeneous,none,Tier_3_hypothetical_common_skeleton,False,7257,2230,7465,7257,7257,44581,0.05,True,0.0732968022071133,6.889899407468651,0.30716338564371476,0.9454251364652241,0.9724368584147849,0.041340721404594945,0.9,"time integral of positive outlet enthalpy flow following the simulated charge end state, with linear within-step interpolation at the registered outlet-grade threshold",True,0.9999999999952935,True,550.0,run-wise frozen at the registered transport-property temperature,5.553379852581236,5.553379852581236,1.0,0.0,0.0,0.0,6.221522612621201,0.0,17,binary_monotone_bracket_with_adjacent_verification,MINIMAL_INTEGER_COUNT_BINARY_BRACKET,False,0.0032050777151848564,5968.91282199714,300.00961523314555,6.000192304662911,0.05026040904709058,5449.143938520129,9242.13158771961,0.0032050777151848564,225.55963592611295,0.005744368286013439,0.006811155672625721,2.4497340038505636e-05,84.90480007424554,5.0456201151829765,79.85917995906257,85,86,1.000286700835402,0.46289256226560627,0.050096929000794765,0.050390755150793956,1.5,"two-level balanced square-array Darcy-Weisbach friction screen with one trunk and one lateral supply-return pair; uniform module flow is prescribed and fittings, valves, heat exchangers and site-specific manifolds are excluded",21.43399727792543,0.0004286799455585086,"frictional energy for the modeled packed bed plus the registered balanced on-array trunk-and-lateral header screen; fittings, valves, heat exchangers, external piping and pump efficiency excluded",True,"parallel modular packed zones; discrete unit count, bed friction and a geometry-normalized on-array header-friction screen are included. Tank shells, fittings, valves, heat exchangers, site-specific trunk routing, flow maldistribution and balance of plant are excluded. Hydraulic values are screening metrics, not installed-pump specifications.",G0175_T1_homogeneous_none__AIP_FLINAK_2017_V10,hot_endpoint,Deterministic endpoint test of run-wise frozen transport properties; capacity retains the registered temperature integral.,7260,5971.38033453207,0.006832818243974315,-0.04132231404958553,-0.04132231404958553,-15.929736736678912
S50MW_6H,50.0,6.0,300.0,G0161_T1_homogeneous_none__SOLAR_SALT_60_40_V10,G0161,T1_homogeneous_none,SOLAR_SALT_60_40_V10,Solar Salt (NaNO3-KNO3 60:40 wt%),homogeneous,none,Tier_2_unit_pair_partial,False,5683,2792,5792,5682,5682,55831,0.05,True,0.11508397620201473,8.798169980644026,0.49121866131686504,0.9403330350789846,0.9585122090003517,0.05279846251293133,0.9,"time integral of positive outlet enthalpy flow following the simulated charge end state, with linear within-step interpolation at the registered outlet-grade threshold",True,0.9999999999895917,True,500.0,run-wise frozen at the registered transport-property temperature,5.6350082653260944,5.6350082653260944,1.0,0.0,0.0,0.0,5.1550807967295205,0.0,14,binary_monotone_bracket_with_adjacent_verification,MINIMAL_INTEGER_COUNT_BINARY_BRACKET,False,0.017887486996248647,7088.9137702867765,300.05366246098873,6.0010732492197745,0.04231960067809708,5279.086797093643,11154.13118378556,0.017887486996248647,103.57532780191772,0.0008306506623078872,0.0007866829285061969,1.4388151228182451e-05,49.81943535099343,3.3357870322562935,46.48364831873713,75,76,1.3876824817744169,0.5622520733853595,0.06459112804611761,0.06502030969807479,1.5,"two-level balanced square-array Darcy-Weisbach friction screen with one trunk and one lateral supply-return pair; uniform module flow is prescribed and fittings, valves, heat exchangers and site-specific manifolds are excluded",18.55450248060148,0.0003710900496120296,"frictional energy for the modeled packed bed plus the registered balanced on-array trunk-and-lateral header screen; fittings, valves, heat exchangers, external piping and pump efficiency excluded",True,"parallel modular packed zones; discrete unit count, bed friction and a geometry-normalized on-array header-friction screen are included. Tank shells, fittings, valves, heat exchangers, site-specific trunk routing, flow maldistribution and balance of plant are excluded. Hydraulic values are screening metrics, not installed-pump specifications.",G0161_T1_homogeneous_none__SOLAR_SALT_60_40_V10,cold_endpoint,Deterministic endpoint test of run-wise frozen transport properties; capacity retains the registered temperature integral.,5682,7087.666380920195,0.0007989274118906701,0.01759943681802767,0.01759943681802767,3.9707299993805067
S50MW_6H,50.0,6.0,300.0,G0161_T1_homogeneous_none__SOLAR_SALT_60_40_V10,G0161,T1_homogeneous_none,SOLAR_SALT_60_40_V10,Solar Salt (NaNO3-KNO3 60:40 wt%),homogeneous,none,Tier_2_unit_pair_partial,False,5682,2792,5792,5682,5682,55831,0.05,True,0.11478143101820795,8.79971840901091,0.49130511303480184,0.9403330350789846,0.9585916733699762,0.05280283970969662,0.9,"time integral of positive outlet enthalpy flow following the simulated charge end state, with linear within-step interpolation at the registered outlet-grade threshold",True,0.9999999999896183,True,525.0,run-wise frozen at the registered transport-property temperature,5.634016710115768,5.634016710115768,1.0,0.0,0.0,0.0,5.1550807967295205,0.0,15,binary_monotone_bracket_with_adjacent_verification,MINIMAL_INTEGER_COUNT_BINARY_BRACKET,False,0.008578410165416273,7087.666380920195,300.02573523049625,6.000514704609925,0.04232704868948006,5278.1578710339745,11152.168464942732,0.008578410165416273,103.5395059951604,0.0007989274118906701,0.0007846148114749676,1.431260041569591e-05,49.900551068043725,3.3408975523473967,46.55965351569632,75,76,1.3876824817744169,0.5614631275365252,0.06450617010662975,0.06493478724779546,1.5,"two-level balanced square-array Darcy-Weisbach friction screen with one trunk and one lateral supply-return pair; uniform module flow is prescribed and fittings, valves, heat exchangers and site-specific manifolds are excluded",18.53258139862619,0.00037065162797252375,"frictional energy for the modeled packed bed plus the registered balanced on-array trunk-and-lateral header screen; fittings, valves, heat exchangers, external piping and pump efficiency excluded",True,"parallel modular packed zones; discrete unit count, bed friction and a geometry-normalized on-array header-friction screen are included. Tank shells, fittings, valves, heat exchangers, site-specific trunk routing, flow maldistribution and balance of plant are excluded. Hydraulic values are screening metrics, not installed-pump specifications.",G0161_T1_homogeneous_none__SOLAR_SALT_60_40_V10,mean,Deterministic endpoint test of run-wise frozen transport properties; capacity retains the registered temperature integral.,5682,7087.666380920195,0.0007989274118906701,0.0,0.0,0.0
S50MW_6H,50.0,6.0,300.0,G0161_T1_homogeneous_none__SOLAR_SALT_60_40_V10,G0161,T1_homogeneous_none,SOLAR_SALT_60_40_V10,Solar Salt (NaNO3-KNO3 60:40 wt%),homogeneous,none,Tier_2_unit_pair_partial,False,5682,2792,5792,5682,5682,55831,0.05,True,0.11446043716195253,8.79971840901091,0.49130511303480184,0.9403330350789846,0.9586719827028847,0.052807263450221985,0.9,"time integral of positive outlet enthalpy flow following the simulated charge end state, with linear within-step interpolation at the registered outlet-grade threshold",True,0.9999999999895886,True,550.0,run-wise frozen at the registered transport-property temperature,5.634016710115768,5.634016710115768,1.0,0.0,0.0,0.0,5.1550807967295205,0.0,15,binary_monotone_bracket_with_adjacent_verification,MINIMAL_INTEGER_COUNT_BINARY_BRACKET,False,0.016956974720461204,7087.666380920195,300.05087092416136,6.001017418483227,0.04232704868948006,5278.1578710339745,11152.168464942732,0.016956974720461204,103.5395059951604,0.0007635062165307626,0.0007824205843096626,1.4232660085827637e-05,49.98712325910724,3.3464714572243692,46.640651801882875,75,76,1.3876824817744169,0.5606774935146283,0.06441590907367395,0.06484392646715909,1.5,"two-level balanced square-array Darcy-Weisbach friction screen with one trunk and one lateral supply-return pair; uniform module flow is prescribed and fittings, valves, heat exchangers and site-specific manifolds are excluded",18.512802336702464,0.0003702560467340493,"frictional energy for the modeled packed bed plus the registered balanced on-array trunk-and-lateral header screen; fittings, valves, heat exchangers, external piping and pump efficiency excluded",True,"parallel modular packed zones; discrete unit count, bed friction and a geometry-normalized on-array header-friction screen are included. Tank shells, fittings, valves, heat exchangers, site-specific trunk routing, flow maldistribution and balance of plant are excluded. Hydraulic values are screening metrics, not installed-pump specifications.",G0161_T1_homogeneous_none__SOLAR_SALT_60_40_V10,hot_endpoint,Deterministic endpoint test of run-wise frozen transport properties; capacity retains the registered temperature integral.,5682,7087.666380920195,0.0007989274118906701,0.0,0.0,-4.433593694836791
S50MW_6H,50.0,6.0,300.0,G0225_T1_homogeneous_none__SOLAR_SALT_60_40_V10,G0225,T1_homogeneous_none,SOLAR_SALT_60_40_V10,Solar Salt (NaNO3-KNO3 60:40 wt%),homogeneous,none,Tier_2_unit_pair_partial,False,11498,1868,12272,11498,11498,37351,0.05,True,0.05688139126422418,4.348582362149939,0.16242587054614524,0.896621897538676,0.9569570497020511,0.02609251409904407,0.9,"time integral of positive outlet enthalpy flow following the simulated charge end state, with linear within-step interpolation at the registered outlet-grade threshold",True,0.9999999999794791,True,500.0,run-wise frozen at the registered transport-property temperature,5.64346433664985,5.64346433664985,1.0,0.0,0.0,0.0,6.527849710655722,0.0,18,binary_monotone_bracket_with_adjacent_verification,MINIMAL_INTEGER_COUNT_BINARY_BRACKET,False,0.003909036936211585,7094.337645416086,300.01172711080864,6.000234542216173,0.04228724582820513,5249.413690809403,11215.112257372251,0.003909036936211585,515.6654704312634,0.0005365753450868487,0.0005096926889815219,7.703490110957387e-06,67.55346832050445,3.6904232377483233,63.86304508275614,107,108,1.0829784480790143,0.5622520733853595,0.054239016040932966,0.05449187995734477,1.5,"two-level balanced square-array Darcy-Weisbach friction screen with one trunk and one lateral supply-return pair; uniform module flow is prescribed and fittings, valves, heat exchangers and site-specific manifolds are excluded",25.159057789313053,0.0005031811557862611,"frictional energy for the modeled packed bed plus the registered balanced on-array trunk-and-lateral header screen; fittings, valves, heat exchangers, external piping and pump efficiency excluded",True,"parallel modular packed zones; discrete unit count, bed friction and a geometry-normalized on-array header-friction screen are included. Tank shells, fittings, valves, heat exchangers, site-specific trunk routing, flow maldistribution and balance of plant are excluded. Hydraulic values are screening metrics, not installed-pump specifications.",G0225_T1_homogeneous_none__SOLAR_SALT_60_40_V10,cold_endpoint,Deterministic endpoint test of run-wise frozen transport properties; capacity retains the registered temperature integral.,11497,7093.720639184966,0.000515969186530148,0.008697921196842984,0.008697921196842984,3.9936800674620576
S50MW_6H,50.0,6.0,300.0,G0225_T1_homogeneous_none__SOLAR_SALT_60_40_V10,G0225,T1_homogeneous_none,SOLAR_SALT_60_40_V10,Solar Salt (NaNO3-KNO3 60:40 wt%),homogeneous,none,Tier_2_unit_pair_partial,False,11497,1868,12272,11497,11497,37351,0.05,True,0.0567268062142696,4.348960598416978,0.16243999822036861,0.896621897538676,0.9570403745433308,0.026094786044892175,0.9,"time integral of positive outlet enthalpy flow following the simulated charge end state, with linear within-step interpolation at the registered outlet-grade threshold",True,0.9999999999794715,True,525.0,run-wise frozen at the registered transport-property temperature,5.6429735152611356,5.6429735152611356,1.0,0.0,0.0,0.0,6.527849710655722,0.0,18,binary_monotone_bracket_with_adjacent_verification,MINIMAL_INTEGER_COUNT_BINARY_BRACKET,False,0.003918386041790178,7093.720639184966,300.01175515812537,6.000235103162507,0.042290923939523585,5248.957140653654,11214.136860585211,0.003918386041790178,515.6119249911494,0.000515969186530148,0.0005083075106650791,7.661675865065838e-06,67.6680411614631,3.6965707803316525,63.97147038113145,107,108,1.0829784480790143,0.5614631275365252,0.05416526392989217,0.05441778401175456,1.5,"two-level balanced square-array Darcy-Weisbach friction screen with one trunk and one lateral supply-return pair; uniform module flow is prescribed and fittings, valves, heat exchangers and site-specific manifolds are excluded",25.131044415943776,0.0005026208883188756,"frictional energy for the modeled packed bed plus the registered balanced on-array trunk-and-lateral header screen; fittings, valves, heat exchangers, external piping and pump efficiency excluded",True,"parallel modular packed zones; discrete unit count, bed friction and a geometry-normalized on-array header-friction screen are included. Tank shells, fittings, valves, heat exchangers, site-specific trunk routing, flow maldistribution and balance of plant are excluded. Hydraulic values are screening metrics, not installed-pump specifications.",G0225_T1_homogeneous_none__SOLAR_SALT_60_40_V10,mean,Deterministic endpoint test of run-wise frozen transport properties; capacity retains the registered temperature integral.,11497,7093.720639184966,0.000515969186530148,0.0,0.0,0.0
S50MW_6H,50.0,6.0,300.0,G0225_T1_homogeneous_none__SOLAR_SALT_60_40_V10,G0225,T1_homogeneous_none,SOLAR_SALT_60_40_V10,Solar Salt (NaNO3-KNO3 60:40 wt%),homogeneous,none,Tier_2_unit_pair_partial,False,11496,1868,12272,11496,11496,37351,0.05,True,0.05657308663484815,4.349338900487126,0.16245412835243372,0.896621897538676,0.9571201885394545,0.02609696226358434,0.9,"time integral of positive outlet enthalpy flow following the simulated charge end state, with linear within-step interpolation at the registered outlet-grade threshold",True,0.9999999999796141,True,550.0,run-wise frozen at the registered transport-property temperature,5.642482693871882,5.642482693871882,1.0,0.0,0.0,0.0,6.527849710655722,0.0,19,binary_monotone_bracket_with_adjacent_verification,MINIMAL_INTEGER_COUNT_BINARY_BRACKET,False,0.003559394055185905,7093.1036329538465,300.0106781821656,6.000213563643311,0.042294602690736136,5248.500590497904,11213.161463798173,0.003559394055185905,515.5583795510354,0.0004930597162521268,0.0005069300875036123,7.620208561548137e-06,67.7824898633349,3.7027208757956225,64.0797689875393,107,108,1.0829784480790143,0.5606774935146283,0.054091825017365126,0.05434400272481894,1.5,"two-level balanced square-array Darcy-Weisbach friction screen with one trunk and one lateral supply-return pair; uniform module flow is prescribed and fittings, valves, heat exchangers and site-specific manifolds are excluded",25.103140897666574,0.0005020628179533315,"frictional energy for the modeled packed bed plus the registered balanced on-array trunk-and-lateral header screen; fittings, valves, heat exchangers, external piping and pump efficiency excluded",True,"parallel modular packed zones; discrete unit count, bed friction and a geometry-normalized on-array header-friction screen are included. Tank shells, fittings, valves, heat exchangers, site-specific trunk routing, flow maldistribution and balance of plant are excluded. Hydraulic values are screening metrics, not installed-pump specifications.",G0225_T1_homogeneous_none__SOLAR_SALT_60_40_V10,hot_endpoint,Deterministic endpoint test of run-wise frozen transport properties; capacity retains the registered temperature integral.,11497,7093.720639184966,0.000515969186530148,-0.008697921196831881,-0.008697921196831881,-4.440084965554925
S50MW_6H,50.0,6.0,300.0,G0130_T2_graded_two_layer_fine_hot__AIP_FLINAK_2017_V10,G0130,T2_graded_two_layer_fine_hot,AIP_FLINAK_2017_V10,FLiNaK (LiF-NaF-KF),graded_two_layer,fine_hot,Tier_3_hypothetical_common_skeleton,False,7415,2367,7618,7415,7415,47335,0.05,True,0.07173498228145937,6.743088334457181,0.3191870657813226,0.9444546974251505,0.9702868721374498,0.04046040428111554,0.9,"time integral of positive outlet enthalpy flow following the simulated charge end state, with linear within-step interpolation at the registered outlet-grade threshold",True,0.9999999999999813,True,500.0,run-wise frozen at the registered transport-property temperature,5.565946824287105,5.565946824287105,1.0,0.0,0.0,0.0,6.751278253407882,0.0,17,binary_monotone_bracket_with_adjacent_verification,MINIMAL_INTEGER_COUNT_BINARY_BRACKET,False,0.004632581490593424,5971.038944483756,300.01389774447176,6.000277954889436,0.050242512699929714,5658.173953146325,8976.928017269614,0.004632581490593424,213.2959030003763,0.015080816418394826,0.012406284333847153,5.3453263459631076e-05,74.02104699423472,4.376695995400508,69.64435099883421,86,87,0.8569848115564328,0.46289256226560627,0.04985099724175387,0.050139990951123196,1.5,"two-level balanced square-array Darcy-Weisbach friction screen with one trunk and one lateral supply-return pair; uniform module flow is prescribed and fittings, valves, heat exchangers and site-specific manifolds are excluded",18.688964631898035,0.00037377929263796066,"frictional energy for the modeled packed bed plus the registered balanced on-array trunk-and-lateral header screen; fittings, valves, heat exchangers, external piping and pump efficiency excluded",True,"parallel modular packed zones; discrete unit count, bed friction and a geometry-normalized on-array header-friction screen are included. Tank shells, fittings, valves, heat exchangers, site-specific trunk routing, flow maldistribution and balance of plant are excluded. Hydraulic values are screening metrics, not installed-pump specifications.",G0130_T2_graded_two_layer_fine_hot__AIP_FLINAK_2017_V10,cold_endpoint,Deterministic endpoint test of run-wise frozen transport properties; capacity retains the registered temperature integral.,7413,5969.42841476171,0.012463113613840407,0.02697963037905371,0.026979630379075914,21.003602194939752
S50MW_6H,50.0,6.0,300.0,G0130_T2_graded_two_layer_fine_hot__AIP_FLINAK_2017_V10,G0130,T2_graded_two_layer_fine_hot,AIP_FLINAK_2017_V10,FLiNaK (LiF-NaF-KF),graded_two_layer,fine_hot,Tier_3_hypothetical_common_skeleton,False,7413,2367,7618,7413,7413,47335,0.05,True,0.0717543361145314,6.744907594765952,0.3192731812718882,0.9444546974251505,0.9706021904542163,0.04047355287349576,0.9,"time integral of positive outlet enthalpy flow following the simulated charge end state, with linear within-step interpolation at the registered outlet-grade threshold",True,0.9999999999999813,True,525.0,run-wise frozen at the registered transport-property temperature,5.5644455574439435,5.5644455574439435,1.0,0.0,0.0,0.0,6.751278253407882,0.0,17,binary_monotone_bracket_with_adjacent_verification,MINIMAL_INTEGER_COUNT_BINARY_BRACKET,False,0.010149150408023111,5969.42841476171,300.03044745122406,6.000608949024481,0.05025606794414931,5656.647810475213,8974.506728525914,0.010149150408023111,213.21139972242617,0.012463113613840407,0.012409631503503991,5.348211033630898e-05,74.01004481452959,4.377666189697672,69.63237862483193,86,87,0.8569848115564328,0.46289256226560627,0.04985772159563105,0.050146754287088556,1.5,"two-level balanced square-array Darcy-Weisbach friction screen with one trunk and one lateral supply-return pair; uniform module flow is prescribed and fittings, valves, heat exchangers and site-specific manifolds are excluded",18.68552656037753,0.0003737105312075506,"frictional energy for the modeled packed bed plus the registered balanced on-array trunk-and-lateral header screen; fittings, valves, heat exchangers, external piping and pump efficiency excluded",True,"parallel modular packed zones; discrete unit count, bed friction and a geometry-normalized on-array header-friction screen are included. Tank shells, fittings, valves, heat exchangers, site-specific trunk routing, flow maldistribution and balance of plant are excluded. Hydraulic values are screening metrics, not installed-pump specifications.",G0130_T2_graded_two_layer_fine_hot__AIP_FLINAK_2017_V10,mean,Deterministic endpoint test of run-wise frozen transport properties; capacity retains the registered temperature integral.,7413,5969.42841476171,0.012463113613840407,0.0,0.0,0.0
S50MW_6H,50.0,6.0,300.0,G0130_T2_graded_two_layer_fine_hot__AIP_FLINAK_2017_V10,G0130,T2_graded_two_layer_fine_hot,AIP_FLINAK_2017_V10,FLiNaK (LiF-NaF-KF),graded_two_layer,fine_hot,Tier_3_hypothetical_common_skeleton,False,7410,2367,7618,7410,7410,47335,0.05,True,0.0717833864530393,6.747638326585695,0.3194024416691643,0.9444546974251505,0.9709032836970525,0.04048610828847796,0.9,"time integral of positive outlet enthalpy flow following the simulated charge end state, with linear within-step interpolation at the registered outlet-grade threshold",True,0.9999999999999813,True,550.0,run-wise frozen at the registered transport-property temperature,5.562193657177507,5.562193657177507,1.0,0.0,0.0,0.0,6.751278253407882,0.0,17,binary_monotone_bracket_with_adjacent_verification,MINIMAL_INTEGER_COUNT_BINARY_BRACKET,False,0.0006874725405614512,5967.012620178642,300.0020624176217,6.000041248352434,0.05027641453036152,5654.358596468546,8970.874795410364,0.0006874725405614512,213.08464480550083,0.010479171743811768,0.01241465564581252,5.352542445507687e-05,73.9937609788974,4.379343019851413,69.61441795904598,86,87,0.8569848115564328,0.46289256226560627,0.049867813230507325,0.0501569044246861,1.5,"two-level balanced square-array Darcy-Weisbach friction screen with one trunk and one lateral supply-return pair; uniform module flow is prescribed and fittings, valves, heat exchangers and site-specific manifolds are excluded",18.68091521916158,0.0003736183043832316,"frictional energy for the modeled packed bed plus the registered balanced on-array trunk-and-lateral header screen; fittings, valves, heat exchangers, external piping and pump efficiency excluded",True,"parallel modular packed zones; discrete unit count, bed friction and a geometry-normalized on-array header-friction screen are included. Tank shells, fittings, valves, heat exchangers, site-specific trunk routing, flow maldistribution and balance of plant are excluded. Hydraulic values are screening metrics, not installed-pump specifications.",G0130_T2_graded_two_layer_fine_hot__AIP_FLINAK_2017_V10,hot_endpoint,Deterministic endpoint test of run-wise frozen transport properties; capacity retains the registered temperature integral.,7413,5969.42841476171,0.012463113613840407,-0.040469445568591667,-0.04046944556860277,-15.918509062016838
S50MW_6H,50.0,6.0,300.0,G0127_T1_homogeneous_none__AIP_FLINAK_2017_V10,G0127,T1_homogeneous_none,AIP_FLINAK_2017_V10,FLiNaK (LiF-NaF-KF),homogeneous,none,Tier_3_hypothetical_common_skeleton,False,5313,2865,5379,5313,5313,57290,0.05,True,0.10011573378825922,9.410878976096367,0.5391583405959909,0.9606815872103792,0.9727142321349668,0.056474790855213015,0.9,"time integral of positive outlet enthalpy flow following the simulated charge end state, with linear within-step interpolation at the registered outlet-grade threshold",True,0.9999999999904656,True,500.0,run-wise frozen at the registered transport-property temperature,5.552680263616154,5.552680263616154,1.0,0.0,0.0,0.0,5.631505963638052,0.0,15,binary_monotone_bracket_with_adjacent_verification,MINIMAL_INTEGER_COUNT_BINARY_BRACKET,False,0.01685460458225041,5912.248449901638,300.05056381374675,6.001011276274935,0.050742116563959876,6430.0835017788895,7815.514214650219,0.01685460458225041,85.47427067428659,0.004157414681369424,0.00341846707323753,1.6742690402892218e-05,73.31836222814688,4.735545284971625,68.58281694317526,72,74,1.1033250763250884,0.46289256226560627,0.05425899241930955,0.05462936526785832,1.5,"two-level balanced square-array Darcy-Weisbach friction screen with one trunk and one lateral supply-return pair; uniform module flow is prescribed and fittings, valves, heat exchangers and site-specific manifolds are excluded",18.50882828220102,0.00037017656564402034,"frictional energy for the modeled packed bed plus the registered balanced on-array trunk-and-lateral header screen; fittings, valves, heat exchangers, external piping and pump efficiency excluded",True,"parallel modular packed zones; discrete unit count, bed friction and a geometry-normalized on-array header-friction screen are included. Tank shells, fittings, valves, heat exchangers, site-specific trunk routing, flow maldistribution and balance of plant are excluded. Hydraulic values are screening metrics, not installed-pump specifications.",G0127_T1_homogeneous_none__AIP_FLINAK_2017_V10,cold_endpoint,Deterministic endpoint test of run-wise frozen transport properties; capacity retains the registered temperature integral.,5311,5910.022871716093,0.0034365096916235257,0.03765769158350363,0.03765769158350363,20.977825015395734
S50MW_6H,50.0,6.0,300.0,G0127_T1_homogeneous_none__AIP_FLINAK_2017_V10,G0127,T1_homogeneous_none,AIP_FLINAK_2017_V10,FLiNaK (LiF-NaF-KF),homogeneous,none,Tier_3_hypothetical_common_skeleton,False,5311,2865,5379,5311,5311,57290,0.05,True,0.10015343506251577,9.414422895876482,0.5393613751810392,0.9606815872103792,0.973037222200335,0.05649354332720054,0.9,"time integral of positive outlet enthalpy flow following the simulated charge end state, with linear within-step interpolation at the registered outlet-grade threshold",True,0.9999999999905147,True,525.0,run-wise frozen at the registered transport-property temperature,5.550590039537341,5.550590039537341,1.0,0.0,0.0,0.0,5.631505963638052,0.0,15,binary_monotone_bracket_with_adjacent_verification,MINIMAL_INTEGER_COUNT_BINARY_BRACKET,False,0.012402870254013543,5910.022871716093,300.03720861076204,6.00074417221524,0.05076122487371847,6427.662992273232,7812.5721803138185,0.012402870254013543,85.40445163770679,0.0034365096916235257,0.003419754389024988,1.6755302598604436e-05,73.30052178516111,4.734114961460499,68.56640682370062,72,74,1.1033250763250884,0.46289256226560627,0.05426920779969175,0.05463965037860893,1.5,"two-level balanced square-array Darcy-Weisbach friction screen with one trunk and one lateral supply-return pair; uniform module flow is prescribed and fittings, valves, heat exchangers and site-specific manifolds are excluded",18.50414283489181,0.00037008285669783614,"frictional energy for the modeled packed bed plus the registered balanced on-array trunk-and-lateral header screen; fittings, valves, heat exchangers, external piping and pump efficiency excluded",True,"parallel modular packed zones; discrete unit count, bed friction and a geometry-normalized on-array header-friction screen are included. Tank shells, fittings, valves, heat exchangers, site-specific trunk routing, flow maldistribution and balance of plant are excluded. Hydraulic values are screening metrics, not installed-pump specifications.",G0127_T1_homogeneous_none__AIP_FLINAK_2017_V10,mean,Deterministic endpoint test of run-wise frozen transport properties; capacity retains the registered temperature integral.,5311,5910.022871716093,0.0034365096916235257,0.0,0.0,0.0
S50MW_6H,50.0,6.0,300.0,G0127_T1_homogeneous_none__AIP_FLINAK_2017_V10,G0127,T1_homogeneous_none,AIP_FLINAK_2017_V10,FLiNaK (LiF-NaF-KF),homogeneous,none,Tier_3_hypothetical_common_skeleton,False,5309,2865,5379,5309,5309,57290,0.05,True,0.10019116474232835,9.417969485778865,0.5395645627399698,0.9606815872103792,0.9733482705979857,0.056511602478205886,0.9,"time integral of positive outlet enthalpy flow following the simulated charge end state, with linear within-step interpolation at the registered outlet-grade threshold",True,0.9999999999904646,True,550.0,run-wise frozen at the registered transport-property temperature,5.54849981545958,5.54849981545958,1.0,0.0,0.0,0.0,5.631505963638052,0.0,15,binary_monotone_bracket_with_adjacent_verification,MINIMAL_INTEGER_COUNT_BINARY_BRACKET,False,0.006699185598346702,5907.797293530547,300.02009755679506,6.000401951135902,0.05078034758039533,6425.242482767574,7809.630145977417,0.006699185598346702,85.33463260112694,0.0028897253122599047,0.0034210426747242513,1.676792905075532e-05,73.2827539151229,4.732759371358849,68.54999454376406,72,74,1.1033250763250884,0.46289256226560627,0.054279428952018885,0.05464994130070387,1.5,"two-level balanced square-array Darcy-Weisbach friction screen with one trunk and one lateral supply-return pair; uniform module flow is prescribed and fittings, valves, heat exchangers and site-specific manifolds are excluded",18.49951966052036,0.0003699903932104072,"frictional energy for the modeled packed bed plus the registered balanced on-array trunk-and-lateral header screen; fittings, valves, heat exchangers, external piping and pump efficiency excluded",True,"parallel modular packed zones; discrete unit count, bed friction and a geometry-normalized on-array header-friction screen are included. Tank shells, fittings, valves, heat exchangers, site-specific trunk routing, flow maldistribution and balance of plant are excluded. Hydraulic values are screening metrics, not installed-pump specifications.",G0127_T1_homogeneous_none__AIP_FLINAK_2017_V10,hot_endpoint,Deterministic endpoint test of run-wise frozen transport properties; capacity retains the registered temperature integral.,5311,5910.022871716093,0.0034365096916235257,-0.03765769158350363,-0.03765769158350363,-15.911038478849783
S50MW_6H,50.0,6.0,300.0,G0024_T1_homogeneous_none__SOLAR_SALT_60_40_V10,G0024,T1_homogeneous_none,SOLAR_SALT_60_40_V10,Solar Salt (NaNO3-KNO3 60:40 wt%),homogeneous,none,Tier_2_unit_pair_partial,False,3537,2199,3592,3537,3537,43978,0.05,True,0.18490874660900472,14.13627367825841,0.6216988993358301,0.9285822479490898,0.9430744742707298,0.08484162380928904,0.9,"time integral of positive outlet enthalpy flow following the simulated charge end state, with linear within-step interpolation at the registered outlet-grade threshold",True,0.9999999999882565,True,500.0,run-wise frozen at the registered transport-property temperature,5.7284310621179015,5.7284310621179015,1.0,0.0,0.0,0.0,4.536043793329511,0.0,14,binary_monotone_bracket_with_adjacent_verification,MINIMAL_INTEGER_COUNT_BINARY_BRACKET,False,0.02827447115179016,7198.819995135405,300.08482341345535,6.001696468269107,0.0416734965178633,5315.460745554793,11397.807308735048,0.02827447115179016,60.84956899044127,0.0011615326299932946,0.0010786926501987185,4.248490626544826e-05,34.851514380012176,2.6720707879699592,32.17944359204221,59,60,1.4030196498438297,0.5622520733853595,0.07261720707790092,0.07323002137769527,1.5,"two-level balanced square-array Darcy-Weisbach friction screen with one trunk and one lateral supply-return pair; uniform module flow is prescribed and fittings, valves, heat exchangers and site-specific manifolds are excluded",12.980140685222896,0.00025960281370445787,"frictional energy for the modeled packed bed plus the registered balanced on-array trunk-and-lateral header screen; fittings, valves, heat exchangers, external piping and pump efficiency excluded",True,"parallel modular packed zones; discrete unit count, bed friction and a geometry-normalized on-array header-friction screen are included. Tank shells, fittings, valves, heat exchangers, site-specific trunk routing, flow maldistribution and balance of plant are excluded. Hydraulic values are screening metrics, not installed-pump specifications.",G0024_T1_homogeneous_none__SOLAR_SALT_60_40_V10,cold_endpoint,Deterministic endpoint test of run-wise frozen transport properties; capacity retains the registered temperature integral.,3536,7196.784705343171,0.0011182426086928173,0.02828054298642524,0.02828054298642524,3.8712548568580862
S50MW_6H,50.0,6.0,300.0,G0024_T1_homogeneous_none__SOLAR_SALT_60_40_V10,G0024,T1_homogeneous_none,SOLAR_SALT_60_40_V10,Solar Salt (NaNO3-KNO3 60:40 wt%),homogeneous,none,Tier_2_unit_pair_partial,False,3536,2199,3592,3536,3536,43978,0.05,True,0.18444233344045746,14.14027149321267,0.6218747191603029,0.9285822479490898,0.9431740316353509,0.08485058026893996,0.9,"time integral of positive outlet enthalpy flow following the simulated charge end state, with linear within-step interpolation at the registered outlet-grade threshold",True,0.9999999999879249,True,525.0,run-wise frozen at the registered transport-property temperature,5.726811488734736,5.726811488734736,1.0,0.0,0.0,0.0,4.536043793329511,0.0,14,binary_monotone_bracket_with_adjacent_verification,MINIMAL_INTEGER_COUNT_BINARY_BRACKET,False,0.010550610323889487,7196.784705343171,300.03165183097167,6.000633036619433,0.041685282008959976,5313.957929398289,11394.584858266082,0.010550610323889487,60.80409271987568,0.0011182426086928173,0.0010759717596724838,4.2270849020336505e-05,34.905594980871506,2.6758138733696213,32.229781107501886,59,60,1.4030196498438297,0.5614631275365252,0.07252556455855382,0.07313760549004353,1.5,"two-level balanced square-array Darcy-Weisbach friction screen with one trunk and one lateral supply-return pair; uniform module flow is prescribed and fittings, valves, heat exchangers and site-specific manifolds are excluded",12.963807677178286,0.0002592761535435657,"frictional energy for the modeled packed bed plus the registered balanced on-array trunk-and-lateral header screen; fittings, valves, heat exchangers, external piping and pump efficiency excluded",True,"parallel modular packed zones; discrete unit count, bed friction and a geometry-normalized on-array header-friction screen are included. Tank shells, fittings, valves, heat exchangers, site-specific trunk routing, flow maldistribution and balance of plant are excluded. Hydraulic values are screening metrics, not installed-pump specifications.",G0024_T1_homogeneous_none__SOLAR_SALT_60_40_V10,mean,Deterministic endpoint test of run-wise frozen transport properties; capacity retains the registered temperature integral.,3536,7196.784705343171,0.0011182426086928173,0.0,0.0,0.0
S50MW_6H,50.0,6.0,300.0,G0024_T1_homogeneous_none__SOLAR_SALT_60_40_V10,G0024,T1_homogeneous_none,SOLAR_SALT_60_40_V10,Solar Salt (NaNO3-KNO3 60:40 wt%),homogeneous,none,Tier_2_unit_pair_partial,False,3536,2199,3592,3536,3536,43978,0.05,True,0.18392652826759454,14.14027149321267,0.6218747191603029,0.9285822479490898,0.9432796483406147,0.08486008184386372,0.9,"time integral of positive outlet enthalpy flow following the simulated charge end state, with linear within-step interpolation at the registered outlet-grade threshold",True,0.9999999999879478,True,550.0,run-wise frozen at the registered transport-property temperature,5.726811488734736,5.726811488734736,1.0,0.0,0.0,0.0,4.536043793329511,0.0,14,binary_monotone_bracket_with_adjacent_verification,MINIMAL_INTEGER_COUNT_BINARY_BRACKET,False,0.021749799967385464,7196.784705343171,300.06524939990214,6.001304987998043,0.041685282008959976,5313.957929398289,11394.584858266082,0.021749799967385464,60.80409271987568,0.0010697474573515711,0.001072962733549543,4.2034753166589986e-05,34.965969609787514,2.680278118088319,32.2856914916992,59,60,1.4030196498438297,0.5606774935146283,0.07242408229163368,0.07303526681750208,1.5,"two-level balanced square-array Darcy-Weisbach friction screen with one trunk and one lateral supply-return pair; uniform module flow is prescribed and fittings, valves, heat exchangers and site-specific manifolds are excluded",12.949895060765467,0.00025899790121530937,"frictional energy for the modeled packed bed plus the registered balanced on-array trunk-and-lateral header screen; fittings, valves, heat exchangers, external piping and pump efficiency excluded",True,"parallel modular packed zones; discrete unit count, bed friction and a geometry-normalized on-array header-friction screen are included. Tank shells, fittings, valves, heat exchangers, site-specific trunk routing, flow maldistribution and balance of plant are excluded. Hydraulic values are screening metrics, not installed-pump specifications.",G0024_T1_homogeneous_none__SOLAR_SALT_60_40_V10,hot_endpoint,Deterministic endpoint test of run-wise frozen transport properties; capacity retains the registered temperature integral.,3536,7196.784705343171,0.0011182426086928173,0.0,0.0,-4.336728985665738
S50MW_6H,50.0,6.0,300.0,G0134_T1_homogeneous_none__AIP_FLINAK_2017_V10,G0134,T1_homogeneous_none,AIP_FLINAK_2017_V10,FLiNaK (LiF-NaF-KF),homogeneous,none,Tier_3_hypothetical_common_skeleton,False,3035,2435,3050,3035,3035,48697,0.05,True,0.17526026148831012,16.474464579901152,0.8022651718973025,0.9562800839652317,0.9608864006570258,0.09886170836558103,0.9,"time integral of positive outlet enthalpy flow following the simulated charge end state, with linear within-step interpolation at the registered outlet-grade threshold",True,0.9999999999958064,True,500.0,run-wise frozen at the registered transport-property temperature,5.621400085478599,5.621400085478599,1.0,0.0,0.0,0.0,4.639984780983611,0.0,13,binary_monotone_bracket_with_adjacent_verification,MINIMAL_INTEGER_COUNT_BINARY_BRACKET,False,0.015094963179485,5951.290473574707,300.04528488953844,6.000905697790769,0.0504092349940032,7101.023706407633,7052.287887849471,0.015094963179485,24.647066210672964,0.0017913327372482612,0.0014680728929696324,1.315219761106691e-05,57.83945270353025,4.440020379765431,53.39943232376481,55,56,1.3485914799213816,0.46289256226560627,0.06231350781089536,0.06287744245306491,1.5,"two-level balanced square-array Darcy-Weisbach friction screen with one trunk and one lateral supply-return pair; uniform module flow is prescribed and fittings, valves, heat exchangers and site-specific manifolds are excluded",14.60088467651115,0.000292017693530223,"frictional energy for the modeled packed bed plus the registered balanced on-array trunk-and-lateral header screen; fittings, valves, heat exchangers, external piping and pump efficiency excluded",True,"parallel modular packed zones; discrete unit count, bed friction and a geometry-normalized on-array header-friction screen are included. Tank shells, fittings, valves, heat exchangers, site-specific trunk routing, flow maldistribution and balance of plant are excluded. Hydraulic values are screening metrics, not installed-pump specifications.",G0134_T1_homogeneous_none__AIP_FLINAK_2017_V10,cold_endpoint,Deterministic endpoint test of run-wise frozen transport properties; capacity retains the registered temperature integral.,3034,5949.329587092475,0.0014817176356113604,0.03295978905735186,0.03295978905735186,20.89568850337351
S50MW_6H,50.0,6.0,300.0,G0134_T1_homogeneous_none__AIP_FLINAK_2017_V10,G0134,T1_homogeneous_none,AIP_FLINAK_2017_V10,FLiNaK (LiF-NaF-KF),homogeneous,none,Tier_3_hypothetical_common_skeleton,False,3034,2435,3050,3034,3034,48697,0.05,True,0.17531802690079804,16.47989452867502,0.8025295968056404,0.9562800839652317,0.9612658863448503,0.09890075211037018,0.9,"time integral of positive outlet enthalpy flow following the simulated charge end state, with linear within-step interpolation at the registered outlet-grade threshold",True,0.9999999999983261,True,525.0,run-wise frozen at the registered transport-property temperature,5.619547894346771,5.619547894346771,1.0,0.0,0.0,0.0,4.639984780983611,0.0,13,binary_monotone_bracket_with_adjacent_verification,MINIMAL_INTEGER_COUNT_BINARY_BRACKET,False,0.02162730095440768,5949.329587092475,300.0648819028632,6.001297638057264,0.050425849771522646,7098.6839951369875,7049.964234509158,0.02162730095440768,24.605996337127433,0.0014817176356113604,0.0014685567666983745,1.3160868913030589e-05,57.82973378283709,4.441438042270437,53.388295740566655,55,56,1.3485914799213816,0.46289256226560627,0.06232377616522244,0.06288780373556964,1.5,"two-level balanced square-array Darcy-Weisbach friction screen with one trunk and one lateral supply-return pair; uniform module flow is prescribed and fittings, valves, heat exchangers and site-specific manifolds are excluded",14.598353169849187,0.00029196706339698375,"frictional energy for the modeled packed bed plus the registered balanced on-array trunk-and-lateral header screen; fittings, valves, heat exchangers, external piping and pump efficiency excluded",True,"parallel modular packed zones; discrete unit count, bed friction and a geometry-normalized on-array header-friction screen are included. Tank shells, fittings, valves, heat exchangers, site-specific trunk routing, flow maldistribution and balance of plant are excluded. Hydraulic values are screening metrics, not installed-pump specifications.",G0134_T1_homogeneous_none__AIP_FLINAK_2017_V10,mean,Deterministic endpoint test of run-wise frozen transport properties; capacity retains the registered temperature integral.,3034,5949.329587092475,0.0014817176356113604,0.0,0.0,0.0
S50MW_6H,50.0,6.0,300.0,G0134_T1_homogeneous_none__AIP_FLINAK_2017_V10,G0134,T1_homogeneous_none,AIP_FLINAK_2017_V10,FLiNaK (LiF-NaF-KF),homogeneous,none,Tier_3_hypothetical_common_skeleton,False,3033,2435,3050,3033,3033,48697,0.05,True,0.17537583040455695,16.485328058028355,0.8027941960792327,0.9562800839652317,0.9616407137311558,0.09893931658139093,0.9,"time integral of positive outlet enthalpy flow following the simulated charge end state, with linear within-step interpolation at the registered outlet-grade threshold",True,0.9999999999982699,True,550.0,run-wise frozen at the registered transport-property temperature,5.6176957032149595,5.6176957032149595,1.0,0.0,0.0,0.0,4.639984780983611,0.0,13,binary_monotone_bracket_with_adjacent_verification,MINIMAL_INTEGER_COUNT_BINARY_BRACKET,False,0.027649063786228112,5947.368700610243,300.0829471913587,6.001658943827174,0.050442475505044417,7096.344283866342,7047.6405811688455,0.027649063786228112,24.564926463581905,0.0012469020433467448,0.0014690409594997056,1.3169548793364123e-05,57.82013129473265,4.442973432403935,53.37715786232871,55,56,1.3485914799213816,0.46289256226560627,0.06233404959744671,0.0628981701419263,1.5,"two-level balanced square-array Darcy-Weisbach friction screen with one trunk and one lateral supply-return pair; uniform module flow is prescribed and fittings, valves, heat exchangers and site-specific manifolds are excluded",14.59586993597003,0.0002919173987194006,"frictional energy for the modeled packed bed plus the registered balanced on-array trunk-and-lateral header screen; fittings, valves, heat exchangers, external piping and pump efficiency excluded",True,"parallel modular packed zones; discrete unit count, bed friction and a geometry-normalized on-array header-friction screen are included. Tank shells, fittings, valves, heat exchangers, site-specific trunk routing, flow maldistribution and balance of plant are excluded. Hydraulic values are screening metrics, not installed-pump specifications.",G0134_T1_homogeneous_none__AIP_FLINAK_2017_V10,hot_endpoint,Deterministic endpoint test of run-wise frozen transport properties; capacity retains the registered temperature integral.,3034,5949.329587092475,0.0014817176356113604,-0.03295978905735186,-0.03295978905735186,-15.847526318179384
S50MW_6H,50.0,6.0,300.0,G0187_T1_homogeneous_none__AIP_FLINAK_2017_V10,G0187,T1_homogeneous_none,AIP_FLINAK_2017_V10,FLiNaK (LiF-NaF-KF),homogeneous,none,Tier_3_hypothetical_common_skeleton,False,3996,3956,3995,3996,3996,79104,0.05,True,0.1331118352394948,12.512512512512513,0.989790485415317,0.9587960190756093,0.958642385456264,0.07509344541115792,0.9,"time integral of positive outlet enthalpy flow following the simulated charge end state, with linear within-step interpolation at the registered outlet-grade threshold",True,0.9999999999928871,True,500.0,run-wise frozen at the registered transport-property temperature,5.634522489575783,5.634522489575783,1.0,0.0,0.0,0.0,4.942171398166918,0.0,8,binary_monotone_bracket_with_adjacent_verification,MINIMAL_INTEGER_COUNT_BINARY_BRACKET,False,0.024469287662354233,6046.850192467713,300.07340786298704,6.00146815725974,0.049612606638361305,5691.372812492847,9141.001275476925,0.024469287662354233,1.0314823930035244,0.004111996795524058,0.0033800362162229,1.788501331199417e-05,70.24523765425639,4.967165169624528,65.27807248463186,63,64,1.3229517471155576,0.46289256226560627,0.05812162359477046,0.058581090219834896,1.5,"two-level balanced square-array Darcy-Weisbach friction screen with one trunk and one lateral supply-return pair; uniform module flow is prescribed and fittings, valves, heat exchangers and site-specific manifolds are excluded",17.733066948072278,0.0003546613389614456,"frictional energy for the modeled packed bed plus the registered balanced on-array trunk-and-lateral header screen; fittings, valves, heat exchangers, external piping and pump efficiency excluded",True,"parallel modular packed zones; discrete unit count, bed friction and a geometry-normalized on-array header-friction screen are included. Tank shells, fittings, valves, heat exchangers, site-specific trunk routing, flow maldistribution and balance of plant are excluded. Hydraulic values are screening metrics, not installed-pump specifications.",G0187_T1_homogeneous_none__AIP_FLINAK_2017_V10,cold_endpoint,Deterministic endpoint test of run-wise frozen transport properties; capacity retains the registered temperature integral.,3994,6043.823740919931,0.00339963170284439,0.050075112669012434,0.050075112669012434,20.95418430424829
S50MW_6H,50.0,6.0,300.0,G0187_T1_homogeneous_none__AIP_FLINAK_2017_V10,G0187,T1_homogeneous_none,AIP_FLINAK_2017_V10,FLiNaK (LiF-NaF-KF),homogeneous,none,Tier_3_hypothetical_common_skeleton,False,3994,3956,3995,3994,3994,79104,0.05,True,0.13317849114096675,12.518778167250876,0.9902861241160757,0.9587960190756093,0.9590188810178262,0.07512293748174506,0.9,"time integral of positive outlet enthalpy flow following the simulated charge end state, with linear within-step interpolation at the registered outlet-grade threshold",True,0.9999999999927826,True,525.0,run-wise frozen at the registered transport-property temperature,5.631702408250277,5.631702408250277,1.0,0.0,0.0,0.0,4.942171398166918,0.0,9,binary_monotone_bracket_with_adjacent_verification,MINIMAL_INTEGER_COUNT_BINARY_BRACKET,False,0.013670767363271885,6043.823740919931,300.0410123020898,6.000820246041797,0.0496374502070335,5688.524277551659,9136.426199763473,0.013670767363271885,0.9809160854995058,0.00339963170284439,0.003381728773166493,1.790292967782465e-05,70.22465972830355,4.967311460921038,65.25734826738251,63,64,1.3229517471155576,0.46289256226560627,0.058136174007714585,0.058595755657596206,1.5,"two-level balanced square-array Darcy-Weisbach friction screen with one trunk and one lateral supply-return pair; uniform module flow is prescribed and fittings, valves, heat exchangers and site-specific manifolds are excluded",17.72769263274652,0.00035455385265493046,"frictional energy for the modeled packed bed plus the registered balanced on-array trunk-and-lateral header screen; fittings, valves, heat exchangers, external piping and pump efficiency excluded",True,"parallel modular packed zones; discrete unit count, bed friction and a geometry-normalized on-array header-friction screen are included. Tank shells, fittings, valves, heat exchangers, site-specific trunk routing, flow maldistribution and balance of plant are excluded. Hydraulic values are screening metrics, not installed-pump specifications.",G0187_T1_homogeneous_none__AIP_FLINAK_2017_V10,mean,Deterministic endpoint test of run-wise frozen transport properties; capacity retains the registered temperature integral.,3994,6043.823740919931,0.00339963170284439,0.0,0.0,0.0
S50MW_6H,50.0,6.0,300.0,G0187_T1_homogeneous_none__AIP_FLINAK_2017_V10,G0187,T1_homogeneous_none,AIP_FLINAK_2017_V10,FLiNaK (LiF-NaF-KF),homogeneous,none,Tier_3_hypothetical_common_skeleton,False,3992,3956,3995,3992,3992,79104,0.05,True,0.13324521383191915,12.525050100200401,0.9907822594487993,0.9587960190756093,0.9593808304031627,0.07515129010501911,0.9,"time integral of positive outlet enthalpy flow following the simulated charge end state, with linear within-step interpolation at the registered outlet-grade threshold",True,0.9999999999927262,True,550.0,run-wise frozen at the registered transport-property temperature,5.628882326924834,5.628882326924834,1.0,0.0,0.0,0.0,4.942171398166918,0.0,9,binary_monotone_bracket_with_adjacent_verification,MINIMAL_INTEGER_COUNT_BINARY_BRACKET,False,0.0013166997454350238,6040.79728937215,300.0039500992363,6.0000790019847265,0.04966231866906107,5685.675742610471,9131.851124050021,0.0013166997454350238,0.9303497779955094,0.0028592960935951628,0.0033834230260590113,1.7920872978806462e-05,70.20434059189219,4.967720186525331,65.23662040536685,63,64,1.3229517471155576,0.46289256226560627,0.05815073535396866,0.05861043211509814,1.5,"two-level balanced square-array Darcy-Weisbach friction screen with one trunk and one lateral supply-return pair; uniform module flow is prescribed and fittings, valves, heat exchangers and site-specific manifolds are excluded",17.72242706921205,0.000354448541384241,"frictional energy for the modeled packed bed plus the registered balanced on-array trunk-and-lateral header screen; fittings, valves, heat exchangers, external piping and pump efficiency excluded",True,"parallel modular packed zones; discrete unit count, bed friction and a geometry-normalized on-array header-friction screen are included. Tank shells, fittings, valves, heat exchangers, site-specific trunk routing, flow maldistribution and balance of plant are excluded. Hydraulic values are screening metrics, not installed-pump specifications.",G0187_T1_homogeneous_none__AIP_FLINAK_2017_V10,hot_endpoint,Deterministic endpoint test of run-wise frozen transport properties; capacity retains the registered temperature integral.,3994,6043.823740919931,0.00339963170284439,-0.05007511266900133,-0.05007511266899023,-15.8939454764215
S50MW_6H,50.0,6.0,300.0,G0106_T1_homogeneous_none__AIP_FLINAK_2017_V10,G0106,T1_homogeneous_none,AIP_FLINAK_2017_V10,FLiNaK (LiF-NaF-KF),homogeneous,none,Tier_3_hypothetical_common_skeleton,False,4864,2826,4918,4864,4864,56508,0.05,True,0.10935750279955206,10.279605263157896,0.5808901674702616,0.9616240600779913,0.9721519288530551,0.061678639823050135,0.9,"time integral of positive outlet enthalpy flow following the simulated charge end state, with linear within-step interpolation at the registered outlet-grade threshold",True,0.9999999999999191,True,500.0,run-wise frozen at the registered transport-property temperature,5.555344944463613,5.555344944463613,1.0,0.0,0.0,0.0,5.395992319558096,0.0,14,binary_monotone_bracket_with_adjacent_verification,MINIMAL_INTEGER_COUNT_BINARY_BRACKET,False,0.001634699771946302,5937.229849915055,300.00490409931587,6.000098081986318,0.050528614788981456,6037.462643389481,8392.80521382116,0.001634699771946302,72.14958282990642,0.00556315074973153,0.004576263039937959,2.0062115087274968e-05,72.76181549416832,4.81681193422468,67.94500355994364,69,71,1.1728705861053985,0.46289256226560627,0.055530609398715375,0.0559258500406286,1.5,"two-level balanced square-array Darcy-Weisbach friction screen with one trunk and one lateral supply-return pair; uniform module flow is prescribed and fittings, valves, heat exchangers and site-specific manifolds are excluded",18.368693853477325,0.00036737387706954654,"frictional energy for the modeled packed bed plus the registered balanced on-array trunk-and-lateral header screen; fittings, valves, heat exchangers, external piping and pump efficiency excluded",True,"parallel modular packed zones; discrete unit count, bed friction and a geometry-normalized on-array header-friction screen are included. Tank shells, fittings, valves, heat exchangers, site-specific trunk routing, flow maldistribution and balance of plant are excluded. Hydraulic values are screening metrics, not installed-pump specifications.",G0106_T1_homogeneous_none__AIP_FLINAK_2017_V10,cold_endpoint,Deterministic endpoint test of run-wise frozen transport properties; capacity retains the registered temperature integral.,4863,5936.00920233078,0.004597274443817313,0.020563438206866458,0.020563438206866458,21.00975953726636
S50MW_6H,50.0,6.0,300.0,G0106_T1_homogeneous_none__AIP_FLINAK_2017_V10,G0106,T1_homogeneous_none,AIP_FLINAK_2017_V10,FLiNaK (LiF-NaF-KF),homogeneous,none,Tier_3_hypothetical_common_skeleton,False,4863,2826,4918,4863,4863,56508,0.05,True,0.10937999046206481,10.281719103434094,0.581009618460899,0.9616240600779913,0.9724742034481505,0.06169908668745996,0.9,"time integral of positive outlet enthalpy flow following the simulated charge end state, with linear within-step interpolation at the registered outlet-grade threshold",True,0.9999999999999191,True,525.0,run-wise frozen at the registered transport-property temperature,5.554202809399756,5.554202809399756,1.0,0.0,0.0,0.0,5.395992319558096,0.0,14,binary_monotone_bracket_with_adjacent_verification,MINIMAL_INTEGER_COUNT_BINARY_BRACKET,False,0.01421952037257146,5936.00920233078,300.0426585611177,6.000853171222355,0.05053900520946038,6036.221388734179,8391.079719328187,0.01421952037257146,72.11419023475226,0.004597274443817313,0.004577204076960545,2.0070366856889274e-05,72.75277941217848,4.816648857190326,67.93613055498815,69,71,1.1728705861053985,0.46289256226560627,0.055536318606502905,0.0559315998838598,1.5,"two-level balanced square-array Darcy-Weisbach friction screen with one trunk and one lateral supply-return pair; uniform module flow is prescribed and fittings, valves, heat exchangers and site-specific manifolds are excluded",18.36616905578238,0.0003673233811156476,"frictional energy for the modeled packed bed plus the registered balanced on-array trunk-and-lateral header screen; fittings, valves, heat exchangers, external piping and pump efficiency excluded",True,"parallel modular packed zones; discrete unit count, bed friction and a geometry-normalized on-array header-friction screen are included. Tank shells, fittings, valves, heat exchangers, site-specific trunk routing, flow maldistribution and balance of plant are excluded. Hydraulic values are screening metrics, not installed-pump specifications.",G0106_T1_homogeneous_none__AIP_FLINAK_2017_V10,mean,Deterministic endpoint test of run-wise frozen transport properties; capacity retains the registered temperature integral.,4863,5936.00920233078,0.004597274443817313,0.0,0.0,0.0
S50MW_6H,50.0,6.0,300.0,G0106_T1_homogeneous_none__AIP_FLINAK_2017_V10,G0106,T1_homogeneous_none,AIP_FLINAK_2017_V10,FLiNaK (LiF-NaF-KF),homogeneous,none,Tier_3_hypothetical_common_skeleton,False,4861,2826,4918,4861,4861,56508,0.05,True,0.10942499354392538,10.285949393128986,0.5812486678821954,0.9616240600779913,0.9727808178764409,0.06171853998516558,0.9,"time integral of positive outlet enthalpy flow following the simulated charge end state, with linear within-step interpolation at the registered outlet-grade threshold",True,0.9999999999999191,True,550.0,run-wise frozen at the registered transport-property temperature,5.5519185392746175,5.5519185392746175,1.0,0.0,0.0,0.0,5.395992319558096,0.0,14,binary_monotone_bracket_with_adjacent_verification,MINIMAL_INTEGER_COUNT_BINARY_BRACKET,False,0.004607622629948516,5933.567907162229,300.01382286788987,6.000276457357797,0.05055979887545892,6033.738879423575,8387.62873034224,0.004607622629948516,72.04340504444389,0.0038655401563955235,0.00457908731254049,2.0086885676647667e-05,72.73483278212319,4.816450153532641,67.91838262859055,69,71,1.1728705861053985,0.46289256226560627,0.05554774230684105,0.05594310489269976,1.5,"two-level balanced square-array Darcy-Weisbach friction screen with one trunk and one lateral supply-return pair; uniform module flow is prescribed and fittings, valves, heat exchangers and site-specific manifolds are excluded",18.36145406999226,0.00036722908139984515,"frictional energy for the modeled packed bed plus the registered balanced on-array trunk-and-lateral header screen; fittings, valves, heat exchangers, external piping and pump efficiency excluded",True,"parallel modular packed zones; discrete unit count, bed friction and a geometry-normalized on-array header-friction screen are included. Tank shells, fittings, valves, heat exchangers, site-specific trunk routing, flow maldistribution and balance of plant are excluded. Hydraulic values are screening metrics, not installed-pump specifications.",G0106_T1_homogeneous_none__AIP_FLINAK_2017_V10,hot_endpoint,Deterministic endpoint test of run-wise frozen transport properties; capacity retains the registered temperature integral.,4863,5936.00920233078,0.004597274443817313,-0.041126876413732916,-0.04112687641374402,-15.916697955804427
S50MW_6H,50.0,6.0,300.0,G0045_T1_homogeneous_none__SOLAR_SALT_60_40_V10,G0045,T1_homogeneous_none,SOLAR_SALT_60_40_V10,Solar Salt (NaNO3-KNO3 60:40 wt%),homogeneous,none,Tier_2_unit_pair_partial,False,6545,2956,6682,6545,6545,59108,0.05,True,0.09992700332407176,7.639419404125286,0.45155298434501384,0.9413836629613392,0.9610605782768346,0.045838674985938015,0.9,"time integral of positive outlet enthalpy flow following the simulated charge end state, with linear within-step interpolation at the registered outlet-grade threshold",True,0.999999999979957,True,500.0,run-wise frozen at the registered transport-property temperature,5.619422326593701,5.619422326593701,1.0,0.0,0.0,0.0,5.592599324722605,0.0,16,binary_monotone_bracket_with_adjacent_verification,MINIMAL_INTEGER_COUNT_BINARY_BRACKET,False,0.004709260988122743,7082.957903144302,300.01412778296435,6.000282555659287,0.04235518608219068,5365.621220992341,11003.236415482777,0.004709260988122743,121.45795392107064,0.001388591850262569,0.0013095084116471292,2.98987895169403e-05,45.78202635267161,2.922287641702652,42.85973871096896,80,82,1.1403680906306226,0.5622520733853595,0.06254876650998077,0.06293368562925636,1.5,"two-level balanced square-array Darcy-Weisbach friction screen with one trunk and one lateral supply-return pair; uniform module flow is prescribed and fittings, valves, heat exchangers and site-specific manifolds are excluded",17.05106283716562,0.0003410212567433124,"frictional energy for the modeled packed bed plus the registered balanced on-array trunk-and-lateral header screen; fittings, valves, heat exchangers, external piping and pump efficiency excluded",True,"parallel modular packed zones; discrete unit count, bed friction and a geometry-normalized on-array header-friction screen are included. Tank shells, fittings, valves, heat exchangers, site-specific trunk routing, flow maldistribution and balance of plant are excluded. Hydraulic values are screening metrics, not installed-pump specifications.",G0045_T1_homogeneous_none__SOLAR_SALT_60_40_V10,cold_endpoint,Deterministic endpoint test of run-wise frozen transport properties; capacity retains the registered temperature integral.,6545,7082.957903144302,0.0013355673425508125,0.0,0.0,3.9701860042852255
S50MW_6H,50.0,6.0,300.0,G0045_T1_homogeneous_none__SOLAR_SALT_60_40_V10,G0045,T1_homogeneous_none,SOLAR_SALT_60_40_V10,Solar Salt (NaNO3-KNO3 60:40 wt%),homogeneous,none,Tier_2_unit_pair_partial,False,6545,2956,6682,6545,6545,59108,0.05,True,0.09964676715744195,7.639419404125286,0.45155298434501384,0.9413836629613392,0.9611411485023107,0.04584251785751409,0.9,"time integral of positive outlet enthalpy flow following the simulated charge end state, with linear within-step interpolation at the registered outlet-grade threshold",True,0.9999999999816153,True,525.0,run-wise frozen at the registered transport-property temperature,5.619422326593701,5.619422326593701,1.0,0.0,0.0,0.0,5.592599324722605,0.0,16,binary_monotone_bracket_with_adjacent_verification,MINIMAL_INTEGER_COUNT_BINARY_BRACKET,False,0.013093125809926498,7082.957903144302,300.03927937742975,6.000785587548595,0.04235518608219068,5365.621220992341,11003.236415482777,0.013093125809926498,121.45795392107064,0.0013355673425508125,0.001305836014745008,2.973132780585533e-05,45.86174328306346,2.9271767441292376,42.93456653893423,80,82,1.1403680906306226,0.5614631275365252,0.06246099877727925,0.06284537778233265,1.5,"two-level balanced square-array Darcy-Weisbach friction screen with one trunk and one lateral supply-return pair; uniform module flow is prescribed and fittings, valves, heat exchangers and site-specific manifolds are excluded",17.032830616088834,0.0003406566123217767,"frictional energy for the modeled packed bed plus the registered balanced on-array trunk-and-lateral header screen; fittings, valves, heat exchangers, external piping and pump efficiency excluded",True,"parallel modular packed zones; discrete unit count, bed friction and a geometry-normalized on-array header-friction screen are included. Tank shells, fittings, valves, heat exchangers, site-specific trunk routing, flow maldistribution and balance of plant are excluded. Hydraulic values are screening metrics, not installed-pump specifications.",G0045_T1_homogeneous_none__SOLAR_SALT_60_40_V10,mean,Deterministic endpoint test of run-wise frozen transport properties; capacity retains the registered temperature integral.,6545,7082.957903144302,0.0013355673425508125,0.0,0.0,0.0
S50MW_6H,50.0,6.0,300.0,G0045_T1_homogeneous_none__SOLAR_SALT_60_40_V10,G0045,T1_homogeneous_none,SOLAR_SALT_60_40_V10,Solar Salt (NaNO3-KNO3 60:40 wt%),homogeneous,none,Tier_2_unit_pair_partial,False,6544,2956,6682,6544,6544,59108,0.05,True,0.09938328300033837,7.640586797066015,0.45162198694042105,0.9413836629613392,0.9612157505402142,0.04584607607085261,0.9,"time integral of positive outlet enthalpy flow following the simulated charge end state, with linear within-step interpolation at the registered outlet-grade threshold",True,0.9999999999816228,True,550.0,run-wise frozen at the registered transport-property temperature,5.6185637441132315,5.6185637441132315,1.0,0.0,0.0,0.0,5.592599324722605,0.0,16,binary_monotone_bracket_with_adjacent_verification,MINIMAL_INTEGER_COUNT_BINARY_BRACKET,False,0.005573935886493686,7081.875709423424,300.0167218076595,6.0003344361531905,0.04236165845170201,5364.801416374925,11001.555248727167,0.005573935886493686,121.42411771726299,0.0012768361116429101,0.0013023831470656579,2.9574305613125872e-05,45.93691346570831,2.931678008011882,43.00523545769642,80,82,1.1403680906306226,0.5606774935146283,0.06237836500181568,0.06276223548652811,1.5,"two-level balanced square-array Darcy-Weisbach friction screen with one trunk and one lateral supply-return pair; uniform module flow is prescribed and fittings, valves, heat exchangers and site-specific manifolds are excluded",17.01301438798493,0.0003402602877596986,"frictional energy for the modeled packed bed plus the registered balanced on-array trunk-and-lateral header screen; fittings, valves, heat exchangers, external piping and pump efficiency excluded",True,"parallel modular packed zones; discrete unit count, bed friction and a geometry-normalized on-array header-friction screen are included. Tank shells, fittings, valves, heat exchangers, site-specific trunk routing, flow maldistribution and balance of plant are excluded. Hydraulic values are screening metrics, not installed-pump specifications.",G0045_T1_homogeneous_none__SOLAR_SALT_60_40_V10,hot_endpoint,Deterministic endpoint test of run-wise frozen transport properties; capacity retains the registered temperature integral.,6545,7082.957903144302,0.0013355673425508125,-0.015278838808252537,-0.015278838808252537,-4.397474319470184
S50MW_6H,50.0,6.0,300.0,G0184_T1_homogeneous_none__AIP_FLINAK_2017_V10,G0184,T1_homogeneous_none,AIP_FLINAK_2017_V10,FLiNaK (LiF-NaF-KF),homogeneous,none,Tier_3_hypothetical_common_skeleton,False,5480,2542,5567,5480,5480,50834,0.05,True,0.09706476160894548,9.124087591240876,0.46381698602338184,0.957997807105496,0.9732615315594257,0.05475445870566932,0.9,"time integral of positive outlet enthalpy flow following the simulated charge end state, with linear within-step interpolation at the registered outlet-grade threshold",True,0.9999999999999033,True,500.0,run-wise frozen at the registered transport-property temperature,5.55003386372673,5.55003386372673,1.0,0.0,0.0,0.0,5.790955388750883,0.0,15,binary_monotone_bracket_with_adjacent_verification,MINIMAL_INTEGER_COUNT_BINARY_BRACKET,False,0.018144569022626733,5888.475042036524,300.05443370706786,6.001088674141357,0.050946976570056965,6787.818564676169,7286.753672143112,0.018144569022626733,115.60228066972695,0.0034009474796935987,0.0027947245311325643,1.58097633263212e-05,71.57590372372792,4.640030330625927,66.93587339310199,74,75,1.0509426433509348,0.46289256226560627,0.053790525023221535,0.054152754873714945,1.5,"two-level balanced square-array Darcy-Weisbach friction screen with one trunk and one lateral supply-return pair; uniform module flow is prescribed and fittings, valves, heat exchangers and site-specific manifolds are excluded",18.068787940899895,0.0003613757588179979,"frictional energy for the modeled packed bed plus the registered balanced on-array trunk-and-lateral header screen; fittings, valves, heat exchangers, external piping and pump efficiency excluded",True,"parallel modular packed zones; discrete unit count, bed friction and a geometry-normalized on-array header-friction screen are included. Tank shells, fittings, valves, heat exchangers, site-specific trunk routing, flow maldistribution and balance of plant are excluded. Hydraulic values are screening metrics, not installed-pump specifications.",G0184_T1_homogeneous_none__AIP_FLINAK_2017_V10,cold_endpoint,Deterministic endpoint test of run-wise frozen transport properties; capacity retains the registered temperature integral.,5478,5886.32596355403,0.002811566185598039,0.03650967506390046,0.036509675063878255,20.962739455133782
S50MW_6H,50.0,6.0,300.0,G0184_T1_homogeneous_none__AIP_FLINAK_2017_V10,G0184,T1_homogeneous_none,AIP_FLINAK_2017_V10,FLiNaK (LiF-NaF-KF),homogeneous,none,Tier_3_hypothetical_common_skeleton,False,5478,2542,5567,5478,5478,50834,0.05,True,0.09710019963801045,9.127418765972983,0.46398632409787016,0.957997807105496,0.9735868586275426,0.05477276119368454,0.9,"time integral of positive outlet enthalpy flow following the simulated charge end state, with linear within-step interpolation at the registered outlet-grade threshold",True,0.9999999999999033,True,525.0,run-wise frozen at the registered transport-property temperature,5.548008303922007,5.548008303922007,1.0,0.0,0.0,0.0,5.790955388750883,0.0,15,binary_monotone_bracket_with_adjacent_verification,MINIMAL_INTEGER_COUNT_BINARY_BRACKET,False,0.015061939667959656,5886.32596355403,300.0451858190039,6.000903716380078,0.05096557714565756,6785.341258630667,7284.094272992696,0.015061939667959656,115.52359370597887,0.002811566185598039,0.002795744875977996,1.582130962013221e-05,71.5630694494363,4.642727867788077,66.92034158164822,74,75,1.0509426433509348,0.46289256226560627,0.05380034350008039,0.05416263946901014,1.5,"two-level balanced square-array Darcy-Weisbach friction screen with one trunk and one lateral supply-return pair; uniform module flow is prescribed and fittings, valves, heat exchangers and site-specific manifolds are excluded",18.065399403007778,0.00036130798806015556,"frictional energy for the modeled packed bed plus the registered balanced on-array trunk-and-lateral header screen; fittings, valves, heat exchangers, external piping and pump efficiency excluded",True,"parallel modular packed zones; discrete unit count, bed friction and a geometry-normalized on-array header-friction screen are included. Tank shells, fittings, valves, heat exchangers, site-specific trunk routing, flow maldistribution and balance of plant are excluded. Hydraulic values are screening metrics, not installed-pump specifications.",G0184_T1_homogeneous_none__AIP_FLINAK_2017_V10,mean,Deterministic endpoint test of run-wise frozen transport properties; capacity retains the registered temperature integral.,5478,5886.32596355403,0.002811566185598039,0.0,0.0,0.0
S50MW_6H,50.0,6.0,300.0,G0184_T1_homogeneous_none__AIP_FLINAK_2017_V10,G0184,T1_homogeneous_none,AIP_FLINAK_2017_V10,FLiNaK (LiF-NaF-KF),homogeneous,none,Tier_3_hypothetical_common_skeleton,False,5476,2542,5567,5476,5476,50834,0.05,True,0.09713566355314486,9.130752373995618,0.4641557858670804,0.957997807105496,0.9739006709913733,0.05479041587904867,0.9,"time integral of positive outlet enthalpy flow following the simulated charge end state, with linear within-step interpolation at the registered outlet-grade threshold",True,0.9999999999999035,True,550.0,run-wise frozen at the registered transport-property temperature,5.545982744117382,5.545982744117382,1.0,0.0,0.0,0.0,5.790955388750883,0.0,15,binary_monotone_bracket_with_adjacent_verification,MINIMAL_INTEGER_COUNT_BINARY_BRACKET,False,0.010772451223517443,5884.176885071534,300.0323173536705,6.000646347073411,0.050984191308238155,6782.863952585164,7281.434873842279,0.010772451223517443,115.44490674223083,0.0023645455126966417,0.002796765966144448,1.5832868567414288e-05,71.2394844243095,4.6456576980519975,66.59382672625749,74,74,1.0509426433509348,0.46289256226560627,0.05381016735545307,0.05381016735545307,1.5,"two-level balanced square-array Darcy-Weisbach friction screen with one trunk and one lateral supply-return pair; uniform module flow is prescribed and fittings, valves, heat exchangers and site-specific manifolds are excluded",17.983603884757013,0.00035967207769514026,"frictional energy for the modeled packed bed plus the registered balanced on-array trunk-and-lateral header screen; fittings, valves, heat exchangers, external piping and pump efficiency excluded",True,"parallel modular packed zones; discrete unit count, bed friction and a geometry-normalized on-array header-friction screen are included. Tank shells, fittings, valves, heat exchangers, site-specific trunk routing, flow maldistribution and balance of plant are excluded. Hydraulic values are screening metrics, not installed-pump specifications.",G0184_T1_homogeneous_none__AIP_FLINAK_2017_V10,hot_endpoint,Deterministic endpoint test of run-wise frozen transport properties; capacity retains the registered temperature integral.,5478,5886.32596355403,0.002811566185598039,-0.03650967506388936,-0.03650967506390046,-15.89934731720758
S50MW_6H,50.0,6.0,300.0,G0202_T1_homogeneous_none__AIP_FLINAK_2017_V10,G0202,T1_homogeneous_none,AIP_FLINAK_2017_V10,FLiNaK (LiF-NaF-KF),homogeneous,none,Tier_3_hypothetical_common_skeleton,False,3437,2032,3491,3437,3437,40625,0.05,True,0.15476138889060845,14.547570555717195,0.59100949151734,0.934771375132269,0.9494666129072685,0.08729640529624381,0.9,"time integral of positive outlet enthalpy flow following the simulated charge end state, with linear within-step interpolation at the registered outlet-grade threshold",True,0.9999999999999852,True,500.0,run-wise frozen at the registered transport-property temperature,5.688665657602247,5.688665657602247,1.0,0.0,0.0,0.0,4.849769807259363,0.0,14,binary_monotone_bracket_with_adjacent_verification,MINIMAL_INTEGER_COUNT_BINARY_BRACKET,False,0.012581667729993917,6059.069116725122,300.03774500318997,6.000754900063799,0.04951255617333964,6546.433796382231,8065.777490475195,0.012581667729993917,69.20202033179368,0.0020691815928122136,0.001694966072246297,1.6187917166654818e-05,60.318284411485436,4.415285892415141,55.9029985190703,58,60,1.2742787844345949,0.46289256226560627,0.06064799423786906,0.06115980073137605,1.5,"two-level balanced square-array Darcy-Weisbach friction screen with one trunk and one lateral supply-return pair; uniform module flow is prescribed and fittings, valves, heat exchangers and site-specific manifolds are excluded",15.2266871353368,0.00030453374270673596,"frictional energy for the modeled packed bed plus the registered balanced on-array trunk-and-lateral header screen; fittings, valves, heat exchangers, external piping and pump efficiency excluded",True,"parallel modular packed zones; discrete unit count, bed friction and a geometry-normalized on-array header-friction screen are included. Tank shells, fittings, valves, heat exchangers, site-specific trunk routing, flow maldistribution and balance of plant are excluded. Hydraulic values are screening metrics, not installed-pump specifications.",G0202_T1_homogeneous_none__AIP_FLINAK_2017_V10,cold_endpoint,Deterministic endpoint test of run-wise frozen transport properties; capacity retains the registered temperature integral.,3436,6057.306222015571,0.0017116567096161044,0.029103608847491635,0.02910360884751384,20.887651197084733
S50MW_6H,50.0,6.0,300.0,G0202_T1_homogeneous_none__AIP_FLINAK_2017_V10,G0202,T1_homogeneous_none,AIP_FLINAK_2017_V10,FLiNaK (LiF-NaF-KF),homogeneous,none,Tier_3_hypothetical_common_skeleton,False,3436,2032,3491,3435,3435,40625,0.05,True,0.15480643003987812,14.551804423748544,0.5911814966080028,0.934771375132269,0.9499066394077885,0.0873368624657833,0.9,"time integral of positive outlet enthalpy flow following the simulated charge end state, with linear within-step interpolation at the registered outlet-grade threshold",True,0.9999999999999852,True,525.0,run-wise frozen at the registered transport-property temperature,5.687010532300753,5.687010532300753,1.0,0.0,0.0,0.0,4.849769807259363,0.0,13,binary_monotone_bracket_with_adjacent_verification,MINIMAL_INTEGER_COUNT_BINARY_BRACKET,False,0.02981981081049412,6057.306222015571,300.08945943243145,6.001789188648629,0.04952696611401873,6544.529102231407,8063.430741132608,0.02981981081049412,69.15279076521475,0.0017116567096161044,0.0016954593685421621,1.619734107399023e-05,60.308813619918304,4.416117933933106,55.8926956859852,58,60,1.2742787844345949,0.46289256226560627,0.06065681897334508,0.061168699938513926,1.5,"two-level balanced square-array Darcy-Weisbach friction screen with one trunk and one lateral supply-return pair; uniform module flow is prescribed and fittings, valves, heat exchangers and site-specific manifolds are excluded",15.224206170111266,0.0003044841234022252,"frictional energy for the modeled packed bed plus the registered balanced on-array trunk-and-lateral header screen; fittings, valves, heat exchangers, external piping and pump efficiency excluded",True,"parallel modular packed zones; discrete unit count, bed friction and a geometry-normalized on-array header-friction screen are included. Tank shells, fittings, valves, heat exchangers, site-specific trunk routing, flow maldistribution and balance of plant are excluded. Hydraulic values are screening metrics, not installed-pump specifications.",G0202_T1_homogeneous_none__AIP_FLINAK_2017_V10,mean,Deterministic endpoint test of run-wise frozen transport properties; capacity retains the registered temperature integral.,3436,6057.306222015571,0.0017116567096161044,0.0,0.0,0.0
S50MW_6H,50.0,6.0,300.0,G0202_T1_homogeneous_none__AIP_FLINAK_2017_V10,G0202,T1_homogeneous_none,AIP_FLINAK_2017_V10,FLiNaK (LiF-NaF-KF),homogeneous,none,Tier_3_hypothetical_common_skeleton,False,3434,2032,3491,3434,3434,40625,0.05,True,0.15489659103582445,14.560279557367501,0.591525807322393,0.934771375132269,0.950327689040909,0.08737557485326808,0.9,"time integral of positive outlet enthalpy flow following the simulated charge end state, with linear within-step interpolation at the registered outlet-grade threshold",True,0.9999999999999852,True,550.0,run-wise frozen at the registered transport-property temperature,5.683700281700522,5.683700281700522,1.0,0.0,0.0,0.0,4.849769807259363,0.0,14,binary_monotone_bracket_with_adjacent_verification,MINIMAL_INTEGER_COUNT_BINARY_BRACKET,False,0.015908015374188622,6053.78043259647,300.0477240461226,6.000954480922452,0.049555811172908665,6540.719713929759,8058.737242447432,0.015908015374188622,69.05433163205687,0.0014409369604835168,0.001696446823037503,1.621621359330304e-05,60.290140540681456,4.41805368993866,55.872086850742804,58,60,1.2742787844345949,0.46289256226560627,0.06067448000704975,0.06118651001312005,1.5,"two-level balanced square-array Darcy-Weisbach friction screen with one trunk and one lateral supply-return pair; uniform module flow is prescribed and fittings, valves, heat exchangers and site-specific manifolds are excluded",15.219424180564916,0.0003043884836112983,"frictional energy for the modeled packed bed plus the registered balanced on-array trunk-and-lateral header screen; fittings, valves, heat exchangers, external piping and pump efficiency excluded",True,"parallel modular packed zones; discrete unit count, bed friction and a geometry-normalized on-array header-friction screen are included. Tank shells, fittings, valves, heat exchangers, site-specific trunk routing, flow maldistribution and balance of plant are excluded. Hydraulic values are screening metrics, not installed-pump specifications.",G0202_T1_homogeneous_none__AIP_FLINAK_2017_V10,hot_endpoint,Deterministic endpoint test of run-wise frozen transport properties; capacity retains the registered temperature integral.,3436,6057.306222015571,0.0017116567096161044,-0.05820721769499437,-0.05820721769499437,-15.816240932640369
S50MW_6H,50.0,6.0,300.0,G0121_T1_homogeneous_none__SOLAR_SALT_60_40_V10,G0121,T1_homogeneous_none,SOLAR_SALT_60_40_V10,Solar Salt (NaNO3-KNO3 60:40 wt%),homogeneous,none,Tier_2_unit_pair_partial,False,3597,3484,3599,3597,3597,69673,0.05,True,0.1818243638465526,13.900472616068946,0.9684942847937178,0.9654850366335678,0.9660449824810112,0.08340660076490959,0.9,"time integral of positive outlet enthalpy flow following the simulated charge end state, with linear within-step interpolation at the registered outlet-grade threshold",True,0.9999999999909897,True,500.0,run-wise frozen at the registered transport-property temperature,5.590491620855887,5.590491620855887,1.0,0.0,0.0,0.0,4.599494081014933,0.0,10,binary_monotone_bracket_with_adjacent_verification,MINIMAL_INTEGER_COUNT_BINARY_BRACKET,False,0.004514317126602663,7143.210025219592,300.0135429513798,6.000270859027596,0.0419979251542135,6049.46105739969,10103.981860640744,0.004514317126602663,3.253061551415626,0.0015837704566716738,0.0014851036510967692,4.2968160655420065e-05,34.554645255129124,2.610342551293225,31.944302703835895,59,61,1.3702208113233216,0.5622520733853595,0.07261669381498613,0.07321933231255552,1.5,"two-level balanced square-array Darcy-Weisbach friction screen with one trunk and one lateral supply-return pair; uniform module flow is prescribed and fittings, valves, heat exchangers and site-specific manifolds are excluded",12.869735323254913,0.0002573947064650982,"frictional energy for the modeled packed bed plus the registered balanced on-array trunk-and-lateral header screen; fittings, valves, heat exchangers, external piping and pump efficiency excluded",True,"parallel modular packed zones; discrete unit count, bed friction and a geometry-normalized on-array header-friction screen are included. Tank shells, fittings, valves, heat exchangers, site-specific trunk routing, flow maldistribution and balance of plant are excluded. Hydraulic values are screening metrics, not installed-pump specifications.",G0121_T1_homogeneous_none__SOLAR_SALT_60_40_V10,cold_endpoint,Deterministic endpoint test of run-wise frozen transport properties; capacity retains the registered temperature integral.,3597,7143.210025219592,0.0015236663113737995,0.0,0.0,3.9447052710433583
S50MW_6H,50.0,6.0,300.0,G0121_T1_homogeneous_none__SOLAR_SALT_60_40_V10,G0121,T1_homogeneous_none,SOLAR_SALT_60_40_V10,Solar Salt (NaNO3-KNO3 60:40 wt%),homogeneous,none,Tier_2_unit_pair_partial,False,3597,3484,3599,3597,3597,69673,0.05,True,0.18131445400207327,13.900472616068946,0.9684942847937178,0.9654850366335678,0.9661211049241955,0.08341317304088333,0.9,"time integral of positive outlet enthalpy flow following the simulated charge end state, with linear within-step interpolation at the registered outlet-grade threshold",True,0.9999999999909958,True,525.0,run-wise frozen at the registered transport-property temperature,5.590491620855887,5.590491620855887,1.0,0.0,0.0,0.0,4.599494081014933,0.0,10,binary_monotone_bracket_with_adjacent_verification,MINIMAL_INTEGER_COUNT_BINARY_BRACKET,False,0.012394476019128575,7143.210025219592,300.0371834280574,6.000743668561148,0.0419979251542135,6049.46105739969,10103.981860640744,0.012394476019128575,3.253061551415626,0.0015236663113737995,0.001480938813361272,4.272749801249527e-05,34.61458192730512,2.614709709662164,31.999872217642956,59,61,1.3702208113233216,0.5614631275365252,0.07251479887879415,0.07311659176073398,1.5,"two-level balanced square-array Darcy-Weisbach friction screen with one trunk and one lateral supply-return pair; uniform module flow is prescribed and fittings, valves, heat exchangers and site-specific manifolds are excluded",12.8558805458281,0.000257117610916562,"frictional energy for the modeled packed bed plus the registered balanced on-array trunk-and-lateral header screen; fittings, valves, heat exchangers, external piping and pump efficiency excluded",True,"parallel modular packed zones; discrete unit count, bed friction and a geometry-normalized on-array header-friction screen are included. Tank shells, fittings, valves, heat exchangers, site-specific trunk routing, flow maldistribution and balance of plant are excluded. Hydraulic values are screening metrics, not installed-pump specifications.",G0121_T1_homogeneous_none__SOLAR_SALT_60_40_V10,mean,Deterministic endpoint test of run-wise frozen transport properties; capacity retains the registered temperature integral.,3597,7143.210025219592,0.0015236663113737995,0.0,0.0,0.0
S50MW_6H,50.0,6.0,300.0,G0121_T1_homogeneous_none__SOLAR_SALT_60_40_V10,G0121,T1_homogeneous_none,SOLAR_SALT_60_40_V10,Solar Salt (NaNO3-KNO3 60:40 wt%),homogeneous,none,Tier_2_unit_pair_partial,False,3597,3484,3599,3597,3597,69673,0.05,True,0.1808073961507407,13.900472616068946,0.9684942847937178,0.9654850366335678,0.9661947723227402,0.08341953335268168,0.9,"time integral of positive outlet enthalpy flow following the simulated charge end state, with linear within-step interpolation at the registered outlet-grade threshold",True,0.9999999999909726,True,550.0,run-wise frozen at the registered transport-property temperature,5.590491620855889,5.590491620855889,1.0,0.0,0.0,0.0,4.599494081014933,0.0,10,binary_monotone_bracket_with_adjacent_verification,MINIMAL_INTEGER_COUNT_BINARY_BRACKET,False,0.02002048986535776,7143.210025219592,300.06006146959606,6.0012012293919215,0.0419979251542135,6049.46105739969,10103.981860640744,0.02002048986535776,3.253061551415626,0.0014568647856601127,0.0014767972701137894,4.2488851631940164e-05,34.67445620032012,2.6190720093899977,32.05538419093013,59,61,1.3702208113233216,0.5606774935146283,0.07241333167588065,0.07301428249190556,1.5,"two-level balanced square-array Darcy-Weisbach friction screen with one trunk and one lateral supply-return pair; uniform module flow is prescribed and fittings, valves, heat exchangers and site-specific manifolds are excluded",12.842077670390672,0.00025684155340781345,"frictional energy for the modeled packed bed plus the registered balanced on-array trunk-and-lateral header screen; fittings, valves, heat exchangers, external piping and pump efficiency excluded",True,"parallel modular packed zones; discrete unit count, bed friction and a geometry-normalized on-array header-friction screen are included. Tank shells, fittings, valves, heat exchangers, site-specific trunk routing, flow maldistribution and balance of plant are excluded. Hydraulic values are screening metrics, not installed-pump specifications.",G0121_T1_homogeneous_none__SOLAR_SALT_60_40_V10,hot_endpoint,Deterministic endpoint test of run-wise frozen transport properties; capacity retains the registered temperature integral.,3597,7143.210025219592,0.0015236663113737995,0.0,0.0,-4.384262171778008
S50MW_6H,50.0,6.0,300.0,G0192_T1_homogeneous_none__AIP_FLINAK_2017_V10,G0192,T1_homogeneous_none,AIP_FLINAK_2017_V10,FLiNaK (LiF-NaF-KF),homogeneous,none,Tier_3_hypothetical_common_skeleton,False,6288,3737,6354,6288,6288,74726,0.05,True,0.0845920632342591,7.951653944020356,0.594199125096835,0.9622011186876399,0.9722537639067983,0.04771009702043638,0.9,"time integral of positive outlet enthalpy flow following the simulated charge end state, with linear within-step interpolation at the registered outlet-grade threshold",True,0.9999999999887244,True,500.0,run-wise frozen at the registered transport-property temperature,5.554185993914461,5.554185993914461,1.0,0.0,0.0,0.0,5.668083775780266,0.0,15,binary_monotone_bracket_with_adjacent_verification,MINIMAL_INTEGER_COUNT_BINARY_BRACKET,False,0.0003633548346426707,5951.129780124293,300.00109006450396,6.000021801290079,0.050410596153010516,5779.82090656652,8764.818156466523,0.0003633548346426707,68.29375166734428,0.003577188129845211,0.002946309083247182,8.378403158378132e-06,93.64830061904536,5.8022223300164955,87.84607828902887,79,80,1.2359494274863283,0.46289256226560627,0.05188448158522725,0.05221183171956029,1.5,"two-level balanced square-array Darcy-Weisbach friction screen with one trunk and one lateral supply-return pair; uniform module flow is prescribed and fittings, valves, heat exchangers and site-specific manifolds are excluded",23.640574997728173,0.00047281149995456354,"frictional energy for the modeled packed bed plus the registered balanced on-array trunk-and-lateral header screen; fittings, valves, heat exchangers, external piping and pump efficiency excluded",True,"parallel modular packed zones; discrete unit count, bed friction and a geometry-normalized on-array header-friction screen are included. Tank shells, fittings, valves, heat exchangers, site-specific trunk routing, flow maldistribution and balance of plant are excluded. Hydraulic values are screening metrics, not installed-pump specifications.",G0192_T1_homogeneous_none__AIP_FLINAK_2017_V10,cold_endpoint,Deterministic endpoint test of run-wise frozen transport properties; capacity retains the registered temperature integral.,6286,5949.236927140792,0.002955630238093631,0.03181673560292975,0.03181673560292975,21.029622844584317
S50MW_6H,50.0,6.0,300.0,G0192_T1_homogeneous_none__AIP_FLINAK_2017_V10,G0192,T1_homogeneous_none,AIP_FLINAK_2017_V10,FLiNaK (LiF-NaF-KF),homogeneous,none,Tier_3_hypothetical_common_skeleton,False,6286,3737,6354,6286,6286,74726,0.05,True,0.0846189776673594,7.954183900731785,0.594388179861422,0.9622011186876399,0.9725777752928119,0.047725996793969085,0.9,"time integral of positive outlet enthalpy flow following the simulated charge end state, with linear within-step interpolation at the registered outlet-grade threshold",True,0.9999999999890898,True,525.0,run-wise frozen at the registered transport-property temperature,5.552419395314745,5.552419395314745,1.0,0.0,0.0,0.0,5.668083775780266,0.0,15,binary_monotone_bracket_with_adjacent_verification,MINIMAL_INTEGER_COUNT_BINARY_BRACKET,False,0.0018719489632168518,5949.236927140792,300.00561584688967,6.000112316937793,0.05042663515910438,5777.982541138222,8762.030364432021,0.0018719489632168518,68.2402231203763,0.002955630238093631,0.0029472465026183286,8.383735475288428e-06,93.62973428875718,5.801441329888873,87.8282929588683,79,80,1.2359494274863283,0.46289256226560627,0.05189273490295785,0.05222013710921269,1.5,"two-level balanced square-array Darcy-Weisbach friction screen with one trunk and one lateral supply-return pair; uniform module flow is prescribed and fittings, valves, heat exchangers and site-specific manifolds are excluded",23.635731392664535,0.0004727146278532907,"frictional energy for the modeled packed bed plus the registered balanced on-array trunk-and-lateral header screen; fittings, valves, heat exchangers, external piping and pump efficiency excluded",True,"parallel modular packed zones; discrete unit count, bed friction and a geometry-normalized on-array header-friction screen are included. Tank shells, fittings, valves, heat exchangers, site-specific trunk routing, flow maldistribution and balance of plant are excluded. Hydraulic values are screening metrics, not installed-pump specifications.",G0192_T1_homogeneous_none__AIP_FLINAK_2017_V10,mean,Deterministic endpoint test of run-wise frozen transport properties; capacity retains the registered temperature integral.,6286,5949.236927140792,0.002955630238093631,0.0,0.0,0.0
S50MW_6H,50.0,6.0,300.0,G0192_T1_homogeneous_none__AIP_FLINAK_2017_V10,G0192,T1_homogeneous_none,AIP_FLINAK_2017_V10,FLiNaK (LiF-NaF-KF),homogeneous,none,Tier_3_hypothetical_common_skeleton,False,6284,3737,6354,6284,6284,74726,0.05,True,0.08464590923249861,7.9567154678548695,0.5945773549664065,0.9622011186876399,0.9728893454596271,0.04774128605633995,0.9,"time integral of positive outlet enthalpy flow following the simulated charge end state, with linear within-step interpolation at the registered outlet-grade threshold",True,0.9999999999899725,True,550.0,run-wise frozen at the registered transport-property temperature,5.550652796716124,5.550652796716124,1.0,0.0,0.0,0.0,5.668083775780266,0.0,15,binary_monotone_bracket_with_adjacent_verification,MINIMAL_INTEGER_COUNT_BINARY_BRACKET,False,0.0020805260134260095,5947.344074157292,300.00624157804026,6.000124831560806,0.050442684374622876,5776.144175709925,8759.242572397523,0.0020805260134260095,68.18669457340832,0.0024841975867051502,0.0029481845186918832,8.389072884337548e-06,93.61128267706125,5.800777020416019,87.81050565664523,79,80,1.2359494274863283,0.46289256226560627,0.05190099216053306,0.05222844646356701,1.5,"two-level balanced square-array Darcy-Weisbach friction screen with one trunk and one lateral supply-return pair; uniform module flow is prescribed and fittings, valves, heat exchangers and site-specific manifolds are excluded",23.630954642218608,0.0004726190928443721,"frictional energy for the modeled packed bed plus the registered balanced on-array trunk-and-lateral header screen; fittings, valves, heat exchangers, external piping and pump efficiency excluded",True,"parallel modular packed zones; discrete unit count, bed friction and a geometry-normalized on-array header-friction screen are included. Tank shells, fittings, valves, heat exchangers, site-specific trunk routing, flow maldistribution and balance of plant are excluded. Hydraulic values are screening metrics, not installed-pump specifications.",G0192_T1_homogeneous_none__AIP_FLINAK_2017_V10,hot_endpoint,Deterministic endpoint test of run-wise frozen transport properties; capacity retains the registered temperature integral.,6286,5949.236927140792,0.002955630238093631,-0.03181673560292975,-0.03181673560292975,-15.950325765125239
S50MW_6H,50.0,6.0,300.0,G0015_T1_homogeneous_none__AIP_FLINAK_2017_V10,G0015,T1_homogeneous_none,AIP_FLINAK_2017_V10,FLiNaK (LiF-NaF-KF),homogeneous,none,Tier_3_hypothetical_common_skeleton,False,3707,2055,3757,3707,3707,41080,0.05,True,0.1434893157855466,13.487995683841381,0.5540902002298981,0.9536532135442285,0.966407496547142,0.08093237476850725,0.9,"time integral of positive outlet enthalpy flow following the simulated charge end state, with linear within-step interpolation at the registered outlet-grade threshold",True,0.9999999999914003,True,500.0,run-wise frozen at the registered transport-property temperature,5.588426812158721,5.588426812158721,1.0,0.0,0.0,0.0,4.802953673840943,0.0,14,binary_monotone_bracket_with_adjacent_verification,MINIMAL_INTEGER_COUNT_BINARY_BRACKET,False,0.005437755618808993,5938.39792005518,300.0163132668564,6.000326265337128,0.05051867591877581,6678.200066661281,7565.265834442169,0.005437755618808993,80.47603072299225,0.0019922683786554305,0.0016375224307826433,8.799579911202707e-06,70.07881522256433,5.017066431506008,65.06174879105832,60,62,1.3981046093890797,0.46289256226560627,0.05937912957825541,0.059863865209517114,1.5,"two-level balanced square-array Darcy-Weisbach friction screen with one trunk and one lateral supply-return pair; uniform module flow is prescribed and fittings, valves, heat exchangers and site-specific manifolds are excluded",17.69052179393732,0.00035381043587874643,"frictional energy for the modeled packed bed plus the registered balanced on-array trunk-and-lateral header screen; fittings, valves, heat exchangers, external piping and pump efficiency excluded",True,"parallel modular packed zones; discrete unit count, bed friction and a geometry-normalized on-array header-friction screen are included. Tank shells, fittings, valves, heat exchangers, site-specific trunk routing, flow maldistribution and balance of plant are excluded. Hydraulic values are screening metrics, not installed-pump specifications.",G0015_T1_homogeneous_none__AIP_FLINAK_2017_V10,cold_endpoint,Deterministic endpoint test of run-wise frozen transport properties; capacity retains the registered temperature integral.,3706,5936.795978344888,0.0016467686172683847,0.02698327037236048,0.02698327037236048,20.980467915410706
S50MW_6H,50.0,6.0,300.0,G0015_T1_homogeneous_none__AIP_FLINAK_2017_V10,G0015,T1_homogeneous_none,AIP_FLINAK_2017_V10,FLiNaK (LiF-NaF-KF),homogeneous,none,Tier_3_hypothetical_common_skeleton,False,3706,2055,3757,3706,3706,41080,0.05,True,0.14352803389558047,13.491635186184565,0.5542397118867329,0.9536532135442285,0.9667678749533369,0.08096255487403506,0.9,"time integral of positive outlet enthalpy flow following the simulated charge end state, with linear within-step interpolation at the registered outlet-grade threshold",True,0.9999999999909089,True,525.0,run-wise frozen at the registered transport-property temperature,5.5869192786245305,5.5869192786245305,1.0,0.0,0.0,0.0,4.802953673840943,0.0,14,binary_monotone_bracket_with_adjacent_verification,MINIMAL_INTEGER_COUNT_BINARY_BRACKET,False,0.015742787724648544,5936.795978344888,300.04722836317393,6.0009445672634785,0.05053230750968751,6676.398555987783,7563.2250289837275,0.015742787724648544,80.42734552452366,0.0016467686172683847,0.0016379642878876874,8.804329380775209e-06,70.06661231094648,5.015989243812509,65.05062306713397,60,62,1.3981046093890797,0.46289256226560627,0.05938714025344574,0.05987194127905936,1.5,"two-level balanced square-array Darcy-Weisbach friction screen with one trunk and one lateral supply-return pair; uniform module flow is prescribed and fittings, valves, heat exchangers and site-specific manifolds are excluded",17.687354194234473,0.00035374708388468946,"frictional energy for the modeled packed bed plus the registered balanced on-array trunk-and-lateral header screen; fittings, valves, heat exchangers, external piping and pump efficiency excluded",True,"parallel modular packed zones; discrete unit count, bed friction and a geometry-normalized on-array header-friction screen are included. Tank shells, fittings, valves, heat exchangers, site-specific trunk routing, flow maldistribution and balance of plant are excluded. Hydraulic values are screening metrics, not installed-pump specifications.",G0015_T1_homogeneous_none__AIP_FLINAK_2017_V10,mean,Deterministic endpoint test of run-wise frozen transport properties; capacity retains the registered temperature integral.,3706,5936.795978344888,0.0016467686172683847,0.0,0.0,0.0
S50MW_6H,50.0,6.0,300.0,G0015_T1_homogeneous_none__AIP_FLINAK_2017_V10,G0015,T1_homogeneous_none,AIP_FLINAK_2017_V10,FLiNaK (LiF-NaF-KF),homogeneous,none,Tier_3_hypothetical_common_skeleton,False,3705,2055,3757,3705,3705,41080,0.05,True,0.1435667729060786,13.49527665317139,0.5543893042516146,0.9536532135442285,0.9671150645389133,0.08099163047387878,0.9,"time integral of positive outlet enthalpy flow following the simulated charge end state, with linear within-step interpolation at the registered outlet-grade threshold",True,0.999999999991035,True,550.0,run-wise frozen at the registered transport-property temperature,5.5854117450906955,5.5854117450906955,1.0,0.0,0.0,0.0,4.802953673840943,0.0,14,binary_monotone_bracket_with_adjacent_verification,MINIMAL_INTEGER_COUNT_BINARY_BRACKET,False,0.024663635240296244,5935.194036634595,300.0739909057209,6.001479818114418,0.050545946459082836,6674.597045314283,7561.184223525286,0.024663635240296244,80.3786603260551,0.0013847324371909242,0.0016384063835118015,8.809082696591567e-06,70.05444184475044,5.014945557220233,65.03949628753021,60,62,1.3981046093890797,0.46289256226560627,0.059395154171605624,0.0598800206180448,1.5,"two-level balanced square-array Darcy-Weisbach friction screen with one trunk and one lateral supply-return pair; uniform module flow is prescribed and fittings, valves, heat exchangers and site-specific manifolds are excluded",17.684215853480246,0.000353684317069605,"frictional energy for the modeled packed bed plus the registered balanced on-array trunk-and-lateral header screen; fittings, valves, heat exchangers, external piping and pump efficiency excluded",True,"parallel modular packed zones; discrete unit count, bed friction and a geometry-normalized on-array header-friction screen are included. Tank shells, fittings, valves, heat exchangers, site-specific trunk routing, flow maldistribution and balance of plant are excluded. Hydraulic values are screening metrics, not installed-pump specifications.",G0015_T1_homogeneous_none__AIP_FLINAK_2017_V10,hot_endpoint,Deterministic endpoint test of run-wise frozen transport properties; capacity retains the registered temperature integral.,3706,5936.795978344888,0.0016467686172683847,-0.02698327037237158,-0.02698327037236048,-15.912143171158988
S50MW_6H,50.0,6.0,300.0,G0175_T1_homogeneous_none__SOLAR_SALT_60_40_V10,G0175,T1_homogeneous_none,SOLAR_SALT_60_40_V10,Solar Salt (NaNO3-KNO3 60:40 wt%),homogeneous,none,Tier_2_unit_pair_partial,False,8575,2230,8891,8575,8575,44581,0.05,True,0.07627081478204661,5.830903790087463,0.2599515673022085,0.9313552451910511,0.9656366792618033,0.034987427423704344,0.9,"time integral of positive outlet enthalpy flow following the simulated charge end state, with linear within-step interpolation at the registered outlet-grade threshold",True,0.9999999999900555,True,500.0,run-wise frozen at the registered transport-property temperature,5.592645587079442,5.592645587079442,1.0,0.0,0.0,0.0,6.221522612621201,0.0,17,binary_monotone_bracket_with_adjacent_verification,MINIMAL_INTEGER_COUNT_BINARY_BRACKET,False,0.00573005275492644,7052.973329009987,300.0171901582648,6.000343803165296,0.042535252297928434,5366.040217984774,10920.666716920994,0.00573005275492644,284.6870439667106,0.0016493947760544301,0.0015589777951352964,3.1828561362196535e-05,49.66230974751942,2.938496043035399,46.72381370448402,92,94,1.000286700835402,0.5622520733853595,0.05855385265854068,0.05886781658561527,1.5,"two-level balanced square-array Darcy-Weisbach friction screen with one trunk and one lateral supply-return pair; uniform module flow is prescribed and fittings, valves, heat exchangers and site-specific manifolds are excluded",18.496289302662237,0.00036992578605324474,"frictional energy for the modeled packed bed plus the registered balanced on-array trunk-and-lateral header screen; fittings, valves, heat exchangers, external piping and pump efficiency excluded",True,"parallel modular packed zones; discrete unit count, bed friction and a geometry-normalized on-array header-friction screen are included. Tank shells, fittings, valves, heat exchangers, site-specific trunk routing, flow maldistribution and balance of plant are excluded. Hydraulic values are screening metrics, not installed-pump specifications.",G0175_T1_homogeneous_none__SOLAR_SALT_60_40_V10,cold_endpoint,Deterministic endpoint test of run-wise frozen transport properties; capacity retains the registered temperature integral.,8574,7052.150824831676,0.0015864447747543087,0.011663167716347012,0.011663167716369216,3.967991971852314
S50MW_6H,50.0,6.0,300.0,G0175_T1_homogeneous_none__SOLAR_SALT_60_40_V10,G0175,T1_homogeneous_none,SOLAR_SALT_60_40_V10,Solar Salt (NaNO3-KNO3 60:40 wt%),homogeneous,none,Tier_2_unit_pair_partial,False,8574,2230,8891,8574,8574,44581,0.05,True,0.07606579088470464,5.831583858175881,0.25998188588948423,0.9313552451910511,0.9657089205166984,0.03499004490470618,0.9,"time integral of positive outlet enthalpy flow following the simulated charge end state, with linear within-step interpolation at the registered outlet-grade threshold",True,0.9999999999900183,True,525.0,run-wise frozen at the registered transport-property temperature,5.591993383513301,5.591993383513301,1.0,0.0,0.0,0.0,6.221522612621201,0.0,17,binary_monotone_bracket_with_adjacent_verification,MINIMAL_INTEGER_COUNT_BINARY_BRACKET,False,0.0015483376502700708,7052.150824831676,300.0046450129508,6.000092900259016,0.04254021325574252,5365.4144406998785,10919.393169781993,0.0015483376502700708,284.6421825038573,0.0015864447747543087,0.0015547871003808189,3.1657674373549914e-05,49.74583661562218,2.9437118059896696,46.80212480963252,92,94,1.000286700835402,0.5614631275365252,0.05847510027072287,0.05878864192995645,1.5,"two-level balanced square-array Darcy-Weisbach friction screen with one trunk and one lateral supply-return pair; uniform module flow is prescribed and fittings, valves, heat exchangers and site-specific manifolds are excluded",18.47541534092082,0.0003695083068184164,"frictional energy for the modeled packed bed plus the registered balanced on-array trunk-and-lateral header screen; fittings, valves, heat exchangers, external piping and pump efficiency excluded",True,"parallel modular packed zones; discrete unit count, bed friction and a geometry-normalized on-array header-friction screen are included. Tank shells, fittings, valves, heat exchangers, site-specific trunk routing, flow maldistribution and balance of plant are excluded. Hydraulic values are screening metrics, not installed-pump specifications.",G0175_T1_homogeneous_none__SOLAR_SALT_60_40_V10,mean,Deterministic endpoint test of run-wise frozen transport properties; capacity retains the registered temperature integral.,8574,7052.150824831676,0.0015864447747543087,0.0,0.0,0.0
S50MW_6H,50.0,6.0,300.0,G0175_T1_homogeneous_none__SOLAR_SALT_60_40_V10,G0175,T1_homogeneous_none,SOLAR_SALT_60_40_V10,Solar Salt (NaNO3-KNO3 60:40 wt%),homogeneous,none,Tier_2_unit_pair_partial,False,8574,2230,8891,8574,8574,44581,0.05,True,0.07585306787429605,5.831583858175881,0.25998188588948423,0.9313552451910511,0.96578083542072,0.03499265056120119,0.9,"time integral of positive outlet enthalpy flow following the simulated charge end state, with linear within-step interpolation at the registered outlet-grade threshold",True,0.9999999999900265,True,550.0,run-wise frozen at the registered transport-property temperature,5.591993383513301,5.591993383513301,1.0,0.0,0.0,0.0,6.221522612621201,0.0,16,binary_monotone_bracket_with_adjacent_verification,MINIMAL_INTEGER_COUNT_BINARY_BRACKET,False,0.008995303912984198,7052.150824831676,300.02698591173896,6.000539718234779,0.04254021325574252,5365.4144406998785,10919.393169781993,0.008995303912984198,284.6421825038573,0.0015162659248099193,0.00155043903551891,3.148085640485518e-05,49.83236526840311,2.948623095736043,46.88374217266706,92,94,1.000286700835402,0.5606774935146283,0.05839327828464146,0.058706381216944103,1.5,"two-level balanced square-array Darcy-Weisbach friction screen with one trunk and one lateral supply-return pair; uniform module flow is prescribed and fittings, valves, heat exchangers and site-specific manifolds are excluded",18.455767151085812,0.0003691153430217162,"frictional energy for the modeled packed bed plus the registered balanced on-array trunk-and-lateral header screen; fittings, valves, heat exchangers, external piping and pump efficiency excluded",True,"parallel modular packed zones; discrete unit count, bed friction and a geometry-normalized on-array header-friction screen are included. Tank shells, fittings, valves, heat exchangers, site-specific trunk routing, flow maldistribution and balance of plant are excluded. Hydraulic values are screening metrics, not installed-pump specifications.",G0175_T1_homogeneous_none__SOLAR_SALT_60_40_V10,hot_endpoint,Deterministic endpoint test of run-wise frozen transport properties; capacity retains the registered temperature integral.,8574,7052.150824831676,0.0015864447747543087,0.0,0.0,-4.42365539987094
S50MW_6H,50.0,6.0,300.0,G0029_T1_homogeneous_none__AIP_FLINAK_2017_V10,G0029,T1_homogeneous_none,AIP_FLINAK_2017_V10,FLiNaK (LiF-NaF-KF),homogeneous,none,Tier_3_hypothetical_common_skeleton,False,3406,3190,3409,3406,3406,63793,0.05,True,0.1561699628940168,14.67997651203758,0.9364932423883823,0.9696388127270474,0.970540480043981,0.08808641012056359,0.9,"time integral of positive outlet enthalpy flow following the simulated charge end state, with linear within-step interpolation at the registered outlet-grade threshold",True,0.9999999999922791,True,500.0,run-wise frozen at the registered transport-property temperature,5.56486956218004,5.56486956218004,1.0,0.0,0.0,0.0,4.839838432496768,0.0,11,binary_monotone_bracket_with_adjacent_verification,MINIMAL_INTEGER_COUNT_BINARY_BRACKET,False,0.007437623546535654,5894.8120447078,300.0223128706396,6.000446257412793,0.05089220788122189,6974.039113709488,7062.6272138881795,0.007437623546535654,6.78133645146799,0.0028193640296696808,0.0023146850007937482,1.569896501492994e-05,60.50410411492923,4.480610781582326,56.0234933333469,58,59,1.291830173274739,0.46289256226560627,0.060404859371706476,0.060923365528883125,1.5,"two-level balanced square-array Darcy-Weisbach friction screen with one trunk and one lateral supply-return pair; uniform module flow is prescribed and fittings, valves, heat exchangers and site-specific manifolds are excluded",15.273783034348671,0.0003054756606869734,"frictional energy for the modeled packed bed plus the registered balanced on-array trunk-and-lateral header screen; fittings, valves, heat exchangers, external piping and pump efficiency excluded",True,"parallel modular packed zones; discrete unit count, bed friction and a geometry-normalized on-array header-friction screen are included. Tank shells, fittings, valves, heat exchangers, site-specific trunk routing, flow maldistribution and balance of plant are excluded. Hydraulic values are screening metrics, not installed-pump specifications.",G0029_T1_homogeneous_none__AIP_FLINAK_2017_V10,cold_endpoint,Deterministic endpoint test of run-wise frozen transport properties; capacity retains the registered temperature integral.,3405,5893.081330660616,0.0023310729783025,0.02936857562407802,0.02936857562407802,20.9470512468793
S50MW_6H,50.0,6.0,300.0,G0029_T1_homogeneous_none__AIP_FLINAK_2017_V10,G0029,T1_homogeneous_none,AIP_FLINAK_2017_V10,FLiNaK (LiF-NaF-KF),homogeneous,none,Tier_3_hypothetical_common_skeleton,False,3405,3190,3409,3405,3405,63793,0.05,True,0.15621582778767143,14.684287812041116,0.9367682771144874,0.9696388127270474,0.9708797680909593,0.08811720395829593,0.9,"time integral of positive outlet enthalpy flow following the simulated charge end state, with linear within-step interpolation at the registered outlet-grade threshold",True,0.999999999991456,True,525.0,run-wise frozen at the registered transport-property temperature,5.563235719091462,5.563235719091462,1.0,0.0,0.0,0.0,4.839838432496768,0.0,11,binary_monotone_bracket_with_adjacent_verification,MINIMAL_INTEGER_COUNT_BINARY_BRACKET,False,0.01302649266587963,5893.081330660616,300.03907947799763,6.000781589559953,0.05090715419778025,6971.991539101823,7060.553629855917,0.01302649266587963,6.749985501247346,0.0023310729783025,0.0023153647908087174,1.570818749381095e-05,60.492762398215014,4.479689326621942,56.01307307159307,58,59,1.291830173274739,0.46289256226560627,0.0604137287439548,0.060932311034478485,1.5,"two-level balanced square-array Darcy-Weisbach friction screen with one trunk and one lateral supply-return pair; uniform module flow is prescribed and fittings, valves, heat exchangers and site-specific manifolds are excluded",15.270796781511523,0.0003054159356302304,"frictional energy for the modeled packed bed plus the registered balanced on-array trunk-and-lateral header screen; fittings, valves, heat exchangers, external piping and pump efficiency excluded",True,"parallel modular packed zones; discrete unit count, bed friction and a geometry-normalized on-array header-friction screen are included. Tank shells, fittings, valves, heat exchangers, site-specific trunk routing, flow maldistribution and balance of plant are excluded. Hydraulic values are screening metrics, not installed-pump specifications.",G0029_T1_homogeneous_none__AIP_FLINAK_2017_V10,mean,Deterministic endpoint test of run-wise frozen transport properties; capacity retains the registered temperature integral.,3405,5893.081330660616,0.0023310729783025,0.0,0.0,0.0
S50MW_6H,50.0,6.0,300.0,G0029_T1_homogeneous_none__AIP_FLINAK_2017_V10,G0029,T1_homogeneous_none,AIP_FLINAK_2017_V10,FLiNaK (LiF-NaF-KF),homogeneous,none,Tier_3_hypothetical_common_skeleton,False,3404,3190,3409,3404,3404,63793,0.05,True,0.15626171962897215,14.688601645123384,0.9370434734356139,0.9696388127270474,0.9712071847838364,0.08814692035002003,0.9,"time integral of positive outlet enthalpy flow following the simulated charge end state, with linear within-step interpolation at the registered outlet-grade threshold",True,0.9999999999914788,True,550.0,run-wise frozen at the registered transport-property temperature,5.561601876001853,5.561601876001853,1.0,0.0,0.0,0.0,4.839838432496768,0.0,11,binary_monotone_bracket_with_adjacent_verification,MINIMAL_INTEGER_COUNT_BINARY_BRACKET,False,0.017372290489414688,5891.350616613432,300.05211687146823,6.001042337429364,0.050922109295958216,6969.943964494158,7058.480045823653,0.017372290489414688,6.718634551026725,0.0019607428872059386,0.002316044980230204,1.5717418101805173e-05,60.48146023199278,4.478808499849985,56.002651732142795,58,59,1.291830173274739,0.46289256226560627,0.06042260202427643,0.06094126048169345,1.5,"two-level balanced square-array Darcy-Weisbach friction screen with one trunk and one lateral supply-return pair; uniform module flow is prescribed and fittings, valves, heat exchangers and site-specific manifolds are excluded",15.267850289343215,0.0003053570057868643,"frictional energy for the modeled packed bed plus the registered balanced on-array trunk-and-lateral header screen; fittings, valves, heat exchangers, external piping and pump efficiency excluded",True,"parallel modular packed zones; discrete unit count, bed friction and a geometry-normalized on-array header-friction screen are included. Tank shells, fittings, valves, heat exchangers, site-specific trunk routing, flow maldistribution and balance of plant are excluded. Hydraulic values are screening metrics, not installed-pump specifications.",G0029_T1_homogeneous_none__AIP_FLINAK_2017_V10,hot_endpoint,Deterministic endpoint test of run-wise frozen transport properties; capacity retains the registered temperature integral.,3405,5893.081330660616,0.0023310729783025,-0.02936857562407802,-0.02936857562408912,-15.886679419459359
S50MW_6H,50.0,6.0,300.0,G0011_T1_homogeneous_none__SOLAR_SALT_60_40_V10,G0011,T1_homogeneous_none,SOLAR_SALT_60_40_V10,Solar Salt (NaNO3-KNO3 60:40 wt%),homogeneous,none,Tier_2_unit_pair_partial,False,3760,3498,3766,3760,3760,69945,0.05,True,0.17394208424363022,13.297872340425531,0.9301223203224338,0.9547685861811196,0.9563777213435273,0.07979790991696221,0.9,"time integral of positive outlet enthalpy flow following the simulated charge end state, with linear within-step interpolation at the registered outlet-grade threshold",True,0.9999999999895225,True,500.0,run-wise frozen at the registered transport-property temperature,5.647270926276749,5.647270926276749,1.0,0.0,0.0,0.0,4.592357427740836,0.0,12,binary_monotone_bracket_with_adjacent_verification,MINIMAL_INTEGER_COUNT_BINARY_BRACKET,False,0.013380429259335358,7133.566121971155,300.040141287778,6.00080282575556,0.04205470235651277,5504.883363038443,10924.84516112917,0.013380429259335358,7.5127408676035845,0.0013169639881437153,0.0012346612433482712,3.5999401719990645e-05,36.93306289551728,2.777043066737533,34.15601982877975,61,62,1.4171749082009675,0.5622520733853595,0.07161468082360323,0.07219930016314552,1.5,"two-level balanced square-array Darcy-Weisbach friction screen with one trunk and one lateral supply-return pair; uniform module flow is prescribed and fittings, valves, heat exchangers and site-specific manifolds are excluded",13.755427213092267,0.0002751085442618453,"frictional energy for the modeled packed bed plus the registered balanced on-array trunk-and-lateral header screen; fittings, valves, heat exchangers, external piping and pump efficiency excluded",True,"parallel modular packed zones; discrete unit count, bed friction and a geometry-normalized on-array header-friction screen are included. Tank shells, fittings, valves, heat exchangers, site-specific trunk routing, flow maldistribution and balance of plant are excluded. Hydraulic values are screening metrics, not installed-pump specifications.",G0011_T1_homogeneous_none__SOLAR_SALT_60_40_V10,cold_endpoint,Deterministic endpoint test of run-wise frozen transport properties; capacity retains the registered temperature integral.,3760,7133.566121971155,0.0012669965192703186,0.0,0.0,3.943773176438836
S50MW_6H,50.0,6.0,300.0,G0011_T1_homogeneous_none__SOLAR_SALT_60_40_V10,G0011,T1_homogeneous_none,SOLAR_SALT_60_40_V10,Solar Salt (NaNO3-KNO3 60:40 wt%),homogeneous,none,Tier_2_unit_pair_partial,False,3760,3498,3766,3760,3760,69945,0.05,True,0.17345427953336637,13.297872340425531,0.9301223203224338,0.9547685861811196,0.9564654631603572,0.07980523088799604,0.9,"time integral of positive outlet enthalpy flow following the simulated charge end state, with linear within-step interpolation at the registered outlet-grade threshold",True,0.999999999989532,True,525.0,run-wise frozen at the registered transport-property temperature,5.647270926276749,5.647270926276749,1.0,0.0,0.0,0.0,4.592357427740836,0.0,12,binary_monotone_bracket_with_adjacent_verification,MINIMAL_INTEGER_COUNT_BINARY_BRACKET,False,0.02255604628838004,7133.566121971155,300.06766813886514,6.001353362777303,0.04205470235651277,5504.883363038443,10924.84516112917,0.02255604628838004,7.5127408676035845,0.0012669965192703186,0.0012311987485028675,3.5797770767453086e-05,36.99714550774795,2.781689149939322,34.215456357808634,61,62,1.4171749082009675,0.5614631275365252,0.07151419190088358,0.07209799090907822,1.5,"two-level balanced square-array Darcy-Weisbach friction screen with one trunk and one lateral supply-return pair; uniform module flow is prescribed and fittings, valves, heat exchangers and site-specific manifolds are excluded",13.74063209547886,0.00027481264190957723,"frictional energy for the modeled packed bed plus the registered balanced on-array trunk-and-lateral header screen; fittings, valves, heat exchangers, external piping and pump efficiency excluded",True,"parallel modular packed zones; discrete unit count, bed friction and a geometry-normalized on-array header-friction screen are included. Tank shells, fittings, valves, heat exchangers, site-specific trunk routing, flow maldistribution and balance of plant are excluded. Hydraulic values are screening metrics, not installed-pump specifications.",G0011_T1_homogeneous_none__SOLAR_SALT_60_40_V10,mean,Deterministic endpoint test of run-wise frozen transport properties; capacity retains the registered temperature integral.,3760,7133.566121971155,0.0012669965192703186,0.0,0.0,0.0
S50MW_6H,50.0,6.0,300.0,G0011_T1_homogeneous_none__SOLAR_SALT_60_40_V10,G0011,T1_homogeneous_none,SOLAR_SALT_60_40_V10,Solar Salt (NaNO3-KNO3 60:40 wt%),homogeneous,none,Tier_2_unit_pair_partial,False,3759,3498,3766,3759,3759,69945,0.05,True,0.1730152178649147,13.301409949454643,0.9303697590881487,0.9547685861811196,0.9565446294044413,0.07981183633338954,0.9,"time integral of positive outlet enthalpy flow following the simulated charge end state, with linear within-step interpolation at the registered outlet-grade threshold",True,0.9999999999895344,True,550.0,run-wise frozen at the registered transport-property temperature,5.645768992520609,5.645768992520609,1.0,0.0,0.0,0.0,4.592357427740836,0.0,12,binary_monotone_bracket_with_adjacent_verification,MINIMAL_INTEGER_COUNT_BINARY_BRACKET,False,0.0042309257370920506,7131.668896938715,300.01269277721127,6.0002538555442255,0.0420658900932397,5503.41929831423,10921.939617203336,0.0042309257370920506,7.484147053543055,0.0012117929636635708,0.0012280822374650692,3.561677164329099e-05,37.05510706903502,2.785919697106646,34.26918737192837,61,62,1.4171749082009675,0.5606774935146283,0.07142362326312736,0.0720066829232361,1.5,"two-level balanced square-array Darcy-Weisbach friction screen with one trunk and one lateral supply-return pair; uniform module flow is prescribed and fittings, valves, heat exchangers and site-specific manifolds are excluded",13.723650884435575,0.0002744730176887115,"frictional energy for the modeled packed bed plus the registered balanced on-array trunk-and-lateral header screen; fittings, valves, heat exchangers, external piping and pump efficiency excluded",True,"parallel modular packed zones; discrete unit count, bed friction and a geometry-normalized on-array header-friction screen are included. Tank shells, fittings, valves, heat exchangers, site-specific trunk routing, flow maldistribution and balance of plant are excluded. Hydraulic values are screening metrics, not installed-pump specifications.",G0011_T1_homogeneous_none__SOLAR_SALT_60_40_V10,hot_endpoint,Deterministic endpoint test of run-wise frozen transport properties; capacity retains the registered temperature integral.,3760,7133.566121971155,0.0012669965192703186,-0.026595744680846245,-0.026595744680857347,-4.357040825853287
S50MW_6H,50.0,6.0,300.0,G0213_T1_homogeneous_none__AIP_FLINAK_2017_V10,G0213,T1_homogeneous_none,AIP_FLINAK_2017_V10,FLiNaK (LiF-NaF-KF),homogeneous,none,Tier_3_hypothetical_common_skeleton,False,9675,3204,9955,9675,9675,64075,0.05,True,0.05497828357798669,5.167958656330749,0.3311399615419385,0.9390647787240045,0.9662190241156804,0.031009676618018723,0.9,"time integral of positive outlet enthalpy flow following the simulated charge end state, with linear within-step interpolation at the registered outlet-grade threshold",True,0.9999999999999485,True,500.0,run-wise frozen at the registered transport-property temperature,5.589503730119111,5.589503730119111,1.0,0.0,0.0,0.0,6.503811599195677,0.0,17,binary_monotone_bracket_with_adjacent_verification,MINIMAL_INTEGER_COUNT_BINARY_BRACKET,False,0.006207093110388584,6015.858270581425,300.01862127933117,6.000372425586623,0.04986819610878322,5337.335816322994,9515.348310031723,0.006207093110388584,201.9871100254843,0.002915462761551005,0.0024020157324866702,5.938651667962848e-06,116.79612789358562,6.373823538483177,110.42230435510244,98,99,1.0965597628247157,0.46289256226560627,0.046587322772055906,0.04682440991529256,1.5,"two-level balanced square-array Darcy-Weisbach friction screen with one trunk and one lateral supply-return pair; uniform module flow is prescribed and fittings, valves, heat exchangers and site-specific manifolds are excluded",29.48362177866634,0.0005896724355733268,"frictional energy for the modeled packed bed plus the registered balanced on-array trunk-and-lateral header screen; fittings, valves, heat exchangers, external piping and pump efficiency excluded",True,"parallel modular packed zones; discrete unit count, bed friction and a geometry-normalized on-array header-friction screen are included. Tank shells, fittings, valves, heat exchangers, site-specific trunk routing, flow maldistribution and balance of plant are excluded. Hydraulic values are screening metrics, not installed-pump specifications.",G0213_T1_homogeneous_none__AIP_FLINAK_2017_V10,cold_endpoint,Deterministic endpoint test of run-wise frozen transport properties; capacity retains the registered temperature integral.,9671,6013.371094035448,0.002408952789900461,0.04136076931031685,0.04136076931031685,21.026147700946595
S50MW_6H,50.0,6.0,300.0,G0213_T1_homogeneous_none__AIP_FLINAK_2017_V10,G0213,T1_homogeneous_none,AIP_FLINAK_2017_V10,FLiNaK (LiF-NaF-KF),homogeneous,none,Tier_3_hypothetical_common_skeleton,False,9671,3204,9955,9671,9671,64075,0.05,True,0.05500102301902815,5.170096163788647,0.3312769235775261,0.9390647787240045,0.966565333010226,0.03102079099950136,0.9,"time integral of positive outlet enthalpy flow following the simulated charge end state, with linear within-step interpolation at the registered outlet-grade threshold",True,0.9999999999999485,True,525.0,run-wise frozen at the registered transport-property temperature,5.587192824183864,5.587192824183864,1.0,0.0,0.0,0.0,6.503811599195677,0.0,18,binary_monotone_bracket_with_adjacent_verification,MINIMAL_INTEGER_COUNT_BINARY_BRACKET,False,0.0006899187258602169,6013.371094035448,300.0020697561776,6.000041395123552,0.049888821978334996,5335.129165856298,9511.414315898377,0.0006899187258602169,201.86225747353578,0.002408952789900461,0.0024030092246725048,5.943565227929155e-06,116.76516187316955,6.3720197217518955,110.39314215141765,98,99,1.0965597628247157,0.46289256226560627,0.046596956213592305,0.046834092382293344,1.5,"two-level balanced square-array Darcy-Weisbach friction screen with one trunk and one lateral supply-return pair; uniform module flow is prescribed and fittings, valves, heat exchangers and site-specific manifolds are excluded",29.47567715724048,0.0005895135431448096,"frictional energy for the modeled packed bed plus the registered balanced on-array trunk-and-lateral header screen; fittings, valves, heat exchangers, external piping and pump efficiency excluded",True,"parallel modular packed zones; discrete unit count, bed friction and a geometry-normalized on-array header-friction screen are included. Tank shells, fittings, valves, heat exchangers, site-specific trunk routing, flow maldistribution and balance of plant are excluded. Hydraulic values are screening metrics, not installed-pump specifications.",G0213_T1_homogeneous_none__AIP_FLINAK_2017_V10,mean,Deterministic endpoint test of run-wise frozen transport properties; capacity retains the registered temperature integral.,9671,6013.371094035448,0.002408952789900461,0.0,0.0,0.0
S50MW_6H,50.0,6.0,300.0,G0213_T1_homogeneous_none__AIP_FLINAK_2017_V10,G0213,T1_homogeneous_none,AIP_FLINAK_2017_V10,FLiNaK (LiF-NaF-KF),homogeneous,none,Tier_3_hypothetical_common_skeleton,False,9668,3204,9955,9668,9668,64075,0.05,True,0.055018089947974885,5.17170045510964,0.331379719478512,0.9390647787240045,0.9668998322589315,0.031031526364126188,0.9,"time integral of positive outlet enthalpy flow following the simulated charge end state, with linear within-step interpolation at the registered outlet-grade threshold",True,0.9999999999999485,True,550.0,run-wise frozen at the registered transport-property temperature,5.585459644734392,5.585459644734392,1.0,0.0,0.0,0.0,6.503811599195677,0.0,17,binary_monotone_bracket_with_adjacent_verification,MINIMAL_INTEGER_COUNT_BINARY_BRACKET,False,0.004265629457345099,6011.505711625965,300.012796888372,6.00025593776744,0.04990430258093481,5333.474178006276,9508.463820298366,0.004265629457345099,201.76861805957435,0.0020245509814929897,0.0024037548833066285,5.947254400898828e-06,116.74207012375928,6.3708023620288525,110.37126776173041,98,99,1.0965597628247157,0.46289256226560627,0.04660418521783183,0.046841358175596114,1.5,"two-level balanced square-array Darcy-Weisbach friction screen with one trunk and one lateral supply-return pair; uniform module flow is prescribed and fittings, valves, heat exchangers and site-specific manifolds are excluded",29.469751064496393,0.0005893950212899279,"frictional energy for the modeled packed bed plus the registered balanced on-array trunk-and-lateral header screen; fittings, valves, heat exchangers, external piping and pump efficiency excluded",True,"parallel modular packed zones; discrete unit count, bed friction and a geometry-normalized on-array header-friction screen are included. Tank shells, fittings, valves, heat exchangers, site-specific trunk routing, flow maldistribution and balance of plant are excluded. Hydraulic values are screening metrics, not installed-pump specifications.",G0213_T1_homogeneous_none__AIP_FLINAK_2017_V10,hot_endpoint,Deterministic endpoint test of run-wise frozen transport properties; capacity retains the registered temperature integral.,9671,6013.371094035448,0.002408952789900461,-0.031020576982732084,-0.031020576982732084,-15.95721634807774
S50MW_6H,50.0,6.0,300.0,G0212_T1_homogeneous_none__AIP_FLINAK_2017_V10,G0212,T1_homogeneous_none,AIP_FLINAK_2017_V10,FLiNaK (LiF-NaF-KF),homogeneous,none,Tier_3_hypothetical_common_skeleton,False,7500,2451,7691,7500,7500,49012,0.05,True,0.07092198581560283,6.666666666666667,0.3267500971972883,0.9486996177673707,0.9728470467388035,0.04000185795926233,0.9,"time integral of positive outlet enthalpy flow following the simulated charge end state, with linear within-step interpolation at the registered outlet-grade threshold",True,0.999999999999941,True,500.0,run-wise frozen at the registered transport-property temperature,5.5514397142041565,5.5514397142041565,1.0,0.0,0.0,0.0,6.106190167527984,0.0,16,binary_monotone_bracket_with_adjacent_verification,MINIMAL_INTEGER_COUNT_BINARY_BRACKET,False,0.004644898155836685,5915.311552691023,300.0139346944675,6.000278693889349,0.050715840970966694,6347.596893107393,7930.828363432821,0.004644898155836685,206.0442853965581,0.0024728108850651433,0.002035687779296075,7.029447242588821e-06,94.86995314041147,5.551106953872407,89.31884618653906,86,88,1.0867857999298889,0.46289256226560627,0.0498550547159412,0.05014075937421504,1.5,"two-level balanced square-array Darcy-Weisbach friction screen with one trunk and one lateral supply-return pair; uniform module flow is prescribed and fittings, valves, heat exchangers and site-specific manifolds are excluded",23.948678376059235,0.0004789735675211846,"frictional energy for the modeled packed bed plus the registered balanced on-array trunk-and-lateral header screen; fittings, valves, heat exchangers, external piping and pump efficiency excluded",True,"parallel modular packed zones; discrete unit count, bed friction and a geometry-normalized on-array header-friction screen are included. Tank shells, fittings, valves, heat exchangers, site-specific trunk routing, flow maldistribution and balance of plant are excluded. Hydraulic values are screening metrics, not installed-pump specifications.",G0212_T1_homogeneous_none__AIP_FLINAK_2017_V10,cold_endpoint,Deterministic endpoint test of run-wise frozen transport properties; capacity retains the registered temperature integral.,7498,5913.734136276972,0.002043263971950516,0.026673779674579734,0.026673779674579734,21.02258538355073
S50MW_6H,50.0,6.0,300.0,G0212_T1_homogeneous_none__AIP_FLINAK_2017_V10,G0212,T1_homogeneous_none,AIP_FLINAK_2017_V10,FLiNaK (LiF-NaF-KF),homogeneous,none,Tier_3_hypothetical_common_skeleton,False,7498,2451,7691,7498,7498,49012,0.05,True,0.07094090338984012,6.668444918644972,0.32683725379830114,0.9486996177673707,0.9731777208670824,0.040015454731287856,0.9,"time integral of positive outlet enthalpy flow following the simulated charge end state, with linear within-step interpolation at the registered outlet-grade threshold",True,0.999999999999941,True,525.0,run-wise frozen at the registered transport-property temperature,5.549959330280765,5.549959330280765,1.0,0.0,0.0,0.0,6.106190167527984,0.0,17,binary_monotone_bracket_with_adjacent_verification,MINIMAL_INTEGER_COUNT_BINARY_BRACKET,False,0.011959858398791212,5913.734136276972,300.03587957519636,6.0007175915039275,0.050729368802647404,6345.904200602564,7928.713475869238,0.011959858398791212,205.96267358711907,0.002043263971950516,0.002036230774169295,7.033197781266771e-06,94.85606238777176,5.5523965404410704,89.30366584733069,86,88,1.0867857999298889,0.46289256226560627,0.04986170338633362,0.05014744614618238,1.5,"two-level balanced square-array Darcy-Weisbach friction screen with one trunk and one lateral supply-return pair; uniform module flow is prescribed and fittings, valves, heat exchangers and site-specific manifolds are excluded",23.94506349802907,0.0004789012699605814,"frictional energy for the modeled packed bed plus the registered balanced on-array trunk-and-lateral header screen; fittings, valves, heat exchangers, external piping and pump efficiency excluded",True,"parallel modular packed zones; discrete unit count, bed friction and a geometry-normalized on-array header-friction screen are included. Tank shells, fittings, valves, heat exchangers, site-specific trunk routing, flow maldistribution and balance of plant are excluded. Hydraulic values are screening metrics, not installed-pump specifications.",G0212_T1_homogeneous_none__AIP_FLINAK_2017_V10,mean,Deterministic endpoint test of run-wise frozen transport properties; capacity retains the registered temperature integral.,7498,5913.734136276972,0.002043263971950516,0.0,0.0,0.0
S50MW_6H,50.0,6.0,300.0,G0212_T1_homogeneous_none__AIP_FLINAK_2017_V10,G0212,T1_homogeneous_none,AIP_FLINAK_2017_V10,FLiNaK (LiF-NaF-KF),homogeneous,none,Tier_3_hypothetical_common_skeleton,False,7495,2451,7691,7495,7495,49012,0.05,True,0.07096929868139042,6.6711140760507,0.3269680759145646,0.9486996177673707,0.9734937884983349,0.04002845090836756,0.9,"time integral of positive outlet enthalpy flow following the simulated charge end state, with linear within-step interpolation at the registered outlet-grade threshold",True,0.999999999999941,True,550.0,run-wise frozen at the registered transport-property temperature,5.547738754393478,5.547738754393478,1.0,0.0,0.0,0.0,6.106190167527984,0.0,16,binary_monotone_bracket_with_adjacent_verification,MINIMAL_INTEGER_COUNT_BINARY_BRACKET,False,0.004413186071605679,5911.368011655895,300.0132395582148,6.000264791164296,0.050749674087024715,6343.3651618453205,7925.541144523865,0.004413186071605679,205.84025587296046,0.001717706504835669,0.0020370458098359677,7.038829219846337e-06,94.83550490875635,5.554612208833837,89.28089269992252,86,88,1.0867857999298889,0.46289256226560627,0.04987168138130787,0.05015748132211171,1.5,"two-level balanced square-array Darcy-Weisbach friction screen with one trunk and one lateral supply-return pair; uniform module flow is prescribed and fittings, valves, heat exchangers and site-specific manifolds are excluded",23.939791986109558,0.0004787958397221912,"frictional energy for the modeled packed bed plus the registered balanced on-array trunk-and-lateral header screen; fittings, valves, heat exchangers, external piping and pump efficiency excluded",True,"parallel modular packed zones; discrete unit count, bed friction and a geometry-normalized on-array header-friction screen are included. Tank shells, fittings, valves, heat exchangers, site-specific trunk routing, flow maldistribution and balance of plant are excluded. Hydraulic values are screening metrics, not installed-pump specifications.",G0212_T1_homogeneous_none__AIP_FLINAK_2017_V10,hot_endpoint,Deterministic endpoint test of run-wise frozen transport properties; capacity retains the registered temperature integral.,7498,5913.734136276972,0.002043263971950516,-0.0400106695118696,-0.0400106695118807,-15.93320645712103
S50MW_6H,50.0,6.0,300.0,G0161_T1_homogeneous_none__AIP_FLINAK_2017_V10,G0161,T1_homogeneous_none,AIP_FLINAK_2017_V10,FLiNaK (LiF-NaF-KF),homogeneous,none,Tier_3_hypothetical_common_skeleton,False,4826,2792,4887,4826,4826,55831,0.05,True,0.11021858549876114,10.360547036883547,0.5784491612647625,0.9532814145667227,0.9653154211166399,0.06217213041315881,0.9,"time integral of positive outlet enthalpy flow following the simulated charge end state, with linear within-step interpolation at the registered outlet-grade threshold",True,0.9999999999965363,True,500.0,run-wise frozen at the registered transport-property temperature,5.5952996535975075,5.5952996535975075,1.0,0.0,0.0,0.0,5.1550807967295205,0.0,14,binary_monotone_bracket_with_adjacent_verification,MINIMAL_INTEGER_COUNT_BINARY_BRACKET,False,0.014233791301454524,6019.901083125811,300.0427013739044,6.000854027478088,0.04983470589590255,5379.226438678564,9472.081135482862,0.014233791301454524,72.8760394108842,0.004159946700775208,0.0034252630971277013,1.0998503084124678e-05,85.31988010161061,5.72295789831578,79.59692220329481,69,70,1.3876824817744169,0.46289256226560627,0.055349167003609576,0.05574880516813367,1.5,"two-level balanced square-array Darcy-Weisbach friction screen with one trunk and one lateral supply-return pair; uniform module flow is prescribed and fittings, valves, heat exchangers and site-specific manifolds are excluded",21.538376112696856,0.00043076752225393707,"frictional energy for the modeled packed bed plus the registered balanced on-array trunk-and-lateral header screen; fittings, valves, heat exchangers, external piping and pump efficiency excluded",True,"parallel modular packed zones; discrete unit count, bed friction and a geometry-normalized on-array header-friction screen are included. Tank shells, fittings, valves, heat exchangers, site-specific trunk routing, flow maldistribution and balance of plant are excluded. Hydraulic values are screening metrics, not installed-pump specifications.",G0161_T1_homogeneous_none__AIP_FLINAK_2017_V10,cold_endpoint,Deterministic endpoint test of run-wise frozen transport properties; capacity retains the registered temperature integral.,4824,6017.406304392646,0.0034376908144170405,0.04145936981758691,0.04145936981758691,21.00991407747199
S50MW_6H,50.0,6.0,300.0,G0161_T1_homogeneous_none__AIP_FLINAK_2017_V10,G0161,T1_homogeneous_none,AIP_FLINAK_2017_V10,FLiNaK (LiF-NaF-KF),homogeneous,none,Tier_3_hypothetical_common_skeleton,False,4824,2792,4887,4824,4824,55831,0.05,True,0.11026428142973077,10.364842454394694,0.578688982641738,0.9532814145667227,0.9656606250884823,0.06219436362925277,0.9,"time integral of positive outlet enthalpy flow following the simulated charge end state, with linear within-step interpolation at the registered outlet-grade threshold",True,0.999999999995019,True,525.0,run-wise frozen at the registered transport-property temperature,5.592980838987844,5.592980838987844,1.0,0.0,0.0,0.0,5.1550807967295205,0.0,14,binary_monotone_bracket_with_adjacent_verification,MINIMAL_INTEGER_COUNT_BINARY_BRACKET,False,0.008536715838447506,6017.406304392646,300.02561014751535,6.000512202950307,0.049855367050917435,5376.997169536964,9468.155697797209,0.008536715838447506,72.80439579736952,0.0034376908144170405,0.00342668318962212,1.1007624794771435e-05,85.29665870832136,5.720692466780335,79.57596624154101,69,70,1.3876824817744169,0.46289256226560627,0.055360639522543775,0.055760360522215315,1.5,"two-level balanced square-array Darcy-Weisbach friction screen with one trunk and one lateral supply-return pair; uniform module flow is prescribed and fittings, valves, heat exchangers and site-specific manifolds are excluded",21.532332009286343,0.00043064664018572683,"frictional energy for the modeled packed bed plus the registered balanced on-array trunk-and-lateral header screen; fittings, valves, heat exchangers, external piping and pump efficiency excluded",True,"parallel modular packed zones; discrete unit count, bed friction and a geometry-normalized on-array header-friction screen are included. Tank shells, fittings, valves, heat exchangers, site-specific trunk routing, flow maldistribution and balance of plant are excluded. Hydraulic values are screening metrics, not installed-pump specifications.",G0161_T1_homogeneous_none__AIP_FLINAK_2017_V10,mean,Deterministic endpoint test of run-wise frozen transport properties; capacity retains the registered temperature integral.,4824,6017.406304392646,0.0034376908144170405,0.0,0.0,0.0
S50MW_6H,50.0,6.0,300.0,G0161_T1_homogeneous_none__AIP_FLINAK_2017_V10,G0161,T1_homogeneous_none,AIP_FLINAK_2017_V10,FLiNaK (LiF-NaF-KF),homogeneous,none,Tier_3_hypothetical_common_skeleton,False,4822,2792,4887,4822,4822,55831,0.05,True,0.1103100152669061,10.369141435089174,0.5789290029580556,0.9532814145667227,0.9659922829266593,0.062215724392705445,0.9,"time integral of positive outlet enthalpy flow following the simulated charge end state, with linear within-step interpolation at the registered outlet-grade threshold",True,0.9999999999983588,True,550.0,run-wise frozen at the registered transport-property temperature,5.590662024376914,5.590662024376914,1.0,0.0,0.0,0.0,5.1550807967295205,0.0,14,binary_monotone_bracket_with_adjacent_verification,MINIMAL_INTEGER_COUNT_BINARY_BRACKET,False,0.0014076738751978013,6014.911525659482,300.0042230216256,6.000084460432512,0.049876045345007405,5374.767900395365,9464.230260111553,0.0014076738751978013,72.73275218385487,0.0028898593833259646,0.0034281044601282376,1.1016757857888062e-05,85.27348085698492,5.71847361823648,79.55500723874843,69,70,1.3876824817744169,0.46289256226560627,0.05537211917834836,0.05577192306469775,1.5,"two-level balanced square-array Darcy-Weisbach friction screen with one trunk and one lateral supply-return pair; uniform module flow is prescribed and fittings, valves, heat exchangers and site-specific manifolds are excluded",21.526342927209498,0.00043052685854419,"frictional energy for the modeled packed bed plus the registered balanced on-array trunk-and-lateral header screen; fittings, valves, heat exchangers, external piping and pump efficiency excluded",True,"parallel modular packed zones; discrete unit count, bed friction and a geometry-normalized on-array header-friction screen are included. Tank shells, fittings, valves, heat exchangers, site-specific trunk routing, flow maldistribution and balance of plant are excluded. Hydraulic values are screening metrics, not installed-pump specifications.",G0161_T1_homogeneous_none__AIP_FLINAK_2017_V10,hot_endpoint,Deterministic endpoint test of run-wise frozen transport properties; capacity retains the registered temperature integral.,4824,6017.406304392646,0.0034376908144170405,-0.04145936981757581,-0.041459369817564706,-15.93602975560141
