design_id,base_design_id,topology_id,fluid_model_id,topology,gradient_orientation,internal_diameter_m,bed_height_m,porosity,particle_diameter_m,nominal_thermal_input_kW,duty_fraction,unit_power_MW,deliverable_energy_MWh,stored_heat_MWh,high_grade_discharge_fraction,pressure_drop_kPa,interphase_NTU,thermal_capacity_ratio_Gamma,particle_Biot_raw_max,evaluation_seconds,charge_energy_balance_error_pct,discharge_energy_balance_error_pct
UG0001_T1_homogeneous_none__SOLAR_SALT_60_40_V10,UG0001,T1_homogeneous_none,SOLAR_SALT_60_40_V10,homogeneous,none,3.3515138271762384,6.264946568257431,0.5797257996158602,0.009942320285698004,144.82744791702822,0.05,0.007241372395851412,2.2971809092952173,2.339668467593628,0.9818403509356565,6.609017337593905e-05,17750.66095401344,1.0498134607564409,0.7417993716926443,13.83879639999941,-7.733987894553707e-08,1.9426169561853612e-07
UG0001_T1_homogeneous_none__SOLAR_SALT_60_40_V10,UG0001,T1_homogeneous_none,SOLAR_SALT_60_40_V10,homogeneous,none,3.3515138271762384,6.264946568257431,0.5797257996158602,0.009942320285698004,144.82744791702822,0.060295,0.008732370972157217,2.2969108605651916,2.339668467593628,0.9817249291424555,7.973669275415222e-05,14896.551311427822,1.0498134607564409,0.7547369800279305,11.592313600005582,-5.627935895091696e-08,1.557707074439918e-07
UG0001_T1_homogeneous_none__SOLAR_SALT_60_40_V10,UG0001,T1_homogeneous_none,SOLAR_SALT_60_40_V10,homogeneous,none,3.3515138271762384,6.264946568257431,0.5797257996158602,0.009942320285698004,144.82744791702822,0.072707,0.01052996925570337,2.296592432067704,2.339668467593628,0.9815888293052785,9.620690225658152e-05,12506.22712393745,1.0498134607564409,0.7683675270482138,9.654056400002446,-4.9995874107366944e-08,1.2987559916410873e-07
UG0001_T1_homogeneous_none__SOLAR_SALT_60_40_V10,UG0001,T1_homogeneous_none,SOLAR_SALT_60_40_V10,homogeneous,none,3.3515138271762384,6.264946568257431,0.5797257996158602,0.009942320285698004,144.82744791702822,0.087675,0.01269774649612545,2.2962172979409927,2.339668467593628,0.9814284928593643,0.00011609427111137237,10503.23137950105,1.0498134607564409,0.7827492077875625,7.8954225000343286,-4.371328854446688e-08,1.084477618817914e-07
UG0001_T1_homogeneous_none__SOLAR_SALT_60_40_V10,UG0001,T1_homogeneous_none,SOLAR_SALT_60_40_V10,homogeneous,none,3.3515138271762384,6.264946568257431,0.5797257996158602,0.009942320285698004,144.82744791702822,0.105736,0.015313475032954896,2.295775653825988,2.339668467593628,0.9812397293139637,0.00014012823210073574,8823.532546569115,1.0498134607564409,0.7979512828259842,6.511173100036103,-3.236894086100506e-08,8.511662485943816e-08
UG0001_T1_homogeneous_none__SOLAR_SALT_60_40_V10,UG0001,T1_homogeneous_none,SOLAR_SALT_60_40_V10,homogeneous,none,3.3515138271762384,6.264946568257431,0.5797257996158602,0.009942320285698004,144.82744791702822,0.127532,0.018470134087754445,2.2952563933181382,2.339668467593628,0.9810177916697883,0.0001691863511099213,7414.655577341135,1.0498134607564409,0.8140434093695101,5.43628250004258,-2.4830915101858864e-08,6.82142120567164e-08
UG0001_T1_homogeneous_none__SOLAR_SALT_60_40_V10,UG0001,T1_homogeneous_none,SOLAR_SALT_60_40_V10,homogeneous,none,3.3515138271762384,6.264946568257431,0.5797257996158602,0.009942320285698004,144.82744791702822,0.153826,0.022278227003284783,2.2946470926975753,2.339668467593628,0.9807573698925142,0.00020431967423441223,6233.165866931981,1.0498134607564409,0.8310954551654894,4.5791861999896355,-1.9467116807447837e-08,5.8727822604964786e-08
UG0001_T1_homogeneous_none__SOLAR_SALT_60_40_V10,UG0001,T1_homogeneous_none,SOLAR_SALT_60_40_V10,homogeneous,none,3.3515138271762384,6.264946568257431,0.5797257996158602,0.009942320285698004,144.82744791702822,0.18554,0.02687128468652542,2.29393357042292,2.339668467593628,0.980452402635598,0.0002468093108066198,5242.271992986851,1.0498134607564409,0.8491886051406913,3.8825511999893934,-1.7185597389612894e-08,4.7958459425956335e-08
UG0001_T1_homogeneous_none__SOLAR_SALT_60_40_V10,UG0001,T1_homogeneous_none,SOLAR_SALT_60_40_V10,homogeneous,none,3.3515138271762384,6.264946568257431,0.5797257996158602,0.009942320285698004,144.82744791702822,0.223797,0.03241194836148716,2.2930996722632426,2.339668467593628,0.9800959854033159,0.00029823135318507476,4410.840759011385,1.0498134607564409,0.868420106661709,2.9805586999864317,-1.3965428813378367e-08,3.880824550606121e-08
UG0001_T1_homogeneous_none__SOLAR_SALT_60_40_V10,UG0001,T1_homogeneous_none,SOLAR_SALT_60_40_V10,homogeneous,none,3.3515138271762384,6.264946568257431,0.5797257996158602,0.009942320285698004,144.82744791702822,0.269974,0.03909964542395178,2.2921268457451403,2.339668467593628,0.9796801886647707,0.0003605409880600498,3712.655157868436,1.0498134607564409,0.8889071041281111,2.4905575000448152,-9.193668049078951e-09,3.1429991942388824e-08
UG0001_T1_homogeneous_none__SOLAR_SALT_60_40_V10,UG0001,T1_homogeneous_none,SOLAR_SALT_60_40_V10,homogeneous,none,3.3515138271762384,6.264946568257431,0.5797257996158602,0.009942320285698004,144.82744791702822,0.325696,0.04716972047678442,2.290995413771781,2.339668467593628,0.9791966022126599,0.00043608296308185923,3126.4015718567803,1.0498134607564409,0.9107630989893859,2.0884797000326216,-8.446832122643855e-09,2.6316415713267816e-08
UG0001_T1_homogeneous_none__SOLAR_SALT_60_40_V10,UG0001,T1_homogeneous_none,SOLAR_SALT_60_40_V10,homogeneous,none,3.3515138271762384,6.264946568257431,0.5797257996158602,0.009942320285698004,144.82744791702822,0.392923,0.05690603531790248,2.289684025229611,2.339668467593628,0.9786361003465478,0.0005277355487958006,2634.0760794233393,1.0498134607564409,0.9341174031236916,1.832333300029859,-7.818135028259121e-09,2.1938206806737526e-08
UG0001_T1_homogeneous_none__SOLAR_SALT_60_40_V10,UG0001,T1_homogeneous_none,SOLAR_SALT_60_40_V10,homogeneous,none,3.3515138271762384,6.264946568257431,0.5797257996158602,0.009942320285698004,144.82744791702822,0.47403,0.06865255513610889,2.2881695612134223,2.339668467593628,0.9779888017924298,0.0006390583705382038,2220.4769672943085,1.0498134607564409,0.9591199763720217,1.5278099999995902,-6.171319011372134e-09,1.6788059831185365e-08
UG0001_T1_homogeneous_none__SOLAR_SALT_60_40_V10,UG0001,T1_homogeneous_none,SOLAR_SALT_60_40_V10,homogeneous,none,3.3515138271762384,6.264946568257431,0.5797257996158602,0.009942320285698004,144.82744791702822,0.571866,0.08282189333051926,2.2864279850831264,2.339668467593628,0.9772444330263339,0.0007744297866961799,1872.9262244889946,1.0498134607564409,0.9859353705150062,1.2717006000457332,-3.489075695028987e-09,1.3890999461807496e-08
UG0001_T1_homogeneous_none__SOLAR_SALT_60_40_V10,UG0001,T1_homogeneous_none,SOLAR_SALT_60_40_V10,homogeneous,none,3.3515138271762384,6.264946568257431,0.5797257996158602,0.009942320285698004,144.82744791702822,0.689885,0.09991428390623902,2.284434759089442,2.339668467593628,0.9763925063447154,0.0009393097402483993,1580.7304920329398,1.0498134607564409,1.0147544314371169,1.125491700018756,-2.8614444147478935e-09,1.1765144414255246e-08
UG0001_T1_homogeneous_none__SOLAR_SALT_60_40_V10,UG0001,T1_homogeneous_none,SOLAR_SALT_60_40_V10,homogeneous,none,3.3515138271762384,6.264946568257431,0.5797257996158602,0.009942320285698004,144.82744791702822,0.832247,0.12053220904660299,2.2821651013288786,2.339668467593628,0.9754224296898388,0.001140500631737448,1334.9598206693765,1.0498134607564409,1.0457906199608342,0.9415090000256896,-1.5768719663356023e-09,9.136846834678636e-09
UG0001_T1_homogeneous_none__SOLAR_SALT_60_40_V10,UG0001,T1_homogeneous_none,SOLAR_SALT_60_40_V10,homogeneous,none,3.3515138271762384,6.264946568257431,0.5797257996158602,0.009942320285698004,144.82744791702822,1.0,0.14482744791702823,2.2796528066378023,2.339668467593628,0.9743486473459412,0.0013808059832812868,1132.145717718715,1.0498134607564409,1.0785502993048555,0.7620005999924615,-1.358180234944939e-09,7.176725880242429e-09
UG0001_T1_homogeneous_none__NREL_MGCL2_KCL_NACL_BASELINE_V10,UG0001,T1_homogeneous_none,NREL_MGCL2_KCL_NACL_BASELINE_V10,homogeneous,none,3.3515138271762384,6.264946568257431,0.5797257996158602,0.009942320285698004,144.82744791702822,0.05,0.007241372395851412,1.8821965339297573,1.9178453391106034,0.9814120542184188,0.0002596102770057679,16104.756904764548,0.6802488242281697,0.6463429532642678,11.119302099978086,-6.411912112369578e-08,1.368990698580319e-07
UG0001_T1_homogeneous_none__NREL_MGCL2_KCL_NACL_BASELINE_V10,UG0001,T1_homogeneous_none,NREL_MGCL2_KCL_NACL_BASELINE_V10,homogeneous,none,3.3515138271762384,6.264946568257431,0.5797257996158602,0.009942320285698004,144.82744791702822,0.060295,0.008732370972157217,1.8818265132045402,1.9178453391106034,0.9812191185746152,0.0003131511641440111,13529.908803412642,0.6802488242281697,0.6581529485065015,9.23057020001579,-5.2954529650151017e-08,1.1331025007166318e-07
UG0001_T1_homogeneous_none__NREL_MGCL2_KCL_NACL_BASELINE_V10,UG0001,T1_homogeneous_none,NREL_MGCL2_KCL_NACL_BASELINE_V10,homogeneous,none,3.3515138271762384,6.264946568257431,0.5797257996158602,0.009942320285698004,144.82744791702822,0.072707,0.01052996925570337,1.8813909802786049,1.9178453391106034,0.980992023658746,0.0003777414284948441,11370.968550727475,0.6802488242281697,0.6705562633719315,7.669014400045853,-4.362210592745441e-08,9.379919063690068e-08
UG0001_T1_homogeneous_none__NREL_MGCL2_KCL_NACL_BASELINE_V10,UG0001,T1_homogeneous_none,NREL_MGCL2_KCL_NACL_BASELINE_V10,homogeneous,none,3.3515138271762384,6.264946568257431,0.5797257996158602,0.009942320285698004,144.82744791702822,0.087675,0.01269774649612545,1.8808789044369023,1.9178453391106034,0.9807250178521464,0.00045569027535401836,9559.766848906205,0.6802488242281697,0.6835990307720099,6.328139699995518,-3.6326786023721525e-08,6.826164078432839e-08
UG0001_T1_homogeneous_none__NREL_MGCL2_KCL_NACL_BASELINE_V10,UG0001,T1_homogeneous_none,NREL_MGCL2_KCL_NACL_BASELINE_V10,homogeneous,none,3.3515138271762384,6.264946568257431,0.5797257996158602,0.009942320285698004,144.82744791702822,0.105736,0.015313475032954896,1.8802774146986272,1.9178453391106034,0.9804113899875795,0.0005498302711014437,8039.147568080715,0.6802488242281697,0.6973363525484735,5.245457599987276,-2.9779101407001463e-08,5.6708571172237043e-08
UG0001_T1_homogeneous_none__NREL_MGCL2_KCL_NACL_BASELINE_V10,UG0001,T1_homogeneous_none,NREL_MGCL2_KCL_NACL_BASELINE_V10,homogeneous,none,3.3515138271762384,6.264946568257431,0.5797257996158602,0.009942320285698004,144.82744791702822,0.127532,0.018470134087754445,1.879572092060672,1.9178453391106034,0.9800436217303734,0.000663560281044573,6762.230261188374,0.6802488242281697,0.7118224830871647,4.340148699993733,-2.5054613939090586e-08,4.793403451941458e-08
UG0001_T1_homogeneous_none__NREL_MGCL2_KCL_NACL_BASELINE_V10,UG0001,T1_homogeneous_none,NREL_MGCL2_KCL_NACL_BASELINE_V10,homogeneous,none,3.3515138271762384,6.264946568257431,0.5797257996158602,0.009942320285698004,144.82744791702822,0.153826,0.022278227003284783,1.8787470545354392,1.9178453391106034,0.9796134319187094,0.0008009380329786885,5690.174640327394,0.6802488242281697,0.7271106152632298,3.55205419997219,-2.0637935804757035e-08,3.8554137660185006e-08
UG0001_T1_homogeneous_none__NREL_MGCL2_KCL_NACL_BASELINE_V10,UG0001,T1_homogeneous_none,NREL_MGCL2_KCL_NACL_BASELINE_V10,homogeneous,none,3.3515138271762384,6.264946568257431,0.5797257996158602,0.009942320285698004,144.82744791702822,0.18554,0.02687128468652542,1.8777845345642734,1.9178453391106034,0.9791115562191746,0.0009668917824931532,4790.0394594680665,0.6802488242281697,0.7432627489959505,2.9720210999948904,-1.482503009242464e-08,3.1407543232830903e-08
UG0001_T1_homogeneous_none__NREL_MGCL2_KCL_NACL_BASELINE_V10,UG0001,T1_homogeneous_none,NREL_MGCL2_KCL_NACL_BASELINE_V10,homogeneous,none,3.3515138271762384,6.264946568257431,0.5797257996158602,0.009942320285698004,144.82744791702822,0.223797,0.03241194836148716,1.876664677578308,1.9178453391106034,0.978527642092666,0.0011674596392415378,4033.9133836242,0.6802488242281697,0.7603536686002638,2.468568700016476,-1.2100653812296969e-08,2.672451149265953e-08
UG0001_T1_homogeneous_none__NREL_MGCL2_KCL_NACL_BASELINE_V10,UG0001,T1_homogeneous_none,NREL_MGCL2_KCL_NACL_BASELINE_V10,homogeneous,none,3.3515138271762384,6.264946568257431,0.5797257996158602,0.009942320285698004,144.82744791702822,0.269974,0.03909964542395178,1.8753652965573953,1.9178453391106034,0.9778501208168808,0.0014100965205124465,3398.2624574055976,0.6802488242281697,0.778473990771344,2.0192843999830075,-7.87405696200949e-09,2.03430383649561e-08
UG0001_T1_homogeneous_none__NREL_MGCL2_KCL_NACL_BASELINE_V10,UG0001,T1_homogeneous_none,NREL_MGCL2_KCL_NACL_BASELINE_V10,homogeneous,none,3.3515138271762384,6.264946568257431,0.5797257996158602,0.009942320285698004,144.82744791702822,0.325696,0.04716972047678442,1.87386387737563,1.9178453391106034,0.97706725311053,0.0017036845772074765,2863.9391034489163,0.6802488242281697,0.7977090687200609,1.6742962000425905,-7.082645581135694e-09,1.696676132922903e-08
UG0001_T1_homogeneous_none__NREL_MGCL2_KCL_NACL_BASELINE_V10,UG0001,T1_homogeneous_none,NREL_MGCL2_KCL_NACL_BASELINE_V10,homogeneous,none,3.3515138271762384,6.264946568257431,0.5797257996158602,0.009942320285698004,144.82744791702822,0.392923,0.05690603531790248,1.872136837712124,1.9178453391106034,0.9761667427157205,0.0020590503782353616,2414.7484556862155,0.6802488242281697,0.8181560839215949,1.3813544000149705,-5.768596711419605e-09,1.446336383992275e-08
UG0001_T1_homogeneous_none__NREL_MGCL2_KCL_NACL_BASELINE_V10,UG0001,T1_homogeneous_none,NREL_MGCL2_KCL_NACL_BASELINE_V10,homogeneous,none,3.3515138271762384,6.264946568257431,0.5797257996158602,0.009942320285698004,144.82744791702822,0.47403,0.06865255513610889,1.8701600554921034,1.9178453391106034,0.9751360119369095,0.0024894754072066006,2036.9984486952692,0.6802488242281697,0.8399279398904077,1.1555373999872245,-3.945921367431993e-09,1.090365575606711e-08
UG0001_T1_homogeneous_none__NREL_MGCL2_KCL_NACL_BASELINE_V10,UG0001,T1_homogeneous_none,NREL_MGCL2_KCL_NACL_BASELINE_V10,homogeneous,none,3.3515138271762384,6.264946568257431,0.5797257996158602,0.009942320285698004,144.82744791702822,0.571866,0.08282189333051926,1.8679099025312302,1.9178453391106034,0.9739627406021538,0.0030111366313045106,1719.2568337779906,0.6802488242281697,0.8631476216037742,0.9593790000071749,-3.980349383425619e-09,8.829847963909288e-09
UG0001_T1_homogeneous_none__NREL_MGCL2_KCL_NACL_BASELINE_V10,UG0001,T1_homogeneous_none,NREL_MGCL2_KCL_NACL_BASELINE_V10,homogeneous,none,3.3515138271762384,6.264946568257431,0.5797257996158602,0.009942320285698004,144.82744791702822,0.689885,0.09991428390623902,1.8653636003836902,1.9178453391106034,0.9726350516088792,0.00364398939631802,1451.8682868527922,0.6802488242281697,0.8879579984761489,0.7979307000059634,-2.9163560455458537e-09,7.231970577947777e-09
UG0001_T1_homogeneous_none__NREL_MGCL2_KCL_NACL_BASELINE_V10,UG0001,T1_homogeneous_none,NREL_MGCL2_KCL_NACL_BASELINE_V10,homogeneous,none,3.3515138271762384,6.264946568257431,0.5797257996158602,0.009942320285698004,144.82744791702822,0.832247,0.12053220904660299,1.8624998988361468,1.9178453391106034,0.9711418647031659,0.004412579704217904,1226.7599711690514,0.6802488242281697,0.914518178864833,0.6607893999898806,-1.711508712531895e-09,5.828848514966012e-09
UG0001_T1_homogeneous_none__NREL_MGCL2_KCL_NACL_BASELINE_V10,UG0001,T1_homogeneous_none,NREL_MGCL2_KCL_NACL_BASELINE_V10,homogeneous,none,3.3515138271762384,6.264946568257431,0.5797257996158602,0.009942320285698004,144.82744791702822,1.0,0.14482744791702823,1.8593705777911462,1.9178453391106034,0.9695101788830508,0.005325554356577541,1040.8402626211775,0.6802488242281697,0.9423843188781927,0.5598254000069574,-3.2862601528904634e-12,4.313505108655136e-09
UG0001_T1_homogeneous_none__AIP_FLINAK_2017_V10,UG0001,T1_homogeneous_none,AIP_FLINAK_2017_V10,homogeneous,none,3.3515138271762384,6.264946568257431,0.5797257996158602,0.009942320285698004,144.82744791702822,0.05,0.007241372395851412,2.8525502636556905,2.9043469260691683,0.9821658143011238,0.0002445635751354191,21332.60511008904,1.5445354785185763,0.9794572234908325,16.658887400000822,-8.637740522843274e-08,2.190404746471586e-07
UG0001_T1_homogeneous_none__AIP_FLINAK_2017_V10,UG0001,T1_homogeneous_none,AIP_FLINAK_2017_V10,homogeneous,none,3.3515138271762384,6.264946568257431,0.5797257996158602,0.009942320285698004,144.82744791702822,0.060295,0.008732370972157217,2.8523903644670714,2.9043469260691683,0.982110759174209,0.0002949405870894636,17886.879173239908,1.5445354785185763,0.9968605627135745,13.894643499981612,-7.127900492065464e-08,1.533275062470807e-07
UG0001_T1_homogeneous_none__AIP_FLINAK_2017_V10,UG0001,T1_homogeneous_none,AIP_FLINAK_2017_V10,homogeneous,none,3.3515138271762384,6.264946568257431,0.5797257996158602,0.009942320285698004,144.82744791702822,0.072707,0.01052996925570337,2.8522017098637655,2.9043469260691683,0.9820458032277921,0.0003556865192481957,15001.487336770104,1.5445354785185763,1.0150402294393208,11.56639739999082,-5.933122881884856e-08,1.4930408021029962e-07
UG0001_T1_homogeneous_none__AIP_FLINAK_2017_V10,UG0001,T1_homogeneous_none,AIP_FLINAK_2017_V10,homogeneous,none,3.3515138271762384,6.264946568257431,0.5797257996158602,0.009942320285698004,144.82744791702822,0.087675,0.01269774649612545,2.851979233908523,2.9043469260691683,0.9819692022015009,0.00042895595589191495,12584.167615655992,1.5445354785185763,1.0340467423463278,9.449146799976006,-4.8618586934168206e-08,1.1521301690464725e-07
UG0001_T1_homogeneous_none__AIP_FLINAK_2017_V10,UG0001,T1_homogeneous_none,AIP_FLINAK_2017_V10,homogeneous,none,3.3515138271762384,6.264946568257431,0.5797257996158602,0.009942320285698004,144.82744791702822,0.105736,0.015313475032954896,2.851716935094906,2.9043469260691683,0.981878889707748,0.0005173863886385777,10557.621932670094,1.5445354785185763,1.0539410082950853,7.9202098999521695,-4.046181167893792e-08,9.081264629173802e-08
UG0001_T1_homogeneous_none__AIP_FLINAK_2017_V10,UG0001,T1_homogeneous_none,AIP_FLINAK_2017_V10,homogeneous,none,3.3515138271762384,6.264946568257431,0.5797257996158602,0.009942320285698004,144.82744791702822,0.127532,0.018470134087754445,2.8514079093315967,2.9043469260691683,0.9817724885886063,0.0006241340723532859,8858.478196430926,1.5445354785185763,1.0747796635584044,6.5278806000133045,-3.317522923040883e-08,7.602243279336562e-08
UG0001_T1_homogeneous_none__AIP_FLINAK_2017_V10,UG0001,T1_homogeneous_none,AIP_FLINAK_2017_V10,homogeneous,none,3.3515138271762384,6.264946568257431,0.5797257996158602,0.009942320285698004,144.82744791702822,0.153826,0.022278227003284783,2.8510443121177933,2.9043469260691683,0.9816472978923642,0.0007529546128100938,7434.260827606633,1.5445354785185763,1.0966146479894519,5.384884900006,-2.744787730435405e-08,7.411455893446828e-08
UG0001_T1_homogeneous_none__AIP_FLINAK_2017_V10,UG0001,T1_homogeneous_none,AIP_FLINAK_2017_V10,homogeneous,none,3.3515138271762384,6.264946568257431,0.5797257996158602,0.009942320285698004,144.82744791702822,0.18554,0.02687128468652542,2.8506170462550062,2.9043469260691683,0.9815001853491099,0.000908392357648998,6240.50439877889,1.5445354785185763,1.119507072749196,4.448691900004633,-2.2691371004412986e-08,5.283802284594685e-08
UG0001_T1_homogeneous_none__AIP_FLINAK_2017_V10,UG0001,T1_homogeneous_none,AIP_FLINAK_2017_V10,homogeneous,none,3.3515138271762384,6.264946568257431,0.5797257996158602,0.009942320285698004,144.82744791702822,0.223797,0.03241194836148716,2.8501154751907407,2.9043469260691683,0.9813274886716697,0.0010959910429485123,5239.570414839324,1.5445354785185763,1.14353219615929,3.8456963999778964,-1.7303858346195966e-08,4.120968011278592e-08
UG0001_T1_homogeneous_none__AIP_FLINAK_2017_V10,UG0001,T1_homogeneous_none,AIP_FLINAK_2017_V10,homogeneous,none,3.3515138271762384,6.264946568257431,0.5797257996158602,0.009942320285698004,144.82744791702822,0.269974,0.03909964542395178,2.8495270890967648,2.9043469260691683,0.9811249005825216,0.0013225608224613867,4399.755617159587,1.5445354785185763,1.1687827850144348,3.1875983999925666,-1.4297463213353012e-08,3.4426084205563257e-08
UG0001_T1_homogeneous_none__AIP_FLINAK_2017_V10,UG0001,T1_homogeneous_none,AIP_FLINAK_2017_V10,homogeneous,none,3.3515138271762384,6.264946568257431,0.5797257996158602,0.009942320285698004,144.82744791702822,0.325696,0.04716972047678442,2.848838106374479,2.9043469260691683,0.9808876759190004,0.0015961591186856839,3695.275100108082,1.5445354785185763,1.1953390078952375,2.6371714000124484,-1.1810818989488325e-08,2.846227697972381e-08
UG0001_T1_homogeneous_none__AIP_FLINAK_2017_V10,UG0001,T1_homogeneous_none,AIP_FLINAK_2017_V10,homogeneous,none,3.3515138271762384,6.264946568257431,0.5797257996158602,0.009942320285698004,144.82744791702822,0.392923,0.05690603531790248,2.8480328169973523,2.9043469260691683,0.9806104055385582,0.0019265322203684929,3104.3425886595296,1.5445354785185763,1.2232919575745453,2.1652403000043705,-9.790501742656943e-09,2.358393480506038e-08
UG0001_T1_homogeneous_none__AIP_FLINAK_2017_V10,UG0001,T1_homogeneous_none,AIP_FLINAK_2017_V10,homogeneous,none,3.3515138271762384,6.264946568257431,0.5797257996158602,0.009942320285698004,144.82744791702822,0.47403,0.06865255513610889,2.847093359816281,2.9043469260691683,0.9802869396424427,0.0023255299156672367,2608.5593379566617,1.5445354785185763,1.2527480844707155,1.7580259999958798,-8.034251042232654e-09,1.8710766269691703e-08
UG0001_T1_homogeneous_none__AIP_FLINAK_2017_V10,UG0001,T1_homogeneous_none,AIP_FLINAK_2017_V10,homogeneous,none,3.3515138271762384,6.264946568257431,0.5797257996158602,0.009942320285698004,144.82744791702822,0.571866,0.08282189333051926,2.846000122136594,2.9043469260691683,0.9799105253546473,0.0028074270012827134,2192.5773241274296,1.5445354785185763,1.2838206038622706,1.4503549000364728,-6.645828332096926e-09,1.7595125356706376e-08
UG0001_T1_homogeneous_none__AIP_FLINAK_2017_V10,UG0001,T1_homogeneous_none,AIP_FLINAK_2017_V10,homogeneous,none,3.3515138271762384,6.264946568257431,0.5797257996158602,0.009942320285698004,144.82744791702822,0.689885,0.09991428390623902,2.844730795766953,2.9043469260691683,0.9794734817087083,0.003389613761969693,1843.4500071900968,1.5445354785185763,1.3166417449854855,1.2135830000042915,-4.953615295733016e-09,1.3940226750719376e-08
UG0001_T1_homogeneous_none__AIP_FLINAK_2017_V10,UG0001,T1_homogeneous_none,AIP_FLINAK_2017_V10,homogeneous,none,3.3515138271762384,6.264946568257431,0.5797257996158602,0.009942320285698004,144.82744791702822,0.832247,0.12053220904660299,2.843261533135545,2.9043469260691683,0.9789675977117863,0.004093160597487499,1550.3642842351194,1.5445354785185763,1.3513566619808546,1.0033647999516688,-3.1293301283596975e-09,1.1236411801007762e-08
UG0001_T1_homogeneous_none__AIP_FLINAK_2017_V10,UG0001,T1_homogeneous_none,AIP_FLINAK_2017_V10,homogeneous,none,3.3515138271762384,6.264946568257431,0.5797257996158602,0.009942320285698004,144.82744791702822,1.0,0.14482744791702823,2.8416047843150283,2.9043469260691683,0.9783971600668735,0.004923979785219203,1309.0297364183814,1.5445354785185763,1.3873282118411376,0.83528539998224,-3.348155086513316e-09,9.859690841551583e-09
UG0001_T1_homogeneous_none__AIP_LINAK_CARBONATE_2017_V10,UG0001,T1_homogeneous_none,AIP_LINAK_CARBONATE_2017_V10,homogeneous,none,3.3515138271762384,6.264946568257431,0.5797257996158602,0.009942320285698004,144.82744791702822,0.05,0.007241372395851412,2.557624755774653,2.604569294602677,0.9819760837520028,0.0007175331276822311,18033.19210385499,1.2818964624678504,0.7589831086318612,14.945692700042855,-7.648149891181788e-08,2.108456520488744e-07
UG0001_T1_homogeneous_none__AIP_LINAK_CARBONATE_2017_V10,UG0001,T1_homogeneous_none,AIP_LINAK_CARBONATE_2017_V10,homogeneous,none,3.3515138271762384,6.264946568257431,0.5797257996158602,0.009942320285698004,144.82744791702822,0.060295,0.008732370972157217,2.557392709609103,2.604569294602677,0.9818869917988607,0.0008653032676521411,15154.056768553653,1.2818964624678504,0.7738411327071293,12.417413900024258,-6.303341182345434e-08,1.7451988743033553e-07
UG0001_T1_homogeneous_none__AIP_LINAK_CARBONATE_2017_V10,UG0001,T1_homogeneous_none,AIP_LINAK_CARBONATE_2017_V10,homogeneous,none,3.3515138271762384,6.264946568257431,0.5797257996158602,0.009942320285698004,144.82744791702822,0.072707,0.01052996925570337,2.55711935261981,2.604569294602677,0.9817820389416418,0.0010434735959590903,12737.795982323898,1.2818964624678504,0.7893328897326887,10.384674400032964,-5.350527798597682e-08,1.4511278845219522e-07
UG0001_T1_homogeneous_none__AIP_LINAK_CARBONATE_2017_V10,UG0001,T1_homogeneous_none,AIP_LINAK_CARBONATE_2017_V10,homogeneous,none,3.3515138271762384,6.264946568257431,0.5797257996158602,0.009942320285698004,144.82744791702822,0.087675,0.01269774649612545,2.5567974878086286,2.604569294602677,0.9816584619602774,0.0012583543467963136,10709.00914609114,1.2818964624678504,0.8054963323410675,8.558377999986988,-4.338558401428827e-08,1.2497201051786533e-07
UG0001_T1_homogeneous_none__AIP_LINAK_CARBONATE_2017_V10,UG0001,T1_homogeneous_none,AIP_LINAK_CARBONATE_2017_V10,homogeneous,none,3.3515138271762384,6.264946568257431,0.5797257996158602,0.009942320285698004,144.82744791702822,0.105736,0.015313475032954896,2.5564186032171317,2.604569294602677,0.9815129927680075,0.0015176671318506165,9004.390444814822,1.2818964624678504,0.8223774434343245,7.0862834000145085,-3.591273944891782e-08,9.554439461822994e-08
UG0001_T1_homogeneous_none__AIP_LINAK_CARBONATE_2017_V10,UG0001,T1_homogeneous_none,AIP_LINAK_CARBONATE_2017_V10,homogeneous,none,3.3515138271762384,6.264946568257431,0.5797257996158602,0.009942320285698004,144.82744791702822,0.127532,0.018470134087754445,2.555972940966875,2.604569294602677,0.9813418849187443,0.00183064766998185,7571.958073845645,1.2818964624678504,0.8400176640341582,5.830698299978394,-2.347384508993855e-08,7.466636198216747e-08
UG0001_T1_homogeneous_none__AIP_LINAK_CARBONATE_2017_V10,UG0001,T1_homogeneous_none,AIP_LINAK_CARBONATE_2017_V10,homogeneous,none,3.3515138271762384,6.264946568257431,0.5797257996158602,0.009942320285698004,144.82744791702822,0.153826,0.022278227003284783,2.5554494735618007,2.604569294602677,0.9811409045086016,0.00220827867223029,6368.594185196662,1.2818964624678504,0.8584534969991254,4.843851600016933,-2.157397593904875e-08,6.97434110463746e-08
UG0001_T1_homogeneous_none__AIP_LINAK_CARBONATE_2017_V10,UG0001,T1_homogeneous_none,AIP_LINAK_CARBONATE_2017_V10,homogeneous,none,3.3515138271762384,6.264946568257431,0.5797257996158602,0.009942320285698004,144.82744791702822,0.18554,0.02687128468652542,2.5548354204095896,2.604569294602677,0.980905144548794,0.002663840123151892,5357.677525727225,1.2818964624678504,0.8777281465074339,4.102613900031429,-1.5689627375081727e-08,5.781426448692173e-08
UG0001_T1_homogeneous_none__AIP_LINAK_CARBONATE_2017_V10,UG0001,T1_homogeneous_none,AIP_LINAK_CARBONATE_2017_V10,homogeneous,none,3.3515138271762384,6.264946568257431,0.5797257996158602,0.009942320285698004,144.82744791702822,0.223797,0.03241194836148716,2.554115978658147,2.604569294602677,0.9806289216228257,0.0032135193432847368,4508.134900650591,1.2818964624678504,0.8978955037230208,3.475295499956701,-1.3258838471585932e-08,4.64210669903764e-08
UG0001_T1_homogeneous_none__AIP_LINAK_CARBONATE_2017_V10,UG0001,T1_homogeneous_none,AIP_LINAK_CARBONATE_2017_V10,homogeneous,none,3.3515138271762384,6.264946568257431,0.5797257996158602,0.009942320285698004,144.82744791702822,0.269974,0.03909964542395178,2.553273865627868,2.604569294602677,0.9803056002076405,0.0038771825369580105,3793.731067762558,1.2818964624678504,0.9190226814133805,2.8897690000012517,-1.2090584089463619e-08,3.819413674222005e-08
UG0001_T1_homogeneous_none__AIP_LINAK_CARBONATE_2017_V10,UG0001,T1_homogeneous_none,AIP_LINAK_CARBONATE_2017_V10,homogeneous,none,3.3515138271762384,6.264946568257431,0.5797257996158602,0.009942320285698004,144.82744791702822,0.325696,0.04716972047678442,2.55229011517108,2.604569294602677,0.9799278984283765,0.004678303037319937,3193.0981631695586,1.2818964624678504,0.9411646011678592,2.3848889999790117,-1.1311585002005131e-08,2.8372082461203263e-08
UG0001_T1_homogeneous_none__AIP_LINAK_CARBONATE_2017_V10,UG0001,T1_homogeneous_none,AIP_LINAK_CARBONATE_2017_V10,homogeneous,none,3.3515138271762384,6.264946568257431,0.5797257996158602,0.009942320285698004,144.82744791702822,0.392923,0.05690603531790248,2.5511435151721806,2.604569294602677,0.9794876720918088,0.005645232405120352,2688.139566606944,1.2818964624678504,0.9643835821560687,1.9699924999731593,-7.30411287008792e-09,2.3814550331735518e-08
UG0001_T1_homogeneous_none__AIP_LINAK_CARBONATE_2017_V10,UG0001,T1_homogeneous_none,AIP_LINAK_CARBONATE_2017_V10,homogeneous,none,3.3515138271762384,6.264946568257431,0.5797257996158602,0.009942320285698004,144.82744791702822,0.47403,0.06865255513610889,2.5498103410180626,2.604569294602677,0.9789758123548148,0.006812381307753696,2263.5356866903116,1.2818964624678504,0.9887527394275155,1.6311394000076689,-7.0089822834518145e-09,1.9288437513864665e-08
UG0001_T1_homogeneous_none__AIP_LINAK_CARBONATE_2017_V10,UG0001,T1_homogeneous_none,AIP_LINAK_CARBONATE_2017_V10,homogeneous,none,3.3515138271762384,6.264946568257431,0.5797257996158602,0.009942320285698004,144.82744791702822,0.571866,0.08282189333051926,2.5482647539357277,2.604569294602677,0.9783823986623713,0.008221112530745655,1906.4800274516692,1.2818964624678504,1.0143485646172372,1.315800600044895,-4.186551105789249e-09,1.5390111407498352e-08
UG0001_T1_homogeneous_none__AIP_LINAK_CARBONATE_2017_V10,UG0001,T1_homogeneous_none,AIP_LINAK_CARBONATE_2017_V10,homogeneous,none,3.3515138271762384,6.264946568257431,0.5797257996158602,0.009942320285698004,144.82744791702822,0.689885,0.09991428390623902,2.5464786978251555,2.604569294602677,0.9776966591375011,0.009921690871961314,1606.1435970125037,1.2818964624678504,1.0412607322953045,1.088094300008379,-2.8502866733504106e-09,1.1983458669817537e-08
UG0001_T1_homogeneous_none__AIP_LINAK_CARBONATE_2017_V10,UG0001,T1_homogeneous_none,AIP_LINAK_CARBONATE_2017_V10,homogeneous,none,3.3515138271762384,6.264946568257431,0.5797257996158602,0.009942320285698004,144.82744791702822,0.832247,0.12053220904660299,2.5444219735815494,2.604569294602677,0.9769069991166033,0.011974831900792161,1353.461924467819,1.2818964624678504,1.0695866888862953,0.9194566999794915,-1.9011126006773793e-09,9.025624692071688e-09
UG0001_T1_homogeneous_none__AIP_LINAK_CARBONATE_2017_V10,UG0001,T1_homogeneous_none,AIP_LINAK_CARBONATE_2017_V10,homogeneous,none,3.3515138271762384,6.264946568257431,0.5797257996158602,0.009942320285698004,144.82744791702822,1.0,0.14482744791702823,2.542117032644717,2.604569294602677,0.9760220386198298,0.01439668128618476,1144.9482073191687,1.2818964624678504,1.0987874898605132,0.7778789000003599,-1.155742168634788e-09,7.715694749776958e-09
UG0001_T1_homogeneous_none__AIP_LIF_NAK_CARBONATE_RECIPROCAL_2017_V10,UG0001,T1_homogeneous_none,AIP_LIF_NAK_CARBONATE_RECIPROCAL_2017_V10,homogeneous,none,3.3515138271762384,6.264946568257431,0.5797257996158602,0.009942320285698004,144.82744791702822,0.05,0.007241372395851412,2.7861513017129966,2.836743733080625,0.9821653148369922,0.0003880355445195845,22015.10566793298,1.4853074567294215,1.0301620385014043,16.27605369995581,-2.139546761981137e-07,7.819496161687312e-08
UG0001_T1_homogeneous_none__AIP_LIF_NAK_CARBONATE_RECIPROCAL_2017_V10,UG0001,T1_homogeneous_none,AIP_LIF_NAK_CARBONATE_RECIPROCAL_2017_V10,homogeneous,none,3.3515138271762384,6.264946568257431,0.5797257996158602,0.009942320285698004,144.82744791702822,0.060295,0.008732370972157217,2.785994978076102,2.836743733080625,0.9821102081190072,0.00046795501985282244,18457.73659244021,1.4853074567294215,1.048693544329054,13.487727399973664,-1.7794957729577732e-07,6.466116531100852e-08
UG0001_T1_homogeneous_none__AIP_LIF_NAK_CARBONATE_RECIPROCAL_2017_V10,UG0001,T1_homogeneous_none,AIP_LIF_NAK_CARBONATE_RECIPROCAL_2017_V10,homogeneous,none,3.3515138271762384,6.264946568257431,0.5797257996158602,0.009942320285698004,144.82744791702822,0.072707,0.01052996925570337,2.785810534117427,2.836743733080625,0.9820451885134206,0.0005643190640798696,15478.786570235887,1.4853074567294215,1.0680310009891822,11.183913899993058,-1.431039620136687e-07,5.3840354397038936e-08
UG0001_T1_homogeneous_none__AIP_LIF_NAK_CARBONATE_RECIPROCAL_2017_V10,UG0001,T1_homogeneous_none,AIP_LIF_NAK_CARBONATE_RECIPROCAL_2017_V10,homogeneous,none,3.3515138271762384,6.264946568257431,0.5797257996158602,0.009942320285698004,144.82744791702822,0.087675,0.01269774649612545,2.7855930108535785,2.836743733080625,0.9819685078949665,0.0006805424879156324,12983.054497108636,1.4853074567294215,1.0882245128148724,9.274129000026733,-1.1825576073931643e-07,4.434026479316344e-08
UG0001_T1_homogeneous_none__AIP_LIF_NAK_CARBONATE_RECIPROCAL_2017_V10,UG0001,T1_homogeneous_none,AIP_LIF_NAK_CARBONATE_RECIPROCAL_2017_V10,homogeneous,none,3.3515138271762384,6.264946568257431,0.5797257996158602,0.009942320285698004,144.82744791702822,0.105736,0.015313475032954896,2.785336512931621,2.836743733080625,0.9818780880523258,0.0008208044786760523,10890.771143192393,1.4853074567294215,1.1093346481912878,7.623792300000787,-9.809519863068772e-08,3.6625813493174064e-08
UG0001_T1_homogeneous_none__AIP_LIF_NAK_CARBONATE_RECIPROCAL_2017_V10,UG0001,T1_homogeneous_none,AIP_LIF_NAK_CARBONATE_RECIPROCAL_2017_V10,homogeneous,none,3.3515138271762384,6.264946568257431,0.5797257996158602,0.009942320285698004,144.82744791702822,0.127532,0.018470134087754445,2.7850342700435786,2.836743733080625,0.9817715423377735,0.000990104662176744,9136.532086039835,1.4853074567294215,1.1314167897132688,6.378984399954788,-8.072871260367265e-08,2.7636892774296484e-08
UG0001_T1_homogeneous_none__AIP_LIF_NAK_CARBONATE_RECIPROCAL_2017_V10,UG0001,T1_homogeneous_none,AIP_LIF_NAK_CARBONATE_RECIPROCAL_2017_V10,homogeneous,none,3.3515138271762384,6.264946568257431,0.5797257996158602,0.009942320285698004,144.82744791702822,0.153826,0.022278227003284783,2.784678583523811,2.836743733080625,0.9816461568418545,0.0011943897740132104,7666.173357703994,1.4853074567294215,1.1545206574267197,5.289741599990521,-6.732886470572907e-08,2.307642965604373e-08
UG0001_T1_homogeneous_none__AIP_LIF_NAK_CARBONATE_RECIPROCAL_2017_V10,UG0001,T1_homogeneous_none,AIP_LIF_NAK_CARBONATE_RECIPROCAL_2017_V10,homogeneous,none,3.3515138271762384,6.264946568257431,0.5797257996158602,0.009942320285698004,144.82744791702822,0.18554,0.02687128468652542,2.7842604779309084,2.836743733080625,0.9814987675701247,0.0014408523504449316,6433.79405706631,1.4853074567294215,1.1787049329973966,4.384182799956761,-5.7391891239433335e-08,1.9181256583067352e-08
UG0001_T1_homogeneous_none__AIP_LIF_NAK_CARBONATE_RECIPROCAL_2017_V10,UG0001,T1_homogeneous_none,AIP_LIF_NAK_CARBONATE_RECIPROCAL_2017_V10,homogeneous,none,3.3515138271762384,6.264946568257431,0.5797257996158602,0.009942320285698004,144.82744791702822,0.223797,0.03241194836148716,2.783769487178723,2.836743733080625,0.9813256850507348,0.001738262278018144,5400.536827820252,1.4853074567294215,1.2040423711158583,3.6165201000403613,-4.6199188918905065e-08,1.562960871837049e-08
UG0001_T1_homogeneous_none__AIP_LIF_NAK_CARBONATE_RECIPROCAL_2017_V10,UG0001,T1_homogeneous_none,AIP_LIF_NAK_CARBONATE_RECIPROCAL_2017_V10,homogeneous,none,3.3515138271762384,6.264946568257431,0.5797257996158602,0.009942320285698004,144.82744791702822,0.269974,0.03909964542395178,2.783193293573412,2.836743733080625,0.9811225670888999,0.002097386480913376,4533.668861783586,1.4853074567294215,1.230623139939118,2.966894000011962,-3.827713701554103e-08,1.2943224270145492e-08
UG0001_T1_homogeneous_none__AIP_LIF_NAK_CARBONATE_RECIPROCAL_2017_V10,UG0001,T1_homogeneous_none,AIP_LIF_NAK_CARBONATE_RECIPROCAL_2017_V10,homogeneous,none,3.3515138271762384,6.264946568257431,0.5797257996158602,0.009942320285698004,144.82744791702822,0.325696,0.04716972047678442,2.782518186201291,2.836743733080625,0.9808845803563487,0.002530953311690905,3806.565386976198,1.4853074567294215,1.2585229698625913,2.506583300011698,-3.162275996615449e-08,1.0539213946003656e-08
UG0001_T1_homogeneous_none__AIP_LIF_NAK_CARBONATE_RECIPROCAL_2017_V10,UG0001,T1_homogeneous_none,AIP_LIF_NAK_CARBONATE_RECIPROCAL_2017_V10,homogeneous,none,3.3515138271762384,6.264946568257431,0.5797257996158602,0.009942320285698004,144.82744791702822,0.392923,0.05690603531790248,2.7817286724331343,2.836743733080625,0.9806062634400373,0.0030543449807604118,3196.7286385474067,1.4853074567294215,1.2878278491931479,2.045921000011731,-2.5146784654594967e-08,8.5961238127652e-09
UG0001_T1_homogeneous_none__AIP_LIF_NAK_CARBONATE_RECIPROCAL_2017_V10,UG0001,T1_homogeneous_none,AIP_LIF_NAK_CARBONATE_RECIPROCAL_2017_V10,homogeneous,none,3.3515138271762384,6.264946568257431,0.5797257996158602,0.009942320285698004,144.82744791702822,0.47403,0.06865255513610889,2.7808069858226725,2.836743733080625,0.9802813533680722,0.003686243474896015,2685.1576217465126,1.4853074567294215,1.3186384694270061,1.7280476000159979,-2.158973000376818e-08,7.172884508577226e-09
UG0001_T1_homogeneous_none__AIP_LIF_NAK_CARBONATE_RECIPROCAL_2017_V10,UG0001,T1_homogeneous_none,AIP_LIF_NAK_CARBONATE_RECIPROCAL_2017_V10,homogeneous,none,3.3515138271762384,6.264946568257431,0.5797257996158602,0.009942320285698004,144.82744791702822,0.571866,0.08282189333051926,2.7797335226121107,2.836743733080625,0.9799029394852659,0.004449123804865095,2256.0007427132327,1.4853074567294215,1.351061016125521,1.4517016999889165,-1.3528000941676055e-08,5.895972599034849e-09
UG0001_T1_homogeneous_none__AIP_LIF_NAK_CARBONATE_RECIPROCAL_2017_V10,UG0001,T1_homogeneous_none,AIP_LIF_NAK_CARBONATE_RECIPROCAL_2017_V10,homogeneous,none,3.3515138271762384,6.264946568257431,0.5797257996158602,0.009942320285698004,144.82744791702822,0.689885,0.09991428390623902,2.7784861322214414,2.836743733080625,0.9794632133386552,0.005370324068830767,1895.8859355950522,1.4853074567294215,1.3852197479991752,1.2012703000218607,-1.1261491739134044e-08,4.339950621101707e-09
UG0001_T1_homogeneous_none__AIP_LIF_NAK_CARBONATE_RECIPROCAL_2017_V10,UG0001,T1_homogeneous_none,AIP_LIF_NAK_CARBONATE_RECIPROCAL_2017_V10,homogeneous,none,3.3515138271762384,6.264946568257431,0.5797257996158602,0.009942320285698004,144.82744791702822,0.832247,0.12053220904660299,2.777040852869416,2.836743733080625,0.978953727996299,0.006482905128836681,1593.6440523022002,1.4853074567294215,1.4212503616604033,0.9929323999676853,-9.277811852115292e-09,3.6922465085353906e-09
UG0001_T1_homogeneous_none__AIP_LIF_NAK_CARBONATE_RECIPROCAL_2017_V10,UG0001,T1_homogeneous_none,AIP_LIF_NAK_CARBONATE_RECIPROCAL_2017_V10,homogeneous,none,3.3515138271762384,6.264946568257431,0.5797257996158602,0.009942320285698004,144.82744791702822,1.0,0.14482744791702823,2.7754092735390556,2.836743733080625,0.9783785687701293,0.007795844739258967,1344.8329849215174,1.4853074567294215,1.4584779838558544,0.8434443000005558,-7.405143165328809e-09,2.6720181622863493e-09
UG0001_T2_graded_two_layer_fine_hot__SOLAR_SALT_60_40_V10,UG0001,T2_graded_two_layer_fine_hot,SOLAR_SALT_60_40_V10,graded_two_layer,fine_hot,3.3515138271762384,6.264946568257431,0.5797257996158602,0.009942320285698004,144.82744791702822,0.05,0.007241372395851412,2.2971643320705244,2.339668467593628,0.9818332656477525,7.781868800081035e-05,20714.60840621684,1.0498134607564409,0.7624155634391229,13.392270000011194,-7.825843306719094e-08,2.151124389726533e-07
UG0001_T2_graded_two_layer_fine_hot__SOLAR_SALT_60_40_V10,UG0001,T2_graded_two_layer_fine_hot,SOLAR_SALT_60_40_V10,graded_two_layer,fine_hot,3.3515138271762384,6.264946568257431,0.5797257996158602,0.009942320285698004,144.82744791702822,0.060295,0.008732370972157217,2.2968854426404657,2.339668467593628,0.9817140652422586,9.388178551978009e-05,17379.33114223979,1.0498134607564409,0.7764694728953437,11.1080837000045,-6.254075035627693e-08,1.7616628156247316e-07
UG0001_T2_graded_two_layer_fine_hot__SOLAR_SALT_60_40_V10,UG0001,T2_graded_two_layer_fine_hot,SOLAR_SALT_60_40_V10,graded_two_layer,fine_hot,3.3515138271762384,6.264946568257431,0.5797257996158602,0.009942320285698004,144.82744791702822,0.072707,0.01052996925570337,2.2965543153886245,2.339668467593628,0.9815725378179984,0.00011326626473120588,14586.61223341772,1.0498134607564409,0.7913048290282014,9.146975499985274,-4.801254949171607e-08,1.3918735053408682e-07
UG0001_T2_graded_two_layer_fine_hot__SOLAR_SALT_60_40_V10,UG0001,T2_graded_two_layer_fine_hot,SOLAR_SALT_60_40_V10,graded_two_layer,fine_hot,3.3515138271762384,6.264946568257431,0.5797257996158602,0.009942320285698004,144.82744791702822,0.087675,0.01269774649612545,2.2961611172234444,2.339668467593628,0.9814044806036425,0.00013666914529189157,12246.929300036203,1.0498134607564409,0.8069899660196458,7.719010100001469,-4.2350822848646885e-08,1.1810519229271677e-07
UG0001_T2_graded_two_layer_fine_hot__SOLAR_SALT_60_40_V10,UG0001,T2_graded_two_layer_fine_hot,SOLAR_SALT_60_40_V10,graded_two_layer,fine_hot,3.3515138271762384,6.264946568257431,0.5797257996158602,0.009942320285698004,144.82744791702822,0.105736,0.015313475032954896,2.2956940164312876,2.339668467593628,0.9812048365948325,0.00016494667785744123,10285.321610193074,1.0498134607564409,0.8236060673149654,6.328013699967414,-3.2909597269537016e-08,9.511125220740269e-08
UG0001_T2_graded_two_layer_fine_hot__SOLAR_SALT_60_40_V10,UG0001,T2_graded_two_layer_fine_hot,SOLAR_SALT_60_40_V10,graded_two_layer,fine_hot,3.3515138271762384,6.264946568257431,0.5797257996158602,0.009942320285698004,144.82744791702822,0.127532,0.018470134087754445,2.2951392167712625,2.339668467593628,0.980967709126685,0.0001991282825048054,8640.364829927446,1.0498134607564409,0.8412356327823918,5.2785373000078835,-2.50596099427014e-08,7.151055303467047e-08
UG0001_T2_graded_two_layer_fine_hot__SOLAR_SALT_60_40_V10,UG0001,T2_graded_two_layer_fine_hot,SOLAR_SALT_60_40_V10,graded_two_layer,fine_hot,3.3515138271762384,6.264946568257431,0.5797257996158602,0.009942320285698004,144.82744791702822,0.153826,0.022278227003284783,2.294480804030535,2.339668467593628,0.9806862962898463,0.00024044583158134571,7261.223604670319,1.0498134607564409,0.8599623089263045,4.324812399980146,-2.113429431460645e-08,5.770266486848641e-08
UG0001_T2_graded_two_layer_fine_hot__SOLAR_SALT_60_40_V10,UG0001,T2_graded_two_layer_fine_hot,SOLAR_SALT_60_40_V10,graded_two_layer,fine_hot,3.3515138271762384,6.264946568257431,0.5797257996158602,0.009942320285698004,144.82744791702822,0.18554,0.02687128468652542,2.293700165524945,2.339668467593628,0.9803526428186805,0.0002903994228129381,6104.845815476835,1.0498134607564409,0.8798831515703742,3.613871500012465,-1.6239876110546447e-08,5.150873061410266e-08
UG0001_T2_graded_two_layer_fine_hot__SOLAR_SALT_60_40_V10,UG0001,T2_graded_two_layer_fine_hot,SOLAR_SALT_60_40_V10,graded_two_layer,fine_hot,3.3515138271762384,6.264946568257431,0.5797257996158602,0.009942320285698004,144.82744791702822,0.223797,0.03241194836148716,2.2927755548320095,2.339668467593628,0.9799574540533735,0.0003508325601062,5134.807618472372,1.0498134607564409,0.9011140399812771,3.0161517999949865,-1.4220002952924915e-08,4.278006837665771e-08
UG0001_T2_graded_two_layer_fine_hot__SOLAR_SALT_60_40_V10,UG0001,T2_graded_two_layer_fine_hot,SOLAR_SALT_60_40_V10,graded_two_layer,fine_hot,3.3515138271762384,6.264946568257431,0.5797257996158602,0.009942320285698004,144.82744791702822,0.269974,0.03909964542395178,2.2916816150655714,2.339668467593628,0.9794898921822838,0.00042402930848087716,4320.44283326475,1.0498134607564409,0.9237941735550691,2.5263022999861278,-9.175005200035002e-09,3.3947689104252277e-08
UG0001_T2_graded_two_layer_fine_hot__SOLAR_SALT_60_40_V10,UG0001,T2_graded_two_layer_fine_hot,SOLAR_SALT_60_40_V10,graded_two_layer,fine_hot,3.3515138271762384,6.264946568257431,0.5797257996158602,0.009942320285698004,144.82744791702822,0.325696,0.04716972047678442,2.2903908448903514,2.339668467593628,0.9789382028326608,0.0005127241535357971,3636.8232847344516,1.0498134607564409,0.9480602133994067,2.0727987000136636,-7.921052702641873e-09,2.5420265892250882e-08
UG0001_T2_graded_two_layer_fine_hot__SOLAR_SALT_60_40_V10,UG0001,T2_graded_two_layer_fine_hot,SOLAR_SALT_60_40_V10,graded_two_layer,fine_hot,3.3515138271762384,6.264946568257431,0.5797257996158602,0.009942320285698004,144.82744791702822,0.392923,0.05690603531790248,2.2888732237514002,2.339668467593628,0.978289554889599,0.0006202676309315568,3062.895847637794,1.0498134607564409,0.9740679019303852,1.6840588000486605,-7.0607519830900856e-09,2.105915442029982e-08
UG0001_T2_graded_two_layer_fine_hot__SOLAR_SALT_60_40_V10,UG0001,T2_graded_two_layer_fine_hot,SOLAR_SALT_60_40_V10,graded_two_layer,fine_hot,3.3515138271762384,6.264946568257431,0.5797257996158602,0.009942320285698004,144.82744791702822,0.47403,0.06865255513610889,2.28709656278649,2.339668467593628,0.9775301904798467,0.0007507947546535971,2580.887775901964,1.0498134607564409,1.0019977000964235,1.4462173999636434,-5.913691758507866e-09,1.6626078291892554e-08
UG0001_T2_graded_two_layer_fine_hot__SOLAR_SALT_60_40_V10,UG0001,T2_graded_two_layer_fine_hot,SOLAR_SALT_60_40_V10,graded_two_layer,fine_hot,3.3515138271762384,6.264946568257431,0.5797257996158602,0.009942320285698004,144.82744791702822,0.571866,0.08282189333051926,2.285028439757165,2.339668467593628,0.9766462519825894,0.0009093788183692641,2175.979373159063,1.0498134607564409,1.032048291104462,1.1989156999625266,-3.3368863228133705e-09,1.4299783579474479e-08
UG0001_T2_graded_two_layer_fine_hot__SOLAR_SALT_60_40_V10,UG0001,T2_graded_two_layer_fine_hot,SOLAR_SALT_60_40_V10,graded_two_layer,fine_hot,3.3515138271762384,6.264946568257431,0.5797257996158602,0.009942320285698004,144.82744791702822,0.689885,0.09991428390623902,2.2826368925679397,2.339668467593628,0.9756240784471718,0.001102328877277409,1835.6734534310613,1.0498134607564409,1.064449936055379,0.9806092999642715,-2.9910629528728805e-09,1.1572010016891454e-08
UG0001_T2_graded_two_layer_fine_hot__SOLAR_SALT_60_40_V10,UG0001,T2_graded_two_layer_fine_hot,SOLAR_SALT_60_40_V10,graded_two_layer,fine_hot,3.3515138271762384,6.264946568257431,0.5797257996158602,0.009942320285698004,144.82744791702822,0.832247,0.12053220904660299,2.2798926234260857,2.339668467593628,0.9744511476751995,0.0013374798531059207,1549.53559864911,1.0498134607564409,1.0994606874586246,0.8277141000144184,-9.003575662802632e-10,9.121015054347481e-09
UG0001_T2_graded_two_layer_fine_hot__SOLAR_SALT_60_40_V10,UG0001,T2_graded_two_layer_fine_hot,SOLAR_SALT_60_40_V10,graded_two_layer,fine_hot,3.3515138271762384,6.264946568257431,0.5797257996158602,0.009942320285698004,144.82744791702822,1.0,0.14482744791702823,2.2768399179254883,2.339668467593628,0.9731463878158946,0.001617942790190825,1313.4950905088888,1.0498134607564409,1.1365393600585227,0.6981454999768175,-9.433676062542418e-10,7.062261886403576e-09
UG0001_T2_graded_two_layer_fine_hot__NREL_MGCL2_KCL_NACL_BASELINE_V10,UG0001,T2_graded_two_layer_fine_hot,NREL_MGCL2_KCL_NACL_BASELINE_V10,graded_two_layer,fine_hot,3.3515138271762384,6.264946568257431,0.5797257996158602,0.009942320285698004,144.82744791702822,0.05,0.007241372395851412,1.882149712957176,1.9178453391106034,0.9813876408981024,0.00030571609409406824,18777.069300366795,0.6802488242281697,0.6651451651487094,11.252377199998591,-5.804454694668948e-08,1.3379486407671948e-07
UG0001_T2_graded_two_layer_fine_hot__NREL_MGCL2_KCL_NACL_BASELINE_V10,UG0001,T2_graded_two_layer_fine_hot,NREL_MGCL2_KCL_NACL_BASELINE_V10,graded_two_layer,fine_hot,3.3515138271762384,6.264946568257431,0.5797257996158602,0.009942320285698004,144.82744791702822,0.060295,0.008732370972157217,1.8817587511156575,1.9178453391106034,0.9811837861692847,0.000368753959033438,15770.942844407591,0.6802488242281697,0.6779095139486397,9.34388579998631,-4.8174519928778636e-08,1.1038630010062889e-07
UG0001_T2_graded_two_layer_fine_hot__NREL_MGCL2_KCL_NACL_BASELINE_V10,UG0001,T2_graded_two_layer_fine_hot,NREL_MGCL2_KCL_NACL_BASELINE_V10,graded_two_layer,fine_hot,3.3515138271762384,6.264946568257431,0.5797257996158602,0.009942320285698004,144.82744791702822,0.072707,0.01052996925570337,1.8812940204682367,1.9178453391106034,0.9809414670218833,0.0004447958216850085,13250.922612825978,0.6802488242281697,0.6913365637216207,7.703403200022876,-4.032286726740608e-08,9.150604718399791e-08
UG0001_T2_graded_two_layer_fine_hot__NREL_MGCL2_KCL_NACL_BASELINE_V10,UG0001,T2_graded_two_layer_fine_hot,NREL_MGCL2_KCL_NACL_BASELINE_V10,graded_two_layer,fine_hot,3.3515138271762384,6.264946568257431,0.5797257996158602,0.009942320285698004,144.82744791702822,0.087675,0.01269774649612545,1.8807416092008482,1.9178453391106034,0.980653429578966,0.0005365569938477988,11137.257900283075,0.6802488242281697,0.7054799953252818,6.354786499985494,-3.036061402283963e-08,7.465426055119906e-08
UG0001_T2_graded_two_layer_fine_hot__NREL_MGCL2_KCL_NACL_BASELINE_V10,UG0001,T2_graded_two_layer_fine_hot,NREL_MGCL2_KCL_NACL_BASELINE_V10,graded_two_layer,fine_hot,3.3515138271762384,6.264946568257431,0.5797257996158602,0.009942320285698004,144.82744791702822,0.105736,0.015313475032954896,1.8800849193846492,1.9178453391106034,0.9803110193737178,0.0006473671476180304,9363.09465099167,0.6802488242281697,0.7204038020425995,5.309868199983612,-2.5332991260285098e-08,6.103999528050963e-08
UG0001_T2_graded_two_layer_fine_hot__NREL_MGCL2_KCL_NACL_BASELINE_V10,UG0001,T2_graded_two_layer_fine_hot,NREL_MGCL2_KCL_NACL_BASELINE_V10,graded_two_layer,fine_hot,3.3515138271762384,6.264946568257431,0.5797257996158602,0.009942320285698004,144.82744791702822,0.127532,0.018470134087754445,1.879304868203606,1.9178453391106034,0.9799042862732246,0.0007812199948058861,7873.605277892597,0.6802488242281697,0.7361717222126858,4.364926699956413,-1.922856318614663e-08,4.461224722973611e-08
UG0001_T2_graded_two_layer_fine_hot__NREL_MGCL2_KCL_NACL_BASELINE_V10,UG0001,T2_graded_two_layer_fine_hot,NREL_MGCL2_KCL_NACL_BASELINE_V10,graded_two_layer,fine_hot,3.3515138271762384,6.264946568257431,0.5797257996158602,0.009942320285698004,144.82744791702822,0.153826,0.022278227003284783,1.8783799430307322,1.9178453391106034,0.9794220131962398,0.0009428810170818027,6623.3719234857035,0.6802488242281697,0.7528470320274608,3.6219297999632545,-1.5760748262039215e-08,3.6452396656727615e-08
UG0001_T2_graded_two_layer_fine_hot__NREL_MGCL2_KCL_NACL_BASELINE_V10,UG0001,T2_graded_two_layer_fine_hot,NREL_MGCL2_KCL_NACL_BASELINE_V10,graded_two_layer,fine_hot,3.3515138271762384,6.264946568257431,0.5797257996158602,0.009942320285698004,144.82744791702822,0.18554,0.02687128468652542,1.8772858253680254,1.9178453391106034,0.9788515200285194,0.001138134796405644,5573.882596169073,0.6802488242281697,0.7705033591374019,3.0779656000086106,-1.4256096303455479e-08,2.9515900834553577e-08
UG0001_T2_graded_two_layer_fine_hot__NREL_MGCL2_KCL_NACL_BASELINE_V10,UG0001,T2_graded_two_layer_fine_hot,NREL_MGCL2_KCL_NACL_BASELINE_V10,graded_two_layer,fine_hot,3.3515138271762384,6.264946568257431,0.5797257996158602,0.009942320285698004,144.82744791702822,0.223797,0.03241194836148716,1.8759953098155195,1.9178453391106034,0.9781786213717882,0.001374063994682178,4692.512724316106,0.6802488242281697,0.7892291750446471,2.57696209999267,-1.3191392422839954e-08,2.716120661716559e-08
UG0001_T2_graded_two_layer_fine_hot__NREL_MGCL2_KCL_NACL_BASELINE_V10,UG0001,T2_graded_two_layer_fine_hot,NREL_MGCL2_KCL_NACL_BASELINE_V10,graded_two_layer,fine_hot,3.3515138271762384,6.264946568257431,0.5797257996158602,0.009942320285698004,144.82744791702822,0.269974,0.03909964542395178,1.874478507920366,1.9178453391106034,0.9773877328344169,0.0016594065612973211,3951.7600519014563,0.6802488242281697,0.809131336623621,2.1317811000044458,-1.0123590854504982e-08,2.1538903993700842e-08
UG0001_T2_graded_two_layer_fine_hot__NREL_MGCL2_KCL_NACL_BASELINE_V10,UG0001,T2_graded_two_layer_fine_hot,NREL_MGCL2_KCL_NACL_BASELINE_V10,graded_two_layer,fine_hot,3.3515138271762384,6.264946568257431,0.5797257996158602,0.009942320285698004,144.82744791702822,0.325696,0.04716972047678442,1.8727056599180878,1.9178453391106034,0.9764633371252716,0.0020045624350267656,3329.2508155331657,0.6802488242281697,0.8303120710620714,1.7536105000181124,-7.83187958930398e-09,1.6521672918656805e-08
UG0001_T2_graded_two_layer_fine_hot__NREL_MGCL2_KCL_NACL_BASELINE_V10,UG0001,T2_graded_two_layer_fine_hot,NREL_MGCL2_KCL_NACL_BASELINE_V10,graded_two_layer,fine_hot,3.3515138271762384,6.264946568257431,0.5797257996158602,0.009942320285698004,144.82744791702822,0.392923,0.05690603531790248,1.8706473640964247,1.9178453391106034,0.9753901036482606,0.002422193800065706,2806.065339678109,0.6802488242281697,0.8528878128066495,1.4636927000246942,-5.9035221156023e-09,1.3598966397410095e-08
UG0001_T2_graded_two_layer_fine_hot__NREL_MGCL2_KCL_NACL_BASELINE_V10,UG0001,T2_graded_two_layer_fine_hot,NREL_MGCL2_KCL_NACL_BASELINE_V10,graded_two_layer,fine_hot,3.3515138271762384,6.264946568257431,0.5797257996158602,0.009942320285698004,144.82744791702822,0.47403,0.06865255513610889,1.8682756406399212,1.9178453391106034,0.9741534432105615,0.0029278134896085647,2366.2112379374876,0.6802488242281697,0.8769936973321119,1.200080499984324,-4.94779772708398e-09,1.1570566726959441e-08
UG0001_T2_graded_two_layer_fine_hot__NREL_MGCL2_KCL_NACL_BASELINE_V10,UG0001,T2_graded_two_layer_fine_hot,NREL_MGCL2_KCL_NACL_BASELINE_V10,graded_two_layer,fine_hot,3.3515138271762384,6.264946568257431,0.5797257996158602,0.009942320285698004,144.82744791702822,0.571866,0.08282189333051926,1.8655658935957866,1.9178453391106034,0.9727405310278767,0.003540285798318395,1996.3380060054296,0.6802488242281697,0.902777526172407,1.007601200020872,-4.049915958148631e-09,9.306644344064807e-09
UG0001_T2_graded_two_layer_fine_hot__NREL_MGCL2_KCL_NACL_BASELINE_V10,UG0001,T2_graded_two_layer_fine_hot,NREL_MGCL2_KCL_NACL_BASELINE_V10,graded_two_layer,fine_hot,3.3515138271762384,6.264946568257431,0.5797257996158602,0.009942320285698004,144.82744791702822,0.689885,0.09991428390623902,1.8624971874709189,1.9178453391106034,0.9711404509472322,0.004282838992424633,1685.1726560685822,0.6802488242281697,0.9304108425729005,0.8247379999957047,-2.98733260351014e-09,7.452882755387691e-09
UG0001_T2_graded_two_layer_fine_hot__NREL_MGCL2_KCL_NACL_BASELINE_V10,UG0001,T2_graded_two_layer_fine_hot,NREL_MGCL2_KCL_NACL_BASELINE_V10,graded_two_layer,fine_hot,3.3515138271762384,6.264946568257431,0.5797257996158602,0.009942320285698004,144.82744791702822,0.832247,0.12053220904660299,1.8590522506689455,1.9178453391106034,0.9693441972391147,0.005183983242705765,1423.2916124545477,0.6802488242281697,0.9600851482498064,0.6998680999968201,-2.2810531241646004e-09,5.538258740500623e-09
UG0001_T2_graded_two_layer_fine_hot__NREL_MGCL2_KCL_NACL_BASELINE_V10,UG0001,T2_graded_two_layer_fine_hot,NREL_MGCL2_KCL_NACL_BASELINE_V10,graded_two_layer,fine_hot,3.3515138271762384,6.264946568257431,0.5797257996158602,0.009942320285698004,144.82744791702822,1.0,0.14482744791702823,1.855302489031424,1.9178453391106034,0.9673890022288327,0.006253471157101373,1207.0708363707736,0.6802488242281697,0.991317033725346,0.5711678000516258,-1.6815326908670158e-09,4.742228831844386e-09
UG0001_T2_graded_two_layer_fine_hot__AIP_FLINAK_2017_V10,UG0001,T2_graded_two_layer_fine_hot,AIP_FLINAK_2017_V10,graded_two_layer,fine_hot,3.3515138271762384,6.264946568257431,0.5797257996158602,0.009942320285698004,144.82744791702822,0.05,0.007241372395851412,2.852547683088521,2.9043469260691683,0.9821649257822122,0.0002880299860268899,24907.14664920708,1.5445354785185763,1.0071216023774552,16.769851999997627,-1.0665395233644404e-07,2.182523273219772e-07
UG0001_T2_graded_two_layer_fine_hot__AIP_FLINAK_2017_V10,UG0001,T2_graded_two_layer_fine_hot,AIP_FLINAK_2017_V10,graded_two_layer,fine_hot,3.3515138271762384,6.264946568257431,0.5797257996158602,0.009942320285698004,144.82744791702822,0.060295,0.008732370972157217,2.852385262349723,2.9043469260691683,0.9821090024566134,0.0003473576616238332,20880.47975759001,1.5445354785185763,1.0257697621126411,13.874246800027322,-7.901196363846452e-08,1.58241775238821e-07
UG0001_T2_graded_two_layer_fine_hot__AIP_FLINAK_2017_V10,UG0001,T2_graded_two_layer_fine_hot,AIP_FLINAK_2017_V10,graded_two_layer,fine_hot,3.3515138271762384,6.264946568257431,0.5797257996158602,0.009942320285698004,144.82744791702822,0.072707,0.01052996925570337,2.8521927853339832,2.9043469260691683,0.9820427304096992,0.0004188952385217586,17509.160819659402,1.5445354785185763,1.045267978278075,11.523456899973098,-5.9393645557292984e-08,1.3977310420187905e-07
UG0001_T2_graded_two_layer_fine_hot__AIP_FLINAK_2017_V10,UG0001,T2_graded_two_layer_fine_hot,AIP_FLINAK_2017_V10,graded_two_layer,fine_hot,3.3515138271762384,6.264946568257431,0.5797257996158602,0.009942320285698004,144.82744791702822,0.087675,0.01269774649612545,2.8519646215998513,2.9043469260691683,0.9819641710158183,0.000505179254326752,14685.198986356754,1.5445354785185763,1.0656736263927138,9.473836000019219,-5.471029185244447e-08,1.1706640101749599e-07
UG0001_T2_graded_two_layer_fine_hot__AIP_FLINAK_2017_V10,UG0001,T2_graded_two_layer_fine_hot,AIP_FLINAK_2017_V10,graded_two_layer,fine_hot,3.3515138271762384,6.264946568257431,0.5797257996158602,0.009942320285698004,144.82744791702822,0.105736,0.015313475032954896,2.8516939766430727,2.9043469260691683,0.9818709848491283,0.0006093145031209375,12318.13282913886,1.5445354785185763,1.0870557385274764,7.885060300002806,-5.368832045604677e-08,9.499210307239991e-08
UG0001_T2_graded_two_layer_fine_hot__AIP_FLINAK_2017_V10,UG0001,T2_graded_two_layer_fine_hot,AIP_FLINAK_2017_V10,graded_two_layer,fine_hot,3.3515138271762384,6.264946568257431,0.5797257996158602,0.009942320285698004,144.82744791702822,0.127532,0.018470134087754445,2.8513728560608507,2.9043469260691683,0.9817604193449389,0.0007350160470067761,10333.807222407124,1.5445354785185763,1.1094793319159295,6.534580400038976,-3.375939527927585e-08,7.648965905104887e-08
UG0001_T2_graded_two_layer_fine_hot__AIP_FLINAK_2017_V10,UG0001,T2_graded_two_layer_fine_hot,AIP_FLINAK_2017_V10,graded_two_layer,fine_hot,3.3515138271762384,6.264946568257431,0.5797257996158602,0.009942320285698004,144.82744791702822,0.153826,0.022278227003284783,2.850991914003038,2.9043469260691683,0.9816292566197171,0.0008867038142549354,8670.825580402421,1.5445354785185763,1.1330049731672216,5.356897799996659,-2.7583035855371918e-08,7.415350555817213e-08
UG0001_T2_graded_two_layer_fine_hot__AIP_FLINAK_2017_V10,UG0001,T2_graded_two_layer_fine_hot,AIP_FLINAK_2017_V10,graded_two_layer,fine_hot,3.3515138271762384,6.264946568257431,0.5797257996158602,0.009942320285698004,144.82744791702822,0.18554,0.02687128468652542,2.8505400264022165,2.9043469260691683,0.9814736665293027,0.0010697251779627152,7277.172149917302,1.5445354785185763,1.1577037632250837,4.471569199988153,-2.043618607672215e-08,5.686078274891315e-08
UG0001_T2_graded_two_layer_fine_hot__AIP_FLINAK_2017_V10,UG0001,T2_graded_two_layer_fine_hot,AIP_FLINAK_2017_V10,graded_two_layer,fine_hot,3.3515138271762384,6.264946568257431,0.5797257996158602,0.009942320285698004,144.82744791702822,0.223797,0.03241194836148716,2.850003810357116,2.9043469260691683,0.9812890411871001,0.0012906023411762483,6108.82508334366,1.5445354785185763,1.1836628335380783,3.7312236999860033,-1.670265037390095e-08,4.475702031214723e-08
UG0001_T2_graded_two_layer_fine_hot__AIP_FLINAK_2017_V10,UG0001,T2_graded_two_layer_fine_hot,AIP_FLINAK_2017_V10,graded_two_layer,fine_hot,3.3515138271762384,6.264946568257431,0.5797257996158602,0.009942320285698004,144.82744791702822,0.269974,0.03909964542395178,2.8493670867258487,2.9043469260691683,0.9810698099287569,0.001557345779454522,5128.710759764699,1.5445354785185763,1.2109891577102387,3.104306799999904,-9.740119821799453e-09,3.325102415629999e-08
UG0001_T2_graded_two_layer_fine_hot__AIP_FLINAK_2017_V10,UG0001,T2_graded_two_layer_fine_hot,AIP_FLINAK_2017_V10,graded_two_layer,fine_hot,3.3515138271762384,6.264946568257431,0.5797257996158602,0.009942320285698004,144.82744791702822,0.325696,0.04716972047678442,2.848611289354113,2.9043469260691683,0.9808095802141344,0.0018794303195981755,4306.679570377147,1.5445354785185763,1.2397771092661718,2.568314299976919,-7.91025023261227e-09,2.7145641290360345e-08
UG0001_T2_graded_two_layer_fine_hot__AIP_FLINAK_2017_V10,UG0001,T2_graded_two_layer_fine_hot,AIP_FLINAK_2017_V10,graded_two_layer,fine_hot,3.3515138271762384,6.264946568257431,0.5797257996158602,0.009942320285698004,144.82744791702822,0.392923,0.05690603531790248,2.8477145539138067,2.9043469260691683,0.9805008239039784,0.0022683130671567095,3617.2616958279195,1.5445354785185763,1.2701339756397616,2.1023146000225097,-6.398903629190045e-09,2.2403745525423346e-08
UG0001_T2_graded_two_layer_fine_hot__AIP_FLINAK_2017_V10,UG0001,T2_graded_two_layer_fine_hot,AIP_FLINAK_2017_V10,graded_two_layer,fine_hot,3.3515138271762384,6.264946568257431,0.5797257996158602,0.009942320285698004,144.82744791702822,0.47403,0.06865255513610889,2.846651376170277,2.9043469260691683,0.9801347595974086,0.0027379186007273413,3038.951294594328,1.5445354785185763,1.3021849510113146,1.7849425000022165,-4.578681878086854e-09,1.845090746854794e-08
UG0001_T2_graded_two_layer_fine_hot__AIP_FLINAK_2017_V10,UG0001,T2_graded_two_layer_fine_hot,AIP_FLINAK_2017_V10,graded_two_layer,fine_hot,3.3515138271762384,6.264946568257431,0.5797257996158602,0.009942320285698004,144.82744791702822,0.571866,0.08282189333051926,2.845392590592678,2.9043469260691683,0.9797013452672194,0.003305013203598846,2553.811125324656,1.5445354785185763,1.3360639810459412,1.451188099978026,-3.772759882281207e-09,1.535398475027705e-08
UG0001_T2_graded_two_layer_fine_hot__AIP_FLINAK_2017_V10,UG0001,T2_graded_two_layer_fine_hot,AIP_FLINAK_2017_V10,graded_two_layer,fine_hot,3.3515138271762384,6.264946568257431,0.5797257996158602,0.009942320285698004,144.82744791702822,0.689885,0.09991428390623902,2.84390493302229,2.9043469260691683,0.9791891276815602,0.0039900113881266575,2146.713158800618,1.5445354785185763,1.3719272961163111,1.2377295999904163,-3.102207379868105e-09,1.2645373637099055e-08
UG0001_T2_graded_two_layer_fine_hot__AIP_FLINAK_2017_V10,UG0001,T2_graded_two_layer_fine_hot,AIP_FLINAK_2017_V10,graded_two_layer,fine_hot,3.3515138271762384,6.264946568257431,0.5797257996158602,0.009942320285698004,144.82744791702822,0.832247,0.12053220904660299,2.84215185600228,2.9043469260691683,0.9785855231313343,0.0048176313961907444,1805.0242306222947,1.5445354785185763,1.40994701987994,1.0173178000259213,-2.144762145661616e-09,9.988476712408101e-09
UG0001_T2_graded_two_layer_fine_hot__AIP_FLINAK_2017_V10,UG0001,T2_graded_two_layer_fine_hot,AIP_FLINAK_2017_V10,graded_two_layer,fine_hot,3.3515138271762384,6.264946568257431,0.5797257996158602,0.009942320285698004,144.82744791702822,1.0,0.14482744791702823,2.840141026085334,2.9043469260691683,0.9778931712986737,0.005794730760661149,1523.7200259278793,1.5445354785185763,1.4494372953239583,0.8384413000312634,-1.727129550488371e-09,8.618172842034255e-09
UG0001_T2_graded_two_layer_fine_hot__AIP_LINAK_CARBONATE_2017_V10,UG0001,T2_graded_two_layer_fine_hot,AIP_LINAK_CARBONATE_2017_V10,graded_two_layer,fine_hot,3.3515138271762384,6.264946568257431,0.5797257996158602,0.009942320285698004,144.82744791702822,0.05,0.007241372395851412,2.5576168820223772,2.604569294602677,0.9819730606985204,0.0008450783111107412,21017.207337575874,1.2818964624678504,0.7825887703457878,15.404002200055402,-7.605989171821648e-08,2.0167234549006707e-07
UG0001_T2_graded_two_layer_fine_hot__AIP_LINAK_CARBONATE_2017_V10,UG0001,T2_graded_two_layer_fine_hot,AIP_LINAK_CARBONATE_2017_V10,graded_two_layer,fine_hot,3.3515138271762384,6.264946568257431,0.5797257996158602,0.009942320285698004,144.82744791702822,0.060295,0.008732370972157217,2.5573792695750353,2.604569294602677,0.9818818316235889,0.0010191113123007905,17658.575756846672,1.2818964624678504,0.7984616658462967,12.699832200014498,-6.272725672218371e-08,1.7211176928100258e-07
UG0001_T2_graded_two_layer_fine_hot__AIP_LINAK_CARBONATE_2017_V10,UG0001,T2_graded_two_layer_fine_hot,AIP_LINAK_CARBONATE_2017_V10,graded_two_layer,fine_hot,3.3515138271762384,6.264946568257431,0.5797257996158602,0.009942320285698004,144.82744791702822,0.072707,0.01052996925570337,2.557097715727708,2.604569294602677,0.9817737316594564,0.0012289456277157248,14840.396434971633,1.2818964624678504,0.8150227868290341,10.347710900008678,-5.217890564068739e-08,1.3795633524438244e-07
UG0001_T2_graded_two_layer_fine_hot__AIP_LINAK_CARBONATE_2017_V10,UG0001,T2_graded_two_layer_fine_hot,AIP_LINAK_CARBONATE_2017_V10,graded_two_layer,fine_hot,3.3515138271762384,6.264946568257431,0.5797257996158602,0.009942320285698004,144.82744791702822,0.087675,0.01269774649612545,2.5567639475952806,2.604569294602677,0.9816455845093233,0.0014820117860026541,12474.553130131915,1.2818964624678504,0.8323146751833155,8.589735499990638,-4.26463642178021e-08,1.1363885388249173e-07
UG0001_T2_graded_two_layer_fine_hot__AIP_LINAK_CARBONATE_2017_V10,UG0001,T2_graded_two_layer_fine_hot,AIP_LINAK_CARBONATE_2017_V10,graded_two_layer,fine_hot,3.3515138271762384,6.264946568257431,0.5797257996158602,0.009942320285698004,144.82744791702822,0.105736,0.015313475032954896,2.5563679740479497,2.604569294602677,0.9814935541724259,0.001787401899900209,10487.07774779275,1.2818964624678504,0.8503887750134467,7.094394300016575,-3.2532443405841605e-08,9.463803074538646e-08
UG0001_T2_graded_two_layer_fine_hot__AIP_LINAK_CARBONATE_2017_V10,UG0001,T2_graded_two_layer_fine_hot,AIP_LINAK_CARBONATE_2017_V10,graded_two_layer,fine_hot,3.3515138271762384,6.264946568257431,0.5797257996158602,0.009942320285698004,144.82744791702822,0.127532,0.018470134087754445,2.5558980418687263,2.604569294602677,0.98131312811112,0.0021559903512043408,8817.241831697867,1.2818964624678504,0.8692920238494466,5.954698399989866,-2.9453739447404814e-08,7.832872128687995e-08
UG0001_T2_graded_two_layer_fine_hot__AIP_LINAK_CARBONATE_2017_V10,UG0001,T2_graded_two_layer_fine_hot,AIP_LINAK_CARBONATE_2017_V10,graded_two_layer,fine_hot,3.3515138271762384,6.264946568257431,0.5797257996158602,0.009942320285698004,144.82744791702822,0.153826,0.022278227003284783,2.5553404636409622,2.604569294602677,0.9810990511699077,0.0026007076326658193,7414.67989787734,1.2818964624678504,0.8890664419203302,4.873494100000244,-2.416730149334967e-08,6.474596414562939e-08
UG0001_T2_graded_two_layer_fine_hot__AIP_LINAK_CARBONATE_2017_V10,UG0001,T2_graded_two_layer_fine_hot,AIP_LINAK_CARBONATE_2017_V10,graded_two_layer,fine_hot,3.3515138271762384,6.264946568257431,0.5797257996158602,0.009942320285698004,144.82744791702822,0.18554,0.02687128468652542,2.5546789586444323,2.604569294602677,0.9808450725186579,0.003137187779249773,6236.623455851145,1.2818964624678504,0.9097616438168578,4.014025699987542,-1.9855128652324083e-08,5.102172018212059e-08
UG0001_T2_graded_two_layer_fine_hot__AIP_LINAK_CARBONATE_2017_V10,UG0001,T2_graded_two_layer_fine_hot,AIP_LINAK_CARBONATE_2017_V10,graded_two_layer,fine_hot,3.3515138271762384,6.264946568257431,0.5797257996158602,0.009942320285698004,144.82744791702822,0.223797,0.03241194836148716,2.553894158531089,2.604569294602677,0.9805437558614394,0.003784485887601223,5246.790614112697,1.2818964624678504,0.9314391976209215,3.3192190999980085,-1.624146372947166e-08,4.225697569637532e-08
UG0001_T2_graded_two_layer_fine_hot__AIP_LINAK_CARBONATE_2017_V10,UG0001,T2_graded_two_layer_fine_hot,AIP_LINAK_CARBONATE_2017_V10,graded_two_layer,fine_hot,3.3515138271762384,6.264946568257431,0.5797257996158602,0.009942320285698004,144.82744791702822,0.269974,0.03909964542395178,2.5529629373991223,2.604569294602677,0.980186222224728,0.004565985338608015,4414.554361616065,1.2818964624678504,0.9541754618907626,2.758989499998279,-1.758344581048732e-08,3.620252986280548e-08
UG0001_T2_graded_two_layer_fine_hot__AIP_LINAK_CARBONATE_2017_V10,UG0001,T2_graded_two_layer_fine_hot,AIP_LINAK_CARBONATE_2017_V10,graded_two_layer,fine_hot,3.3515138271762384,6.264946568257431,0.5797257996158602,0.009942320285698004,144.82744791702822,0.325696,0.04716972047678442,2.5518591617045567,2.604569294602677,0.9797624378789426,0.005509311361165264,3714.9728307362357,1.2818964624678504,0.9780343249598086,2.301293299999088,-1.5402545905374154e-08,3.0092661695846346e-08
UG0001_T2_graded_two_layer_fine_hot__AIP_LINAK_CARBONATE_2017_V10,UG0001,T2_graded_two_layer_fine_hot,AIP_LINAK_CARBONATE_2017_V10,graded_two_layer,fine_hot,3.3515138271762384,6.264946568257431,0.5797257996158602,0.009942320285698004,144.82744791702822,0.392923,0.05690603531790248,2.5505529851969397,2.604569294602677,0.979260943635605,0.006647825042255313,3126.926536765299,1.2818964624678504,1.003088321995827,1.923823299992364,-1.1077894157551782e-08,2.473312665784988e-08
UG0001_T2_graded_two_layer_fine_hot__AIP_LINAK_CARBONATE_2017_V10,UG0001,T2_graded_two_layer_fine_hot,AIP_LINAK_CARBONATE_2017_V10,graded_two_layer,fine_hot,3.3515138271762384,6.264946568257431,0.5797257996158602,0.009942320285698004,144.82744791702822,0.47403,0.06865255513610889,2.5490108371774896,2.604569294602677,0.9786688503391642,0.008022009706164065,2632.540312679425,1.2818964624678504,1.0294224145839284,1.6550204000086524,-7.369671539692035e-09,1.7959966847058695e-08
UG0001_T2_graded_two_layer_fine_hot__AIP_LINAK_CARBONATE_2017_V10,UG0001,T2_graded_two_layer_fine_hot,AIP_LINAK_CARBONATE_2017_V10,graded_two_layer,fine_hot,3.3515138271762384,6.264946568257431,0.5797257996158602,0.009942320285698004,144.82744791702822,0.571866,0.08282189333051926,2.5471959738449765,2.604569294602677,0.9779720505510863,0.009680516444233633,2216.8738032369674,1.2818964624678504,1.0571260967661034,1.3618921000161208,-6.181821721185088e-09,1.5457080060343742e-08
UG0001_T2_graded_two_layer_fine_hot__AIP_LINAK_CARBONATE_2017_V10,UG0001,T2_graded_two_layer_fine_hot,AIP_LINAK_CARBONATE_2017_V10,graded_two_layer,fine_hot,3.3515138271762384,6.264946568257431,0.5797257996158602,0.009942320285698004,144.82744791702822,0.689885,0.09991428390623902,2.5450693052784215,2.604569294602677,0.9771555360621219,0.011682451220485968,1867.2960322372328,1.2818964624678504,1.0863041223979204,1.1267991000204347,-5.682232462334014e-09,1.1692802281970671e-08
UG0001_T2_graded_two_layer_fine_hot__AIP_LINAK_CARBONATE_2017_V10,UG0001,T2_graded_two_layer_fine_hot,AIP_LINAK_CARBONATE_2017_V10,graded_two_layer,fine_hot,3.3515138271762384,6.264946568257431,0.5797257996158602,0.009942320285698004,144.82744791702822,0.832247,0.12053220904660299,2.542590715368865,2.604569294602677,0.9762039046677519,0.014099185593309041,1573.235949078082,1.2818964624678504,1.1170708064563195,0.9680573000223376,-2.459543679833587e-09,9.350764607063411e-09
UG0001_T2_graded_two_layer_fine_hot__AIP_LINAK_CARBONATE_2017_V10,UG0001,T2_graded_two_layer_fine_hot,AIP_LINAK_CARBONATE_2017_V10,graded_two_layer,fine_hot,3.3515138271762384,6.264946568257431,0.5797257996158602,0.009942320285698004,144.82744791702822,1.0,0.14482744791702823,2.5397858383948004,2.604569294602677,0.9751269984092478,0.016949586695507276,1330.617418465054,1.2818964624678504,1.1488484583426746,0.8193218999658711,-1.637667779164076e-09,7.908051991023513e-09
UG0001_T2_graded_two_layer_fine_hot__AIP_LIF_NAK_CARBONATE_RECIPROCAL_2017_V10,UG0001,T2_graded_two_layer_fine_hot,AIP_LIF_NAK_CARBONATE_RECIPROCAL_2017_V10,graded_two_layer,fine_hot,3.3515138271762384,6.264946568257431,0.5797257996158602,0.009942320285698004,144.82744791702822,0.05,0.007241372395851412,2.786148249782349,2.836743733080625,0.9821642389799762,0.00045700722618692487,25704.854629793364,1.4853074567294215,1.059610718100346,17.648660100006964,-2.0750420270942982e-07,9.410499046680343e-08
UG0001_T2_graded_two_layer_fine_hot__AIP_LIF_NAK_CARBONATE_RECIPROCAL_2017_V10,UG0001,T2_graded_two_layer_fine_hot,AIP_LIF_NAK_CARBONATE_RECIPROCAL_2017_V10,graded_two_layer,fine_hot,3.3515138271762384,6.264946568257431,0.5797257996158602,0.009942320285698004,144.82744791702822,0.060295,0.008732370972157217,2.7859892930160055,2.836743733080625,0.9821082040394599,0.0005511289693556708,21547.869178293102,1.4853074567294215,1.079433616556001,14.5973225000198,-1.7196754020787353e-07,7.920715194842387e-08
UG0001_T2_graded_two_layer_fine_hot__AIP_LIF_NAK_CARBONATE_RECIPROCAL_2017_V10,UG0001,T2_graded_two_layer_fine_hot,AIP_LIF_NAK_CARBONATE_RECIPROCAL_2017_V10,graded_two_layer,fine_hot,3.3515138271762384,6.264946568257431,0.5797257996158602,0.009942320285698004,144.82744791702822,0.072707,0.01052996925570337,2.785800887520368,2.836743733080625,0.9820417879252933,0.0006646162011569719,18067.333488074597,1.4853074567294215,1.1001349508891332,12.156670800002757,-1.3784311470033117e-07,6.115310480225844e-08
UG0001_T2_graded_two_layer_fine_hot__AIP_LIF_NAK_CARBONATE_RECIPROCAL_2017_V10,UG0001,T2_graded_two_layer_fine_hot,AIP_LIF_NAK_CARBONATE_RECIPROCAL_2017_V10,graded_two_layer,fine_hot,3.3515138271762384,6.264946568257431,0.5797257996158602,0.009942320285698004,144.82744791702822,0.087675,0.01269774649612545,2.785577502559442,2.836743733080625,0.9819630409597775,0.0008014896455086973,15151.826769200787,1.4853074567294215,1.1217712255751005,10.006275599997025,-1.1009974043574289e-07,4.9961013104393714e-08
UG0001_T2_graded_two_layer_fine_hot__AIP_LIF_NAK_CARBONATE_RECIPROCAL_2017_V10,UG0001,T2_graded_two_layer_fine_hot,AIP_LIF_NAK_CARBONATE_RECIPROCAL_2017_V10,graded_two_layer,fine_hot,3.3515138271762384,6.264946568257431,0.5797257996158602,0.009942320285698004,144.82744791702822,0.105736,0.015313475032954896,2.785312444805611,2.836743733080625,0.9818696036320627,0.0009666697538912757,12708.004010593837,1.4853074567294215,1.1444106094419881,8.282248499977868,-9.128539035785366e-08,4.154820931745462e-08
UG0001_T2_graded_two_layer_fine_hot__AIP_LIF_NAK_CARBONATE_RECIPROCAL_2017_V10,UG0001,T2_graded_two_layer_fine_hot,AIP_LIF_NAK_CARBONATE_RECIPROCAL_2017_V10,graded_two_layer,fine_hot,3.3515138271762384,6.264946568257431,0.5797257996158602,0.009942320285698004,144.82744791702822,0.127532,0.018470134087754445,2.784997828080574,2.836743733080625,0.9817586959313184,0.0011660424988350934,10659.33878228783,1.4853074567294215,1.1681162274319006,6.881698000011966,-7.531782975078727e-08,3.105009582782259e-08
UG0001_T2_graded_two_layer_fine_hot__AIP_LIF_NAK_CARBONATE_RECIPROCAL_2017_V10,UG0001,T2_graded_two_layer_fine_hot,AIP_LIF_NAK_CARBONATE_RECIPROCAL_2017_V10,graded_two_layer,fine_hot,3.3515138271762384,6.264946568257431,0.5797257996158602,0.009942320285698004,144.82744791702822,0.153826,0.022278227003284783,2.7846244470380963,2.836743733080625,0.9816270728177732,0.0014066082248807273,8942.464680281419,1.4853074567294215,1.192945669005937,5.692072099947836,-6.227727222807289e-08,2.611739713387351e-08
UG0001_T2_graded_two_layer_fine_hot__AIP_LIF_NAK_CARBONATE_RECIPROCAL_2017_V10,UG0001,T2_graded_two_layer_fine_hot,AIP_LIF_NAK_CARBONATE_RECIPROCAL_2017_V10,graded_two_layer,fine_hot,3.3515138271762384,6.264946568257431,0.5797257996158602,0.009942320285698004,144.82744791702822,0.18554,0.02687128468652542,2.7841812676770754,2.836743733080625,0.9814708446199798,0.0016968329225333614,7503.691309417997,1.4853074567294215,1.2189667437879275,4.705610699951649,-4.97746177607894e-08,2.1031287822381728e-08
UG0001_T2_graded_two_layer_fine_hot__AIP_LIF_NAK_CARBONATE_RECIPROCAL_2017_V10,UG0001,T2_graded_two_layer_fine_hot,AIP_LIF_NAK_CARBONATE_RECIPROCAL_2017_V10,graded_two_layer,fine_hot,3.3515138271762384,6.264946568257431,0.5797257996158602,0.009942320285698004,144.82744791702822,0.223797,0.03241194836148716,2.7836550402401015,2.836743733080625,0.9812853405750294,0.0020470379576789438,6297.574945837213,1.4853074567294215,1.246263096599441,3.904902399983257,-4.121163410530926e-08,1.5924261909106008e-08
UG0001_T2_graded_two_layer_fine_hot__AIP_LIF_NAK_CARBONATE_RECIPROCAL_2017_V10,UG0001,T2_graded_two_layer_fine_hot,AIP_LIF_NAK_CARBONATE_RECIPROCAL_2017_V10,graded_two_layer,fine_hot,3.3515138271762384,6.264946568257431,0.5797257996158602,0.009942320285698004,144.82744791702822,0.269974,0.03909964542395178,2.783029718218851,2.836743733080625,0.9810649040181567,0.002469893232981473,5285.840971449008,1.4853074567294215,1.2749379689274631,3.271967200038489,-3.3647540309544866e-08,1.2937251270273009e-08
UG0001_T2_graded_two_layer_fine_hot__AIP_LIF_NAK_CARBONATE_RECIPROCAL_2017_V10,UG0001,T2_graded_two_layer_fine_hot,AIP_LIF_NAK_CARBONATE_RECIPROCAL_2017_V10,graded_two_layer,fine_hot,3.3515138271762384,6.264946568257431,0.5797257996158602,0.009942320285698004,144.82744791702822,0.325696,0.04716972047678442,2.7822867816622585,2.836743733080625,0.9808030063543217,0.0029803737785519735,4437.360138953885,1.4853074567294215,1.305079964811131,2.68715469999006,-2.686750821823125e-08,9.363732011991033e-09
UG0001_T2_graded_two_layer_fine_hot__AIP_LIF_NAK_CARBONATE_RECIPROCAL_2017_V10,UG0001,T2_graded_two_layer_fine_hot,AIP_LIF_NAK_CARBONATE_RECIPROCAL_2017_V10,graded_two_layer,fine_hot,3.3515138271762384,6.264946568257431,0.5797257996158602,0.009942320285698004,144.82744791702822,0.392923,0.05690603531790248,2.7814044752430997,2.836743733080625,0.9804919784638323,0.003596572942388048,3725.8327483151984,1.4853074567294215,1.3367897446395045,2.257921200012788,-2.3271840010608003e-08,8.986034139013555e-09
UG0001_T2_graded_two_layer_fine_hot__AIP_LIF_NAK_CARBONATE_RECIPROCAL_2017_V10,UG0001,T2_graded_two_layer_fine_hot,AIP_LIF_NAK_CARBONATE_RECIPROCAL_2017_V10,graded_two_layer,fine_hot,3.3515138271762384,6.264946568257431,0.5797257996158602,0.009942320285698004,144.82744791702822,0.47403,0.06865255513610889,2.7803571962316833,2.836743733080625,0.9801227949527511,0.004340459753720719,3129.0504941530735,1.4853074567294215,1.370184997465098,1.8855770000373013,-1.9455770328136168e-08,5.940403724480348e-09
UG0001_T2_graded_two_layer_fine_hot__AIP_LIF_NAK_CARBONATE_RECIPROCAL_2017_V10,UG0001,T2_graded_two_layer_fine_hot,AIP_LIF_NAK_CARBONATE_RECIPROCAL_2017_V10,graded_two_layer,fine_hot,3.3515138271762384,6.264946568257431,0.5797257996158602,0.009942320285698004,144.82744791702822,0.571866,0.08282189333051926,2.7791157350679216,2.836743733080625,0.9796851589586061,0.005238455095578015,2628.4887812796414,1.4853074567294215,1.4053906368925135,1.5829494999488816,-1.610862554457526e-08,4.876876680270925e-09
UG0001_T2_graded_two_layer_fine_hot__AIP_LIF_NAK_CARBONATE_RECIPROCAL_2017_V10,UG0001,T2_graded_two_layer_fine_hot,AIP_LIF_NAK_CARBONATE_RECIPROCAL_2017_V10,graded_two_layer,fine_hot,3.3515138271762384,6.264946568257431,0.5797257996158602,0.009942320285698004,144.82744791702822,0.689885,0.09991428390623902,2.7776466877296446,2.836743733080625,0.9791672950003127,0.006322684797254404,2208.5232398032254,1.4853074567294215,1.4425526226141903,1.3052415000274777,-1.3822987199318959e-08,2.862221570865131e-09
UG0001_T2_graded_two_layer_fine_hot__AIP_LIF_NAK_CARBONATE_RECIPROCAL_2017_V10,UG0001,T2_graded_two_layer_fine_hot,AIP_LIF_NAK_CARBONATE_RECIPROCAL_2017_V10,graded_two_layer,fine_hot,3.3515138271762384,6.264946568257431,0.5797257996158602,0.009942320285698004,144.82744791702822,0.832247,0.12053220904660299,2.7759131665762866,2.836743733080625,0.9785561995625603,0.007631981932714192,1856.105400873492,1.4853074567294215,1.4818309821975273,1.100833100033924,-1.0423273355542051e-08,2.137823251757709e-09
UG0001_T2_graded_two_layer_fine_hot__AIP_LIF_NAK_CARBONATE_RECIPROCAL_2017_V10,UG0001,T2_graded_two_layer_fine_hot,AIP_LIF_NAK_CARBONATE_RECIPROCAL_2017_V10,graded_two_layer,fine_hot,3.3515138271762384,6.264946568257431,0.5797257996158602,0.009942320285698004,144.82744791702822,1.0,0.14482744791702823,2.7739220231222514,2.836743733080625,0.9778542879197089,0.009176806638448432,1566.03495191646,1.4853074567294215,1.5225009965045244,0.8941663000150584,-8.249190219800084e-09,1.6488588272522975e-09
UG0001_T3_graded_two_layer_coarse_hot__SOLAR_SALT_60_40_V10,UG0001,T3_graded_two_layer_coarse_hot,SOLAR_SALT_60_40_V10,graded_two_layer,coarse_hot,3.3515138271762384,6.264946568257431,0.5797257996158602,0.009942320285698004,144.82744791702822,0.05,0.007241372395851412,2.296492321332852,2.339668467593628,0.9815460408776706,7.781868800081035e-05,20714.60840621684,1.0498134607564409,0.7624155634391229,14.940157699980773,-7.443702321197065e-08,2.119379560738821e-07
UG0001_T3_graded_two_layer_coarse_hot__SOLAR_SALT_60_40_V10,UG0001,T3_graded_two_layer_coarse_hot,SOLAR_SALT_60_40_V10,graded_two_layer,coarse_hot,3.3515138271762384,6.264946568257431,0.5797257996158602,0.009942320285698004,144.82744791702822,0.060295,0.008732370972157217,2.2960973719108626,2.339668467593628,0.9813772351569201,9.388178551978009e-05,17379.33114223979,1.0498134607564409,0.7764694728953437,12.214736099995207,-5.8664473279179674e-08,1.7230981086413522e-07
UG0001_T3_graded_two_layer_coarse_hot__SOLAR_SALT_60_40_V10,UG0001,T3_graded_two_layer_coarse_hot,SOLAR_SALT_60_40_V10,graded_two_layer,coarse_hot,3.3515138271762384,6.264946568257431,0.5797257996158602,0.009942320285698004,144.82744791702822,0.072707,0.01052996925570337,2.29563305944593,2.339668467593628,0.9811787829097903,0.00011326626473120588,14586.61223341772,1.0498134607564409,0.7913048290282014,10.00691930000903,-4.893037086617369e-08,1.3713472579723884e-07
UG0001_T3_graded_two_layer_coarse_hot__SOLAR_SALT_60_40_V10,UG0001,T3_graded_two_layer_coarse_hot,SOLAR_SALT_60_40_V10,graded_two_layer,coarse_hot,3.3515138271762384,6.264946568257431,0.5797257996158602,0.009942320285698004,144.82744791702822,0.087675,0.01269774649612545,2.2950880724250178,2.339668467593628,0.9809458494713735,0.00013666914529189157,12246.929300036203,1.0498134607564409,0.8069899660196458,8.294855899992399,-4.038022138885822e-08,1.1647871556164091e-07
UG0001_T3_graded_two_layer_coarse_hot__SOLAR_SALT_60_40_V10,UG0001,T3_graded_two_layer_coarse_hot,SOLAR_SALT_60_40_V10,graded_two_layer,coarse_hot,3.3515138271762384,6.264946568257431,0.5797257996158602,0.009942320285698004,144.82744791702822,0.105736,0.015313475032954896,2.294449340472521,2.339668467593628,0.9806728484195818,0.00016494667785744123,10285.321610193074,1.0498134607564409,0.8236060673149654,6.848053900001105,-3.138558302140382e-08,9.422438385087162e-08
UG0001_T3_graded_two_layer_coarse_hot__SOLAR_SALT_60_40_V10,UG0001,T3_graded_two_layer_coarse_hot,SOLAR_SALT_60_40_V10,graded_two_layer,coarse_hot,3.3515138271762384,6.264946568257431,0.5797257996158602,0.009942320285698004,144.82744791702822,0.127532,0.018470134087754445,2.293702409585718,2.339668467593628,0.9803536019549016,0.0001991282825048054,8640.364829927446,1.0498134607564409,0.8412356327823918,5.682526599965058,-2.4407964538397664e-08,7.366596221913824e-08
UG0001_T3_graded_two_layer_coarse_hot__SOLAR_SALT_60_40_V10,UG0001,T3_graded_two_layer_coarse_hot,SOLAR_SALT_60_40_V10,graded_two_layer,coarse_hot,3.3515138271762384,6.264946568257431,0.5797257996158602,0.009942320285698004,144.82744791702822,0.153826,0.022278227003284783,2.2928315797799472,2.339668467593628,0.9799813997314532,0.00024044583158134571,7261.223604670319,1.0498134607564409,0.8599623089263045,4.73217959998874,-2.019178158008117e-08,5.8279314707476715e-08
UG0001_T3_graded_two_layer_coarse_hot__SOLAR_SALT_60_40_V10,UG0001,T3_graded_two_layer_coarse_hot,SOLAR_SALT_60_40_V10,graded_two_layer,coarse_hot,3.3515138271762384,6.264946568257431,0.5797257996158602,0.009942320285698004,144.82744791702822,0.18554,0.02687128468652542,2.291819529976098,2.339668467593628,0.9795488385297841,0.0002903994228129381,6104.845815476835,1.0498134607564409,0.8798831515703742,3.905641400022432,-1.569394614264752e-08,5.035067918157665e-08
UG0001_T3_graded_two_layer_coarse_hot__SOLAR_SALT_60_40_V10,UG0001,T3_graded_two_layer_coarse_hot,SOLAR_SALT_60_40_V10,graded_two_layer,coarse_hot,3.3515138271762384,6.264946568257431,0.5797257996158602,0.009942320285698004,144.82744791702822,0.223797,0.03241194836148716,2.290647132289141,2.339668467593628,0.9790477428817487,0.0003508325601062,5134.807618472372,1.0498134607564409,0.9011140399812771,3.269038400030695,-1.3498113737853146e-08,4.175000345441049e-08
UG0001_T3_graded_two_layer_coarse_hot__SOLAR_SALT_60_40_V10,UG0001,T3_graded_two_layer_coarse_hot,SOLAR_SALT_60_40_V10,graded_two_layer,coarse_hot,3.3515138271762384,6.264946568257431,0.5797257996158602,0.009942320285698004,144.82744791702822,0.269974,0.03909964542395178,2.2892932183166366,2.339668467593628,0.9784690651796479,0.00042402930848087716,4320.44283326475,1.0498134607564409,0.9237941735550691,2.710634399962146,-9.075962204008192e-09,3.4246272484494966e-08
UG0001_T3_graded_two_layer_coarse_hot__SOLAR_SALT_60_40_V10,UG0001,T3_graded_two_layer_coarse_hot,SOLAR_SALT_60_40_V10,graded_two_layer,coarse_hot,3.3515138271762384,6.264946568257431,0.5797257996158602,0.009942320285698004,144.82744791702822,0.325696,0.04716972047678442,2.287736558967204,2.339668467593628,0.9778037318766635,0.0005127241535357971,3636.8232847344516,1.0498134607564409,0.9480602133994067,2.2760044999886304,-7.509537436334313e-09,2.554523259590269e-08
UG0001_T3_graded_two_layer_coarse_hot__SOLAR_SALT_60_40_V10,UG0001,T3_graded_two_layer_coarse_hot,SOLAR_SALT_60_40_V10,graded_two_layer,coarse_hot,3.3515138271762384,6.264946568257431,0.5797257996158602,0.009942320285698004,144.82744791702822,0.392923,0.05690603531790248,2.2859552563086116,2.339668467593628,0.9770423835560512,0.0006202676309315568,3062.895847637794,1.0498134607564409,0.9740679019303852,1.8766447000089101,-6.676104113978454e-09,2.1381452164348502e-08
UG0001_T3_graded_two_layer_coarse_hot__SOLAR_SALT_60_40_V10,UG0001,T3_graded_two_layer_coarse_hot,SOLAR_SALT_60_40_V10,graded_two_layer,coarse_hot,3.3515138271762384,6.264946568257431,0.5797257996158602,0.009942320285698004,144.82744791702822,0.47403,0.06865255513610889,2.283926680416845,2.339668467593628,0.9761753479397388,0.0007507947546535971,2580.887775901964,1.0498134607564409,1.0019977000964235,1.5813874999876134,-5.375666578544269e-09,1.664928195310722e-08
UG0001_T3_graded_two_layer_coarse_hot__SOLAR_SALT_60_40_V10,UG0001,T3_graded_two_layer_coarse_hot,SOLAR_SALT_60_40_V10,graded_two_layer,coarse_hot,3.3515138271762384,6.264946568257431,0.5797257996158602,0.009942320285698004,144.82744791702822,0.571866,0.08282189333051926,2.281628728055026,2.339668467593628,0.9751931778615215,0.0009093788183692641,2175.979373159063,1.0498134607564409,1.032048291104462,1.3088233000016771,-3.1565083880025213e-09,1.4137069292985416e-08
UG0001_T3_graded_two_layer_coarse_hot__SOLAR_SALT_60_40_V10,UG0001,T3_graded_two_layer_coarse_hot,SOLAR_SALT_60_40_V10,graded_two_layer,coarse_hot,3.3515138271762384,6.264946568257431,0.5797257996158602,0.009942320285698004,144.82744791702822,0.689885,0.09991428390623902,2.2790396158203454,2.339668467593628,0.9740865628557881,0.001102328877277409,1835.6734534310613,1.0498134607564409,1.064449936055379,1.0627355999895371,-2.84522405635812e-09,1.1587775183841131e-08
UG0001_T3_graded_two_layer_coarse_hot__SOLAR_SALT_60_40_V10,UG0001,T3_graded_two_layer_coarse_hot,SOLAR_SALT_60_40_V10,graded_two_layer,coarse_hot,3.3515138271762384,6.264946568257431,0.5797257996158602,0.009942320285698004,144.82744791702822,0.832247,0.12053220904660299,2.276138403155351,2.339668467593628,0.9728465526982897,0.0013374798531059207,1549.53559864911,1.0498134607564409,1.0994606874586246,0.8838392000179738,-9.592882044273665e-10,9.222977936929055e-09
UG0001_T3_graded_two_layer_coarse_hot__SOLAR_SALT_60_40_V10,UG0001,T3_graded_two_layer_coarse_hot,SOLAR_SALT_60_40_V10,graded_two_layer,coarse_hot,3.3515138271762384,6.264946568257431,0.5797257996158602,0.009942320285698004,144.82744791702822,1.0,0.14482744791702823,2.272977276581603,2.339668467593628,0.9714954524815146,0.001617942790190825,1313.4950905088888,1.0498134607564409,1.1365393600585227,0.7283268999890424,-8.227751813194573e-10,7.1592509698348294e-09
UG0001_T3_graded_two_layer_coarse_hot__NREL_MGCL2_KCL_NACL_BASELINE_V10,UG0001,T3_graded_two_layer_coarse_hot,NREL_MGCL2_KCL_NACL_BASELINE_V10,graded_two_layer,coarse_hot,3.3515138271762384,6.264946568257431,0.5797257996158602,0.009942320285698004,144.82744791702822,0.05,0.007241372395851412,1.88129696398541,1.9178453391106034,0.9809430018261314,0.00030571609409406824,18777.069300366795,0.6802488242281697,0.6651451651487094,12.653749599994626,-6.104108329907376e-08,1.3561951561769092e-07
UG0001_T3_graded_two_layer_coarse_hot__NREL_MGCL2_KCL_NACL_BASELINE_V10,UG0001,T3_graded_two_layer_coarse_hot,NREL_MGCL2_KCL_NACL_BASELINE_V10,graded_two_layer,coarse_hot,3.3515138271762384,6.264946568257431,0.5797257996158602,0.009942320285698004,144.82744791702822,0.060295,0.008732370972157217,1.8807695806381066,1.9178453391106034,0.9806680144032415,0.000368753959033438,15770.942844407591,0.6802488242281697,0.6779095139486397,10.506846100033727,-5.0153947661613074e-08,1.1188694415409373e-07
UG0001_T3_graded_two_layer_coarse_hot__NREL_MGCL2_KCL_NACL_BASELINE_V10,UG0001,T3_graded_two_layer_coarse_hot,NREL_MGCL2_KCL_NACL_BASELINE_V10,graded_two_layer,coarse_hot,3.3515138271762384,6.264946568257431,0.5797257996158602,0.009942320285698004,144.82744791702822,0.072707,0.01052996925570337,1.8801522661883494,1.9178453391106034,0.9803461352416801,0.0004447958216850085,13250.922612825978,0.6802488242281697,0.6913365637216207,8.752399999997579,-4.147766574646994e-08,9.252925092795294e-08
UG0001_T3_graded_two_layer_coarse_hot__NREL_MGCL2_KCL_NACL_BASELINE_V10,UG0001,T3_graded_two_layer_coarse_hot,NREL_MGCL2_KCL_NACL_BASELINE_V10,graded_two_layer,coarse_hot,3.3515138271762384,6.264946568257431,0.5797257996158602,0.009942320285698004,144.82744791702822,0.087675,0.01269774649612545,1.8794312470365668,1.9178453391106034,0.979970182532106,0.0005365569938477988,11137.257900283075,0.6802488242281697,0.7054799953252818,7.27249619999202,-3.2467994959262114e-08,7.614382457887814e-08
UG0001_T3_graded_two_layer_coarse_hot__NREL_MGCL2_KCL_NACL_BASELINE_V10,UG0001,T3_graded_two_layer_coarse_hot,NREL_MGCL2_KCL_NACL_BASELINE_V10,graded_two_layer,coarse_hot,3.3515138271762384,6.264946568257431,0.5797257996158602,0.009942320285698004,144.82744791702822,0.105736,0.015313475032954896,1.878590910699362,1.9178453391106034,0.9795320156371704,0.0006473671476180304,9363.09465099167,0.6802488242281697,0.7204038020425995,6.0952743999660015,-2.6882296388919258e-08,6.14399198184401e-08
UG0001_T3_graded_two_layer_coarse_hot__NREL_MGCL2_KCL_NACL_BASELINE_V10,UG0001,T3_graded_two_layer_coarse_hot,NREL_MGCL2_KCL_NACL_BASELINE_V10,graded_two_layer,coarse_hot,3.3515138271762384,6.264946568257431,0.5797257996158602,0.009942320285698004,144.82744791702822,0.127532,0.018470134087754445,1.8776144183732795,1.9178453391106034,0.9790228544935846,0.0007812199948058861,7873.605277892597,0.6802488242281697,0.7361717222126858,5.096055699978024,-2.0749590934343587e-08,4.63482141555005e-08
UG0001_T3_graded_two_layer_coarse_hot__NREL_MGCL2_KCL_NACL_BASELINE_V10,UG0001,T3_graded_two_layer_coarse_hot,NREL_MGCL2_KCL_NACL_BASELINE_V10,graded_two_layer,coarse_hot,3.3515138271762384,6.264946568257431,0.5797257996158602,0.009942320285698004,144.82744791702822,0.153826,0.022278227003284783,1.876484060688006,1.9178453391106034,0.9784334651084126,0.0009428810170818027,6623.3719234857035,0.6802488242281697,0.7528470320274608,4.167930100054946,-1.703784890949578e-08,3.807116844001257e-08
UG0001_T3_graded_two_layer_coarse_hot__NREL_MGCL2_KCL_NACL_BASELINE_V10,UG0001,T3_graded_two_layer_coarse_hot,NREL_MGCL2_KCL_NACL_BASELINE_V10,graded_two_layer,coarse_hot,3.3515138271762384,6.264946568257431,0.5797257996158602,0.009942320285698004,144.82744791702822,0.18554,0.02687128468652542,1.8751808990049819,1.9178453391106034,0.977753972525539,0.001138134796405644,5573.882596169073,0.6802488242281697,0.7705033591374019,3.41076310002245,-1.3978651569601652e-08,3.048992169851772e-08
UG0001_T3_graded_two_layer_coarse_hot__NREL_MGCL2_KCL_NACL_BASELINE_V10,UG0001,T3_graded_two_layer_coarse_hot,NREL_MGCL2_KCL_NACL_BASELINE_V10,graded_two_layer,coarse_hot,3.3515138271762384,6.264946568257431,0.5797257996158602,0.009942320285698004,144.82744791702822,0.223797,0.03241194836148716,1.8736846508691347,1.9178453391106034,0.9769738010980865,0.001374063994682178,4692.512724316106,0.6802488242281697,0.7892291750446471,2.781113800010644,-1.295176188520486e-08,2.6436874911439645e-08
UG0001_T3_graded_two_layer_coarse_hot__NREL_MGCL2_KCL_NACL_BASELINE_V10,UG0001,T3_graded_two_layer_coarse_hot,NREL_MGCL2_KCL_NACL_BASELINE_V10,graded_two_layer,coarse_hot,3.3515138271762384,6.264946568257431,0.5797257996158602,0.009942320285698004,144.82744791702822,0.269974,0.03909964542395178,1.8719736070628488,1.9178453391106034,0.9760816312388216,0.0016594065612973211,3951.7600519014563,0.6802488242281697,0.809131336623621,2.3109445000300184,-9.991896199323946e-09,2.10316652982101e-08
UG0001_T3_graded_two_layer_coarse_hot__NREL_MGCL2_KCL_NACL_BASELINE_V10,UG0001,T3_graded_two_layer_coarse_hot,NREL_MGCL2_KCL_NACL_BASELINE_V10,graded_two_layer,coarse_hot,3.3515138271762384,6.264946568257431,0.5797257996158602,0.009942320285698004,144.82744791702822,0.325696,0.04716972047678442,1.8700271064023533,1.9178453391106034,0.975066689824725,0.0020045624350267656,3329.2508155331657,0.6802488242281697,0.8303120710620714,1.9008624999551103,-7.35884686520194e-09,1.611535349610449e-08
UG0001_T3_graded_two_layer_coarse_hot__NREL_MGCL2_KCL_NACL_BASELINE_V10,UG0001,T3_graded_two_layer_coarse_hot,NREL_MGCL2_KCL_NACL_BASELINE_V10,graded_two_layer,coarse_hot,3.3515138271762384,6.264946568257431,0.5797257996158602,0.009942320285698004,144.82744791702822,0.392923,0.05690603531790248,1.86782451283635,1.9178453391106034,0.9739182168373127,0.002422193800065706,2806.065339678109,0.6802488242281697,0.8528878128066495,1.5634297000360675,-5.5232152185169525e-09,1.3192869019462705e-08
UG0001_T3_graded_two_layer_coarse_hot__NREL_MGCL2_KCL_NACL_BASELINE_V10,UG0001,T3_graded_two_layer_coarse_hot,NREL_MGCL2_KCL_NACL_BASELINE_V10,graded_two_layer,coarse_hot,3.3515138271762384,6.264946568257431,0.5797257996158602,0.009942320285698004,144.82744791702822,0.47403,0.06865255513610889,1.8653452891310631,1.9178453391106034,0.9726255037833827,0.0029278134896085647,2366.2112379374876,0.6802488242281697,0.8769936973321119,1.3040508999838494,-4.580913426366351e-09,1.1031242586057033e-08
UG0001_T3_graded_two_layer_coarse_hot__NREL_MGCL2_KCL_NACL_BASELINE_V10,UG0001,T3_graded_two_layer_coarse_hot,NREL_MGCL2_KCL_NACL_BASELINE_V10,graded_two_layer,coarse_hot,3.3515138271762384,6.264946568257431,0.5797257996158602,0.009942320285698004,144.82744791702822,0.571866,0.08282189333051926,1.862569893965258,1.9178453391106034,0.9711783614569363,0.003540285798318395,1996.3380060054296,0.6802488242281697,0.902777526172407,1.065598700020928,-3.830913364311073e-09,9.17068643246921e-09
UG0001_T3_graded_two_layer_coarse_hot__NREL_MGCL2_KCL_NACL_BASELINE_V10,UG0001,T3_graded_two_layer_coarse_hot,NREL_MGCL2_KCL_NACL_BASELINE_V10,graded_two_layer,coarse_hot,3.3515138271762384,6.264946568257431,0.5797257996158602,0.009942320285698004,144.82744791702822,0.689885,0.09991428390623902,1.859479222597178,1.9178453391106034,0.9695668282925813,0.004282838992424633,1685.1726560685822,0.6802488242281697,0.9304108425729005,0.8844694999861531,-2.8385072070591377e-09,7.521228084783615e-09
UG0001_T3_graded_two_layer_coarse_hot__NREL_MGCL2_KCL_NACL_BASELINE_V10,UG0001,T3_graded_two_layer_coarse_hot,NREL_MGCL2_KCL_NACL_BASELINE_V10,graded_two_layer,coarse_hot,3.3515138271762384,6.264946568257431,0.5797257996158602,0.009942320285698004,144.82744791702822,0.832247,0.12053220904660299,1.8560545760650866,1.9178453391106034,0.9677811543061277,0.005183983242705765,1423.2916124545477,0.6802488242281697,0.9600851482498064,0.738136800006032,-2.0743851081306275e-09,5.376499245812738e-09
UG0001_T3_graded_two_layer_coarse_hot__NREL_MGCL2_KCL_NACL_BASELINE_V10,UG0001,T3_graded_two_layer_coarse_hot,NREL_MGCL2_KCL_NACL_BASELINE_V10,graded_two_layer,coarse_hot,3.3515138271762384,6.264946568257431,0.5797257996158602,0.009942320285698004,144.82744791702822,1.0,0.14482744791702823,1.8523618795049166,1.9178453391106034,0.965855714081692,0.006253471157101373,1207.0708363707736,0.6802488242281697,0.991317033725346,0.6314369000028819,-1.4719780949690175e-09,4.52262671757353e-09
UG0001_T3_graded_two_layer_coarse_hot__AIP_FLINAK_2017_V10,UG0001,T3_graded_two_layer_coarse_hot,AIP_FLINAK_2017_V10,graded_two_layer,coarse_hot,3.3515138271762384,6.264946568257431,0.5797257996158602,0.009942320285698004,144.82744791702822,0.05,0.007241372395851412,2.8520781084446516,2.9043469260691683,0.9820032458397595,0.0002880299860268899,24907.14664920708,1.5445354785185763,1.0071216023774552,19.481605900044087,-1.0012402018588773e-07,2.1658379534272854e-07
UG0001_T3_graded_two_layer_coarse_hot__AIP_FLINAK_2017_V10,UG0001,T3_graded_two_layer_coarse_hot,AIP_FLINAK_2017_V10,graded_two_layer,coarse_hot,3.3515138271762384,6.264946568257431,0.5797257996158602,0.009942320285698004,144.82744791702822,0.060295,0.008732370972157217,2.8518297659320555,2.9043469260691683,0.9819177386607215,0.0003473576616238332,20880.47975759001,1.5445354785185763,1.0257697621126411,16.3153940999764,-7.655410749762837e-08,1.5735333036559496e-07
UG0001_T3_graded_two_layer_coarse_hot__AIP_FLINAK_2017_V10,UG0001,T3_graded_two_layer_coarse_hot,AIP_FLINAK_2017_V10,graded_two_layer,coarse_hot,3.3515138271762384,6.264946568257431,0.5797257996158602,0.009942320285698004,144.82744791702822,0.072707,0.01052996925570337,2.8515367034991415,2.9043469260691683,0.9818168338995569,0.0004188952385217586,17509.160819659402,1.5445354785185763,1.045267978278075,13.611196999961976,-5.9095894844318764e-08,1.426391227354884e-07
UG0001_T3_graded_two_layer_coarse_hot__AIP_FLINAK_2017_V10,UG0001,T3_graded_two_layer_coarse_hot,AIP_FLINAK_2017_V10,graded_two_layer,coarse_hot,3.3515138271762384,6.264946568257431,0.5797257996158602,0.009942320285698004,144.82744791702822,0.087675,0.01269774649612545,2.8511911490444084,2.9043469260691683,0.9816978555324646,0.000505179254326752,14685.198986356754,1.5445354785185763,1.0656736263927138,11.257701900030952,-5.227919208650178e-08,1.1713947589697682e-07
UG0001_T3_graded_two_layer_coarse_hot__AIP_FLINAK_2017_V10,UG0001,T3_graded_two_layer_coarse_hot,AIP_FLINAK_2017_V10,graded_two_layer,coarse_hot,3.3515138271762384,6.264946568257431,0.5797257996158602,0.009942320285698004,144.82744791702822,0.105736,0.015313475032954896,2.850783952440902,2.9043469260691683,0.9815576530656548,0.0006093145031209375,12318.13282913886,1.5445354785185763,1.0870557385274764,9.442511299974285,-4.9754900199872054e-08,9.288247948546768e-08
UG0001_T3_graded_two_layer_coarse_hot__AIP_FLINAK_2017_V10,UG0001,T3_graded_two_layer_coarse_hot,AIP_FLINAK_2017_V10,graded_two_layer,coarse_hot,3.3515138271762384,6.264946568257431,0.5797257996158602,0.009942320285698004,144.82744791702822,0.127532,0.018470134087754445,2.8503047017661567,2.9043469260691683,0.9813926415546526,0.0007350160470067761,10333.807222407124,1.5445354785185763,1.1094793319159295,7.880552500020713,-3.3063618509743264e-08,7.630229781341313e-08
UG0001_T3_graded_two_layer_coarse_hot__AIP_FLINAK_2017_V10,UG0001,T3_graded_two_layer_coarse_hot,AIP_FLINAK_2017_V10,graded_two_layer,coarse_hot,3.3515138271762384,6.264946568257431,0.5797257996158602,0.009942320285698004,144.82744791702822,0.153826,0.022278227003284783,2.849741706873772,2.9043469260691683,0.9811987959478033,0.0008867038142549354,8670.825580402421,1.5445354785185763,1.1330049731672216,6.635360000014771,-2.7226343402020348e-08,7.416114389258155e-08
UG0001_T3_graded_two_layer_coarse_hot__AIP_FLINAK_2017_V10,UG0001,T3_graded_two_layer_coarse_hot,AIP_FLINAK_2017_V10,graded_two_layer,coarse_hot,3.3515138271762384,6.264946568257431,0.5797257996158602,0.009942320285698004,144.82744791702822,0.18554,0.02687128468652542,2.849081613756777,2.9043469260691683,0.9809715183071502,0.0010697251779627152,7277.172149917302,1.5445354785185763,1.1577037632250837,5.458371999964584,-2.069839855067812e-08,5.631761723634554e-08
UG0001_T3_graded_two_layer_coarse_hot__AIP_FLINAK_2017_V10,UG0001,T3_graded_two_layer_coarse_hot,AIP_FLINAK_2017_V10,graded_two_layer,coarse_hot,3.3515138271762384,6.264946568257431,0.5797257996158602,0.009942320285698004,144.82744791702822,0.223797,0.03241194836148716,2.8483090701095644,2.9043469260691683,0.9807055226575678,0.0012906023411762483,6108.82508334366,1.5445354785185763,1.1836628335380783,4.262934500002302,-1.685361850078948e-08,4.462126224069607e-08
UG0001_T3_graded_two_layer_coarse_hot__AIP_FLINAK_2017_V10,UG0001,T3_graded_two_layer_coarse_hot,AIP_FLINAK_2017_V10,graded_two_layer,coarse_hot,3.3515138271762384,6.264946568257431,0.5797257996158602,0.009942320285698004,144.82744791702822,0.269974,0.03909964542395178,2.8474063745672797,2.9043469260691683,0.9803947142158551,0.001557345779454522,5128.710759764699,1.5445354785185763,1.2109891577102387,3.5432866000337526,-9.273026790879157e-09,3.345212995498059e-08
UG0001_T3_graded_two_layer_coarse_hot__AIP_FLINAK_2017_V10,UG0001,T3_graded_two_layer_coarse_hot,AIP_FLINAK_2017_V10,graded_two_layer,coarse_hot,3.3515138271762384,6.264946568257431,0.5797257996158602,0.009942320285698004,144.82744791702822,0.325696,0.04716972047678442,2.8463545568966406,2.9043469260691683,0.9800325613128399,0.0018794303195981755,4306.679570377147,1.5445354785185763,1.2397771092661718,2.955705299973488,-7.552991565518141e-09,2.7340552044563537e-08
UG0001_T3_graded_two_layer_coarse_hot__AIP_FLINAK_2017_V10,UG0001,T3_graded_two_layer_coarse_hot,AIP_FLINAK_2017_V10,graded_two_layer,coarse_hot,3.3515138271762384,6.264946568257431,0.5797257996158602,0.009942320285698004,144.82744791702822,0.392923,0.05690603531790248,2.8451326876916103,2.9043469260691683,0.9796118577136718,0.0022683130671567095,3617.2616958279195,1.5445354785185763,1.2701339756397616,2.466020399995614,-6.122291562604687e-09,2.2523871656687788e-08
UG0001_T3_graded_two_layer_coarse_hot__AIP_FLINAK_2017_V10,UG0001,T3_graded_two_layer_coarse_hot,AIP_FLINAK_2017_V10,graded_two_layer,coarse_hot,3.3515138271762384,6.264946568257431,0.5797257996158602,0.009942320285698004,144.82744791702822,0.47403,0.06865255513610889,2.843717698572457,2.9043469260691683,0.979124660710293,0.0027379186007273413,3038.951294594328,1.5445354785185763,1.3021849510113146,2.101346499985084,-4.373390538603417e-09,1.8562129611154887e-08
UG0001_T3_graded_two_layer_coarse_hot__AIP_FLINAK_2017_V10,UG0001,T3_graded_two_layer_coarse_hot,AIP_FLINAK_2017_V10,graded_two_layer,coarse_hot,3.3515138271762384,6.264946568257431,0.5797257996158602,0.009942320285698004,144.82744791702822,0.571866,0.08282189333051926,2.842085296107881,2.9043469260691683,0.9785626057953226,0.003305013203598846,2553.811125324656,1.5445354785185763,1.3360639810459412,1.730552599998191,-3.4936498138904426e-09,1.53037804651035e-08
UG0001_T3_graded_two_layer_coarse_hot__AIP_FLINAK_2017_V10,UG0001,T3_graded_two_layer_coarse_hot,AIP_FLINAK_2017_V10,graded_two_layer,coarse_hot,3.3515138271762384,6.264946568257431,0.5797257996158602,0.009942320285698004,144.82744791702822,0.689885,0.09991428390623902,2.8402091315157776,2.9043469260691683,0.9779166207804944,0.0039900113881266575,2146.713158800618,1.5445354785185763,1.3719272961163111,1.4626766000292264,-2.927791342699493e-09,1.2669643112417361e-08
UG0001_T3_graded_two_layer_coarse_hot__AIP_FLINAK_2017_V10,UG0001,T3_graded_two_layer_coarse_hot,AIP_FLINAK_2017_V10,graded_two_layer,coarse_hot,3.3515138271762384,6.264946568257431,0.5797257996158602,0.009942320285698004,144.82744791702822,0.832247,0.12053220904660299,2.8380621423007955,2.9043469260691683,0.9771773877378743,0.0048176313961907444,1805.0242306222947,1.5445354785185763,1.40994701987994,1.2310585000086576,-2.00424121743481e-09,1.0026202090784864e-08
UG0001_T3_graded_two_layer_coarse_hot__AIP_FLINAK_2017_V10,UG0001,T3_graded_two_layer_coarse_hot,AIP_FLINAK_2017_V10,graded_two_layer,coarse_hot,3.3515138271762384,6.264946568257431,0.5797257996158602,0.009942320285698004,144.82744791702822,1.0,0.14482744791702823,2.8356714684139765,2.9043469260691683,0.9763542512642801,0.005794730760661149,1523.7200259278793,1.5445354785185763,1.4494372953239583,1.030856000026688,-1.1326495297225847e-09,8.70159500010459e-09
UG0001_T3_graded_two_layer_coarse_hot__AIP_LINAK_CARBONATE_2017_V10,UG0001,T3_graded_two_layer_coarse_hot,AIP_LINAK_CARBONATE_2017_V10,graded_two_layer,coarse_hot,3.3515138271762384,6.264946568257431,0.5797257996158602,0.009942320285698004,144.82744791702822,0.05,0.007241372395851412,2.557014600588886,2.604569294602677,0.9817418203799237,0.0008450783111107412,21017.207337575874,1.2818964624678504,0.7825887703457878,16.836138899961952,-7.902790644109814e-08,2.0586730098415273e-07
UG0001_T3_graded_two_layer_coarse_hot__AIP_LINAK_CARBONATE_2017_V10,UG0001,T3_graded_two_layer_coarse_hot,AIP_LINAK_CARBONATE_2017_V10,graded_two_layer,coarse_hot,3.3515138271762384,6.264946568257431,0.5797257996158602,0.009942320285698004,144.82744791702822,0.060295,0.008732370972157217,2.556671304828067,2.604569294602677,0.9816100151860552,0.0010191113123007905,17658.575756846672,1.2818964624678504,0.7984616658462967,14.007498199993279,-6.502723914891817e-08,1.70357128403964e-07
UG0001_T3_graded_two_layer_coarse_hot__AIP_LINAK_CARBONATE_2017_V10,UG0001,T3_graded_two_layer_coarse_hot,AIP_LINAK_CARBONATE_2017_V10,graded_two_layer,coarse_hot,3.3515138271762384,6.264946568257431,0.5797257996158602,0.009942320285698004,144.82744791702822,0.072707,0.01052996925570337,2.5562674823613407,2.604569294602677,0.9814549713300276,0.0012289456277157248,14840.396434971633,1.2818964624678504,0.8150227868290341,11.546438100049272,-5.4274440497437126e-08,1.41178668755515e-07
UG0001_T3_graded_two_layer_coarse_hot__AIP_LINAK_CARBONATE_2017_V10,UG0001,T3_graded_two_layer_coarse_hot,AIP_LINAK_CARBONATE_2017_V10,graded_two_layer,coarse_hot,3.3515138271762384,6.264946568257431,0.5797257996158602,0.009942320285698004,144.82744791702822,0.087675,0.01269774649612545,2.555792948830956,2.604569294602677,0.9812727786230153,0.0014820117860026541,12474.553130131915,1.2818964624678504,0.8323146751833155,9.577053699991666,-4.366224048979461e-08,1.1604508465268282e-07
UG0001_T3_graded_two_layer_coarse_hot__AIP_LINAK_CARBONATE_2017_V10,UG0001,T3_graded_two_layer_coarse_hot,AIP_LINAK_CARBONATE_2017_V10,graded_two_layer,coarse_hot,3.3515138271762384,6.264946568257431,0.5797257996158602,0.009942320285698004,144.82744791702822,0.105736,0.015313475032954896,2.555235814209862,2.604569294602677,0.9810588720004314,0.001787401899900209,10487.07774779275,1.2818964624678504,0.8503887750134467,7.994886700005736,-3.3031188895193964e-08,9.598657424447765e-08
UG0001_T3_graded_two_layer_coarse_hot__AIP_LINAK_CARBONATE_2017_V10,UG0001,T3_graded_two_layer_coarse_hot,AIP_LINAK_CARBONATE_2017_V10,graded_two_layer,coarse_hot,3.3515138271762384,6.264946568257431,0.5797257996158602,0.009942320285698004,144.82744791702822,0.127532,0.018470134087754445,2.5545827008343713,2.604569294602677,0.9808081152335281,0.0021559903512043408,8817.241831697867,1.2818964624678504,0.8692920238494466,6.640868000045884,-3.084620336935018e-08,8.018750108362838e-08
UG0001_T3_graded_two_layer_coarse_hot__AIP_LINAK_CARBONATE_2017_V10,UG0001,T3_graded_two_layer_coarse_hot,AIP_LINAK_CARBONATE_2017_V10,graded_two_layer,coarse_hot,3.3515138271762384,6.264946568257431,0.5797257996158602,0.009942320285698004,144.82744791702822,0.153826,0.022278227003284783,2.5538188049584574,2.604569294602677,0.9805148245625919,0.0026007076326658193,7414.67989787734,1.2818964624678504,0.8890664419203302,5.469222499988973,-2.4853930025159343e-08,6.597533630525731e-08
UG0001_T3_graded_two_layer_coarse_hot__AIP_LINAK_CARBONATE_2017_V10,UG0001,T3_graded_two_layer_coarse_hot,AIP_LINAK_CARBONATE_2017_V10,graded_two_layer,coarse_hot,3.3515138271762384,6.264946568257431,0.5797257996158602,0.009942320285698004,144.82744791702822,0.18554,0.02687128468652542,2.5529273962574215,2.604569294602677,0.9801725765360628,0.003137187779249773,6236.623455851145,1.2818964624678504,0.9097616438168578,4.510337999963667,-1.8873280716036334e-08,5.263769420338349e-08
UG0001_T3_graded_two_layer_coarse_hot__AIP_LINAK_CARBONATE_2017_V10,UG0001,T3_graded_two_layer_coarse_hot,AIP_LINAK_CARBONATE_2017_V10,graded_two_layer,coarse_hot,3.3515138271762384,6.264946568257431,0.5797257996158602,0.009942320285698004,144.82744791702822,0.223797,0.03241194836148716,2.551889593773688,2.604569294602677,0.9797741219870193,0.003784485887601223,5246.790614112697,1.2818964624678504,0.9314391976209215,3.747363999951631,-1.7141188468627888e-08,4.379649976016253e-08
UG0001_T3_graded_two_layer_coarse_hot__AIP_LINAK_CARBONATE_2017_V10,UG0001,T3_graded_two_layer_coarse_hot,AIP_LINAK_CARBONATE_2017_V10,graded_two_layer,coarse_hot,3.3515138271762384,6.264946568257431,0.5797257996158602,0.009942320285698004,144.82744791702822,0.269974,0.03909964542395178,2.550683956148239,2.604569294602677,0.9793112287063731,0.004565985338608015,4414.554361616065,1.2818964624678504,0.9541754618907626,3.08096489997115,-1.6812140568589484e-08,3.6533465141985744e-08
UG0001_T3_graded_two_layer_coarse_hot__AIP_LINAK_CARBONATE_2017_V10,UG0001,T3_graded_two_layer_coarse_hot,AIP_LINAK_CARBONATE_2017_V10,graded_two_layer,coarse_hot,3.3515138271762384,6.264946568257431,0.5797257996158602,0.009942320285698004,144.82744791702822,0.325696,0.04716972047678442,2.5492880540594154,2.604569294602677,0.978775285166028,0.005509311361165264,3714.9728307362357,1.2818964624678504,0.9780343249598086,2.565157300035935,-1.5279277842950023e-08,3.077686994146234e-08
UG0001_T3_graded_two_layer_coarse_hot__AIP_LINAK_CARBONATE_2017_V10,UG0001,T3_graded_two_layer_coarse_hot,AIP_LINAK_CARBONATE_2017_V10,graded_two_layer,coarse_hot,3.3515138271762384,6.264946568257431,0.5797257996158602,0.009942320285698004,144.82744791702822,0.392923,0.05690603531790248,2.5476777330155578,2.604569294602677,0.9781570174750148,0.006647825042255313,3126.926536765299,1.2818964624678504,1.003088321995827,2.154819299990777,-1.048322539887181e-08,2.49966713994354e-08
UG0001_T3_graded_two_layer_coarse_hot__AIP_LINAK_CARBONATE_2017_V10,UG0001,T3_graded_two_layer_coarse_hot,AIP_LINAK_CARBONATE_2017_V10,graded_two_layer,coarse_hot,3.3515138271762384,6.264946568257431,0.5797257996158602,0.009942320285698004,144.82744791702822,0.47403,0.06865255513610889,2.545827211192299,2.604569294602677,0.9774465269432047,0.008022009706164065,2632.540312679425,1.2818964624678504,1.0294224145839284,1.753607099992223,-6.8558381194350204e-09,1.7318280143285847e-08
UG0001_T3_graded_two_layer_coarse_hot__AIP_LINAK_CARBONATE_2017_V10,UG0001,T3_graded_two_layer_coarse_hot,AIP_LINAK_CARBONATE_2017_V10,graded_two_layer,coarse_hot,3.3515138271762384,6.264946568257431,0.5797257996158602,0.009942320285698004,144.82744791702822,0.571866,0.08282189333051926,2.5437098213409977,2.604569294602677,0.9766335749301063,0.009680516444233633,2216.8738032369674,1.2818964624678504,1.0571260967661034,1.4667503999662586,-5.605838016009557e-09,1.5051249135922262e-08
UG0001_T3_graded_two_layer_coarse_hot__AIP_LINAK_CARBONATE_2017_V10,UG0001,T3_graded_two_layer_coarse_hot,AIP_LINAK_CARBONATE_2017_V10,graded_two_layer,coarse_hot,3.3515138271762384,6.264946568257431,0.5797257996158602,0.009942320285698004,144.82744791702822,0.689885,0.09991428390623902,2.5412977846260754,2.604569294602677,0.9757074960118296,0.011682451220485968,1867.2960322372328,1.2818964624678504,1.0863041223979204,1.214498499990441,-5.010514225745055e-09,1.1281753309333453e-08
UG0001_T3_graded_two_layer_coarse_hot__AIP_LINAK_CARBONATE_2017_V10,UG0001,T3_graded_two_layer_coarse_hot,AIP_LINAK_CARBONATE_2017_V10,graded_two_layer,coarse_hot,3.3515138271762384,6.264946568257431,0.5797257996158602,0.009942320285698004,144.82744791702822,0.832247,0.12053220904660299,2.538563123904213,2.604569294602677,0.9746575486260836,0.014099185593309041,1573.235949078082,1.2818964624678504,1.1170708064563195,1.0108973999740556,-2.765399020887571e-09,9.17919074083784e-09
UG0001_T3_graded_two_layer_coarse_hot__AIP_LINAK_CARBONATE_2017_V10,UG0001,T3_graded_two_layer_coarse_hot,AIP_LINAK_CARBONATE_2017_V10,graded_two_layer,coarse_hot,3.3515138271762384,6.264946568257431,0.5797257996158602,0.009942320285698004,144.82744791702822,1.0,0.14482744791702823,2.535546850264087,2.604569294602677,0.9734994785964721,0.016949586695507276,1330.617418465054,1.2818964624678504,1.1488484583426746,0.8343749999767169,-1.6015411219427733e-09,7.795963874457357e-09
UG0001_T3_graded_two_layer_coarse_hot__AIP_LIF_NAK_CARBONATE_RECIPROCAL_2017_V10,UG0001,T3_graded_two_layer_coarse_hot,AIP_LIF_NAK_CARBONATE_RECIPROCAL_2017_V10,graded_two_layer,coarse_hot,3.3515138271762384,6.264946568257431,0.5797257996158602,0.009942320285698004,144.82744791702822,0.05,0.007241372395851412,2.7856827058832927,2.836743733080625,0.9820001269054073,0.00045700722618692487,25704.854629793364,1.4853074567294215,1.059610718100346,17.87207620003028,-2.0584139948098823e-07,1.026520424218802e-07
UG0001_T3_graded_two_layer_coarse_hot__AIP_LIF_NAK_CARBONATE_RECIPROCAL_2017_V10,UG0001,T3_graded_two_layer_coarse_hot,AIP_LIF_NAK_CARBONATE_RECIPROCAL_2017_V10,graded_two_layer,coarse_hot,3.3515138271762384,6.264946568257431,0.5797257996158602,0.009942320285698004,144.82744791702822,0.060295,0.008732370972157217,2.7854385123786125,2.836743733080625,0.9819140445773379,0.0005511289693556708,21547.869178293102,1.4853074567294215,1.079433616556001,14.894172100001015,-1.694533513507679e-07,8.49604164798734e-08
UG0001_T3_graded_two_layer_coarse_hot__AIP_LIF_NAK_CARBONATE_RECIPROCAL_2017_V10,UG0001,T3_graded_two_layer_coarse_hot,AIP_LIF_NAK_CARBONATE_RECIPROCAL_2017_V10,graded_two_layer,coarse_hot,3.3515138271762384,6.264946568257431,0.5797257996158602,0.009942320285698004,144.82744791702822,0.072707,0.01052996925570337,2.7851503021840354,2.836743733080625,0.9818124456238561,0.0006646162011569719,18067.333488074597,1.4853074567294215,1.1001349508891332,12.466013800003566,-1.349118705640251e-07,6.564599974723251e-08
UG0001_T3_graded_two_layer_coarse_hot__AIP_LIF_NAK_CARBONATE_RECIPROCAL_2017_V10,UG0001,T3_graded_two_layer_coarse_hot,AIP_LIF_NAK_CARBONATE_RECIPROCAL_2017_V10,graded_two_layer,coarse_hot,3.3515138271762384,6.264946568257431,0.5797257996158602,0.009942320285698004,144.82744791702822,0.087675,0.01269774649612545,2.784810409031535,2.836743733080625,0.9816926275562116,0.0008014896455086973,15151.826769200787,1.4853074567294215,1.1217712255751005,10.387525400030427,-1.0653842252850154e-07,5.2780735337876195e-08
UG0001_T3_graded_two_layer_coarse_hot__AIP_LIF_NAK_CARBONATE_RECIPROCAL_2017_V10,UG0001,T3_graded_two_layer_coarse_hot,AIP_LIF_NAK_CARBONATE_RECIPROCAL_2017_V10,graded_two_layer,coarse_hot,3.3515138271762384,6.264946568257431,0.5797257996158602,0.009942320285698004,144.82744791702822,0.105736,0.015313475032954896,2.784409790368992,2.836743733080625,0.9815514027223038,0.0009666697538912757,12708.004010593837,1.4853074567294215,1.1444106094419881,8.606871299969498,-8.865866929497201e-08,4.348217341743066e-08
UG0001_T3_graded_two_layer_coarse_hot__AIP_LIF_NAK_CARBONATE_RECIPROCAL_2017_V10,UG0001,T3_graded_two_layer_coarse_hot,AIP_LIF_NAK_CARBONATE_RECIPROCAL_2017_V10,graded_two_layer,coarse_hot,3.3515138271762384,6.264946568257431,0.5797257996158602,0.009942320285698004,144.82744791702822,0.127532,0.018470134087754445,2.7839381510085035,2.836743733080625,0.9813851418947964,0.0011660424988350934,10659.33878228783,1.4853074567294215,1.1681162274319006,7.247900100017432,-7.302556337407395e-08,3.1993896421056434e-08
UG0001_T3_graded_two_layer_coarse_hot__AIP_LIF_NAK_CARBONATE_RECIPROCAL_2017_V10,UG0001,T3_graded_two_layer_coarse_hot,AIP_LIF_NAK_CARBONATE_RECIPROCAL_2017_V10,graded_two_layer,coarse_hot,3.3515138271762384,6.264946568257431,0.5797257996158602,0.009942320285698004,144.82744791702822,0.153826,0.022278227003284783,2.7833839382214487,2.836743733080625,0.9811897725420445,0.0014066082248807273,8942.464680281419,1.4853074567294215,1.192945669005937,5.921473300026264,-6.01687144552443e-08,2.689144462664217e-08
UG0001_T3_graded_two_layer_coarse_hot__AIP_LIF_NAK_CARBONATE_RECIPROCAL_2017_V10,UG0001,T3_graded_two_layer_coarse_hot,AIP_LIF_NAK_CARBONATE_RECIPROCAL_2017_V10,graded_two_layer,coarse_hot,3.3515138271762384,6.264946568257431,0.5797257996158602,0.009942320285698004,144.82744791702822,0.18554,0.02687128468652542,2.782733890139571,2.836743733080625,0.9809606196318619,0.0016968329225333614,7503.691309417997,1.4853074567294215,1.2189667437879275,4.791142900008708,-4.791840257922786e-08,2.1292345664392087e-08
UG0001_T3_graded_two_layer_coarse_hot__AIP_LIF_NAK_CARBONATE_RECIPROCAL_2017_V10,UG0001,T3_graded_two_layer_coarse_hot,AIP_LIF_NAK_CARBONATE_RECIPROCAL_2017_V10,graded_two_layer,coarse_hot,3.3515138271762384,6.264946568257431,0.5797257996158602,0.009942320285698004,144.82744791702822,0.223797,0.03241194836148716,2.7819727847802915,2.836743733080625,0.9806923171587115,0.0020470379576789438,6297.574945837213,1.4853074567294215,1.246263096599441,3.985546500014607,-4.001856623858657e-08,1.6187784446231035e-08
UG0001_T3_graded_two_layer_coarse_hot__AIP_LIF_NAK_CARBONATE_RECIPROCAL_2017_V10,UG0001,T3_graded_two_layer_coarse_hot,AIP_LIF_NAK_CARBONATE_RECIPROCAL_2017_V10,graded_two_layer,coarse_hot,3.3515138271762384,6.264946568257431,0.5797257996158602,0.009942320285698004,144.82744791702822,0.269974,0.03909964542395178,2.7810830738626016,2.836743733080625,0.9803786790576329,0.002469893232981473,5285.840971449008,1.4853074567294215,1.2749379689274631,3.3214815000537783,-3.267738302170642e-08,1.288864570625492e-08
UG0001_T3_graded_two_layer_coarse_hot__AIP_LIF_NAK_CARBONATE_RECIPROCAL_2017_V10,UG0001,T3_graded_two_layer_coarse_hot,AIP_LIF_NAK_CARBONATE_RECIPROCAL_2017_V10,graded_two_layer,coarse_hot,3.3515138271762384,6.264946568257431,0.5797257996158602,0.009942320285698004,144.82744791702822,0.325696,0.04716972047678442,2.780045804819209,2.836743733080625,0.9800130242290713,0.0029803737785519735,4437.360138953885,1.4853074567294215,1.305079964811131,2.7670113000203855,-2.6004176589822237e-08,9.502332254385237e-09
UG0001_T3_graded_two_layer_coarse_hot__AIP_LIF_NAK_CARBONATE_RECIPROCAL_2017_V10,UG0001,T3_graded_two_layer_coarse_hot,AIP_LIF_NAK_CARBONATE_RECIPROCAL_2017_V10,graded_two_layer,coarse_hot,3.3515138271762384,6.264946568257431,0.5797257996158602,0.009942320285698004,144.82744791702822,0.392923,0.05690603531790248,2.7788401497850046,2.836743733080625,0.9795880104993698,0.003596572942388048,3725.8327483151984,1.4853074567294215,1.3367897446395045,2.2597008000011556,-2.1554513729427072e-08,8.928835448784866e-09
UG0001_T3_graded_two_layer_coarse_hot__AIP_LIF_NAK_CARBONATE_RECIPROCAL_2017_V10,UG0001,T3_graded_two_layer_coarse_hot,AIP_LIF_NAK_CARBONATE_RECIPROCAL_2017_V10,graded_two_layer,coarse_hot,3.3515138271762384,6.264946568257431,0.5797257996158602,0.009942320285698004,144.82744791702822,0.47403,0.06865255513610889,2.777443078005612,2.836743733080625,0.9790955191392583,0.004340459753720719,3129.0504941530735,1.4853074567294215,1.370184997465098,1.888204200018663,-1.8592105632819766e-08,5.711497941263133e-09
UG0001_T3_graded_two_layer_coarse_hot__AIP_LIF_NAK_CARBONATE_RECIPROCAL_2017_V10,UG0001,T3_graded_two_layer_coarse_hot,AIP_LIF_NAK_CARBONATE_RECIPROCAL_2017_V10,graded_two_layer,coarse_hot,3.3515138271762384,6.264946568257431,0.5797257996158602,0.009942320285698004,144.82744791702822,0.571866,0.08282189333051926,2.7758302160909545,2.836743733080625,0.978526958117743,0.005238455095578015,2628.4887812796414,1.4853074567294215,1.4053906368925135,1.5572236999869347,-1.5625600813251594e-08,4.771072426024148e-09
UG0001_T3_graded_two_layer_coarse_hot__AIP_LIF_NAK_CARBONATE_RECIPROCAL_2017_V10,UG0001,T3_graded_two_layer_coarse_hot,AIP_LIF_NAK_CARBONATE_RECIPROCAL_2017_V10,graded_two_layer,coarse_hot,3.3515138271762384,6.264946568257431,0.5797257996158602,0.009942320285698004,144.82744791702822,0.689885,0.09991428390623902,2.7739750909756715,2.836743733080625,0.9778729952328867,0.006322684797254404,2208.5232398032254,1.4853074567294215,1.4425526226141903,1.255336600006558,-1.3605294668650458e-08,3.0575320053571886e-09
UG0001_T3_graded_two_layer_coarse_hot__AIP_LIF_NAK_CARBONATE_RECIPROCAL_2017_V10,UG0001,T3_graded_two_layer_coarse_hot,AIP_LIF_NAK_CARBONATE_RECIPROCAL_2017_V10,graded_two_layer,coarse_hot,3.3515138271762384,6.264946568257431,0.5797257996158602,0.009942320285698004,144.82744791702822,0.832247,0.12053220904660299,2.7718505356125083,2.836743733080625,0.977124053642433,0.007631981932714192,1856.105400873492,1.4853074567294215,1.4818309821975273,1.0519119999953546,-1.0268230710153148e-08,2.2807533639479516e-09
UG0001_T3_graded_two_layer_coarse_hot__AIP_LIF_NAK_CARBONATE_RECIPROCAL_2017_V10,UG0001,T3_graded_two_layer_coarse_hot,AIP_LIF_NAK_CARBONATE_RECIPROCAL_2017_V10,graded_two_layer,coarse_hot,3.3515138271762384,6.264946568257431,0.5797257996158602,0.009942320285698004,144.82744791702822,1.0,0.14482744791702823,2.7694828844776507,2.836743733080625,0.9762894166932976,0.009176806638448432,1566.03495191646,1.4853074567294215,1.5225009965045244,0.8637152000446804,-8.14168732432563e-09,1.4843237750028493e-09
UG0002_T1_homogeneous_none__SOLAR_SALT_60_40_V10,UG0002,T1_homogeneous_none,SOLAR_SALT_60_40_V10,homogeneous,none,4.0544776125744,4.289179343389838,0.4666173623085811,0.017063729789134834,355.20248809783055,0.05,0.01776012440489153,2.3623320329390998,2.4177633343550538,0.9770733137407178,7.975285340001117e-05,3767.8596969751716,0.6658007176322986,0.9848398699577255,5.998519200016744,-5.0699988651814465e-08,5.3166515634472944e-08
UG0002_T1_homogeneous_none__SOLAR_SALT_60_40_V10,UG0002,T1_homogeneous_none,SOLAR_SALT_60_40_V10,homogeneous,none,4.0544776125744,4.289179343389838,0.4666173623085811,0.017063729789134834,355.20248809783055,0.060295,0.021416934019858693,2.3600247933779723,2.4177633343550538,0.9761190269714785,9.627908733466929e-05,3167.6236987155285,0.6658007176322986,1.006631351738373,5.011220399988815,-4.1753722701542983e-08,4.324567370872501e-08
UG0002_T1_homogeneous_none__SOLAR_SALT_60_40_V10,UG0002,T1_homogeneous_none,SOLAR_SALT_60_40_V10,homogeneous,none,4.0544776125744,4.289179343389838,0.4666173623085811,0.017063729789134834,355.20248809783055,0.072707,0.025825707302128964,2.3573563939748134,2.4177633343550538,0.9750153625369812,0.0001162514029026856,2664.293486922266,0.6658007176322986,1.0298331847890978,4.1451625999761745,-3.255756775288887e-08,3.351152688679804e-08
UG0002_T1_homogeneous_none__SOLAR_SALT_60_40_V10,UG0002,T1_homogeneous_none,SOLAR_SALT_60_40_V10,homogeneous,none,4.0544776125744,4.289179343389838,0.4666173623085811,0.017063729789134834,355.20248809783055,0.087675,0.031142378143977294,2.3542861598802443,2.4177633343550538,0.9737454970993915,0.0001404060157369536,2241.9676949165114,0.6658007176322986,1.054586729559117,3.4811539000365883,-2.303354174060246e-08,2.472373417106155e-08
UG0002_T1_homogeneous_none__SOLAR_SALT_60_40_V10,UG0002,T1_homogeneous_none,SOLAR_SALT_60_40_V10,homogeneous,none,4.0544776125744,4.289179343389838,0.4666173623085811,0.017063729789134834,355.20248809783055,0.105736,0.037557690281512214,2.3507724175273075,2.4177633343550538,0.9722921942458788,0.00016965298102856205,1887.31745825655,0.6658007176322986,1.0810590044832813,2.852861599996686,-2.036649737746643e-08,2.1544455108823968e-08
UG0002_T1_homogeneous_none__SOLAR_SALT_60_40_V10,UG0002,T1_homogeneous_none,SOLAR_SALT_60_40_V10,homogeneous,none,4.0544776125744,4.289179343389838,0.4666173623085811,0.017063729789134834,355.20248809783055,0.127532,0.04529968371209253,2.3467758084431796,2.4177633343550538,0.9706391750990755,0.00020509531249174098,1589.413246142239,0.6658007176322986,1.1094251953306224,2.345339099992998,-1.446585073949791e-08,1.5787260387867263e-08
UG0002_T1_homogeneous_none__SOLAR_SALT_60_40_V10,UG0002,T1_homogeneous_none,SOLAR_SALT_60_40_V10,homogeneous,none,4.0544776125744,4.289179343389838,0.4666173623085811,0.017063729789134834,355.20248809783055,0.153826,0.05463937793413688,2.342260918240117,2.4177633343550538,0.9687717920765484,0.0002480659506310369,1339.2028038259496,0.6658007176322986,1.1398686157538298,1.9630160999950022,-1.3981626967307648e-08,1.4707035589367479e-08
UG0002_T1_homogeneous_none__SOLAR_SALT_60_40_V10,UG0002,T1_homogeneous_none,SOLAR_SALT_60_40_V10,homogeneous,none,4.0544776125744,4.289179343389838,0.4666173623085811,0.017063729789134834,355.20248809783055,0.18554,0.06590426964167148,2.3371941598702093,2.4177633343550538,0.9666761533935097,0.00030020570168265794,1129.011063138731,0.6658007176322986,1.1726010891709964,1.6196369000244886,-8.837564013930432e-09,9.836309544652977e-09
UG0002_T1_homogeneous_none__SOLAR_SALT_60_40_V10,UG0002,T1_homogeneous_none,SOLAR_SALT_60_40_V10,homogeneous,none,4.0544776125744,4.289179343389838,0.4666173623085811,0.017063729789134834,355.20248809783055,0.223797,0.07949325122883018,2.331542068792195,2.4177633343550538,0.964338417934583,0.00036355587197463697,952.3367478296782,0.6658007176322986,1.2078731383395878,1.3603943000198342,-7.367595422635986e-09,8.140488283459035e-09
UG0002_T1_homogeneous_none__SOLAR_SALT_60_40_V10,UG0002,T1_homogeneous_none,SOLAR_SALT_60_40_V10,homogeneous,none,4.0544776125744,4.289179343389838,0.4666173623085811,0.017063729789134834,355.20248809783055,0.269974,0.0958954365217237,2.325269601352554,2.4177633343550538,0.9617440914550172,0.00044068113162501634,803.6996543531332,0.6658007176322986,1.2459832491133216,1.1314184999791905,-7.259848278096115e-09,8.183853594800894e-09
UG0002_T1_homogeneous_none__SOLAR_SALT_60_40_V10,UG0002,T1_homogeneous_none,SOLAR_SALT_60_40_V10,homogeneous,none,4.0544776125744,4.289179343389838,0.4666173623085811,0.017063729789134834,355.20248809783055,0.325696,0.11568802956351101,2.3183470355906213,2.4177633343550538,0.9588808807910257,0.0005347101084412438,678.6429439699484,0.6658007176322986,1.2872357876952192,0.9344721999950707,-6.024658549819151e-09,6.7408745252350855e-09
UG0002_T1_homogeneous_none__SOLAR_SALT_60_40_V10,UG0002,T1_homogeneous_none,SOLAR_SALT_60_40_V10,homogeneous,none,4.0544776125744,4.289179343389838,0.4666173623085811,0.017063729789134834,355.20248809783055,0.392923,0.13956722723086387,2.310744061478141,2.4177633343550538,0.9557362495508848,0.0006495531367111282,573.3982762460688,0.6658007176322986,1.3319778970568592,0.7859332999796607,-4.8582693423782075e-09,5.467426511529538e-09
UG0002_T1_homogeneous_none__SOLAR_SALT_60_40_V10,UG0002,T1_homogeneous_none,SOLAR_SALT_60_40_V10,homogeneous,none,4.0544776125744,4.289179343389838,0.4666173623085811,0.017063729789134834,355.20248809783055,0.47403,0.16837663543301462,2.3024275822073417,2.4177633343550538,0.9522965087157802,0.000790144621888907,484.78063085891387,0.6658007176322986,1.3806108823841459,0.6406143000349402,-3.6893266219806264e-09,4.185696234060288e-09
UG0002_T1_homogeneous_none__SOLAR_SALT_60_40_V10,UG0002,T1_homogeneous_none,SOLAR_SALT_60_40_V10,homogeneous,none,4.0544776125744,4.289179343389838,0.4666173623085811,0.017063729789134834,355.20248809783055,0.571866,0.20312822605855396,2.293364058818016,2.4177633343550538,0.9485477863902583,0.0009626990924668379,410.1316921829634,0.6658007176322986,1.4335807074053264,0.5283101999666542,-3.2444824604738187e-09,3.6113556589612017e-09
UG0002_T1_homogeneous_none__SOLAR_SALT_60_40_V10,UG0002,T1_homogeneous_none,SOLAR_SALT_60_40_V10,homogeneous,none,4.0544776125744,4.289179343389838,0.4666173623085811,0.017063729789134834,355.20248809783055,0.689885,0.24504886850137184,2.2835145159914525,2.4177633343550538,0.9444739621715652,0.00117516472418581,347.2069700174479,0.6658007176322986,1.491403156548935,0.44609500002115965,-2.2444823777334477e-09,2.5202506748200904e-09
UG0002_T1_homogeneous_none__SOLAR_SALT_60_40_V10,UG0002,T1_homogeneous_none,SOLAR_SALT_60_40_V10,homogeneous,none,4.0544776125744,4.289179343389838,0.4666173623085811,0.017063729789134834,355.20248809783055,0.832247,0.2956162051119552,2.2728382592073917,2.4177633343550538,0.9400582045858837,0.0014377317422475404,294.1305543037896,0.6658007176322986,1.5546594173828074,0.36767250002594665,-1.6404766434163776e-09,1.8883117292034513e-09
UG0002_T1_homogeneous_none__SOLAR_SALT_60_40_V10,UG0002,T1_homogeneous_none,SOLAR_SALT_60_40_V10,homogeneous,none,4.0544776125744,4.289179343389838,0.4666173623085811,0.017063729789134834,355.20248809783055,1.0,0.35520248809783056,2.2615454184879047,2.4177633343550538,0.9353874245475641,0.0017559389625771357,250.20004630090816,0.6658007176322986,1.6224760649529935,0.2975385999889113,-1.3199663584373411e-09,1.4992229679933189e-09
UG0002_T1_homogeneous_none__NREL_MGCL2_KCL_NACL_BASELINE_V10,UG0002,T1_homogeneous_none,NREL_MGCL2_KCL_NACL_BASELINE_V10,homogeneous,none,4.0544776125744,4.289179343389838,0.4666173623085811,0.017063729789134834,355.20248809783055,0.05,0.01776012440489153,2.0250363556034423,2.0775798138045474,0.974709294992193,0.0003128843538914307,3454.341855697039,0.43141964955688333,0.8605796870367375,5.324268399970606,-2.263176313022086e-08,6.143940911584878e-08
UG0002_T1_homogeneous_none__NREL_MGCL2_KCL_NACL_BASELINE_V10,UG0002,T1_homogeneous_none,NREL_MGCL2_KCL_NACL_BASELINE_V10,homogeneous,none,4.0544776125744,4.289179343389838,0.4666173623085811,0.017063729789134834,355.20248809783055,0.060295,0.021416934019858693,2.0222989965033684,2.0775798138045474,0.9733917239020787,0.0003775448223440003,2906.6761536767012,0.43141964955688333,0.8799243713580492,4.450689500023145,-1.717486153296477e-08,5.087554821869844e-08
UG0002_T1_homogeneous_none__NREL_MGCL2_KCL_NACL_BASELINE_V10,UG0002,T1_homogeneous_none,NREL_MGCL2_KCL_NACL_BASELINE_V10,homogeneous,none,4.0544776125744,4.289179343389838,0.4666173623085811,0.017063729789134834,355.20248809783055,0.072707,0.025825707302128964,2.0191707773044762,2.0775798138045474,0.9718860204012522,0.0004556095395741242,2446.926618306076,0.43141964955688333,0.9004224327495165,3.693154799984768,-1.3777201601783418e-08,3.9726821832175574e-08
UG0002_T1_homogeneous_none__NREL_MGCL2_KCL_NACL_BASELINE_V10,UG0002,T1_homogeneous_none,NREL_MGCL2_KCL_NACL_BASELINE_V10,homogeneous,none,4.0544776125744,4.289179343389838,0.4666173623085811,0.017063729789134834,355.20248809783055,0.087675,0.031142378143977294,2.0156171683552846,2.0775798138045474,0.9701755643573595,0.0005499069595293591,2060.753016453782,0.43141964955688333,0.9221817852713159,3.0589386000065133,-1.2350032108088271e-08,3.370128620616697e-08
UG0002_T1_homogeneous_none__NREL_MGCL2_KCL_NACL_BASELINE_V10,UG0002,T1_homogeneous_none,NREL_MGCL2_KCL_NACL_BASELINE_V10,homogeneous,none,4.0544776125744,4.289179343389838,0.4666173623085811,0.017063729789134834,355.20248809783055,0.105736,0.037557690281512214,2.0116036461568556,2.0775798138045474,0.9682437385994457,0.0006639183945828594,1736.1203681366183,0.43141964955688333,0.9453302735491405,2.602995000022929,-8.697575992755446e-09,2.9199931361745257e-08
UG0002_T1_homogeneous_none__NREL_MGCL2_KCL_NACL_BASELINE_V10,UG0002,T1_homogeneous_none,NREL_MGCL2_KCL_NACL_BASELINE_V10,homogeneous,none,4.0544776125744,4.289179343389838,0.4666173623085811,0.017063729789134834,355.20248809783055,0.127532,0.04529968371209253,2.0070986108108224,2.0775798138045474,0.9660753331711204,0.0008018397948229243,1463.1509320012285,0.43141964955688333,0.969999951551838,2.155198600026779,-8.528078243585924e-09,2.448297120594134e-08
UG0002_T1_homogeneous_none__NREL_MGCL2_KCL_NACL_BASELINE_V10,UG0002,T1_homogeneous_none,NREL_MGCL2_KCL_NACL_BASELINE_V10,homogeneous,none,4.0544776125744,4.289179343389838,0.4666173623085811,0.017063729789134834,355.20248809783055,0.153826,0.05463937793413688,2.0020740203228824,2.0775798138045474,0.9636568506394007,0.0009687077426739067,1233.6552426635105,0.43141964955688333,0.9963269364714229,1.7902265000157058,-3.913869228711064e-09,1.905064994645045e-08
UG0002_T1_homogeneous_none__NREL_MGCL2_KCL_NACL_BASELINE_V10,UG0002,T1_homogeneous_none,NREL_MGCL2_KCL_NACL_BASELINE_V10,homogeneous,none,4.0544776125744,4.289179343389838,0.4666173623085811,0.017063729789134834,355.20248809783055,0.18554,0.06590426964167148,1.9965020151168167,2.0775798138045474,0.9609748813744691,0.0011706764044310206,1040.680549294274,0.43141964955688333,1.0244688231150287,1.5063850000151433,-3.8684611070038954e-09,1.4446710494553372e-08
UG0002_T1_homogeneous_none__NREL_MGCL2_KCL_NACL_BASELINE_V10,UG0002,T1_homogeneous_none,NREL_MGCL2_KCL_NACL_BASELINE_V10,homogeneous,none,4.0544776125744,4.289179343389838,0.4666173623085811,0.017063729789134834,355.20248809783055,0.223797,0.07949325122883018,1.9903528451366583,2.0775798138045474,0.9580151058032492,0.0014153383053153174,878.3294599391216,0.43141964955688333,1.0546128385362559,1.2056178000057116,-3.922728808447573e-09,1.283382289329893e-08
UG0002_T1_homogeneous_none__NREL_MGCL2_KCL_NACL_BASELINE_V10,UG0002,T1_homogeneous_none,NREL_MGCL2_KCL_NACL_BASELINE_V10,homogeneous,none,4.0544776125744,4.289179343389838,0.4666173623085811,0.017063729789134834,355.20248809783055,0.269974,0.0958954365217237,1.983592970149555,2.0775798138045474,0.954761380029545,0.00171214260494477,741.6242362711585,0.43141964955688333,1.0869829282322283,0.9970888000098057,-2.617195349330359e-09,9.349210294828936e-09
UG0002_T1_homogeneous_none__NREL_MGCL2_KCL_NACL_BASELINE_V10,UG0002,T1_homogeneous_none,NREL_MGCL2_KCL_NACL_BASELINE_V10,homogeneous,none,4.0544776125744,4.289179343389838,0.4666173623085811,0.017063729789134834,355.20248809783055,0.325696,0.11568802956351101,1.9761923363645124,2.0775798138045474,0.9511992382837171,0.0020724709250601386,626.5130820645586,0.43141964955688333,1.1218033851771674,0.8243059999658726,-1.0681122653011244e-09,7.724665351815929e-09
UG0002_T1_homogeneous_none__NREL_MGCL2_KCL_NACL_BASELINE_V10,UG0002,T1_homogeneous_none,NREL_MGCL2_KCL_NACL_BASELINE_V10,homogeneous,none,4.0544776125744,4.289179343389838,0.4666173623085811,0.017063729789134834,355.20248809783055,0.392923,0.13956722723086387,1.9681190575280165,2.0775798138045474,0.947313332778257,0.0025103602646384332,529.5656035701046,0.43141964955688333,1.1593299286830991,0.669326999981422,4.1038283882244286e-10,5.929901014667394e-09
UG0002_T1_homogeneous_none__NREL_MGCL2_KCL_NACL_BASELINE_V10,UG0002,T1_homogeneous_none,NREL_MGCL2_KCL_NACL_BASELINE_V10,homogeneous,none,4.0544776125744,4.289179343389838,0.4666173623085811,0.017063729789134834,355.20248809783055,0.47403,0.16837663543301462,1.9593373174092195,2.0775798138045474,0.9430864241124881,0.00304326297882124,447.8785385212242,0.43141964955688333,1.199858498726909,0.5626816000440158,3.3082425687780415e-10,4.747002790850274e-09
UG0002_T1_homogeneous_none__NREL_MGCL2_KCL_NACL_BASELINE_V10,UG0002,T1_homogeneous_none,NREL_MGCL2_KCL_NACL_BASELINE_V10,homogeneous,none,4.0544776125744,4.289179343389838,0.4666173623085811,0.017063729789134834,355.20248809783055,0.571866,0.20312822605855396,1.949809120333606,2.0775798138045474,0.9385002238556782,0.003692781983365855,379.02579208557256,0.43141964955688333,1.2437165368209275,0.45998970000073314,4.859668223389235e-10,3.822586691626384e-09
UG0002_T1_homogeneous_none__NREL_MGCL2_KCL_NACL_BASELINE_V10,UG0002,T1_homogeneous_none,NREL_MGCL2_KCL_NACL_BASELINE_V10,homogeneous,none,4.0544776125744,4.289179343389838,0.4666173623085811,0.017063729789134834,355.20248809783055,0.689885,0.24504886850137184,1.9394938093687293,2.0775798138045474,0.9335351626357259,0.004486043256750565,320.95620764582907,0.43141964955688333,1.291283112292121,0.37962349998997524,4.299671729768306e-10,3.1694868951603894e-09
UG0002_T1_homogeneous_none__NREL_MGCL2_KCL_NACL_BASELINE_V10,UG0002,T1_homogeneous_none,NREL_MGCL2_KCL_NACL_BASELINE_V10,homogeneous,none,4.0544776125744,4.289179343389838,0.4666173623085811,0.017063729789134834,355.20248809783055,0.832247,0.2956162051119552,1.9283458617640417,2.0775798138045474,0.928169329019797,0.00545711278627151,271.9533217135988,0.43141964955688333,1.3429842791717819,0.31980150000890717,3.3097968810125167e-10,2.5959456806390335e-09
UG0002_T1_homogeneous_none__NREL_MGCL2_KCL_NACL_BASELINE_V10,UG0002,T1_homogeneous_none,NREL_MGCL2_KCL_NACL_BASELINE_V10,homogeneous,none,4.0544776125744,4.289179343389838,0.4666173623085811,0.017063729789134834,355.20248809783055,1.0,0.35520248809783056,1.9165822699041886,2.0775798138045474,0.9225071677965845,0.006621288696416854,231.38018141937098,0.43141964955688333,1.3980617002208533,0.265371999994386,3.617328658833685e-10,2.138045296362634e-09
UG0002_T1_homogeneous_none__AIP_FLINAK_2017_V10,UG0002,T1_homogeneous_none,AIP_FLINAK_2017_V10,homogeneous,none,4.0544776125744,4.289179343389838,0.4666173623085811,0.017063729789134834,355.20248809783055,0.05,0.01776012440489153,2.8134980093624034,2.8731539779977067,0.9792367659052936,0.0002943774356513031,4436.720602800238,0.9795576723366032,1.2955654830557786,7.321170400013216,-3.776023937973605e-08,9.092586683578929e-08
UG0002_T1_homogeneous_none__AIP_FLINAK_2017_V10,UG0002,T1_homogeneous_none,AIP_FLINAK_2017_V10,homogeneous,none,4.0544776125744,4.289179343389838,0.4666173623085811,0.017063729789134834,355.20248809783055,0.060295,0.021416934019858693,2.8117879348553902,2.8731539779977067,0.9786415752123795,0.00035504802413470845,3722.1463018679306,0.9795576723366032,1.3227041839980402,6.031277299975045,-3.154474459421408e-08,6.956621945164443e-08
UG0002_T1_homogeneous_none__AIP_FLINAK_2017_V10,UG0002,T1_homogeneous_none,AIP_FLINAK_2017_V10,homogeneous,none,4.0544776125744,4.289179343389838,0.4666173623085811,0.017063729789134834,355.20248809783055,0.072707,0.025825707302128964,2.8097816806860605,2.8731539779977067,0.9779432993160324,0.0004282209953787316,3123.46411504862,0.9795576723366032,1.3512076095984944,5.039629900013097,-2.134044052581885e-08,6.346625447406495e-08
UG0002_T1_homogeneous_none__AIP_FLINAK_2017_V10,UG0002,T1_homogeneous_none,AIP_FLINAK_2017_V10,homogeneous,none,4.0544776125744,4.289179343389838,0.4666173623085811,0.017063729789134834,355.20248809783055,0.087675,0.031142378143977294,2.807435198378689,2.8731539779977067,0.9771266071633178,0.0005165009320197808,2621.642951136782,0.9795576723366032,1.381182004079784,4.147248499968555,-1.7815016128963634e-08,4.666753650184319e-08
UG0002_T1_homogeneous_none__AIP_FLINAK_2017_V10,UG0002,T1_homogeneous_none,AIP_FLINAK_2017_V10,homogeneous,none,4.0544776125744,4.289179343389838,0.4666173623085811,0.017063729789134834,355.20248809783055,0.105736,0.037557690281512214,2.8046999608263157,2.8731539779977067,0.9761746089156362,0.0006230791109490894,2200.7286570829892,0.9795576723366032,1.4127542595631186,3.445398000010755,-1.8031820481212435e-08,4.125397801146846e-08
UG0002_T1_homogeneous_none__AIP_FLINAK_2017_V10,UG0002,T1_homogeneous_none,AIP_FLINAK_2017_V10,homogeneous,none,4.0544776125744,4.289179343389838,0.4666173623085811,0.017063729789134834,355.20248809783055,0.127532,0.04529968371209253,2.801525697805616,2.8731539779977067,0.9750698080434909,0.0007517791252447948,1847.6353061153661,0.9795576723366032,1.446049361150813,2.865008699998725,-1.3323675496224041e-08,3.24285043262762e-08
UG0002_T1_homogeneous_none__AIP_FLINAK_2017_V10,UG0002,T1_homogeneous_none,AIP_FLINAK_2017_V10,homogeneous,none,4.0544776125744,4.289179343389838,0.4666173623085811,0.017063729789134834,355.20248809783055,0.153826,0.05463937793413688,2.7978621734395843,2.8731539779977067,0.9737947199716066,0.0009071574308382391,1551.5217426777585,0.9795576723366032,1.4811898965159747,2.3570102999801748,-8.917078186954086e-09,2.6153035292963978e-08
UG0002_T1_homogeneous_none__AIP_FLINAK_2017_V10,UG0002,T1_homogeneous_none,AIP_FLINAK_2017_V10,homogeneous,none,4.0544776125744,4.289179343389838,0.4666173623085811,0.017063729789134834,355.20248809783055,0.18554,0.06590426964167148,2.7936586893629425,2.8731539779977067,0.9723316991558648,0.001094736678531408,1303.1960672183961,0.9795576723366032,1.518318742300557,1.9326257000211626,-7.207368035722084e-09,2.2553492406984788e-08
UG0002_T1_homogeneous_none__AIP_FLINAK_2017_V10,UG0002,T1_homogeneous_none,AIP_FLINAK_2017_V10,homogeneous,none,4.0544776125744,4.289179343389838,0.4666173623085811,0.017063729789134834,355.20248809783055,0.223797,0.07949325122883018,2.7888639190305997,2.8731539779977067,0.9706628814144348,0.0013212672057686242,1094.8729234320238,0.9795576723366032,1.5576082156753221,1.650763499957975,-5.823164173079931e-09,1.7253176665121828e-08
UG0002_T1_homogeneous_none__AIP_FLINAK_2017_V10,UG0002,T1_homogeneous_none,AIP_FLINAK_2017_V10,homogeneous,none,4.0544776125744,4.289179343389838,0.4666173623085811,0.017063729789134834,355.20248809783055,0.269974,0.0958954365217237,2.783425834768217,2.8731539779977067,0.968770158537754,0.0015950603227100175,919.990822498585,0.9795576723366032,1.59926709354185,1.3598804000066593,-4.289790744849142e-09,1.3457834846519745e-08
UG0002_T1_homogeneous_none__AIP_FLINAK_2017_V10,UG0002,T1_homogeneous_none,AIP_FLINAK_2017_V10,homogeneous,none,4.0544776125744,4.289179343389838,0.4666173623085811,0.017063729789134834,355.20248809783055,0.325696,0.11568802956351101,2.7772978496476757,2.8731539779977067,0.9666373159656299,0.0019259807956889467,773.2112805299092,0.9795576723366032,1.6434921223257828,1.1456733999657445,-2.983679969759123e-09,1.1041256797739152e-08
UG0002_T1_homogeneous_none__AIP_FLINAK_2017_V10,UG0002,T1_homogeneous_none,AIP_FLINAK_2017_V10,homogeneous,none,4.0544776125744,4.289179343389838,0.4666173623085811,0.017063729789134834,355.20248809783055,0.392923,0.13956722723086387,2.770435430337818,2.8731539779977067,0.9642488538914044,0.0023260028461807034,650.021260591955,0.9795576723366032,1.6905073160905117,0.9530595999676734,-2.4031776568733676e-09,9.093215069810867e-09
UG0002_T1_homogeneous_none__AIP_FLINAK_2017_V10,UG0002,T1_homogeneous_none,AIP_FLINAK_2017_V10,homogeneous,none,4.0544776125744,4.289179343389838,0.4666173623085811,0.017063729789134834,355.20248809783055,0.47403,0.16837663543301462,2.7627933138224687,2.8731539779977067,0.9615890185418645,0.002809744772435119,546.607427747667,0.9795576723366032,1.7405729216462218,0.7718213999760337,-1.624522738552514e-09,7.0847105959614964e-09
UG0002_T1_homogeneous_none__AIP_FLINAK_2017_V10,UG0002,T1_homogeneous_none,AIP_FLINAK_2017_V10,homogeneous,none,4.0544776125744,4.289179343389838,0.4666173623085811,0.017063729789134834,355.20248809783055,0.571866,0.20312822605855396,2.7543278901559023,2.8731539779977067,0.9586426314942529,0.003394906088885369,459.78731831014807,0.9795576723366032,1.7939724605768406,0.6392927999841049,-2.7439162053610744e-10,5.358669064037258e-09
UG0002_T1_homogeneous_none__AIP_FLINAK_2017_V10,UG0002,T1_homogeneous_none,AIP_FLINAK_2017_V10,homogeneous,none,4.0544776125744,4.289179343389838,0.4666173623085811,0.017063729789134834,355.20248809783055,0.689885,0.24504886850137184,2.744990842372836,2.8731539779977067,0.9553928760496897,0.004103174374356611,386.8750856443116,0.9795576723366032,1.851035285279738,0.5389028000063263,-2.5971447215056287e-10,3.952749239033437e-09
UG0002_T1_homogeneous_none__AIP_FLINAK_2017_V10,UG0002,T1_homogeneous_none,AIP_FLINAK_2017_V10,homogeneous,none,4.0544776125744,4.289179343389838,0.4666173623085811,0.017063729789134834,355.20248809783055,0.832247,0.2956162051119552,2.7347338144410394,2.8731539779977067,0.9518229219120612,0.004961012442444205,325.62652205515536,0.9795576723366032,1.9121282114090747,0.4392720000469126,-2.356448369766895e-10,3.489653011001792e-09
UG0002_T1_homogeneous_none__AIP_FLINAK_2017_V10,UG0002,T1_homogeneous_none,AIP_FLINAK_2017_V10,homogeneous,none,4.0544776125744,4.289179343389838,0.4666173623085811,0.017063729789134834,355.20248809783055,1.0,0.35520248809783056,2.7237512886838835,2.8731539779977067,0.9480004585699435,0.005976734239959848,275.1582581199869,0.9795576723366032,1.9762310848009488,0.35597959998995066,1.2165823903842465e-10,2.619526817682072e-09
UG0002_T1_homogeneous_none__AIP_LINAK_CARBONATE_2017_V10,UG0002,T1_homogeneous_none,AIP_LINAK_CARBONATE_2017_V10,homogeneous,none,4.0544776125744,4.289179343389838,0.4666173623085811,0.017063729789134834,355.20248809783055,0.05,0.01776012440489153,2.5733875565947635,2.6313952806467458,0.977955526302485,0.0008634834067477809,3834.9543853774285,0.8129897515568347,1.0130364851353015,6.638255800004117,-3.056174202598072e-08,8.541554130658824e-08
UG0002_T1_homogeneous_none__AIP_LINAK_CARBONATE_2017_V10,UG0002,T1_homogeneous_none,AIP_LINAK_CARBONATE_2017_V10,homogeneous,none,4.0544776125744,4.289179343389838,0.4666173623085811,0.017063729789134834,355.20248809783055,0.060295,0.021416934019858693,2.571263301259842,2.6313952806467458,0.9771482529328985,0.0010413566291501638,3224.2313553092126,0.8129897515568347,1.0358004982544866,5.511575699958485,-2.5281643445396185e-08,7.047358252521008e-08
UG0002_T1_homogeneous_none__AIP_LINAK_CARBONATE_2017_V10,UG0002,T1_homogeneous_none,AIP_LINAK_CARBONATE_2017_V10,homogeneous,none,4.0544776125744,4.289179343389838,0.4666173623085811,0.017063729789134834,355.20248809783055,0.072707,0.025825707302128964,2.568791491780734,2.6313952806467458,0.9762088997702295,0.0012558438249382219,2711.4200399095553,0.8129897515568347,1.0596303474932927,4.533030599995982,-2.0178347881483205e-08,5.819873472034942e-08
UG0002_T1_homogeneous_none__AIP_LINAK_CARBONATE_2017_V10,UG0002,T1_homogeneous_none,AIP_LINAK_CARBONATE_2017_V10,homogeneous,none,4.0544776125744,4.289179343389838,0.4666173623085811,0.017063729789134834,355.20248809783055,0.087675,0.031142378143977294,2.5659271372550854,2.6313952806467458,0.9751203690782748,0.001514554445205808,2280.6214812332764,0.8129897515568347,1.0846010905828978,3.7806607999955304,-1.2760259515687267e-08,4.7437143102513346e-08
UG0002_T1_homogeneous_none__AIP_LINAK_CARBONATE_2017_V10,UG0002,T1_homogeneous_none,AIP_LINAK_CARBONATE_2017_V10,homogeneous,none,4.0544776125744,4.289179343389838,0.4666173623085811,0.017063729789134834,355.20248809783055,0.105736,0.037557690281512214,2.5626224864135625,2.6313952806467458,0.9738645141081653,0.0018268040362578678,1918.4770528108925,0.8129897515568347,1.1108028274322927,3.1205525000113994,-9.160028291432809e-09,3.715896479405956e-08
UG0002_T1_homogeneous_none__AIP_LINAK_CARBONATE_2017_V10,UG0002,T1_homogeneous_none,AIP_LINAK_CARBONATE_2017_V10,homogeneous,none,4.0544776125744,4.289179343389838,0.4666173623085811,0.017063729789134834,355.20248809783055,0.127532,0.04529968371209253,2.558830285909611,2.6313952806467458,0.9724233773348944,0.002203741330633073,1614.0112968799324,0.8129897515568347,1.1383216254256128,2.600180100009311,-1.3086942640683219e-08,3.3500757723459174e-08
UG0002_T1_homogeneous_none__AIP_LINAK_CARBONATE_2017_V10,UG0002,T1_homogeneous_none,AIP_LINAK_CARBONATE_2017_V10,homogeneous,none,4.0544776125744,4.289179343389838,0.4666173623085811,0.017063729789134834,355.20248809783055,0.153826,0.05463937793413688,2.554505701148189,2.6313952806467458,0.9707799204231836,0.002658633490103557,1358.1147450472006,0.8129897515568347,1.1672390191796942,2.178756900015287,-9.848322157779421e-09,2.6316970824780128e-08
UG0002_T1_homogeneous_none__AIP_LINAK_CARBONATE_2017_V10,UG0002,T1_homogeneous_none,AIP_LINAK_CARBONATE_2017_V10,homogeneous,none,4.0544776125744,4.289179343389838,0.4666173623085811,0.017063729789134834,355.20248809783055,0.18554,0.06590426964167148,2.5496047968638833,2.6313952806467458,0.9689174468068666,0.0032075358669983347,1143.0447896173855,0.8129897515568347,1.1976504967464658,1.7777308999793604,-4.216216265007233e-09,1.9241874760211886e-08
UG0002_T1_homogeneous_none__AIP_LINAK_CARBONATE_2017_V10,UG0002,T1_homogeneous_none,AIP_LINAK_CARBONATE_2017_V10,homogeneous,none,4.0544776125744,4.289179343389838,0.4666173623085811,0.017063729789134834,355.20248809783055,0.223797,0.07949325122883018,2.5440836317909303,2.6313952806467458,0.9668192576394847,0.0038700373295927353,962.2270964929281,0.8129897515568347,1.2296724632521094,1.4885309000383131,-5.643241429709178e-09,1.5482370940844703e-08
UG0002_T1_homogeneous_none__AIP_LINAK_CARBONATE_2017_V10,UG0002,T1_homogeneous_none,AIP_LINAK_CARBONATE_2017_V10,homogeneous,none,4.0544776125744,4.289179343389838,0.4666173623085811,0.017063729789134834,355.20248809783055,0.269974,0.0958954365217237,2.5378963812623465,2.6313952806467458,0.9644679383321615,0.004670205446447019,810.1071569640445,0.8129897515568347,1.2634472186400199,1.237301799992565,-4.6700865397042435e-09,1.2088174905500182e-08
UG0002_T1_homogeneous_none__AIP_LINAK_CARBONATE_2017_V10,UG0002,T1_homogeneous_none,AIP_LINAK_CARBONATE_2017_V10,homogeneous,none,4.0544776125744,4.289179343389838,0.4666173623085811,0.017063729789134834,355.20248809783055,0.325696,0.11568802956351101,2.531002752114223,2.6313952806467458,0.961848176413903,0.005636521993760225,682.1589203384825,0.8129897515568347,1.2991030733166251,1.0251413999940269,-3.23491233800155e-09,1.000026728092962e-08
UG0002_T1_homogeneous_none__AIP_LINAK_CARBONATE_2017_V10,UG0002,T1_homogeneous_none,AIP_LINAK_CARBONATE_2017_V10,homogeneous,none,4.0544776125744,4.289179343389838,0.4666173623085811,0.017063729789134834,355.20248809783055,0.392923,0.13956722723086387,2.5233619911589025,2.6313952806467458,0.9589444845924893,0.006803447015658985,574.5468490307003,0.8129897515568347,1.33678597162974,0.8409043999854475,-2.255928777117333e-09,8.548384222706318e-09
UG0002_T1_homogeneous_none__AIP_LINAK_CARBONATE_2017_V10,UG0002,T1_homogeneous_none,AIP_LINAK_CARBONATE_2017_V10,homogeneous,none,4.0544776125744,4.289179343389838,0.4666173623085811,0.017063729789134834,355.20248809783055,0.47403,0.16837663543301462,2.5149300545084334,2.6313952806467458,0.9557401250223084,0.00821288990426052,484.0220330486405,0.8129897515568347,1.3766659615697194,0.7179798999568447,-1.5405898778908522e-09,6.969202992479495e-09
UG0002_T1_homogeneous_none__AIP_LINAK_CARBONATE_2017_V10,UG0002,T1_homogeneous_none,AIP_LINAK_CARBONATE_2017_V10,homogeneous,none,4.0544776125744,4.289179343389838,0.4666173623085811,0.017063729789134834,355.20248809783055,0.571866,0.20312822605855396,2.505662175396986,2.6313952806467458,0.9522180851449816,0.009915354617161493,407.8671233485683,0.8129897515568347,1.4189260995320778,0.5760675999918021,-1.193256604636872e-09,5.165556871133958e-09
UG0002_T1_homogeneous_none__AIP_LINAK_CARBONATE_2017_V10,UG0002,T1_homogeneous_none,AIP_LINAK_CARBONATE_2017_V10,homogeneous,none,4.0544776125744,4.289179343389838,0.4666173623085811,0.017063729789134834,355.20248809783055,0.689885,0.24504886850137184,2.4955079797762543,2.6313952806467458,0.9483592214860653,0.01197239275652912,343.78311443270576,0.8129897515568347,1.463779601776892,0.4931629000348039,-5.317746243349575e-10,3.970446194045962e-09
UG0002_T1_homogeneous_none__AIP_LINAK_CARBONATE_2017_V10,UG0002,T1_homogeneous_none,AIP_LINAK_CARBONATE_2017_V10,homogeneous,none,4.0544776125744,4.289179343389838,0.4666173623085811,0.017063729789134834,355.20248809783055,0.832247,0.2956162051119552,2.4844145780244955,2.6313952806467458,0.9441434345864885,0.014458618681701403,289.8446999859697,0.8129897515568347,1.5114622484126128,0.40849350002827123,3.0375701953744283e-10,3.264966075278153e-09
UG0002_T1_homogeneous_none__AIP_LINAK_CARBONATE_2017_V10,UG0002,T1_homogeneous_none,AIP_LINAK_CARBONATE_2017_V10,homogeneous,none,4.0544776125744,4.289179343389838,0.4666173623085811,0.017063729789134834,355.20248809783055,1.0,0.35520248809783056,2.472588613541554,2.6313952806467458,0.9396492544190622,0.017395147206168197,245.31549880953574,0.8129897515568347,1.5611319463953237,0.3402681000297889,2.6210145165350696e-10,2.557309919382078e-09
UG0002_T1_homogeneous_none__AIP_LIF_NAK_CARBONATE_RECIPROCAL_2017_V10,UG0002,T1_homogeneous_none,AIP_LIF_NAK_CARBONATE_RECIPROCAL_2017_V10,homogeneous,none,4.0544776125744,4.289179343389838,0.4666173623085811,0.017063729789134834,355.20248809783055,0.05,0.01776012440489153,2.760066097107906,2.8186347005128463,0.9792209315402652,0.00046700524451364543,4564.4759448339055,0.9419947519843093,1.3633886659726664,7.205101900035515,-4.7805981395754316e-08,5.2904747249726825e-08
UG0002_T1_homogeneous_none__AIP_LIF_NAK_CARBONATE_RECIPROCAL_2017_V10,UG0002,T1_homogeneous_none,AIP_LIF_NAK_CARBONATE_RECIPROCAL_2017_V10,homogeneous,none,4.0544776125744,4.289179343389838,0.4666173623085811,0.017063729789134834,355.20248809783055,0.060295,0.021416934019858693,2.7583780998081155,2.8186347005128463,0.9786220609950742,0.0005632242203351439,3828.399010380222,0.9419947519843093,1.3919976629658364,5.952424299961422,-3.9675607244049615e-08,4.37823777232893e-08
UG0002_T1_homogeneous_none__AIP_LIF_NAK_CARBONATE_RECIPROCAL_2017_V10,UG0002,T1_homogeneous_none,AIP_LIF_NAK_CARBONATE_RECIPROCAL_2017_V10,homogeneous,none,4.0544776125744,4.289179343389838,0.4666173623085811,0.017063729789134834,355.20248809783055,0.072707,0.025825707302128964,2.7563970415963386,2.8186347005128463,0.9779192178024404,0.0006792574911193566,3211.7544971629113,0.9419947519843093,1.4219891023110938,4.950241699989419,-3.265717696265824e-08,3.609716969776855e-08
UG0002_T1_homogeneous_none__AIP_LIF_NAK_CARBONATE_RECIPROCAL_2017_V10,UG0002,T1_homogeneous_none,AIP_LIF_NAK_CARBONATE_RECIPROCAL_2017_V10,homogeneous,none,4.0544776125744,4.289179343389838,0.4666173623085811,0.017063729789134834,355.20248809783055,0.087675,0.031142378143977294,2.7540791369763187,2.8186347005128463,0.9770968676697332,0.0008192267910151917,2694.931209926867,0.9419947519843093,1.453464965636913,4.097656300000381,-2.6927093887962883e-08,2.986009217664787e-08
UG0002_T1_homogeneous_none__AIP_LIF_NAK_CARBONATE_RECIPROCAL_2017_V10,UG0002,T1_homogeneous_none,AIP_LIF_NAK_CARBONATE_RECIPROCAL_2017_V10,homogeneous,none,4.0544776125744,4.289179343389838,0.4666173623085811,0.017063729789134834,355.20248809783055,0.105736,0.037557690281512214,2.751376129553983,2.8186347005128463,0.9761378901116112,0.0009881796193339358,2261.4877157269702,0.9419947519843093,1.4865473783992815,3.381597100000363,-2.223278228186132e-08,2.4516610963587482e-08
UG0002_T1_homogeneous_none__AIP_LIF_NAK_CARBONATE_RECIPROCAL_2017_V10,UG0002,T1_homogeneous_none,AIP_LIF_NAK_CARBONATE_RECIPROCAL_2017_V10,homogeneous,none,4.0544776125744,4.289179343389838,0.4666173623085811,0.017063729789134834,355.20248809783055,0.127532,0.04529968371209253,2.7482379513747137,2.8186347005128463,0.9750245219342102,0.0011921593573420016,1897.937456642052,0.9419947519843093,1.5213547221463746,2.779531100008171,-1.8435863946564268e-08,2.0090329400090923e-08
UG0002_T1_homogeneous_none__AIP_LIF_NAK_CARBONATE_RECIPROCAL_2017_V10,UG0002,T1_homogeneous_none,AIP_LIF_NAK_CARBONATE_RECIPROCAL_2017_V10,homogeneous,none,4.0544776125744,4.289179343389838,0.4666173623085811,0.017063729789134834,355.20248809783055,0.153826,0.05463937793413688,2.744614531468462,2.8186347005128463,0.9737389988738461,0.0014383615264215418,1593.106599945305,0.9419947519843093,1.5580010542042138,2.301484099996742,-1.5057688429465088e-08,1.6471179975496852e-08
UG0002_T1_homogeneous_none__AIP_LIF_NAK_CARBONATE_RECIPROCAL_2017_V10,UG0002,T1_homogeneous_none,AIP_LIF_NAK_CARBONATE_RECIPROCAL_2017_V10,homogeneous,none,4.0544776125744,4.289179343389838,0.4666173623085811,0.017063729789134834,355.20248809783055,0.18554,0.06590426964167148,2.7404552258400976,2.8186347005128463,0.9722633533680245,0.0017354990295183025,1337.5207947652254,0.9419947519843093,1.5966196360953568,1.9293669000035152,-1.1780554309837044e-08,1.3515477625958283e-08
UG0002_T1_homogeneous_none__AIP_LIF_NAK_CARBONATE_RECIPROCAL_2017_V10,UG0002,T1_homogeneous_none,AIP_LIF_NAK_CARBONATE_RECIPROCAL_2017_V10,homogeneous,none,4.0544776125744,4.289179343389838,0.4666173623085811,0.017063729789134834,355.20248809783055,0.223797,0.07949325122883018,2.7357087669781603,2.8186347005128463,0.9705793966420702,0.002094209704402108,1123.1552578773828,0.9419947519843093,1.6373720730599086,1.65988659998402,-1.1839573765826117e-08,1.3039214152854584e-08
UG0002_T1_homogeneous_none__AIP_LIF_NAK_CARBONATE_RECIPROCAL_2017_V10,UG0002,T1_homogeneous_none,AIP_LIF_NAK_CARBONATE_RECIPROCAL_2017_V10,homogeneous,none,4.0544776125744,4.289179343389838,0.4666173623085811,0.017063729789134834,355.20248809783055,0.269974,0.0958954365217237,2.7303226775667198,2.8186347005128463,0.9686685107048251,0.0025275741707685875,943.2466301551211,0.9419947519843093,1.680455065129699,1.358168700011447,-8.642453419582807e-09,9.782619159182104e-09
UG0002_T1_homogeneous_none__AIP_LIF_NAK_CARBONATE_RECIPROCAL_2017_V10,UG0002,T1_homogeneous_none,AIP_LIF_NAK_CARBONATE_RECIPROCAL_2017_V10,homogeneous,none,4.0544776125744,4.289179343389838,0.4666173623085811,0.017063729789134834,355.20248809783055,0.325696,0.11568802956351101,2.724250586591019,2.8186347005128463,0.9665142439690201,0.0030510896605884957,792.2917683567179,0.9419947519843093,1.7260498523198193,1.1506092999479733,-6.990197309875157e-09,7.959632952747597e-09
UG0002_T1_homogeneous_none__AIP_LIF_NAK_CARBONATE_RECIPROCAL_2017_V10,UG0002,T1_homogeneous_none,AIP_LIF_NAK_CARBONATE_RECIPROCAL_2017_V10,homogeneous,none,4.0544776125744,4.289179343389838,0.4666173623085811,0.017063729789134834,355.20248809783055,0.392923,0.13956722723086387,2.7174468525557405,2.8186347005128463,0.9641004036675292,0.0036835296362471527,665.6384099497242,0.9419947519843093,1.7743626870669893,0.9396857999963686,-5.0641046911437115e-09,5.537437175462401e-09
UG0002_T1_homogeneous_none__AIP_LIF_NAK_CARBONATE_RECIPROCAL_2017_V10,UG0002,T1_homogeneous_none,AIP_LIF_NAK_CARBONATE_RECIPROCAL_2017_V10,homogeneous,none,4.0544776125744,4.289179343389838,0.4666173623085811,0.017063729789134834,355.20248809783055,0.47403,0.16837663543301462,2.7098656250693596,2.8186347005128463,0.9614107229206763,0.004447759334407147,559.3556317623334,0.9419947519843093,1.8256335366823138,0.7681287999730557,-4.0668801659649034e-09,4.407030296249559e-09
UG0002_T1_homogeneous_none__AIP_LIF_NAK_CARBONATE_RECIPROCAL_2017_V10,UG0002,T1_homogeneous_none,AIP_LIF_NAK_CARBONATE_RECIPROCAL_2017_V10,homogeneous,none,4.0544776125744,4.289179343389838,0.4666173623085811,0.017063729789134834,355.20248809783055,0.571866,0.20312822605855396,2.701462464019074,2.8186347005128463,0.9584294351898622,0.005371383263654764,470.1628151925917,0.9419947519843093,1.8801222622767655,0.6325599999981932,-3.1076696771492607e-09,3.481792631987446e-09
UG0002_T1_homogeneous_none__AIP_LIF_NAK_CARBONATE_RECIPROCAL_2017_V10,UG0002,T1_homogeneous_none,AIP_LIF_NAK_CARBONATE_RECIPROCAL_2017_V10,homogeneous,none,4.0544776125744,4.289179343389838,0.4666173623085811,0.017063729789134834,355.20248809783055,0.689885,0.24504886850137184,2.692187962566612,2.8186347005128463,0.9551390118332016,0.006488114391799687,395.29138885791343,0.9419947519843093,1.938131136601488,0.5084139999817125,-2.3108515101455396e-09,2.6083579740543428e-09
UG0002_T1_homogeneous_none__AIP_LIF_NAK_CARBONATE_RECIPROCAL_2017_V10,UG0002,T1_homogeneous_none,AIP_LIF_NAK_CARBONATE_RECIPROCAL_2017_V10,homogeneous,none,4.0544776125744,4.289179343389838,0.4666173623085811,0.017063729789134834,355.20248809783055,0.832247,0.2956162051119552,2.6819909658922376,2.8186347005128463,0.9515213040569795,0.007838924301830332,332.42807962368823,0.9419947519843093,1.9999956118146522,0.4225832999800332,-2.0375812148643035e-09,2.2544410782643354e-09
UG0002_T1_homogeneous_none__AIP_LIF_NAK_CARBONATE_RECIPROCAL_2017_V10,UG0002,T1_homogeneous_none,AIP_LIF_NAK_CARBONATE_RECIPROCAL_2017_V10,homogeneous,none,4.0544776125744,4.289179343389838,0.4666173623085811,0.017063729789134834,355.20248809783055,1.0,0.35520248809783056,2.6710639510893164,2.8186347005128463,0.9476445992108592,0.009435904198090529,280.65716653591284,0.9419947519843093,2.064649966080594,0.36332489998312667,-1.6813550551830758e-09,1.952904504776143e-09
UG0002_T2_graded_two_layer_fine_hot__SOLAR_SALT_60_40_V10,UG0002,T2_graded_two_layer_fine_hot,SOLAR_SALT_60_40_V10,graded_two_layer,fine_hot,4.0544776125744,4.289179343389838,0.4666173623085811,0.017063729789134834,355.20248809783055,0.05,0.01776012440489153,2.361260483921266,2.4177633343550538,0.9766301152677294,9.387428812682634e-05,4391.363508034743,0.6658007176322986,1.019670925556554,6.187430099991616,-4.7123427382445016e-08,4.995679425690014e-08
UG0002_T2_graded_two_layer_fine_hot__SOLAR_SALT_60_40_V10,UG0002,T2_graded_two_layer_fine_hot,SOLAR_SALT_60_40_V10,graded_two_layer,fine_hot,4.0544776125744,4.289179343389838,0.4666173623085811,0.017063729789134834,355.20248809783055,0.060295,0.021416934019858693,2.358626970691372,2.4177633343550538,0.9755408799432981,0.00011331269808419007,3690.585552531242,0.6658007176322986,1.0437435169447098,5.116337199986447,-3.9240755089764434e-08,4.0196357353750045e-08
UG0002_T2_graded_two_layer_fine_hot__SOLAR_SALT_60_40_V10,UG0002,T2_graded_two_layer_fine_hot,SOLAR_SALT_60_40_V10,graded_two_layer,fine_hot,4.0544776125744,4.289179343389838,0.4666173623085811,0.017063729789134834,355.20248809783055,0.072707,0.025825707302128964,2.3555651664592214,2.4177633343550538,0.9742745011424271,0.00013679810765275142,3103.091220957785,0.6658007176322986,1.0694462983747117,4.247400399995968,-2.9945901314221146e-08,3.1336955252925236e-08
UG0002_T2_graded_two_layer_fine_hot__SOLAR_SALT_60_40_V10,UG0002,T2_graded_two_layer_fine_hot,SOLAR_SALT_60_40_V10,graded_two_layer,fine_hot,4.0544776125744,4.289179343389838,0.4666173623085811,0.017063729789134834,355.20248809783055,0.087675,0.031142378143977294,2.352033003770647,2.4177633343550538,0.9728135795384039,0.00016519228397708218,2610.27375925026,0.6658007176322986,1.0969482950812233,3.5221731000347063,-2.4682589305768943e-08,2.6677793307783304e-08
UG0002_T2_graded_two_layer_fine_hot__SOLAR_SALT_60_40_V10,UG0002,T2_graded_two_layer_fine_hot,SOLAR_SALT_60_40_V10,graded_two_layer,fine_hot,4.0544776125744,4.289179343389838,0.4666173623085811,0.017063729789134834,355.20248809783055,0.105736,0.037557690281512214,2.3479908720929967,2.4177633343550538,0.971141732000552,0.00019955927403629244,2196.5394181676083,0.6658007176322986,1.1264489602582604,2.918877899996005,-2.0488299945498056e-08,2.199687099135872e-08
UG0002_T2_graded_two_layer_fine_hot__SOLAR_SALT_60_40_V10,UG0002,T2_graded_two_layer_fine_hot,SOLAR_SALT_60_40_V10,graded_two_layer,fine_hot,4.0544776125744,4.289179343389838,0.4666173623085811,0.017063729789134834,355.20248809783055,0.127532,0.04529968371209253,2.3434048718446014,2.4177633343550538,0.9692449374784288,0.00024118684657712704,1849.1030263374546,0.6658007176322986,1.1581589958841945,2.4393998999730684,-1.4528955816217604e-08,1.586066833425548e-08
UG0002_T2_graded_two_layer_fine_hot__SOLAR_SALT_60_40_V10,UG0002,T2_graded_two_layer_fine_hot,SOLAR_SALT_60_40_V10,graded_two_layer,fine_hot,4.0544776125744,4.289179343389838,0.4666173623085811,0.017063729789134834,355.20248809783055,0.153826,0.05463937793413688,2.3382473329110476,2.4177633343550538,0.9671117514629621,0.0002916284771817195,1557.3768216154874,0.6658007176322986,1.1923003904855067,2.0197415000293404,-1.3117984476451738e-08,1.3908096896386724e-08
UG0002_T2_graded_two_layer_fine_hot__SOLAR_SALT_60_40_V10,UG0002,T2_graded_two_layer_fine_hot,SOLAR_SALT_60_40_V10,graded_two_layer,fine_hot,4.0544776125744,4.289179343389838,0.4666173623085811,0.017063729789134834,355.20248809783055,0.18554,0.06590426964167148,2.3324928258877264,2.4177633343550538,0.9647316562147826,0.00035279277318604085,1312.3856263101843,0.6658007176322986,1.2291294316939698,1.6477580000064336,-1.0027578767335399e-08,1.090090240296604e-08
UG0002_T2_graded_two_layer_fine_hot__SOLAR_SALT_60_40_V10,UG0002,T2_graded_two_layer_fine_hot,SOLAR_SALT_60_40_V10,graded_two_layer,fine_hot,4.0544776125744,4.289179343389838,0.4666173623085811,0.017063729789134834,355.20248809783055,0.223797,0.07949325122883018,2.3261148975036434,2.4177633343550538,0.962093710517842,0.00042704908542933996,1106.528490606924,0.6658007176322986,1.268948614700626,1.379294399986975,-8.114786620438963e-09,8.801315232176421e-09
UG0002_T2_graded_two_layer_fine_hot__SOLAR_SALT_60_40_V10,UG0002,T2_graded_two_layer_fine_hot,SOLAR_SALT_60_40_V10,graded_two_layer,fine_hot,4.0544776125744,4.289179343389838,0.4666173623085811,0.017063729789134834,355.20248809783055,0.269974,0.0958954365217237,2.319083283403292,2.4177633343550538,0.9591853968709121,0.0005173670077782165,933.3995982298021,0.6658007176322986,1.3121177085114537,1.173025999974925,-6.699141241739426e-09,7.2479577895023795e-09
UG0002_T2_graded_two_layer_fine_hot__SOLAR_SALT_60_40_V10,UG0002,T2_graded_two_layer_fine_hot,SOLAR_SALT_60_40_V10,graded_two_layer,fine_hot,4.0544776125744,4.289179343389838,0.4666173623085811,0.017063729789134834,355.20248809783055,0.325696,0.11568802956351101,2.31137146011249,2.4177633343550538,0.9559957450215267,0.0006273574585175784,787.7897886864881,0.6658007176322986,1.3590065456343823,0.9731076000025496,-5.48939782518687e-09,5.814837500395242e-09
UG0002_T2_graded_two_layer_fine_hot__SOLAR_SALT_60_40_V10,UG0002,T2_graded_two_layer_fine_hot,SOLAR_SALT_60_40_V10,graded_two_layer,fine_hot,4.0544776125744,4.289179343389838,0.4666173623085811,0.017063729789134834,355.20248809783055,0.392923,0.13956722723086387,2.3029502857207786,2.4177633343550538,0.9525127017178041,0.0007615184358897591,665.295509182383,0.6658007176322986,1.4100370069824653,0.8082197000039741,-4.494982164260364e-09,4.728040181589677e-09
UG0002_T2_graded_two_layer_fine_hot__SOLAR_SALT_60_40_V10,UG0002,T2_graded_two_layer_fine_hot,SOLAR_SALT_60_40_V10,graded_two_layer,fine_hot,4.0544776125744,4.289179343389838,0.4666173623085811,0.017063729789134834,355.20248809783055,0.47403,0.16837663543301462,2.2937857832488326,2.4177633343550538,0.9487222138972123,0.0009255049689565755,562.195646519702,0.6658007176322986,1.4656965602873948,0.6710056999581866,-3.6685099402689048e-09,3.926792224717701e-09
UG0002_T2_graded_two_layer_fine_hot__SOLAR_SALT_60_40_V10,UG0002,T2_graded_two_layer_fine_hot,SOLAR_SALT_60_40_V10,graded_two_layer,fine_hot,4.0544776125744,4.289179343389838,0.4666173623085811,0.017063729789134834,355.20248809783055,0.571866,0.20312822605855396,2.2838424940770965,2.4177633343550538,0.9446096156828017,0.0011264088770455338,475.3849720495771,0.6658007176322986,1.5265279684700608,0.5664816999924369,-2.804589893656839e-09,2.938471688196387e-09
UG0002_T2_graded_two_layer_fine_hot__SOLAR_SALT_60_40_V10,UG0002,T2_graded_two_layer_fine_hot,SOLAR_SALT_60_40_V10,graded_two_layer,fine_hot,4.0544776125744,4.289179343389838,0.4666173623085811,0.017063729789134834,355.20248809783055,0.689885,0.24504886850137184,2.273078764047721,2.4177633343550538,0.9401576786894538,0.0013732599305960056,402.24222875142306,0.6658007176322986,1.5931587043025492,0.4702732000150718,-2.0122126187516187e-09,2.1723955967445363e-09
UG0002_T2_graded_two_layer_fine_hot__SOLAR_SALT_60_40_V10,UG0002,T2_graded_two_layer_fine_hot,SOLAR_SALT_60_40_V10,graded_two_layer,fine_hot,4.0544776125744,4.289179343389838,0.4666173623085811,0.017063729789134834,355.20248809783055,0.832247,0.2956162051119552,2.2614502169378423,2.4177633343550538,0.9353480486712283,0.001677577885723241,340.5770089709024,0.6658007176322986,1.666296598731749,0.39084880001610145,-1.6824874826681935e-09,1.804578708686222e-09
UG0002_T2_graded_two_layer_fine_hot__SOLAR_SALT_60_40_V10,UG0002,T2_graded_two_layer_fine_hot,SOLAR_SALT_60_40_V10,graded_two_layer,fine_hot,4.0544776125744,4.289179343389838,0.4666173623085811,0.017063729789134834,355.20248809783055,1.0,0.35520248809783056,2.2491839302349974,2.4177633343550538,0.9302746461059119,0.0020453657604272268,289.563647471503,0.6658007176322986,1.7449643377623596,0.3149559999583289,-1.1961764911916362e-09,1.2910783553365945e-09
UG0002_T2_graded_two_layer_fine_hot__NREL_MGCL2_KCL_NACL_BASELINE_V10,UG0002,T2_graded_two_layer_fine_hot,NREL_MGCL2_KCL_NACL_BASELINE_V10,graded_two_layer,fine_hot,4.0544776125744,4.289179343389838,0.4666173623085811,0.017063729789134834,355.20248809783055,0.05,0.01776012440489153,2.023385227429221,2.0775798138045474,0.9739145586536658,0.0003683797542831564,4022.815776812059,0.43141964955688333,0.8914567926782813,5.368240600044373,-2.327821269076935e-08,6.817590936236684e-08
UG0002_T2_graded_two_layer_fine_hot__NREL_MGCL2_KCL_NACL_BASELINE_V10,UG0002,T2_graded_two_layer_fine_hot,NREL_MGCL2_KCL_NACL_BASELINE_V10,graded_two_layer,fine_hot,4.0544776125744,4.289179343389838,0.4666173623085811,0.017063729789134834,355.20248809783055,0.060295,0.021416934019858693,2.020229777003667,2.0775798138045474,0.972395747966063,0.00044447706002316475,3383.9937530738844,0.43141964955688333,0.9126639079126448,4.440055100014433,-1.803852622828117e-08,5.464586561032547e-08
UG0002_T2_graded_two_layer_fine_hot__NREL_MGCL2_KCL_NACL_BASELINE_V10,UG0002,T2_graded_two_layer_fine_hot,NREL_MGCL2_KCL_NACL_BASELINE_V10,graded_two_layer,fine_hot,4.0544776125744,4.289179343389838,0.4666173623085811,0.017063729789134834,355.20248809783055,0.072707,0.025825707302128964,2.0166260462268504,2.0775798138045474,0.9706611668188688,0.0005363351070885774,2847.8489682281784,0.43141964955688333,0.9351908618494708,3.6861925999983214,-1.4803014369846323e-08,4.2919667819774077e-08
UG0002_T2_graded_two_layer_fine_hot__NREL_MGCL2_KCL_NACL_BASELINE_V10,UG0002,T2_graded_two_layer_fine_hot,NREL_MGCL2_KCL_NACL_BASELINE_V10,graded_two_layer,fine_hot,4.0544776125744,4.289179343389838,0.4666173623085811,0.017063729789134834,355.20248809783055,0.087675,0.031142378143977294,2.012544610968136,2.0775798138045474,0.9686966525164121,0.0006472731367368457,2397.6167877873595,0.43141964955688333,0.9591658341007178,3.090271799999755,-1.2094847345878179e-08,3.372233603471386e-08
UG0002_T2_graded_two_layer_fine_hot__NREL_MGCL2_KCL_NACL_BASELINE_V10,UG0002,T2_graded_two_layer_fine_hot,NREL_MGCL2_KCL_NACL_BASELINE_V10,graded_two_layer,fine_hot,4.0544776125744,4.289179343389838,0.4666173623085811,0.017063729789134834,355.20248809783055,0.105736,0.037557690281512214,2.0079572363379246,2.0775798138045474,0.9664886147795557,0.0007813737423935038,2019.2302717511964,0.43141964955688333,0.9847404532997971,2.5950845000334084,-9.865230854444462e-09,2.74594347260404e-08
UG0002_T2_graded_two_layer_fine_hot__NREL_MGCL2_KCL_NACL_BASELINE_V10,UG0002,T2_graded_two_layer_fine_hot,NREL_MGCL2_KCL_NACL_BASELINE_V10,graded_two_layer,fine_hot,4.0544776125744,4.289179343389838,0.4666173623085811,0.017063729789134834,355.20248809783055,0.127532,0.04529968371209253,2.0028388655394895,2.0775798138045474,0.9640249930383231,0.0009435532002022018,1701.1454630609142,0.43141964955688333,1.0120726715812065,2.1432387999957427,-8.662393025105075e-09,2.3414981065172924e-08
UG0002_T2_graded_two_layer_fine_hot__NREL_MGCL2_KCL_NACL_BASELINE_V10,UG0002,T2_graded_two_layer_fine_hot,NREL_MGCL2_KCL_NACL_BASELINE_V10,graded_two_layer,fine_hot,4.0544776125744,4.289179343389838,0.4666173623085811,0.017063729789134834,355.20248809783055,0.153826,0.05463937793413688,1.9971671896498584,2.0775798138045474,0.9612950493548384,0.001139706347547875,1433.792846145055,0.43141964955688333,1.0413266668262702,1.7737685000174679,-4.7657655599664395e-09,1.7805157348504963e-08
UG0002_T2_graded_two_layer_fine_hot__NREL_MGCL2_KCL_NACL_BASELINE_V10,UG0002,T2_graded_two_layer_fine_hot,NREL_MGCL2_KCL_NACL_BASELINE_V10,graded_two_layer,fine_hot,4.0544776125744,4.289179343389838,0.4666173623085811,0.017063729789134834,355.20248809783055,0.18554,0.06590426964167148,1.9909182787047766,2.0775798138045474,0.9582872655365895,0.0013770274144678067,1209.0497241663252,0.43141964955688333,1.0726923151985885,1.416223100037314,-3.95605770364682e-09,1.4310086449143e-08
UG0002_T2_graded_two_layer_fine_hot__NREL_MGCL2_KCL_NACL_BASELINE_V10,UG0002,T2_graded_two_layer_fine_hot,NREL_MGCL2_KCL_NACL_BASELINE_V10,graded_two_layer,fine_hot,4.0544776125744,4.289179343389838,0.4666173623085811,0.017063729789134834,355.20248809783055,0.223797,0.07949325122883018,1.9840641590067591,2.0775798138045474,0.9549881770238522,0.0016643799356702048,1020.027852998611,0.43141964955688333,1.1063946314874702,1.1344159999862313,-2.4910074003514637e-09,1.2055401121813247e-08
UG0002_T2_graded_two_layer_fine_hot__NREL_MGCL2_KCL_NACL_BASELINE_V10,UG0002,T2_graded_two_layer_fine_hot,NREL_MGCL2_KCL_NACL_BASELINE_V10,graded_two_layer,fine_hot,4.0544776125744,4.289179343389838,0.4666173623085811,0.017063729789134834,355.20248809783055,0.269974,0.0958954365217237,1.976571127812585,2.0775798138045474,0.9513815616994318,0.002012777618875636,860.9144200892779,0.43141964955688333,1.1427021767156929,0.9485960999736562,-2.041122826312858e-09,9.102785192283136e-09
UG0002_T2_graded_two_layer_fine_hot__NREL_MGCL2_KCL_NACL_BASELINE_V10,UG0002,T2_graded_two_layer_fine_hot,NREL_MGCL2_KCL_NACL_BASELINE_V10,graded_two_layer,fine_hot,4.0544776125744,4.289179343389838,0.4666173623085811,0.017063729789134834,355.20248809783055,0.325696,0.11568802956351101,1.9684081323274725,2.0775798138045474,0.9474524729439128,0.002435458444674656,726.9783586881249,0.43141964955688333,1.181886631066314,0.7949393999879248,-1.680744432519532e-09,7.490696951606424e-09
UG0002_T2_graded_two_layer_fine_hot__NREL_MGCL2_KCL_NACL_BASELINE_V10,UG0002,T2_graded_two_layer_fine_hot,NREL_MGCL2_KCL_NACL_BASELINE_V10,graded_two_layer,fine_hot,4.0544776125744,4.289179343389838,0.4666173623085811,0.017063729789134834,355.20248809783055,0.392923,0.13956722723086387,1.9595412045844953,2.0775798138045474,0.943184560980165,0.0029487119079411764,614.2150167776068,0.43141964955688333,1.2242578060397555,0.6639192000147887,-1.150624040491266e-09,6.247669048775606e-09
UG0002_T2_graded_two_layer_fine_hot__NREL_MGCL2_KCL_NACL_BASELINE_V10,UG0002,T2_graded_two_layer_fine_hot,NREL_MGCL2_KCL_NACL_BASELINE_V10,graded_two_layer,fine_hot,4.0544776125744,4.289179343389838,0.4666173623085811,0.017063729789134834,355.20248809783055,0.47403,0.16837663543301462,1.9499320037522005,2.0775798138045474,0.9385593712433155,0.003572739071316068,519.2358551022119,0.43141964955688333,1.270174023173132,0.5550718000158668,-8.858913602693974e-10,4.979883172495647e-09
UG0002_T2_graded_two_layer_fine_hot__NREL_MGCL2_KCL_NACL_BASELINE_V10,UG0002,T2_graded_two_layer_fine_hot,NREL_MGCL2_KCL_NACL_BASELINE_V10,graded_two_layer,fine_hot,4.0544776125744,4.289179343389838,0.4666173623085811,0.017063729789134834,355.20248809783055,0.571866,0.20312822605855396,1.9395390882882002,2.0775798138045474,0.9335569567055229,0.0043324691746810425,439.2097625585077,0.43141964955688333,1.320032714250537,0.45792090002214536,4.812816811750054e-10,3.780087354243733e-09
UG0002_T2_graded_two_layer_fine_hot__NREL_MGCL2_KCL_NACL_BASELINE_V10,UG0002,T2_graded_two_layer_fine_hot,NREL_MGCL2_KCL_NACL_BASELINE_V10,graded_two_layer,fine_hot,4.0544776125744,4.289179343389838,0.4666173623085811,0.017063729789134834,355.20248809783055,0.689885,0.24504886850137184,1.9283186899006912,2.0775798138045474,0.928156250406321,0.0052591015787345355,371.74369071477037,0.43141964955688333,1.3742937275458884,0.3927378000225872,4.1109338155820296e-10,3.1847635639792315e-09
UG0002_T2_graded_two_layer_fine_hot__NREL_MGCL2_KCL_NACL_BASELINE_V10,UG0002,T2_graded_two_layer_fine_hot,NREL_MGCL2_KCL_NACL_BASELINE_V10,graded_two_layer,fine_hot,4.0544776125744,4.289179343389838,0.4666173623085811,0.017063729789134834,355.20248809783055,0.832247,0.2956162051119552,1.916221832700687,2.0775798138045474,0.9223336788162303,0.006391668954540283,314.835448320907,0.43141964955688333,1.4334746431840149,0.3078794000321068,3.1801228317362984e-10,2.4280577548552174e-09
UG0002_T2_graded_two_layer_fine_hot__NREL_MGCL2_KCL_NACL_BASELINE_V10,UG0002,T2_graded_two_layer_fine_hot,NREL_MGCL2_KCL_NACL_BASELINE_V10,graded_two_layer,fine_hot,4.0544776125744,4.289179343389838,0.4666173623085811,0.017063729789134834,355.20248809783055,1.0,0.35520248809783056,1.9034842381297652,2.0775798138045474,0.9162027015674687,0.00774701278907951,267.7376245850415,0.43141964955688333,1.49673455092408,0.27183599997079,3.235633982967556e-10,2.028377465990161e-09
UG0002_T2_graded_two_layer_fine_hot__AIP_FLINAK_2017_V10,UG0002,T2_graded_two_layer_fine_hot,AIP_FLINAK_2017_V10,graded_two_layer,fine_hot,4.0544776125744,4.289179343389838,0.4666173623085811,0.017063729789134834,355.20248809783055,0.05,0.01776012440489153,2.812966176483741,2.8731539779977067,0.9790516617017823,0.00034667968678404946,5177.8624492224235,0.9795576723366032,1.3387724738780107,7.284658099990338,-3.759564881633537e-08,8.785696614665994e-08
UG0002_T2_graded_two_layer_fine_hot__AIP_FLINAK_2017_V10,UG0002,T2_graded_two_layer_fine_hot,AIP_FLINAK_2017_V10,graded_two_layer,fine_hot,4.0544776125744,4.289179343389838,0.4666173623085811,0.017063729789134834,355.20248809783055,0.060295,0.021416934019858693,2.811059970466385,2.8731539779977067,0.9783882075214796,0.00041812184362183816,4343.169525149328,0.9795576723366032,1.36810638414012,6.059872799960431,-3.4361991030351646e-08,6.955525044816113e-08
UG0002_T2_graded_two_layer_fine_hot__AIP_FLINAK_2017_V10,UG0002,T2_graded_two_layer_fine_hot,AIP_FLINAK_2017_V10,graded_two_layer,fine_hot,4.0544776125744,4.289179343389838,0.4666173623085811,0.017063729789134834,355.20248809783055,0.072707,0.025825707302128964,2.80879916676229,2.8731539779977067,0.9776013357695972,0.0005042825327041728,3643.9594264129723,0.9795576723366032,1.3989648345511674,5.050216800009366,-2.1015245099675894e-08,5.5627347173015096e-08
UG0002_T2_graded_two_layer_fine_hot__AIP_FLINAK_2017_V10,UG0002,T2_graded_two_layer_fine_hot,AIP_FLINAK_2017_V10,graded_two_layer,fine_hot,4.0544776125744,4.289179343389838,0.4666173623085811,0.017063729789134834,355.20248809783055,0.087675,0.031142378143977294,2.8061291204317484,2.8731539779977067,0.9766720272984925,0.000608226418170965,3057.967374211956,0.9795576723366032,1.431471471102063,4.171843200048897,-1.783546643707723e-08,4.6510595375082175e-08
UG0002_T2_graded_two_layer_fine_hot__AIP_FLINAK_2017_V10,UG0002,T2_graded_two_layer_fine_hot,AIP_FLINAK_2017_V10,graded_two_layer,fine_hot,4.0544776125744,4.289179343389838,0.4666173623085811,0.017063729789134834,355.20248809783055,0.105736,0.037557690281512214,2.802991866494726,2.8731539779977067,0.9755801074219222,0.0007337077933934479,2566.531233448349,0.9795576723366032,1.4657736844662543,3.432051000010688,-1.7646328842602088e-08,4.2785086584729015e-08
UG0002_T2_graded_two_layer_fine_hot__AIP_FLINAK_2017_V10,UG0002,T2_graded_two_layer_fine_hot,AIP_FLINAK_2017_V10,graded_two_layer,fine_hot,4.0544776125744,4.289179343389838,0.4666173623085811,0.017063729789134834,355.20248809783055,0.127532,0.04529968371209253,2.7993305817838823,2.8731539779977067,0.974305798861058,0.0008852237170097751,2154.345677214082,0.9795576723366032,1.5020183281089134,2.8451703999890015,-1.197080212733681e-08,3.060109943220368e-08
UG0002_T2_graded_two_layer_fine_hot__AIP_FLINAK_2017_V10,UG0002,T2_graded_two_layer_fine_hot,AIP_FLINAK_2017_V10,graded_two_layer,fine_hot,4.0544776125744,4.289179343389838,0.4666173623085811,0.017063729789134834,355.20248809783055,0.153826,0.05463937793413688,2.795092816098654,2.8731539779977067,0.9728308463462674,0.0010681315723475434,1808.7324269521696,0.9795576723366032,1.5403512438889149,2.391017699963413,-8.826395170302703e-09,2.5933988290205434e-08
UG0002_T2_graded_two_layer_fine_hot__AIP_FLINAK_2017_V10,UG0002,T2_graded_two_layer_fine_hot,AIP_FLINAK_2017_V10,graded_two_layer,fine_hot,4.0544776125744,4.289179343389838,0.4666173623085811,0.017063729789134834,355.20248809783055,0.18554,0.06590426964167148,2.7902302301712663,2.8731539779977067,0.9711384254162981,0.001288922566961359,1518.943697451224,0.9795576723366032,1.5809421238113162,1.9596151000005193,-7.147749059299713e-09,2.1422086327049783e-08
UG0002_T2_graded_two_layer_fine_hot__AIP_FLINAK_2017_V10,UG0002,T2_graded_two_layer_fine_hot,AIP_FLINAK_2017_V10,graded_two_layer,fine_hot,4.0544776125744,4.289179343389838,0.4666173623085811,0.017063729789134834,355.20248809783055,0.223797,0.07949325122883018,2.7846977867350837,2.8731539779977067,0.969212860869967,0.001555527776613162,1275.8778493312466,0.9795576723366032,1.623994848313417,1.6470353999757208,-5.362299493327782e-09,1.6913204170521112e-08
UG0002_T2_graded_two_layer_fine_hot__AIP_FLINAK_2017_V10,UG0002,T2_graded_two_layer_fine_hot,AIP_FLINAK_2017_V10,graded_two_layer,fine_hot,4.0544776125744,4.289179343389838,0.4666173623085811,0.017063729789134834,355.20248809783055,0.269974,0.0958954365217237,2.7784520531576744,2.8731539779977067,0.9670390359983317,0.0018777077958983136,1071.8652849955724,0.9795576723366032,1.6697556432860836,1.3746791000012308,-4.377953555234626e-09,1.333608778963935e-08
UG0002_T2_graded_two_layer_fine_hot__AIP_FLINAK_2017_V10,UG0002,T2_graded_two_layer_fine_hot,AIP_FLINAK_2017_V10,graded_two_layer,fine_hot,4.0544776125744,4.289179343389838,0.4666173623085811,0.017063729789134834,355.20248809783055,0.325696,0.11568802956351101,2.7714564191365247,2.8731539779977067,0.9646042086014287,0.002267040155068713,900.6665390968182,0.9795576723366032,1.7184601730830695,1.1207177999895066,-3.053701735922232e-09,1.076723155080117e-08
UG0002_T2_graded_two_layer_fine_hot__AIP_FLINAK_2017_V10,UG0002,T2_graded_two_layer_fine_hot,AIP_FLINAK_2017_V10,graded_two_layer,fine_hot,4.0544776125744,4.289179343389838,0.4666173623085811,0.017063729789134834,355.20248809783055,0.392923,0.13956722723086387,2.763675295201154,2.8731539779977067,0.9618959917794422,0.002737568229374993,757.0077358753713,0.9795576723366032,1.7703768567525937,0.9297191000077873,-2.5342394849303673e-09,8.119815930740515e-09
UG0002_T2_graded_two_layer_fine_hot__AIP_FLINAK_2017_V10,UG0002,T2_graded_two_layer_fine_hot,AIP_FLINAK_2017_V10,graded_two_layer,fine_hot,4.0544776125744,4.289179343389838,0.4666173623085811,0.017063729789134834,355.20248809783055,0.47403,0.16837663543301462,2.755069921666108,2.8731539779977067,0.9589008952406056,0.003306422311569982,636.4333768834863,0.9795576723366032,1.8258172162398847,0.8257085999939591,-1.6176726624905768e-09,6.501488236665409e-09
UG0002_T2_graded_two_layer_fine_hot__AIP_FLINAK_2017_V10,UG0002,T2_graded_two_layer_fine_hot,AIP_FLINAK_2017_V10,graded_two_layer,fine_hot,4.0544776125744,4.289179343389838,0.4666173623085811,0.017063729789134834,355.20248809783055,0.571866,0.20312822605855396,2.745600442786257,2.8731539779977067,0.9556050472100553,0.003994322372999765,535.2255838251851,0.9795576723366032,1.8851220118726137,0.6815282999887131,-4.054978575140922e-10,5.131961522408801e-09
UG0002_T2_graded_two_layer_fine_hot__AIP_FLINAK_2017_V10,UG0002,T2_graded_two_layer_fine_hot,AIP_FLINAK_2017_V10,graded_two_layer,fine_hot,4.0544776125744,4.289179343389838,0.4666173623085811,0.017063729789134834,355.20248809783055,0.689885,0.24504886850137184,2.7352199806206476,2.8731539779977067,0.951992131840708,0.0048266278411926945,450.2471457080642,0.9795576723366032,1.9486867308453024,0.5496296000201255,-3.2438496333497824e-10,4.047828738862336e-09
UG0002_T2_graded_two_layer_fine_hot__AIP_FLINAK_2017_V10,UG0002,T2_graded_two_layer_fine_hot,AIP_FLINAK_2017_V10,graded_two_layer,fine_hot,4.0544776125744,4.289179343389838,0.4666173623085811,0.017063729789134834,355.20248809783055,0.832247,0.2956162051119552,2.723879398013522,2.8731539779977067,0.9480450469667435,0.005834238795440994,378.8770771678964,0.9795576723366032,2.0169529044579195,0.46229910000693053,8.184564137536654e-11,3.2598368449043846e-09
UG0002_T2_graded_two_layer_fine_hot__AIP_FLINAK_2017_V10,UG0002,T2_graded_two_layer_fine_hot,AIP_FLINAK_2017_V10,graded_two_layer,fine_hot,4.0544776125744,4.289179343389838,0.4666173623085811,0.017063729789134834,355.20248809783055,1.0,0.35520248809783056,2.7117951103260802,2.8731539779977067,0.943839115861073,0.007026658689403097,320.08101951463595,0.9795576723366032,2.0888093308910465,0.39146670000627637,2.3880897259687117e-10,2.6509239248184713e-09
UG0002_T2_graded_two_layer_fine_hot__AIP_LINAK_CARBONATE_2017_V10,UG0002,T2_graded_two_layer_fine_hot,AIP_LINAK_CARBONATE_2017_V10,graded_two_layer,fine_hot,4.0544776125744,4.289179343389838,0.4666173623085811,0.017063729789134834,355.20248809783055,0.05,0.01776012440489153,2.5725332832026244,2.6313952806467458,0.9776308797553006,0.0010169472278081125,4467.716397158892,0.8129897515568347,1.0492441880421939,6.632978399982676,-3.691702499253324e-08,8.313989496855356e-08
UG0002_T2_graded_two_layer_fine_hot__AIP_LINAK_CARBONATE_2017_V10,UG0002,T2_graded_two_layer_fine_hot,AIP_LINAK_CARBONATE_2017_V10,graded_two_layer,fine_hot,4.0544776125744,4.289179343389838,0.4666173623085811,0.017063729789134834,355.20248809783055,0.060295,0.021416934019858693,2.5701271705021638,2.6313952806467458,0.9767164931110145,0.0012264222173542308,3755.6094811682337,0.8129897515568347,1.0737194996718218,5.520762900006957,-2.7389790435705663e-08,6.806843977358312e-08
UG0002_T2_graded_two_layer_fine_hot__AIP_LINAK_CARBONATE_2017_V10,UG0002,T2_graded_two_layer_fine_hot,AIP_LINAK_CARBONATE_2017_V10,graded_two_layer,fine_hot,4.0544776125744,4.289179343389838,0.4666173623085811,0.017063729789134834,355.20248809783055,0.072707,0.025825707302128964,2.5673050855915815,2.6313952806467458,0.975644025993916,0.0014790111911211757,3157.763510072109,0.8129897515568347,1.0993717450770804,4.540581599983852,-2.2399848642606912e-08,5.844553729872359e-08
UG0002_T2_graded_two_layer_fine_hot__AIP_LINAK_CARBONATE_2017_V10,UG0002,T2_graded_two_layer_fine_hot,AIP_LINAK_CARBONATE_2017_V10,graded_two_layer,fine_hot,4.0544776125744,4.289179343389838,0.4666173623085811,0.017063729789134834,355.20248809783055,0.087675,0.031142378143977294,2.5640160490644783,2.6313952806467458,0.9743941048774295,0.001783672233411553,2655.609461823293,0.8129897515568347,1.1262871440412487,3.7837389000342228,-1.6564372096183888e-08,4.776008477591631e-08
UG0002_T2_graded_two_layer_fine_hot__AIP_LINAK_CARBONATE_2017_V10,UG0002,T2_graded_two_layer_fine_hot,AIP_LINAK_CARBONATE_2017_V10,graded_two_layer,fine_hot,4.0544776125744,4.289179343389838,0.4666173623085811,0.017063729789134834,355.20248809783055,0.105736,0.037557690281512214,2.560209524355935,2.6313952806467458,0.9729475245264881,0.002151370907352746,2233.5479919318327,0.8129897515568347,1.1545689833315118,3.13218059996143,-1.3459067194077079e-08,3.8092395904243403e-08
UG0002_T2_graded_two_layer_fine_hot__AIP_LINAK_CARBONATE_2017_V10,UG0002,T2_graded_two_layer_fine_hot,AIP_LINAK_CARBONATE_2017_V10,graded_two_layer,fine_hot,4.0544776125744,4.289179343389838,0.4666173623085811,0.017063729789134834,355.20248809783055,0.127532,0.04529968371209253,2.5558395828620952,2.6313952806467458,0.9712868308534472,0.0025952291006900584,1878.7643347933392,0.8129897515568347,1.1843171691188312,2.5996798999840394,-1.0097733760261463e-08,2.8986657518714765e-08
UG0002_T2_graded_two_layer_fine_hot__AIP_LINAK_CARBONATE_2017_V10,UG0002,T2_graded_two_layer_fine_hot,AIP_LINAK_CARBONATE_2017_V10,graded_two_layer,fine_hot,4.0544776125744,4.289179343389838,0.4666173623085811,0.017063729789134834,355.20248809783055,0.153826,0.05463937793413688,2.550866658681057,2.6313952806467458,0.9693969877661646,0.0031308597655762575,1580.623909424026,0.8129897515568347,1.2156277240226045,2.181934300053399,-7.239875365883108e-09,2.360824868929967e-08
UG0002_T2_graded_two_layer_fine_hot__AIP_LINAK_CARBONATE_2017_V10,UG0002,T2_graded_two_layer_fine_hot,AIP_LINAK_CARBONATE_2017_V10,graded_two_layer,fine_hot,4.0544776125744,4.289179343389838,0.4666173623085811,0.017063729789134834,355.20248809783055,0.18554,0.06590426964167148,2.545254531937679,2.6313952806467458,0.9672642307514153,0.003777153900233392,1330.0894763545991,0.8129897515568347,1.248612876268754,1.8068489999859594,-6.885003678291923e-09,1.9638668469212917e-08
UG0002_T2_graded_two_layer_fine_hot__AIP_LINAK_CARBONATE_2017_V10,UG0002,T2_graded_two_layer_fine_hot,AIP_LINAK_CARBONATE_2017_V10,graded_two_layer,fine_hot,4.0544776125744,4.289179343389838,0.4666173623085811,0.017063729789134834,355.20248809783055,0.223797,0.07949325122883018,2.538967495843163,2.6313952806467458,0.9648749902823928,0.00455715565389046,1119.4888233368122,0.8129897515568347,1.2834088266109074,1.5135302999988198,-4.406341957974291e-09,1.5689938237528622e-08
UG0002_T2_graded_two_layer_fine_hot__AIP_LINAK_CARBONATE_2017_V10,UG0002,T2_graded_two_layer_fine_hot,AIP_LINAK_CARBONATE_2017_V10,graded_two_layer,fine_hot,4.0544776125744,4.289179343389838,0.4666173623085811,0.017063729789134834,355.20248809783055,0.269974,0.0958954365217237,2.5319668605047627,2.6313952806467458,0.962214563173669,0.005499171483023049,942.341021131604,0.8129897515568347,1.3201814575052384,1.2173673000070266,-3.492173217267691e-09,1.2338108312803797e-08
UG0002_T2_graded_two_layer_fine_hot__AIP_LINAK_CARBONATE_2017_V10,UG0002,T2_graded_two_layer_fine_hot,AIP_LINAK_CARBONATE_2017_V10,graded_two_layer,fine_hot,4.0544776125744,4.289179343389838,0.4666173623085811,0.017063729789134834,355.20248809783055,0.325696,0.11568802956351101,2.5242182460699367,2.6313952806467458,0.9592698841694103,0.00663668894493893,793.3656963972089,0.8129897515568347,1.3590831405515795,1.0075383000075817,-2.8032909327180278e-09,9.69422320196145e-09
UG0002_T2_graded_two_layer_fine_hot__AIP_LINAK_CARBONATE_2017_V10,UG0002,T2_graded_two_layer_fine_hot,AIP_LINAK_CARBONATE_2017_V10,graded_two_layer,fine_hot,4.0544776125744,4.289179343389838,0.4666173623085811,0.017063729789134834,355.20248809783055,0.392923,0.13956722723086387,2.5156843950589645,2.6313952806467458,0.9560267944391305,0.00801021046457981,668.0888322568981,0.8129897515568347,1.400287263276627,0.8395099999615923,-1.9103052473212756e-09,7.783795830107465e-09
UG0002_T2_graded_two_layer_fine_hot__AIP_LINAK_CARBONATE_2017_V10,UG0002,T2_graded_two_layer_fine_hot,AIP_LINAK_CARBONATE_2017_V10,graded_two_layer,fine_hot,4.0544776125744,4.289179343389838,0.4666173623085811,0.017063729789134834,355.20248809783055,0.47403,0.16837663543301462,2.506322326184021,2.6313952806467458,0.9524689599534494,0.009668973850091508,562.7213399032381,0.8129897515568347,1.4439955974923693,0.696270199958235,-1.877042965503506e-09,6.596789781099233e-09
UG0002_T2_graded_two_layer_fine_hot__AIP_LINAK_CARBONATE_2017_V10,UG0002,T2_graded_two_layer_fine_hot,AIP_LINAK_CARBONATE_2017_V10,graded_two_layer,fine_hot,4.0544776125744,4.289179343389838,0.4666173623085811,0.017063729789134834,355.20248809783055,0.571866,0.20312822605855396,2.496086568004842,2.6313952806467458,0.9485791003590126,0.011672284091775741,474.0945377148967,0.8129897515568347,1.4904264587090863,0.5867341999546625,-1.260869186836544e-09,5.3221871354480754e-09
UG0002_T2_graded_two_layer_fine_hot__AIP_LINAK_CARBONATE_2017_V10,UG0002,T2_graded_two_layer_fine_hot,AIP_LINAK_CARBONATE_2017_V10,graded_two_layer,fine_hot,4.0544776125744,4.289179343389838,0.4666173623085811,0.017063729789134834,355.20248809783055,0.689885,0.24504886850137184,2.4849247520865694,2.6313952806467458,0.9443373142615895,0.014092376813821778,399.52801817364605,0.8129897515568347,1.5398338412586532,0.47654900001361966,-1.0578316000930954e-09,4.374944850837892e-09
UG0002_T2_graded_two_layer_fine_hot__AIP_LINAK_CARBONATE_2017_V10,UG0002,T2_graded_two_layer_fine_hot,AIP_LINAK_CARBONATE_2017_V10,graded_two_layer,fine_hot,4.0544776125744,4.289179343389838,0.4666173623085811,0.017063729789134834,355.20248809783055,0.832247,0.2956162051119552,2.4727811761042946,2.6313952806467458,0.9397224333003033,0.017016755166500183,336.77739954555625,0.8129897515568347,1.5924994778661932,0.399678900022991,-1.5102363803976004e-10,3.3641534002981643e-09
UG0002_T2_graded_two_layer_fine_hot__AIP_LINAK_CARBONATE_2017_V10,UG0002,T2_graded_two_layer_fine_hot,AIP_LINAK_CARBONATE_2017_V10,graded_two_layer,fine_hot,4.0544776125744,4.289179343389838,0.4666173623085811,0.017063729789134834,355.20248809783055,1.0,0.35520248809783056,2.4598828762275913,2.6313952806467458,0.9348207372413466,0.020469881764888526,284.98220204865316,0.8129897515568347,1.6475126258879687,0.3258864000090398,-9.678924328682115e-11,2.6308955014542335e-09
UG0002_T2_graded_two_layer_fine_hot__AIP_LIF_NAK_CARBONATE_RECIPROCAL_2017_V10,UG0002,T2_graded_two_layer_fine_hot,AIP_LIF_NAK_CARBONATE_RECIPROCAL_2017_V10,graded_two_layer,fine_hot,4.0544776125744,4.289179343389838,0.4666173623085811,0.017063729789134834,355.20248809783055,0.05,0.01776012440489153,2.7595334772590907,2.8186347005128463,0.9790319677668758,0.0005499945467979248,5327.761826079789,0.9419947519843093,1.408911950442131,7.141540199983865,-6.391092099988782e-08,6.514830896975354e-08
UG0002_T2_graded_two_layer_fine_hot__AIP_LIF_NAK_CARBONATE_RECIPROCAL_2017_V10,UG0002,T2_graded_two_layer_fine_hot,AIP_LIF_NAK_CARBONATE_RECIPROCAL_2017_V10,graded_two_layer,fine_hot,4.0544776125744,4.289179343389838,0.4666173623085811,0.017063729789134834,355.20248809783055,0.060295,0.021416934019858693,2.7576491661452978,2.8186347005128463,0.9783634486737667,0.0006633037427839079,4467.916050742375,0.9419947519843093,1.4397424205362044,5.9090502000181,-5.058637952970457e-08,5.175719852701377e-08
UG0002_T2_graded_two_layer_fine_hot__AIP_LIF_NAK_CARBONATE_RECIPROCAL_2017_V10,UG0002,T2_graded_two_layer_fine_hot,AIP_LIF_NAK_CARBONATE_RECIPROCAL_2017_V10,graded_two_layer,fine_hot,4.0544776125744,4.289179343389838,0.4666173623085811,0.017063729789134834,355.20248809783055,0.072707,0.025825707302128964,2.7554133366718245,2.8186347005128463,0.9775702173007667,0.0007999427969664045,3747.6883501585844,0.9419947519843093,1.4721074495148356,4.927737999998499,-4.162343802960322e-08,4.159024236116693e-08
UG0002_T2_graded_two_layer_fine_hot__AIP_LIF_NAK_CARBONATE_RECIPROCAL_2017_V10,UG0002,T2_graded_two_layer_fine_hot,AIP_LIF_NAK_CARBONATE_RECIPROCAL_2017_V10,graded_two_layer,fine_hot,4.0544776125744,4.289179343389838,0.4666173623085811,0.017063729789134834,355.20248809783055,0.087675,0.031142378143977294,2.7527716151144106,2.8186347005128463,0.9766329828457544,0.0009647630216563092,3144.136669468441,0.9419947519843093,1.5061249162297368,4.054980999964755,-3.460771669239193e-08,3.57102125647657e-08
UG0002_T2_graded_two_layer_fine_hot__AIP_LIF_NAK_CARBONATE_RECIPROCAL_2017_V10,UG0002,T2_graded_two_layer_fine_hot,AIP_LIF_NAK_CARBONATE_RECIPROCAL_2017_V10,graded_two_layer,fine_hot,4.0544776125744,4.289179343389838,0.4666173623085811,0.017063729789134834,355.20248809783055,0.105736,0.037557690281512214,2.7496663345950245,2.8186347005128463,0.9755312861559274,0.0011637046072599823,2638.0299660197797,0.9419947519843093,1.5419356997812723,3.3415195000125095,-2.736924020751985e-08,2.840638835266418e-08
UG0002_T2_graded_two_layer_fine_hot__AIP_LIF_NAK_CARBONATE_RECIPROCAL_2017_V10,UG0002,T2_graded_two_layer_fine_hot,AIP_LIF_NAK_CARBONATE_RECIPROCAL_2017_V10,graded_two_layer,fine_hot,4.0544776125744,4.289179343389838,0.4666173623085811,0.017063729789134834,355.20248809783055,0.127532,0.04529968371209253,2.746040978416663,2.8186347005128463,0.9742450761416601,0.0014038785635852396,2213.595189997013,0.9419947519843093,1.5796780251961724,2.801516500010621,-2.109753483026111e-08,2.2564927704138427e-08
UG0002_T2_graded_two_layer_fine_hot__AIP_LIF_NAK_CARBONATE_RECIPROCAL_2017_V10,UG0002,T2_graded_two_layer_fine_hot,AIP_LIF_NAK_CARBONATE_RECIPROCAL_2017_V10,graded_two_layer,fine_hot,4.0544776125744,4.289179343389838,0.4666173623085811,0.017063729789134834,355.20248809783055,0.153826,0.05463937793413688,2.741843302180214,2.8186347005128463,0.9727558174464181,0.0016937498310846935,1857.7656865137064,0.9419947519843093,1.619486888489541,2.321514000010211,-1.6514922762667084e-08,1.7601853308235604e-08
UG0002_T2_graded_two_layer_fine_hot__AIP_LIF_NAK_CARBONATE_RECIPROCAL_2017_V10,UG0002,T2_graded_two_layer_fine_hot,AIP_LIF_NAK_CARBONATE_RECIPROCAL_2017_V10,graded_two_layer,fine_hot,4.0544776125744,4.289179343389838,0.4666173623085811,0.017063729789134834,355.20248809783055,0.18554,0.06590426964167148,2.7370251240842296,2.8186347005128463,0.9710464160489587,0.0020435660429663324,1559.4639120013376,0.9419947519843093,1.661519720293436,1.9078092999989167,-1.356521561746149e-08,1.459528053970871e-08
UG0002_T2_graded_two_layer_fine_hot__AIP_LIF_NAK_CARBONATE_RECIPROCAL_2017_V10,UG0002,T2_graded_two_layer_fine_hot,AIP_LIF_NAK_CARBONATE_RECIPROCAL_2017_V10,graded_two_layer,fine_hot,4.0544776125744,4.289179343389838,0.4666173623085811,0.017063729789134834,355.20248809783055,0.223797,0.07949325122883018,2.7315414906102222,2.8186347005128463,0.9691009232637428,0.002465835453638528,1309.3086755539473,0.9419947519843093,1.7059666394830235,1.616305400035344,-1.12810205621372e-08,1.1647438569184487e-08
UG0002_T2_graded_two_layer_fine_hot__AIP_LIF_NAK_CARBONATE_RECIPROCAL_2017_V10,UG0002,T2_graded_two_layer_fine_hot,AIP_LIF_NAK_CARBONATE_RECIPROCAL_2017_V10,graded_two_layer,fine_hot,4.0544776125744,4.289179343389838,0.4666173623085811,0.017063729789134834,355.20248809783055,0.269974,0.0958954365217237,2.725348383892458,2.8186347005128463,0.9669037223577022,0.002975933747172526,1099.3946539804197,0.9419947519843093,1.7530582448337122,1.3321224999963306,-8.733302969687884e-09,9.197687056428094e-09
UG0002_T2_graded_two_layer_fine_hot__AIP_LIF_NAK_CARBONATE_RECIPROCAL_2017_V10,UG0002,T2_graded_two_layer_fine_hot,AIP_LIF_NAK_CARBONATE_RECIPROCAL_2017_V10,graded_two_layer,fine_hot,4.0544776125744,4.289179343389838,0.4666173623085811,0.017063729789134834,355.20248809783055,0.325696,0.11568802956351101,2.7184093120876587,2.8186347005128463,0.9644418666927815,0.003592069208274966,923.2901200837347,0.9419947519843093,1.8030106867413085,1.1175917999935336,-7.027545212423547e-09,7.569567195275795e-09
UG0002_T2_graded_two_layer_fine_hot__AIP_LIF_NAK_CARBONATE_RECIPROCAL_2017_V10,UG0002,T2_graded_two_layer_fine_hot,AIP_LIF_NAK_CARBONATE_RECIPROCAL_2017_V10,graded_two_layer,fine_hot,4.0544776125744,4.289179343389838,0.4666173623085811,0.017063729789134834,355.20248809783055,0.392923,0.13956722723086387,2.7106872489525484,2.8186347005128463,0.9617022200355877,0.004336288787499658,775.5586152248674,0.9419947519843093,1.8560700426339785,0.9324167000013404,-6.051059653344737e-09,6.2447380599905955e-09
UG0002_T2_graded_two_layer_fine_hot__AIP_LIF_NAK_CARBONATE_RECIPROCAL_2017_V10,UG0002,T2_graded_two_layer_fine_hot,AIP_LIF_NAK_CARBONATE_RECIPROCAL_2017_V10,graded_two_layer,fine_hot,4.0544776125744,4.289179343389838,0.4666173623085811,0.017063729789134834,355.20248809783055,0.47403,0.16837663543301462,2.702142476100786,2.8186347005128463,0.9586706910296448,0.005235429400476891,651.6073049921758,0.9419947519843093,1.9125222911292055,0.7914971999707632,-4.2175929415577684e-09,4.4463321913212894e-09
UG0002_T2_graded_two_layer_fine_hot__AIP_LIF_NAK_CARBONATE_RECIPROCAL_2017_V10,UG0002,T2_graded_two_layer_fine_hot,AIP_LIF_NAK_CARBONATE_RECIPROCAL_2017_V10,graded_two_layer,fine_hot,4.0544776125744,4.289179343389838,0.4666173623085811,0.017063729789134834,355.20248809783055,0.571866,0.20312822605855396,2.692734185094826,2.8186347005128463,0.9553328015882608,0.006321867547549674,547.6036610702519,0.9419947519843093,1.9726785460348017,0.6538245999836363,-3.187694552764242e-09,3.4189318043331696e-09
UG0002_T2_graded_two_layer_fine_hot__AIP_LIF_NAK_CARBONATE_RECIPROCAL_2017_V10,UG0002,T2_graded_two_layer_fine_hot,AIP_LIF_NAK_CARBONATE_RECIPROCAL_2017_V10,graded_two_layer,fine_hot,4.0544776125744,4.289179343389838,0.4666173623085811,0.017063729789134834,355.20248809783055,0.689885,0.24504886850137184,2.6824139054828793,2.8186347005128463,0.9516713552823352,0.00763511226787072,460.3138266037923,0.9419947519843093,2.0369003262755454,0.5489637000137009,-2.6364133098866205e-09,2.7745583608407287e-09
UG0002_T2_graded_two_layer_fine_hot__AIP_LIF_NAK_CARBONATE_RECIPROCAL_2017_V10,UG0002,T2_graded_two_layer_fine_hot,AIP_LIF_NAK_CARBONATE_RECIPROCAL_2017_V10,graded_two_layer,fine_hot,4.0544776125744,4.289179343389838,0.4666173623085811,0.017063729789134834,355.20248809783055,0.832247,0.2956162051119552,2.6711293367524345,2.8186347005128463,0.9476677968473269,0.00922313192944852,387.0361160217172,0.9419947519843093,2.1055899343618596,0.4606645000167191,-1.897748624912765e-09,2.0889068252927245e-09
UG0002_T2_graded_two_layer_fine_hot__AIP_LIF_NAK_CARBONATE_RECIPROCAL_2017_V10,UG0002,T2_graded_two_layer_fine_hot,AIP_LIF_NAK_CARBONATE_RECIPROCAL_2017_V10,graded_two_layer,fine_hot,4.0544776125744,4.289179343389838,0.4666173623085811,0.017063729789134834,355.20248809783055,1.0,0.35520248809783056,2.6590955115009938,2.8186347005128463,0.9433984159129154,0.011099857359381392,326.6987573995598,0.9419947519843093,2.1775911699976027,0.37327290000393987,-1.5451528945220616e-09,1.7066348334537906e-09
UG0002_T3_graded_two_layer_coarse_hot__SOLAR_SALT_60_40_V10,UG0002,T3_graded_two_layer_coarse_hot,SOLAR_SALT_60_40_V10,graded_two_layer,coarse_hot,4.0544776125744,4.289179343389838,0.4666173623085811,0.017063729789134834,355.20248809783055,0.05,0.01776012440489153,2.358519700405869,2.4177633343550538,0.9754965123726684,9.387428812682634e-05,4391.363508034743,0.6658007176322986,1.019670925556554,6.053578599996399,-4.645791529256371e-08,5.0140736007620035e-08
UG0002_T3_graded_two_layer_coarse_hot__SOLAR_SALT_60_40_V10,UG0002,T3_graded_two_layer_coarse_hot,SOLAR_SALT_60_40_V10,graded_two_layer,coarse_hot,4.0544776125744,4.289179343389838,0.4666173623085811,0.017063729789134834,355.20248809783055,0.060295,0.021416934019858693,2.3557391549789264,2.4177633343550538,0.9743464637358011,0.00011331269808419007,3690.585552531242,0.6658007176322986,1.0437435169447098,5.046255799999926,-3.847850926774754e-08,4.067906012039657e-08
UG0002_T3_graded_two_layer_coarse_hot__SOLAR_SALT_60_40_V10,UG0002,T3_graded_two_layer_coarse_hot,SOLAR_SALT_60_40_V10,graded_two_layer,coarse_hot,4.0544776125744,4.289179343389838,0.4666173623085811,0.017063729789134834,355.20248809783055,0.072707,0.025825707302128964,2.352575542184906,2.4177633343550538,0.973037976362754,0.00013679810765275142,3103.091220957785,0.6658007176322986,1.0694462983747117,4.2196691000135615,-2.9672053702967105e-08,3.1763436325604744e-08
UG0002_T3_graded_two_layer_coarse_hot__SOLAR_SALT_60_40_V10,UG0002,T3_graded_two_layer_coarse_hot,SOLAR_SALT_60_40_V10,graded_two_layer,coarse_hot,4.0544776125744,4.289179343389838,0.4666173623085811,0.017063729789134834,355.20248809783055,0.087675,0.031142378143977294,2.348993975602664,2.4177633343550538,0.9715566210409365,0.00016519228397708218,2610.27375925026,0.6658007176322986,1.0969482950812233,3.468962899991311,-2.521551856204951e-08,2.6936031183311115e-08
UG0002_T3_graded_two_layer_coarse_hot__SOLAR_SALT_60_40_V10,UG0002,T3_graded_two_layer_coarse_hot,SOLAR_SALT_60_40_V10,graded_two_layer,coarse_hot,4.0544776125744,4.289179343389838,0.4666173623085811,0.017063729789134834,355.20248809783055,0.105736,0.037557690281512214,2.344958016500724,2.4177633343550538,0.9698873265138043,0.00019955927403629244,2196.5394181676083,0.6658007176322986,1.1264489602582604,2.8660752000287175,-2.059548087629537e-08,2.2194002191611162e-08
UG0002_T3_graded_two_layer_coarse_hot__SOLAR_SALT_60_40_V10,UG0002,T3_graded_two_layer_coarse_hot,SOLAR_SALT_60_40_V10,graded_two_layer,coarse_hot,4.0544776125744,4.289179343389838,0.4666173623085811,0.017063729789134834,355.20248809783055,0.127532,0.04529968371209253,2.3404324761787305,2.4177633343550538,0.968015538544449,0.00024118684657712704,1849.1030263374546,0.6658007176322986,1.1581589958841945,2.361551700043492,-1.4361845046551025e-08,1.6144774406257056e-08
UG0002_T3_graded_two_layer_coarse_hot__SOLAR_SALT_60_40_V10,UG0002,T3_graded_two_layer_coarse_hot,SOLAR_SALT_60_40_V10,graded_two_layer,coarse_hot,4.0544776125744,4.289179343389838,0.4666173623085811,0.017063729789134834,355.20248809783055,0.153826,0.05463937793413688,2.335384175208787,2.4177633343550538,0.9659275339419265,0.0002916284771817195,1557.3768216154874,0.6658007176322986,1.1923003904855067,1.9983583000139333,-1.2782030989200166e-08,1.4159429184701366e-08
UG0002_T3_graded_two_layer_coarse_hot__SOLAR_SALT_60_40_V10,UG0002,T3_graded_two_layer_coarse_hot,SOLAR_SALT_60_40_V10,graded_two_layer,coarse_hot,4.0544776125744,4.289179343389838,0.4666173623085811,0.017063729789134834,355.20248809783055,0.18554,0.06590426964167148,2.3297791003047155,2.4177633343550538,0.9636092446269939,0.00035279277318604085,1312.3856263101843,0.6658007176322986,1.2291294316939698,1.6735222000279464,-9.650380494719002e-09,1.1785172837619484e-08
UG0002_T3_graded_two_layer_coarse_hot__SOLAR_SALT_60_40_V10,UG0002,T3_graded_two_layer_coarse_hot,SOLAR_SALT_60_40_V10,graded_two_layer,coarse_hot,4.0544776125744,4.289179343389838,0.4666173623085811,0.017063729789134834,355.20248809783055,0.223797,0.07949325122883018,2.323580556015594,2.4177633343550538,0.9610454931625542,0.00042704908542933996,1106.528490606924,0.6658007176322986,1.268948614700626,1.3857513000257313,-7.864442430616236e-09,9.022937952352095e-09
UG0002_T3_graded_two_layer_coarse_hot__SOLAR_SALT_60_40_V10,UG0002,T3_graded_two_layer_coarse_hot,SOLAR_SALT_60_40_V10,graded_two_layer,coarse_hot,4.0544776125744,4.289179343389838,0.4666173623085811,0.017063729789134834,355.20248809783055,0.269974,0.0958954365217237,2.3167479267618427,2.4177633343550538,0.9582194807250821,0.0005173670077782165,933.3995982298021,0.6658007176322986,1.3121177085114537,1.1455186000093818,-6.463352075769535e-09,7.533751400501387e-09
UG0002_T3_graded_two_layer_coarse_hot__SOLAR_SALT_60_40_V10,UG0002,T3_graded_two_layer_coarse_hot,SOLAR_SALT_60_40_V10,graded_two_layer,coarse_hot,4.0544776125744,4.289179343389838,0.4666173623085811,0.017063729789134834,355.20248809783055,0.325696,0.11568802956351101,2.309244664516557,2.4177633343550538,0.9551160908528524,0.0006273574585175784,787.7897886864881,0.6658007176322986,1.3590065456343823,0.9340670000528917,-5.183986573342736e-09,6.107847561054314e-09
UG0002_T3_graded_two_layer_coarse_hot__SOLAR_SALT_60_40_V10,UG0002,T3_graded_two_layer_coarse_hot,SOLAR_SALT_60_40_V10,graded_two_layer,coarse_hot,4.0544776125744,4.289179343389838,0.4666173623085811,0.017063729789134834,355.20248809783055,0.392923,0.13956722723086387,2.301033254428728,2.4177633343550538,0.9517198072004579,0.0007615184358897591,665.295509182383,0.6658007176322986,1.4100370069824653,0.7641991000273265,-4.21933599170643e-09,4.719313828616123e-09
UG0002_T3_graded_two_layer_coarse_hot__SOLAR_SALT_60_40_V10,UG0002,T3_graded_two_layer_coarse_hot,SOLAR_SALT_60_40_V10,graded_two_layer,coarse_hot,4.0544776125744,4.289179343389838,0.4666173623085811,0.017063729789134834,355.20248809783055,0.47403,0.16837663543301462,2.292073043687659,2.4177633343550538,0.9480138155453817,0.0009255049689565755,562.195646519702,0.6658007176322986,1.4656965602873948,0.6379023999907076,-3.479994070687553e-09,4.130562558657402e-09
UG0002_T3_graded_two_layer_coarse_hot__SOLAR_SALT_60_40_V10,UG0002,T3_graded_two_layer_coarse_hot,SOLAR_SALT_60_40_V10,graded_two_layer,coarse_hot,4.0544776125744,4.289179343389838,0.4666173623085811,0.017063729789134834,355.20248809783055,0.571866,0.20312822605855396,2.2823240461567056,2.4177633343550538,0.9439815774051032,0.0011264088770455338,475.3849720495771,0.6658007176322986,1.5265279684700608,0.5255208999733441,-2.606859172971099e-09,3.1426194979644606e-09
UG0002_T3_graded_two_layer_coarse_hot__SOLAR_SALT_60_40_V10,UG0002,T3_graded_two_layer_coarse_hot,SOLAR_SALT_60_40_V10,graded_two_layer,coarse_hot,4.0544776125744,4.289179343389838,0.4666173623085811,0.017063729789134834,355.20248809783055,0.689885,0.24504886850137184,2.2717410957308,2.4177633343550538,0.9396044118341279,0.0013732599305960056,402.24222875142306,0.6658007176322986,1.5931587043025492,0.4501618000213057,-1.938171845239367e-09,2.32394103960587e-09
UG0002_T3_graded_two_layer_coarse_hot__SOLAR_SALT_60_40_V10,UG0002,T3_graded_two_layer_coarse_hot,SOLAR_SALT_60_40_V10,graded_two_layer,coarse_hot,4.0544776125744,4.289179343389838,0.4666173623085811,0.017063729789134834,355.20248809783055,0.832247,0.2956162051119552,2.260279112007973,2.4177633343550538,0.9348636733342264,0.001677577885723241,340.5770089709024,0.6658007176322986,1.666296598731749,0.37012920004781336,-1.571032193226074e-09,1.935296367605588e-09
UG0002_T3_graded_two_layer_coarse_hot__SOLAR_SALT_60_40_V10,UG0002,T3_graded_two_layer_coarse_hot,SOLAR_SALT_60_40_V10,graded_two_layer,coarse_hot,4.0544776125744,4.289179343389838,0.4666173623085811,0.017063729789134834,355.20248809783055,1.0,0.35520248809783056,2.248162322289956,2.4177633343550538,0.9298521035309109,0.0020453657604272268,289.563647471503,0.6658007176322986,1.7449643377623596,0.3102416999754496,-1.0974776643024597e-09,1.376276870246329e-09
UG0002_T3_graded_two_layer_coarse_hot__NREL_MGCL2_KCL_NACL_BASELINE_V10,UG0002,T3_graded_two_layer_coarse_hot,NREL_MGCL2_KCL_NACL_BASELINE_V10,graded_two_layer,coarse_hot,4.0544776125744,4.289179343389838,0.4666173623085811,0.017063729789134834,355.20248809783055,0.05,0.01776012440489153,2.020797623241633,2.0775798138045474,0.9726690689880488,0.0003683797542831564,4022.815776812059,0.43141964955688333,0.8914567926782813,5.308755100006238,-2.215592154186652e-08,6.82986334155089e-08
UG0002_T3_graded_two_layer_coarse_hot__NREL_MGCL2_KCL_NACL_BASELINE_V10,UG0002,T3_graded_two_layer_coarse_hot,NREL_MGCL2_KCL_NACL_BASELINE_V10,graded_two_layer,coarse_hot,4.0544776125744,4.289179343389838,0.4666173623085811,0.017063729789134834,355.20248809783055,0.060295,0.021416934019858693,2.0176119393790657,2.0775798138045474,0.9711357060619171,0.00044447706002316475,3383.9937530738844,0.43141964955688333,0.9126639079126448,4.392583499953616,-1.6937340419076463e-08,5.513831613512821e-08
UG0002_T3_graded_two_layer_coarse_hot__NREL_MGCL2_KCL_NACL_BASELINE_V10,UG0002,T3_graded_two_layer_coarse_hot,NREL_MGCL2_KCL_NACL_BASELINE_V10,graded_two_layer,coarse_hot,4.0544776125744,4.289179343389838,0.4666173623085811,0.017063729789134834,355.20248809783055,0.072707,0.025825707302128964,2.0140261828082635,2.0775798138045474,0.9694097764263978,0.0005363351070885774,2847.8489682281784,0.43141964955688333,0.9351908618494708,3.6204670000006445,-1.3547774013744629e-08,4.322007196577715e-08
UG0002_T3_graded_two_layer_coarse_hot__NREL_MGCL2_KCL_NACL_BASELINE_V10,UG0002,T3_graded_two_layer_coarse_hot,NREL_MGCL2_KCL_NACL_BASELINE_V10,graded_two_layer,coarse_hot,4.0544776125744,4.289179343389838,0.4666173623085811,0.017063729789134834,355.20248809783055,0.087675,0.031142378143977294,2.010008728598648,2.0775798138045474,0.967476058076363,0.0006472731367368457,2397.6167877873595,0.43141964955688333,0.9591658341007178,2.989465100050438,-1.101143620729772e-08,3.3656899489642456e-08
UG0002_T3_graded_two_layer_coarse_hot__NREL_MGCL2_KCL_NACL_BASELINE_V10,UG0002,T3_graded_two_layer_coarse_hot,NREL_MGCL2_KCL_NACL_BASELINE_V10,graded_two_layer,coarse_hot,4.0544776125744,4.289179343389838,0.4666173623085811,0.017063729789134834,355.20248809783055,0.105736,0.037557690281512214,2.0055258254654587,2.0775798138045474,0.965318305530154,0.0007813737423935038,2019.2302717511964,0.43141964955688333,0.9847404532997971,2.468835199950263,-9.39643918229649e-09,2.7962809845405445e-08
UG0002_T3_graded_two_layer_coarse_hot__NREL_MGCL2_KCL_NACL_BASELINE_V10,UG0002,T3_graded_two_layer_coarse_hot,NREL_MGCL2_KCL_NACL_BASELINE_V10,graded_two_layer,coarse_hot,4.0544776125744,4.289179343389838,0.4666173623085811,0.017063729789134834,355.20248809783055,0.127532,0.04529968371209253,2.000544539205869,2.0775798138045474,0.962920666591572,0.0009435532002022018,1701.1454630609142,0.43141964955688333,1.0120726715812065,2.0681907000252977,-8.06074096360021e-09,2.3810287075320957e-08
UG0002_T3_graded_two_layer_coarse_hot__NREL_MGCL2_KCL_NACL_BASELINE_V10,UG0002,T3_graded_two_layer_coarse_hot,NREL_MGCL2_KCL_NACL_BASELINE_V10,graded_two_layer,coarse_hot,4.0544776125744,4.289179343389838,0.4666173623085811,0.017063729789134834,355.20248809783055,0.153826,0.05463937793413688,1.9950334917576666,2.0775798138045474,0.960268038080463,0.001139706347547875,1433.792846145055,0.43141964955688333,1.0413266668262702,1.7307026000344194,-4.6654125007705716e-09,1.8509527244248147e-08
UG0002_T3_graded_two_layer_coarse_hot__NREL_MGCL2_KCL_NACL_BASELINE_V10,UG0002,T3_graded_two_layer_coarse_hot,NREL_MGCL2_KCL_NACL_BASELINE_V10,graded_two_layer,coarse_hot,4.0544776125744,4.289179343389838,0.4666173623085811,0.017063729789134834,355.20248809783055,0.18554,0.06590426964167148,1.9889596596445147,2.0775798138045474,0.957344524830674,0.0013770274144678067,1209.0497241663252,0.43141964955688333,1.0726923151985885,1.4083511999924667,-3.588818131561311e-09,1.4529044634059574e-08
UG0002_T3_graded_two_layer_coarse_hot__NREL_MGCL2_KCL_NACL_BASELINE_V10,UG0002,T3_graded_two_layer_coarse_hot,NREL_MGCL2_KCL_NACL_BASELINE_V10,graded_two_layer,coarse_hot,4.0544776125744,4.289179343389838,0.4666173623085811,0.017063729789134834,355.20248809783055,0.223797,0.07949325122883018,1.982286809739402,2.0775798138045474,0.9541326867771971,0.0016643799356702048,1020.027852998611,0.43141964955688333,1.1063946314874702,1.1793801999883726,-2.130728926630354e-09,1.2281176076101019e-08
UG0002_T3_graded_two_layer_coarse_hot__NREL_MGCL2_KCL_NACL_BASELINE_V10,UG0002,T3_graded_two_layer_coarse_hot,NREL_MGCL2_KCL_NACL_BASELINE_V10,graded_two_layer,coarse_hot,4.0544776125744,4.289179343389838,0.4666173623085811,0.017063729789134834,355.20248809783055,0.269974,0.0958954365217237,1.9749743504752917,2.0775798138045474,0.950612986010217,0.002012777618875636,860.9144200892779,0.43141964955688333,1.1427021767156929,0.9877629999537021,-1.64923630308067e-09,9.064349271170613e-09
UG0002_T3_graded_two_layer_coarse_hot__NREL_MGCL2_KCL_NACL_BASELINE_V10,UG0002,T3_graded_two_layer_coarse_hot,NREL_MGCL2_KCL_NACL_BASELINE_V10,graded_two_layer,coarse_hot,4.0544776125744,4.289179343389838,0.4666173623085811,0.017063729789134834,355.20248809783055,0.325696,0.11568802956351101,1.96698581150873,2.0775798138045474,0.9467678682855061,0.002435458444674656,726.9783586881249,0.43141964955688333,1.181886631066314,0.811465400038287,-1.431488261260938e-09,7.567080295700634e-09
UG0002_T3_graded_two_layer_coarse_hot__NREL_MGCL2_KCL_NACL_BASELINE_V10,UG0002,T3_graded_two_layer_coarse_hot,NREL_MGCL2_KCL_NACL_BASELINE_V10,graded_two_layer,coarse_hot,4.0544776125744,4.289179343389838,0.4666173623085811,0.017063729789134834,355.20248809783055,0.392923,0.13956722723086387,1.9582834591209322,2.0775798138045474,0.9425791712592957,0.0029487119079411764,614.2150167776068,0.43141964955688333,1.2242578060397555,0.6919105999986641,-8.922751426609921e-10,6.389599960243686e-09
UG0002_T3_graded_two_layer_coarse_hot__NREL_MGCL2_KCL_NACL_BASELINE_V10,UG0002,T3_graded_two_layer_coarse_hot,NREL_MGCL2_KCL_NACL_BASELINE_V10,graded_two_layer,coarse_hot,4.0544776125744,4.289179343389838,0.4666173623085811,0.017063729789134834,355.20248809783055,0.47403,0.16837663543301462,1.9488265416474224,2.0775798138045474,0.9380272799621849,0.003572739071316068,519.2358551022119,0.43141964955688333,1.270174023173132,0.5790525999618694,-5.471401109957696e-10,5.1204152029526995e-09
UG0002_T3_graded_two_layer_coarse_hot__NREL_MGCL2_KCL_NACL_BASELINE_V10,UG0002,T3_graded_two_layer_coarse_hot,NREL_MGCL2_KCL_NACL_BASELINE_V10,graded_two_layer,coarse_hot,4.0544776125744,4.289179343389838,0.4666173623085811,0.017063729789134834,355.20248809783055,0.571866,0.20312822605855396,1.938572680683097,2.0775798138045474,0.9330917964268747,0.0043324691746810425,439.2097625585077,0.43141964955688333,1.320032714250537,0.47559909999836236,2.845501612114276e-10,3.909694790138474e-09
UG0002_T3_graded_two_layer_coarse_hot__NREL_MGCL2_KCL_NACL_BASELINE_V10,UG0002,T3_graded_two_layer_coarse_hot,NREL_MGCL2_KCL_NACL_BASELINE_V10,graded_two_layer,coarse_hot,4.0544776125744,4.289179343389838,0.4666173623085811,0.017063729789134834,355.20248809783055,0.689885,0.24504886850137184,1.927478228621785,2.0775798138045474,0.9277517117824271,0.0052591015787345355,371.74369071477037,0.43141964955688333,1.3742937275458884,0.4042040000203997,4.698019751003812e-10,3.3030467250227957e-09
UG0002_T3_graded_two_layer_coarse_hot__NREL_MGCL2_KCL_NACL_BASELINE_V10,UG0002,T3_graded_two_layer_coarse_hot,NREL_MGCL2_KCL_NACL_BASELINE_V10,graded_two_layer,coarse_hot,4.0544776125744,4.289179343389838,0.4666173623085811,0.017063729789134834,355.20248809783055,0.832247,0.2956162051119552,1.915494654324532,2.0775798138045474,0.9219836665705763,0.006391668954540283,314.835448320907,0.43141964955688333,1.4334746431840149,0.3350986000150442,4.2443826231419735e-10,2.542077659484221e-09
UG0002_T3_graded_two_layer_coarse_hot__NREL_MGCL2_KCL_NACL_BASELINE_V10,UG0002,T3_graded_two_layer_coarse_hot,NREL_MGCL2_KCL_NACL_BASELINE_V10,graded_two_layer,coarse_hot,4.0544776125744,4.289179343389838,0.4666173623085811,0.017063729789134834,355.20248809783055,1.0,0.35520248809783056,1.9028573287517039,2.0775798138045474,0.9159009517266705,0.00774701278907951,267.7376245850415,0.43141964955688333,1.49673455092408,0.2817921999958344,4.461320202153729e-10,2.0524915100850194e-09
UG0002_T3_graded_two_layer_coarse_hot__AIP_FLINAK_2017_V10,UG0002,T3_graded_two_layer_coarse_hot,AIP_FLINAK_2017_V10,graded_two_layer,coarse_hot,4.0544776125744,4.289179343389838,0.4666173623085811,0.017063729789134834,355.20248809783055,0.05,0.01776012440489153,2.810385498429753,2.8731539779977067,0.9781534578206988,0.00034667968678404946,5177.8624492224235,0.9795576723366032,1.3387724738780107,7.500712100008968,-3.747587795643881e-08,8.683784802343553e-08
UG0002_T3_graded_two_layer_coarse_hot__AIP_FLINAK_2017_V10,UG0002,T3_graded_two_layer_coarse_hot,AIP_FLINAK_2017_V10,graded_two_layer,coarse_hot,4.0544776125744,4.289179343389838,0.4666173623085811,0.017063729789134834,355.20248809783055,0.060295,0.021416934019858693,2.808211174985601,2.8731539779977067,0.9773966854859049,0.00041812184362183816,4343.169525149328,0.9795576723366032,1.36810638414012,6.2534735999652185,-3.404450055199959e-08,6.996963008987223e-08
UG0002_T3_graded_two_layer_coarse_hot__AIP_FLINAK_2017_V10,UG0002,T3_graded_two_layer_coarse_hot,AIP_FLINAK_2017_V10,graded_two_layer,coarse_hot,4.0544776125744,4.289179343389838,0.4666173623085811,0.017063729789134834,355.20248809783055,0.072707,0.025825707302128964,2.8056964675325546,2.8731539779977067,0.9765214426439606,0.0005042825327041728,3643.9594264129723,0.9795576723366032,1.3989648345511674,5.275482999975793,-2.072840787903374e-08,5.606322073248293e-08
UG0002_T3_graded_two_layer_coarse_hot__AIP_FLINAK_2017_V10,UG0002,T3_graded_two_layer_coarse_hot,AIP_FLINAK_2017_V10,graded_two_layer,coarse_hot,4.0544776125744,4.289179343389838,0.4666173623085811,0.017063729789134834,355.20248809783055,0.087675,0.031142378143977294,2.8028002853828125,2.8731539779977067,0.9755134276987397,0.000608226418170965,3057.967374211956,0.9795576723366032,1.431471471102063,4.31625959998928,-1.7605106261697756e-08,4.6835513245468974e-08
UG0002_T3_graded_two_layer_coarse_hot__AIP_FLINAK_2017_V10,UG0002,T3_graded_two_layer_coarse_hot,AIP_FLINAK_2017_V10,graded_two_layer,coarse_hot,4.0544776125744,4.289179343389838,0.4666173623085811,0.017063729789134834,355.20248809783055,0.105736,0.037557690281512214,2.799478640416888,2.8731539779977067,0.9743573306042711,0.0007337077933934479,2566.531233448349,0.9795576723366032,1.4657736844662543,3.583195600018371,-1.7687706854729868e-08,4.237281636676471e-08
UG0002_T3_graded_two_layer_coarse_hot__AIP_FLINAK_2017_V10,UG0002,T3_graded_two_layer_coarse_hot,AIP_FLINAK_2017_V10,graded_two_layer,coarse_hot,4.0544776125744,4.289179343389838,0.4666173623085811,0.017063729789134834,355.20248809783055,0.127532,0.04529968371209253,2.79568752401224,2.8731539779977067,0.9730378341785033,0.0008852237170097751,2154.345677214082,0.9795576723366032,1.5020183281089134,3.000985099992249,-1.1909129238318883e-08,3.111839674829753e-08
UG0002_T3_graded_two_layer_coarse_hot__AIP_FLINAK_2017_V10,UG0002,T3_graded_two_layer_coarse_hot,AIP_FLINAK_2017_V10,graded_two_layer,coarse_hot,4.0544776125744,4.289179343389838,0.4666173623085811,0.017063729789134834,355.20248809783055,0.153826,0.05463937793413688,2.791383986388079,2.8731539779977067,0.9715399897688,0.0010681315723475434,1808.7324269521696,0.9795576723366032,1.5403512438889149,2.4818454000051133,-8.779899030031402e-09,2.6419400001032045e-08
UG0002_T3_graded_two_layer_coarse_hot__AIP_FLINAK_2017_V10,UG0002,T3_graded_two_layer_coarse_hot,AIP_FLINAK_2017_V10,graded_two_layer,coarse_hot,4.0544776125744,4.289179343389838,0.4666173623085811,0.017063729789134834,355.20248809783055,0.18554,0.06590426964167148,2.7865242422248744,2.8731539779977067,0.9698485579136262,0.001288922566961359,1518.943697451224,0.9795576723366032,1.5809421238113162,2.0819297999842092,-7.034561821939178e-09,2.1460144772333933e-08
UG0002_T3_graded_two_layer_coarse_hot__AIP_FLINAK_2017_V10,UG0002,T3_graded_two_layer_coarse_hot,AIP_FLINAK_2017_V10,graded_two_layer,coarse_hot,4.0544776125744,4.289179343389838,0.4666173623085811,0.017063729789134834,355.20248809783055,0.223797,0.07949325122883018,2.7810620905842356,2.8731539779977067,0.9679474583963475,0.001555527776613162,1275.8778493312466,0.9795576723366032,1.623994848313417,1.67449880001368,-5.153721893691454e-09,1.7151213782540253e-08
UG0002_T3_graded_two_layer_coarse_hot__AIP_FLINAK_2017_V10,UG0002,T3_graded_two_layer_coarse_hot,AIP_FLINAK_2017_V10,graded_two_layer,coarse_hot,4.0544776125744,4.289179343389838,0.4666173623085811,0.017063729789134834,355.20248809783055,0.269974,0.0958954365217237,2.77494794374175,2.8731539779977067,0.9658194322309186,0.0018777077958983136,1071.8652849955724,0.9795576723366032,1.6697556432860836,1.387676400016062,-4.116895713224267e-09,1.3396017628508616e-08
UG0002_T3_graded_two_layer_coarse_hot__AIP_FLINAK_2017_V10,UG0002,T3_graded_two_layer_coarse_hot,AIP_FLINAK_2017_V10,graded_two_layer,coarse_hot,4.0544776125744,4.289179343389838,0.4666173623085811,0.017063729789134834,355.20248809783055,0.325696,0.11568802956351101,2.768134927299244,2.8731539779977067,0.9634481648033183,0.002267040155068713,900.6665390968182,0.9795576723366032,1.7184601730830695,1.1712341000093147,-2.8364199877728424e-09,1.0988032705938622e-08
UG0002_T3_graded_two_layer_coarse_hot__AIP_FLINAK_2017_V10,UG0002,T3_graded_two_layer_coarse_hot,AIP_FLINAK_2017_V10,graded_two_layer,coarse_hot,4.0544776125744,4.289179343389838,0.4666173623085811,0.017063729789134834,355.20248809783055,0.392923,0.13956722723086387,2.760574924708707,2.8731539779977067,0.9608169091698121,0.002737568229374993,757.0077358753713,0.9795576723366032,1.7703768567525937,0.9791226999950595,-2.2142732092333972e-09,8.278422392038465e-09
UG0002_T3_graded_two_layer_coarse_hot__AIP_FLINAK_2017_V10,UG0002,T3_graded_two_layer_coarse_hot,AIP_FLINAK_2017_V10,graded_two_layer,coarse_hot,4.0544776125744,4.289179343389838,0.4666173623085811,0.017063729789134834,355.20248809783055,0.47403,0.16837663543301462,2.7522161579371165,2.8731539779977067,0.9579076440083899,0.003306422311569982,636.4333768834863,0.9795576723366032,1.8258172162398847,0.8102618000120856,-1.455047193843484e-09,6.698663845838837e-09
UG0002_T3_graded_two_layer_coarse_hot__AIP_FLINAK_2017_V10,UG0002,T3_graded_two_layer_coarse_hot,AIP_FLINAK_2017_V10,graded_two_layer,coarse_hot,4.0544776125744,4.289179343389838,0.4666173623085811,0.017063729789134834,355.20248809783055,0.571866,0.20312822605855396,2.743006531243956,2.8731539779977067,0.9547022374190854,0.003994322372999765,535.2255838251851,0.9795576723366032,1.8851220118726137,0.6720303000183776,-5.176414852314792e-10,5.447686746151703e-09
UG0002_T3_graded_two_layer_coarse_hot__AIP_FLINAK_2017_V10,UG0002,T3_graded_two_layer_coarse_hot,AIP_FLINAK_2017_V10,graded_two_layer,coarse_hot,4.0544776125744,4.289179343389838,0.4666173623085811,0.017063729789134834,355.20248809783055,0.689885,0.24504886850137184,2.7328886130871233,2.8731539779977067,0.9511807003784969,0.0048266278411926945,450.2471457080642,0.9795576723366032,1.9486867308453024,0.5649856000090949,-3.715916463420399e-10,4.318434498884471e-09
UG0002_T3_graded_two_layer_coarse_hot__AIP_FLINAK_2017_V10,UG0002,T3_graded_two_layer_coarse_hot,AIP_FLINAK_2017_V10,graded_two_layer,coarse_hot,4.0544776125744,4.289179343389838,0.4666173623085811,0.017063729789134834,355.20248809783055,0.832247,0.2956162051119552,2.7218046643427605,2.8731539779977067,0.9473229368095263,0.005834238795440994,378.8770771678964,0.9795576723366032,2.0169529044579195,0.48573100002249703,1.7486012637846216e-10,3.3455904713264317e-09
UG0002_T3_graded_two_layer_coarse_hot__AIP_FLINAK_2017_V10,UG0002,T3_graded_two_layer_coarse_hot,AIP_FLINAK_2017_V10,graded_two_layer,coarse_hot,4.0544776125744,4.289179343389838,0.4666173623085811,0.017063729789134834,355.20248809783055,1.0,0.35520248809783056,2.709960800295349,2.8731539779977067,0.9432006850478348,0.007026658689403097,320.08101951463595,0.9795576723366032,2.0888093308910465,0.3996439999900758,3.0038194154258235e-10,2.798095088962782e-09
UG0002_T3_graded_two_layer_coarse_hot__AIP_LINAK_CARBONATE_2017_V10,UG0002,T3_graded_two_layer_coarse_hot,AIP_LINAK_CARBONATE_2017_V10,graded_two_layer,coarse_hot,4.0544776125744,4.289179343389838,0.4666173623085811,0.017063729789134834,355.20248809783055,0.05,0.01776012440489153,2.5697703103279426,2.6313952806467458,0.976580876779692,0.0010169472278081125,4467.716397158892,0.8129897515568347,1.0492441880421939,6.682403400016483,-3.625494349179803e-08,8.210867541436073e-08
UG0002_T3_graded_two_layer_coarse_hot__AIP_LINAK_CARBONATE_2017_V10,UG0002,T3_graded_two_layer_coarse_hot,AIP_LINAK_CARBONATE_2017_V10,graded_two_layer,coarse_hot,4.0544776125744,4.289179343389838,0.4666173623085811,0.017063729789134834,355.20248809783055,0.060295,0.021416934019858693,2.5671625542581205,2.6313952806467458,0.9755898603067957,0.0012264222173542308,3755.6094811682337,0.8129897515568347,1.0737194996718218,5.522397799999453,-2.776885388300343e-08,6.790936701861483e-08
UG0002_T3_graded_two_layer_coarse_hot__AIP_LINAK_CARBONATE_2017_V10,UG0002,T3_graded_two_layer_coarse_hot,AIP_LINAK_CARBONATE_2017_V10,graded_two_layer,coarse_hot,4.0544776125744,4.289179343389838,0.4666173623085811,0.017063729789134834,355.20248809783055,0.072707,0.025825707302128964,2.5641752628204775,2.6313952806467458,0.9744546103275875,0.0014790111911211757,3157.763510072109,0.8129897515568347,1.0993717450770804,4.595767699996941,-2.2333235261129403e-08,5.902038857641401e-08
UG0002_T3_graded_two_layer_coarse_hot__AIP_LINAK_CARBONATE_2017_V10,UG0002,T3_graded_two_layer_coarse_hot,AIP_LINAK_CARBONATE_2017_V10,graded_two_layer,coarse_hot,4.0544776125744,4.289179343389838,0.4666173623085811,0.017063729789134834,355.20248809783055,0.087675,0.031142378143977294,2.560768720874814,2.6313952806467458,0.9731600340354136,0.001783672233411553,2655.609461823293,0.8129897515568347,1.1262871440412487,3.821747999987565,-1.667872506772028e-08,4.8391268769876206e-08
UG0002_T3_graded_two_layer_coarse_hot__AIP_LINAK_CARBONATE_2017_V10,UG0002,T3_graded_two_layer_coarse_hot,AIP_LINAK_CARBONATE_2017_V10,graded_two_layer,coarse_hot,4.0544776125744,4.289179343389838,0.4666173623085811,0.017063729789134834,355.20248809783055,0.105736,0.037557690281512214,2.556900909525029,2.6313952806467458,0.9716901631352749,0.002151370907352746,2233.5479919318327,0.8129897515568347,1.1545689833315118,3.1532013000105508,-1.3473444582245975e-08,3.8748648734099334e-08
UG0002_T3_graded_two_layer_coarse_hot__AIP_LINAK_CARBONATE_2017_V10,UG0002,T3_graded_two_layer_coarse_hot,AIP_LINAK_CARBONATE_2017_V10,graded_two_layer,coarse_hot,4.0544776125744,4.289179343389838,0.4666173623085811,0.017063729789134834,355.20248809783055,0.127532,0.04529968371209253,2.5525303034737905,2.6313952806467458,0.9700292169127962,0.0025952291006900584,1878.7643347933392,0.8129897515568347,1.1843171691188312,2.5959348999895155,-1.007890437776382e-08,2.8612290314811162e-08
UG0002_T3_graded_two_layer_coarse_hot__AIP_LINAK_CARBONATE_2017_V10,UG0002,T3_graded_two_layer_coarse_hot,AIP_LINAK_CARBONATE_2017_V10,graded_two_layer,coarse_hot,4.0544776125744,4.289179343389838,0.4666173623085811,0.017063729789134834,355.20248809783055,0.153826,0.05463937793413688,2.547616825037992,2.6313952806467458,0.9681619647854035,0.0031308597655762575,1580.623909424026,0.8129897515568347,1.2156277240226045,2.171307299984619,-7.295730686252e-09,2.345388327995579e-08
UG0002_T3_graded_two_layer_coarse_hot__AIP_LINAK_CARBONATE_2017_V10,UG0002,T3_graded_two_layer_coarse_hot,AIP_LINAK_CARBONATE_2017_V10,graded_two_layer,coarse_hot,4.0544776125744,4.289179343389838,0.4666173623085811,0.017063729789134834,355.20248809783055,0.18554,0.06590426964167148,2.5421189388093235,2.6313952806467458,0.9660726221962821,0.003777153900233392,1330.0894763545991,0.8129897515568347,1.248612876268754,1.8012241999967955,-6.665612506395746e-09,1.988034181721332e-08
UG0002_T3_graded_two_layer_coarse_hot__AIP_LINAK_CARBONATE_2017_V10,UG0002,T3_graded_two_layer_coarse_hot,AIP_LINAK_CARBONATE_2017_V10,graded_two_layer,coarse_hot,4.0544776125744,4.289179343389838,0.4666173623085811,0.017063729789134834,355.20248809783055,0.223797,0.07949325122883018,2.5359921410059236,2.6313952806467458,0.9637442765279362,0.00455715565389046,1119.4888233368122,0.8129897515568347,1.2834088266109074,1.501019199960865,-4.011302401352168e-09,1.6046652895340685e-08
UG0002_T3_graded_two_layer_coarse_hot__AIP_LINAK_CARBONATE_2017_V10,UG0002,T3_graded_two_layer_coarse_hot,AIP_LINAK_CARBONATE_2017_V10,graded_two_layer,coarse_hot,4.0544776125744,4.289179343389838,0.4666173623085811,0.017063729789134834,355.20248809783055,0.269974,0.0958954365217237,2.5291868100401906,2.6313952806467458,0.9611580702609475,0.005499171483023049,942.341021131604,0.8129897515568347,1.3201814575052384,1.2378754999954253,-3.214795096795342e-09,1.2608003530090173e-08
UG0002_T3_graded_two_layer_coarse_hot__AIP_LINAK_CARBONATE_2017_V10,UG0002,T3_graded_two_layer_coarse_hot,AIP_LINAK_CARBONATE_2017_V10,graded_two_layer,coarse_hot,4.0544776125744,4.289179343389838,0.4666173623085811,0.017063729789134834,355.20248809783055,0.325696,0.11568802956351101,2.521656957487314,2.6313952806467458,0.9582965265741222,0.00663668894493893,793.3656963972089,0.8129897515568347,1.3590831405515795,1.0160593999898992,-2.1458723686862413e-09,9.928102784328985e-09
UG0002_T3_graded_two_layer_coarse_hot__AIP_LINAK_CARBONATE_2017_V10,UG0002,T3_graded_two_layer_coarse_hot,AIP_LINAK_CARBONATE_2017_V10,graded_two_layer,coarse_hot,4.0544776125744,4.289179343389838,0.4666173623085811,0.017063729789134834,355.20248809783055,0.392923,0.13956722723086387,2.5133541663450454,2.6313952806467458,0.9551412457224259,0.00801021046457981,668.0888322568981,0.8129897515568347,1.400287263276627,0.8382352000335231,-1.603073229716756e-09,8.077116753213431e-09
UG0002_T3_graded_two_layer_coarse_hot__AIP_LINAK_CARBONATE_2017_V10,UG0002,T3_graded_two_layer_coarse_hot,AIP_LINAK_CARBONATE_2017_V10,graded_two_layer,coarse_hot,4.0544776125744,4.289179343389838,0.4666173623085811,0.017063729789134834,355.20248809783055,0.47403,0.16837663543301462,2.504225896227167,2.6313952806467458,0.9516722609655501,0.009668973850091508,562.7213399032381,0.8129897515568347,1.4439955974923693,0.6954398999805562,-1.7208345859387464e-09,6.768186011640864e-09
UG0002_T3_graded_two_layer_coarse_hot__AIP_LINAK_CARBONATE_2017_V10,UG0002,T3_graded_two_layer_coarse_hot,AIP_LINAK_CARBONATE_2017_V10,graded_two_layer,coarse_hot,4.0544776125744,4.289179343389838,0.4666173623085811,0.017063729789134834,355.20248809783055,0.571866,0.20312822605855396,2.494218852683865,2.6313952806467458,0.9478693189990195,0.011672284091775741,474.0945377148967,0.8129897515568347,1.4904264587090863,0.574930000002496,-1.139455196863537e-09,5.510347733661547e-09
UG0002_T3_graded_two_layer_coarse_hot__AIP_LINAK_CARBONATE_2017_V10,UG0002,T3_graded_two_layer_coarse_hot,AIP_LINAK_CARBONATE_2017_V10,graded_two_layer,coarse_hot,4.0544776125744,4.289179343389838,0.4666173623085811,0.017063729789134834,355.20248809783055,0.689885,0.24504886850137184,2.4832754907817662,2.6313952806467458,0.9437105512218693,0.014092376813821778,399.52801817364605,0.8129897515568347,1.5398338412586532,0.47820269997464493,-9.768852393676752e-11,4.4111603259011645e-09
UG0002_T3_graded_two_layer_coarse_hot__AIP_LINAK_CARBONATE_2017_V10,UG0002,T3_graded_two_layer_coarse_hot,AIP_LINAK_CARBONATE_2017_V10,graded_two_layer,coarse_hot,4.0544776125744,4.289179343389838,0.4666173623085811,0.017063729789134834,355.20248809783055,0.832247,0.2956162051119552,2.4713361691604114,2.6313952806467458,0.9391732923352379,0.017016755166500183,336.77739954555625,0.8129897515568347,1.5924994778661932,0.392544399946928,-2.53719267817587e-10,3.695621586530251e-09
UG0002_T3_graded_two_layer_coarse_hot__AIP_LINAK_CARBONATE_2017_V10,UG0002,T3_graded_two_layer_coarse_hot,AIP_LINAK_CARBONATE_2017_V10,graded_two_layer,coarse_hot,4.0544776125744,4.289179343389838,0.4666173623085811,0.017063729789134834,355.20248809783055,1.0,0.35520248809783056,2.4586225113989792,2.6313952806467458,0.9343417651774072,0.020469881764888526,284.98220204865316,0.8129897515568347,1.6475126258879687,0.33213689998956397,-1.4623857680362562e-10,2.8396840434652404e-09
UG0002_T3_graded_two_layer_coarse_hot__AIP_LIF_NAK_CARBONATE_RECIPROCAL_2017_V10,UG0002,T3_graded_two_layer_coarse_hot,AIP_LIF_NAK_CARBONATE_RECIPROCAL_2017_V10,graded_two_layer,coarse_hot,4.0544776125744,4.289179343389838,0.4666173623085811,0.017063729789134834,355.20248809783055,0.05,0.01776012440489153,2.756980617639203,2.8186347005128463,0.9781262599007863,0.0005499945467979248,5327.761826079789,0.9419947519843093,1.408911950442131,7.214711799984798,-6.351882353428095e-08,6.52618625807122e-08
UG0002_T3_graded_two_layer_coarse_hot__AIP_LIF_NAK_CARBONATE_RECIPROCAL_2017_V10,UG0002,T3_graded_two_layer_coarse_hot,AIP_LIF_NAK_CARBONATE_RECIPROCAL_2017_V10,graded_two_layer,coarse_hot,4.0544776125744,4.289179343389838,0.4666173623085811,0.017063729789134834,355.20248809783055,0.060295,0.021416934019858693,2.7548316343580104,2.8186347005128463,0.9773638399671916,0.0006633037427839079,4467.916050742375,0.9419947519843093,1.4397424205362044,5.932596800033934,-4.999837210917235e-08,5.237192901574872e-08
UG0002_T3_graded_two_layer_coarse_hot__AIP_LIF_NAK_CARBONATE_RECIPROCAL_2017_V10,UG0002,T3_graded_two_layer_coarse_hot,AIP_LIF_NAK_CARBONATE_RECIPROCAL_2017_V10,graded_two_layer,coarse_hot,4.0544776125744,4.289179343389838,0.4666173623085811,0.017063729789134834,355.20248809783055,0.072707,0.025825707302128964,2.7523455431623995,2.8186347005128463,0.976481820315919,0.0007999427969664045,3747.6883501585844,0.9419947519843093,1.4721074495148356,4.884204700007103,-3.9344982827316244e-08,4.338804870940294e-08
UG0002_T3_graded_two_layer_coarse_hot__AIP_LIF_NAK_CARBONATE_RECIPROCAL_2017_V10,UG0002,T3_graded_two_layer_coarse_hot,AIP_LIF_NAK_CARBONATE_RECIPROCAL_2017_V10,graded_two_layer,coarse_hot,4.0544776125744,4.289179343389838,0.4666173623085811,0.017063729789134834,355.20248809783055,0.087675,0.031142378143977294,2.7494814610920253,2.8186347005128463,0.9754656964209522,0.0009647630216563092,3144.136669468441,0.9419947519843093,1.5061249162297368,4.068517700012308,-3.418524352483132e-08,3.5999914160811386e-08
UG0002_T3_graded_two_layer_coarse_hot__AIP_LIF_NAK_CARBONATE_RECIPROCAL_2017_V10,UG0002,T3_graded_two_layer_coarse_hot,AIP_LIF_NAK_CARBONATE_RECIPROCAL_2017_V10,graded_two_layer,coarse_hot,4.0544776125744,4.289179343389838,0.4666173623085811,0.017063729789134834,355.20248809783055,0.105736,0.037557690281512214,2.7461956023558973,2.8186347005128463,0.9742999338850937,0.0011637046072599823,2638.0299660197797,0.9419947519843093,1.5419356997812723,3.3754196000518277,-2.6991675561305328e-08,2.8594193679509772e-08
UG0002_T3_graded_two_layer_coarse_hot__AIP_LIF_NAK_CARBONATE_RECIPROCAL_2017_V10,UG0002,T3_graded_two_layer_coarse_hot,AIP_LIF_NAK_CARBONATE_RECIPROCAL_2017_V10,graded_two_layer,coarse_hot,4.0544776125744,4.289179343389838,0.4666173623085811,0.017063729789134834,355.20248809783055,0.127532,0.04529968371209253,2.7424440950161197,2.8186347005128463,0.9729689677478022,0.0014038785635852396,2213.595189997013,0.9419947519843093,1.5796780251961724,2.7948068999685347,-2.0840795755816544e-08,2.2617974160255017e-08
UG0002_T3_graded_two_layer_coarse_hot__AIP_LIF_NAK_CARBONATE_RECIPROCAL_2017_V10,UG0002,T3_graded_two_layer_coarse_hot,AIP_LIF_NAK_CARBONATE_RECIPROCAL_2017_V10,graded_two_layer,coarse_hot,4.0544776125744,4.289179343389838,0.4666173623085811,0.017063729789134834,355.20248809783055,0.153826,0.05463937793413688,2.7381840061472116,2.8186347005128463,0.9714575661929525,0.0016937498310846935,1857.7656865137064,0.9419947519843093,1.619486888489541,2.31921919999877,-1.6059975571636187e-08,1.7797785467621452e-08
UG0002_T3_graded_two_layer_coarse_hot__AIP_LIF_NAK_CARBONATE_RECIPROCAL_2017_V10,UG0002,T3_graded_two_layer_coarse_hot,AIP_LIF_NAK_CARBONATE_RECIPROCAL_2017_V10,graded_two_layer,coarse_hot,4.0544776125744,4.289179343389838,0.4666173623085811,0.017063729789134834,355.20248809783055,0.18554,0.06590426964167148,2.733371460246668,2.8186347005128463,0.9697501629953449,0.0020435660429663324,1559.4639120013376,0.9419947519843093,1.661519720293436,1.919990999973379,-1.3279521926534699e-08,1.4623169342087294e-08
UG0002_T3_graded_two_layer_coarse_hot__AIP_LIF_NAK_CARBONATE_RECIPROCAL_2017_V10,UG0002,T3_graded_two_layer_coarse_hot,AIP_LIF_NAK_CARBONATE_RECIPROCAL_2017_V10,graded_two_layer,coarse_hot,4.0544776125744,4.289179343389838,0.4666173623085811,0.017063729789134834,355.20248809783055,0.223797,0.07949325122883018,2.7279601292969646,2.8186347005128463,0.9678303218223405,0.002465835453638528,1309.3086755539473,0.9419947519843093,1.7059666394830235,1.608290300006047,-1.0730494270916324e-08,1.193531939946979e-08
UG0002_T3_graded_two_layer_coarse_hot__AIP_LIF_NAK_CARBONATE_RECIPROCAL_2017_V10,UG0002,T3_graded_two_layer_coarse_hot,AIP_LIF_NAK_CARBONATE_RECIPROCAL_2017_V10,graded_two_layer,coarse_hot,4.0544776125744,4.289179343389838,0.4666173623085811,0.017063729789134834,355.20248809783055,0.269974,0.0958954365217237,2.72189974462742,2.8186347005128463,0.9656802082696896,0.002975933747172526,1099.3946539804197,0.9419947519843093,1.7530582448337122,1.3383647999726236,-8.159217745884462e-09,9.445000337393594e-09
UG0002_T3_graded_two_layer_coarse_hot__AIP_LIF_NAK_CARBONATE_RECIPROCAL_2017_V10,UG0002,T3_graded_two_layer_coarse_hot,AIP_LIF_NAK_CARBONATE_RECIPROCAL_2017_V10,graded_two_layer,coarse_hot,4.0544776125744,4.289179343389838,0.4666173623085811,0.017063729789134834,355.20248809783055,0.325696,0.11568802956351101,2.715143426627383,2.8186347005128463,0.9632831903096087,0.003592069208274966,923.2901200837347,0.9419947519843093,1.8030106867413085,1.101466000021901,-6.864520063487589e-09,7.74560415806036e-09
UG0002_T3_graded_two_layer_coarse_hot__AIP_LIF_NAK_CARBONATE_RECIPROCAL_2017_V10,UG0002,T3_graded_two_layer_coarse_hot,AIP_LIF_NAK_CARBONATE_RECIPROCAL_2017_V10,graded_two_layer,coarse_hot,4.0544776125744,4.289179343389838,0.4666173623085811,0.017063729789134834,355.20248809783055,0.392923,0.13956722723086387,2.7076418337071524,2.8186347005128463,0.9606217624492103,0.004336288787499658,775.5586152248674,0.9419947519843093,1.8560700426339785,0.9187387999845669,-5.611677789119085e-09,6.483569237047959e-09
UG0002_T3_graded_two_layer_coarse_hot__AIP_LIF_NAK_CARBONATE_RECIPROCAL_2017_V10,UG0002,T3_graded_two_layer_coarse_hot,AIP_LIF_NAK_CARBONATE_RECIPROCAL_2017_V10,graded_two_layer,coarse_hot,4.0544776125744,4.289179343389838,0.4666173623085811,0.017063729789134834,355.20248809783055,0.47403,0.16837663543301462,2.6993421618195765,2.8186347005128463,0.9576771907790802,0.005235429400476891,651.6073049921758,0.9419947519843093,1.9125222911292055,0.7654695000383072,-3.889943922530392e-09,4.62481164476003e-09
UG0002_T3_graded_two_layer_coarse_hot__AIP_LIF_NAK_CARBONATE_RECIPROCAL_2017_V10,UG0002,T3_graded_two_layer_coarse_hot,AIP_LIF_NAK_CARBONATE_RECIPROCAL_2017_V10,graded_two_layer,coarse_hot,4.0544776125744,4.289179343389838,0.4666173623085811,0.017063729789134834,355.20248809783055,0.571866,0.20312822605855396,2.6901914855598306,2.8186347005128463,0.9544306983343228,0.006321867547549674,547.6036610702519,0.9419947519843093,1.9726785460348017,0.6078035999671556,-3.022859740298145e-09,3.5474512216637777e-09
UG0002_T3_graded_two_layer_coarse_hot__AIP_LIF_NAK_CARBONATE_RECIPROCAL_2017_V10,UG0002,T3_graded_two_layer_coarse_hot,AIP_LIF_NAK_CARBONATE_RECIPROCAL_2017_V10,graded_two_layer,coarse_hot,4.0544776125744,4.289179343389838,0.4666173623085811,0.017063729789134834,355.20248809783055,0.689885,0.24504886850137184,2.6801307815211377,2.8186347005128463,0.9508613446905666,0.00763511226787072,460.3138266037923,0.9419947519843093,2.0369003262755454,0.5129343000007793,-2.4343860260955807e-09,2.9068081275340774e-09
UG0002_T3_graded_two_layer_coarse_hot__AIP_LIF_NAK_CARBONATE_RECIPROCAL_2017_V10,UG0002,T3_graded_two_layer_coarse_hot,AIP_LIF_NAK_CARBONATE_RECIPROCAL_2017_V10,graded_two_layer,coarse_hot,4.0544776125744,4.289179343389838,0.4666173623085811,0.017063729789134834,355.20248809783055,0.832247,0.2956162051119552,2.6691000708140846,2.8186347005128463,0.94694785043569,0.00922313192944852,387.0361160217172,0.9419947519843093,2.1055899343618596,0.42218679998768494,-1.799682625147625e-09,2.1899815294545988e-09
UG0002_T3_graded_two_layer_coarse_hot__AIP_LIF_NAK_CARBONATE_RECIPROCAL_2017_V10,UG0002,T3_graded_two_layer_coarse_hot,AIP_LIF_NAK_CARBONATE_RECIPROCAL_2017_V10,graded_two_layer,coarse_hot,4.0544776125744,4.289179343389838,0.4666173623085811,0.017063729789134834,355.20248809783055,1.0,0.35520248809783056,2.6573031827880853,2.8186347005128463,0.942762530492012,0.011099857359381392,326.6987573995598,0.9419947519843093,2.1775911699976027,0.35130639997078106,-1.48911993846923e-09,1.7889467684994997e-09
UG0003_T1_homogeneous_none__SOLAR_SALT_60_40_V10,UG0003,T1_homogeneous_none,SOLAR_SALT_60_40_V10,homogeneous,none,2.7649550332437642,6.515496993028625,0.5333328493919267,0.01265473851602238,281.5064377844304,0.05,0.014075321889221518,1.6430817300032614,1.6773786447044672,0.9795532661575952,0.00019289240187705627,5080.754315043608,0.8697878601506462,0.9101489012893346,5.481644999992568,-4.685488663724868e-08,4.6620129978691693e-08
UG0003_T1_homogeneous_none__SOLAR_SALT_60_40_V10,UG0003,T1_homogeneous_none,SOLAR_SALT_60_40_V10,homogeneous,none,2.7649550332437642,6.515496993028625,0.5333328493919267,0.01265473851602238,281.5064377844304,0.060295,0.01697343066621223,1.6422056632694,1.6773786447044672,0.979030982929162,0.0002329753456709573,4275.010751784624,0.8697878601506462,0.930943756452359,4.560403999988921,-3.899582878830188e-08,3.868703135623264e-08
UG0003_T1_homogeneous_none__SOLAR_SALT_60_40_V10,UG0003,T1_homogeneous_none,SOLAR_SALT_60_40_V10,homogeneous,none,2.7649550332437642,6.515496993028625,0.5333328493919267,0.01265473851602238,281.5064377844304,0.072707,0.020467488571992577,1.6411836202823018,1.6773786447044672,0.9784216732838265,0.00028146705699415964,3598.88715039612,0.8697878601506462,0.9530983134556043,3.7856158000067808,-3.2153624207609255e-08,3.229305711727193e-08
UG0003_T1_homogeneous_none__SOLAR_SALT_60_40_V10,UG0003,T1_homogeneous_none,SOLAR_SALT_60_40_V10,homogeneous,none,2.7649550332437642,6.515496993028625,0.5333328493919267,0.01265473851602238,281.5064377844304,0.087675,0.024681076932749933,1.6399950444121842,1.6773786447044672,0.9777130820102521,0.00034018655803206004,3031.1755492809743,0.8697878601506462,0.9767499362819084,3.1351147000095807,-2.5500845879378176e-08,2.57160959193925e-08
UG0003_T1_homogeneous_none__SOLAR_SALT_60_40_V10,UG0003,T1_homogeneous_none,SOLAR_SALT_60_40_V10,homogeneous,none,2.7649550332437642,6.515496993028625,0.5333328493919267,0.01265473851602238,281.5064377844304,0.105736,0.02976536470557453,1.6386174070774915,1.6773786447044672,0.9768917782819365,0.00041139201944940856,2554.089290398838,0.8697878601506462,1.0020608732809726,2.581328600004781,-2.0879242779159313e-08,2.0494694830119897e-08
UG0003_T1_homogeneous_none__SOLAR_SALT_60_40_V10,UG0003,T1_homogeneous_none,SOLAR_SALT_60_40_V10,homogeneous,none,2.7649550332437642,6.515496993028625,0.5333328493919267,0.01265473851602238,281.5064377844304,0.127532,0.03590107902352398,1.6370275352949093,1.6773786447044672,0.9759439471004668,0.000497835487292849,2153.038022172405,0.8697878601506462,1.029201593763079,2.144395900017116,-1.6619361442593572e-08,1.672957328224811e-08
UG0003_T1_homogeneous_none__SOLAR_SALT_60_40_V10,UG0003,T1_homogeneous_none,SOLAR_SALT_60_40_V10,homogeneous,none,2.7649550332437642,6.515496993028625,0.5333328493919267,0.01265473851602238,281.5064377844304,0.153826,0.04330300929862778,1.6352027376331408,1.6773786447044672,0.9748560605534852,0.0006028645080442369,1815.9324190401812,0.8697878601506462,1.0583507659587468,1.8014149000518955,-1.3080414529298423e-08,1.3380940799834207e-08
UG0003_T1_homogeneous_none__SOLAR_SALT_60_40_V10,UG0003,T1_homogeneous_none,SOLAR_SALT_60_40_V10,homogeneous,none,2.7649550332437642,6.515496993028625,0.5333328493919267,0.01265473851602238,281.5064377844304,0.18554,0.05223070446652321,1.633120216439608,1.6773786447044672,0.9736145274028709,0.0007306291189069609,1532.5161570678813,0.8697878601506462,1.0897148021147427,1.4935610000393353,-9.712519677407272e-09,1.0190071009219537e-08
UG0003_T1_homogeneous_none__SOLAR_SALT_60_40_V10,UG0003,T1_homogeneous_none,SOLAR_SALT_60_40_V10,homogeneous,none,2.7649550332437642,6.515496993028625,0.5333328493919267,0.01265473851602238,281.5064377844304,0.223797,0.06300029625684216,1.6307572988533623,1.6773786447044672,0.9722058308073197,0.0008863332518864148,1294.095902846244,0.8697878601506462,1.1235377071851789,1.245306700002402,-8.373535198558102e-09,8.588862954184151e-09
UG0003_T1_homogeneous_none__SOLAR_SALT_60_40_V10,UG0003,T1_homogeneous_none,SOLAR_SALT_60_40_V10,homogeneous,none,2.7649550332437642,6.515496993028625,0.5333328493919267,0.01265473851602238,281.5064377844304,0.269974,0.0759994190344138,1.6280913492067575,1.6773786447044672,0.9706164760989947,0.0010765727829741747,1093.3389856711804,0.8697878601506462,1.160110078682811,1.0214522000169381,-6.566280852382533e-09,7.130562806878515e-09
UG0003_T1_homogeneous_none__SOLAR_SALT_60_40_V10,UG0003,T1_homogeneous_none,SOLAR_SALT_60_40_V10,homogeneous,none,2.7649550332437642,6.515496993028625,0.5333328493919267,0.01265473851602238,281.5064377844304,0.325696,0.09168552076063782,1.6251035300681531,1.6773786447044672,0.9688352329980185,0.0013094872313503638,924.2801769786126,0.8697878601506462,1.1997288099824646,0.8505557000171393,-5.6951998672616355e-09,6.0678129187863306e-09
UG0003_T1_homogeneous_none__SOLAR_SALT_60_40_V10,UG0003,T1_homogeneous_none,SOLAR_SALT_60_40_V10,homogeneous,none,2.7649550332437642,6.515496993028625,0.5333328493919267,0.01265473851602238,281.5064377844304,0.392923,0.11061035405357174,1.621776990129913,1.6773786447044672,0.9668520552887148,0.0015953706710124347,781.8725878658206,0.8697878601506462,1.2427325345428863,0.7083907999913208,-3.746003507387741e-09,3.991607044895318e-09
UG0003_T1_homogeneous_none__SOLAR_SALT_60_40_V10,UG0003,T1_homogeneous_none,SOLAR_SALT_60_40_V10,homogeneous,none,2.7649550332437642,6.515496993028625,0.5333328493919267,0.01265473851602238,281.5064377844304,0.47403,0.13344249670295352,1.6180952664353452,1.6773786447044672,0.9646571282779346,0.0019473803523324025,661.8477476844974,0.8697878601506462,1.2895126750406047,0.5823745999950916,-3.263300740741215e-09,3.4838798512737412e-09
UG0003_T1_homogeneous_none__SOLAR_SALT_60_40_V10,UG0003,T1_homogeneous_none,SOLAR_SALT_60_40_V10,homogeneous,none,2.7649550332437642,6.515496993028625,0.5333328493919267,0.01265473851602238,281.5064377844304,0.571866,0.16098396055003103,1.614044060649726,1.6773786447044672,0.9622419277515601,0.002382328765385658,560.6410855850602,0.8697878601506462,1.3405044140350038,0.4874804000137374,-2.654398922885548e-09,2.7046365147498364e-09
UG0003_T1_homogeneous_none__SOLAR_SALT_60_40_V10,UG0003,T1_homogeneous_none,SOLAR_SALT_60_40_V10,homogeneous,none,2.7649550332437642,6.515496993028625,0.5333328493919267,0.01265473851602238,281.5064377844304,0.689885,0.19420706883091174,1.6096091744805014,1.6773786447044672,0.9595979891374462,0.0029220414671004796,475.2408784688364,0.8697878601506462,1.3962110158644918,0.40541619999567047,-1.926736548085728e-09,2.071676163950542e-09
UG0003_T1_homogeneous_none__SOLAR_SALT_60_40_V10,UG0003,T1_homogeneous_none,SOLAR_SALT_60_40_V10,homogeneous,none,2.7649550332437642,6.515496993028625,0.5333328493919267,0.01265473851602238,281.5064377844304,0.832247,0.2342828883267788,1.6047787124662538,1.6773786447044672,0.9567182207384042,0.0035949572349786574,403.12847442249875,0.8697878601506462,1.4571997124781955,0.3329432000173256,-1.5555334798023068e-09,1.698841067820922e-09
UG0003_T1_homogeneous_none__SOLAR_SALT_60_40_V10,UG0003,T1_homogeneous_none,SOLAR_SALT_60_40_V10,homogeneous,none,2.7649550332437642,6.515496993028625,0.5333328493919267,0.01265473851602238,281.5064377844304,1.0,0.28150643778443035,1.59965120493765,1.6773786447044672,0.953661363215631,0.004418598115312469,343.3754484526397,0.8697878601506462,1.5226346343082848,0.2779119999613613,-1.298516849601583e-09,1.4628520617065988e-09
UG0003_T1_homogeneous_none__NREL_MGCL2_KCL_NACL_BASELINE_V10,UG0003,T1_homogeneous_none,NREL_MGCL2_KCL_NACL_BASELINE_V10,homogeneous,none,2.7649550332437642,6.515496993028625,0.5333328493919267,0.01265473851602238,281.5064377844304,0.05,0.014075321889221518,1.3717524826993193,1.4026965278070296,0.9779396009797727,0.000755995335037202,4650.2332027294415,0.563597430698864,0.7961847726535304,4.886384899960831,-4.138934750486101e-08,2.00089500523859e-08
UG0003_T1_homogeneous_none__NREL_MGCL2_KCL_NACL_BASELINE_V10,UG0003,T1_homogeneous_none,NREL_MGCL2_KCL_NACL_BASELINE_V10,homogeneous,none,2.7649550332437642,6.515496993028625,0.5333328493919267,0.01265473851602238,281.5064377844304,0.060295,0.01697343066621223,1.370642268862986,1.4026965278070296,0.9771481155698324,0.0009124828540026381,3916.1886302966914,0.563597430698864,0.8146135483861421,4.008602800022345,-3.094118294910686e-08,1.702840091155622e-08
UG0003_T1_homogeneous_none__NREL_MGCL2_KCL_NACL_BASELINE_V10,UG0003,T1_homogeneous_none,NREL_MGCL2_KCL_NACL_BASELINE_V10,homogeneous,none,2.7649550332437642,6.515496993028625,0.5333328493919267,0.01265473851602238,281.5064377844304,0.072707,0.020467488571992577,1.3693575422000461,1.4026965278070296,0.976232217770507,0.001101525477587449,3299.5579301334105,0.563597430698864,0.8341517246856001,3.4754475000081584,-2.4043411706031748e-08,1.4190026931260036e-08
UG0003_T1_homogeneous_none__NREL_MGCL2_KCL_NACL_BASELINE_V10,UG0003,T1_homogeneous_none,NREL_MGCL2_KCL_NACL_BASELINE_V10,homogeneous,none,2.7649550332437642,6.515496993028625,0.5333328493919267,0.01265473851602238,281.5064377844304,0.087675,0.024681076932749933,1.3678774968767817,1.4026965278070296,0.9751770748412105,0.0013300443162757955,2781.246723172225,0.563597430698864,0.8549040009510036,2.7344772000215016,-2.1087298573974067e-08,9.829514979742271e-09
UG0003_T1_homogeneous_none__NREL_MGCL2_KCL_NACL_BASELINE_V10,UG0003,T1_homogeneous_none,NREL_MGCL2_KCL_NACL_BASELINE_V10,homogeneous,none,2.7649550332437642,6.515496993028625,0.5333328493919267,0.01265473851602238,281.5064377844304,0.105736,0.02976536470557453,1.3661803671842014,1.4026965278070296,0.9739671697341994,0.0016065802740295363,2345.2210108888094,0.563597430698864,0.8769943703873851,2.210915000003297,-2.0419199664445387e-08,8.092304604190304e-09
UG0003_T1_homogeneous_none__NREL_MGCL2_KCL_NACL_BASELINE_V10,UG0003,T1_homogeneous_none,NREL_MGCL2_KCL_NACL_BASELINE_V10,homogeneous,none,2.7649550332437642,6.515496993028625,0.5333328493919267,0.01265473851602238,281.5064377844304,0.127532,0.03590107902352398,1.3642452284215107,1.4026965278070296,0.9725875849670539,0.0019414625407499287,1978.3156491656398,0.563597430698864,0.9005511640981747,1.8382884000311606,-1.6140744296677667e-08,6.557487886027502e-09
UG0003_T1_homogeneous_none__NREL_MGCL2_KCL_NACL_BASELINE_V10,UG0003,T1_homogeneous_none,NREL_MGCL2_KCL_NACL_BASELINE_V10,homogeneous,none,2.7649550332437642,6.515496993028625,0.5333328493919267,0.01265473851602238,281.5064377844304,0.153826,0.04330300929862778,1.3620528971270256,1.4026965278070296,0.9710246444086191,0.0023471406857374782,1669.610864127027,0.563597430698864,0.9257069238614745,1.5327602000324987,-1.0543599326950925e-08,5.098232946920689e-09
UG0003_T1_homogeneous_none__NREL_MGCL2_KCL_NACL_BASELINE_V10,UG0003,T1_homogeneous_none,NREL_MGCL2_KCL_NACL_BASELINE_V10,homogeneous,none,2.7649550332437642,6.515496993028625,0.5333328493919267,0.01265473851602238,281.5064377844304,0.18554,0.05223070446652321,1.3595851657516071,1.4026965278070296,0.969265367668071,0.002838895703408762,1409.8300549108505,0.563597430698864,0.9526150652080415,1.3009807999478653,-1.0050726917398833e-08,4.1643355430665e-09
UG0003_T1_homogeneous_none__NREL_MGCL2_KCL_NACL_BASELINE_V10,UG0003,T1_homogeneous_none,NREL_MGCL2_KCL_NACL_BASELINE_V10,homogeneous,none,2.7649550332437642,6.515496993028625,0.5333328493919267,0.01265473851602238,281.5064377844304,0.223797,0.06300029625684216,1.3568244421324824,1.4026965278070296,0.9672972130712668,0.003435677040406468,1191.0995095208239,0.563597430698864,0.9814577420007784,1.1556530999951065,-6.928946305606587e-09,3.417444105480172e-09
UG0003_T1_homogeneous_none__NREL_MGCL2_KCL_NACL_BASELINE_V10,UG0003,T1_homogeneous_none,NREL_MGCL2_KCL_NACL_BASELINE_V10,homogeneous,none,2.7649550332437642,6.515496993028625,0.5333328493919267,0.01265473851602238,281.5064377844304,0.269974,0.0759994190344138,1.3537529452786687,1.4026965278070296,0.9651075043260575,0.004161205855861125,1006.7689865365681,0.563597430698864,1.012452719750388,0.9229017000179738,-5.64773783295891e-09,2.424416223334447e-09
UG0003_T1_homogeneous_none__NREL_MGCL2_KCL_NACL_BASELINE_V10,UG0003,T1_homogeneous_none,NREL_MGCL2_KCL_NACL_BASELINE_V10,homogeneous,none,2.7649550332437642,6.515496993028625,0.5333328493919267,0.01265473851602238,281.5064377844304,0.325696,0.09168552076063782,1.350356502533603,1.4026965278070296,0.9626861375672935,0.005044279463845483,851.4235128192261,0.563597430698864,1.0458186203250717,0.8695816000108607,-4.977451784071718e-09,2.4664492670467553e-09
UG0003_T1_homogeneous_none__NREL_MGCL2_KCL_NACL_BASELINE_V10,UG0003,T1_homogeneous_none,NREL_MGCL2_KCL_NACL_BASELINE_V10,homogeneous,none,2.7649550332437642,6.515496993028625,0.5333328493919267,0.01265473851602238,281.5064377844304,0.392923,0.11061035405357174,1.346621101157401,1.4026965278070296,0.9600231229364367,0.006120708910064439,720.4756105060989,0.563597430698864,1.0818047098867662,0.7092204000218771,-4.07944789060366e-09,1.7493562154413667e-09
UG0003_T1_homogeneous_none__NREL_MGCL2_KCL_NACL_BASELINE_V10,UG0003,T1_homogeneous_none,NREL_MGCL2_KCL_NACL_BASELINE_V10,homogeneous,none,2.7649550332437642,6.515496993028625,0.5333328493919267,0.01265473851602238,281.5064377844304,0.47403,0.13344249670295352,1.3425329571185767,1.4026965278070296,0.9571086336240437,0.007435432571410062,610.0401128174544,0.563597430698864,1.120699418365318,0.5702728999895044,-3.1816771439707736e-09,1.159139451090141e-09
UG0003_T1_homogeneous_none__NREL_MGCL2_KCL_NACL_BASELINE_V10,UG0003,T1_homogeneous_none,NREL_MGCL2_KCL_NACL_BASELINE_V10,homogeneous,none,2.7649550332437642,6.515496993028625,0.5333328493919267,0.01265473851602238,281.5064377844304,0.571866,0.16098396055003103,1.338078787571427,1.4026965278070296,0.9539332001223203,0.009044683918074012,516.8685459787796,0.563597430698864,1.1628220636146016,0.4775598999694921,-2.766531448372689e-09,7.612799279854698e-10
UG0003_T1_homogeneous_none__NREL_MGCL2_KCL_NACL_BASELINE_V10,UG0003,T1_homogeneous_none,NREL_MGCL2_KCL_NACL_BASELINE_V10,homogeneous,none,2.7649550332437642,6.515496993028625,0.5333328493919267,0.01265473851602238,281.5064377844304,0.689885,0.19420706883091174,1.3332432593918668,1.4026965278070296,0.9504858912542218,0.011019898801426618,438.21255588986946,0.563597430698864,1.2085422631106366,0.3568478000233881,-2.1735169219994077e-09,-1.87871940227069e-10
UG0003_T1_homogeneous_none__NREL_MGCL2_KCL_NACL_BASELINE_V10,UG0003,T1_homogeneous_none,NREL_MGCL2_KCL_NACL_BASELINE_V10,homogeneous,none,2.7649550332437642,6.515496993028625,0.5333328493919267,0.01265473851602238,281.5064377844304,0.832247,0.2342828883267788,1.3280114776959262,1.4026965278070296,0.9467560882695948,0.01345197838384228,371.7708390762642,0.563597430698864,1.2582755884716996,0.2932964999927208,-1.6407541991725338e-09,-2.1747048606357566e-10
UG0003_T1_homogeneous_none__NREL_MGCL2_KCL_NACL_BASELINE_V10,UG0003,T1_homogeneous_none,NREL_MGCL2_KCL_NACL_BASELINE_V10,homogeneous,none,2.7649550332437642,6.515496993028625,0.5333328493919267,0.01265473851602238,281.5064377844304,1.0,0.28150643778443035,1.3224908917906466,1.4026965278070296,0.9428203931310958,0.01638723163147865,316.70206970733165,0.563597430698864,1.311297772569274,0.2485047000227496,-1.4708567697141461e-09,-7.807088309164101e-11
UG0003_T1_homogeneous_none__AIP_FLINAK_2017_V10,UG0003,T1_homogeneous_none,AIP_FLINAK_2017_V10,homogeneous,none,2.7649550332437642,6.515496993028625,0.5333328493919267,0.01265473851602238,281.5064377844304,0.05,0.014075321889221518,2.00600494292536,2.045085069191538,0.9808907087265434,0.0007105648411980751,6015.941732769479,1.2796732553033083,1.198103445866011,6.650634500023443,-4.940292619437514e-08,4.86936935217841e-08
UG0003_T1_homogeneous_none__AIP_FLINAK_2017_V10,UG0003,T1_homogeneous_none,AIP_FLINAK_2017_V10,homogeneous,none,2.7649550332437642,6.515496993028625,0.5333328493919267,0.01265473851602238,281.5064377844304,0.060295,0.01697343066621223,2.005412999225939,2.045085069191538,0.9806012617454186,0.0008570732563465294,5050.635711188332,1.2796732553033083,1.223877099737965,5.464405800041277,-3.707573137390341e-08,3.7525849094777186e-08
UG0003_T1_homogeneous_none__AIP_FLINAK_2017_V10,UG0003,T1_homogeneous_none,AIP_FLINAK_2017_V10,homogeneous,none,2.7649550332437642,6.515496993028625,0.5333328493919267,0.01265473851602238,281.5064377844304,0.072707,0.020467488571992577,2.0047161074032127,2.045085069191538,0.9802604975233211,0.0010338009760335288,4241.366804698292,1.2796732553033083,1.2509563163336306,4.572180000017397,-3.061454423303189e-08,3.2133695704317233e-08
UG0003_T1_homogeneous_none__AIP_FLINAK_2017_V10,UG0003,T1_homogeneous_none,AIP_FLINAK_2017_V10,homogeneous,none,2.7649550332437642,6.515496993028625,0.5333328493919267,0.01265473851602238,281.5064377844304,0.087675,0.024681076932749933,2.0038968217765416,2.045085069191538,0.9798598855199314,0.0012470562904708174,3562.5869775507526,1.2796732553033083,1.279443685699029,3.791186500049662,-2.447428926188877e-08,2.6455881929621228e-08
UG0003_T1_homogeneous_none__AIP_FLINAK_2017_V10,UG0003,T1_homogeneous_none,AIP_FLINAK_2017_V10,homogeneous,none,2.7649550332437642,6.515496993028625,0.5333328493919267,0.01265473851602238,281.5064377844304,0.105736,0.02976536470557453,2.002934955640171,2.045085069191538,0.9793895548961052,0.00150457405655485,2992.8665065503114,1.2796732553033083,1.3094616809078945,3.1569638999644667,-2.4338486781516622e-08,2.386459918568562e-08
UG0003_T1_homogeneous_none__AIP_FLINAK_2017_V10,UG0003,T1_homogeneous_none,AIP_FLINAK_2017_V10,homogeneous,none,2.7649550332437642,6.515496993028625,0.5333328493919267,0.01265473851602238,281.5064377844304,0.127532,0.03590107902352398,2.0018082336132106,2.045085069191538,0.9788386134981487,0.0018156305447283331,2514.6210351533036,1.2796732553033083,1.34113125632988,2.629989899985958,-2.3408608385011576e-08,2.285609479457662e-08
UG0003_T1_homogeneous_none__AIP_FLINAK_2017_V10,UG0003,T1_homogeneous_none,AIP_FLINAK_2017_V10,homogeneous,none,2.7649550332437642,6.515496993028625,0.5333328493919267,0.01265473851602238,281.5064377844304,0.153826,0.04330300929862778,2.0004925227455135,2.045085069191538,0.9781952608633278,0.0021912929381696458,2113.2760094949244,1.2796732553033083,1.3745713925697813,2.1916177999810316,-1.446887054612489e-08,1.4856271768337592e-08
UG0003_T1_homogeneous_none__AIP_FLINAK_2017_V10,UG0003,T1_homogeneous_none,AIP_FLINAK_2017_V10,homogeneous,none,2.7649550332437642,6.515496993028625,0.5333328493919267,0.01265473851602238,281.5064377844304,0.18554,0.05223070446652321,1.9989614752671891,2.045085069191538,0.9774466135325204,0.0026449928406545977,1776.4662817954952,1.2796732553033083,1.4099207070486084,1.7968823999981396,-1.2064227394859017e-08,1.268940508225569e-08
UG0003_T1_homogeneous_none__AIP_FLINAK_2017_V10,UG0003,T1_homogeneous_none,AIP_FLINAK_2017_V10,homogeneous,none,2.7649550332437642,6.515496993028625,0.5333328493919267,0.01265473851602238,281.5064377844304,0.223797,0.06300029625684216,1.997186226218342,2.045085069191538,0.9765785571980478,0.0031931726961169056,1493.7119397729105,1.2796732553033083,1.4473462309058123,1.4504205000121146,-8.588996180947106e-09,9.709544279701277e-09
UG0003_T1_homogeneous_none__AIP_FLINAK_2017_V10,UG0003,T1_homogeneous_none,AIP_FLINAK_2017_V10,homogeneous,none,2.7649550332437642,6.515496993028625,0.5333328493919267,0.01265473851602238,281.5064377844304,0.269974,0.0759994190344138,1.995135680936459,2.045085069191538,0.9755758872784568,0.0038561130397865573,1256.1747826857836,1.2796732553033083,1.4870501845071238,1.2055031000054441,-7.079670183429698e-09,7.845435412434654e-09
UG0003_T1_homogeneous_none__AIP_FLINAK_2017_V10,UG0003,T1_homogeneous_none,AIP_FLINAK_2017_V10,homogeneous,none,2.7649550332437642,6.515496993028625,0.5333328493919267,0.01265473851602238,281.5064377844304,0.325696,0.09168552076063782,1.9927792965320896,2.045085069191538,0.9744236689967494,0.004657944157155041,1056.661362732375,1.2796732553033083,1.529223831375246,0.9986233999952674,-5.818179271699364e-09,6.5209615485173344e-09
UG0003_T1_homogeneous_none__AIP_FLINAK_2017_V10,UG0003,T1_homogeneous_none,AIP_FLINAK_2017_V10,homogeneous,none,2.7649550332437642,6.515496993028625,0.5333328493919267,0.01265473851602238,281.5064377844304,0.392923,0.11061035405357174,1.9900862477389822,2.045085069191538,0.9731068295001059,0.005628035068739165,889.0865820372985,1.2796732553033083,1.5740849606818006,0.8338470999733545,-4.543021514535894e-09,5.1487036856201485e-09
UG0003_T1_homogeneous_none__AIP_FLINAK_2017_V10,UG0003,T1_homogeneous_none,AIP_FLINAK_2017_V10,homogeneous,none,2.7649550332437642,6.515496993028625,0.5333328493919267,0.01265473851602238,281.5064377844304,0.47403,0.13344249670295352,1.987026364412543,2.045085069191538,0.9716106162752697,0.00680235217195526,748.3053544079062,1.2796732553033083,1.6218865276436727,0.6812186999595724,-3.752298471937365e-09,4.247158180703536e-09
UG0003_T1_homogeneous_none__AIP_FLINAK_2017_V10,UG0003,T1_homogeneous_none,AIP_FLINAK_2017_V10,homogeneous,none,2.7649550332437642,6.515496993028625,0.5333328493919267,0.01265473851602238,281.5064377844304,0.571866,0.16098396055003103,1.9835706733287382,2.045085069191538,0.9699208620758657,0.008224610612928429,630.0213098512703,1.2796732553033083,1.6729043744898537,0.5636776000028476,-2.7582269801484927e-09,3.2049696230274094e-09
UG0003_T1_homogeneous_none__AIP_FLINAK_2017_V10,UG0003,T1_homogeneous_none,AIP_FLINAK_2017_V10,homogeneous,none,2.7649550332437642,6.515496993028625,0.5333328493919267,0.01265473851602238,281.5064377844304,0.689885,0.19420706883091174,1.9796915235265544,2.045085069191538,0.9680240462120067,0.009948608524948117,530.6060494131024,1.2796732553033083,1.72745886451262,0.46897980000358075,-2.37636577082867e-09,2.760014439218139e-09
UG0003_T1_homogeneous_none__AIP_FLINAK_2017_V10,UG0003,T1_homogeneous_none,AIP_FLINAK_2017_V10,homogeneous,none,2.7649550332437642,6.515496993028625,0.5333328493919267,0.01265473851602238,281.5064377844304,0.832247,0.2342828883267788,1.9753643065940496,2.045085069191538,0.9659081357309744,0.012040333421139079,447.0259486261522,1.2796732553033083,1.785907004769833,0.38898210000479594,-1.8521406630611637e-09,2.176037128265307e-09
UG0003_T1_homogeneous_none__AIP_FLINAK_2017_V10,UG0003,T1_homogeneous_none,AIP_FLINAK_2017_V10,homogeneous,none,2.7649550332437642,6.515496993028625,0.5333328493919267,0.01265473851602238,281.5064377844304,1.0,0.28150643778443035,1.9706690411756782,2.045085069191538,0.9636122579266211,0.014522150890515837,378.0998111864801,1.2796732553033083,1.8472783174617258,0.33279279997805133,-1.4356849042940212e-09,1.6903811683732783e-09
UG0003_T1_homogeneous_none__AIP_LINAK_CARBONATE_2017_V10,UG0003,T1_homogeneous_none,AIP_LINAK_CARBONATE_2017_V10,homogeneous,none,2.7649550332437642,6.515496993028625,0.5333328493919267,0.01265473851602238,281.5064377844304,0.05,0.014075321889221518,1.8131070990091955,1.8498763457963965,0.9801234029124409,0.0020838820267565987,5183.518348876451,1.0620724754483524,0.9389284232237091,5.91962760000024,-4.041287304801244e-08,4.157481026112464e-08
UG0003_T1_homogeneous_none__AIP_LINAK_CARBONATE_2017_V10,UG0003,T1_homogeneous_none,AIP_LINAK_CARBONATE_2017_V10,homogeneous,none,2.7649550332437642,6.515496993028625,0.5333328493919267,0.01265473851602238,281.5064377844304,0.060295,0.01697343066621223,1.8123258202038073,1.8498763457963965,0.9797010618153382,0.0025132391066423946,4361.179666521995,1.0620724754483524,0.9605224812973,4.873591199982911,-3.346003474291592e-08,3.434346140807065e-08
UG0003_T1_homogeneous_none__AIP_LINAK_CARBONATE_2017_V10,UG0003,T1_homogeneous_none,AIP_LINAK_CARBONATE_2017_V10,homogeneous,none,2.7649550332437642,6.515496993028625,0.5333328493919267,0.01265473851602238,281.5064377844304,0.072707,0.020467488571992577,1.8114102461156125,1.8498763457963965,0.9792061238210904,0.0030310162668327908,3670.2212274324447,1.0620724754483524,0.9831335390706526,4.021785999997519,-2.7778379596554714e-08,2.845321755984287e-08
UG0003_T1_homogeneous_none__AIP_LINAK_CARBONATE_2017_V10,UG0003,T1_homogeneous_none,AIP_LINAK_CARBONATE_2017_V10,homogeneous,none,2.7649550332437642,6.515496993028625,0.5333328493919267,0.01265473851602238,281.5064377844304,0.087675,0.024681076932749933,1.8103395054553584,1.8498763457963965,0.9786273063975977,0.0036556078176365274,3089.376568403677,1.0620724754483524,1.0068338556176086,3.3952473000390455,-2.2963475565518365e-08,2.3434609808248297e-08
UG0003_T1_homogeneous_none__AIP_LINAK_CARBONATE_2017_V10,UG0003,T1_homogeneous_none,AIP_LINAK_CARBONATE_2017_V10,homogeneous,none,2.7649550332437642,6.515496993028625,0.5333328493919267,0.01265473851602238,281.5064377844304,0.105736,0.02976536470557453,1.8090900215752679,1.8498763457963965,0.97795186455905,0.004409540116701256,2600.766184089746,1.0620724754483524,1.0317101306131424,2.8429945000098087,-1.8995816031264212e-08,1.9687451668914946e-08
UG0003_T1_homogeneous_none__AIP_LINAK_CARBONATE_2017_V10,UG0003,T1_homogeneous_none,AIP_LINAK_CARBONATE_2017_V10,homogeneous,none,2.7649550332437642,6.515496993028625,0.5333328493919267,0.01265473851602238,281.5064377844304,0.127532,0.03590107902352398,1.8076365477965812,1.8498763457963965,0.9771661505398458,0.005319784934113498,2189.693789566197,1.0620724754483524,1.0578454216911448,2.3204204000066966,-1.497706403341681e-08,1.6033085969979766e-08
UG0003_T1_homogeneous_none__AIP_LINAK_CARBONATE_2017_V10,UG0003,T1_homogeneous_none,AIP_LINAK_CARBONATE_2017_V10,homogeneous,none,2.7649550332437642,6.515496993028625,0.5333328493919267,0.01265473851602238,281.5064377844304,0.153826,0.04330300929862778,1.8059527463481935,1.8498763457963965,0.9762559267553134,0.006418457414061212,1843.955764919845,1.0620724754483524,1.085318676606195,1.9348196999635547,-1.2329803844579601e-08,1.2968448537264976e-08
UG0003_T1_homogeneous_none__AIP_LINAK_CARBONATE_2017_V10,UG0003,T1_homogeneous_none,AIP_LINAK_CARBONATE_2017_V10,homogeneous,none,2.7649550332437642,6.515496993028625,0.5333328493919267,0.01265473851602238,281.5064377844304,0.18554,0.05223070446652321,1.804011005652615,1.8498763457963965,0.9752062670307642,0.007744446927675825,1553.1726441721928,1.0620724754483524,1.1142223102498554,1.611719299980905,-9.03797037210552e-09,9.562106662031056e-09
UG0003_T1_homogeneous_none__AIP_LINAK_CARBONATE_2017_V10,UG0003,T1_homogeneous_none,AIP_LINAK_CARBONATE_2017_V10,homogeneous,none,2.7649550332437642,6.515496993028625,0.5333328493919267,0.01265473851602238,281.5064377844304,0.223797,0.06300029625684216,1.8017823783171472,1.8498763457963965,0.9740015230809688,0.00934523724112347,1308.5249666033776,1.0620724754483524,1.1446688640713263,1.3270321000018157,-7.455469575035067e-09,7.901790333164627e-09
UG0003_T1_homogeneous_none__AIP_LINAK_CARBONATE_2017_V10,UG0003,T1_homogeneous_none,AIP_LINAK_CARBONATE_2017_V10,homogeneous,none,2.7649550332437642,6.515496993028625,0.5333328493919267,0.01265473851602238,281.5064377844304,0.269974,0.0759994190344138,1.7992364685943878,1.8498763457963965,0.9726252636739309,0.011279219618166858,1102.5562444321554,1.0620724754483524,1.1767957965240097,1.0933988000033423,-6.692479903591675e-09,7.086420339419419e-09
UG0003_T1_homogeneous_none__AIP_LINAK_CARBONATE_2017_V10,UG0003,T1_homogeneous_none,AIP_LINAK_CARBONATE_2017_V10,homogeneous,none,2.7649550332437642,6.515496993028625,0.5333328493919267,0.01265473851602238,281.5064377844304,0.325696,0.09168552076063782,1.7963454809900872,1.8498763457963965,0.9710624632138515,0.013615579124857818,929.1882883537858,1.0620724754483524,1.210727589115545,0.9080003999988548,-4.810840614766221e-09,5.156675086936957e-09
UG0003_T1_homogeneous_none__AIP_LINAK_CARBONATE_2017_V10,UG0003,T1_homogeneous_none,AIP_LINAK_CARBONATE_2017_V10,homogeneous,none,2.7649550332437642,6.515496993028625,0.5333328493919267,0.01265473851602238,281.5064377844304,0.392923,0.11061035405357174,1.7930827177207538,1.8498763457963965,0.9692986895017611,0.016438135286697863,783.2667340780224,1.0620724754483524,1.24660584551134,0.7349000999820419,-3.964339967410524e-09,4.3409942307448546e-09
UG0003_T1_homogeneous_none__AIP_LINAK_CARBONATE_2017_V10,UG0003,T1_homogeneous_none,AIP_LINAK_CARBONATE_2017_V10,homogeneous,none,2.7649550332437642,6.515496993028625,0.5333328493919267,0.01265473851602238,281.5064377844304,0.47403,0.13344249670295352,1.789422278914883,1.8498763457963965,0.9673199416712974,0.019848988273082773,660.4225063298006,1.0620724754483524,1.2845955078248021,0.6115792999626137,-3.035705020693058e-09,3.3909541841126156e-09
UG0003_T1_homogeneous_none__AIP_LINAK_CARBONATE_2017_V10,UG0003,T1_homogeneous_none,AIP_LINAK_CARBONATE_2017_V10,homogeneous,none,2.7649550332437642,6.515496993028625,0.5333328493919267,0.01265473851602238,281.5064377844304,0.571866,0.16098396055003103,1.7853397174333216,1.8498763457963965,0.9651130041693188,0.023971418118426343,556.9991584231341,1.0620724754483524,1.3248743486441696,0.5223799999803305,-2.5143442883290845e-09,2.8112623340348364e-09
UG0003_T1_homogeneous_none__AIP_LINAK_CARBONATE_2017_V10,UG0003,T1_homogeneous_none,AIP_LINAK_CARBONATE_2017_V10,homogeneous,none,2.7649550332437642,6.515496993028625,0.5333328493919267,0.01265473851602238,281.5064377844304,0.689885,0.19420706883091174,1.7808104333893628,1.8498763457963965,0.9626645788709192,0.02895600935667216,469.9009697563167,1.0620724754483524,1.3676493741945033,0.4226984999841079,-2.102651386337584e-09,2.348299332766146e-09
UG0003_T1_homogeneous_none__AIP_LINAK_CARBONATE_2017_V10,UG0003,T1_homogeneous_none,AIP_LINAK_CARBONATE_2017_V10,homogeneous,none,2.7649550332437642,6.515496993028625,0.5333328493919267,0.01265473851602238,281.5064377844304,0.832247,0.2342828883267788,1.7758123977184495,1.8498763457963965,0.9599627573776768,0.03498580459535896,396.5337790507404,1.0620724754483524,1.4131496621961426,0.3517647000262514,-1.4761858402323469e-09,1.7821077946678088e-09
UG0003_T1_homogeneous_none__AIP_LINAK_CARBONATE_2017_V10,UG0003,T1_homogeneous_none,AIP_LINAK_CARBONATE_2017_V10,homogeneous,none,2.7649550332437642,6.515496993028625,0.5333328493919267,0.01265473851602238,281.5064377844304,1.0,0.28150643778443035,1.7704423088947265,1.8498763457963965,0.9570598126290043,0.0421149949007439,335.91667549720927,1.0620724754483524,1.4605753735300784,0.29768929997226223,-1.2101986079926519e-09,1.3640200080544673e-09
UG0003_T1_homogeneous_none__AIP_LIF_NAK_CARBONATE_RECIPROCAL_2017_V10,UG0003,T1_homogeneous_none,AIP_LIF_NAK_CARBONATE_RECIPROCAL_2017_V10,homogeneous,none,2.7649550332437642,6.515496993028625,0.5333328493919267,0.01265473851602238,281.5064377844304,0.05,0.014075321889221518,1.9628072698595587,2.0010633290230957,0.9808821347087434,0.0011271228966186438,6196.305756281084,1.2306018571371757,1.2612055706112617,6.517766900011338,-4.718762047772884e-08,4.638769368625617e-08
UG0003_T1_homogeneous_none__AIP_LIF_NAK_CARBONATE_RECIPROCAL_2017_V10,UG0003,T1_homogeneous_none,AIP_LIF_NAK_CARBONATE_RECIPROCAL_2017_V10,homogeneous,none,2.7649550332437642,6.515496993028625,0.5333328493919267,0.01265473851602238,281.5064377844304,0.060295,0.01697343066621223,1.9622241308657196,2.0010633290230957,0.9805907201466046,0.0013594156778420643,5200.71666185376,1.2306018571371757,1.2883577881164898,5.4471817999728955,-3.938154247151715e-08,4.203437597993798e-08
UG0003_T1_homogeneous_none__AIP_LIF_NAK_CARBONATE_RECIPROCAL_2017_V10,UG0003,T1_homogeneous_none,AIP_LIF_NAK_CARBONATE_RECIPROCAL_2017_V10,homogeneous,none,2.7649550332437642,6.515496993028625,0.5333328493919267,0.01265473851602238,281.5064377844304,0.072707,0.020467488571992577,1.9615372710610814,2.0010633290230957,0.9802474727367521,0.0016395747679796018,4366.134736446778,1.2306018571371757,1.3168306428521008,4.490302800026257,-3.112345936528982e-08,3.338649356976475e-08
UG0003_T1_homogeneous_none__AIP_LIF_NAK_CARBONATE_RECIPROCAL_2017_V10,UG0003,T1_homogeneous_none,AIP_LIF_NAK_CARBONATE_RECIPROCAL_2017_V10,homogeneous,none,2.7649550332437642,6.515496993028625,0.5333328493919267,0.01265473851602238,281.5064377844304,0.087675,0.024681076932749933,1.960729368152365,2.0010633290230957,0.9798437359349234,0.0019775709932117877,3666.2003638453816,1.2306018571371757,1.3467224541744567,3.7318188999779522,-2.5808988279862888e-08,2.7945712410826218e-08
UG0003_T1_homogeneous_none__AIP_LIF_NAK_CARBONATE_RECIPROCAL_2017_V10,UG0003,T1_homogeneous_none,AIP_LIF_NAK_CARBONATE_RECIPROCAL_2017_V10,homogeneous,none,2.7649550332437642,6.515496993028625,0.5333328493919267,0.01265473851602238,281.5064377844304,0.105736,0.02976536470557453,1.9597803231813404,2.0010633290230957,0.9793694656021159,0.0023856207111374356,3078.801619112815,1.2306018571371757,1.3781509074593823,3.1330913999699987,-2.126766540655467e-08,2.2992185932935172e-08
UG0003_T1_homogeneous_none__AIP_LIF_NAK_CARBONATE_RECIPROCAL_2017_V10,UG0003,T1_homogeneous_none,AIP_LIF_NAK_CARBONATE_RECIPROCAL_2017_V10,homogeneous,none,2.7649550332437642,6.515496993028625,0.5333328493919267,0.01265473851602238,281.5064377844304,0.127532,0.03590107902352398,1.958667954428485,2.0010633290230957,0.9788135767720515,0.0028783601154002696,2585.7929463946994,1.2306018571371757,1.4112303996752815,2.5747177000157535,-1.8318646599624344e-08,1.983171404873474e-08
UG0003_T1_homogeneous_none__AIP_LIF_NAK_CARBONATE_RECIPROCAL_2017_V10,UG0003,T1_homogeneous_none,AIP_LIF_NAK_CARBONATE_RECIPROCAL_2017_V10,homogeneous,none,2.7649550332437642,6.515496993028625,0.5333328493919267,0.01265473851602238,281.5064377844304,0.153826,0.04330300929862778,1.9573681503523266,2.0010633290230957,0.9781640200802136,0.003473229673705573,2172.133503180357,1.2306018571371757,1.446071498295067,2.1726096000056714,-1.4585765928387673e-08,1.5647638740290404e-08
UG0003_T1_homogeneous_none__AIP_LIF_NAK_CARBONATE_RECIPROCAL_2017_V10,UG0003,T1_homogeneous_none,AIP_LIF_NAK_CARBONATE_RECIPROCAL_2017_V10,homogeneous,none,2.7649550332437642,6.515496993028625,0.5333328493919267,0.01265473851602238,281.5064377844304,0.18554,0.05223070446652321,1.9558544369998434,2.0010633290230957,0.9774075655839822,0.004191366702494003,1825.0619493672466,1.2306018571371757,1.4828033307764406,1.7968873999780044,-1.1519385445524222e-08,1.2669310045509974e-08
UG0003_T1_homogeneous_none__AIP_LIF_NAK_CARBONATE_RECIPROCAL_2017_V10,UG0003,T1_homogeneous_none,AIP_LIF_NAK_CARBONATE_RECIPROCAL_2017_V10,homogeneous,none,2.7649550332437642,6.515496993028625,0.5333328493919267,0.01265473851602238,281.5064377844304,0.223797,0.06300029625684216,1.9540980370262604,2.0010633290230957,0.9765298322568514,0.005058605369411789,1533.7622712278458,1.2306018571371757,1.5215823362851255,1.4730183000210673,-1.0343670364676427e-08,1.1068368444000498e-08
UG0003_T1_homogeneous_none__AIP_LIF_NAK_CARBONATE_RECIPROCAL_2017_V10,UG0003,T1_homogeneous_none,AIP_LIF_NAK_CARBONATE_RECIPROCAL_2017_V10,homogeneous,none,2.7649550332437642,6.515496993028625,0.5333328493919267,0.01265473851602238,281.5064377844304,0.269974,0.0759994190344138,1.952067601146953,2.0010633290230957,0.9755151537857315,0.006106750987533472,1289.1126745908148,1.2306018571371757,1.5625987720674688,1.2148996000178158,-7.044942407219423e-09,7.988054662178001e-09
UG0003_T1_homogeneous_none__AIP_LIF_NAK_CARBONATE_RECIPROCAL_2017_V10,UG0003,T1_homogeneous_none,AIP_LIF_NAK_CARBONATE_RECIPROCAL_2017_V10,homogeneous,none,2.7649550332437642,6.515496993028625,0.5333328493919267,0.01265473851602238,281.5064377844304,0.325696,0.09168552076063782,1.9497322303671278,2.0010633290230957,0.9743480888828104,0.007373548875211288,1083.6882727649822,1.2306018571371757,1.6060286469758247,1.0093244000454433,-5.8649307632663294e-09,6.586819978338099e-09
UG0003_T1_homogeneous_none__AIP_LIF_NAK_CARBONATE_RECIPROCAL_2017_V10,UG0003,T1_homogeneous_none,AIP_LIF_NAK_CARBONATE_RECIPROCAL_2017_V10,homogeneous,none,2.7649550332437642,6.515496993028625,0.5333328493919267,0.01265473851602238,281.5064377844304,0.392923,0.11061035405357174,1.9470610464432772,2.0010633290230957,0.9730132066304058,0.008904809468442661,911.2081308650951,1.2306018571371757,1.6520722789035536,0.842604500008747,-5.6557869498874425e-09,6.299605281867571e-09
UG0003_T1_homogeneous_none__AIP_LIF_NAK_CARBONATE_RECIPROCAL_2017_V10,UG0003,T1_homogeneous_none,AIP_LIF_NAK_CARBONATE_RECIPROCAL_2017_V10,homogeneous,none,2.7649550332437642,6.515496993028625,0.5333328493919267,0.01265473851602238,281.5064377844304,0.47403,0.13344249670295352,1.9440232331726501,2.0010633290230957,0.9714951071147298,0.010756449899191145,766.3616359620379,1.2306018571371757,1.7009626684422887,0.7117517999722622,-3.9719560973594525e-09,4.432543221355445e-09
UG0003_T1_homogeneous_none__AIP_LIF_NAK_CARBONATE_RECIPROCAL_2017_V10,UG0003,T1_homogeneous_none,AIP_LIF_NAK_CARBONATE_RECIPROCAL_2017_V10,homogeneous,none,2.7649550332437642,6.515496993028625,0.5333328493919267,0.01265473851602238,281.5064377844304,0.571866,0.16098396055003103,1.940589481156537,2.0010633290230957,0.9697791434236709,0.01299616010999378,644.7141515306557,1.2306018571371757,1.7529524061906516,0.586439699982293,-2.7445046235641257e-09,3.1442404235804133e-09
UG0003_T1_homogeneous_none__AIP_LIF_NAK_CARBONATE_RECIPROCAL_2017_V10,UG0003,T1_homogeneous_none,AIP_LIF_NAK_CARBONATE_RECIPROCAL_2017_V10,homogeneous,none,2.7649550332437642,6.515496993028625,0.5333328493919267,0.01265473851602238,281.5064377844304,0.689885,0.19420706883091174,1.9367313651785911,2.0010633290230957,0.9678511105013797,0.015706863518311506,542.5206598374239,1.2306018571371757,1.8083352365182617,0.500460600014776,-2.53559395702041e-09,2.798361542488692e-09
UG0003_T1_homogeneous_none__AIP_LIF_NAK_CARBONATE_RECIPROCAL_2017_V10,UG0003,T1_homogeneous_none,AIP_LIF_NAK_CARBONATE_RECIPROCAL_2017_V10,homogeneous,none,2.7649550332437642,6.515496993028625,0.5333328493919267,0.01265473851602238,281.5064377844304,0.832247,0.2342828883267788,1.932422322806098,2.0010633290230957,0.9656977341888985,0.01898971462002682,456.6501042987959,1.2306018571371757,1.8674373582874606,0.4134126999997534,-1.5117795904018294e-09,1.7455148437761636e-09
UG0003_T1_homogeneous_none__AIP_LIF_NAK_CARBONATE_RECIPROCAL_2017_V10,UG0003,T1_homogeneous_none,AIP_LIF_NAK_CARBONATE_RECIPROCAL_2017_V10,homogeneous,none,2.7649550332437642,6.515496993028625,0.5333328493919267,0.01265473851602238,281.5064377844304,1.0,0.28150643778443035,1.9277437417922625,2.0010633290230957,0.9633596867388363,0.022876364177388458,385.87579845432214,1.2306018571371757,1.9292458343758645,0.3390321000479162,-1.429145690678979e-09,1.5941692410592623e-09
UG0003_T2_graded_two_layer_fine_hot__SOLAR_SALT_60_40_V10,UG0003,T2_graded_two_layer_fine_hot,SOLAR_SALT_60_40_V10,graded_two_layer,fine_hot,2.7649550332437642,6.515496993028625,0.5333328493919267,0.01265473851602238,281.5064377844304,0.05,0.014075321889221518,1.6428061603971353,1.6773786447044672,0.9793889802898837,0.00022698623396608298,5917.72112676395,0.8697878601506462,0.9433930150982033,5.366163700004108,-4.016145194185583e-08,4.078544169061615e-08
UG0003_T2_graded_two_layer_fine_hot__SOLAR_SALT_60_40_V10,UG0003,T2_graded_two_layer_fine_hot,SOLAR_SALT_60_40_V10,graded_two_layer,fine_hot,2.7649550332437642,6.515496993028625,0.5333328493919267,0.01265473851602238,281.5064377844304,0.060295,0.01697343066621223,1.641828743508339,1.6773786447044672,0.9788062753103718,0.0002741050355207926,4977.505311782934,0.8697878601506462,0.9663874872574453,4.459768600005191,-3.901012846085905e-08,3.9426573117395947e-08
UG0003_T2_graded_two_layer_fine_hot__SOLAR_SALT_60_40_V10,UG0003,T2_graded_two_layer_fine_hot,SOLAR_SALT_60_40_V10,graded_two_layer,fine_hot,2.7649550332437642,6.515496993028625,0.5333328493919267,0.01265473851602238,281.5064377844304,0.072707,0.020467488571992577,1.6406749130273943,1.6773786447044672,0.9781183981369099,0.0003310866511568613,4188.748855428227,0.8697878601506462,0.9909554762535505,3.700747599999886,-3.094864364783234e-08,3.152653693661023e-08
UG0003_T2_graded_two_layer_fine_hot__SOLAR_SALT_60_40_V10,UG0003,T2_graded_two_layer_fine_hot,SOLAR_SALT_60_40_V10,graded_two_layer,fine_hot,2.7649550332437642,6.515496993028625,0.5333328493919267,0.01265473851602238,281.5064377844304,0.087675,0.024681076932749933,1.6393181695846544,1.6773786447044672,0.9773095506849507,0.0004000549027734435,3526.6453090116593,0.8697878601506462,1.0172613486413289,3.0397207000060007,-2.7112712075449963e-08,2.7583135775444134e-08
UG0003_T2_graded_two_layer_fine_hot__SOLAR_SALT_60_40_V10,UG0003,T2_graded_two_layer_fine_hot,SOLAR_SALT_60_40_V10,graded_two_layer,fine_hot,2.7649550332437642,6.515496993028625,0.5333328493919267,0.01265473851602238,281.5064377844304,0.105736,0.02976536470557453,1.6377303755123187,1.6773786447044672,0.9763629581684974,0.0004836422415142406,2970.3940078963965,0.8697878601506462,1.0454990077291244,2.5039881000411697,-2.0757096041990053e-08,2.1028889740648538e-08
UG0003_T2_graded_two_layer_fine_hot__SOLAR_SALT_60_40_V10,UG0003,T2_graded_two_layer_fine_hot,SOLAR_SALT_60_40_V10,graded_two_layer,fine_hot,2.7649550332437642,6.515496993028625,0.5333328493919267,0.01265473851602238,281.5064377844304,0.127532,0.03590107902352398,1.6358838701145904,1.6773786447044672,0.975262130157149,0.0005850504536674213,2502.934362498385,0.8697878601506462,1.0758736055799556,2.1328893000027165,-1.706070840157281e-08,1.7368040339249546e-08
UG0003_T2_graded_two_layer_fine_hot__SOLAR_SALT_60_40_V10,UG0003,T2_graded_two_layer_fine_hot,SOLAR_SALT_60_40_V10,graded_two_layer,fine_hot,2.7649550332437642,6.515496993028625,0.5333328493919267,0.01265473851602238,281.5064377844304,0.153826,0.04330300929862778,1.6337534166977763,1.6773786447044672,0.9739920213337537,0.0007081649313085338,2110.132203974943,0.8697878601506462,1.1086015974885564,1.7248977999552153,-1.4032608408598435e-08,1.437536756299096e-08
UG0003_T2_graded_two_layer_fine_hot__SOLAR_SALT_60_40_V10,UG0003,T2_graded_two_layer_fine_hot,SOLAR_SALT_60_40_V10,graded_two_layer,fine_hot,2.7649550332437642,6.515496993028625,0.5333328493919267,0.01265473851602238,281.5064377844304,0.18554,0.05223070446652321,1.6313160271795177,1.6773786447044672,0.9725389269319897,0.0008577902008566055,1779.9989184868323,0.8697878601506462,1.1439328363710684,1.4489515000022948,-1.1600509441933582e-08,1.243003477924276e-08
UG0003_T2_graded_two_layer_fine_hot__SOLAR_SALT_60_40_V10,UG0003,T2_graded_two_layer_fine_hot,SOLAR_SALT_60_40_V10,graded_two_layer,fine_hot,2.7649550332437642,6.515496993028625,0.5333328493919267,0.01265473851602238,281.5064377844304,0.223797,0.06300029625684216,1.6285510744913132,1.6773786447044672,0.970890549747188,0.0010399338536187653,1502.3751235929738,0.8697878601506462,1.1821620954597667,1.2088592000072822,-8.553735497685011e-09,9.242429044320488e-09
UG0003_T2_graded_two_layer_fine_hot__SOLAR_SALT_60_40_V10,UG0003,T2_graded_two_layer_fine_hot,SOLAR_SALT_60_40_V10,graded_two_layer,fine_hot,2.7649550332437642,6.515496993028625,0.5333328493919267,0.01265473851602238,281.5064377844304,0.269974,0.0759994190344138,1.625439591870687,1.6773786447044672,0.9690355823965249,0.0012621865450921602,1268.6934595333794,0.8697878601506462,1.2236398273649165,1.0018011999782175,-7.059608453374722e-09,7.64590613044902e-09
UG0003_T2_graded_two_layer_fine_hot__SOLAR_SALT_60_40_V10,UG0003,T2_graded_two_layer_fine_hot,SOLAR_SALT_60_40_V10,graded_two_layer,fine_hot,2.7649550332437642,6.515496993028625,0.5333328493919267,0.01265473851602238,281.5064377844304,0.325696,0.09168552076063782,1.6219679911397136,1.6773786447044672,0.9669659240388647,0.001533877208438522,1071.9848655678766,0.8697878601506462,1.2687269046861214,0.8226531000109389,-5.474054542986551e-09,5.88666893008849e-09
UG0003_T2_graded_two_layer_fine_hot__SOLAR_SALT_60_40_V10,UG0003,T2_graded_two_layer_fine_hot,SOLAR_SALT_60_40_V10,graded_two_layer,fine_hot,2.7649550332437642,6.515496993028625,0.5333328493919267,0.01265473851602238,281.5064377844304,0.392923,0.11061035405357174,1.6181245114863239,1.6773786447044672,0.9646745632506946,0.0018667552635674015,906.3544075722062,0.8697878601506462,1.317835002009137,0.7086221000063233,-4.047162605047561e-09,4.382538776326328e-09
UG0003_T2_graded_two_layer_fine_hot__SOLAR_SALT_60_40_V10,UG0003,T2_graded_two_layer_fine_hot,SOLAR_SALT_60_40_V10,graded_two_layer,fine_hot,2.7649550332437642,6.515496993028625,0.5333328493919267,0.01265473851602238,281.5064377844304,0.47403,0.13344249670295352,1.6138969736351967,1.6773786447044672,0.9621542391339701,0.0022757711879071232,766.8174822139325,0.8697878601506462,1.3714397454522373,0.6054192000301555,-3.4944491744681727e-09,3.782330004753476e-09
UG0003_T2_graded_two_layer_fine_hot__SOLAR_SALT_60_40_V10,UG0003,T2_graded_two_layer_fine_hot,SOLAR_SALT_60_40_V10,graded_two_layer,fine_hot,2.7649550332437642,6.515496993028625,0.5333328493919267,0.01265473851602238,281.5064377844304,0.571866,0.16098396055003103,1.6092739598011676,1.6773786447044672,0.9593981447669505,0.0027799333631342263,649.2122156170716,0.8697878601506462,1.430070928766717,0.49006089998874813,-2.5396684755207843e-09,2.743627547374672e-09
UG0003_T2_graded_two_layer_fine_hot__SOLAR_SALT_60_40_V10,UG0003,T2_graded_two_layer_fine_hot,SOLAR_SALT_60_40_V10,graded_two_layer,fine_hot,2.7649550332437642,6.515496993028625,0.5333328493919267,0.01265473851602238,281.5064377844304,0.689885,0.19420706883091174,1.6042430495328075,1.6773786447044672,0.9563988754700371,0.0034037923083241567,550.0230274941001,0.8697878601506462,1.494340976837287,0.4104797000181861,-1.9276025220449355e-09,2.120525977034049e-09
UG0003_T2_graded_two_layer_fine_hot__SOLAR_SALT_60_40_V10,UG0003,T2_graded_two_layer_fine_hot,SOLAR_SALT_60_40_V10,graded_two_layer,fine_hot,2.7649550332437642,6.515496993028625,0.5333328493919267,0.01265473851602238,281.5064377844304,0.832247,0.2342828883267788,1.5987914855140912,1.6773786447044672,0.9531488257356334,0.004179162358494653,466.31045483874544,0.8697878601506462,1.5649409084341819,0.3445469999569468,-1.6903145549918008e-09,1.8562484882522767e-09
UG0003_T2_graded_two_layer_fine_hot__SOLAR_SALT_60_40_V10,UG0003,T2_graded_two_layer_fine_hot,SOLAR_SALT_60_40_V10,graded_two_layer,fine_hot,2.7649550332437642,6.515496993028625,0.5333328493919267,0.01265473851602238,281.5064377844304,1.0,0.28150643778443035,1.5930311442264757,1.6773786447044672,0.9497146927771623,0.005124866482387999,396.98294622074275,0.8697878601506462,1.6409343605998148,0.29341500002192333,-1.2887024780638967e-09,1.3415046851150692e-09
UG0003_T2_graded_two_layer_fine_hot__NREL_MGCL2_KCL_NACL_BASELINE_V10,UG0003,T2_graded_two_layer_fine_hot,NREL_MGCL2_KCL_NACL_BASELINE_V10,graded_two_layer,fine_hot,2.7649550332437642,6.515496993028625,0.5333328493919267,0.01265473851602238,281.5064377844304,0.05,0.014075321889221518,1.3712342876015242,1.4026965278070296,0.9775701731758805,0.0008899466751408812,5412.136055835198,0.563597430698864,0.8256045868533224,4.449698599986732,-4.16811141157325e-08,1.9651591465219553e-08
UG0003_T2_graded_two_layer_fine_hot__NREL_MGCL2_KCL_NACL_BASELINE_V10,UG0003,T2_graded_two_layer_fine_hot,NREL_MGCL2_KCL_NACL_BASELINE_V10,graded_two_layer,fine_hot,2.7649550332437642,6.515496993028625,0.5333328493919267,0.01265473851602238,281.5064377844304,0.060295,0.01697343066621223,1.3699586943707802,1.4026965278070296,0.9766607867152622,0.0010740507951574783,4556.36334396507,0.563597430698864,0.8458251384833925,3.6885395999997854,-3.4666558512697065e-08,1.8052825900838343e-08
UG0003_T2_graded_two_layer_fine_hot__NREL_MGCL2_KCL_NACL_BASELINE_V10,UG0003,T2_graded_two_layer_fine_hot,NREL_MGCL2_KCL_NACL_BASELINE_V10,graded_two_layer,fine_hot,2.7649550332437642,6.515496993028625,0.5333328493919267,0.01265473851602238,281.5064377844304,0.072707,0.020467488571992577,1.368470136820883,1.4026965278070296,0.975599575312519,0.0012964052810565093,3837.6553426476326,0.563597430698864,0.8673167643906371,3.0728931999765337,-2.867220905145018e-08,1.1930811893989812e-08
UG0003_T2_graded_two_layer_fine_hot__NREL_MGCL2_KCL_NACL_BASELINE_V10,UG0003,T2_graded_two_layer_fine_hot,NREL_MGCL2_KCL_NACL_BASELINE_V10,graded_two_layer,fine_hot,2.7649550332437642,6.515496993028625,0.5333328493919267,0.01265473851602238,281.5064377844304,0.087675,0.024681076932749933,1.36674488884388,1.4026965278070296,0.9743696243268269,0.0015651196666394652,3233.6987084500092,0.563597430698864,0.8902039328561518,2.536478800000623,-2.244754382374481e-08,9.963341263130587e-09
UG0003_T2_graded_two_layer_fine_hot__NREL_MGCL2_KCL_NACL_BASELINE_V10,UG0003,T2_graded_two_layer_fine_hot,NREL_MGCL2_KCL_NACL_BASELINE_V10,graded_two_layer,fine_hot,2.7649550332437642,6.515496993028625,0.5333328493919267,0.01265473851602238,281.5064377844304,0.105736,0.02976536470557453,1.3647600212714976,1.4026965278070296,0.9729545872656848,0.0018901918284438349,2725.760170927696,0.563597430698864,0.9146338350225336,2.1076055000303313,-1.8543300228657245e-08,8.289391395521761e-09
UG0003_T2_graded_two_layer_fine_hot__NREL_MGCL2_KCL_NACL_BASELINE_V10,UG0003,T2_graded_two_layer_fine_hot,NREL_MGCL2_KCL_NACL_BASELINE_V10,graded_two_layer,fine_hot,2.7649550332437642,6.515496993028625,0.5333328493919267,0.01265473851602238,281.5064377844304,0.127532,0.03590107902352398,1.3624956719994188,1.4026965278070296,0.9713403041850679,0.002283697956702009,2298.4603773911663,0.563597430698864,0.9407600809745069,1.7322813000064343,-1.3723810976529194e-08,6.0495830567219855e-09
UG0003_T2_graded_two_layer_fine_hot__NREL_MGCL2_KCL_NACL_BASELINE_V10,UG0003,T2_graded_two_layer_fine_hot,NREL_MGCL2_KCL_NACL_BASELINE_V10,graded_two_layer,fine_hot,2.7649550332437642,6.515496993028625,0.5333328493919267,0.01265473851602238,281.5064377844304,0.153826,0.04330300929862778,1.3599356564385112,1.4026965278070296,0.9695152368877888,0.002760171435695181,1939.0448962543894,0.563597430698864,0.9687426207665022,1.4413759000017308,-1.0668876893049628e-08,4.9428239279336594e-09
UG0003_T2_graded_two_layer_fine_hot__NREL_MGCL2_KCL_NACL_BASELINE_V10,UG0003,T2_graded_two_layer_fine_hot,NREL_MGCL2_KCL_NACL_BASELINE_V10,graded_two_layer,fine_hot,2.7649550332437642,6.515496993028625,0.5333328493919267,0.01265473851602238,281.5064377844304,0.18554,0.05223070446652321,1.3570659768982472,1.4026965278070296,0.9674694062441852,0.003337421629551737,1636.6809072707392,0.563597430698864,0.9987663980785008,1.2053874999983236,-9.439482528961207e-09,3.501399170602326e-09
UG0003_T2_graded_two_layer_fine_hot__NREL_MGCL2_KCL_NACL_BASELINE_V10,UG0003,T2_graded_two_layer_fine_hot,NREL_MGCL2_KCL_NACL_BASELINE_V10,graded_two_layer,fine_hot,2.7649550332437642,6.515496993028625,0.5333328493919267,0.01265473851602238,281.5064377844304,0.223797,0.06300029625684216,1.353873428954133,1.4026965278070296,0.9651933986539294,0.004037492214767412,1382.1759256931184,0.563597430698864,1.0310504655265937,1.0082995999837294,-7.364131526799156e-09,2.5189406116510327e-09
UG0003_T2_graded_two_layer_fine_hot__NREL_MGCL2_KCL_NACL_BASELINE_V10,UG0003,T2_graded_two_layer_fine_hot,NREL_MGCL2_KCL_NACL_BASELINE_V10,graded_two_layer,fine_hot,2.7649550332437642,6.515496993028625,0.5333328493919267,0.01265473851602238,281.5064377844304,0.269974,0.0759994190344138,1.3503438435852702,1.4026965278070296,0.9626771128437829,0.0048879195612778125,1167.767617545696,0.563597430698864,1.0658561468722805,0.8170508000184782,-6.0050076022832855e-09,2.3365309687051194e-09
UG0003_T2_graded_two_layer_fine_hot__NREL_MGCL2_KCL_NACL_BASELINE_V10,UG0003,T2_graded_two_layer_fine_hot,NREL_MGCL2_KCL_NACL_BASELINE_V10,graded_two_layer,fine_hot,2.7649550332437642,6.515496993028625,0.5333328493919267,0.01265473851602238,281.5064377844304,0.325696,0.09168552076063782,1.3464660141599925,1.4026965278070296,0.9599125594650557,0.005922038289657981,987.1361205052494,0.563597430698864,1.1034483642233481,0.6967218000208959,-4.991895785622091e-09,1.9237944570704713e-09
UG0003_T2_graded_two_layer_fine_hot__NREL_MGCL2_KCL_NACL_BASELINE_V10,UG0003,T2_graded_two_layer_fine_hot,NREL_MGCL2_KCL_NACL_BASELINE_V10,graded_two_layer,fine_hot,2.7649550332437642,6.515496993028625,0.5333328493919267,0.01265473851602238,281.5064377844304,0.392923,0.11061035405357174,1.3422278275028316,1.4026965278070296,0.9568911028825782,0.00718117898544124,834.9285135621168,0.563597430698864,1.1441292359833475,0.5999190000002272,-4.112477025586259e-09,1.3739009929736312e-09
UG0003_T2_graded_two_layer_fine_hot__NREL_MGCL2_KCL_NACL_BASELINE_V10,UG0003,T2_graded_two_layer_fine_hot,NREL_MGCL2_KCL_NACL_BASELINE_V10,graded_two_layer,fine_hot,2.7649550332437642,6.515496993028625,0.5333328493919267,0.01265473851602238,281.5064377844304,0.47403,0.13344249670295352,1.3376154719239026,1.4026965278070296,0.9536028965688861,0.00871703544366781,706.6123998065302,0.563597430698864,1.1882481409393448,0.5071481000049971,-3.2531199956054024e-09,5.829559057701772e-10
UG0003_T2_graded_two_layer_fine_hot__NREL_MGCL2_KCL_NACL_BASELINE_V10,UG0003,T2_graded_two_layer_fine_hot,NREL_MGCL2_KCL_NACL_BASELINE_V10,graded_two_layer,fine_hot,2.7649550332437642,6.515496993028625,0.5333328493919267,0.01265473851602238,281.5064377844304,0.571866,0.16098396055003103,1.3326153529590476,1.4026965278070296,0.9500382488594689,0.010594045983935391,598.3988392470878,0.563597430698864,1.2361927919553959,0.4235577000072226,-2.8212876479472015e-09,6.290523657526137e-10
UG0003_T2_graded_two_layer_fine_hot__NREL_MGCL2_KCL_NACL_BASELINE_V10,UG0003,T2_graded_two_layer_fine_hot,NREL_MGCL2_KCL_NACL_BASELINE_V10,graded_two_layer,fine_hot,2.7649550332437642,6.515496993028625,0.5333328493919267,0.01265473851602238,281.5064377844304,0.689885,0.19420706883091174,1.3272103973444518,1.4026965278070296,0.9461849880097781,0.012893735493920968,507.08296112502285,0.563597430698864,1.2884117412285727,0.34720580000430346,-2.1965096408393947e-09,-7.006617508409363e-11
UG0003_T2_graded_two_layer_fine_hot__NREL_MGCL2_KCL_NACL_BASELINE_V10,UG0003,T2_graded_two_layer_fine_hot,NREL_MGCL2_KCL_NACL_BASELINE_V10,graded_two_layer,fine_hot,2.7649550332437642,6.515496993028625,0.5333328493919267,0.01265473851602238,281.5064377844304,0.832247,0.2342828883267788,1.3213832153822016,1.4026965278070296,0.9420307166854167,0.015719367944644513,429.981725790763,0.563597430698864,1.3454100060297174,0.2812211000127718,-1.6815104864065233e-09,-6.995515278163111e-11
UG0003_T2_graded_two_layer_fine_hot__NREL_MGCL2_KCL_NACL_BASELINE_V10,UG0003,T2_graded_two_layer_fine_hot,NREL_MGCL2_KCL_NACL_BASELINE_V10,graded_two_layer,fine_hot,2.7649550332437642,6.515496993028625,0.5333328493919267,0.01265473851602238,281.5064377844304,1.0,0.28150643778443035,1.3152518924291579,1.4026965278070296,0.937659619422754,0.019121385027012272,366.1078624810843,0.563597430698864,1.4063836152736822,0.22896350000519305,-1.2616241384932891e-09,-1.1664003096711895e-10
UG0003_T2_graded_two_layer_fine_hot__AIP_FLINAK_2017_V10,UG0003,T2_graded_two_layer_fine_hot,AIP_FLINAK_2017_V10,graded_two_layer,fine_hot,2.7649550332437642,6.515496993028625,0.5333328493919267,0.01265473851602238,281.5064377844304,0.05,0.014075321889221518,2.0058973619085694,2.045085069191538,0.9808381040606489,0.0008367776341230237,7016.97157345418,1.2796732553033083,1.2391413104836315,6.527782799967099,-5.1455195659855235e-08,5.294669147559716e-08
UG0003_T2_graded_two_layer_fine_hot__AIP_FLINAK_2017_V10,UG0003,T2_graded_two_layer_fine_hot,AIP_FLINAK_2017_V10,graded_two_layer,fine_hot,2.7649550332437642,6.515496993028625,0.5333328493919267,0.01265473851602238,281.5064377844304,0.060295,0.01697343066621223,2.0052593095577964,2.045085069191538,0.9805261109996339,0.0010092820984816502,5889.966983694089,1.2796732553033083,1.2670153866470988,5.380576200026553,-4.1058190181075815e-08,4.292410871187258e-08
UG0003_T2_graded_two_layer_fine_hot__AIP_FLINAK_2017_V10,UG0003,T2_graded_two_layer_fine_hot,AIP_FLINAK_2017_V10,graded_two_layer,fine_hot,2.7649550332437642,6.515496993028625,0.5333328493919267,0.01265473851602238,281.5064377844304,0.072707,0.020467488571992577,2.004499160104039,2.045085069191538,0.980154415237336,0.0012173555453440313,4945.292689352858,1.2796732553033083,1.2963495613921026,4.470143000013195,-3.047869734373876e-08,3.3856473180549074e-08
UG0003_T2_graded_two_layer_fine_hot__AIP_FLINAK_2017_V10,UG0003,T2_graded_two_layer_fine_hot,AIP_FLINAK_2017_V10,graded_two_layer,fine_hot,2.7649550332437642,6.515496993028625,0.5333328493919267,0.01265473851602238,281.5064377844304,0.087675,0.024681076932749933,2.0035941307418437,2.045085069191538,0.9797118765010119,0.0014684174377262247,4153.072208093722,1.2796732553033083,1.327263364021833,3.7508742000209168,-2.7139956948474264e-08,2.947795341157189e-08
UG0003_T2_graded_two_layer_fine_hot__AIP_FLINAK_2017_V10,UG0003,T2_graded_two_layer_fine_hot,AIP_FLINAK_2017_V10,graded_two_layer,fine_hot,2.7649550332437642,6.515496993028625,0.5333328493919267,0.01265473851602238,281.5064377844304,0.105736,0.02976536470557453,2.002517547137568,2.045085069191538,0.9791854516493057,0.0017715626552410235,3488.2491753273102,1.2796732553033083,1.359899216725051,3.081956400012132,-2.2488844120260865e-08,2.4044477520135388e-08
UG0003_T2_graded_two_layer_fine_hot__AIP_FLINAK_2017_V10,UG0003,T2_graded_two_layer_fine_hot,AIP_FLINAK_2017_V10,graded_two_layer,fine_hot,2.7649550332437642,6.515496993028625,0.5333328493919267,0.01265473851602238,281.5064377844304,0.127532,0.03590107902352398,2.0012396961662784,2.045085069191538,0.9785606116411614,0.002137694679224357,2930.2658065384935,1.2796732553033083,1.3943993836365105,2.5780401999945752,-1.794780990493905e-08,1.933027071743254e-08
UG0003_T2_graded_two_layer_fine_hot__AIP_FLINAK_2017_V10,UG0003,T2_graded_two_layer_fine_hot,AIP_FLINAK_2017_V10,graded_two_layer,fine_hot,2.7649550332437642,6.515496993028625,0.5333328493919267,0.01265473851602238,281.5064377844304,0.153826,0.04330300929862778,1.9997283730457738,2.045085069191538,0.9778216090718931,0.002579816442134968,2462.085252015088,1.2796732553033083,1.4309055329233051,2.1227345999795943,-1.4208156873252165e-08,1.5333445624321485e-08
UG0003_T2_graded_two_layer_fine_hot__AIP_FLINAK_2017_V10,UG0003,T2_graded_two_layer_fine_hot,AIP_FLINAK_2017_V10,graded_two_layer,fine_hot,2.7649550332437642,6.515496993028625,0.5333328493919267,0.01265473851602238,281.5064377844304,0.18554,0.05223070446652321,1.997949238393917,2.045085069191538,0.9769516527660852,0.0031137012134032187,2069.255813333668,1.2796732553033083,1.4695824399513826,1.7818909999914467,-1.1644818442846372e-08,1.2677570104813185e-08
UG0003_T2_graded_two_layer_fine_hot__AIP_FLINAK_2017_V10,UG0003,T2_graded_two_layer_fine_hot,AIP_FLINAK_2017_V10,graded_two_layer,fine_hot,2.7649550332437642,6.515496993028625,0.5333328493919267,0.01265473851602238,281.5064377844304,0.223797,0.06300029625684216,1.9958660636669985,2.045085069191538,0.9759330277913588,0.0037586471928694122,1739.5312968773103,1.2796732553033083,1.5106279143155679,1.502380300022196,-7.572520388521298e-09,8.64890381535588e-09
UG0003_T2_graded_two_layer_fine_hot__AIP_FLINAK_2017_V10,UG0003,T2_graded_two_layer_fine_hot,AIP_FLINAK_2017_V10,graded_two_layer,fine_hot,2.7649550332437642,6.515496993028625,0.5333328493919267,0.01265473851602238,281.5064377844304,0.269974,0.0759994190344138,1.9934421442650458,2.045085069191538,0.97474778643467,0.004538441768643086,1462.585682590661,1.2796732553033083,1.5542806827332367,1.2434899999643676,-6.506206684520066e-09,7.051226269538802e-09
UG0003_T2_graded_two_layer_fine_hot__AIP_FLINAK_2017_V10,UG0003,T2_graded_two_layer_fine_hot,AIP_FLINAK_2017_V10,graded_two_layer,fine_hot,2.7649550332437642,6.515496993028625,0.5333328493919267,0.01265473851602238,281.5064377844304,0.325696,0.09168552076063782,1.990644318918523,2.045085069191538,0.9733797135908205,0.0054813622466904546,1230.01539699357,1.2796732553033083,1.6007700006854422,1.0238791999872774,-5.1150750302042525e-09,5.81330539262126e-09
UG0003_T2_graded_two_layer_fine_hot__AIP_FLINAK_2017_V10,UG0003,T2_graded_two_layer_fine_hot,AIP_FLINAK_2017_V10,graded_two_layer,fine_hot,2.7649550332437642,6.515496993028625,0.5333328493919267,0.01265473851602238,281.5064377844304,0.392923,0.11061035405357174,1.9874423330091515,2.045085069191538,0.9718140154408472,0.006621791083796543,1034.712841966729,1.2796732553033083,1.6503570070574758,0.8427210000227205,-4.251599072802037e-09,4.7230441779788634e-09
UG0003_T2_graded_two_layer_fine_hot__AIP_FLINAK_2017_V10,UG0003,T2_graded_two_layer_fine_hot,AIP_FLINAK_2017_V10,graded_two_layer,fine_hot,2.7649550332437642,6.515496993028625,0.5333328493919267,0.01265473851602238,281.5064377844304,0.47403,0.13344249670295352,1.983809589058219,2.045085069191538,0.9700376864237034,0.008001786115159533,870.6693934099263,1.2796732553033083,1.7033447094865808,0.6931996999774128,-3.5073610682445633e-09,3.9607428448107385e-09
UG0003_T2_graded_two_layer_fine_hot__AIP_FLINAK_2017_V10,UG0003,T2_graded_two_layer_fine_hot,AIP_FLINAK_2017_V10,graded_two_layer,fine_hot,2.7649550332437642,6.515496993028625,0.5333328493919267,0.01265473851602238,281.5064377844304,0.571866,0.16098396055003103,1.979723274716836,2.045085069191538,0.9680395718205791,0.009672394468172165,732.8683082687367,1.2796732553033083,1.7600648425754135,0.5789692000253126,-2.4898416661756073e-09,2.8946400831841856e-09
UG0003_T2_graded_two_layer_fine_hot__AIP_FLINAK_2017_V10,UG0003,T2_graded_two_layer_fine_hot,AIP_FLINAK_2017_V10,graded_two_layer,fine_hot,2.7649550332437642,6.515496993028625,0.5333328493919267,0.01265473851602238,281.5064377844304,0.689885,0.19420706883091174,1.9751622440403251,2.045085069191538,0.9658093317463537,0.011696338033931533,617.0735195393776,1.2796732553033083,1.820902344105513,0.4754951000213623,-2.1936341632056156e-09,2.48085996190639e-09
UG0003_T2_graded_two_layer_fine_hot__AIP_FLINAK_2017_V10,UG0003,T2_graded_two_layer_fine_hot,AIP_FLINAK_2017_V10,graded_two_layer,fine_hot,2.7649550332437642,6.515496993028625,0.5333328493919267,0.01265473851602238,281.5064377844304,0.832247,0.2342828883267788,1.9701083666782695,2.045085069191538,0.9633381008727874,0.01415040399941967,519.7438634484071,1.2796732553033083,1.8862871880060308,0.3934214999899268,-1.944344685256283e-09,2.1166624009083534e-09
UG0003_T2_graded_two_layer_fine_hot__AIP_FLINAK_2017_V10,UG0003,T2_graded_two_layer_fine_hot,AIP_FLINAK_2017_V10,graded_two_layer,fine_hot,2.7649550332437642,6.515496993028625,0.5333328493919267,0.01265473851602238,281.5064377844304,1.0,0.28150643778443035,1.9646637123135642,2.045085069191538,0.9606757889490797,0.017059928400279412,439.4966231975408,1.2796732553033083,1.9551615004399197,0.3271987999905832,-9.257372646231943e-10,1.291411422243982e-09
UG0003_T2_graded_two_layer_fine_hot__AIP_LINAK_CARBONATE_2017_V10,UG0003,T2_graded_two_layer_fine_hot,AIP_LINAK_CARBONATE_2017_V10,graded_two_layer,fine_hot,2.7649550332437642,6.515496993028625,0.5333328493919267,0.01265473851602238,281.5064377844304,0.05,0.014075321889221518,1.812908255540587,1.8498763457963965,0.9800159127717836,0.0024541953961068723,6035.385414415683,1.0620724754483524,0.973277826817829,5.873271300049964,-4.432934019860113e-08,4.8964388099648204e-08
UG0003_T2_graded_two_layer_fine_hot__AIP_LINAK_CARBONATE_2017_V10,UG0003,T2_graded_two_layer_fine_hot,AIP_LINAK_CARBONATE_2017_V10,graded_two_layer,fine_hot,2.7649550332437642,6.515496993028625,0.5333328493919267,0.01265473851602238,281.5064377844304,0.060295,0.01697343066621223,1.8120486269064775,1.8498763457963965,0.9795512175849606,0.0029598124293017374,5077.032951816148,1.0620724754483524,0.9965050258175508,4.836249299987685,-3.679696547465028e-08,4.0538683521162966e-08
UG0003_T2_graded_two_layer_fine_hot__AIP_LINAK_CARBONATE_2017_V10,UG0003,T2_graded_two_layer_fine_hot,AIP_LINAK_CARBONATE_2017_V10,graded_two_layer,fine_hot,2.7649550332437642,6.515496993028625,0.5333328493919267,0.01265473851602238,281.5064377844304,0.072707,0.020467488571992577,1.8110286751317124,1.8498763457963965,0.9789998554481978,0.0035695368109710805,4271.924156888156,1.0620724754483524,1.0208563412240124,4.013036700023804,-3.178436402961893e-08,3.4581137953182406e-08
UG0003_T2_graded_two_layer_fine_hot__AIP_LINAK_CARBONATE_2017_V10,UG0003,T2_graded_two_layer_fine_hot,AIP_LINAK_CARBONATE_2017_V10,graded_two_layer,fine_hot,2.7649550332437642,6.515496993028625,0.5333328493919267,0.01265473851602238,281.5064377844304,0.087675,0.024681076932749933,1.8098210528627776,1.8498763457963965,0.9783470430201244,0.00430501845808494,3595.232302233432,1.0620724754483524,1.0464148791634327,3.3407251999597065,-2.407678501015198e-08,2.4476087823188664e-08
UG0003_T2_graded_two_layer_fine_hot__AIP_LINAK_CARBONATE_2017_V10,UG0003,T2_graded_two_layer_fine_hot,AIP_LINAK_CARBONATE_2017_V10,graded_two_layer,fine_hot,2.7649550332437642,6.515496993028625,0.5333328493919267,0.01265473851602238,281.5064377844304,0.105736,0.02976536470557453,1.8083951496349244,1.8498763457963965,0.9775762329975554,0.005192767221357109,3026.0884216697286,1.0620724754483524,1.0732801502431675,2.7773297999519855,-2.0034485181952277e-08,2.196272053112125e-08
UG0003_T2_graded_two_layer_fine_hot__AIP_LINAK_CARBONATE_2017_V10,UG0003,T2_graded_two_layer_fine_hot,AIP_LINAK_CARBONATE_2017_V10,graded_two_layer,fine_hot,2.7649550332437642,6.515496993028625,0.5333328493919267,0.01265473851602238,281.5064377844304,0.127532,0.03590107902352398,1.806718828633413,1.8498763457963965,0.976670052968106,0.006264519034722286,2547.3413142383165,1.0620724754483524,1.101548678888783,2.3124171000090428,-1.630967583210463e-08,1.756368384064899e-08
UG0003_T2_graded_two_layer_fine_hot__AIP_LINAK_CARBONATE_2017_V10,UG0003,T2_graded_two_layer_fine_hot,AIP_LINAK_CARBONATE_2017_V10,graded_two_layer,fine_hot,2.7649550332437642,6.515496993028625,0.5333328493919267,0.01265473851602238,281.5064377844304,0.153826,0.04330300929862778,1.8047598300555712,1.8498763457963965,0.9756110640349844,0.0075580537309212475,2144.7508850814265,1.0620724754483524,1.1313135341482343,1.9123973000096157,-1.3028667034120645e-08,1.442992392242104e-08
UG0003_T2_graded_two_layer_fine_hot__AIP_LINAK_CARBONATE_2017_V10,UG0003,T2_graded_two_layer_fine_hot,AIP_LINAK_CARBONATE_2017_V10,graded_two_layer,fine_hot,2.7649550332437642,6.515496993028625,0.5333328493919267,0.01265473851602238,281.5064377844304,0.18554,0.05223070446652321,1.8024863609814832,1.8498763457963965,0.9743820796873257,0.009119109381386508,1806.20787887214,1.0620724754483524,1.1626834439799736,1.5740344999940135,-1.0101874892143314e-08,1.1397371935117917e-08
UG0003_T2_graded_two_layer_fine_hot__AIP_LINAK_CARBONATE_2017_V10,UG0003,T2_graded_two_layer_fine_hot,AIP_LINAK_CARBONATE_2017_V10,graded_two_layer,fine_hot,2.7649550332437642,6.515496993028625,0.5333328493919267,0.01265473851602238,281.5064377844304,0.223797,0.06300029625684216,1.7998676988942117,1.8498763457963965,0.9729664920491454,0.011003516559714288,1521.4249874132126,1.0620724754483524,1.1957902311423505,1.2917995000025257,-7.465306151033246e-09,8.168599130442544e-09
UG0003_T2_graded_two_layer_fine_hot__AIP_LINAK_CARBONATE_2017_V10,UG0003,T2_graded_two_layer_fine_hot,AIP_LINAK_CARBONATE_2017_V10,graded_two_layer,fine_hot,2.7649550332437642,6.515496993028625,0.5333328493919267,0.01265473851602238,281.5064377844304,0.269974,0.0759994190344138,1.7968742109686158,1.8498763457963965,0.9713482823064249,0.013279908508391312,1281.7063228166783,1.0620724754483524,1.230794314273221,1.0630628999788314,-7.05697722480636e-09,7.033928994815142e-09
UG0003_T2_graded_two_layer_fine_hot__AIP_LINAK_CARBONATE_2017_V10,UG0003,T2_graded_two_layer_fine_hot,AIP_LINAK_CARBONATE_2017_V10,graded_two_layer,fine_hot,2.7649550332437642,6.515496993028625,0.5333328493919267,0.01265473851602238,281.5064377844304,0.325696,0.09168552076063782,1.7934818135105988,1.8498763457963965,0.9695144313759421,0.01602956893778164,1079.9641708305933,1.0620724754483524,1.2678436458903306,0.8877064000116661,-5.273326220134322e-09,5.784284162757558e-09
UG0003_T2_graded_two_layer_fine_hot__AIP_LINAK_CARBONATE_2017_V10,UG0003,T2_graded_two_layer_fine_hot,AIP_LINAK_CARBONATE_2017_V10,graded_two_layer,fine_hot,2.7649550332437642,6.515496993028625,0.5333328493919267,0.01265473851602238,281.5064377844304,0.392923,0.11061035405357174,1.7896690952821963,1.8498763457963965,0.9674533648419186,0.01935092636776008,910.1891384730727,1.0620724754483524,1.3071066007639098,0.7292191000306047,-4.068567704962334e-09,4.4040548985435635e-09
UG0003_T2_graded_two_layer_fine_hot__AIP_LINAK_CARBONATE_2017_V10,UG0003,T2_graded_two_layer_fine_hot,AIP_LINAK_CARBONATE_2017_V10,graded_two_layer,fine_hot,2.7649550332437642,6.515496993028625,0.5333328493919267,0.01265473851602238,281.5064377844304,0.47403,0.13344249670295352,1.7854160585054615,1.8498763457963965,0.9651542723720898,0.023363806383879523,767.2882914063221,1.0620724754483524,1.3487790643712525,0.6158072000253014,-3.1324276505984017e-09,3.392730540952016e-09
UG0003_T2_graded_two_layer_fine_hot__AIP_LINAK_CARBONATE_2017_V10,UG0003,T2_graded_two_layer_fine_hot,AIP_LINAK_CARBONATE_2017_V10,graded_two_layer,fine_hot,2.7649550332437642,6.515496993028625,0.5333328493919267,0.01265473851602238,281.5064377844304,0.571866,0.16098396055003103,1.7807037648893302,1.8498763457963965,0.9626069163680849,0.028212786978015977,647.0000386054013,1.0620724754483524,1.393073216746907,0.5312592000118457,-2.7131519253487113e-09,3.018674199495308e-09
UG0003_T2_graded_two_layer_fine_hot__AIP_LINAK_CARBONATE_2017_V10,UG0003,T2_graded_two_layer_fine_hot,AIP_LINAK_CARBONATE_2017_V10,graded_two_layer,fine_hot,2.7649550332437642,6.515496993028625,0.5333328493919267,0.01265473851602238,281.5064377844304,0.689885,0.19420706883091174,1.7755116172565812,1.8498763457963965,0.9598001624763735,0.03407432232440403,545.7169382578061,1.0620724754483524,1.4402358532136583,0.4245727999950759,-2.261968390371294e-09,2.4184876323829485e-09
UG0003_T2_graded_two_layer_fine_hot__AIP_LINAK_CARBONATE_2017_V10,UG0003,T2_graded_two_layer_fine_hot,AIP_LINAK_CARBONATE_2017_V10,graded_two_layer,fine_hot,2.7649550332437642,6.515496993028625,0.5333328493919267,0.01265473851602238,281.5064377844304,0.832247,0.2342828883267788,1.7698201165750913,1.8498763457963965,0.9567234699750486,0.04116268545494569,460.41647503614143,1.0620724754483524,1.4905409015563214,0.36296659999061376,-1.6389445356423948e-09,1.7758683412694154e-09
UG0003_T2_graded_two_layer_fine_hot__AIP_LINAK_CARBONATE_2017_V10,UG0003,T2_graded_two_layer_fine_hot,AIP_LINAK_CARBONATE_2017_V10,graded_two_layer,fine_hot,2.7649550332437642,6.515496993028625,0.5333328493919267,0.01265473851602238,281.5064377844304,1.0,0.28150643778443035,1.763742565183025,1.8498763457963965,0.9534380874650896,0.04954028649829424,389.9528073148926,1.0620724754483524,1.5431228197675237,0.29417589999502525,-1.252875581059243e-09,1.4228396238991081e-09
UG0003_T2_graded_two_layer_fine_hot__AIP_LIF_NAK_CARBONATE_RECIPROCAL_2017_V10,UG0003,T2_graded_two_layer_fine_hot,AIP_LIF_NAK_CARBONATE_RECIPROCAL_2017_V10,graded_two_layer,fine_hot,2.7649550332437642,6.515496993028625,0.5333328493919267,0.01265473851602238,281.5064377844304,0.05,0.014075321889221518,1.9626981990038095,2.0010633290230957,0.9808276282600132,0.001327382309076897,7228.504925437117,1.2306018571371757,1.3044145431661074,6.348516000027303,-5.144176196125727e-08,5.7408033882211384e-08
UG0003_T2_graded_two_layer_fine_hot__AIP_LIF_NAK_CARBONATE_RECIPROCAL_2017_V10,UG0003,T2_graded_two_layer_fine_hot,AIP_LIF_NAK_CARBONATE_RECIPROCAL_2017_V10,graded_two_layer,fine_hot,2.7649550332437642,6.515496993028625,0.5333328493919267,0.01265473851602238,281.5064377844304,0.060295,0.01697343066621223,1.962068496054305,2.0010633290230957,0.9805129440916656,0.0016009179936653185,6066.095023504417,1.2306018571371757,1.3336892734163859,5.260041199973784,-4.3220893530815374e-08,4.338807091386343e-08
UG0003_T2_graded_two_layer_fine_hot__AIP_LIF_NAK_CARBONATE_RECIPROCAL_2017_V10,UG0003,T2_graded_two_layer_fine_hot,AIP_LIF_NAK_CARBONATE_RECIPROCAL_2017_V10,graded_two_layer,fine_hot,2.7649550332437642,6.515496993028625,0.5333328493919267,0.01265473851602238,281.5064377844304,0.072707,0.020467488571992577,1.9613177743110477,2.0010633290230957,0.9801377826800456,0.001930805231217547,5091.817504200225,1.2306018571371757,1.3644315107137055,4.406003400043119,-3.269201576117098e-08,3.3646241348606054e-08
UG0003_T2_graded_two_layer_fine_hot__AIP_LIF_NAK_CARBONATE_RECIPROCAL_2017_V10,UG0003,T2_graded_two_layer_fine_hot,AIP_LIF_NAK_CARBONATE_RECIPROCAL_2017_V10,graded_two_layer,fine_hot,2.7649550332437642,6.515496993028625,0.5333328493919267,0.01265473851602238,281.5064377844304,0.087675,0.024681076932749933,1.960423303467661,2.0010633290230957,0.9796907849112028,0.0023287763743261632,4274.848869362728,1.2306018571371757,1.3967550360537253,3.6628928999998607,-2.5740332088020068e-08,2.6928592689046127e-08
UG0003_T2_graded_two_layer_fine_hot__AIP_LIF_NAK_CARBONATE_RECIPROCAL_2017_V10,UG0003,T2_graded_two_layer_fine_hot,AIP_LIF_NAK_CARBONATE_RECIPROCAL_2017_V10,graded_two_layer,fine_hot,2.7649550332437642,6.515496993028625,0.5333328493919267,0.01265473851602238,281.5064377844304,0.105736,0.02976536470557453,1.9593584500788974,2.0010633290230957,0.9791586411387798,0.0028092033975104015,3589.336704390356,1.2306018571371757,1.4307957697790614,3.012620399997104,-2.1297830166133735e-08,2.2599611071427717e-08
UG0003_T2_graded_two_layer_fine_hot__AIP_LIF_NAK_CARBONATE_RECIPROCAL_2017_V10,UG0003,T2_graded_two_layer_fine_hot,AIP_LIF_NAK_CARBONATE_RECIPROCAL_2017_V10,graded_two_layer,fine_hot,2.7649550332437642,6.515496993028625,0.5333328493919267,0.01265473851602238,281.5064377844304,0.127532,0.03590107902352398,1.9580934930222806,2.0010633290230957,0.9785264986981732,0.0033893009562067536,3014.068402560033,1.2306018571371757,1.4666874322782053,2.4949274999671616,-1.647865177645258e-08,1.7901946591791784e-08
UG0003_T2_graded_two_layer_fine_hot__AIP_LIF_NAK_CARBONATE_RECIPROCAL_2017_V10,UG0003,T2_graded_two_layer_fine_hot,AIP_LIF_NAK_CARBONATE_RECIPROCAL_2017_V10,graded_two_layer,fine_hot,2.7649550332437642,6.515496993028625,0.5333328493919267,0.01265473851602238,281.5064377844304,0.153826,0.04330300929862778,1.956596233091213,2.0010633290230957,0.9777782665411238,0.004089575941262351,2531.4630565497973,1.2306018571371757,1.5045610097575592,2.064419500005897,-1.2905199131552081e-08,1.461524234969147e-08
UG0003_T2_graded_two_layer_fine_hot__AIP_LIF_NAK_CARBONATE_RECIPROCAL_2017_V10,UG0003,T2_graded_two_layer_fine_hot,AIP_LIF_NAK_CARBONATE_RECIPROCAL_2017_V10,graded_two_layer,fine_hot,2.7649550332437642,6.515496993028625,0.5333328493919267,0.01265473851602238,281.5064377844304,0.18554,0.05223070446652321,1.9548321100805441,2.0010633290230957,0.9768966737473914,0.004934873815019676,2126.6066750444907,1.2306018571371757,1.544569194345476,1.7258786999736913,-1.135260774276503e-08,1.2259637749423291e-08
UG0003_T2_graded_two_layer_fine_hot__AIP_LIF_NAK_CARBONATE_RECIPROCAL_2017_V10,UG0003,T2_graded_two_layer_fine_hot,AIP_LIF_NAK_CARBONATE_RECIPROCAL_2017_V10,graded_two_layer,fine_hot,2.7649550332437642,6.515496993028625,0.5333328493919267,0.01265473851602238,281.5064377844304,0.223797,0.06300029625684216,1.9527649887821952,2.0010633290230957,0.9758636623137362,0.005955549146644326,1786.8608557416878,1.2306018571371757,1.5868962141081493,1.4412434000405483,-7.768452547907145e-09,9.01012597864792e-09
UG0003_T2_graded_two_layer_fine_hot__AIP_LIF_NAK_CARBONATE_RECIPROCAL_2017_V10,UG0003,T2_graded_two_layer_fine_hot,AIP_LIF_NAK_CARBONATE_RECIPROCAL_2017_V10,graded_two_layer,fine_hot,2.7649550332437642,6.515496993028625,0.5333328493919267,0.01265473851602238,281.5064377844304,0.269974,0.0759994190344138,1.9503580078070457,2.0010633290230957,0.9746608113393374,0.007188955641358777,1501.5686093881732,1.2306018571371757,1.6317653512924326,1.199673300026916,-6.222755644103017e-09,6.852762801656809e-09
UG0003_T2_graded_two_layer_fine_hot__AIP_LIF_NAK_CARBONATE_RECIPROCAL_2017_V10,UG0003,T2_graded_two_layer_fine_hot,AIP_LIF_NAK_CARBONATE_RECIPROCAL_2017_V10,graded_two_layer,fine_hot,2.7649550332437642,6.515496993028625,0.5333328493919267,0.01265473851602238,281.5064377844304,0.325696,0.09168552076063782,1.9475775477367445,2.0010633290230957,0.9732713200473957,0.008679395497979584,1262.056279490572,1.2306018571371757,1.6793866819019552,1.0006921000313014,-5.33695310167559e-09,5.644662515180698e-09
UG0003_T2_graded_two_layer_fine_hot__AIP_LIF_NAK_CARBONATE_RECIPROCAL_2017_V10,UG0003,T2_graded_two_layer_fine_hot,AIP_LIF_NAK_CARBONATE_RECIPROCAL_2017_V10,graded_two_layer,fine_hot,2.7649550332437642,6.515496993028625,0.5333328493919267,0.01265473851602238,281.5064377844304,0.392923,0.11061035405357174,1.9443937482995686,2.0010633290230957,0.9716802662356554,0.01048060010285446,1060.987706170951,1.2306018571371757,1.7299993882162559,0.8266510000103153,-5.354916510214025e-09,5.7625015870144125e-09
UG0003_T2_graded_two_layer_fine_hot__AIP_LIF_NAK_CARBONATE_RECIPROCAL_2017_V10,UG0003,T2_graded_two_layer_fine_hot,AIP_LIF_NAK_CARBONATE_RECIPROCAL_2017_V10,graded_two_layer,fine_hot,2.7649550332437642,6.515496993028625,0.5333328493919267,0.01265473851602238,281.5064377844304,0.47403,0.13344249670295352,1.9407792342329295,2.0010633290230957,0.969873969546183,0.01265810238376296,892.1610503556501,1.2306018571371757,1.7838813678632706,0.6735067999688908,-3.6724734364668166e-09,3.8268499480409446e-09
UG0003_T2_graded_two_layer_fine_hot__AIP_LIF_NAK_CARBONATE_RECIPROCAL_2017_V10,UG0003,T2_graded_two_layer_fine_hot,AIP_LIF_NAK_CARBONATE_RECIPROCAL_2017_V10,graded_two_layer,fine_hot,2.7649550332437642,6.515496993028625,0.5333328493919267,0.01265473851602238,281.5064377844304,0.571866,0.16098396055003103,1.9367108882465722,2.0010633290230957,0.9678408774759069,0.015291153850856342,750.398159295484,1.2306018571371757,1.8413352426799625,0.5616230000159703,-2.531053144849693e-09,2.6576740808081922e-09
UG0003_T2_graded_two_layer_fine_hot__AIP_LIF_NAK_CARBONATE_RECIPROCAL_2017_V10,UG0003,T2_graded_two_layer_fine_hot,AIP_LIF_NAK_CARBONATE_RECIPROCAL_2017_V10,graded_two_layer,fine_hot,2.7649550332437642,6.515496993028625,0.5333328493919267,0.01265473851602238,281.5064377844304,0.689885,0.19420706883091174,1.932166948189357,2.0010633290230957,0.9655701147312648,0.01847673202055386,631.3268008181375,1.2306018571371757,1.9027125862538712,0.4650520000141114,-1.982347619389202e-09,2.1385115900329765e-09
UG0003_T2_graded_two_layer_fine_hot__AIP_LIF_NAK_CARBONATE_RECIPROCAL_2017_V10,UG0003,T2_graded_two_layer_fine_hot,AIP_LIF_NAK_CARBONATE_RECIPROCAL_2017_V10,graded_two_layer,fine_hot,2.7649550332437642,6.515496993028625,0.5333328493919267,0.01265473851602238,281.5064377844304,0.832247,0.2342828883267788,1.9271276101312234,2.0010633290230957,0.9630517846089522,0.02233297389735592,531.2920316364085,1.2306018571371757,1.9684048638809746,0.37946059997193515,-1.6265433444573318e-09,1.7850165789923267e-09
UG0003_T2_graded_two_layer_fine_hot__AIP_LIF_NAK_CARBONATE_RECIPROCAL_2017_V10,UG0003,T2_graded_two_layer_fine_hot,AIP_LIF_NAK_CARBONATE_RECIPROCAL_2017_V10,graded_two_layer,fine_hot,2.7649550332437642,6.515496993028625,0.5333328493919267,0.01265473851602238,281.5064377844304,1.0,0.28150643778443035,1.9216956433613137,2.0010633290230957,0.9603372444486657,0.026896076810455662,448.85857852530125,1.2306018571371757,2.037312426578644,0.31646729999920353,-1.3697265544010406e-09,1.4266365866433262e-09
UG0003_T3_graded_two_layer_coarse_hot__SOLAR_SALT_60_40_V10,UG0003,T3_graded_two_layer_coarse_hot,SOLAR_SALT_60_40_V10,graded_two_layer,coarse_hot,2.7649550332437642,6.515496993028625,0.5333328493919267,0.01265473851602238,281.5064377844304,0.05,0.014075321889221518,1.6412938587982104,1.6773786447044672,0.9784873939940886,0.00022698623396608298,5917.72112676395,0.8697878601506462,0.9433930150982033,5.3294688000460155,-4.088644978139655e-08,3.9573810894921735e-08
UG0003_T3_graded_two_layer_coarse_hot__SOLAR_SALT_60_40_V10,UG0003,T3_graded_two_layer_coarse_hot,SOLAR_SALT_60_40_V10,graded_two_layer,coarse_hot,2.7649550332437642,6.515496993028625,0.5333328493919267,0.01265473851602238,281.5064377844304,0.060295,0.01697343066621223,1.6401509497132682,1.6773786447044672,0.9778060278108776,0.0002741050355207926,4977.505311782934,0.8697878601506462,0.9663874872574453,4.4440457000164315,-3.852267393966713e-08,3.978808393867439e-08
UG0003_T3_graded_two_layer_coarse_hot__SOLAR_SALT_60_40_V10,UG0003,T3_graded_two_layer_coarse_hot,SOLAR_SALT_60_40_V10,graded_two_layer,coarse_hot,2.7649550332437642,6.515496993028625,0.5333328493919267,0.01265473851602238,281.5064377844304,0.072707,0.020467488571992577,1.6388355092408047,1.6773786447044672,0.9770218038811068,0.0003310866511568613,4188.748855428227,0.8697878601506462,0.9909554762535505,3.686576000007335,-3.0170232978576905e-08,3.203803888851553e-08
UG0003_T3_graded_two_layer_coarse_hot__SOLAR_SALT_60_40_V10,UG0003,T3_graded_two_layer_coarse_hot,SOLAR_SALT_60_40_V10,graded_two_layer,coarse_hot,2.7649550332437642,6.515496993028625,0.5333328493919267,0.01265473851602238,281.5064377844304,0.087675,0.024681076932749933,1.6373280608982566,1.6773786447044672,0.9761231109429874,0.0004000549027734435,3526.6453090116593,0.8697878601506462,1.0172613486413289,3.0618653999990784,-2.591462600065597e-08,2.796951559247418e-08
UG0003_T3_graded_two_layer_coarse_hot__SOLAR_SALT_60_40_V10,UG0003,T3_graded_two_layer_coarse_hot,SOLAR_SALT_60_40_V10,graded_two_layer,coarse_hot,2.7649550332437642,6.515496993028625,0.5333328493919267,0.01265473851602238,281.5064377844304,0.105736,0.02976536470557453,1.6356080253334957,1.6773786447044672,0.9750976802388401,0.0004836422415142406,2970.3940078963965,0.8697878601506462,1.0454990077291244,2.518773699994199,-1.942617178229966e-08,2.1679547046460357e-08
UG0003_T3_graded_two_layer_coarse_hot__SOLAR_SALT_60_40_V10,UG0003,T3_graded_two_layer_coarse_hot,SOLAR_SALT_60_40_V10,graded_two_layer,coarse_hot,2.7649550332437642,6.515496993028625,0.5333328493919267,0.01265473851602238,281.5064377844304,0.127532,0.03590107902352398,1.6336552163212892,1.6773786447044672,0.9739334773807846,0.0005850504536674213,2502.934362498385,0.8697878601506462,1.0758736055799556,2.091466100013349,-1.596838217210461e-08,1.789544068486748e-08
UG0003_T3_graded_two_layer_coarse_hot__SOLAR_SALT_60_40_V10,UG0003,T3_graded_two_layer_coarse_hot,SOLAR_SALT_60_40_V10,graded_two_layer,coarse_hot,2.7649550332437642,6.515496993028625,0.5333328493919267,0.01265473851602238,281.5064377844304,0.153826,0.04330300929862778,1.6314507163354224,1.6773786447044672,0.9726192243390956,0.0007081649313085338,2110.132203974943,0.8697878601506462,1.1086015974885564,1.7188279000110924,-1.31520128121565e-08,1.4732459696631395e-08
UG0003_T3_graded_two_layer_coarse_hot__SOLAR_SALT_60_40_V10,UG0003,T3_graded_two_layer_coarse_hot,SOLAR_SALT_60_40_V10,graded_two_layer,coarse_hot,2.7649550332437642,6.515496993028625,0.5333328493919267,0.01265473851602238,281.5064377844304,0.18554,0.05223070446652321,1.6289756733062035,1.6773786447044672,0.9711436821071537,0.0008577902008566055,1779.9989184868323,0.8697878601506462,1.1439328363710684,1.470095399999991,-1.11751385922787e-08,1.2528267312461594e-08
UG0003_T3_graded_two_layer_coarse_hot__SOLAR_SALT_60_40_V10,UG0003,T3_graded_two_layer_coarse_hot,SOLAR_SALT_60_40_V10,graded_two_layer,coarse_hot,2.7649550332437642,6.515496993028625,0.5333328493919267,0.01265473851602238,281.5064377844304,0.223797,0.06300029625684216,1.6262108349221132,1.6773786447044672,0.9694953730668432,0.0010399338536187653,1502.3751235929738,0.8697878601506462,1.1821620954597667,1.2174424000550061,-8.305467424918334e-09,9.381340149161588e-09
UG0003_T3_graded_two_layer_coarse_hot__SOLAR_SALT_60_40_V10,UG0003,T3_graded_two_layer_coarse_hot,SOLAR_SALT_60_40_V10,graded_two_layer,coarse_hot,2.7649550332437642,6.515496993028625,0.5333328493919267,0.01265473851602238,281.5064377844304,0.269974,0.0759994190344138,1.6231359915495918,1.6773786447044672,0.9676622488749805,0.0012621865450921602,1268.6934595333794,0.8697878601506462,1.2236398273649165,1.0005405000410974,-6.8941963249358196e-09,7.749001440515713e-09
UG0003_T3_graded_two_layer_coarse_hot__SOLAR_SALT_60_40_V10,UG0003,T3_graded_two_layer_coarse_hot,SOLAR_SALT_60_40_V10,graded_two_layer,coarse_hot,2.7649550332437642,6.515496993028625,0.5333328493919267,0.01265473851602238,281.5064377844304,0.325696,0.09168552076063782,1.6197336455128999,1.6773786447044672,0.9656338779717064,0.001533877208438522,1071.9848655678766,0.8697878601506462,1.2687269046861214,0.8330782999983057,-5.237976719030257e-09,6.059286405957209e-09
UG0003_T3_graded_two_layer_coarse_hot__SOLAR_SALT_60_40_V10,UG0003,T3_graded_two_layer_coarse_hot,SOLAR_SALT_60_40_V10,graded_two_layer,coarse_hot,2.7649550332437642,6.515496993028625,0.5333328493919267,0.01265473851602238,281.5064377844304,0.392923,0.11061035405357174,1.615986481050073,1.6773786447044672,0.9633999372483899,0.0018667552635674015,906.3544075722062,0.8697878601506462,1.317835002009137,0.6994982999749482,-3.828282135742711e-09,4.493716510012291e-09
UG0003_T3_graded_two_layer_coarse_hot__SOLAR_SALT_60_40_V10,UG0003,T3_graded_two_layer_coarse_hot,SOLAR_SALT_60_40_V10,graded_two_layer,coarse_hot,2.7649550332437642,6.515496993028625,0.5333328493919267,0.01265473851602238,281.5064377844304,0.47403,0.13344249670295352,1.6118759678367236,1.6773786447044672,0.9609493795127668,0.0022757711879071232,766.8174822139325,0.8697878601506462,1.3714397454522373,0.5718286000192165,-3.3451796888073204e-09,3.880185062143937e-09
UG0003_T3_graded_two_layer_coarse_hot__SOLAR_SALT_60_40_V10,UG0003,T3_graded_two_layer_coarse_hot,SOLAR_SALT_60_40_V10,graded_two_layer,coarse_hot,2.7649550332437642,6.515496993028625,0.5333328493919267,0.01265473851602238,281.5064377844304,0.571866,0.16098396055003103,1.6073845169498588,1.6773786447044672,0.9582717188062566,0.0027799333631342263,649.2122156170716,0.8697878601506462,1.430070928766717,0.4792188999708742,-2.4303115075952064e-09,2.8379298910863326e-09
UG0003_T3_graded_two_layer_coarse_hot__SOLAR_SALT_60_40_V10,UG0003,T3_graded_two_layer_coarse_hot,SOLAR_SALT_60_40_V10,graded_two_layer,coarse_hot,2.7649550332437642,6.515496993028625,0.5333328493919267,0.01265473851602238,281.5064377844304,0.689885,0.19420706883091174,1.6024933188083368,1.6773786447044672,0.9553557414525662,0.0034037923083241567,550.0230274941001,0.8697878601506462,1.494340976837287,0.415200499992352,-1.891786727270528e-09,2.1942003769481744e-09
UG0003_T3_graded_two_layer_coarse_hot__SOLAR_SALT_60_40_V10,UG0003,T3_graded_two_layer_coarse_hot,SOLAR_SALT_60_40_V10,graded_two_layer,coarse_hot,2.7649550332437642,6.515496993028625,0.5333328493919267,0.01265473851602238,281.5064377844304,0.832247,0.2342828883267788,1.5971847152508503,1.6773786447044672,0.9521909202154257,0.004179162358494653,466.31045483874544,0.8697878601506462,1.5649409084341819,0.3497545000282116,-1.6011525438841545e-09,1.9426016351076214e-09
UG0003_T3_graded_two_layer_coarse_hot__SOLAR_SALT_60_40_V10,UG0003,T3_graded_two_layer_coarse_hot,SOLAR_SALT_60_40_V10,graded_two_layer,coarse_hot,2.7649550332437642,6.515496993028625,0.5333328493919267,0.01265473851602238,281.5064377844304,1.0,0.28150643778443035,1.591563371304099,1.6773786447044672,0.9488396530674279,0.005124866482387999,396.98294622074275,0.8697878601506462,1.6409343605998148,0.2978601999930106,-1.234479185541204e-09,1.414535155674912e-09
UG0003_T3_graded_two_layer_coarse_hot__NREL_MGCL2_KCL_NACL_BASELINE_V10,UG0003,T3_graded_two_layer_coarse_hot,NREL_MGCL2_KCL_NACL_BASELINE_V10,graded_two_layer,coarse_hot,2.7649550332437642,6.515496993028625,0.5333328493919267,0.01265473851602238,281.5064377844304,0.05,0.014075321889221518,1.3696297366235757,1.4026965278070296,0.9764262685991314,0.0008899466751408812,5412.136055835198,0.563597430698864,0.8256045868533224,4.52247929997975,-4.15075418480626e-08,1.963567086704643e-08
UG0003_T3_graded_two_layer_coarse_hot__NREL_MGCL2_KCL_NACL_BASELINE_V10,UG0003,T3_graded_two_layer_coarse_hot,NREL_MGCL2_KCL_NACL_BASELINE_V10,graded_two_layer,coarse_hot,2.7649550332437642,6.515496993028625,0.5333328493919267,0.01265473851602238,281.5064377844304,0.060295,0.01697343066621223,1.3682394954134012,1.4026965278070296,0.9754351481517541,0.0010740507951574783,4556.36334396507,0.563597430698864,0.8458251384833925,3.7560308999964036,-3.3858305048539705e-08,1.825248840958693e-08
UG0003_T3_graded_two_layer_coarse_hot__NREL_MGCL2_KCL_NACL_BASELINE_V10,UG0003,T3_graded_two_layer_coarse_hot,NREL_MGCL2_KCL_NACL_BASELINE_V10,graded_two_layer,coarse_hot,2.7649550332437642,6.515496993028625,0.5333328493919267,0.01265473851602238,281.5064377844304,0.072707,0.020467488571992577,1.36665651117095,1.4026965278070296,0.9743066187720417,0.0012964052810565093,3837.6553426476326,0.563597430698864,0.8673167643906371,3.080801700009033,-2.7021807014193655e-08,1.3021272948776641e-08
UG0003_T3_graded_two_layer_coarse_hot__NREL_MGCL2_KCL_NACL_BASELINE_V10,UG0003,T3_graded_two_layer_coarse_hot,NREL_MGCL2_KCL_NACL_BASELINE_V10,graded_two_layer,coarse_hot,2.7649550332437642,6.515496993028625,0.5333328493919267,0.01265473851602238,281.5064377844304,0.087675,0.024681076932749933,1.3648628149011577,1.4026965278070296,0.9730278701373697,0.0015651196666394652,3233.6987084500092,0.563597430698864,0.8902039328561518,2.55129550001584,-2.2076851458052715e-08,1.0525935678629139e-08
UG0003_T3_graded_two_layer_coarse_hot__NREL_MGCL2_KCL_NACL_BASELINE_V10,UG0003,T3_graded_two_layer_coarse_hot,NREL_MGCL2_KCL_NACL_BASELINE_V10,graded_two_layer,coarse_hot,2.7649550332437642,6.515496993028625,0.5333328493919267,0.01265473851602238,281.5064377844304,0.105736,0.02976536470557453,1.362839684945379,1.4026965278070296,0.9715855553417798,0.0018901918284438349,2725.760170927696,0.563597430698864,0.9146338350225336,2.1111416000057943,-1.8383161659585312e-08,8.480149915612856e-09
UG0003_T3_graded_two_layer_coarse_hot__NREL_MGCL2_KCL_NACL_BASELINE_V10,UG0003,T3_graded_two_layer_coarse_hot,NREL_MGCL2_KCL_NACL_BASELINE_V10,graded_two_layer,coarse_hot,2.7649550332437642,6.515496993028625,0.5333328493919267,0.01265473851602238,281.5064377844304,0.127532,0.03590107902352398,1.3605692432351564,1.4026965278070296,0.9699669288853698,0.002283697956702009,2298.4603773911663,0.563597430698864,0.9407600809745069,1.7365500000305474,-1.3786360941736575e-08,6.213696224222076e-09
UG0003_T3_graded_two_layer_coarse_hot__NREL_MGCL2_KCL_NACL_BASELINE_V10,UG0003,T3_graded_two_layer_coarse_hot,NREL_MGCL2_KCL_NACL_BASELINE_V10,graded_two_layer,coarse_hot,2.7649550332437642,6.515496993028625,0.5333328493919267,0.01265473851602238,281.5064377844304,0.153826,0.04330300929862778,1.358034864584408,1.4026965278070296,0.9681601384638447,0.002760171435695181,1939.0448962543894,0.563597430698864,0.9687426207665022,1.461943499976769,-1.0781919801416961e-08,5.343037123850536e-09
UG0003_T3_graded_two_layer_coarse_hot__NREL_MGCL2_KCL_NACL_BASELINE_V10,UG0003,T3_graded_two_layer_coarse_hot,NREL_MGCL2_KCL_NACL_BASELINE_V10,graded_two_layer,coarse_hot,2.7649550332437642,6.515496993028625,0.5333328493919267,0.01265473851602238,281.5064377844304,0.18554,0.05223070446652321,1.3552197077702233,1.4026965278070296,0.9661531777575358,0.003337421629551737,1636.6809072707392,0.563597430698864,0.9987663980785008,1.2108944000210613,-9.324885308359399e-09,3.5449199131676323e-09
UG0003_T3_graded_two_layer_coarse_hot__NREL_MGCL2_KCL_NACL_BASELINE_V10,UG0003,T3_graded_two_layer_coarse_hot,NREL_MGCL2_KCL_NACL_BASELINE_V10,graded_two_layer,coarse_hot,2.7649550332437642,6.515496993028625,0.5333328493919267,0.01265473851602238,281.5064377844304,0.223797,0.06300029625684216,1.3521061234939846,1.4026965278070296,0.9639334643594378,0.004037492214767412,1382.1759256931184,0.563597430698864,1.0310504655265937,1.0241938999970444,-7.323963657768218e-09,2.633426809950379e-09
UG0003_T3_graded_two_layer_coarse_hot__NREL_MGCL2_KCL_NACL_BASELINE_V10,UG0003,T3_graded_two_layer_coarse_hot,NREL_MGCL2_KCL_NACL_BASELINE_V10,graded_two_layer,coarse_hot,2.7649550332437642,6.515496993028625,0.5333328493919267,0.01265473851602238,281.5064377844304,0.269974,0.0759994190344138,1.3486745416832706,1.4026965278070296,0.9614870465187386,0.0048879195612778125,1167.767617545696,0.563597430698864,1.0658561468722805,0.8457478999625891,-5.974976069467175e-09,2.4555690814054287e-09
UG0003_T3_graded_two_layer_coarse_hot__NREL_MGCL2_KCL_NACL_BASELINE_V10,UG0003,T3_graded_two_layer_coarse_hot,NREL_MGCL2_KCL_NACL_BASELINE_V10,graded_two_layer,coarse_hot,2.7649550332437642,6.515496993028625,0.5333328493919267,0.01265473851602238,281.5064377844304,0.325696,0.09168552076063782,1.3449080552009853,1.4026965278070296,0.9588018709247177,0.005922038289657981,987.1361205052494,0.563597430698864,1.1034483642233481,0.6977463000221178,-4.936806519140191e-09,1.7680745756365468e-09
UG0003_T3_graded_two_layer_coarse_hot__NREL_MGCL2_KCL_NACL_BASELINE_V10,UG0003,T3_graded_two_layer_coarse_hot,NREL_MGCL2_KCL_NACL_BASELINE_V10,graded_two_layer,coarse_hot,2.7649550332437642,6.515496993028625,0.5333328493919267,0.01265473851602238,281.5064377844304,0.392923,0.11061035405357174,1.3407889996797673,1.4026965278070296,0.9558653444276729,0.00718117898544124,834.9285135621168,0.563597430698864,1.1441292359833475,0.5992954999674112,-4.015299204240819e-09,1.4665824110693393e-09
UG0003_T3_graded_two_layer_coarse_hot__NREL_MGCL2_KCL_NACL_BASELINE_V10,UG0003,T3_graded_two_layer_coarse_hot,NREL_MGCL2_KCL_NACL_BASELINE_V10,graded_two_layer,coarse_hot,2.7649550332437642,6.515496993028625,0.5333328493919267,0.01265473851602238,281.5064377844304,0.47403,0.13344249670295352,1.3362990143998792,1.4026965278070296,0.9526643774395336,0.00871703544366781,706.6123998065302,0.563597430698864,1.1882481409393448,0.5051340999780223,-3.124589476044548e-09,6.976197397534634e-10
UG0003_T3_graded_two_layer_coarse_hot__NREL_MGCL2_KCL_NACL_BASELINE_V10,UG0003,T3_graded_two_layer_coarse_hot,NREL_MGCL2_KCL_NACL_BASELINE_V10,graded_two_layer,coarse_hot,2.7649550332437642,6.515496993028625,0.5333328493919267,0.01265473851602238,281.5064377844304,0.571866,0.16098396055003103,1.331420212840264,1.4026965278070296,0.949186218434433,0.010594045983935391,598.3988392470878,0.563597430698864,1.2361927919553959,0.4207709999755025,-2.559696898885022e-09,6.177058864409446e-10
UG0003_T3_graded_two_layer_coarse_hot__NREL_MGCL2_KCL_NACL_BASELINE_V10,UG0003,T3_graded_two_layer_coarse_hot,NREL_MGCL2_KCL_NACL_BASELINE_V10,graded_two_layer,coarse_hot,2.7649550332437642,6.515496993028625,0.5333328493919267,0.01265473851602238,281.5064377844304,0.689885,0.19420706883091174,1.3261329580585253,1.4026965278070296,0.9454168679891126,0.012893735493920968,507.08296112502285,0.563597430698864,1.2884117412285727,0.34239960002014413,-2.082267691605466e-09,1.31294974892171e-10
UG0003_T3_graded_two_layer_coarse_hot__NREL_MGCL2_KCL_NACL_BASELINE_V10,UG0003,T3_graded_two_layer_coarse_hot,NREL_MGCL2_KCL_NACL_BASELINE_V10,graded_two_layer,coarse_hot,2.7649550332437642,6.515496993028625,0.5333328493919267,0.01265473851602238,281.5064377844304,0.832247,0.2342828883267788,1.3204174696580937,1.4026965278070296,0.9413422244100292,0.015719367944644513,429.981725790763,0.563597430698864,1.3454100060297174,0.2914195000194013,-1.6212253761693773e-09,-5.0959236830294685e-12
UG0003_T3_graded_two_layer_coarse_hot__NREL_MGCL2_KCL_NACL_BASELINE_V10,UG0003,T3_graded_two_layer_coarse_hot,NREL_MGCL2_KCL_NACL_BASELINE_V10,graded_two_layer,coarse_hot,2.7649550332437642,6.515496993028625,0.5333328493919267,0.01265473851602238,281.5064377844304,1.0,0.28150643778443035,1.3143895317347944,1.4026965278070296,0.9370448316356113,0.019121385027012272,366.1078624810843,0.563597430698864,1.4063836152736822,0.23502289998577908,-1.2692180639817252e-09,-6.529221607820546e-11
UG0003_T3_graded_two_layer_coarse_hot__AIP_FLINAK_2017_V10,UG0003,T3_graded_two_layer_coarse_hot,AIP_FLINAK_2017_V10,graded_two_layer,coarse_hot,2.7649550332437642,6.515496993028625,0.5333328493919267,0.01265473851602238,281.5064377844304,0.05,0.014075321889221518,2.0046527532617984,2.045085069191538,0.9802295187917422,0.0008367776341230237,7016.97157345418,1.2796732553033083,1.2391413104836315,6.532872199953999,-5.093574451109362e-08,5.4513549230250646e-08
UG0003_T3_graded_two_layer_coarse_hot__AIP_FLINAK_2017_V10,UG0003,T3_graded_two_layer_coarse_hot,AIP_FLINAK_2017_V10,graded_two_layer,coarse_hot,2.7649550332437642,6.515496993028625,0.5333328493919267,0.01265473851602238,281.5064377844304,0.060295,0.01697343066621223,2.0038326090781022,2.045085069191538,0.9798284869735302,0.0010092820984816502,5889.966983694089,1.2796732553033083,1.2670153866470988,5.455860999994911,-4.009215182065873e-08,4.361855321377561e-08
UG0003_T3_graded_two_layer_coarse_hot__AIP_FLINAK_2017_V10,UG0003,T3_graded_two_layer_coarse_hot,AIP_FLINAK_2017_V10,graded_two_layer,coarse_hot,2.7649550332437642,6.515496993028625,0.5333328493919267,0.01265473851602238,281.5064377844304,0.072707,0.020467488571992577,2.00287540663452,2.045085069191538,0.9793604367892116,0.0012173555453440313,4945.292689352858,1.2796732553033083,1.2963495613921026,4.5236314999638125,-2.8652502592763085e-08,3.3429969903409074e-08
UG0003_T3_graded_two_layer_coarse_hot__AIP_FLINAK_2017_V10,UG0003,T3_graded_two_layer_coarse_hot,AIP_FLINAK_2017_V10,graded_two_layer,coarse_hot,2.7649550332437642,6.515496993028625,0.5333328493919267,0.01265473851602238,281.5064377844304,0.087675,0.024681076932749933,2.001761347991279,2.045085069191538,0.9788156874973489,0.0014684174377262247,4153.072208093722,1.2796732553033083,1.327263364021833,3.7468820000067353,-2.6341318015710158e-08,2.9292057668328653e-08
UG0003_T3_graded_two_layer_coarse_hot__AIP_FLINAK_2017_V10,UG0003,T3_graded_two_layer_coarse_hot,AIP_FLINAK_2017_V10,graded_two_layer,coarse_hot,2.7649550332437642,6.515496993028625,0.5333328493919267,0.01265473851602238,281.5064377844304,0.105736,0.02976536470557453,2.0004683475330305,2.045085069191538,0.9781834397352744,0.0017715626552410235,3488.2491753273102,1.2796732553033083,1.359899216725051,3.1101107000140473,-2.2110557829080335e-08,2.419351385896107e-08
UG0003_T3_graded_two_layer_coarse_hot__AIP_FLINAK_2017_V10,UG0003,T3_graded_two_layer_coarse_hot,AIP_FLINAK_2017_V10,graded_two_layer,coarse_hot,2.7649550332437642,6.515496993028625,0.5333328493919267,0.01265473851602238,281.5064377844304,0.127532,0.03590107902352398,1.998973209460048,2.045085069191538,0.9774523512854558,0.002137694679224357,2930.2658065384935,1.2796732553033083,1.3943993836365105,2.5721940000075847,-1.7246459815822845e-08,1.9374413184891637e-08
UG0003_T3_graded_two_layer_coarse_hot__AIP_FLINAK_2017_V10,UG0003,T3_graded_two_layer_coarse_hot,AIP_FLINAK_2017_V10,graded_two_layer,coarse_hot,2.7649550332437642,6.515496993028625,0.5333328493919267,0.01265473851602238,281.5064377844304,0.153826,0.04330300929862778,1.9972521236979228,2.045085069191538,0.976610779564038,0.002579816442134968,2462.085252015088,1.2796732553033083,1.4309055329233051,2.1171681999694556,-1.3493139938702825e-08,1.543931649194974e-08
UG0003_T3_graded_two_layer_coarse_hot__AIP_FLINAK_2017_V10,UG0003,T3_graded_two_layer_coarse_hot,AIP_FLINAK_2017_V10,graded_two_layer,coarse_hot,2.7649550332437642,6.515496993028625,0.5333328493919267,0.01265473851602238,281.5064377844304,0.18554,0.05223070446652321,1.9952803137737,2.045085069191538,0.9756466094402974,0.0031137012134032187,2069.255813333668,1.2796732553033083,1.4695824399513826,1.735248299955856,-1.1236467312158993e-08,1.2823786477156318e-08
UG0003_T3_graded_two_layer_coarse_hot__AIP_FLINAK_2017_V10,UG0003,T3_graded_two_layer_coarse_hot,AIP_FLINAK_2017_V10,graded_two_layer,coarse_hot,2.7649550332437642,6.515496993028625,0.5333328493919267,0.01265473851602238,281.5064377844304,0.223797,0.06300029625684216,1.993031639980425,2.045085069191538,0.974547059193146,0.0037586471928694122,1739.5312968773103,1.2796732553033083,1.5106279143155679,1.4546117999707349,-7.717071426327493e-09,8.89532891790168e-09
UG0003_T3_graded_two_layer_coarse_hot__AIP_FLINAK_2017_V10,UG0003,T3_graded_two_layer_coarse_hot,AIP_FLINAK_2017_V10,graded_two_layer,coarse_hot,2.7649550332437642,6.515496993028625,0.5333328493919267,0.01265473851602238,281.5064377844304,0.269974,0.0759994190344138,1.9904785518599786,2.045085069191538,0.9732986572763221,0.004538441768643086,1462.585682590661,1.2796732553033083,1.5542806827332367,1.215845900005661,-6.339240243846689e-09,7.3230310704275325e-09
UG0003_T3_graded_two_layer_coarse_hot__AIP_FLINAK_2017_V10,UG0003,T3_graded_two_layer_coarse_hot,AIP_FLINAK_2017_V10,graded_two_layer,coarse_hot,2.7649550332437642,6.515496993028625,0.5333328493919267,0.01265473851602238,281.5064377844304,0.325696,0.09168552076063782,1.987595408570996,2.045085069191538,0.9718888659026448,0.0054813622466904546,1230.01539699357,1.2796732553033083,1.6007700006854422,1.0306938999565318,-5.1827320213249095e-09,5.846478856597059e-09
UG0003_T3_graded_two_layer_coarse_hot__AIP_FLINAK_2017_V10,UG0003,T3_graded_two_layer_coarse_hot,AIP_FLINAK_2017_V10,graded_two_layer,coarse_hot,2.7649550332437642,6.515496993028625,0.5333328493919267,0.01265473851602238,281.5064377844304,0.392923,0.11061035405357174,1.9843562991009531,2.045085069191538,0.970305015177392,0.006621791083796543,1034.712841966729,1.2796732553033083,1.6503570070574758,0.8483970999950543,-4.234756989518473e-09,4.767652939108302e-09
UG0003_T3_graded_two_layer_coarse_hot__AIP_FLINAK_2017_V10,UG0003,T3_graded_two_layer_coarse_hot,AIP_FLINAK_2017_V10,graded_two_layer,coarse_hot,2.7649550332437642,6.515496993028625,0.5333328493919267,0.01265473851602238,281.5064377844304,0.47403,0.13344249670295352,1.9807353246621453,2.045085069191538,0.9685344411834996,0.008001786115159533,870.6693934099263,1.2796732553033083,1.7033447094865808,0.695442299998831,-3.550471028290758e-09,4.000222375566409e-09
UG0003_T3_graded_two_layer_coarse_hot__AIP_FLINAK_2017_V10,UG0003,T3_graded_two_layer_coarse_hot,AIP_FLINAK_2017_V10,graded_two_layer,coarse_hot,2.7649550332437642,6.515496993028625,0.5333328493919267,0.01265473851602238,281.5064377844304,0.571866,0.16098396055003103,1.9767070011864158,2.045085069191538,0.9665646827923137,0.009672394468172165,732.8683082687367,1.2796732553033083,1.7600648425754135,0.5839486999902874,-2.558897538307292e-09,2.8876678825895397e-09
UG0003_T3_graded_two_layer_coarse_hot__AIP_FLINAK_2017_V10,UG0003,T3_graded_two_layer_coarse_hot,AIP_FLINAK_2017_V10,graded_two_layer,coarse_hot,2.7649550332437642,6.515496993028625,0.5333328493919267,0.01265473851602238,281.5064377844304,0.689885,0.19420706883091174,1.972244823342833,2.045085069191538,0.9643827795009523,0.011696338033931533,617.0735195393776,1.2796732553033083,1.820902344105513,0.49229009996633977,-2.2210455696836107e-09,2.4994895042596e-09
UG0003_T3_graded_two_layer_coarse_hot__AIP_FLINAK_2017_V10,UG0003,T3_graded_two_layer_coarse_hot,AIP_FLINAK_2017_V10,graded_two_layer,coarse_hot,2.7649550332437642,6.515496993028625,0.5333328493919267,0.01265473851602238,281.5064377844304,0.832247,0.2342828883267788,1.9673234323951039,2.045085069191538,0.9619763314651869,0.01415040399941967,519.7438634484071,1.2796732553033083,1.8862871880060308,0.41932980000274256,-1.921662828863191e-09,2.170308377458241e-09
UG0003_T3_graded_two_layer_coarse_hot__AIP_FLINAK_2017_V10,UG0003,T3_graded_two_layer_coarse_hot,AIP_FLINAK_2017_V10,graded_two_layer,coarse_hot,2.7649550332437642,6.515496993028625,0.5333328493919267,0.01265473851602238,281.5064377844304,1.0,0.28150643778443035,1.9620328776433507,2.045085069191538,0.9593893707409347,0.017059928400279412,439.4966231975408,1.2796732553033083,1.9551615004399197,0.34741459996439517,-1.0639600311890263e-09,1.0225820190612467e-09
UG0003_T3_graded_two_layer_coarse_hot__AIP_LINAK_CARBONATE_2017_V10,UG0003,T3_graded_two_layer_coarse_hot,AIP_LINAK_CARBONATE_2017_V10,graded_two_layer,coarse_hot,2.7649550332437642,6.515496993028625,0.5333328493919267,0.01265473851602238,281.5064377844304,0.05,0.014075321889221518,1.8114636591450723,1.8498763457963965,0.979234997658837,0.0024541953961068723,6035.385414415683,1.0620724754483524,0.973277826817829,5.903760500019416,-4.5081749444619845e-08,4.847888757097962e-08
UG0003_T3_graded_two_layer_coarse_hot__AIP_LINAK_CARBONATE_2017_V10,UG0003,T3_graded_two_layer_coarse_hot,AIP_LINAK_CARBONATE_2017_V10,graded_two_layer,coarse_hot,2.7649550332437642,6.515496993028625,0.5333328493919267,0.01265473851602238,281.5064377844304,0.060295,0.01697343066621223,1.8104239052358546,1.8498763457963965,0.9786729309501186,0.0029598124293017374,5077.032951816148,1.0620724754483524,0.9965050258175508,4.821897000016179,-3.706515094847873e-08,4.073159587392183e-08
UG0003_T3_graded_two_layer_coarse_hot__AIP_LINAK_CARBONATE_2017_V10,UG0003,T3_graded_two_layer_coarse_hot,AIP_LINAK_CARBONATE_2017_V10,graded_two_layer,coarse_hot,2.7649550332437642,6.515496993028625,0.5333328493919267,0.01265473851602238,281.5064377844304,0.072707,0.020467488571992577,1.809219291316482,1.8498763457963965,0.9780217447656421,0.0035695368109710805,4271.924156888156,1.0620724754483524,1.0208563412240124,4.02656470000511,-3.291693584372979e-08,3.444937668461989e-08
UG0003_T3_graded_two_layer_coarse_hot__AIP_LINAK_CARBONATE_2017_V10,UG0003,T3_graded_two_layer_coarse_hot,AIP_LINAK_CARBONATE_2017_V10,graded_two_layer,coarse_hot,2.7649550332437642,6.515496993028625,0.5333328493919267,0.01265473851602238,281.5064377844304,0.087675,0.024681076932749933,1.8078284752325748,1.8498763457963965,0.9772699020346036,0.00430501845808494,3595.232302233432,1.0620724754483524,1.0464148791634327,3.3509363000048324,-2.4669433162927135e-08,2.438353963185591e-08
UG0003_T3_graded_two_layer_coarse_hot__AIP_LINAK_CARBONATE_2017_V10,UG0003,T3_graded_two_layer_coarse_hot,AIP_LINAK_CARBONATE_2017_V10,graded_two_layer,coarse_hot,2.7649550332437642,6.515496993028625,0.5333328493919267,0.01265473851602238,281.5064377844304,0.105736,0.02976536470557453,1.8062282431842696,1.8498763457963965,0.976404853918311,0.005192767221357109,3026.0884216697286,1.0620724754483524,1.0732801502431675,2.7657715000095777,-2.049285185989902e-08,2.2076585004526805e-08
UG0003_T3_graded_two_layer_coarse_hot__AIP_LINAK_CARBONATE_2017_V10,UG0003,T3_graded_two_layer_coarse_hot,AIP_LINAK_CARBONATE_2017_V10,graded_two_layer,coarse_hot,2.7649550332437642,6.515496993028625,0.5333328493919267,0.01265473851602238,281.5064377844304,0.127532,0.03590107902352398,1.8043949505412038,1.8498763457963965,0.975413818681155,0.006264519034722286,2547.3413142383165,1.0620724754483524,1.101548678888783,2.2948163999826647,-1.6096290966771676e-08,1.7555579212569228e-08
UG0003_T3_graded_two_layer_coarse_hot__AIP_LINAK_CARBONATE_2017_V10,UG0003,T3_graded_two_layer_coarse_hot,AIP_LINAK_CARBONATE_2017_V10,graded_two_layer,coarse_hot,2.7649550332437642,6.515496993028625,0.5333328493919267,0.01265473851602238,281.5064377844304,0.153826,0.04330300929862778,1.802305136524339,1.8498763457963965,0.9742841139732626,0.0075580537309212475,2144.7508850814265,1.0620724754483524,1.1313135341482343,1.942224400001578,-1.323740006498042e-08,1.5091661254018618e-08
UG0003_T3_graded_two_layer_coarse_hot__AIP_LINAK_CARBONATE_2017_V10,UG0003,T3_graded_two_layer_coarse_hot,AIP_LINAK_CARBONATE_2017_V10,graded_two_layer,coarse_hot,2.7649550332437642,6.515496993028625,0.5333328493919267,0.01265473851602238,281.5064377844304,0.18554,0.05223070446652321,1.7999348635704095,1.8498763457963965,0.9730027997063304,0.009119109381386508,1806.20787887214,1.0620724754483524,1.1626834439799736,1.5998044000007212,-1.039137664804457e-08,1.1400369537284405e-08
UG0003_T3_graded_two_layer_coarse_hot__AIP_LINAK_CARBONATE_2017_V10,UG0003,T3_graded_two_layer_coarse_hot,AIP_LINAK_CARBONATE_2017_V10,graded_two_layer,coarse_hot,2.7649550332437642,6.515496993028625,0.5333328493919267,0.01265473851602238,281.5064377844304,0.223797,0.06300029625684216,1.7972592866136994,1.8498763457963965,0.9715564452173993,0.011003516559714288,1521.4249874132126,1.0620724754483524,1.1957902311423505,1.3467393000028096,-7.401124157979666e-09,8.28193069679628e-09
UG0003_T3_graded_two_layer_coarse_hot__AIP_LINAK_CARBONATE_2017_V10,UG0003,T3_graded_two_layer_coarse_hot,AIP_LINAK_CARBONATE_2017_V10,graded_two_layer,coarse_hot,2.7649550332437642,6.515496993028625,0.5333328493919267,0.01265473851602238,281.5064377844304,0.269974,0.0759994190344138,1.7942517807542164,1.8498763457963965,0.9699306577066193,0.013279908508391312,1281.7063228166783,1.0620724754483524,1.230794314273221,1.0954908999847248,-6.762312931840597e-09,7.505507326754923e-09
UG0003_T3_graded_two_layer_coarse_hot__AIP_LINAK_CARBONATE_2017_V10,UG0003,T3_graded_two_layer_coarse_hot,AIP_LINAK_CARBONATE_2017_V10,graded_two_layer,coarse_hot,2.7649550332437642,6.515496993028625,0.5333328493919267,0.01265473851602238,281.5064377844304,0.325696,0.09168552076063782,1.7908881641882597,1.8498763457963965,0.9681123650550051,0.01602956893778164,1079.9641708305933,1.0620724754483524,1.2678436458903306,0.8890750000136904,-5.299738425890155e-09,5.891709342620288e-09
UG0003_T3_graded_two_layer_coarse_hot__AIP_LINAK_CARBONATE_2017_V10,UG0003,T3_graded_two_layer_coarse_hot,AIP_LINAK_CARBONATE_2017_V10,graded_two_layer,coarse_hot,2.7649550332437642,6.515496993028625,0.5333328493919267,0.01265473851602238,281.5064377844304,0.392923,0.11061035405357174,1.7871438522969696,1.8498763457963965,0.9660882773910925,0.01935092636776008,910.1891384730727,1.0620724754483524,1.3071066007639098,0.7483733000117354,-3.933264824951266e-09,4.721223412218478e-09
UG0003_T3_graded_two_layer_coarse_hot__AIP_LINAK_CARBONATE_2017_V10,UG0003,T3_graded_two_layer_coarse_hot,AIP_LINAK_CARBONATE_2017_V10,graded_two_layer,coarse_hot,2.7649550332437642,6.515496993028625,0.5333328493919267,0.01265473851602238,281.5064377844304,0.47403,0.13344249670295352,1.782993228869843,1.8498763457963965,0.9638445471890396,0.023363806383879523,767.2882914063221,1.0620724754483524,1.3487790643712525,0.6215014000190422,-2.98706614998423e-09,3.5504488238302656e-09
UG0003_T3_graded_two_layer_coarse_hot__AIP_LINAK_CARBONATE_2017_V10,UG0003,T3_graded_two_layer_coarse_hot,AIP_LINAK_CARBONATE_2017_V10,graded_two_layer,coarse_hot,2.7649550332437642,6.515496993028625,0.5333328493919267,0.01265473851602238,281.5064377844304,0.571866,0.16098396055003103,1.7784104898587283,1.8498763457963965,0.9613672253823532,0.028212786978015977,647.0000386054013,1.0620724754483524,1.393073216746907,0.508639800013043,-2.6363133898144042e-09,3.078470811601619e-09
UG0003_T3_graded_two_layer_coarse_hot__AIP_LINAK_CARBONATE_2017_V10,UG0003,T3_graded_two_layer_coarse_hot,AIP_LINAK_CARBONATE_2017_V10,graded_two_layer,coarse_hot,2.7649550332437642,6.515496993028625,0.5333328493919267,0.01265473851602238,281.5064377844304,0.689885,0.19420706883091174,1.7733675961947715,1.8498763457963965,0.9586411547044854,0.03407432232440403,545.7169382578061,1.0620724754483524,1.4402358532136583,0.4217464000103064,-2.1156076890349595e-09,2.525668563180261e-09
UG0003_T3_graded_two_layer_coarse_hot__AIP_LINAK_CARBONATE_2017_V10,UG0003,T3_graded_two_layer_coarse_hot,AIP_LINAK_CARBONATE_2017_V10,graded_two_layer,coarse_hot,2.7649550332437642,6.515496993028625,0.5333328493919267,0.01265473851602238,281.5064377844304,0.832247,0.2342828883267788,1.7678378796674585,1.8498763457963965,0.9556519189429284,0.04116268545494569,460.41647503614143,1.0620724754483524,1.4905409015563214,0.34983069996815175,-1.5327294988765061e-09,1.8877566176911387e-09
UG0003_T3_graded_two_layer_coarse_hot__AIP_LINAK_CARBONATE_2017_V10,UG0003,T3_graded_two_layer_coarse_hot,AIP_LINAK_CARBONATE_2017_V10,graded_two_layer,coarse_hot,2.7649550332437642,6.515496993028625,0.5333328493919267,0.01265473851602238,281.5064377844304,1.0,0.28150643778443035,1.76192476531979,1.8498763457963965,0.952455427263306,0.04954028649829424,389.9528073148926,1.0620724754483524,1.5431228197675237,0.2956445000017993,-1.2259304682515904e-09,1.4388046309932179e-09
UG0003_T3_graded_two_layer_coarse_hot__AIP_LIF_NAK_CARBONATE_RECIPROCAL_2017_V10,UG0003,T3_graded_two_layer_coarse_hot,AIP_LIF_NAK_CARBONATE_RECIPROCAL_2017_V10,graded_two_layer,coarse_hot,2.7649550332437642,6.515496993028625,0.5333328493919267,0.01265473851602238,281.5064377844304,0.05,0.014075321889221518,1.9614643584770566,2.0010633290230957,0.9802110358169568,0.001327382309076897,7228.504925437117,1.2306018571371757,1.3044145431661074,6.558246299973689,-5.043251372072177e-08,5.74533087771556e-08
UG0003_T3_graded_two_layer_coarse_hot__AIP_LIF_NAK_CARBONATE_RECIPROCAL_2017_V10,UG0003,T3_graded_two_layer_coarse_hot,AIP_LIF_NAK_CARBONATE_RECIPROCAL_2017_V10,graded_two_layer,coarse_hot,2.7649550332437642,6.515496993028625,0.5333328493919267,0.01265473851602238,281.5064377844304,0.060295,0.01697343066621223,1.9606540778265926,2.0010633290230957,0.979806110775999,0.0016009179936653185,6066.095023504417,1.2306018571371757,1.3336892734163859,5.4759513000026345,-4.221017979588737e-08,4.281788257287644e-08
UG0003_T3_graded_two_layer_coarse_hot__AIP_LIF_NAK_CARBONATE_RECIPROCAL_2017_V10,UG0003,T3_graded_two_layer_coarse_hot,AIP_LIF_NAK_CARBONATE_RECIPROCAL_2017_V10,graded_two_layer,coarse_hot,2.7649550332437642,6.515496993028625,0.5333328493919267,0.01265473851602238,281.5064377844304,0.072707,0.020467488571992577,1.9597080006591245,2.0010633290230957,0.9793333235564511,0.001930805231217547,5091.817504200225,1.2306018571371757,1.3644315107137055,4.401303499995265,-3.237009549295067e-08,3.2615932177293416e-08
UG0003_T3_graded_two_layer_coarse_hot__AIP_LIF_NAK_CARBONATE_RECIPROCAL_2017_V10,UG0003,T3_graded_two_layer_coarse_hot,AIP_LIF_NAK_CARBONATE_RECIPROCAL_2017_V10,graded_two_layer,coarse_hot,2.7649550332437642,6.515496993028625,0.5333328493919267,0.01265473851602238,281.5064377844304,0.087675,0.024681076932749933,1.958606413147246,2.0010633290230957,0.9787828224823965,0.0023287763743261632,4274.848869362728,1.2306018571371757,1.3967550360537253,3.6473916999530047,-2.5742885600976706e-08,2.5893820421174496e-08
UG0003_T3_graded_two_layer_coarse_hot__AIP_LIF_NAK_CARBONATE_RECIPROCAL_2017_V10,UG0003,T3_graded_two_layer_coarse_hot,AIP_LIF_NAK_CARBONATE_RECIPROCAL_2017_V10,graded_two_layer,coarse_hot,2.7649550332437642,6.515496993028625,0.5333328493919267,0.01265473851602238,281.5064377844304,0.105736,0.02976536470557453,1.9573272935380408,2.0010633290230957,0.9781436025283585,0.0028092033975104015,3589.336704390356,1.2306018571371757,1.4307957697790614,3.026719899964519,-2.14328443881584e-08,2.2554602630009413e-08
UG0003_T3_graded_two_layer_coarse_hot__AIP_LIF_NAK_CARBONATE_RECIPROCAL_2017_V10,UG0003,T3_graded_two_layer_coarse_hot,AIP_LIF_NAK_CARBONATE_RECIPROCAL_2017_V10,graded_two_layer,coarse_hot,2.7649550332437642,6.515496993028625,0.5333328493919267,0.01265473851602238,281.5064377844304,0.127532,0.03590107902352398,1.9558474992626984,2.0010633290230957,0.9774040985587041,0.0033893009562067536,3014.068402560033,1.2306018571371757,1.4666874322782053,2.5327058999682777,-1.672278981956765e-08,1.8008217139708904e-08
UG0003_T3_graded_two_layer_coarse_hot__AIP_LIF_NAK_CARBONATE_RECIPROCAL_2017_V10,UG0003,T3_graded_two_layer_coarse_hot,AIP_LIF_NAK_CARBONATE_RECIPROCAL_2017_V10,graded_two_layer,coarse_hot,2.7649550332437642,6.515496993028625,0.5333328493919267,0.01265473851602238,281.5064377844304,0.153826,0.04330300929862778,1.954143243393627,2.0010633290230957,0.9765524234296099,0.004089575941262351,2531.4630565497973,1.2306018571371757,1.5045610097575592,2.089103600010276,-1.3399392706503477e-08,1.4583312335503251e-08
UG0003_T3_graded_two_layer_coarse_hot__AIP_LIF_NAK_CARBONATE_RECIPROCAL_2017_V10,UG0003,T3_graded_two_layer_coarse_hot,AIP_LIF_NAK_CARBONATE_RECIPROCAL_2017_V10,graded_two_layer,coarse_hot,2.7649550332437642,6.515496993028625,0.5333328493919267,0.01265473851602238,281.5064377844304,0.18554,0.05223070446652321,1.952189599539556,2.0010633290230957,0.9755761205681583,0.004934873815019676,2126.6066750444907,1.2306018571371757,1.544569194345476,1.7253627000027336,-1.1448786363388308e-08,1.2349166134129064e-08
UG0003_T3_graded_two_layer_coarse_hot__AIP_LIF_NAK_CARBONATE_RECIPROCAL_2017_V10,UG0003,T3_graded_two_layer_coarse_hot,AIP_LIF_NAK_CARBONATE_RECIPROCAL_2017_V10,graded_two_layer,coarse_hot,2.7649550332437642,6.515496993028625,0.5333328493919267,0.01265473851602238,281.5064377844304,0.223797,0.06300029625684216,1.9499604013156437,2.0010633290230957,0.9744621137341015,0.005955549146644326,1786.8608557416878,1.2306018571371757,1.5868962141081493,1.4308569999993779,-8.239364746032152e-09,8.993050748529186e-09
UG0003_T3_graded_two_layer_coarse_hot__AIP_LIF_NAK_CARBONATE_RECIPROCAL_2017_V10,UG0003,T3_graded_two_layer_coarse_hot,AIP_LIF_NAK_CARBONATE_RECIPROCAL_2017_V10,graded_two_layer,coarse_hot,2.7649550332437642,6.515496993028625,0.5333328493919267,0.01265473851602238,281.5064377844304,0.269974,0.0759994190344138,1.9474279701780666,2.0010633290230957,0.9731965710094674,0.007188955641358777,1501.5686093881732,1.2306018571371757,1.6317653512924326,1.1632147000054829,-5.7993054802807364e-09,6.711320388319564e-09
UG0003_T3_graded_two_layer_coarse_hot__AIP_LIF_NAK_CARBONATE_RECIPROCAL_2017_V10,UG0003,T3_graded_two_layer_coarse_hot,AIP_LIF_NAK_CARBONATE_RECIPROCAL_2017_V10,graded_two_layer,coarse_hot,2.7649550332437642,6.515496993028625,0.5333328493919267,0.01265473851602238,281.5064377844304,0.325696,0.09168552076063782,1.9445661734488435,2.0010633290230957,0.971766432998483,0.008679395497979584,1262.056279490572,1.2306018571371757,1.6793866819019552,0.9770872999797575,-5.3263837784811585e-09,5.982214723587731e-09
UG0003_T3_graded_two_layer_coarse_hot__AIP_LIF_NAK_CARBONATE_RECIPROCAL_2017_V10,UG0003,T3_graded_two_layer_coarse_hot,AIP_LIF_NAK_CARBONATE_RECIPROCAL_2017_V10,graded_two_layer,coarse_hot,2.7649550332437642,6.515496993028625,0.5333328493919267,0.01265473851602238,281.5064377844304,0.392923,0.11061035405357174,1.9413490036675634,2.0010633290230957,0.9701587028808906,0.01048060010285446,1060.987706170951,1.2306018571371757,1.7299993882162559,0.8231355000170879,-5.3029469704313215e-09,5.883804554684957e-09
UG0003_T3_graded_two_layer_coarse_hot__AIP_LIF_NAK_CARBONATE_RECIPROCAL_2017_V10,UG0003,T3_graded_two_layer_coarse_hot,AIP_LIF_NAK_CARBONATE_RECIPROCAL_2017_V10,graded_two_layer,coarse_hot,2.7649550332437642,6.515496993028625,0.5333328493919267,0.01265473851602238,281.5064377844304,0.47403,0.13344249670295352,1.9377498540556797,2.0010633290230957,0.9683600843365985,0.01265810238376296,892.1610503556501,1.2306018571371757,1.7838813678632706,0.6996297999867238,-3.387434777124554e-09,3.973066320384078e-09
UG0003_T3_graded_two_layer_coarse_hot__AIP_LIF_NAK_CARBONATE_RECIPROCAL_2017_V10,UG0003,T3_graded_two_layer_coarse_hot,AIP_LIF_NAK_CARBONATE_RECIPROCAL_2017_V10,graded_two_layer,coarse_hot,2.7649550332437642,6.515496993028625,0.5333328493919267,0.01265473851602238,281.5064377844304,0.571866,0.16098396055003103,1.9337427598239267,2.0010633290230957,0.9663576018695849,0.015291153850856342,750.398159295484,1.2306018571371757,1.8413352426799625,0.5705853999825194,-2.3326895970399164e-09,2.723510306168464e-09
UG0003_T3_graded_two_layer_coarse_hot__AIP_LIF_NAK_CARBONATE_RECIPROCAL_2017_V10,UG0003,T3_graded_two_layer_coarse_hot,AIP_LIF_NAK_CARBONATE_RECIPROCAL_2017_V10,graded_two_layer,coarse_hot,2.7649550332437642,6.515496993028625,0.5333328493919267,0.01265473851602238,281.5064377844304,0.689885,0.19420706883091174,1.929300278384079,2.0010633290230957,0.964137541476985,0.01847673202055386,631.3268008181375,1.2306018571371757,1.9027125862538712,0.48584400000981987,-1.908562197172614e-09,2.155564615691219e-09
UG0003_T3_graded_two_layer_coarse_hot__AIP_LIF_NAK_CARBONATE_RECIPROCAL_2017_V10,UG0003,T3_graded_two_layer_coarse_hot,AIP_LIF_NAK_CARBONATE_RECIPROCAL_2017_V10,graded_two_layer,coarse_hot,2.7649550332437642,6.515496993028625,0.5333328493919267,0.01265473851602238,281.5064377844304,0.832247,0.2342828883267788,1.9243950545979127,2.0010633290230957,0.9616862328577017,0.02233297389735592,531.2920316364085,1.2306018571371757,1.9684048638809746,0.3982372999889776,-1.5763945704350135e-09,1.8381962618718717e-09
UG0003_T3_graded_two_layer_coarse_hot__AIP_LIF_NAK_CARBONATE_RECIPROCAL_2017_V10,UG0003,T3_graded_two_layer_coarse_hot,AIP_LIF_NAK_CARBONATE_RECIPROCAL_2017_V10,graded_two_layer,coarse_hot,2.7649550332437642,6.515496993028625,0.5333328493919267,0.01265473851602238,281.5064377844304,1.0,0.28150643778443035,1.919118346037599,2.0010633290230957,0.9590492805515047,0.026896076810455662,448.85857852530125,1.2306018571371757,2.037312426578644,0.3308746999828145,-1.262190352235848e-09,1.4954704141700859e-09
UG0004_T1_homogeneous_none__SOLAR_SALT_60_40_V10,UG0004,T1_homogeneous_none,SOLAR_SALT_60_40_V10,homogeneous,none,4.314497203317948,7.804744777196519,0.4399942140457851,0.015103646390985537,377.33001539439135,0.05,0.01886650076971957,4.91863701692817,5.017496303499326,0.9802970883103176,0.00022821095826651753,9929.17391491565,0.5979662749667123,1.0066334767084864,12.060439000022598,-1.3898113770949294e-07,4.027178590604308e-08
UG0004_T1_homogeneous_none__SOLAR_SALT_60_40_V10,UG0004,T1_homogeneous_none,SOLAR_SALT_60_40_V10,homogeneous,none,4.314497203317948,7.804744777196519,0.4399942140457851,0.015103646390985537,377.33001539439135,0.060295,0.022751113278204827,4.916634123902407,5.017496303499326,0.979897906546224,0.00027543775679196114,8342.779865001112,0.5979662749667123,1.0281704952250645,10.069398200022988,-1.1483598516548454e-07,2.3341550914324216e-08
UG0004_T1_homogeneous_none__SOLAR_SALT_60_40_V10,UG0004,T1_homogeneous_none,SOLAR_SALT_60_40_V10,homogeneous,none,4.314497203317948,7.804744777196519,0.4399942140457851,0.015103646390985537,377.33001539439135,0.072707,0.02743453342928001,4.914280968565155,5.017496303499326,0.979428916596872,0.00033248411660728196,7013.079715165171,0.5979662749667123,1.0510749709508505,8.323310700012371,-1.0345494461105886e-07,3.6657499258296866e-08
UG0004_T1_homogeneous_none__SOLAR_SALT_60_40_V10,UG0004,T1_homogeneous_none,SOLAR_SALT_60_40_V10,homogeneous,none,4.314497203317948,7.804744777196519,0.4399942140457851,0.015103646390985537,377.33001539439135,0.087675,0.03308240909970327,4.911522488132872,5.017496303499326,0.9788791443069834,0.0004014352585584249,5897.878560856691,0.5979662749667123,1.0754819045214083,6.895524799998384,-7.941731716698541e-08,2.9043012439444738e-08
UG0004_T1_homogeneous_none__SOLAR_SALT_60_40_V10,UG0004,T1_homogeneous_none,SOLAR_SALT_60_40_V10,homogeneous,none,4.314497203317948,7.804744777196519,0.4399942140457851,0.015103646390985537,377.33001539439135,0.105736,0.039897366507741366,4.9082964571588645,5.017496303499326,0.9782361879839747,0.00048486339912083554,4961.81931047578,0.5979662749667123,1.1015508922075306,5.7346705999807455,-6.52557896607675e-08,2.615305749742447e-08
UG0004_T1_homogeneous_none__SOLAR_SALT_60_40_V10,UG0004,T1_homogeneous_none,SOLAR_SALT_60_40_V10,homogeneous,none,4.314497203317948,7.804744777196519,0.4399942140457851,0.015103646390985537,377.33001539439135,0.127532,0.04812165152327752,4.9045361909885745,5.017496303499326,0.9774867572035938,0.0005858777194657325,4175.915937400269,0.5979662749667123,1.1294487873980197,4.823487600020599,-5.449595219531034e-08,1.883395661650411e-08
UG0004_T1_homogeneous_none__SOLAR_SALT_60_40_V10,UG0004,T1_homogeneous_none,SOLAR_SALT_60_40_V10,homogeneous,none,4.314497203317948,7.804744777196519,0.4399942140457851,0.015103646390985537,377.33001539439135,0.153826,0.058043166948057646,4.9001723825061285,5.017496303499326,0.9766170388782605,0.0007082233279974458,3516.1669994500367,0.5979662749667123,1.1593496318399785,3.933799699996598,-4.482577642406227e-08,1.5096057737196134e-08
UG0004_T1_homogeneous_none__SOLAR_SALT_60_40_V10,UG0004,T1_homogeneous_none,SOLAR_SALT_60_40_V10,homogeneous,none,4.314497203317948,7.804744777196519,0.4399942140457851,0.015103646390985537,377.33001539439135,0.18554,0.07000981105627538,4.895132363975007,5.017496303499326,0.9756125501400013,0.0008564939560746905,2962.229978673279,0.5979662749667123,1.1914546175833691,3.223913599969819,-3.562466988071833e-08,1.2408229999039122e-08
UG0004_T1_homogeneous_none__SOLAR_SALT_60_40_V10,UG0004,T1_homogeneous_none,SOLAR_SALT_60_40_V10,homogeneous,none,4.314497203317948,7.804744777196519,0.4399942140457851,0.015103646390985537,377.33001539439135,0.223797,0.0844453254552186,4.889340351833037,5.017496303499326,0.9744581871287261,0.001036381749435393,2496.880080537715,0.5979662749667123,1.226001918863504,2.664185199944768,-2.945158561473704e-08,7.535305712735862e-09
UG0004_T1_homogeneous_none__SOLAR_SALT_60_40_V10,UG0004,T1_homogeneous_none,SOLAR_SALT_60_40_V10,homogeneous,none,4.314497203317948,7.804744777196519,0.4399942140457851,0.015103646390985537,377.33001539439135,0.269974,0.10186929357608542,4.882717996199238,5.017496303499326,0.9731383345103632,0.0012550060021413818,2105.6033704887373,0.5979662749667123,1.2632755429070133,2.180377700016834,-2.325416526005597e-08,6.271272390279137e-09
UG0004_T1_homogeneous_none__SOLAR_SALT_60_40_V10,UG0004,T1_homogeneous_none,SOLAR_SALT_60_40_V10,homogeneous,none,4.314497203317948,7.804744777196519,0.4399942140457851,0.015103646390985537,377.33001539439135,0.325696,0.12289487669389168,4.875194063506549,5.017496303499326,0.971638795250625,0.0015209994229545148,1776.598252681454,0.5979662749667123,1.303564002969204,1.8411900000064634,-1.9332713208086716e-08,3.5505376416722356e-09
UG0004_T1_homogeneous_none__SOLAR_SALT_60_40_V10,UG0004,T1_homogeneous_none,SOLAR_SALT_60_40_V10,homogeneous,none,4.314497203317948,7.804744777196519,0.4399942140457851,0.015103646390985537,377.33001539439135,0.392923,0.14826164163881045,4.866700921128799,5.017496303499326,0.9699460899920627,0.001845084156178807,1499.8899970303462,0.5979662749667123,1.3471963351460976,1.5181109000113793,-1.4375167722846527e-08,4.32773816783083e-09
UG0004_T1_homogeneous_none__SOLAR_SALT_60_40_V10,UG0004,T1_homogeneous_none,SOLAR_SALT_60_40_V10,homogeneous,none,4.314497203317948,7.804744777196519,0.4399942140457851,0.015103646390985537,377.33001539439135,0.47403,0.17886574719740334,4.857175004388485,5.017496303499326,0.9680475501299266,0.002240696918773313,1267.051233410541,0.5979662749667123,1.3945529991126593,1.2612191999796778,-1.3219081385074105e-08,2.2440715952143364e-09
UG0004_T1_homogeneous_none__SOLAR_SALT_60_40_V10,UG0004,T1_homogeneous_none,SOLAR_SALT_60_40_V10,homogeneous,none,4.314497203317948,7.804744777196519,0.4399942140457851,0.015103646390985537,377.33001539439135,0.571866,0.215782206583529,4.8465570856319635,5.017496303499326,0.9659313714395475,0.002724625187146797,1071.050497691279,0.5979662749667123,1.4460564097151263,1.0476667999755591,-1.0377509962467002e-08,1.904010282771651e-09
UG0004_T1_homogeneous_none__SOLAR_SALT_60_40_V10,UG0004,T1_homogeneous_none,SOLAR_SALT_60_40_V10,homogeneous,none,4.314497203317948,7.804744777196519,0.4399942140457851,0.015103646390985537,377.33001539439135,0.689885,0.2603143176703597,4.8347917476149584,5.017496303499326,0.9635865091207053,0.003318159209566732,905.9533509589808,0.5979662749667123,1.5021952129543954,0.8706846999702975,-8.995426625801883e-09,1.375566327510569e-09
UG0004_T1_homogeneous_none__SOLAR_SALT_60_40_V10,UG0004,T1_homogeneous_none,SOLAR_SALT_60_40_V10,homogeneous,none,4.314497203317948,7.804744777196519,0.4399942140457851,0.015103646390985537,377.33001539439135,0.832247,0.31403177332193605,4.8218245087911225,5.017496303499326,0.9610021048601995,0.004048339835582441,766.8016129575099,0.5979662749667123,1.5635197266612555,0.7150452000205405,-6.721878609283749e-09,1.2829293183358459e-09
UG0004_T1_homogeneous_none__SOLAR_SALT_60_40_V10,UG0004,T1_homogeneous_none,SOLAR_SALT_60_40_V10,homogeneous,none,4.314497203317948,7.804744777196519,0.4399942140457851,0.015103646390985537,377.33001539439135,1.0,0.37733001539439137,4.807914094599432,5.017496303499326,0.9582297233076731,0.004928711854403134,651.7189826680826,0.5979662749667123,1.6291712850188171,0.6113691999926232,-4.9821924363868675e-09,-4.940159392674559e-10
UG0004_T1_homogeneous_none__NREL_MGCL2_KCL_NACL_BASELINE_V10,UG0004,T1_homogeneous_none,NREL_MGCL2_KCL_NACL_BASELINE_V10,homogeneous,none,4.314497203317948,7.804744777196519,0.4399942140457851,0.015103646390985537,377.33001539439135,0.05,0.01886650076971957,4.266716427561899,4.356537467738826,0.9793824704040602,0.0008957332072348634,9105.387077258263,0.3874648884584792,0.8790667885977216,10.443975899950601,-9.539351530918339e-08,7.439826532618099e-08
UG0004_T1_homogeneous_none__NREL_MGCL2_KCL_NACL_BASELINE_V10,UG0004,T1_homogeneous_none,NREL_MGCL2_KCL_NACL_BASELINE_V10,homogeneous,none,4.314497203317948,7.804744777196519,0.4399942140457851,0.015103646390985537,377.33001539439135,0.060295,0.022751113278204827,4.2642863362894134,4.356537467738826,0.9788246670360228,0.0010807029338555868,7657.739573144037,0.3874648884584792,0.898245070826196,8.683200000028592,-7.414530101002015e-08,6.399238916543482e-08
UG0004_T1_homogeneous_none__NREL_MGCL2_KCL_NACL_BASELINE_V10,UG0004,T1_homogeneous_none,NREL_MGCL2_KCL_NACL_BASELINE_V10,homogeneous,none,4.314497203317948,7.804744777196519,0.4399942140457851,0.015103646390985537,377.33001539439135,0.072707,0.02743453342928001,4.26144569096665,4.356537467738826,0.9781726250545641,0.0013039530798634293,6442.998715934403,0.3874648884584792,0.9185465268542429,7.158927300013602,-6.572064004117806e-08,4.6281911636469886e-08
UG0004_T1_homogeneous_none__NREL_MGCL2_KCL_NACL_BASELINE_V10,UG0004,T1_homogeneous_none,NREL_MGCL2_KCL_NACL_BASELINE_V10,homogeneous,none,4.314497203317948,7.804744777196519,0.4399942140457851,0.015103646390985537,377.33001539439135,0.087675,0.03308240909970327,4.258135427960959,4.356537467738826,0.9774127869881629,0.0015735324418531935,5423.105710161278,0.3874648884584792,0.9400745280964891,5.904593599960208,-5.446448847479246e-08,4.524336461031453e-08
UG0004_T1_homogeneous_none__NREL_MGCL2_KCL_NACL_BASELINE_V10,UG0004,T1_homogeneous_none,NREL_MGCL2_KCL_NACL_BASELINE_V10,homogeneous,none,4.314497203317948,7.804744777196519,0.4399942140457851,0.015103646390985537,377.33001539439135,0.105736,0.039897366507741366,4.254290773268587,4.356537467738826,0.9765302846062041,0.0018993351824745058,4566.130865853793,0.3874648884584792,0.9629516196704359,4.932245400035754,-4.037044032401127e-08,3.711666529682134e-08
UG0004_T1_homogeneous_none__NREL_MGCL2_KCL_NACL_BASELINE_V10,UG0004,T1_homogeneous_none,NREL_MGCL2_KCL_NACL_BASELINE_V10,homogeneous,none,4.314497203317948,7.804744777196519,0.4399942140457851,0.015103646390985537,377.33001539439135,0.127532,0.04812165152327752,4.249845081788444,4.356537467738826,0.9755098201862228,0.0022932669581795756,3845.8740109626324,0.3874648884584792,0.9873038944135236,4.035995699989144,-3.472210297061906e-08,3.263229686467639e-08
UG0004_T1_homogeneous_none__NREL_MGCL2_KCL_NACL_BASELINE_V10,UG0004,T1_homogeneous_none,NREL_MGCL2_KCL_NACL_BASELINE_V10,homogeneous,none,4.314497203317948,7.804744777196519,0.4399942140457851,0.015103646390985537,377.33001539439135,0.153826,0.058043166948057646,4.244732436287602,4.356537467738826,0.974336263080677,0.00276959016839506,3240.6187144061146,0.3874648884584792,1.0132608251709136,3.3570019000326283,-2.7819835324294218e-08,2.701039392150051e-08
UG0004_T1_homogeneous_none__NREL_MGCL2_KCL_NACL_BASELINE_V10,UG0004,T1_homogeneous_none,NREL_MGCL2_KCL_NACL_BASELINE_V10,homogeneous,none,4.314497203317948,7.804744777196519,0.4399942140457851,0.015103646390985537,377.33001539439135,0.18554,0.07000981105627538,4.238886870499289,4.356537467738826,0.9729944713867912,0.003345693432030722,2731.9350047105486,0.3874648884584792,1.0409723897504572,2.8092820000019856,-2.2872548299801565e-08,2.0540102951827066e-08
UG0004_T1_homogeneous_none__NREL_MGCL2_KCL_NACL_BASELINE_V10,UG0004,T1_homogeneous_none,NREL_MGCL2_KCL_NACL_BASELINE_V10,homogeneous,none,4.314497203317948,7.804744777196519,0.4399942140457851,0.015103646390985537,377.33001539439135,0.223797,0.0844453254552186,4.232242333952557,4.356537467738826,0.9714692838735571,0.004042975299393092,2304.1966251673116,0.3874648884584792,1.0706169721952425,2.296671200019773,-1.822595407929839e-08,1.6515566692021366e-08
UG0004_T1_homogeneous_none__NREL_MGCL2_KCL_NACL_BASELINE_V10,UG0004,T1_homogeneous_none,NREL_MGCL2_KCL_NACL_BASELINE_V10,homogeneous,none,4.314497203317948,7.804744777196519,0.4399942140457851,0.015103646390985537,377.33001539439135,0.269974,0.10186929357608542,4.224732351768639,4.356537467738826,0.9697454418913566,0.004887989970535965,1944.2193426975246,0.3874648884584792,1.102408154101734,1.9225940000033006,-1.1607037553318378e-08,1.1715561853975487e-08
UG0004_T1_homogeneous_none__NREL_MGCL2_KCL_NACL_BASELINE_V10,UG0004,T1_homogeneous_none,NREL_MGCL2_KCL_NACL_BASELINE_V10,homogeneous,none,4.314497203317948,7.804744777196519,0.4399942140457851,0.015103646390985537,377.33001539439135,0.325696,0.12289487669389168,4.216300192703459,4.356537467738826,0.9678099233453502,0.005912596666128148,1641.2734417743657,0.3874648884584792,1.1365588594303275,1.5913625999819487,-1.0539946693199909e-08,9.490808139389628e-09
UG0004_T1_homogeneous_none__NREL_MGCL2_KCL_NACL_BASELINE_V10,UG0004,T1_homogeneous_none,NREL_MGCL2_KCL_NACL_BASELINE_V10,homogeneous,none,4.314497203317948,7.804744777196519,0.4399942140457851,0.015103646390985537,377.33001539439135,0.392923,0.14826164163881045,4.206892349376402,4.356537467738826,0.9656504461466061,0.00715592260305969,1386.2782809151659,0.3874648884584792,1.1733118215914826,1.3589658999699168,-9.429101943680962e-09,7.686606906531779e-09
UG0004_T1_homogeneous_none__NREL_MGCL2_KCL_NACL_BASELINE_V10,UG0004,T1_homogeneous_none,NREL_MGCL2_KCL_NACL_BASELINE_V10,homogeneous,none,4.314497203317948,7.804744777196519,0.4399942140457851,0.015103646390985537,377.33001539439135,0.47403,0.17886574719740334,4.196457401181172,4.356537467738826,0.9632552072045556,0.008666383780419791,1171.551701616894,0.3874648884584792,1.212948032141255,1.1266904000076465,-8.147638119737621e-09,6.254707862751729e-09
UG0004_T1_homogeneous_none__NREL_MGCL2_KCL_NACL_BASELINE_V10,UG0004,T1_homogeneous_none,NREL_MGCL2_KCL_NACL_BASELINE_V10,homogeneous,none,4.314497203317948,7.804744777196519,0.4399942140457851,0.015103646390985537,377.33001539439135,0.571866,0.215782206583529,4.184946550802233,4.356537467738826,0.9606130055790263,0.01050357115332243,990.6763122627318,0.3874648884584792,1.2557780385425898,0.9353056999971159,-5.376621370345447e-09,4.912958928571243e-09
UG0004_T1_homogeneous_none__NREL_MGCL2_KCL_NACL_BASELINE_V10,UG0004,T1_homogeneous_none,NREL_MGCL2_KCL_NACL_BASELINE_V10,homogeneous,none,4.314497203317948,7.804744777196519,0.4399942140457851,0.015103646390985537,377.33001539439135,0.689885,0.2603143176703597,4.1723103007933435,4.356537467738826,0.9577124796217805,0.012741849748629621,838.2287462230031,0.3874648884584792,1.302161442674054,0.7778032000060193,-4.651012908141183e-09,3.939937265329263e-09
UG0004_T1_homogeneous_none__NREL_MGCL2_KCL_NACL_BASELINE_V10,UG0004,T1_homogeneous_none,NREL_MGCL2_KCL_NACL_BASELINE_V10,homogeneous,none,4.314497203317948,7.804744777196519,0.4399942140457851,0.015103646390985537,377.33001539439135,0.832247,0.31403177332193605,4.158497889284062,4.356537467738826,0.9545419774485373,0.015473946353611807,709.6722162401295,0.3874648884584792,1.3525021492593214,0.6465364000177942,-3.9756198333407156e-09,3.379141411130604e-09
UG0004_T1_homogeneous_none__NREL_MGCL2_KCL_NACL_BASELINE_V10,UG0004,T1_homogeneous_none,NREL_MGCL2_KCL_NACL_BASELINE_V10,homogeneous,none,4.314497203317948,7.804744777196519,0.4399942140457851,0.015103646390985537,377.33001539439135,1.0,0.37733001539439137,4.143785451125336,4.356537467738826,0.9511648830776808,0.01873843696300582,603.3065384145829,0.3874648884584792,1.4060518441522418,0.5478109000250697,-2.7943647396000415e-09,2.6572521960588347e-09
UG0004_T1_homogeneous_none__AIP_FLINAK_2017_V10,UG0004,T1_homogeneous_none,AIP_FLINAK_2017_V10,homogeneous,none,4.314497203317948,7.804744777196519,0.4399942140457851,0.015103646390985537,377.33001539439135,0.05,0.01886650076971957,5.791084547185328,5.9022965699883825,0.9811578389048531,0.0008431498441373951,11676.382016470361,0.8797564149903333,1.324540915141755,14.284663600032218,-1.6566320537592105e-07,5.1864845751481425e-08
UG0004_T1_homogeneous_none__AIP_FLINAK_2017_V10,UG0004,T1_homogeneous_none,AIP_FLINAK_2017_V10,homogeneous,none,4.314497203317948,7.804744777196519,0.4399942140457851,0.015103646390985537,377.33001539439135,0.060295,0.022751113278204827,5.789635746074826,5.9022965699883825,0.9809123749412378,0.001016886423231306,9791.936160139918,0.8797564149903333,1.3515990011756287,11.752466099977028,-1.3188673486652647e-07,3.881701626795575e-08
UG0004_T1_homogeneous_none__AIP_FLINAK_2017_V10,UG0004,T1_homogeneous_none,AIP_FLINAK_2017_V10,homogeneous,none,4.314497203317948,7.804744777196519,0.4399942140457851,0.015103646390985537,377.33001539439135,0.072707,0.02743453342928001,5.787922026300929,5.9022965699883825,0.9806220269803083,0.0012264090609092667,8213.67165177048,0.8797564149903333,1.3799996696809755,9.807456800015643,-1.1256133802817203e-07,3.552191873978927e-08
UG0004_T1_homogeneous_none__AIP_FLINAK_2017_V10,UG0004,T1_homogeneous_none,AIP_FLINAK_2017_V10,homogeneous,none,4.314497203317948,7.804744777196519,0.4399942140457851,0.015103646390985537,377.33001539439135,0.087675,0.03308240909970327,5.785896984385109,5.9022965699883825,0.980278933085956,0.0014791658085288783,6891.227800023163,0.8797564149903333,1.4098456258364451,8.087284799956251,-8.998430889306519e-08,2.5468804842887494e-08
UG0004_T1_homogeneous_none__AIP_FLINAK_2017_V10,UG0004,T1_homogeneous_none,AIP_FLINAK_2017_V10,homogeneous,none,4.314497203317948,7.804744777196519,0.4399942140457851,0.015103646390985537,377.33001539439135,0.105736,0.039897366507741366,5.7835062964621855,5.9022965699883825,0.979873889405996,0.0017842793001899013,5782.399721332045,0.8797564149903333,1.441259639282636,6.7206612000009045,-7.454539208140432e-08,2.1211721268343808e-08
UG0004_T1_homogeneous_none__AIP_FLINAK_2017_V10,UG0004,T1_homogeneous_none,AIP_FLINAK_2017_V10,homogeneous,none,4.314497203317948,7.804744777196519,0.4399942140457851,0.015103646390985537,377.33001539439135,0.127532,0.04812165152327752,5.78068878323405,5.9022965699883825,0.9793965306025665,0.0021526747829127197,4852.578124199446,0.8797564149903333,1.4743620205353851,5.5576447999919765,-6.203650926295268e-08,1.7501555760190968e-08
UG0004_T1_homogeneous_none__AIP_FLINAK_2017_V10,UG0004,T1_homogeneous_none,AIP_FLINAK_2017_V10,homogeneous,none,4.314497203317948,7.804744777196519,0.4399942140457851,0.015103646390985537,377.33001539439135,0.153826,0.058043166948057646,5.777376806682183,5.9022965699883825,0.9788353970653757,0.0025973643017772998,4073.0979161694804,0.8797564149903333,1.5092701116543894,4.550431200012099,-4.9204562646565364e-08,1.3862977432665957e-08
UG0004_T1_homogeneous_none__AIP_FLINAK_2017_V10,UG0004,T1_homogeneous_none,AIP_FLINAK_2017_V10,homogeneous,none,4.314497203317948,7.804744777196519,0.4399942140457851,0.015103646390985537,377.33001539439135,0.18554,0.07000981105627538,5.773494707732949,5.9022965699883825,0.978177670212243,0.0031341092551901107,3419.663281888829,0.8797564149903333,1.5461207807158333,3.839313399977982,-4.430075195571703e-08,1.2007062011321068e-08
UG0004_T1_homogeneous_none__AIP_FLINAK_2017_V10,UG0004,T1_homogeneous_none,AIP_FLINAK_2017_V10,homogeneous,none,4.314497203317948,7.804744777196519,0.4399942140457851,0.015103646390985537,377.33001539439135,0.223797,0.0844453254552186,5.768958110593209,5.9022965699883825,0.9774090546257597,0.0037821608455182345,2871.703581077405,0.8797564149903333,1.5850793827908796,3.235498499998357,-3.247301316733342e-08,8.144440677426701e-09
UG0004_T1_homogeneous_none__AIP_FLINAK_2017_V10,UG0004,T1_homogeneous_none,AIP_FLINAK_2017_V10,homogeneous,none,4.314497203317948,7.804744777196519,0.4399942140457851,0.015103646390985537,377.33001539439135,0.269974,0.10186929357608542,5.7636735387636095,5.9022965699883825,0.9765137129961186,0.004565201952667095,2411.8880855920393,0.8797564149903333,1.6263465496744136,2.6638899000245146,-2.78946754583842e-08,6.798672735897071e-09
UG0004_T1_homogeneous_none__AIP_FLINAK_2017_V10,UG0004,T1_homogeneous_none,AIP_FLINAK_2017_V10,homogeneous,none,4.314497203317948,7.804744777196519,0.4399942140457851,0.015103646390985537,377.33001539439135,0.325696,0.12289487669389168,5.757545925198664,5.9022965699883825,0.9754755385343161,0.005511308959372359,2026.119187136495,0.8797564149903333,1.670110024685873,2.1922272000228986,-2.2154189593948104e-08,5.318812057453215e-09
UG0004_T1_homogeneous_none__AIP_FLINAK_2017_V10,UG0004,T1_homogeneous_none,AIP_FLINAK_2017_V10,homogeneous,none,4.314497203317948,7.804744777196519,0.4399942140457851,0.015103646390985537,377.33001539439135,0.392923,0.14826164163881045,5.750477245907842,5.9022965699883825,0.9742779234692304,0.006654518024588255,1702.4832572094156,0.8797564149903333,1.716583536866825,1.806139299995266,-1.743958311095639e-08,4.249045559845399e-09
UG0004_T1_homogeneous_none__AIP_FLINAK_2017_V10,UG0004,T1_homogeneous_none,AIP_FLINAK_2017_V10,homogeneous,none,4.314497203317948,7.804744777196519,0.4399942140457851,0.015103646390985537,377.33001539439135,0.47403,0.17886574719740334,5.742367550668645,5.9022965699883825,0.9729039336767769,0.008036318255053456,1430.9173964558909,0.8797564149903333,1.7660154986772478,1.5395468999631703,-1.4435941331214508e-08,3.481481769540551e-09
UG0004_T1_homogeneous_none__AIP_FLINAK_2017_V10,UG0004,T1_homogeneous_none,AIP_FLINAK_2017_V10,homogeneous,none,4.314497203317948,7.804744777196519,0.4399942140457851,0.015103646390985537,377.33001539439135,0.571866,0.215782206583529,5.733119010421192,5.9022965699883825,0.9713369944120712,0.00970685001341739,1203.0261141804604,0.8797564149903333,1.8186760346881987,1.283547200029716,-1.1503376029509127e-08,2.6950219833565825e-09
UG0004_T1_homogeneous_none__AIP_FLINAK_2017_V10,UG0004,T1_homogeneous_none,AIP_FLINAK_2017_V10,homogeneous,none,4.314497203317948,7.804744777196519,0.4399942140457851,0.015103646390985537,377.33001539439135,0.689885,0.2603143176703597,5.722635946427767,5.9022965699883825,0.9695608952498013,0.011727421138233749,1011.7266215579667,0.8797564149903333,1.8748790651479808,1.0704095999826677,-8.665956841014122e-09,2.0028867453447674e-09
UG0004_T1_homogeneous_none__AIP_FLINAK_2017_V10,UG0004,T1_homogeneous_none,AIP_FLINAK_2017_V10,homogeneous,none,4.314497203317948,7.804744777196519,0.4399942140457851,0.015103646390985537,377.33001539439135,0.832247,0.31403177332193605,5.710826939557879,5.9022965699883825,0.9675601474510658,0.014172646296394616,851.1027054107062,0.8797564149903333,1.9349738309318514,0.8734983000322245,-7.062528339929486e-09,1.901767632261908e-09
UG0004_T1_homogeneous_none__AIP_FLINAK_2017_V10,UG0004,T1_homogeneous_none,AIP_FLINAK_2017_V10,homogeneous,none,4.314497203317948,7.804744777196519,0.4399942140457851,0.015103646390985537,377.33001539439135,1.0,0.37733001539439137,5.697897908188635,5.9022965699883825,0.9653696388556514,0.01706505487456829,718.8117616030203,0.8797564149903333,1.9979463295860909,0.7406585999997333,-6.803424490442467e-09,9.821032875834135e-10
UG0004_T1_homogeneous_none__AIP_LINAK_CARBONATE_2017_V10,UG0004,T1_homogeneous_none,AIP_LINAK_CARBONATE_2017_V10,homogeneous,none,4.314497203317948,7.804744777196519,0.4399942140457851,0.015103646390985537,377.33001539439135,0.05,0.01886650076971957,5.327372640501234,5.432572031664241,0.9806354355635153,0.0024733861522370838,10095.671591838789,0.7301591008392905,1.0339853011777445,13.22546919999877,-1.5201917502594142e-07,8.808123119763422e-08
UG0004_T1_homogeneous_none__AIP_LINAK_CARBONATE_2017_V10,UG0004,T1_homogeneous_none,AIP_LINAK_CARBONATE_2017_V10,homogeneous,none,4.314497203317948,7.804744777196519,0.4399942140457851,0.015103646390985537,377.33001539439135,0.060295,0.022751113278204827,5.325539671970162,5.432572031664241,0.9802980321162368,0.0029828421144761997,8484.595289144567,0.7301591008392905,1.056729288939506,10.786144599958789,-1.2644317815002637e-07,6.756140091823681e-08
UG0004_T1_homogeneous_none__AIP_LINAK_CARBONATE_2017_V10,UG0004,T1_homogeneous_none,AIP_LINAK_CARBONATE_2017_V10,homogeneous,none,4.314497203317948,7.804744777196519,0.4399942140457851,0.015103646390985537,377.33001539439135,0.072707,0.02743453342928001,5.323380049922954,5.432572031664241,0.9799004999648689,0.0035971437830681478,7132.299254459715,0.7301591008392905,1.0805268399415413,8.942235499969684,-1.039155428372851e-07,5.6283488980568563e-08
UG0004_T1_homogeneous_none__AIP_LINAK_CARBONATE_2017_V10,UG0004,T1_homogeneous_none,AIP_LINAK_CARBONATE_2017_V10,homogeneous,none,4.314497203317948,7.804744777196519,0.4399942140457851,0.015103646390985537,377.33001539439135,0.087675,0.03308240909970327,5.320839274879954,5.432572031664241,0.9794328071246836,0.004338071076299991,5996.688897794688,0.7301591008392905,1.1054509258716543,7.418847199995071,-8.933035422487023e-08,4.368363448747914e-08
UG0004_T1_homogeneous_none__AIP_LINAK_CARBONATE_2017_V10,UG0004,T1_homogeneous_none,AIP_LINAK_CARBONATE_2017_V10,homogeneous,none,4.314497203317948,7.804744777196519,0.4399942140457851,0.015103646390985537,377.33001539439135,0.105736,0.039897366507741366,5.31785451572975,5.432572031664241,0.9788833879669061,0.005232282714821934,5042.407881815704,0.7301591008392905,1.1315892201806323,6.183702000009362,-6.865212842654955e-08,2.8864488577085012e-08
UG0004_T1_homogeneous_none__AIP_LINAK_CARBONATE_2017_V10,UG0004,T1_homogeneous_none,AIP_LINAK_CARBONATE_2017_V10,homogeneous,none,4.314497203317948,7.804744777196519,0.4399942140457851,0.015103646390985537,377.33001539439135,0.127532,0.04812165152327752,5.314356593187883,5.432572031664241,0.9782395083236212,0.006311676549957287,4240.41479181282,0.7301591008392905,1.1590250178075723,5.1680259999702685,-5.643754352746555e-08,2.344866523174005e-08
UG0004_T1_homogeneous_none__AIP_LINAK_CARBONATE_2017_V10,UG0004,T1_homogeneous_none,AIP_LINAK_CARBONATE_2017_V10,homogeneous,none,4.314497203317948,7.804744777196519,0.4399942140457851,0.015103646390985537,377.33001539439135,0.153826,0.058043166948057646,5.310271011818966,5.432572031664241,0.9774874554571146,0.007614201275175486,3566.612374019965,0.7301591008392905,1.1878367226074773,4.224400600010995,-5.339838571316591e-08,1.9080448332431388e-08
UG0004_T1_homogeneous_none__AIP_LINAK_CARBONATE_2017_V10,UG0004,T1_homogeneous_none,AIP_LINAK_CARBONATE_2017_V10,homogeneous,none,4.314497203317948,7.804744777196519,0.4399942140457851,0.015103646390985537,377.33001539439135,0.18554,0.07000981105627538,5.305516976518526,5.432572031664241,0.9766123570188922,0.009185766816625474,3000.5268630104506,0.7301591008392905,1.2181162392493488,3.443662600009702,-3.571788420586586e-08,8.840661536169137e-09
UG0004_T1_homogeneous_none__AIP_LINAK_CARBONATE_2017_V10,UG0004,T1_homogeneous_none,AIP_LINAK_CARBONATE_2017_V10,homogeneous,none,4.314497203317948,7.804744777196519,0.4399942140457851,0.015103646390985537,377.33001539439135,0.223797,0.0844453254552186,5.300007114039185,5.432572031664241,0.9755981297896485,0.011082367287815097,2524.780513728362,0.7301591008392905,1.2499758283346558,2.874195399985183,-3.1023983382283404e-08,8.923795036253068e-09
UG0004_T1_homogeneous_none__AIP_LINAK_CARBONATE_2017_V10,UG0004,T1_homogeneous_none,AIP_LINAK_CARBONATE_2017_V10,homogeneous,none,4.314497203317948,7.804744777196519,0.4399942140457851,0.015103646390985537,377.33001539439135,0.269974,0.10186929357608542,5.293647641045682,5.432572031664241,0.9744275106139735,0.013372770501835994,2124.696858883403,0.7301591008392905,1.2835529490251523,2.3880243999883533,-2.6539481723375502e-08,6.258749074561365e-09
UG0004_T1_homogeneous_none__AIP_LINAK_CARBONATE_2017_V10,UG0004,T1_homogeneous_none,AIP_LINAK_CARBONATE_2017_V10,homogeneous,none,4.314497203317948,7.804744777196519,0.4399942140457851,0.015103646390985537,377.33001539439135,0.325696,0.12289487669389168,5.286347946652056,5.432572031664241,0.9730838203046541,0.016138309807123167,1788.319481583161,0.7301591008392905,1.3189705231809792,1.9564402000396512,-2.1376433956277197e-08,5.08662001408311e-09
UG0004_T1_homogeneous_none__AIP_LINAK_CARBONATE_2017_V10,UG0004,T1_homogeneous_none,AIP_LINAK_CARBONATE_2017_V10,homogeneous,none,4.314497203317948,7.804744777196519,0.4399942140457851,0.015103646390985537,377.33001539439135,0.392923,0.14826164163881045,5.2780181651995886,5.432572031664241,0.9715505168520874,0.019477327337909512,1505.5198661068691,0.7301591008392905,1.3563683385204943,1.6624560999916866,-1.7344226055371337e-08,5.804001723674901e-09
UG0004_T1_homogeneous_none__AIP_LINAK_CARBONATE_2017_V10,UG0004,T1_homogeneous_none,AIP_LINAK_CARBONATE_2017_V10,homogeneous,none,4.314497203317948,7.804744777196519,0.4399942140457851,0.015103646390985537,377.33001539439135,0.47403,0.17886574719740334,5.268569340936962,5.432572031664241,0.9698112257377584,0.023509334217509305,1267.7218848142331,0.7301591008392905,1.3959093617408225,1.3692592000006698,-1.324936826918588e-08,4.612110693358318e-09
UG0004_T1_homogeneous_none__AIP_LINAK_CARBONATE_2017_V10,UG0004,T1_homogeneous_none,AIP_LINAK_CARBONATE_2017_V10,homogeneous,none,4.314497203317948,7.804744777196519,0.4399942140457851,0.015103646390985537,377.33001539439135,0.571866,0.215782206583529,5.257917098320498,5.432572031664241,0.9678504155442853,0.02837821531422799,1067.7549352508472,0.7301591008392905,1.4377686205636715,1.1286968000349589,-1.1503942243251686e-08,3.3176794644873553e-09
UG0004_T1_homogeneous_none__AIP_LINAK_CARBONATE_2017_V10,UG0004,T1_homogeneous_none,AIP_LINAK_CARBONATE_2017_V10,homogeneous,none,4.314497203317948,7.804744777196519,0.4399942140457851,0.015103646390985537,377.33001539439135,0.689885,0.2603143176703597,5.245979431809662,5.432572031664241,0.9656529911123115,0.03425914168051475,899.5546821020781,0.7301591008392905,1.4821500860128243,0.9702501000138,-9.50753920037073e-09,2.301336898824502e-09
UG0004_T1_homogeneous_none__AIP_LINAK_CARBONATE_2017_V10,UG0004,T1_homogeneous_none,AIP_LINAK_CARBONATE_2017_V10,homogeneous,none,4.314497203317948,7.804744777196519,0.4399942140457851,0.015103646390985537,377.33001539439135,0.832247,0.31403177332193605,5.232674968803979,5.432572031664241,0.9632039737908409,0.04136418048768301,758.0442775038103,0.7301591008392905,1.5292790001417207,0.7811352999997325,-7.483258457341435e-09,1.8373080834521716e-09
UG0004_T1_homogeneous_none__AIP_LINAK_CARBONATE_2017_V10,UG0004,T1_homogeneous_none,AIP_LINAK_CARBONATE_2017_V10,homogeneous,none,4.314497203317948,7.804744777196519,0.4399942140457851,0.015103646390985537,377.33001539439135,1.0,0.37733001539439137,5.218251997283021,5.432572031664241,0.9605490671578699,0.04975200739015486,641.2701836994435,0.7301591008392905,1.5783159667342637,0.6456877000164241,-6.472300473348014e-09,1.5585310819687948e-09
UG0004_T1_homogeneous_none__AIP_LIF_NAK_CARBONATE_RECIPROCAL_2017_V10,UG0004,T1_homogeneous_none,AIP_LIF_NAK_CARBONATE_RECIPROCAL_2017_V10,homogeneous,none,4.314497203317948,7.804744777196519,0.4399942140457851,0.015103646390985537,377.33001539439135,0.05,0.01886650076971957,5.687144209144553,5.796368457672465,0.981156434528703,0.0013376589152236955,12008.286874567868,0.8460205553478126,1.3936749412623597,14.266677300038282,-7.878523389237557e-08,1.5225896099479996e-07
UG0004_T1_homogeneous_none__AIP_LIF_NAK_CARBONATE_RECIPROCAL_2017_V10,UG0004,T1_homogeneous_none,AIP_LIF_NAK_CARBONATE_RECIPROCAL_2017_V10,homogeneous,none,4.314497203317948,7.804744777196519,0.4399942140457851,0.015103646390985537,377.33001539439135,0.060295,0.022751113278204827,5.685718227624995,5.796368457672465,0.9809104216104472,0.0016132247027938187,10068.043955562112,0.8460205553478126,1.4222328694328037,11.884786700014956,-6.892778570133373e-08,1.2625716028225042e-07
UG0004_T1_homogeneous_none__AIP_LIF_NAK_CARBONATE_RECIPROCAL_2017_V10,UG0004,T1_homogeneous_none,AIP_LIF_NAK_CARBONATE_RECIPROCAL_2017_V10,homogeneous,none,4.314497203317948,7.804744777196519,0.4399942140457851,0.015103646390985537,377.33001539439135,0.072707,0.02743453342928001,5.684030837496624,5.796368457672465,0.9806193100048457,0.0019455205217097313,8443.170958861303,0.8460205553478126,1.4521543872670724,9.816329499997664,-4.8661952245510065e-08,1.0343874645712958e-07
UG0004_T1_homogeneous_none__AIP_LIF_NAK_CARBONATE_RECIPROCAL_2017_V10,UG0004,T1_homogeneous_none,AIP_LIF_NAK_CARBONATE_RECIPROCAL_2017_V10,homogeneous,none,4.314497203317948,7.804744777196519,0.4399942140457851,0.015103646390985537,377.33001539439135,0.087675,0.03308240909970327,5.682036037723292,5.796368457672465,0.9802751635297038,0.002346339564577847,7081.8000791667255,0.8460205553478126,1.4835383744514097,8.149291999987327,-3.7285707854550765e-08,8.539393636652903e-08
UG0004_T1_homogeneous_none__AIP_LIF_NAK_CARBONATE_RECIPROCAL_2017_V10,UG0004,T1_homogeneous_none,AIP_LIF_NAK_CARBONATE_RECIPROCAL_2017_V10,homogeneous,none,4.314497203317948,7.804744777196519,0.4399942140457851,0.015103646390985537,377.33001539439135,0.105736,0.039897366507741366,5.679679905801844,5.796368457672465,0.9798686793769703,0.002830120476663299,5940.460813886015,0.8460205553478126,1.516503345605024,6.7539799000369385,-3.04962055608371e-08,8.350224955933072e-08
UG0004_T1_homogeneous_none__AIP_LIF_NAK_CARBONATE_RECIPROCAL_2017_V10,UG0004,T1_homogeneous_none,AIP_LIF_NAK_CARBONATE_RECIPROCAL_2017_V10,homogeneous,none,4.314497203317948,7.804744777196519,0.4399942140457851,0.015103646390985537,377.33001539439135,0.127532,0.04812165152327752,5.676901629615392,5.796368457672465,0.9793893661299363,0.003414145358113047,4983.503557626405,0.8460205553478126,1.5511635728765418,5.637791799963452,-2.5361379663024763e-08,6.889611103844118e-08
UG0004_T1_homogeneous_none__AIP_LIF_NAK_CARBONATE_RECIPROCAL_2017_V10,UG0004,T1_homogeneous_none,AIP_LIF_NAK_CARBONATE_RECIPROCAL_2017_V10,homogeneous,none,4.314497203317948,7.804744777196519,0.4399942140457851,0.015103646390985537,377.33001539439135,0.153826,0.058043166948057646,5.673633827108928,5.796368457672465,0.9788255989142518,0.004118983258174806,4181.399577435213,0.8460205553478126,1.5876284882067127,4.695835000020452,-2.091375961299491e-08,5.7049120982810564e-08
UG0004_T1_homogeneous_none__AIP_LIF_NAK_CARBONATE_RECIPROCAL_2017_V10,UG0004,T1_homogeneous_none,AIP_LIF_NAK_CARBONATE_RECIPROCAL_2017_V10,homogeneous,none,4.314497203317948,7.804744777196519,0.4399942140457851,0.015103646390985537,377.33001539439135,0.18554,0.07000981105627538,5.669801123455877,5.796368457672465,0.9781643739281181,0.004969530171129184,3509.1199937136366,0.8460205553478126,1.626026056938868,3.7011636999668553,-1.712797681463485e-08,4.683169407826426e-08
UG0004_T1_homogeneous_none__AIP_LIF_NAK_CARBONATE_RECIPROCAL_2017_V10,UG0004,T1_homogeneous_none,AIP_LIF_NAK_CARBONATE_RECIPROCAL_2017_V10,homogeneous,none,4.314497203317948,7.804744777196519,0.4399942140457851,0.015103646390985537,377.33001539439135,0.223797,0.0844453254552186,5.6653192603948375,5.796368457672465,0.9773911547834468,0.0059961672627702415,2945.472914078393,0.8460205553478126,1.6665117530153117,3.110471800027881,-1.1513090480974597e-08,3.711473350875849e-08
UG0004_T1_homogeneous_none__AIP_LIF_NAK_CARBONATE_RECIPROCAL_2017_V10,UG0004,T1_homogeneous_none,AIP_LIF_NAK_CARBONATE_RECIPROCAL_2017_V10,homogeneous,none,4.314497203317948,7.804744777196519,0.4399942140457851,0.015103646390985537,377.33001539439135,0.269974,0.10186929357608542,5.660094676744446,5.796368457672465,0.976489800135525,0.007236230493153545,2472.603921996383,0.8460205553478126,1.709275109023352,2.576484800025355,-9.467970851773089e-09,3.05444780579478e-08
UG0004_T1_homogeneous_none__AIP_LIF_NAK_CARBONATE_RECIPROCAL_2017_V10,UG0004,T1_homogeneous_none,AIP_LIF_NAK_CARBONATE_RECIPROCAL_2017_V10,homogeneous,none,4.314497203317948,7.804744777196519,0.4399942140457851,0.015103646390985537,377.33001539439135,0.325696,0.12289487669389168,5.654032157068345,5.796368457672465,0.975443883244566,0.008733917772968457,2075.98835869782,0.8460205553478126,1.7544894155571529,2.163717000046745,-7.842171356742256e-09,2.5284285776194793e-08
UG0004_T1_homogeneous_none__AIP_LIF_NAK_CARBONATE_RECIPROCAL_2017_V10,UG0004,T1_homogeneous_none,AIP_LIF_NAK_CARBONATE_RECIPROCAL_2017_V10,homogeneous,none,4.314497203317948,7.804744777196519,0.4399942140457851,0.015103646390985537,377.33001539439135,0.392923,0.14826164163881045,5.647033067532662,5.796368457672465,0.9742363876226445,0.010542723038595509,1743.3515854627408,0.8460205553478126,1.8023518431554135,1.7923619999783114,-4.497435757144785e-09,1.8924506406392538e-08
UG0004_T1_homogeneous_none__AIP_LIF_NAK_CARBONATE_RECIPROCAL_2017_V10,UG0004,T1_homogeneous_none,AIP_LIF_NAK_CARBONATE_RECIPROCAL_2017_V10,homogeneous,none,4.314497203317948,7.804744777196519,0.4399942140457851,0.015103646390985537,377.33001539439135,0.47403,0.17886574719740334,5.638996761924216,5.796368457672465,0.9728499496025066,0.012727731326649469,1464.325856266426,0.8460205553478126,1.8530919111118336,1.5222157000098377,-3.153888261664406e-09,1.4844747653341983e-08
UG0004_T1_homogeneous_none__AIP_LIF_NAK_CARBONATE_RECIPROCAL_2017_V10,UG0004,T1_homogeneous_none,AIP_LIF_NAK_CARBONATE_RECIPROCAL_2017_V10,homogeneous,none,4.314497203317948,7.804744777196519,0.4399942140457851,0.015103646390985537,377.33001539439135,0.571866,0.215782206583529,5.629824809207634,5.796368457672465,0.9712675876833914,0.015367415685812453,1230.2612664982914,0.8460205553478126,1.9069576441267895,1.2792060000356287,-2.599898074606699e-09,1.223106060876944e-08
UG0004_T1_homogeneous_none__AIP_LIF_NAK_CARBONATE_RECIPROCAL_2017_V10,UG0004,T1_homogeneous_none,AIP_LIF_NAK_CARBONATE_RECIPROCAL_2017_V10,homogeneous,none,4.314497203317948,7.804744777196519,0.4399942140457851,0.015103646390985537,377.33001539439135,0.689885,0.2603143176703597,5.619419766027396,5.796368457672465,0.9694724907608577,0.018557471789378034,1033.8606416806863,0.8460205553478126,1.9642376826634533,1.1015362999751233,-1.7335910484916894e-09,1.0445710962869725e-08
UG0004_T1_homogeneous_none__AIP_LIF_NAK_CARBONATE_RECIPROCAL_2017_V10,UG0004,T1_homogeneous_none,AIP_LIF_NAK_CARBONATE_RECIPROCAL_2017_V10,homogeneous,none,4.314497203317948,7.804744777196519,0.4399942140457851,0.015103646390985537,377.33001539439135,0.832247,0.31403177332193605,5.607688352675661,5.796368457672465,0.9674485660505149,0.0224139885427756,869.0288128542551,0.8460205553478126,2.025251947308681,0.8888269999879412,-2.1299406682828703e-09,7.750267094763785e-09
UG0004_T1_homogeneous_none__AIP_LIF_NAK_CARBONATE_RECIPROCAL_2017_V10,UG0004,T1_homogeneous_none,AIP_LIF_NAK_CARBONATE_RECIPROCAL_2017_V10,homogeneous,none,4.314497203317948,7.804744777196519,0.4399942140457851,0.015103646390985537,377.33001539439135,1.0,0.37733001539439137,5.594834286245211,5.796368457672465,0.9652309591947198,0.026970220423536362,733.339854523615,0.8460205553478126,2.0889394460347677,0.7838133000186644,-1.8210655206019055e-09,7.329270523825926e-09
UG0004_T2_graded_two_layer_fine_hot__SOLAR_SALT_60_40_V10,UG0004,T2_graded_two_layer_fine_hot,SOLAR_SALT_60_40_V10,graded_two_layer,fine_hot,4.314497203317948,7.804744777196519,0.4399942140457851,0.015103646390985537,377.33001539439135,0.05,0.01886650076971957,4.918200736191048,5.017496303499326,0.9802101364301901,0.00026865299567241184,11577.040660142398,0.5979662749667123,1.041046270751893,12.057656800025143,-1.4517926860690977e-07,5.727340823824534e-08
UG0004_T2_graded_two_layer_fine_hot__SOLAR_SALT_60_40_V10,UG0004,T2_graded_two_layer_fine_hot,SOLAR_SALT_60_40_V10,graded_two_layer,fine_hot,4.314497203317948,7.804744777196519,0.4399942140457851,0.015103646390985537,377.33001539439135,0.060295,0.022751113278204827,4.916022651119083,5.017496303499326,0.9797760384378414,0.00032421716937266765,9724.312655606076,0.5979662749667123,1.064794205256895,9.981011399999261,-1.1593841442447683e-07,4.275131360031992e-08
UG0004_T2_graded_two_layer_fine_hot__SOLAR_SALT_60_40_V10,UG0004,T2_graded_two_layer_fine_hot,SOLAR_SALT_60_40_V10,graded_two_layer,fine_hot,4.314497203317948,7.804744777196519,0.4399942140457851,0.015103646390985537,377.33001539439135,0.072707,0.02743453342928001,4.913434309350468,5.017496303499326,0.9792601752239893,0.0003913200542288258,8171.742531063331,0.5979662749667123,1.0901191800936265,8.30705390003277,-9.595141348128777e-08,3.4852654096084734e-08
UG0004_T2_graded_two_layer_fine_hot__SOLAR_SALT_60_40_V10,UG0004,T2_graded_two_layer_fine_hot,SOLAR_SALT_60_40_V10,graded_two_layer,fine_hot,4.314497203317948,7.804744777196519,0.4399942140457851,0.015103646390985537,377.33001539439135,0.087675,0.03308240909970327,4.910364888625226,5.017496303499326,0.9786484317289117,0.0004724054985394609,6869.944889657153,0.5979662749667123,1.1171823873018538,6.891878299997188,-7.912437371970782e-08,2.6956259446819786e-08
UG0004_T2_graded_two_layer_fine_hot__SOLAR_SALT_60_40_V10,UG0004,T2_graded_two_layer_fine_hot,SOLAR_SALT_60_40_V10,graded_two_layer,fine_hot,4.314497203317948,7.804744777196519,0.4399942140457851,0.015103646390985537,377.33001539439135,0.105736,0.039897366507741366,4.9067346828443625,5.017496303499326,0.9779249223207767,0.0005704853396056044,5777.544668921709,0.5979662749667123,1.1461741369902518,5.731125999998767,-5.961575677559949e-08,1.887288103574747e-08
UG0004_T2_graded_two_layer_fine_hot__SOLAR_SALT_60_40_V10,UG0004,T2_graded_two_layer_fine_hot,SOLAR_SALT_60_40_V10,graded_two_layer,fine_hot,4.314497203317948,7.804744777196519,0.4399942140457851,0.015103646390985537,377.33001539439135,0.127532,0.04812165152327752,4.902459308776584,5.017496303499326,0.9770728292031802,0.0006891958185028826,4860.626267078362,0.5979662749667123,1.1772948753708319,4.7588564999750815,-4.95992691362801e-08,1.566382579198944e-08
UG0004_T2_graded_two_layer_fine_hot__SOLAR_SALT_60_40_V10,UG0004,T2_graded_two_layer_fine_hot,SOLAR_SALT_60_40_V10,graded_two_layer,fine_hot,4.314497203317948,7.804744777196519,0.4399942140457851,0.015103646390985537,377.33001539439135,0.153826,0.058043166948057646,4.897453625268164,5.017496303499326,0.9760751835238142,0.0008329106122028879,4091.11003105415,0.5979662749667123,1.2107551869048123,3.8446480999700725,-4.066736947194727e-08,1.281439399036799e-08
UG0004_T2_graded_two_layer_fine_hot__SOLAR_SALT_60_40_V10,UG0004,T2_graded_two_layer_fine_hot,SOLAR_SALT_60_40_V10,graded_two_layer,fine_hot,4.314497203317948,7.804744777196519,0.4399942140457851,0.015103646390985537,377.33001539439135,0.18554,0.07000981105627538,4.89163303473504,5.017496303499326,0.9749151247652131,0.0010069859727892586,3445.2015442164006,0.5979662749667123,1.2467982819382304,3.2094481000094675,-3.371396495310819e-08,1.0510192716139954e-08
UG0004_T2_graded_two_layer_fine_hot__SOLAR_SALT_60_40_V10,UG0004,T2_graded_two_layer_fine_hot,SOLAR_SALT_60_40_V10,graded_two_layer,fine_hot,4.314497203317948,7.804744777196519,0.4399942140457851,0.015103646390985537,377.33001539439135,0.223797,0.0844453254552186,4.884915564749145,5.017496303499326,0.9735763156102943,0.0012180470171989277,2902.7572732474578,0.5979662749667123,1.2857114630378226,2.6512709999806248,-2.9700908399377113e-08,7.537082069575263e-09
UG0004_T2_graded_two_layer_fine_hot__SOLAR_SALT_60_40_V10,UG0004,T2_graded_two_layer_fine_hot,SOLAR_SALT_60_40_V10,graded_two_layer,fine_hot,4.314497203317948,7.804744777196519,0.4399942140457851,0.015103646390985537,377.33001539439135,0.269974,0.10186929357608542,4.87722335594598,5.017496303499326,0.9720432384861917,0.0014743631067059356,2446.8073627074014,0.5979662749667123,1.3278366825679913,2.1735368000227027,-2.4554480670957446e-08,6.5068395116441025e-09
UG0004_T2_graded_two_layer_fine_hot__SOLAR_SALT_60_40_V10,UG0004,T2_graded_two_layer_fine_hot,SOLAR_SALT_60_40_V10,graded_two_layer,fine_hot,4.314497203317948,7.804744777196519,0.4399942140457851,0.015103646390985537,377.33001539439135,0.325696,0.12289487669389168,4.868493560198801,5.017496303499326,0.9703033675985757,0.0017859342039185909,2063.55443676817,0.5979662749667123,1.3735242808709078,1.8638699000002816,-2.0088075647350934e-08,4.170930267832773e-09
UG0004_T2_graded_two_layer_fine_hot__SOLAR_SALT_60_40_V10,UG0004,T2_graded_two_layer_fine_hot,SOLAR_SALT_60_40_V10,graded_two_layer,fine_hot,4.314497203317948,7.804744777196519,0.4399942140457851,0.015103646390985537,377.33001539439135,0.392923,0.14826164163881045,4.858671912259675,5.017496303499326,0.9683458877430796,0.002165145046097719,1741.339219463333,0.5979662749667123,1.423173875698552,1.5459475999814458,-1.67867719724768e-08,3.5533576081547835e-09
UG0004_T2_graded_two_layer_fine_hot__SOLAR_SALT_60_40_V10,UG0004,T2_graded_two_layer_fine_hot,SOLAR_SALT_60_40_V10,graded_two_layer,fine_hot,4.314497203317948,7.804744777196519,0.4399942140457851,0.015103646390985537,377.33001539439135,0.47403,0.17886574719740334,4.8477103841523945,5.017496303499326,0.9661612268197352,0.0026274662990923743,1470.3131505842869,0.5979662749667123,1.4772473032000002,1.2506181999924593,-1.3229806139491984e-08,2.2075452577041688e-09
UG0004_T2_graded_two_layer_fine_hot__SOLAR_SALT_60_40_V10,UG0004,T2_graded_two_layer_fine_hot,SOLAR_SALT_60_40_V10,graded_two_layer,fine_hot,4.314497203317948,7.804744777196519,0.4399942140457851,0.015103646390985537,377.33001539439135,0.571866,0.215782206583529,4.835564531508561,5.017496303499326,0.9637405269508857,0.003192154425204845,1242.260346921211,0.5979662749667123,1.5362583758013324,1.0704317999770865,-9.829226321755868e-09,1.8445467375727276e-09
UG0004_T2_graded_two_layer_fine_hot__SOLAR_SALT_60_40_V10,UG0004,T2_graded_two_layer_fine_hot,SOLAR_SALT_60_40_V10,graded_two_layer,fine_hot,4.314497203317948,7.804744777196519,0.4399942140457851,0.015103646390985537,377.33001539439135,0.689885,0.2603143176703597,4.822190116869602,5.017496303499326,0.9610749714965386,0.0038835337561821527,1050.2482157431916,0.5979662749667123,1.600801201584938,0.888421899988316,-7.545686298016108e-09,1.4764411915280107e-09
UG0004_T2_graded_two_layer_fine_hot__SOLAR_SALT_60_40_V10,UG0004,T2_graded_two_layer_fine_hot,SOLAR_SALT_60_40_V10,graded_two_layer,fine_hot,4.314497203317948,7.804744777196519,0.4399942140457851,0.015103646390985537,377.33001539439135,0.832247,0.31403177332193605,4.807539908644796,5.017496303499326,0.9581551470784142,0.004732360241970543,888.4856584680703,0.5979662749667123,1.6715456632800543,0.7514331999700516,-6.397848917316651e-09,8.451239708051617e-10
UG0004_T2_graded_two_layer_fine_hot__SOLAR_SALT_60_40_V10,UG0004,T2_graded_two_layer_fine_hot,SOLAR_SALT_60_40_V10,graded_two_layer,fine_hot,4.314497203317948,7.804744777196519,0.4399942140457851,0.015103646390985537,377.33001539439135,1.0,0.37733001539439137,4.791912682577504,5.017496303499326,0.9550406004754813,0.005753407447480176,754.7676074493003,0.5979662749667123,1.7475330052587155,0.6012334999977611,-5.2158721786099704e-09,-7.226441667285144e-11
UG0004_T2_graded_two_layer_fine_hot__NREL_MGCL2_KCL_NACL_BASELINE_V10,UG0004,T2_graded_two_layer_fine_hot,NREL_MGCL2_KCL_NACL_BASELINE_V10,graded_two_layer,fine_hot,4.314497203317948,7.804744777196519,0.4399942140457851,0.015103646390985537,377.33001539439135,0.05,0.01886650076971957,4.265942339840679,4.356537467738826,0.9792047862392957,0.0010546835723248321,10608.048415571451,0.3874648884584792,0.9096694391221868,10.435191199998371,-8.960073794028744e-08,8.98646268510106e-08
UG0004_T2_graded_two_layer_fine_hot__NREL_MGCL2_KCL_NACL_BASELINE_V10,UG0004,T2_graded_two_layer_fine_hot,NREL_MGCL2_KCL_NACL_BASELINE_V10,graded_two_layer,fine_hot,4.314497203317948,7.804744777196519,0.4399942140457851,0.015103646390985537,377.33001539439135,0.060295,0.022751113278204827,4.263229585344022,4.356537467738826,0.9785821003295002,0.001272404592528135,8918.89776335819,0.3874648884584792,0.9306607008321095,8.575029400002677,-7.401752544211604e-08,7.185720907187942e-08
UG0004_T2_graded_two_layer_fine_hot__NREL_MGCL2_KCL_NACL_BASELINE_V10,UG0004,T2_graded_two_layer_fine_hot,NREL_MGCL2_KCL_NACL_BASELINE_V10,graded_two_layer,fine_hot,4.314497203317948,7.804744777196519,0.4399942140457851,0.015103646390985537,377.33001539439135,0.072707,0.02743453342928001,4.260022159761936,4.356537467738826,0.9778458675745113,0.0015351514357842039,7501.834261178345,0.3874648884584792,0.9529342649146942,7.111265899962746,-6.37627395327911e-08,6.18140205688178e-08
UG0004_T2_graded_two_layer_fine_hot__NREL_MGCL2_KCL_NACL_BASELINE_V10,UG0004,T2_graded_two_layer_fine_hot,NREL_MGCL2_KCL_NACL_BASELINE_V10,graded_two_layer,fine_hot,4.314497203317948,7.804744777196519,0.4399942140457851,0.015103646390985537,377.33001539439135,0.087675,0.03308240909970327,4.256245213400019,4.356537467738826,0.9769789069687811,0.0018523764978646174,6312.353668980481,0.3874648884584792,0.9766127111012697,5.892295999976341,-5.2794801863598195e-08,4.580427148681565e-08
UG0004_T2_graded_two_layer_fine_hot__NREL_MGCL2_KCL_NACL_BASELINE_V10,UG0004,T2_graded_two_layer_fine_hot,NREL_MGCL2_KCL_NACL_BASELINE_V10,graded_two_layer,fine_hot,4.314497203317948,7.804744777196519,0.4399942140457851,0.015103646390985537,377.33001539439135,0.105736,0.039897366507741366,4.25181942205126,4.356537467738826,0.9759630104267376,0.0022356929863769793,5313.125854086712,0.3874648884584792,1.0018411337740287,4.853099400002975,-4.1026737562788185e-08,3.702254058879362e-08
UG0004_T2_graded_two_layer_fine_hot__NREL_MGCL2_KCL_NACL_BASELINE_V10,UG0004,T2_graded_two_layer_fine_hot,NREL_MGCL2_KCL_NACL_BASELINE_V10,graded_two_layer,fine_hot,4.314497203317948,7.804744777196519,0.4399942140457851,0.015103646390985537,377.33001539439135,0.127532,0.04812165152327752,4.246667313410213,4.356537467738826,0.9747803949484593,0.002699065073040006,4473.523230350039,0.3874648884584792,1.0287701432277205,4.037695800012443,-3.190863129276522e-08,2.816014088580232e-08
UG0004_T2_graded_two_layer_fine_hot__NREL_MGCL2_KCL_NACL_BASELINE_V10,UG0004,T2_graded_two_layer_fine_hot,NREL_MGCL2_KCL_NACL_BASELINE_V10,graded_two_layer,fine_hot,4.314497203317948,7.804744777196519,0.4399942140457851,0.015103646390985537,377.33001539439135,0.153826,0.058043166948057646,4.240717954087898,4.356537467738826,0.9734147784774954,0.0032592065566105386,3768.1632313368077,0.3874648884584792,1.0575557417570591,3.3733301000320353,-2.6173252454242402e-08,2.056037562425672e-08
UG0004_T2_graded_two_layer_fine_hot__NREL_MGCL2_KCL_NACL_BASELINE_V10,UG0004,T2_graded_two_layer_fine_hot,NREL_MGCL2_KCL_NACL_BASELINE_V10,graded_two_layer,fine_hot,4.314497203317948,7.804744777196519,0.4399942140457851,0.015103646390985537,377.33001539439135,0.18554,0.07000981105627538,4.23390692049264,4.356537467738826,0.9718513732168509,0.0039364750008151,3175.5089597096917,0.3874648884584792,1.0883784320504246,2.8009250999893993,-2.0155777047392576e-08,1.7042278699364033e-08
UG0004_T2_graded_two_layer_fine_hot__NREL_MGCL2_KCL_NACL_BASELINE_V10,UG0004,T2_graded_two_layer_fine_hot,NREL_MGCL2_KCL_NACL_BASELINE_V10,graded_two_layer,fine_hot,4.314497203317948,7.804744777196519,0.4399942140457851,0.015103646390985537,377.33001539439135,0.223797,0.0844453254552186,4.2261755319478,4.356537467738826,0.9700767095987614,0.004755894675735619,2677.3037771883905,0.3874648884584792,1.1214523437207695,2.336241799988784,-1.7737533664075045e-08,1.4987144858480406e-08
UG0004_T2_graded_two_layer_fine_hot__NREL_MGCL2_KCL_NACL_BASELINE_V10,UG0004,T2_graded_two_layer_fine_hot,NREL_MGCL2_KCL_NACL_BASELINE_V10,graded_two_layer,fine_hot,4.314497203317948,7.804744777196519,0.4399942140457851,0.015103646390985537,377.33001539439135,0.269974,0.10186929357608542,4.217468613858613,4.356537467738826,0.9680781228418097,0.005748479299720932,2258.147394720752,0.3874648884584792,1.1570332773491334,1.9362384999985807,-1.447387765196595e-08,1.2872125587648497e-08
UG0004_T2_graded_two_layer_fine_hot__NREL_MGCL2_KCL_NACL_BASELINE_V10,UG0004,T2_graded_two_layer_fine_hot,NREL_MGCL2_KCL_NACL_BASELINE_V10,graded_two_layer,fine_hot,4.314497203317948,7.804744777196519,0.4399942140457851,0.015103646390985537,377.33001539439135,0.325696,0.12289487669389168,4.207743464263898,4.356537467738826,0.9658458111340068,0.006951373509157166,1905.5078419248148,0.3874648884584792,1.1953789300318673,1.6135865999967791,-1.0989442689179896e-08,1.0187584109644376e-08
UG0004_T2_graded_two_layer_fine_hot__NREL_MGCL2_KCL_NACL_BASELINE_V10,UG0004,T2_graded_two_layer_fine_hot,NREL_MGCL2_KCL_NACL_BASELINE_V10,graded_two_layer,fine_hot,4.314497203317948,7.804744777196519,0.4399942140457851,0.015103646390985537,377.33001539439135,0.392923,0.14826164163881045,4.196959438503685,4.356537467738826,0.9633704448964681,0.008410109998450323,1608.781378165529,0.3874648884584792,1.2367831418536728,1.3359003000077792,-1.0137335415549842e-08,7.711387084441412e-09
UG0004_T2_graded_two_layer_fine_hot__NREL_MGCL2_KCL_NACL_BASELINE_V10,UG0004,T2_graded_two_layer_fine_hot,NREL_MGCL2_KCL_NACL_BASELINE_V10,graded_two_layer,fine_hot,4.314497203317948,7.804744777196519,0.4399942140457851,0.015103646390985537,377.33001539439135,0.47403,0.17886574719740334,4.185074747891726,4.356537467738826,0.9606424319504145,0.010180910186800812,1358.9992198997854,0.3874648884584792,1.2815858481280773,1.1134955000015907,-7.696598913753405e-09,6.667333352083915e-09
UG0004_T2_graded_two_layer_fine_hot__NREL_MGCL2_KCL_NACL_BASELINE_V10,UG0004,T2_graded_two_layer_fine_hot,NREL_MGCL2_KCL_NACL_BASELINE_V10,graded_two_layer,fine_hot,4.314497203317948,7.804744777196519,0.4399942140457851,0.015103646390985537,377.33001539439135,0.571866,0.215782206583529,4.172046681915181,4.356537467738826,0.9576519685209087,0.012332794022700324,1148.6704838709063,0.3874648884584792,1.3301637062247609,0.9059181999764405,-5.938849412245872e-09,5.433653527120441e-09
UG0004_T2_graded_two_layer_fine_hot__NREL_MGCL2_KCL_NACL_BASELINE_V10,UG0004,T2_graded_two_layer_fine_hot,NREL_MGCL2_KCL_NACL_BASELINE_V10,graded_two_layer,fine_hot,4.314497203317948,7.804744777196519,0.4399942140457851,0.015103646390985537,377.33001539439135,0.689885,0.2603143176703597,4.15782710870289,4.356537467738826,0.9543880064139396,0.014951650022415148,971.4659634086703,0.3874648884584792,1.382952624305345,0.7616837000241503,-4.6944892417855044e-09,4.232547645699469e-09
UG0004_T2_graded_two_layer_fine_hot__NREL_MGCL2_KCL_NACL_BASELINE_V10,UG0004,T2_graded_two_layer_fine_hot,NREL_MGCL2_KCL_NACL_BASELINE_V10,graded_two_layer,fine_hot,4.314497203317948,7.804744777196519,0.4399942140457851,0.015103646390985537,377.33001539439135,0.832247,0.31403177332193605,4.142363642907438,4.356537467738826,0.950838521092176,0.018144221391899862,822.0920907070099,0.3874648884584792,1.4404429480118432,0.6283543000463396,-3.792854919026922e-09,3.3400615606637984e-09
UG0004_T2_graded_two_layer_fine_hot__NREL_MGCL2_KCL_NACL_BASELINE_V10,UG0004,T2_graded_two_layer_fine_hot,NREL_MGCL2_KCL_NACL_BASELINE_V10,graded_two_layer,fine_hot,4.314497203317948,7.804744777196519,0.4399942140457851,0.015103646390985537,377.33001539439135,1.0,0.37733001539439137,4.125964801599697,4.356537467738826,0.9470743295916602,0.021953277055715426,698.5540923526166,0.3874648884584792,1.5018064853837174,0.5066353000001982,-2.6364244121168667e-09,2.5161650540894698e-09
UG0004_T2_graded_two_layer_fine_hot__AIP_FLINAK_2017_V10,UG0004,T2_graded_two_layer_fine_hot,AIP_FLINAK_2017_V10,graded_two_layer,fine_hot,4.314497203317948,7.804744777196519,0.4399942140457851,0.015103646390985537,377.33001539439135,0.05,0.01886650076971957,5.790897130550524,5.9022965699883825,0.9811260857334254,0.0009929717491735624,13631.073065308463,0.8797564149903333,1.3676116662796205,14.029564400028903,-1.4991419217125213e-07,7.492970688360856e-08
UG0004_T2_graded_two_layer_fine_hot__AIP_FLINAK_2017_V10,UG0004,T2_graded_two_layer_fine_hot,AIP_FLINAK_2017_V10,graded_two_layer,fine_hot,4.314497203317948,7.804744777196519,0.4399942140457851,0.015103646390985537,377.33001539439135,0.060295,0.022751113278204827,5.789363094922598,5.9022965699883825,0.9808661808625441,0.0011975624014408837,11429.24588291519,0.8797564149903333,1.3968286257669704,11.652930099982768,-1.4186820607164918e-07,6.578810829438453e-08
UG0004_T2_graded_two_layer_fine_hot__AIP_FLINAK_2017_V10,UG0004,T2_graded_two_layer_fine_hot,AIP_FLINAK_2017_V10,graded_two_layer,fine_hot,4.314497203317948,7.804744777196519,0.4399942140457851,0.015103646390985537,377.33001539439135,0.072707,0.02743453342928001,5.787530477280333,5.9022965699883825,0.9805556885617025,0.001444286360208193,9585.448918947966,0.8797564149903333,1.4275422455863267,9.668492300028447,-1.0250609250306297e-07,5.206715059102862e-08
UG0004_T2_graded_two_layer_fine_hot__AIP_FLINAK_2017_V10,UG0004,T2_graded_two_layer_fine_hot,AIP_FLINAK_2017_V10,graded_two_layer,fine_hot,4.314497203317948,7.804744777196519,0.4399942140457851,0.015103646390985537,377.33001539439135,0.087675,0.03308240909970327,5.785341359487305,5.9022965699883825,0.9801847960172378,0.001741909079100606,8040.750406164635,0.8797564149903333,1.4598717935758627,8.01829389994964,-8.230867099001671e-08,4.214109061706495e-08
UG0004_T2_graded_two_layer_fine_hot__AIP_FLINAK_2017_V10,UG0004,T2_graded_two_layer_fine_hot,AIP_FLINAK_2017_V10,graded_two_layer,fine_hot,4.314497203317948,7.804744777196519,0.4399942140457851,0.015103646390985537,377.33001539439135,0.105736,0.039897366507741366,5.782726816687943,5.9022965699883825,0.9797418255957486,0.0021011652027773955,6745.769913772828,0.8797564149903333,1.4939595583039351,6.616269699996337,-7.034263171945554e-08,3.5381897411923546e-08
UG0004_T2_graded_two_layer_fine_hot__AIP_FLINAK_2017_V10,UG0004,T2_graded_two_layer_fine_hot,AIP_FLINAK_2017_V10,graded_two_layer,fine_hot,4.314497203317948,7.804744777196519,0.4399942140457851,0.015103646390985537,377.33001539439135,0.127532,0.04812165152327752,5.779607961554224,5.9022965699883825,0.9792134117661934,0.0025349080066912845,5660.018505363617,0.8797564149903333,1.5299466209967907,5.48927039996488,-5.6004478832250015e-08,2.608901983336409e-08
UG0004_T2_graded_two_layer_fine_hot__AIP_FLINAK_2017_V10,UG0004,T2_graded_two_layer_fine_hot,AIP_FLINAK_2017_V10,graded_two_layer,fine_hot,4.314497203317948,7.804744777196519,0.4399942140457851,0.015103646390985537,377.33001539439135,0.153826,0.058043166948057646,5.775896677714053,5.9022965699883825,0.9785846253614163,0.003058442150621581,4749.965328835552,0.8797564149903333,1.5679723584707228,4.532160600007046,-4.4561088152761386e-08,2.0667378919370094e-08
UG0004_T2_graded_two_layer_fine_hot__AIP_FLINAK_2017_V10,UG0004,T2_graded_two_layer_fine_hot,AIP_FLINAK_2017_V10,graded_two_layer,fine_hot,4.314497203317948,7.804744777196519,0.4399942140457851,0.015103646390985537,377.33001539439135,0.18554,0.07000981105627538,5.771494811717431,5.9022965699883825,0.97783883667655,0.003690301045174133,3987.1950211302214,0.8797564149903333,1.6081990556616899,3.7183110999758355,-3.6593472696466733e-08,1.599818055808555e-08
UG0004_T2_graded_two_layer_fine_hot__AIP_FLINAK_2017_V10,UG0004,T2_graded_two_layer_fine_hot,AIP_FLINAK_2017_V10,graded_two_layer,fine_hot,4.314497203317948,7.804744777196519,0.4399942140457851,0.015103646390985537,377.33001539439135,0.223797,0.0844453254552186,5.766294957983134,5.9022965699883825,0.976957848459059,0.004453114553671102,3347.6529625872827,0.8797564149903333,1.6508220057530787,3.166180700005498,-2.8998536905078254e-08,1.1722622872412103e-08
UG0004_T2_graded_two_layer_fine_hot__AIP_FLINAK_2017_V10,UG0004,T2_graded_two_layer_fine_hot,AIP_FLINAK_2017_V10,graded_two_layer,fine_hot,4.314497203317948,7.804744777196519,0.4399942140457851,0.015103646390985537,377.33001539439135,0.269974,0.10186929357608542,5.760182355555312,5.9022965699883825,0.9759222172678202,0.005374711770731795,2811.0764198605825,0.8797564149903333,1.6960773832247815,2.6162083000526763,-2.4068180781711135e-08,9.400147327198738e-09
UG0004_T2_graded_two_layer_fine_hot__AIP_FLINAK_2017_V10,UG0004,T2_graded_two_layer_fine_hot,AIP_FLINAK_2017_V10,graded_two_layer,fine_hot,4.314497203317948,7.804744777196519,0.4399942140457851,0.015103646390985537,377.33001539439135,0.325696,0.12289487669389168,5.7530462344734845,5.9022965699883825,0.9747131758384023,0.00648806760947692,2360.984287950238,0.8797564149903333,1.744189765915946,2.194808500004001,-1.9760648672928482e-08,6.971712096515148e-09
UG0004_T2_graded_two_layer_fine_hot__AIP_FLINAK_2017_V10,UG0004,T2_graded_two_layer_fine_hot,AIP_FLINAK_2017_V10,graded_two_layer,fine_hot,4.314497203317948,7.804744777196519,0.4399942140457851,0.015103646390985537,377.33001539439135,0.392923,0.14826164163881045,5.744780997207075,5.9022965699883825,0.9733128332482931,0.007833134079752562,1983.450841988366,0.8797564149903333,1.795414908316486,1.8035034000058658,-1.6674528424687196e-08,6.792610918182618e-09
UG0004_T2_graded_two_layer_fine_hot__AIP_FLINAK_2017_V10,UG0004,T2_graded_two_layer_fine_hot,AIP_FLINAK_2017_V10,graded_two_layer,fine_hot,4.314497203317948,7.804744777196519,0.4399942140457851,0.015103646390985537,377.33001539439135,0.47403,0.17886574719740334,5.735288290868973,5.9022965699883825,0.9717045260028779,0.009458579444246011,1666.7155065595746,0.8797564149903333,1.8500497583002085,1.469115799991414,-1.3829448697322277e-08,4.764411087876397e-09
UG0004_T2_graded_two_layer_fine_hot__AIP_FLINAK_2017_V10,UG0004,T2_graded_two_layer_fine_hot,AIP_FLINAK_2017_V10,graded_two_layer,fine_hot,4.314497203317948,7.804744777196519,0.4399942140457851,0.015103646390985537,377.33001539439135,0.571866,0.215782206583529,5.72448131264221,5.9022965699883825,0.9698735474848357,0.011423172163654398,1400.967743122671,0.8797564149903333,1.9084185854214268,1.221939300012309,-1.2281242689482497e-08,4.5816461735626035e-09
UG0004_T2_graded_two_layer_fine_hot__AIP_FLINAK_2017_V10,UG0004,T2_graded_two_layer_fine_hot,AIP_FLINAK_2017_V10,graded_two_layer,fine_hot,4.314497203317948,7.804744777196519,0.4399942140457851,0.015103646390985537,377.33001539439135,0.689885,0.2603143176703597,5.712281642517208,5.9022965699883825,0.9678066113388221,0.01379870301135673,1177.9322624460212,0.8797564149903333,1.9708978790691392,1.0077732999925502,-1.0102396696964888e-08,2.4986013258399e-09
UG0004_T2_graded_two_layer_fine_hot__AIP_FLINAK_2017_V10,UG0004,T2_graded_two_layer_fine_hot,AIP_FLINAK_2017_V10,graded_two_layer,fine_hot,4.314497203317948,7.804744777196519,0.4399942140457851,0.015103646390985537,377.33001539439135,0.832247,0.31403177332193605,5.69861767956805,5.9022965699883825,0.9654915865366737,0.01667244603964776,990.697717276041,0.8797564149903333,2.03790754080342,0.8511062000179663,-7.814460190047612e-09,2.3668622617378787e-09
UG0004_T2_graded_two_layer_fine_hot__AIP_FLINAK_2017_V10,UG0004,T2_graded_two_layer_fine_hot,AIP_FLINAK_2017_V10,graded_two_layer,fine_hot,4.314497203317948,7.804744777196519,0.4399942140457851,0.015103646390985537,377.33001539439135,1.0,0.37733001539439137,5.683756606671883,5.9022965699883825,0.9629737406914256,0.0200702821725214,836.5207401539525,0.8797564149903333,2.108344561184323,0.7045950000174344,-6.50495213250224e-09,1.322031373263144e-09
UG0004_T2_graded_two_layer_fine_hot__AIP_LINAK_CARBONATE_2017_V10,UG0004,T2_graded_two_layer_fine_hot,AIP_LINAK_CARBONATE_2017_V10,graded_two_layer,fine_hot,4.314497203317948,7.804744777196519,0.4399942140457851,0.015103646390985537,377.33001539439135,0.05,0.01886650076971957,5.327044714615107,5.432572031664241,0.9805750726480831,0.0029129987893154923,11765.062726250831,0.7301591008392905,1.0701562053469975,12.866670799965505,-1.63439028977308e-07,6.66453559006186e-08
UG0004_T2_graded_two_layer_fine_hot__AIP_LINAK_CARBONATE_2017_V10,UG0004,T2_graded_two_layer_fine_hot,AIP_LINAK_CARBONATE_2017_V10,graded_two_layer,fine_hot,4.314497203317948,7.804744777196519,0.4399942140457851,0.015103646390985537,377.33001539439135,0.060295,0.022751113278204827,5.325072567856428,5.432572031664241,0.9802120499864074,0.0035129790735068628,9885.997058573144,0.7301591008392905,1.0945913022143436,10.655833999975584,-1.3571174184434653e-07,5.617781795308474e-08
UG0004_T2_graded_two_layer_fine_hot__AIP_LINAK_CARBONATE_2017_V10,UG0004,T2_graded_two_layer_fine_hot,AIP_LINAK_CARBONATE_2017_V10,graded_two_layer,fine_hot,4.314497203317948,7.804744777196519,0.4399942140457851,0.015103646390985537,377.33001539439135,0.072707,0.02743453342928001,5.322723045072317,5.432572031664241,0.979779561881249,0.004236423593252638,8309.005144770703,0.7301591008392905,1.1201876641801454,8.863925300014671,-1.0896091806600339e-07,4.552509480504341e-08
UG0004_T2_graded_two_layer_fine_hot__AIP_LINAK_CARBONATE_2017_V10,UG0004,T2_graded_two_layer_fine_hot,AIP_LINAK_CARBONATE_2017_V10,graded_two_layer,fine_hot,4.314497203317948,7.804744777196519,0.4399942140457851,0.015103646390985537,377.33001539439135,0.087675,0.03308240909970327,5.319926548561385,5.432572031664241,0.9792647971446506,0.0051089748317633904,6984.9102181431235,0.7301591008392905,1.1470289217199023,7.360823999973945,-9.271978740343911e-08,3.88965526454399e-08
UG0004_T2_graded_two_layer_fine_hot__AIP_LINAK_CARBONATE_2017_V10,UG0004,T2_graded_two_layer_fine_hot,AIP_LINAK_CARBONATE_2017_V10,graded_two_layer,fine_hot,4.314497203317948,7.804744777196519,0.4399942140457851,0.015103646390985537,377.33001539439135,0.105736,0.039897366507741366,5.316602385943371,5.432572031664241,0.9786529023370643,0.006162017062331078,5872.41453865052,0.7301591008392905,1.175215347805592,6.067422799998894,-7.273497359960857e-08,2.9248359290079406e-08
UG0004_T2_graded_two_layer_fine_hot__AIP_LINAK_CARBONATE_2017_V10,UG0004,T2_graded_two_layer_fine_hot,AIP_LINAK_CARBONATE_2017_V10,graded_two_layer,fine_hot,4.314497203317948,7.804744777196519,0.4399942140457851,0.015103646390985537,377.33001539439135,0.127532,0.04812165152327752,5.312661572988866,5.432572031664241,0.9779274976978739,0.00743309883374542,4937.600828569439,0.7301591008392905,1.2048434168387623,5.044421800004784,-5.936356961555589e-08,2.3600765786113698e-08
UG0004_T2_graded_two_layer_fine_hot__AIP_LINAK_CARBONATE_2017_V10,UG0004,T2_graded_two_layer_fine_hot,AIP_LINAK_CARBONATE_2017_V10,graded_two_layer,fine_hot,4.314497203317948,7.804744777196519,0.4399942140457851,0.015103646390985537,377.33001539439135,0.153826,0.058043166948057646,5.308009419511363,5.432572031664241,0.9770711531431422,0.008966886237692002,4152.329947161055,0.7301591008392905,1.236005287048216,4.16099010000471,-4.445503964944919e-08,1.887245915099811e-08
UG0004_T2_graded_two_layer_fine_hot__AIP_LINAK_CARBONATE_2017_V10,UG0004,T2_graded_two_layer_fine_hot,AIP_LINAK_CARBONATE_2017_V10,graded_two_layer,fine_hot,4.314497203317948,7.804744777196519,0.4399942140457851,0.015103646390985537,377.33001539439135,0.18554,0.07000981105627538,5.302546328697258,5.432572031664241,0.9760655354021786,0.010817408736682563,3492.698297893074,0.7301591008392905,1.2688087620769095,3.4542971000191756,-4.017141064238672e-08,1.4870149556145407e-08
UG0004_T2_graded_two_layer_fine_hot__AIP_LINAK_CARBONATE_2017_V10,UG0004,T2_graded_two_layer_fine_hot,AIP_LINAK_CARBONATE_2017_V10,graded_two_layer,fine_hot,4.314497203317948,7.804744777196519,0.4399942140457851,0.015103646390985537,377.33001539439135,0.223797,0.0844453254552186,5.296169998016105,5.432572031664241,0.9748918131498111,0.013050553364275122,2938.4206336280763,0.7301591008392905,1.3033849210702273,2.870537999959197,-3.0944280471345564e-08,1.174140784598876e-08
UG0004_T2_graded_two_layer_fine_hot__AIP_LINAK_CARBONATE_2017_V10,UG0004,T2_graded_two_layer_fine_hot,AIP_LINAK_CARBONATE_2017_V10,graded_two_layer,fine_hot,4.314497203317948,7.804744777196519,0.4399942140457851,0.015103646390985537,377.33001539439135,0.269974,0.10186929357608542,5.288777647807248,5.432572031664241,0.9735310672331864,0.015747223172531345,2472.3679474175065,0.7301591008392905,1.339893660057799,2.4288615999976173,-2.5800916958473863e-08,9.018297220109162e-09
UG0004_T2_graded_two_layer_fine_hot__AIP_LINAK_CARBONATE_2017_V10,UG0004,T2_graded_two_layer_fine_hot,AIP_LINAK_CARBONATE_2017_V10,graded_two_layer,fine_hot,4.314497203317948,7.804744777196519,0.4399942140457851,0.015103646390985537,377.33001539439135,0.325696,0.12289487669389168,5.280278534411928,5.432572031664241,0.9719665940249561,0.01900308017004828,2080.58730578256,0.7301591008392905,1.3784807077769852,2.0060526999877766,-2.1328394606001666e-08,6.441314148730726e-09
UG0004_T2_graded_two_layer_fine_hot__AIP_LINAK_CARBONATE_2017_V10,UG0004,T2_graded_two_layer_fine_hot,AIP_LINAK_CARBONATE_2017_V10,graded_two_layer,fine_hot,4.314497203317948,7.804744777196519,0.4399942140457851,0.015103646390985537,377.33001539439135,0.392923,0.14826164163881045,5.270590883473087,5.432572031664241,0.9701833409208322,0.02293375956897342,1751.2608921647675,0.7301591008392905,1.4193118624753056,1.647168800001964,-1.6917878209454784e-08,4.191447189327846e-09
UG0004_T2_graded_two_layer_fine_hot__AIP_LINAK_CARBONATE_2017_V10,UG0004,T2_graded_two_layer_fine_hot,AIP_LINAK_CARBONATE_2017_V10,graded_two_layer,fine_hot,4.314497203317948,7.804744777196519,0.4399942140457851,0.015103646390985537,377.33001539439135,0.47403,0.17886574719740334,5.25963991383492,5.432572031664241,0.9681675425891509,0.0276797421893477,1474.3838881995127,0.7301591008392905,1.4625801653304016,1.4020441999891773,-1.3898093786934851e-08,2.7566393612232787e-09
UG0004_T2_graded_two_layer_fine_hot__AIP_LINAK_CARBONATE_2017_V10,UG0004,T2_graded_two_layer_fine_hot,AIP_LINAK_CARBONATE_2017_V10,graded_two_layer,fine_hot,4.314497203317948,7.804744777196519,0.4399942140457851,0.015103646390985537,377.33001539439135,0.571866,0.215782206583529,5.247358325520473,5.432572031664241,0.9659068107952857,0.0334100904054369,1241.5923673889592,0.7301591008392905,1.5084940399655271,1.1534163000178523,-1.1448508807632152e-08,2.0796475652673507e-09
UG0004_T2_graded_two_layer_fine_hot__AIP_LINAK_CARBONATE_2017_V10,UG0004,T2_graded_two_layer_fine_hot,AIP_LINAK_CARBONATE_2017_V10,graded_two_layer,fine_hot,4.314497203317948,7.804744777196519,0.4399942140457851,0.015103646390985537,377.33001539439135,0.689885,0.2603143176703597,5.233680673146055,5.432572031664241,0.9633890986886268,0.0403305311685809,1045.8139406713476,0.7301591008392905,1.5572960882482028,0.9615404999931343,-8.988010335997387e-09,1.5418333276784324e-09
UG0004_T2_graded_two_layer_fine_hot__AIP_LINAK_CARBONATE_2017_V10,UG0004,T2_graded_two_layer_fine_hot,AIP_LINAK_CARBONATE_2017_V10,graded_two_layer,fine_hot,4.314497203317948,7.804744777196519,0.4399942140457851,0.015103646390985537,377.33001539439135,0.832247,0.31403177332193605,5.218538568081146,5.432572031664241,0.960601817640782,0.04868998065417173,881.1287179023709,0.7301591008392905,1.609255062412567,0.7813546999823302,-7.230993581686107e-09,8.954170738206813e-10
UG0004_T2_graded_two_layer_fine_hot__AIP_LINAK_CARBONATE_2017_V10,UG0004,T2_graded_two_layer_fine_hot,AIP_LINAK_CARBONATE_2017_V10,graded_two_layer,fine_hot,4.314497203317948,7.804744777196519,0.4399942140457851,0.015103646390985537,377.33001539439135,1.0,0.37733001539439137,5.202230681114721,5.432572031664241,0.9575999454389276,0.05855662604290851,745.2535317143293,0.7301591008392905,1.6634640863611123,0.6759158000349998,-5.969358340962572e-09,6.233014104850554e-10
UG0004_T2_graded_two_layer_fine_hot__AIP_LIF_NAK_CARBONATE_RECIPROCAL_2017_V10,UG0004,T2_graded_two_layer_fine_hot,AIP_LIF_NAK_CARBONATE_RECIPROCAL_2017_V10,graded_two_layer,fine_hot,4.314497203317948,7.804744777196519,0.4399942140457851,0.015103646390985537,377.33001539439135,0.05,0.01886650076971957,5.68695546743368,5.796368457672465,0.9811238724663961,0.0015753882491152755,14020.463820293404,0.8460205553478126,1.4391098129827469,13.673051299992949,-5.116350676459547e-08,1.7276879926697575e-07
UG0004_T2_graded_two_layer_fine_hot__AIP_LIF_NAK_CARBONATE_RECIPROCAL_2017_V10,UG0004,T2_graded_two_layer_fine_hot,AIP_LIF_NAK_CARBONATE_RECIPROCAL_2017_V10,graded_two_layer,fine_hot,4.314497203317948,7.804744777196519,0.4399942140457851,0.015103646390985537,377.33001539439135,0.060295,0.022751113278204827,5.685443992237184,5.796368457672465,0.9808631100239231,0.0018999086753415401,11753.362615057766,0.8460205553478126,1.4698582413975736,11.373927499982528,-4.2516978826512286e-08,1.3863103998090764e-07
UG0004_T2_graded_two_layer_fine_hot__AIP_LIF_NAK_CARBONATE_RECIPROCAL_2017_V10,UG0004,T2_graded_two_layer_fine_hot,AIP_LIF_NAK_CARBONATE_RECIPROCAL_2017_V10,graded_two_layer,fine_hot,4.314497203317948,7.804744777196519,0.4399942140457851,0.015103646390985537,377.33001539439135,0.072707,0.02743453342928001,5.683637350413603,5.796368457672465,0.9805514248995606,0.0022912286623099696,9855.026245316621,0.8460205553478126,1.5021173371721361,9.405539500003215,-3.5228719941216013e-08,1.1468839211659088e-07
UG0004_T2_graded_two_layer_fine_hot__AIP_LIF_NAK_CARBONATE_RECIPROCAL_2017_V10,UG0004,T2_graded_two_layer_fine_hot,AIP_LIF_NAK_CARBONATE_RECIPROCAL_2017_V10,graded_two_layer,fine_hot,4.314497203317948,7.804744777196519,0.4399942140457851,0.015103646390985537,377.33001539439135,0.087675,0.03308240909970327,5.681477973934146,5.796368457672465,0.9801788853525621,0.002763230777909247,8264.762982243597,0.8460205553478126,1.5360011355715761,7.85783029999584,-2.6138313735657448e-08,9.189593530578577e-08
UG0004_T2_graded_two_layer_fine_hot__AIP_LIF_NAK_CARBONATE_RECIPROCAL_2017_V10,UG0004,T2_graded_two_layer_fine_hot,AIP_LIF_NAK_CARBONATE_RECIPROCAL_2017_V10,graded_two_layer,fine_hot,4.314497203317948,7.804744777196519,0.4399942140457851,0.015103646390985537,377.33001539439135,0.105736,0.039897366507741366,5.67889727308522,5.796368457672465,0.9797336581611281,0.003332910020534671,6931.714440284123,0.8460205553478126,1.5716460391654228,6.477782499976456,-2.1642831971036003e-08,7.60743246175366e-08
UG0004_T2_graded_two_layer_fine_hot__AIP_LIF_NAK_CARBONATE_RECIPROCAL_2017_V10,UG0004,T2_graded_two_layer_fine_hot,AIP_LIF_NAK_CARBONATE_RECIPROCAL_2017_V10,graded_two_layer,fine_hot,4.314497203317948,7.804744777196519,0.4399942140457851,0.015103646390985537,377.33001539439135,0.127532,0.04812165152327752,5.67581659224001,5.796368457672465,0.9792021735138519,0.004020605570154639,5814.176888724314,0.8460205553478126,1.6091851927138205,5.3747727000154555,-1.7762358250905663e-08,6.000153707219624e-08
UG0004_T2_graded_two_layer_fine_hot__AIP_LIF_NAK_CARBONATE_RECIPROCAL_2017_V10,UG0004,T2_graded_two_layer_fine_hot,AIP_LIF_NAK_CARBONATE_RECIPROCAL_2017_V10,graded_two_layer,fine_hot,4.314497203317948,7.804744777196519,0.4399942140457851,0.015103646390985537,377.33001539439135,0.153826,0.058043166948057646,5.672147952226128,5.796368457672465,0.9785692530843325,0.00485052102767797,4877.611020820455,0.8460205553478126,1.6487478874443284,4.392348000023048,-1.9666812622887164e-08,4.7717452211770706e-08
UG0004_T2_graded_two_layer_fine_hot__AIP_LIF_NAK_CARBONATE_RECIPROCAL_2017_V10,UG0004,T2_graded_two_layer_fine_hot,AIP_LIF_NAK_CARBONATE_RECIPROCAL_2017_V10,graded_two_layer,fine_hot,4.314497203317948,7.804744777196519,0.4399942140457851,0.015103646390985537,377.33001539439135,0.18554,0.07000981105627538,5.667793300844502,5.796368457672465,0.9778179807293355,0.005851946101961471,4092.74545193823,0.8460205553478126,1.6904850200123396,3.6768272999906912,-1.9215873336975164e-08,4.014013565978303e-08
UG0004_T2_graded_two_layer_fine_hot__AIP_LIF_NAK_CARBONATE_RECIPROCAL_2017_V10,UG0004,T2_graded_two_layer_fine_hot,AIP_LIF_NAK_CARBONATE_RECIPROCAL_2017_V10,graded_two_layer,fine_hot,4.314497203317948,7.804744777196519,0.4399942140457851,0.015103646390985537,377.33001539439135,0.223797,0.0844453254552186,5.662645203477673,5.796368457672465,0.9769298216337875,0.007060616033670391,3434.80005242223,0.8460205553478126,1.7345791399104875,3.0638661999837495,-1.5845702527883532e-08,3.170186335665903e-08
UG0004_T2_graded_two_layer_fine_hot__AIP_LIF_NAK_CARBONATE_RECIPROCAL_2017_V10,UG0004,T2_graded_two_layer_fine_hot,AIP_LIF_NAK_CARBONATE_RECIPROCAL_2017_V10,graded_two_layer,fine_hot,4.314497203317948,7.804744777196519,0.4399942140457851,0.015103646390985537,377.33001539439135,0.269974,0.10186929357608542,5.656588614994078,5.796368457672465,0.9758849280029179,0.008520435460174084,2882.9004575578083,0.8460205553478126,1.78125199193486,2.54208360001212,-1.2029055529438892e-08,2.618090189088207e-08
UG0004_T2_graded_two_layer_fine_hot__AIP_LIF_NAK_CARBONATE_RECIPROCAL_2017_V10,UG0004,T2_graded_two_layer_fine_hot,AIP_LIF_NAK_CARBONATE_RECIPROCAL_2017_V10,graded_two_layer,fine_hot,4.314497203317948,7.804744777196519,0.4399942140457851,0.015103646390985537,377.33001539439135,0.325696,0.12289487669389168,5.649512700027391,5.796368457672465,0.9746641783182909,0.010283359988170997,2420.066828017775,0.8460205553478126,1.8307099322458675,2.0696626999997534,-9.706480064153311e-09,2.306952406883056e-08
UG0004_T2_graded_two_layer_fine_hot__AIP_LIF_NAK_CARBONATE_RECIPROCAL_2017_V10,UG0004,T2_graded_two_layer_fine_hot,AIP_LIF_NAK_CARBONATE_RECIPROCAL_2017_V10,graded_two_layer,fine_hot,4.314497203317948,7.804744777196519,0.4399942140457851,0.015103646390985537,377.33001539439135,0.392923,0.14826164163881045,5.641311181267083,5.796368457672465,0.9732492374255234,0.01241224855247706,2031.951786438875,0.8460205553478126,1.8831878493086311,1.714919199992437,-8.070266677151494e-09,1.9674040174777474e-08
UG0004_T2_graded_two_layer_fine_hot__AIP_LIF_NAK_CARBONATE_RECIPROCAL_2017_V10,UG0004,T2_graded_two_layer_fine_hot,AIP_LIF_NAK_CARBONATE_RECIPROCAL_2017_V10,graded_two_layer,fine_hot,4.314497203317948,7.804744777196519,0.4399942140457851,0.015103646390985537,377.33001539439135,0.47403,0.17886574719740334,5.631885210581891,5.796368457672465,0.9716230518657155,0.014983545591935864,1706.4386534877983,0.8460205553478126,1.938958847834647,1.4506386000430211,-6.037381705681355e-09,1.5267453967737765e-08
UG0004_T2_graded_two_layer_fine_hot__AIP_LIF_NAK_CARBONATE_RECIPROCAL_2017_V10,UG0004,T2_graded_two_layer_fine_hot,AIP_LIF_NAK_CARBONATE_RECIPROCAL_2017_V10,graded_two_layer,fine_hot,4.314497203317948,7.804744777196519,0.4399942140457851,0.015103646390985537,377.33001539439135,0.571866,0.215782206583529,5.621147488049852,5.796368457672465,0.9697705604979824,0.018089367985146432,1433.419672673018,0.8460205553478126,1.9983194653232168,1.2086960000451654,-4.291955679747161e-09,1.2776513180767779e-08
UG0004_T2_graded_two_layer_fine_hot__AIP_LIF_NAK_CARBONATE_RECIPROCAL_2017_V10,UG0004,T2_graded_two_layer_fine_hot,AIP_LIF_NAK_CARBONATE_RECIPROCAL_2017_V10,graded_two_layer,fine_hot,4.314497203317948,7.804744777196519,0.4399942140457851,0.015103646390985537,377.33001539439135,0.689885,0.2603143176703597,5.609017958689323,5.796368457672465,0.967677952091684,0.02184197686598991,1204.3690532276369,0.8460205553478126,2.061614430723482,1.014809799962677,-3.6360137123381264e-09,1.043103381448418e-08
UG0004_T2_graded_two_layer_fine_hot__AIP_LIF_NAK_CARBONATE_RECIPROCAL_2017_V10,UG0004,T2_graded_two_layer_fine_hot,AIP_LIF_NAK_CARBONATE_RECIPROCAL_2017_V10,graded_two_layer,fine_hot,4.314497203317948,7.804744777196519,0.4399942140457851,0.015103646390985537,377.33001539439135,0.832247,0.31403177332193605,5.595423031560959,5.796368457672465,0.9653325306044821,0.026377448824992242,1012.1663147661804,0.8460205553478126,2.1292269235747128,0.8335664999904111,-2.5232593792168245e-09,7.687872560779851e-09
UG0004_T2_graded_two_layer_fine_hot__AIP_LIF_NAK_CARBONATE_RECIPROCAL_2017_V10,UG0004,T2_graded_two_layer_fine_hot,AIP_LIF_NAK_CARBONATE_RECIPROCAL_2017_V10,graded_two_layer,fine_hot,4.314497203317948,7.804744777196519,0.4399942140457851,0.015103646390985537,377.33001539439135,1.0,0.37733001539439137,5.580627680377755,5.796368457672465,0.9627800097819625,0.03173424808400079,853.9716607216914,0.8460205553478126,2.200007238413145,0.7015468999743462,-1.7716383915455935e-09,6.374922811858141e-09
UG0004_T3_graded_two_layer_coarse_hot__SOLAR_SALT_60_40_V10,UG0004,T3_graded_two_layer_coarse_hot,SOLAR_SALT_60_40_V10,graded_two_layer,coarse_hot,4.314497203317948,7.804744777196519,0.4399942140457851,0.015103646390985537,377.33001539439135,0.05,0.01886650076971957,4.914683549862061,5.017496303499326,0.9795091520913407,0.00026865299567241184,11577.040660142398,0.5979662749667123,1.041046270751893,11.89559760002885,-1.4468952702628712e-07,5.472207131873574e-08
UG0004_T3_graded_two_layer_coarse_hot__SOLAR_SALT_60_40_V10,UG0004,T3_graded_two_layer_coarse_hot,SOLAR_SALT_60_40_V10,graded_two_layer,coarse_hot,4.314497203317948,7.804744777196519,0.4399942140457851,0.015103646390985537,377.33001539439135,0.060295,0.022751113278204827,4.912047915816257,5.017496303499326,0.9789838634042388,0.00032421716937266765,9724.312655606076,0.5979662749667123,1.064794205256895,9.81085389998043,-1.1472989225325136e-07,4.002900233501805e-08
UG0004_T3_graded_two_layer_coarse_hot__SOLAR_SALT_60_40_V10,UG0004,T3_graded_two_layer_coarse_hot,SOLAR_SALT_60_40_V10,graded_two_layer,coarse_hot,4.314497203317948,7.804744777196519,0.4399942140457851,0.015103646390985537,377.33001539439135,0.072707,0.02743453342928001,4.908985681511069,5.017496303499326,0.9783735521812785,0.0003913200542288258,8171.742531063331,0.5979662749667123,1.0901191800936265,8.183898500050418,-9.467472361635032e-08,3.2335067956523744e-08
UG0004_T3_graded_two_layer_coarse_hot__SOLAR_SALT_60_40_V10,UG0004,T3_graded_two_layer_coarse_hot,SOLAR_SALT_60_40_V10,graded_two_layer,coarse_hot,4.314497203317948,7.804744777196519,0.4399942140457851,0.015103646390985537,377.33001539439135,0.087675,0.03308240909970327,4.905440509200285,5.017496303499326,0.9776669901638213,0.0004724054985394609,6869.944889657153,0.5979662749667123,1.1171823873018538,6.802664400020149,-7.889660036397572e-08,2.6456592472356988e-08
UG0004_T3_graded_two_layer_coarse_hot__SOLAR_SALT_60_40_V10,UG0004,T3_graded_two_layer_coarse_hot,SOLAR_SALT_60_40_V10,graded_two_layer,coarse_hot,4.314497203317948,7.804744777196519,0.4399942140457851,0.015103646390985537,377.33001539439135,0.105736,0.039897366507741366,4.901351144384978,5.017496303499326,0.9768519691716872,0.0005704853396056044,5777.544668921709,0.5979662749667123,1.1461741369902518,5.622173100011423,-6.003439967372515e-08,1.907078939211715e-08
UG0004_T3_graded_two_layer_coarse_hot__SOLAR_SALT_60_40_V10,UG0004,T3_graded_two_layer_coarse_hot,SOLAR_SALT_60_40_V10,graded_two_layer,coarse_hot,4.314497203317948,7.804744777196519,0.4399942140457851,0.015103646390985537,377.33001539439135,0.127532,0.04812165152327752,4.89665517078814,5.017496303499326,0.9759160494793173,0.0006891958185028826,4860.626267078362,0.5979662749667123,1.1772948753708319,4.658134100027382,-4.9932935564100944e-08,1.5834888955623683e-08
UG0004_T3_graded_two_layer_coarse_hot__SOLAR_SALT_60_40_V10,UG0004,T3_graded_two_layer_coarse_hot,SOLAR_SALT_60_40_V10,graded_two_layer,coarse_hot,4.314497203317948,7.804744777196519,0.4399942140457851,0.015103646390985537,377.33001539439135,0.153826,0.058043166948057646,4.891291001855304,5.017496303499326,0.974846956727003,0.0008329106122028879,4091.11003105415,0.5979662749667123,1.2107551869048123,3.8547905000159517,-4.1056735788913556e-08,1.3017409372650945e-08
UG0004_T3_graded_two_layer_coarse_hot__SOLAR_SALT_60_40_V10,UG0004,T3_graded_two_layer_coarse_hot,SOLAR_SALT_60_40_V10,graded_two_layer,coarse_hot,4.314497203317948,7.804744777196519,0.4399942140457851,0.015103646390985537,377.33001539439135,0.18554,0.07000981105627538,4.885196092583186,5.017496303499326,0.9736322255337049,0.0010069859727892586,3445.2015442164006,0.5979662749667123,1.2467982819382304,3.2173343000467867,-3.4099933987619124e-08,1.0689893414905782e-08
UG0004_T3_graded_two_layer_coarse_hot__SOLAR_SALT_60_40_V10,UG0004,T3_graded_two_layer_coarse_hot,SOLAR_SALT_60_40_V10,graded_two_layer,coarse_hot,4.314497203317948,7.804744777196519,0.4399942140457851,0.015103646390985537,377.33001539439135,0.223797,0.0844453254552186,4.87830600378687,5.017496303499326,0.9722590130030827,0.0012180470171989277,2902.7572732474578,0.5979662749667123,1.2857114630378226,2.6505527999834158,-2.9360180953119652e-08,7.827005710225876e-09
UG0004_T3_graded_two_layer_coarse_hot__SOLAR_SALT_60_40_V10,UG0004,T3_graded_two_layer_coarse_hot,SOLAR_SALT_60_40_V10,graded_two_layer,coarse_hot,4.314497203317948,7.804744777196519,0.4399942140457851,0.015103646390985537,377.33001539439135,0.269974,0.10186929357608542,4.870553275421177,5.017496303499326,0.9707138741735261,0.0014743631067059356,2446.8073627074014,0.5979662749667123,1.3278366825679913,2.1865625000209548,-2.4197632786382428e-08,6.5777605584571575e-09
UG0004_T3_graded_two_layer_coarse_hot__SOLAR_SALT_60_40_V10,UG0004,T3_graded_two_layer_coarse_hot,SOLAR_SALT_60_40_V10,graded_two_layer,coarse_hot,4.314497203317948,7.804744777196519,0.4399942140457851,0.015103646390985537,377.33001539439135,0.325696,0.12289487669389168,4.861876786984558,5.017496303499326,0.9689846275708794,0.0017859342039185909,2063.55443676817,0.5979662749667123,1.3735242808709078,1.8338441000087187,-1.9870061152005292e-08,4.39701608456744e-09
UG0004_T3_graded_two_layer_coarse_hot__SOLAR_SALT_60_40_V10,UG0004,T3_graded_two_layer_coarse_hot,SOLAR_SALT_60_40_V10,graded_two_layer,coarse_hot,4.314497203317948,7.804744777196519,0.4399942140457851,0.015103646390985537,377.33001539439135,0.392923,0.14826164163881045,4.852215385529161,5.017496303499326,0.9670590852543541,0.002165145046097719,1741.339219463333,0.5979662749667123,1.423173875698552,1.5333191999816336,-1.6581880313282227e-08,3.882316690351217e-09
UG0004_T3_graded_two_layer_coarse_hot__SOLAR_SALT_60_40_V10,UG0004,T3_graded_two_layer_coarse_hot,SOLAR_SALT_60_40_V10,graded_two_layer,coarse_hot,4.314497203317948,7.804744777196519,0.4399942140457851,0.015103646390985537,377.33001539439135,0.47403,0.17886574719740334,4.841506805522983,5.017496303499326,0.9649248375422613,0.0026274662990923743,1470.3131505842869,0.5979662749667123,1.4772473032000002,1.2919388000154868,-1.2992473763517864e-08,2.4554358546424737e-09
UG0004_T3_graded_two_layer_coarse_hot__SOLAR_SALT_60_40_V10,UG0004,T3_graded_two_layer_coarse_hot,SOLAR_SALT_60_40_V10,graded_two_layer,coarse_hot,4.314497203317948,7.804744777196519,0.4399942140457851,0.015103646390985537,377.33001539439135,0.571866,0.215782206583529,4.829688056748546,5.017496303499326,0.9625693303212206,0.003192154425204845,1242.260346921211,0.5979662749667123,1.5362583758013324,1.0662791000213474,-9.738643225176702e-09,1.9838797271631847e-09
UG0004_T3_graded_two_layer_coarse_hot__SOLAR_SALT_60_40_V10,UG0004,T3_graded_two_layer_coarse_hot,SOLAR_SALT_60_40_V10,graded_two_layer,coarse_hot,4.314497203317948,7.804744777196519,0.4399942140457851,0.015103646390985537,377.33001539439135,0.689885,0.2603143176703597,4.8166946215048885,5.017496303499326,0.9599797050464406,0.0038835337561821527,1050.2482157431916,0.5979662749667123,1.600801201584938,0.9103529999847524,-7.577971583572207e-09,1.744338007370061e-09
UG0004_T3_graded_two_layer_coarse_hot__SOLAR_SALT_60_40_V10,UG0004,T3_graded_two_layer_coarse_hot,SOLAR_SALT_60_40_V10,graded_two_layer,coarse_hot,4.314497203317948,7.804744777196519,0.4399942140457851,0.015103646390985537,377.33001539439135,0.832247,0.31403177332193605,4.802459069386933,5.017496303499326,0.9571425226636601,0.004732360241970543,888.4856584680703,0.5979662749667123,1.6715456632800543,0.7526804000372067,-6.2586380522589025e-09,8.36930524883428e-10
UG0004_T3_graded_two_layer_coarse_hot__SOLAR_SALT_60_40_V10,UG0004,T3_graded_two_layer_coarse_hot,SOLAR_SALT_60_40_V10,graded_two_layer,coarse_hot,4.314497203317948,7.804744777196519,0.4399942140457851,0.015103646390985537,377.33001539439135,1.0,0.37733001539439137,4.7872524812680615,5.017496303499326,0.9541118102925783,0.005753407447480176,754.7676074493003,0.5979662749667123,1.7475330052587155,0.6111539000412449,-5.163924843287759e-09,5.799805080641818e-11
UG0004_T3_graded_two_layer_coarse_hot__NREL_MGCL2_KCL_NACL_BASELINE_V10,UG0004,T3_graded_two_layer_coarse_hot,NREL_MGCL2_KCL_NACL_BASELINE_V10,graded_two_layer,coarse_hot,4.314497203317948,7.804744777196519,0.4399942140457851,0.015103646390985537,377.33001539439135,0.05,0.01886650076971957,4.2620228181525315,4.356537467738826,0.9783050988804304,0.0010546835723248321,10608.048415571451,0.3874648884584792,0.9096694391221868,10.318790599994827,-9.023167768518192e-08,9.080090013213749e-08
UG0004_T3_graded_two_layer_coarse_hot__NREL_MGCL2_KCL_NACL_BASELINE_V10,UG0004,T3_graded_two_layer_coarse_hot,NREL_MGCL2_KCL_NACL_BASELINE_V10,graded_two_layer,coarse_hot,4.314497203317948,7.804744777196519,0.4399942140457851,0.015103646390985537,377.33001539439135,0.060295,0.022751113278204827,4.258894723457741,4.356537467738826,0.9775870757444066,0.001272404592528135,8918.89776335819,0.3874648884584792,0.9306607008321095,8.526324899983592,-7.40993710834914e-08,7.285607672713468e-08
UG0004_T3_graded_two_layer_coarse_hot__NREL_MGCL2_KCL_NACL_BASELINE_V10,UG0004,T3_graded_two_layer_coarse_hot,NREL_MGCL2_KCL_NACL_BASELINE_V10,graded_two_layer,coarse_hot,4.314497203317948,7.804744777196519,0.4399942140457851,0.015103646390985537,377.33001539439135,0.072707,0.02743453342928001,4.255288296877214,4.356537467738826,0.9767592562645483,0.0015351514357842039,7501.834261178345,0.3874648884584792,0.9529342649146942,7.11023509997176,-6.4741167982163e-08,6.177873768109521e-08
UG0004_T3_graded_two_layer_coarse_hot__NREL_MGCL2_KCL_NACL_BASELINE_V10,UG0004,T3_graded_two_layer_coarse_hot,NREL_MGCL2_KCL_NACL_BASELINE_V10,graded_two_layer,coarse_hot,4.314497203317948,7.804744777196519,0.4399942140457851,0.015103646390985537,377.33001539439135,0.087675,0.03308240909970327,4.251148094077749,4.356537467738826,0.9758089137436533,0.0018523764978646174,6312.353668980481,0.3874648884584792,0.9766127111012697,5.874771400005557,-5.2112036907914216e-08,4.6040438128613914e-08
UG0004_T3_graded_two_layer_coarse_hot__NREL_MGCL2_KCL_NACL_BASELINE_V10,UG0004,T3_graded_two_layer_coarse_hot,NREL_MGCL2_KCL_NACL_BASELINE_V10,graded_two_layer,coarse_hot,4.314497203317948,7.804744777196519,0.4399942140457851,0.015103646390985537,377.33001539439135,0.105736,0.039897366507741366,4.24641525343815,4.356537467738826,0.9747225370799275,0.0022356929863769793,5313.125854086712,0.3874648884584792,1.0018411337740287,4.842021899996325,-4.009002019245145e-08,3.7083269788240614e-08
UG0004_T3_graded_two_layer_coarse_hot__NREL_MGCL2_KCL_NACL_BASELINE_V10,UG0004,T3_graded_two_layer_coarse_hot,NREL_MGCL2_KCL_NACL_BASELINE_V10,graded_two_layer,coarse_hot,4.314497203317948,7.804744777196519,0.4399942140457851,0.015103646390985537,377.33001539439135,0.127532,0.04812165152327752,4.241031664745642,4.356537467738826,0.9734867876499329,0.002699065073040006,4473.523230350039,0.3874648884584792,1.0287701432277205,4.048933599959128,-3.2191205256992816e-08,2.850264468889918e-08
UG0004_T3_graded_two_layer_coarse_hot__NREL_MGCL2_KCL_NACL_BASELINE_V10,UG0004,T3_graded_two_layer_coarse_hot,NREL_MGCL2_KCL_NACL_BASELINE_V10,graded_two_layer,coarse_hot,4.314497203317948,7.804744777196519,0.4399942140457851,0.015103646390985537,377.33001539439135,0.153826,0.058043166948057646,4.2349416991441275,4.356537467738826,0.9720888964010654,0.0032592065566105386,3768.1632313368077,0.3874648884584792,1.0575557417570591,3.336850800027605,-2.531829190743906e-08,2.0443691184368618e-08
UG0004_T3_graded_two_layer_coarse_hot__NREL_MGCL2_KCL_NACL_BASELINE_V10,UG0004,T3_graded_two_layer_coarse_hot,NREL_MGCL2_KCL_NACL_BASELINE_V10,graded_two_layer,coarse_hot,4.314497203317948,7.804744777196519,0.4399942140457851,0.015103646390985537,377.33001539439135,0.18554,0.07000981105627538,4.2280894665506255,4.356537467738826,0.970516034318679,0.0039364750008151,3175.5089597096917,0.3874648884584792,1.0883784320504246,2.770340299990494,-1.9578516585738726e-08,1.7534862450929722e-08
UG0004_T3_graded_two_layer_coarse_hot__NREL_MGCL2_KCL_NACL_BASELINE_V10,UG0004,T3_graded_two_layer_coarse_hot,NREL_MGCL2_KCL_NACL_BASELINE_V10,graded_two_layer,coarse_hot,4.314497203317948,7.804744777196519,0.4399942140457851,0.015103646390985537,377.33001539439135,0.223797,0.0844453254552186,4.220416969111405,4.356537467738826,0.9687548885702407,0.004755894675735619,2677.3037771883905,0.3874648884584792,1.1214523437207695,2.326030099997297,-1.6897405696880696e-08,1.4745715759545419e-08
UG0004_T3_graded_two_layer_coarse_hot__NREL_MGCL2_KCL_NACL_BASELINE_V10,UG0004,T3_graded_two_layer_coarse_hot,NREL_MGCL2_KCL_NACL_BASELINE_V10,graded_two_layer,coarse_hot,4.314497203317948,7.804744777196519,0.4399942140457851,0.015103646390985537,377.33001539439135,0.269974,0.10186929357608542,4.211862188468695,4.356537467738826,0.9667912234563607,0.005748479299720932,2258.147394720752,0.3874648884584792,1.1570332773491334,1.9325613000546582,-1.4288104033255422e-08,1.2701772966750013e-08
UG0004_T3_graded_two_layer_coarse_hot__NREL_MGCL2_KCL_NACL_BASELINE_V10,UG0004,T3_graded_two_layer_coarse_hot,NREL_MGCL2_KCL_NACL_BASELINE_V10,graded_two_layer,coarse_hot,4.314497203317948,7.804744777196519,0.4399942140457851,0.015103646390985537,377.33001539439135,0.325696,0.12289487669389168,4.202369307134694,4.356537467738826,0.9646122266258967,0.006951373509157166,1905.5078419248148,0.3874648884584792,1.1953789300318673,1.6035002000280656,-1.096348567486416e-08,1.0221623547579384e-08
UG0004_T3_graded_two_layer_coarse_hot__NREL_MGCL2_KCL_NACL_BASELINE_V10,UG0004,T3_graded_two_layer_coarse_hot,NREL_MGCL2_KCL_NACL_BASELINE_V10,graded_two_layer,coarse_hot,4.314497203317948,7.804744777196519,0.4399942140457851,0.015103646390985537,377.33001539439135,0.392923,0.14826164163881045,4.191881013321378,4.356537467738826,0.9622047427258994,0.008410109998450323,1608.781378165529,0.3874648884584792,1.2367831418536728,1.3219935999950394,-1.0047429555015697e-08,8.347322832946702e-09
UG0004_T3_graded_two_layer_coarse_hot__NREL_MGCL2_KCL_NACL_BASELINE_V10,UG0004,T3_graded_two_layer_coarse_hot,NREL_MGCL2_KCL_NACL_BASELINE_V10,graded_two_layer,coarse_hot,4.314497203317948,7.804744777196519,0.4399942140457851,0.015103646390985537,377.33001539439135,0.47403,0.17886574719740334,4.18033730729083,4.356537467738826,0.9595549994111612,0.010180910186800812,1358.9992198997854,0.3874648884584792,1.2815858481280773,1.079712999984622,-7.675216018299125e-09,7.2479133805813944e-09
UG0004_T3_graded_two_layer_coarse_hot__NREL_MGCL2_KCL_NACL_BASELINE_V10,UG0004,T3_graded_two_layer_coarse_hot,NREL_MGCL2_KCL_NACL_BASELINE_V10,graded_two_layer,coarse_hot,4.314497203317948,7.804744777196519,0.4399942140457851,0.015103646390985537,377.33001539439135,0.571866,0.215782206583529,4.167677665632093,4.356537467738826,0.9566491041325172,0.012332794022700324,1148.6704838709063,0.3874648884584792,1.3301637062247609,0.9058959999820217,-5.672695646552484e-09,5.628542076863141e-09
UG0004_T3_graded_two_layer_coarse_hot__NREL_MGCL2_KCL_NACL_BASELINE_V10,UG0004,T3_graded_two_layer_coarse_hot,NREL_MGCL2_KCL_NACL_BASELINE_V10,graded_two_layer,coarse_hot,4.314497203317948,7.804744777196519,0.4399942140457851,0.015103646390985537,377.33001539439135,0.689885,0.2603143176703597,4.153838244252982,4.356537467738826,0.9534724021113375,0.014951650022415148,971.4659634086703,0.3874648884584792,1.382952624305345,0.7520223999745212,-4.4909076457599895e-09,4.4254155895373515e-09
UG0004_T3_graded_two_layer_coarse_hot__NREL_MGCL2_KCL_NACL_BASELINE_V10,UG0004,T3_graded_two_layer_coarse_hot,NREL_MGCL2_KCL_NACL_BASELINE_V10,graded_two_layer,coarse_hot,4.314497203317948,7.804744777196519,0.4399942140457851,0.015103646390985537,377.33001539439135,0.832247,0.31403177332193605,4.1387531270369236,4.356537467738826,0.9500097629563281,0.018144221391899862,822.0920907070099,0.3874648884584792,1.4404429480118432,0.624126199982129,-3.6567970873591094e-09,3.4731773013163547e-09
UG0004_T3_graded_two_layer_coarse_hot__NREL_MGCL2_KCL_NACL_BASELINE_V10,UG0004,T3_graded_two_layer_coarse_hot,NREL_MGCL2_KCL_NACL_BASELINE_V10,graded_two_layer,coarse_hot,4.314497203317948,7.804744777196519,0.4399942140457851,0.015103646390985537,377.33001539439135,1.0,0.37733001539439137,4.122713259293561,4.356537467738826,0.9463279702798869,0.021953277055715426,698.5540923526166,0.3874648884584792,1.5018064853837174,0.5204751999699511,-2.621391992363442e-09,2.550737399076297e-09
UG0004_T3_graded_two_layer_coarse_hot__AIP_FLINAK_2017_V10,UG0004,T3_graded_two_layer_coarse_hot,AIP_FLINAK_2017_V10,graded_two_layer,coarse_hot,4.314497203317948,7.804744777196519,0.4399942140457851,0.015103646390985537,377.33001539439135,0.05,0.01886650076971957,5.78805504163551,5.9022965699883825,0.9806445631800746,0.0009929717491735624,13631.073065308463,0.8797564149903333,1.3676116662796205,13.930250599980354,-1.54114432326935e-07,7.824785264176626e-08
UG0004_T3_graded_two_layer_coarse_hot__AIP_FLINAK_2017_V10,UG0004,T3_graded_two_layer_coarse_hot,AIP_FLINAK_2017_V10,graded_two_layer,coarse_hot,4.314497203317948,7.804744777196519,0.4399942140457851,0.015103646390985537,377.33001539439135,0.060295,0.022751113278204827,5.786079288059017,5.9022965699883825,0.9803098199910354,0.0011975624014408837,11429.24588291519,0.8797564149903333,1.3968286257669704,11.498562000051606,-1.41006850640224e-07,6.585538780967681e-08
UG0004_T3_graded_two_layer_coarse_hot__AIP_FLINAK_2017_V10,UG0004,T3_graded_two_layer_coarse_hot,AIP_FLINAK_2017_V10,graded_two_layer,coarse_hot,4.314497203317948,7.804744777196519,0.4399942140457851,0.015103646390985537,377.33001539439135,0.072707,0.02743453342928001,5.783759480986398,5.9022965699883825,0.9799167853400126,0.001444286360208193,9585.448918947966,0.8797564149903333,1.4275422455863267,9.56470469996566,-1.058813259291469e-07,5.306546313477156e-08
UG0004_T3_graded_two_layer_coarse_hot__AIP_FLINAK_2017_V10,UG0004,T3_graded_two_layer_coarse_hot,AIP_FLINAK_2017_V10,graded_two_layer,coarse_hot,4.314497203317948,7.804744777196519,0.4399942140457851,0.015103646390985537,377.33001539439135,0.087675,0.03308240909970327,5.78104177539834,5.9022965699883825,0.9794563365035586,0.001741909079100606,8040.750406164635,0.8797564149903333,1.4598717935758627,7.919647800037637,-8.418298280687964e-08,4.3339776212292236e-08
UG0004_T3_graded_two_layer_coarse_hot__AIP_FLINAK_2017_V10,UG0004,T3_graded_two_layer_coarse_hot,AIP_FLINAK_2017_V10,graded_two_layer,coarse_hot,4.314497203317948,7.804744777196519,0.4399942140457851,0.015103646390985537,377.33001539439135,0.105736,0.039897366507741366,5.777865112425972,5.9022965699883825,0.9789181285476044,0.0021011652027773955,6745.769913772828,0.8797564149903333,1.4939595583039351,6.568905899999663,-7.240908983519034e-08,3.603284337572177e-08
UG0004_T3_graded_two_layer_coarse_hot__AIP_FLINAK_2017_V10,UG0004,T3_graded_two_layer_coarse_hot,AIP_FLINAK_2017_V10,graded_two_layer,coarse_hot,4.314497203317948,7.804744777196519,0.4399942140457851,0.015103646390985537,377.33001539439135,0.127532,0.04812165152327752,5.774163562367245,5.9022965699883825,0.9782909912943617,0.0025349080066912845,5660.018505363617,0.8797564149903333,1.5299466209967907,5.454539900005329,-5.819850157351425e-08,2.723821168615359e-08
UG0004_T3_graded_two_layer_coarse_hot__AIP_FLINAK_2017_V10,UG0004,T3_graded_two_layer_coarse_hot,AIP_FLINAK_2017_V10,graded_two_layer,coarse_hot,4.314497203317948,7.804744777196519,0.4399942140457851,0.015103646390985537,377.33001539439135,0.153826,0.058043166948057646,5.769867693216184,5.9022965699883825,0.9775631611861789,0.003058442150621581,4749.965328835552,0.8797564149903333,1.5679723584707228,4.511112299980596,-4.5455150754492024e-08,2.2056467763320597e-08
UG0004_T3_graded_two_layer_coarse_hot__AIP_FLINAK_2017_V10,UG0004,T3_graded_two_layer_coarse_hot,AIP_FLINAK_2017_V10,graded_two_layer,coarse_hot,4.314497203317948,7.804744777196519,0.4399942140457851,0.015103646390985537,377.33001539439135,0.18554,0.07000981105627538,5.76490310441051,5.9022965699883825,0.9767220328648882,0.003690301045174133,3987.1950211302214,0.8797564149903333,1.6081990556616899,3.712326899985783,-3.7864122948150225e-08,1.8009016500286634e-08
UG0004_T3_graded_two_layer_coarse_hot__AIP_FLINAK_2017_V10,UG0004,T3_graded_two_layer_coarse_hot,AIP_FLINAK_2017_V10,graded_two_layer,coarse_hot,4.314497203317948,7.804744777196519,0.4399942140457851,0.015103646390985537,377.33001539439135,0.223797,0.0844453254552186,5.7591901352963895,5.9022965699883825,0.9757541097782766,0.004453114553671102,3347.6529625872827,0.8797564149903333,1.6508220057530787,3.1227391000138596,-2.999819281868099e-08,1.2254242065523613e-08
UG0004_T3_graded_two_layer_coarse_hot__AIP_FLINAK_2017_V10,UG0004,T3_graded_two_layer_coarse_hot,AIP_FLINAK_2017_V10,graded_two_layer,coarse_hot,4.314497203317948,7.804744777196519,0.4399942140457851,0.015103646390985537,377.33001539439135,0.269974,0.10186929357608542,5.752643206066177,5.9022965699883825,0.9746448925180831,0.005374711770731795,2811.0764198605825,0.8797564149903333,1.6960773832247815,2.5762683000066318,-2.4565138811993847e-08,9.84397008352289e-09
UG0004_T3_graded_two_layer_coarse_hot__AIP_FLINAK_2017_V10,UG0004,T3_graded_two_layer_coarse_hot,AIP_FLINAK_2017_V10,graded_two_layer,coarse_hot,4.314497203317948,7.804744777196519,0.4399942140457851,0.015103646390985537,377.33001539439135,0.325696,0.12289487669389168,5.7451795274810165,5.9022965699883825,0.973380354469773,0.00648806760947692,2360.984287950238,0.8797564149903333,1.744189765915946,2.1660910000209697,-2.0424351099279647e-08,7.49882378414668e-09
UG0004_T3_graded_two_layer_coarse_hot__AIP_FLINAK_2017_V10,UG0004,T3_graded_two_layer_coarse_hot,AIP_FLINAK_2017_V10,graded_two_layer,coarse_hot,4.314497203317948,7.804744777196519,0.4399942140457851,0.015103646390985537,377.33001539439135,0.392923,0.14826164163881045,5.736715445120137,5.9022965699883825,0.971946322434867,0.007833134079752562,1983.450841988366,0.8797564149903333,1.795414908316486,1.7809629999683239,-1.6566581440002892e-08,6.874167901571582e-09
UG0004_T3_graded_two_layer_coarse_hot__AIP_FLINAK_2017_V10,UG0004,T3_graded_two_layer_coarse_hot,AIP_FLINAK_2017_V10,graded_two_layer,coarse_hot,4.314497203317948,7.804744777196519,0.4399942140457851,0.015103646390985537,377.33001539439135,0.47403,0.17886574719740334,5.727165165701738,5.9022965699883825,0.9703282608371221,0.009458579444246011,1666.7155065595746,0.8797564149903333,1.8500497583002085,1.4725474000442773,-1.3932754949763648e-08,4.972311451467704e-09
UG0004_T3_graded_two_layer_coarse_hot__AIP_FLINAK_2017_V10,UG0004,T3_graded_two_layer_coarse_hot,AIP_FLINAK_2017_V10,graded_two_layer,coarse_hot,4.314497203317948,7.804744777196519,0.4399942140457851,0.015103646390985537,377.33001539439135,0.571866,0.215782206583529,5.716443211623961,5.9022965699883825,0.9685116875845521,0.011423172163654398,1400.967743122671,0.8797564149903333,1.9084185854214268,1.2141412000055425,-1.1843204195116641e-08,4.740008385795136e-09
UG0004_T3_graded_two_layer_coarse_hot__AIP_FLINAK_2017_V10,UG0004,T3_graded_two_layer_coarse_hot,AIP_FLINAK_2017_V10,graded_two_layer,coarse_hot,4.314497203317948,7.804744777196519,0.4399942140457851,0.015103646390985537,377.33001539439135,0.689885,0.2603143176703597,5.704461524841915,5.9022965699883825,0.9664816833921213,0.01379870301135673,1177.9322624460212,0.8797564149903333,1.9708978790691392,0.9987603999907151,-9.891765184733003e-09,2.6647350992448082e-09
UG0004_T3_graded_two_layer_coarse_hot__AIP_FLINAK_2017_V10,UG0004,T3_graded_two_layer_coarse_hot,AIP_FLINAK_2017_V10,graded_two_layer,coarse_hot,4.314497203317948,7.804744777196519,0.4399942140457851,0.015103646390985537,377.33001539439135,0.832247,0.31403177332193605,5.691130294736821,5.9022965699883825,0.9642230320439529,0.01667244603964776,990.697717276041,0.8797564149903333,2.03790754080342,0.8356169000035152,-7.68201058320983e-09,2.5173418904955724e-09
UG0004_T3_graded_two_layer_coarse_hot__AIP_FLINAK_2017_V10,UG0004,T3_graded_two_layer_coarse_hot,AIP_FLINAK_2017_V10,graded_two_layer,coarse_hot,4.314497203317948,7.804744777196519,0.4399942140457851,0.015103646390985537,377.33001539439135,1.0,0.37733001539439137,5.67668354401578,5.9022965699883825,0.9617753829721493,0.0200702821725214,836.5207401539525,0.8797564149903333,2.108344561184323,0.703012999962084,-6.403599872584209e-09,1.5445644763190103e-09
UG0004_T3_graded_two_layer_coarse_hot__AIP_LINAK_CARBONATE_2017_V10,UG0004,T3_graded_two_layer_coarse_hot,AIP_LINAK_CARBONATE_2017_V10,graded_two_layer,coarse_hot,4.314497203317948,7.804744777196519,0.4399942140457851,0.015103646390985537,377.33001539439135,0.05,0.01886650076971957,5.323713188419331,5.432572031664241,0.9799618223908646,0.0029129987893154923,11765.062726250831,0.7301591008392905,1.0701562053469975,12.852064300037455,-1.6521732870700134e-07,7.017948444598687e-08
UG0004_T3_graded_two_layer_coarse_hot__AIP_LINAK_CARBONATE_2017_V10,UG0004,T3_graded_two_layer_coarse_hot,AIP_LINAK_CARBONATE_2017_V10,graded_two_layer,coarse_hot,4.314497203317948,7.804744777196519,0.4399942140457851,0.015103646390985537,377.33001539439135,0.060295,0.022751113278204827,5.321275860417714,5.432572031664241,0.9795131715515546,0.0035129790735068628,9885.997058573144,0.7301591008392905,1.0945913022143436,10.653491200006101,-1.3679521959630847e-07,5.908267208809548e-08
UG0004_T3_graded_two_layer_coarse_hot__AIP_LINAK_CARBONATE_2017_V10,UG0004,T3_graded_two_layer_coarse_hot,AIP_LINAK_CARBONATE_2017_V10,graded_two_layer,coarse_hot,4.314497203317948,7.804744777196519,0.4399942140457851,0.015103646390985537,377.33001539439135,0.072707,0.02743453342928001,5.318431200228818,5.432572031664241,0.978989541092112,0.004236423593252638,8309.005144770703,0.7301591008392905,1.1201876641801454,8.830163199978415,-1.096175039627667e-07,4.838143219387803e-08
UG0004_T3_graded_two_layer_coarse_hot__AIP_LINAK_CARBONATE_2017_V10,UG0004,T3_graded_two_layer_coarse_hot,AIP_LINAK_CARBONATE_2017_V10,graded_two_layer,coarse_hot,4.314497203317948,7.804744777196519,0.4399942140457851,0.015103646390985537,377.33001539439135,0.087675,0.03308240909970327,5.315120409083504,5.432572031664241,0.9783801076366481,0.0051089748317633904,6984.9102181431235,0.7301591008392905,1.1470289217199023,7.326216500019655,-9.320056948425304e-08,4.019500288166e-08
UG0004_T3_graded_two_layer_coarse_hot__AIP_LINAK_CARBONATE_2017_V10,UG0004,T3_graded_two_layer_coarse_hot,AIP_LINAK_CARBONATE_2017_V10,graded_two_layer,coarse_hot,4.314497203317948,7.804744777196519,0.4399942140457851,0.015103646390985537,377.33001539439135,0.105736,0.039897366507741366,5.311278109002428,5.432572031664241,0.9776728367419999,0.006162017062331078,5872.41453865052,0.7301591008392905,1.175215347805592,6.115596100047696,-7.074516528149388e-08,2.8683277975005694e-08
UG0004_T3_graded_two_layer_coarse_hot__AIP_LINAK_CARBONATE_2017_V10,UG0004,T3_graded_two_layer_coarse_hot,AIP_LINAK_CARBONATE_2017_V10,graded_two_layer,coarse_hot,4.314497203317948,7.804744777196519,0.4399942140457851,0.015103646390985537,377.33001539439135,0.127532,0.04812165152327752,5.306835571249921,5.432572031664241,0.9768550771749634,0.00743309883374542,4937.600828569439,0.7301591008392905,1.2048434168387623,5.060375000000931,-5.672957659186295e-08,2.3794388681608325e-08
UG0004_T3_graded_two_layer_coarse_hot__AIP_LINAK_CARBONATE_2017_V10,UG0004,T3_graded_two_layer_coarse_hot,AIP_LINAK_CARBONATE_2017_V10,graded_two_layer,coarse_hot,4.314497203317948,7.804744777196519,0.4399942140457851,0.015103646390985537,377.33001539439135,0.153826,0.058043166948057646,5.301722445446239,5.432572031664241,0.9759138791984103,0.008966886237692002,4152.329947161055,0.7301591008392905,1.236005287048216,4.189327000000048,-4.505964490419956e-08,1.916313774330547e-08
UG0004_T3_graded_two_layer_coarse_hot__AIP_LINAK_CARBONATE_2017_V10,UG0004,T3_graded_two_layer_coarse_hot,AIP_LINAK_CARBONATE_2017_V10,graded_two_layer,coarse_hot,4.314497203317948,7.804744777196519,0.4399942140457851,0.015103646390985537,377.33001539439135,0.18554,0.07000981105627538,5.295865262978447,5.432572031664241,0.9748357190868365,0.010817408736682563,3492.698297893074,0.7301591008392905,1.2688087620769095,3.468980500008911,-4.057673086421687e-08,1.4937362458056214e-08
UG0004_T3_graded_two_layer_coarse_hot__AIP_LINAK_CARBONATE_2017_V10,UG0004,T3_graded_two_layer_coarse_hot,AIP_LINAK_CARBONATE_2017_V10,graded_two_layer,coarse_hot,4.314497203317948,7.804744777196519,0.4399942140457851,0.015103646390985537,377.33001539439135,0.223797,0.0844453254552186,5.289186560071683,5.432572031664241,0.9736063377058192,0.013050553364275122,2938.4206336280763,0.7301591008392905,1.3033849210702273,2.9014969000127167,-3.0912172821473405e-08,1.180651132415278e-08
UG0004_T3_graded_two_layer_coarse_hot__AIP_LINAK_CARBONATE_2017_V10,UG0004,T3_graded_two_layer_coarse_hot,AIP_LINAK_CARBONATE_2017_V10,graded_two_layer,coarse_hot,4.314497203317948,7.804744777196519,0.4399942140457851,0.015103646390985537,377.33001539439135,0.269974,0.10186929357608542,5.2816039002934065,5.432572031664241,0.9722105605796106,0.015747223172531345,2472.3679474175065,0.7301591008392905,1.339893660057799,2.4137707999907434,-2.5567514772006916e-08,8.588996180947106e-09
UG0004_T3_graded_two_layer_coarse_hot__AIP_LINAK_CARBONATE_2017_V10,UG0004,T3_graded_two_layer_coarse_hot,AIP_LINAK_CARBONATE_2017_V10,graded_two_layer,coarse_hot,4.314497203317948,7.804744777196519,0.4399942140457851,0.015103646390985537,377.33001539439135,0.325696,0.12289487669389168,5.273039425314827,5.432572031664241,0.9706340559463246,0.01900308017004828,2080.58730578256,0.7301591008392905,1.3784807077769852,2.006345000001602,-2.1181867371211638e-08,6.070255409440506e-09
UG0004_T3_graded_two_layer_coarse_hot__AIP_LINAK_CARBONATE_2017_V10,UG0004,T3_graded_two_layer_coarse_hot,AIP_LINAK_CARBONATE_2017_V10,graded_two_layer,coarse_hot,4.314497203317948,7.804744777196519,0.4399942140457851,0.015103646390985537,377.33001539439135,0.392923,0.14826164163881045,5.2634141577078974,5.432572031664241,0.9688622860460218,0.02293375956897342,1751.2608921647675,0.7301591008392905,1.4193118624753056,1.6720833000144921,-1.716516928595979e-08,4.012590260060733e-09
UG0004_T3_graded_two_layer_coarse_hot__AIP_LINAK_CARBONATE_2017_V10,UG0004,T3_graded_two_layer_coarse_hot,AIP_LINAK_CARBONATE_2017_V10,graded_two_layer,coarse_hot,4.314497203317948,7.804744777196519,0.4399942140457851,0.015103646390985537,377.33001539439135,0.47403,0.17886574719740334,5.252646258987223,5.432572031664241,0.9668801864699991,0.0276797421893477,1474.3838881995127,0.7301591008392905,1.4625801653304016,1.379080899991095,-1.3638246088021333e-08,2.638067542193312e-09
UG0004_T3_graded_two_layer_coarse_hot__AIP_LINAK_CARBONATE_2017_V10,UG0004,T3_graded_two_layer_coarse_hot,AIP_LINAK_CARBONATE_2017_V10,graded_two_layer,coarse_hot,4.314497203317948,7.804744777196519,0.4399942140457851,0.015103646390985537,377.33001539439135,0.571866,0.215782206583529,5.240653036410462,5.432572031664241,0.9646725355623152,0.0334100904054369,1241.5923673889592,0.7301591008392905,1.5084940399655271,1.1304461999679916,-1.1326106719167228e-08,2.1986634735071675e-09
UG0004_T3_graded_two_layer_coarse_hot__AIP_LINAK_CARBONATE_2017_V10,UG0004,T3_graded_two_layer_coarse_hot,AIP_LINAK_CARBONATE_2017_V10,graded_two_layer,coarse_hot,4.314497203317948,7.804744777196519,0.4399942140457851,0.015103646390985537,377.33001539439135,0.689885,0.2603143176703597,5.227348311530016,5.432572031664241,0.9622234700362811,0.0403305311685809,1045.8139406713476,0.7301591008392905,1.5572960882482028,0.956921000033617,-8.821021690863518e-09,1.6386225709652535e-09
UG0004_T3_graded_two_layer_coarse_hot__AIP_LINAK_CARBONATE_2017_V10,UG0004,T3_graded_two_layer_coarse_hot,AIP_LINAK_CARBONATE_2017_V10,graded_two_layer,coarse_hot,4.314497203317948,7.804744777196519,0.4399942140457851,0.015103646390985537,377.33001539439135,0.832247,0.31403177332193605,5.212640405893383,5.432572031664241,0.9595161141925102,0.04868998065417173,881.1287179023709,0.7301591008392905,1.609255062412567,0.7698596999980509,-6.946865305224037e-09,1.0767609026629543e-09
UG0004_T3_graded_two_layer_coarse_hot__AIP_LINAK_CARBONATE_2017_V10,UG0004,T3_graded_two_layer_coarse_hot,AIP_LINAK_CARBONATE_2017_V10,graded_two_layer,coarse_hot,4.314497203317948,7.804744777196519,0.4399942140457851,0.015103646390985537,377.33001539439135,1.0,0.37733001539439137,5.196794477335814,5.432572031664241,0.9565992769255196,0.05855662604290851,745.2535317143293,0.7301591008392905,1.6634640863611123,0.6553183000069112,-5.755562693110505e-09,7.779110688943547e-10
UG0004_T3_graded_two_layer_coarse_hot__AIP_LIF_NAK_CARBONATE_RECIPROCAL_2017_V10,UG0004,T3_graded_two_layer_coarse_hot,AIP_LIF_NAK_CARBONATE_RECIPROCAL_2017_V10,graded_two_layer,coarse_hot,4.314497203317948,7.804744777196519,0.4399942140457851,0.015103646390985537,377.33001539439135,0.05,0.01886650076971957,5.684141395841985,5.796368457672465,0.9806383837311226,0.0015753882491152755,14020.463820293404,0.8460205553478126,1.4391098129827469,12.609774800017476,-5.158120597315019e-08,1.7216124081897988e-07
UG0004_T3_graded_two_layer_coarse_hot__AIP_LIF_NAK_CARBONATE_RECIPROCAL_2017_V10,UG0004,T3_graded_two_layer_coarse_hot,AIP_LIF_NAK_CARBONATE_RECIPROCAL_2017_V10,graded_two_layer,coarse_hot,4.314497203317948,7.804744777196519,0.4399942140457851,0.015103646390985537,377.33001539439135,0.060295,0.022751113278204827,5.682191913634629,5.796368457672465,0.9803020555246614,0.0018999086753415401,11753.362615057766,0.8460205553478126,1.4698582413975736,11.040464300021995,-4.334127501337548e-08,1.3695857781215182e-07
UG0004_T3_graded_two_layer_coarse_hot__AIP_LIF_NAK_CARBONATE_RECIPROCAL_2017_V10,UG0004,T3_graded_two_layer_coarse_hot,AIP_LIF_NAK_CARBONATE_RECIPROCAL_2017_V10,graded_two_layer,coarse_hot,4.314497203317948,7.804744777196519,0.4399942140457851,0.015103646390985537,377.33001539439135,0.072707,0.02743453342928001,5.679902070472445,5.796368457672465,0.9799070076289135,0.0022912286623099696,9855.026245316621,0.8460205553478126,1.5021173371721361,9.457037699990906,-3.650334479132766e-08,1.143228178790423e-07
UG0004_T3_graded_two_layer_coarse_hot__AIP_LIF_NAK_CARBONATE_RECIPROCAL_2017_V10,UG0004,T3_graded_two_layer_coarse_hot,AIP_LIF_NAK_CARBONATE_RECIPROCAL_2017_V10,graded_two_layer,coarse_hot,4.314497203317948,7.804744777196519,0.4399942140457851,0.015103646390985537,377.33001539439135,0.087675,0.03308240909970327,5.67721834258242,5.796368457672465,0.9794440060254745,0.002763230777909247,8264.762982243597,0.8460205553478126,1.5360011355715761,7.843301200016867,-2.59937738000815e-08,8.950360452786299e-08
UG0004_T3_graded_two_layer_coarse_hot__AIP_LIF_NAK_CARBONATE_RECIPROCAL_2017_V10,UG0004,T3_graded_two_layer_coarse_hot,AIP_LIF_NAK_CARBONATE_RECIPROCAL_2017_V10,graded_two_layer,coarse_hot,4.314497203317948,7.804744777196519,0.4399942140457851,0.015103646390985537,377.33001539439135,0.105736,0.039897366507741366,5.674079991891167,5.796368457672465,0.9789025720717549,0.003332910020534671,6931.714440284123,0.8460205553478126,1.5716460391654228,6.502615400007926,-2.1533363980807962e-08,7.395539736165802e-08
UG0004_T3_graded_two_layer_coarse_hot__AIP_LIF_NAK_CARBONATE_RECIPROCAL_2017_V10,UG0004,T3_graded_two_layer_coarse_hot,AIP_LIF_NAK_CARBONATE_RECIPROCAL_2017_V10,graded_two_layer,coarse_hot,4.314497203317948,7.804744777196519,0.4399942140457851,0.015103646390985537,377.33001539439135,0.127532,0.04812165152327752,5.670421337784577,5.796368457672465,0.9782713744290746,0.004020605570154639,5814.176888724314,0.8460205553478126,1.6091851927138205,5.338711399992462,-1.7487722381304138e-08,5.9289329001899205e-08
UG0004_T3_graded_two_layer_coarse_hot__AIP_LIF_NAK_CARBONATE_RECIPROCAL_2017_V10,UG0004,T3_graded_two_layer_coarse_hot,AIP_LIF_NAK_CARBONATE_RECIPROCAL_2017_V10,graded_two_layer,coarse_hot,4.314497203317948,7.804744777196519,0.4399942140457851,0.015103646390985537,377.33001539439135,0.153826,0.058043166948057646,5.666173065376112,5.796368457672465,0.9775384547674817,0.00485052102767797,4877.611020820455,0.8460205553478126,1.6487478874443284,4.454230600036681,-2.1085644341667376e-08,4.887907856243601e-08
UG0004_T3_graded_two_layer_coarse_hot__AIP_LIF_NAK_CARBONATE_RECIPROCAL_2017_V10,UG0004,T3_graded_two_layer_coarse_hot,AIP_LIF_NAK_CARBONATE_RECIPROCAL_2017_V10,graded_two_layer,coarse_hot,4.314497203317948,7.804744777196519,0.4399942140457851,0.015103646390985537,377.33001539439135,0.18554,0.07000981105627538,5.661260932286112,5.796368457672465,0.9766910046569736,0.005851946101961471,4092.74545193823,0.8460205553478126,1.6904850200123396,3.7210837000166066,-1.915511083083743e-08,4.040636714108814e-08
UG0004_T3_graded_two_layer_coarse_hot__AIP_LIF_NAK_CARBONATE_RECIPROCAL_2017_V10,UG0004,T3_graded_two_layer_coarse_hot,AIP_LIF_NAK_CARBONATE_RECIPROCAL_2017_V10,graded_two_layer,coarse_hot,4.314497203317948,7.804744777196519,0.4399942140457851,0.015103646390985537,377.33001539439135,0.223797,0.0844453254552186,5.655605220995281,5.796368457672465,0.9757152710865267,0.007060616033670391,3434.80005242223,0.8460205553478126,1.7345791399104875,3.093630600022152,-1.557007855979009e-08,3.16791481935752e-08
UG0004_T3_graded_two_layer_coarse_hot__AIP_LIF_NAK_CARBONATE_RECIPROCAL_2017_V10,UG0004,T3_graded_two_layer_coarse_hot,AIP_LIF_NAK_CARBONATE_RECIPROCAL_2017_V10,graded_two_layer,coarse_hot,4.314497203317948,7.804744777196519,0.4399942140457851,0.015103646390985537,377.33001539439135,0.269974,0.10186929357608542,5.649120152094309,5.796368457672465,0.9745964552368565,0.008520435460174084,2882.9004575578083,0.8460205553478126,1.78125199193486,2.50415759999305,-1.179081277058458e-08,2.6439117561949388e-08
UG0004_T3_graded_two_layer_coarse_hot__AIP_LIF_NAK_CARBONATE_RECIPROCAL_2017_V10,UG0004,T3_graded_two_layer_coarse_hot,AIP_LIF_NAK_CARBONATE_RECIPROCAL_2017_V10,graded_two_layer,coarse_hot,4.314497203317948,7.804744777196519,0.4399942140457851,0.015103646390985537,377.33001539439135,0.325696,0.12289487669389168,5.641722718310597,5.796368457672465,0.9733202365427327,0.010283359988170997,2420.066828017775,0.8460205553478126,1.8307099322458675,2.109332599968184,-9.49906819869284e-09,2.2459367698957067e-08
UG0004_T3_graded_two_layer_coarse_hot__AIP_LIF_NAK_CARBONATE_RECIPROCAL_2017_V10,UG0004,T3_graded_two_layer_coarse_hot,AIP_LIF_NAK_CARBONATE_RECIPROCAL_2017_V10,graded_two_layer,coarse_hot,4.314497203317948,7.804744777196519,0.4399942140457851,0.015103646390985537,377.33001539439135,0.392923,0.14826164163881045,5.633328376741114,5.796368457672465,0.9718720295091767,0.01241224855247706,2031.951786438875,0.8460205553478126,1.8831878493086311,1.7526933000190184,-7.740641461140285e-09,1.9391488415010372e-08
UG0004_T3_graded_two_layer_coarse_hot__AIP_LIF_NAK_CARBONATE_RECIPROCAL_2017_V10,UG0004,T3_graded_two_layer_coarse_hot,AIP_LIF_NAK_CARBONATE_RECIPROCAL_2017_V10,graded_two_layer,coarse_hot,4.314497203317948,7.804744777196519,0.4399942140457851,0.015103646390985537,377.33001539439135,0.47403,0.17886574719740334,5.623850630495828,5.796368457672465,0.9702369115358289,0.014983545591935864,1706.4386534877983,0.8460205553478126,1.938958847834647,1.4731322000152431,-5.7764903971246895e-09,1.5284684629079948e-08
UG0004_T3_graded_two_layer_coarse_hot__AIP_LIF_NAK_CARBONATE_RECIPROCAL_2017_V10,UG0004,T3_graded_two_layer_coarse_hot,AIP_LIF_NAK_CARBONATE_RECIPROCAL_2017_V10,graded_two_layer,coarse_hot,4.314497203317948,7.804744777196519,0.4399942140457851,0.015103646390985537,377.33001539439135,0.571866,0.215782206583529,5.61320310446893,5.796368457672465,0.9683999810327646,0.018089367985146432,1433.419672673018,0.8460205553478126,1.9983194653232168,1.2113932999782264,-4.151468058211094e-09,1.3331691306461835e-08
UG0004_T3_graded_two_layer_coarse_hot__AIP_LIF_NAK_CARBONATE_RECIPROCAL_2017_V10,UG0004,T3_graded_two_layer_coarse_hot,AIP_LIF_NAK_CARBONATE_RECIPROCAL_2017_V10,graded_two_layer,coarse_hot,4.314497203317948,7.804744777196519,0.4399942140457851,0.015103646390985537,377.33001539439135,0.689885,0.2603143176703597,5.601295900518448,5.796368457672465,0.9663457286094701,0.02184197686598991,1204.3690532276369,0.8460205553478126,2.061614430723482,0.9864999999990687,-3.40358852213285e-09,1.0336220768181192e-08
UG0004_T3_graded_two_layer_coarse_hot__AIP_LIF_NAK_CARBONATE_RECIPROCAL_2017_V10,UG0004,T3_graded_two_layer_coarse_hot,AIP_LIF_NAK_CARBONATE_RECIPROCAL_2017_V10,graded_two_layer,coarse_hot,4.314497203317948,7.804744777196519,0.4399942140457851,0.015103646390985537,377.33001539439135,0.832247,0.31403177332193605,5.58803687658479,5.796368457672465,0.9640582577506935,0.026377448824992242,1012.1663147661804,0.8460205553478126,2.1292269235747128,0.8496550999698229,-2.3713475627573644e-09,7.877409835543858e-09
UG0004_T3_graded_two_layer_coarse_hot__AIP_LIF_NAK_CARBONATE_RECIPROCAL_2017_V10,UG0004,T3_graded_two_layer_coarse_hot,AIP_LIF_NAK_CARBONATE_RECIPROCAL_2017_V10,graded_two_layer,coarse_hot,4.314497203317948,7.804744777196519,0.4399942140457851,0.015103646390985537,377.33001539439135,1.0,0.37733001539439137,5.573657405372375,5.796368457672465,0.9615774852950739,0.03173424808400079,853.9716607216914,0.8460205553478126,2.200007238413145,0.6762525000376627,-1.6143641978771939e-09,6.407341324177196e-09
