design_id,power_MW,energy_to_power_h,count,installed_energy_MWh,energy_margin_MWh,candidate_admissible,feasible,fraction,evaluation_seconds
UG0001_T1_homogeneous_none__SOLAR_SALT_60_40_V10,0.1,0.75,1,2.284425020395429,2.209425020395429,True,True,0.9763883439199327,1.2748559000319801
UG0001_T1_homogeneous_none__SOLAR_SALT_60_40_V10,0.1,3.0,1,2.284425020395429,1.984425020395429,True,True,0.9763883439199327,1.2740324000478722
UG0001_T1_homogeneous_none__SOLAR_SALT_60_40_V10,0.1,9.0,1,2.284425020395429,1.3844250203954291,True,True,0.9763883439199327,1.2922480999841355
UG0001_T1_homogeneous_none__SOLAR_SALT_60_40_V10,0.1,15.0,1,2.284425020395429,0.784425020395429,True,True,0.9763883439199327,1.2831530999974348
UG0001_T1_homogeneous_none__SOLAR_SALT_60_40_V10,0.35,0.75,3,6.847740827321019,6.585240827321019,True,True,0.975599879807471,1.125899600039702
UG0001_T1_homogeneous_none__SOLAR_SALT_60_40_V10,0.35,3.0,3,6.847740827321019,5.797740827321019,True,True,0.975599879807471,1.1298630999517627
UG0001_T1_homogeneous_none__SOLAR_SALT_60_40_V10,0.35,9.0,3,6.847740827321019,3.697740827321019,True,True,0.975599879807471,1.1430448000319302
UG0001_T1_homogeneous_none__SOLAR_SALT_60_40_V10,0.35,15.0,3,6.847740827321019,1.5977408273210187,True,True,0.975599879807471,1.1399024999700487
UG0001_T1_homogeneous_none__SOLAR_SALT_60_40_V10,0.75,0.75,6,13.690143841164007,13.127643841164007,True,True,0.9752196397897102,0.8843342999462038
UG0001_T1_homogeneous_none__SOLAR_SALT_60_40_V10,0.75,3.0,6,13.690143841164007,11.440143841164007,True,True,0.9752196397897102,0.8798872000188567
UG0001_T1_homogeneous_none__SOLAR_SALT_60_40_V10,0.75,9.0,6,13.690143841164007,6.940143841164007,True,True,0.9752196397897102,0.8576119000208564
UG0001_T1_homogeneous_none__SOLAR_SALT_60_40_V10,0.75,15.0,6,13.690143841164007,2.440143841164007,True,True,0.9752196397897102,0.8664638000191189
UG0001_T1_homogeneous_none__NREL_MGCL2_KCL_NACL_BASELINE_V10,0.1,0.75,1,1.8653512920255666,1.7903512920255666,True,True,0.9726286338035054,0.8814549000235274
UG0001_T1_homogeneous_none__NREL_MGCL2_KCL_NACL_BASELINE_V10,0.1,3.0,1,1.8653512920255666,1.5653512920255666,True,True,0.9726286338035054,0.8985120999859646
UG0001_T1_homogeneous_none__NREL_MGCL2_KCL_NACL_BASELINE_V10,0.1,9.0,1,1.8653512920255666,0.9653512920255666,True,True,0.9726286338035054,0.8782548999879509
UG0001_T1_homogeneous_none__NREL_MGCL2_KCL_NACL_BASELINE_V10,0.1,15.0,1,1.8653512920255666,0.3653512920255666,True,True,0.9726286338035054,0.8786941000143997
UG0001_T1_homogeneous_none__NREL_MGCL2_KCL_NACL_BASELINE_V10,0.35,0.75,3,5.589063434211147,5.326563434211147,True,True,0.9714136519480873,0.7448438999708742
UG0001_T1_homogeneous_none__NREL_MGCL2_KCL_NACL_BASELINE_V10,0.35,3.0,3,5.589063434211147,4.5390634342111476,True,True,0.9714136519480873,0.7485906000365503
UG0001_T1_homogeneous_none__NREL_MGCL2_KCL_NACL_BASELINE_V10,0.35,9.0,3,5.589063434211147,2.4390634342111475,True,True,0.9714136519480873,0.7631673999712802
UG0001_T1_homogeneous_none__NREL_MGCL2_KCL_NACL_BASELINE_V10,0.35,15.0,3,5.589063434211147,0.3390634342111474,True,True,0.9714136519480873,0.737873199977912
UG0001_T1_homogeneous_none__NREL_MGCL2_KCL_NACL_BASELINE_V10,0.75,0.75,6,11.171434880584338,10.608934880584338,True,True,0.9708320975945733,0.6979487999924459
UG0001_T1_homogeneous_none__NREL_MGCL2_KCL_NACL_BASELINE_V10,0.75,3.0,6,11.171434880584338,8.921434880584338,True,True,0.9708320975945733,0.7045674999826588
UG0001_T1_homogeneous_none__NREL_MGCL2_KCL_NACL_BASELINE_V10,0.75,9.0,6,11.171434880584338,4.4214348805843375,True,True,0.9708320975945733,0.6880424999981187
UG0001_T1_homogeneous_none__NREL_MGCL2_KCL_NACL_BASELINE_V10,0.75,15.0,6,11.171434880584338,-0.07856511941566247,True,False,0.9708320975945733,0.7006291000288911
UG0001_T1_homogeneous_none__NREL_MGCL2_KCL_NACL_BASELINE_V10,0.75,15.0,7,13.050348379728964,1.8003483797289643,True,True,0.9720989721115912,0.8161808999720961
UG0001_T1_homogeneous_none__AIP_FLINAK_2017_V10,0.1,0.75,1,2.844724621424126,2.769724621424126,True,True,0.9794713558115672,1.304566300008446
UG0001_T1_homogeneous_none__AIP_FLINAK_2017_V10,0.1,3.0,1,2.844724621424126,2.544724621424126,True,True,0.9794713558115672,1.322145999991335
UG0001_T1_homogeneous_none__AIP_FLINAK_2017_V10,0.1,9.0,1,2.844724621424126,1.9447246214241263,True,True,0.9794713558115672,1.3283604999887757
UG0001_T1_homogeneous_none__AIP_FLINAK_2017_V10,0.1,15.0,1,2.844724621424126,1.3447246214241262,True,True,0.9794713558115672,1.3303293000208214
UG0001_T1_homogeneous_none__AIP_FLINAK_2017_V10,0.35,0.75,3,8.530597317817158,8.268097317817158,True,True,0.9790608738057712,1.120548500039149
UG0001_T1_homogeneous_none__AIP_FLINAK_2017_V10,0.35,3.0,3,8.530597317817158,7.480597317817158,True,True,0.9790608738057712,1.1159982000244781
UG0001_T1_homogeneous_none__AIP_FLINAK_2017_V10,0.35,9.0,3,8.530597317817158,5.380597317817157,True,True,0.9790608738057712,1.1349673999939114
UG0001_T1_homogeneous_none__AIP_FLINAK_2017_V10,0.35,15.0,3,8.530597317817158,3.2805973178171577,True,True,0.9790608738057712,1.1583174000261351
UG0001_T1_homogeneous_none__AIP_FLINAK_2017_V10,0.75,0.75,6,17.05770785260142,16.49520785260142,True,True,0.9788607838990641,1.0899782000342384
UG0001_T1_homogeneous_none__AIP_FLINAK_2017_V10,0.75,3.0,6,17.05770785260142,14.807707852601421,True,True,0.9788607838990641,1.0809468000079505
UG0001_T1_homogeneous_none__AIP_FLINAK_2017_V10,0.75,9.0,6,17.05770785260142,10.307707852601421,True,True,0.9788607838990641,1.0864476999850012
UG0001_T1_homogeneous_none__AIP_FLINAK_2017_V10,0.75,15.0,6,17.05770785260142,5.807707852601421,True,True,0.9788607838990641,1.088087700016331
UG0001_T1_homogeneous_none__AIP_LINAK_CARBONATE_2017_V10,0.1,0.75,1,2.5464697995722285,2.4714697995722283,True,True,0.977693242736584,1.2033825000398792
UG0001_T1_homogeneous_none__AIP_LINAK_CARBONATE_2017_V10,0.1,3.0,1,2.5464697995722285,2.2464697995722283,True,True,0.977693242736584,1.210296000004746
UG0001_T1_homogeneous_none__AIP_LINAK_CARBONATE_2017_V10,0.1,9.0,1,2.5464697995722285,1.6464697995722286,True,True,0.977693242736584,1.1921244999975897
UG0001_T1_homogeneous_none__AIP_LINAK_CARBONATE_2017_V10,0.1,15.0,1,2.5464697995722285,1.0464697995722285,True,True,0.977693242736584,1.170896099996753
UG0001_T1_homogeneous_none__AIP_LINAK_CARBONATE_2017_V10,0.35,0.75,3,7.634400343851947,7.371900343851947,True,True,0.9770521828276105,0.9898516000248492
UG0001_T1_homogeneous_none__AIP_LINAK_CARBONATE_2017_V10,0.35,3.0,3,7.634400343851947,6.584400343851947,True,True,0.9770521828276105,1.0150403000297956
UG0001_T1_homogeneous_none__AIP_LINAK_CARBONATE_2017_V10,0.35,9.0,3,7.634400343851947,4.484400343851947,True,True,0.9770521828276105,0.9853455999982543
UG0001_T1_homogeneous_none__AIP_LINAK_CARBONATE_2017_V10,0.35,15.0,3,7.634400343851947,2.384400343851947,True,True,0.9770521828276105,1.005680400005076
UG0001_T1_homogeneous_none__AIP_LINAK_CARBONATE_2017_V10,0.75,0.75,6,15.263933362766593,14.701433362766593,True,True,0.9767407221862814,0.9418423000024632
UG0001_T1_homogeneous_none__AIP_LINAK_CARBONATE_2017_V10,0.75,3.0,6,15.263933362766593,13.013933362766593,True,True,0.9767407221862814,0.925776899966877
UG0001_T1_homogeneous_none__AIP_LINAK_CARBONATE_2017_V10,0.75,9.0,6,15.263933362766593,8.513933362766593,True,True,0.9767407221862814,0.9261097999988124
UG0001_T1_homogeneous_none__AIP_LINAK_CARBONATE_2017_V10,0.75,15.0,6,15.263933362766593,4.013933362766593,True,True,0.9767407221862814,0.9260582000133581
UG0001_T1_homogeneous_none__AIP_LIF_NAK_CARBONATE_RECIPROCAL_2017_V10,0.1,0.75,1,2.7784799084674217,2.7034799084674215,True,True,0.9794610193604163,1.2533991999807768
UG0001_T1_homogeneous_none__AIP_LIF_NAK_CARBONATE_RECIPROCAL_2017_V10,0.1,3.0,1,2.7784799084674217,2.4784799084674214,True,True,0.9794610193604163,1.2549672999884933
UG0001_T1_homogeneous_none__AIP_LIF_NAK_CARBONATE_RECIPROCAL_2017_V10,0.1,9.0,1,2.7784799084674217,1.8784799084674217,True,True,0.9794610193604163,1.2597815000335686
UG0001_T1_homogeneous_none__AIP_LIF_NAK_CARBONATE_RECIPROCAL_2017_V10,0.1,15.0,1,2.7784799084674217,1.2784799084674217,True,True,0.9794610193604163,1.265576499979943
UG0001_T1_homogeneous_none__AIP_LIF_NAK_CARBONATE_RECIPROCAL_2017_V10,0.35,0.75,3,8.331921949145018,8.069421949145019,True,True,0.9790476608775633,1.0940395999932662
UG0001_T1_homogeneous_none__AIP_LIF_NAK_CARBONATE_RECIPROCAL_2017_V10,0.35,3.0,3,8.331921949145018,7.281921949145018,True,True,0.9790476608775633,1.097473900008481
UG0001_T1_homogeneous_none__AIP_LIF_NAK_CARBONATE_RECIPROCAL_2017_V10,0.35,9.0,3,8.331921949145018,5.181921949145018,True,True,0.9790476608775633,1.0809573999722488
UG0001_T1_homogeneous_none__AIP_LIF_NAK_CARBONATE_RECIPROCAL_2017_V10,0.35,15.0,3,8.331921949145018,3.081921949145018,True,True,0.9790476608775633,1.1206228999653831
UG0001_T1_homogeneous_none__AIP_LIF_NAK_CARBONATE_RECIPROCAL_2017_V10,0.75,0.75,6,16.660411082872947,16.097911082872947,True,True,0.9788459733242689,1.035825599974487
UG0001_T1_homogeneous_none__AIP_LIF_NAK_CARBONATE_RECIPROCAL_2017_V10,0.75,3.0,6,16.660411082872947,14.410411082872947,True,True,0.9788459733242689,1.0393150000018068
UG0001_T1_homogeneous_none__AIP_LIF_NAK_CARBONATE_RECIPROCAL_2017_V10,0.75,9.0,6,16.660411082872947,9.910411082872947,True,True,0.9788459733242689,1.0211101999739185
UG0001_T1_homogeneous_none__AIP_LIF_NAK_CARBONATE_RECIPROCAL_2017_V10,0.75,15.0,6,16.660411082872947,5.4104110828729475,True,True,0.9788459733242689,1.0437105000019073
UG0001_T2_graded_two_layer_fine_hot__SOLAR_SALT_60_40_V10,0.1,0.75,1,2.282625212490837,2.2076252124908367,True,True,0.975619086253934,1.0770669000339694
UG0001_T2_graded_two_layer_fine_hot__SOLAR_SALT_60_40_V10,0.1,3.0,1,2.282625212490837,1.9826252124908368,True,True,0.975619086253934,1.0787639999762177
UG0001_T2_graded_two_layer_fine_hot__SOLAR_SALT_60_40_V10,0.1,9.0,1,2.282625212490837,1.382625212490837,True,True,0.975619086253934,1.0464538999949582
UG0001_T2_graded_two_layer_fine_hot__SOLAR_SALT_60_40_V10,0.1,15.0,1,2.282625212490837,0.7826252124908368,True,True,0.975619086253934,1.0429590999847278
UG0001_T2_graded_two_layer_fine_hot__SOLAR_SALT_60_40_V10,0.35,0.75,3,6.841187790785234,6.578687790785234,True,True,0.9746662665446592,0.9022590999957174
UG0001_T2_graded_two_layer_fine_hot__SOLAR_SALT_60_40_V10,0.35,3.0,3,6.841187790785234,5.7911877907852345,True,True,0.9746662665446592,0.8890986000187695
UG0001_T2_graded_two_layer_fine_hot__SOLAR_SALT_60_40_V10,0.35,9.0,3,6.841187790785234,3.6911877907852344,True,True,0.9746662665446592,0.9050886000040919
UG0001_T2_graded_two_layer_fine_hot__SOLAR_SALT_60_40_V10,0.35,15.0,3,6.841187790785234,1.5911877907852343,True,True,0.9746662665446592,0.9019460999988951
UG0001_T2_graded_two_layer_fine_hot__SOLAR_SALT_60_40_V10,0.75,0.75,6,13.675902118472038,13.113402118472038,True,True,0.974205128340102,0.8646359999547713
UG0001_T2_graded_two_layer_fine_hot__SOLAR_SALT_60_40_V10,0.75,3.0,6,13.675902118472038,11.425902118472038,True,True,0.974205128340102,0.8558342000469565
UG0001_T2_graded_two_layer_fine_hot__SOLAR_SALT_60_40_V10,0.75,9.0,6,13.675902118472038,6.925902118472038,True,True,0.974205128340102,0.8605959999840707
UG0001_T2_graded_two_layer_fine_hot__SOLAR_SALT_60_40_V10,0.75,15.0,6,13.675902118472038,2.425902118472038,True,True,0.974205128340102,0.8661054999683984
UG0001_T2_graded_two_layer_fine_hot__NREL_MGCL2_KCL_NACL_BASELINE_V10,0.1,0.75,1,1.8624823341896914,1.7874823341896915,True,True,0.971132706171924,0.8721524000284262
UG0001_T2_graded_two_layer_fine_hot__NREL_MGCL2_KCL_NACL_BASELINE_V10,0.1,3.0,1,1.8624823341896914,1.5624823341896914,True,True,0.971132706171924,0.8696617999812588
UG0001_T2_graded_two_layer_fine_hot__NREL_MGCL2_KCL_NACL_BASELINE_V10,0.1,9.0,1,1.8624823341896914,0.9624823341896914,True,True,0.971132706171924,0.8676511000376195
UG0001_T2_graded_two_layer_fine_hot__NREL_MGCL2_KCL_NACL_BASELINE_V10,0.1,15.0,1,1.8624823341896914,0.36248233418969145,True,True,0.971132706171924,0.8721246999921277
UG0001_T2_graded_two_layer_fine_hot__NREL_MGCL2_KCL_NACL_BASELINE_V10,0.35,0.75,3,5.579035453120791,5.316535453120791,True,True,0.9696707270649984,0.7456785999820568
UG0001_T2_graded_two_layer_fine_hot__NREL_MGCL2_KCL_NACL_BASELINE_V10,0.35,3.0,3,5.579035453120791,4.529035453120791,True,True,0.9696707270649984,0.745062300004065
UG0001_T2_graded_two_layer_fine_hot__NREL_MGCL2_KCL_NACL_BASELINE_V10,0.35,9.0,3,5.579035453120791,2.429035453120791,True,True,0.9696707270649984,0.7146685000043362
UG0001_T2_graded_two_layer_fine_hot__NREL_MGCL2_KCL_NACL_BASELINE_V10,0.35,15.0,3,5.579035453120791,0.32903545312079086,True,True,0.9696707270649984,0.7213234000373632
UG0001_T2_graded_two_layer_fine_hot__NREL_MGCL2_KCL_NACL_BASELINE_V10,0.75,0.75,6,11.150034808973567,10.587534808973567,True,True,0.9689723654623414,0.6876668000477366
UG0001_T2_graded_two_layer_fine_hot__NREL_MGCL2_KCL_NACL_BASELINE_V10,0.75,3.0,6,11.150034808973567,8.900034808973567,True,True,0.9689723654623414,0.6877845000126399
UG0001_T2_graded_two_layer_fine_hot__NREL_MGCL2_KCL_NACL_BASELINE_V10,0.75,9.0,6,11.150034808973567,4.400034808973567,True,True,0.9689723654623414,0.6803321000188589
UG0001_T2_graded_two_layer_fine_hot__NREL_MGCL2_KCL_NACL_BASELINE_V10,0.75,15.0,6,11.150034808973567,-0.09996519102643298,True,False,0.9689723654623414,0.6957382999826223
UG0001_T2_graded_two_layer_fine_hot__NREL_MGCL2_KCL_NACL_BASELINE_V10,0.75,15.0,7,13.028814698420748,1.7788146984207476,True,True,0.970494963631786,0.801312500028871
UG0001_T2_graded_two_layer_fine_hot__AIP_FLINAK_2017_V10,0.1,0.75,1,2.8438976719830142,2.768897671983014,True,True,0.9791866276223522,1.272657800000161
UG0001_T2_graded_two_layer_fine_hot__AIP_FLINAK_2017_V10,0.1,3.0,1,2.8438976719830142,2.5438976719830144,True,True,0.9791866276223522,1.2802539000404067
UG0001_T2_graded_two_layer_fine_hot__AIP_FLINAK_2017_V10,0.1,9.0,1,2.8438976719830142,1.9438976719830143,True,True,0.9791866276223522,1.287978399952408
UG0001_T2_graded_two_layer_fine_hot__AIP_FLINAK_2017_V10,0.1,15.0,1,2.8438976719830142,1.3438976719830142,True,True,0.9791866276223522,1.2835851999698207
UG0001_T2_graded_two_layer_fine_hot__AIP_FLINAK_2017_V10,0.35,0.75,3,8.527431988993042,8.264931988993043,True,True,0.9786975874509051,1.1033575999899767
UG0001_T2_graded_two_layer_fine_hot__AIP_FLINAK_2017_V10,0.35,3.0,3,8.527431988993042,7.477431988993042,True,True,0.9786975874509051,1.0989267000113614
UG0001_T2_graded_two_layer_fine_hot__AIP_FLINAK_2017_V10,0.35,9.0,3,8.527431988993042,5.377431988993042,True,True,0.9786975874509051,1.1101581999682821
UG0001_T2_graded_two_layer_fine_hot__AIP_FLINAK_2017_V10,0.35,15.0,3,8.527431988993042,3.277431988993042,True,True,0.9786975874509051,1.1274159000022337
UG0001_T2_graded_two_layer_fine_hot__AIP_FLINAK_2017_V10,0.75,0.75,6,17.050667030494957,16.488167030494957,True,True,0.9784567445811216,1.048669699986931
UG0001_T2_graded_two_layer_fine_hot__AIP_FLINAK_2017_V10,0.75,3.0,6,17.050667030494957,14.800667030494957,True,True,0.9784567445811216,1.0572632999974303
UG0001_T2_graded_two_layer_fine_hot__AIP_FLINAK_2017_V10,0.75,9.0,6,17.050667030494957,10.300667030494957,True,True,0.9784567445811216,1.0603830000036396
UG0001_T2_graded_two_layer_fine_hot__AIP_FLINAK_2017_V10,0.75,15.0,6,17.050667030494957,5.800667030494957,True,True,0.9784567445811216,1.0668497000006028
UG0001_T2_graded_two_layer_fine_hot__AIP_LINAK_CARBONATE_2017_V10,0.1,0.75,1,2.5450587732964887,2.4700587732964885,True,True,0.9771514924062458,1.2120350999757648
UG0001_T2_graded_two_layer_fine_hot__AIP_LINAK_CARBONATE_2017_V10,0.1,3.0,1,2.5450587732964887,2.2450587732964884,True,True,0.9771514924062458,1.2045481000095606
UG0001_T2_graded_two_layer_fine_hot__AIP_LINAK_CARBONATE_2017_V10,0.1,9.0,1,2.5450587732964887,1.6450587732964888,True,True,0.9771514924062458,1.2029468000400811
UG0001_T2_graded_two_layer_fine_hot__AIP_LINAK_CARBONATE_2017_V10,0.1,15.0,1,2.5450587732964887,1.0450587732964887,True,True,0.9771514924062458,1.1832546000368893
UG0001_T2_graded_two_layer_fine_hot__AIP_LINAK_CARBONATE_2017_V10,0.35,0.75,3,7.629145031775842,7.366645031775842,True,True,0.9763796068682513,1.0385848000296392
UG0001_T2_graded_two_layer_fine_hot__AIP_LINAK_CARBONATE_2017_V10,0.35,3.0,3,7.629145031775842,6.579145031775842,True,True,0.9763796068682513,1.0114507999969646
UG0001_T2_graded_two_layer_fine_hot__AIP_LINAK_CARBONATE_2017_V10,0.35,9.0,3,7.629145031775842,4.4791450317758414,True,True,0.9763796068682513,1.012306799995713
UG0001_T2_graded_two_layer_fine_hot__AIP_LINAK_CARBONATE_2017_V10,0.35,15.0,3,7.629145031775842,2.379145031775842,True,True,0.9763796068682513,0.9875582999666221
UG0001_T2_graded_two_layer_fine_hot__AIP_LINAK_CARBONATE_2017_V10,0.75,0.75,6,15.252393456574165,14.689893456574165,True,True,0.9760022823595034,0.9281309000216424
UG0001_T2_graded_two_layer_fine_hot__AIP_LINAK_CARBONATE_2017_V10,0.75,3.0,6,15.252393456574165,13.002393456574165,True,True,0.9760022823595034,0.9198085999814793
UG0001_T2_graded_two_layer_fine_hot__AIP_LINAK_CARBONATE_2017_V10,0.75,9.0,6,15.252393456574165,8.502393456574165,True,True,0.9760022823595034,0.9127322999993339
UG0001_T2_graded_two_layer_fine_hot__AIP_LINAK_CARBONATE_2017_V10,0.75,15.0,6,15.252393456574165,4.002393456574165,True,True,0.9760022823595034,0.9049732999992557
UG0001_T2_graded_two_layer_fine_hot__AIP_LIF_NAK_CARBONATE_RECIPROCAL_2017_V10,0.1,0.75,1,2.7776393098762457,2.7026393098762456,True,True,0.9791646941825819,1.2706619999953546
UG0001_T2_graded_two_layer_fine_hot__AIP_LIF_NAK_CARBONATE_RECIPROCAL_2017_V10,0.1,3.0,1,2.7776393098762457,2.4776393098762455,True,True,0.9791646941825819,1.240749999997206
UG0001_T2_graded_two_layer_fine_hot__AIP_LIF_NAK_CARBONATE_RECIPROCAL_2017_V10,0.1,9.0,1,2.7776393098762457,1.8776393098762458,True,True,0.9791646941825819,1.2384938000468537
UG0001_T2_graded_two_layer_fine_hot__AIP_LIF_NAK_CARBONATE_RECIPROCAL_2017_V10,0.1,15.0,1,2.7776393098762457,1.2776393098762457,True,True,0.9791646941825819,1.2530610999674536
UG0001_T2_graded_two_layer_fine_hot__AIP_LIF_NAK_CARBONATE_RECIPROCAL_2017_V10,0.35,0.75,3,8.328705192088602,8.066205192088603,True,True,0.9786696738427689,1.0663475000183098
UG0001_T2_graded_two_layer_fine_hot__AIP_LIF_NAK_CARBONATE_RECIPROCAL_2017_V10,0.35,3.0,3,8.328705192088602,7.278705192088602,True,True,0.9786696738427689,1.0844323000055738
UG0001_T2_graded_two_layer_fine_hot__AIP_LIF_NAK_CARBONATE_RECIPROCAL_2017_V10,0.35,9.0,3,8.328705192088602,5.178705192088602,True,True,0.9786696738427689,1.0751966999960132
UG0001_T2_graded_two_layer_fine_hot__AIP_LIF_NAK_CARBONATE_RECIPROCAL_2017_V10,0.35,15.0,3,8.328705192088602,3.078705192088602,True,True,0.9786696738427689,1.0814815000048839
UG0001_T2_graded_two_layer_fine_hot__AIP_LIF_NAK_CARBONATE_RECIPROCAL_2017_V10,0.75,0.75,6,16.653256377661734,16.090756377661734,True,True,0.9784256142856186,1.0290469999890774
UG0001_T2_graded_two_layer_fine_hot__AIP_LIF_NAK_CARBONATE_RECIPROCAL_2017_V10,0.75,3.0,6,16.653256377661734,14.403256377661734,True,True,0.9784256142856186,1.0338086999836378
UG0001_T2_graded_two_layer_fine_hot__AIP_LIF_NAK_CARBONATE_RECIPROCAL_2017_V10,0.75,9.0,6,16.653256377661734,9.903256377661734,True,True,0.9784256142856186,1.031330399971921
UG0001_T2_graded_two_layer_fine_hot__AIP_LIF_NAK_CARBONATE_RECIPROCAL_2017_V10,0.75,15.0,6,16.653256377661734,5.403256377661734,True,True,0.9784256142856186,1.0241716000018641
UG0001_T3_graded_two_layer_coarse_hot__SOLAR_SALT_60_40_V10,0.1,0.75,1,2.27902708782296,2.20402708782296,True,True,0.9740812082521085,1.0606348000001162
UG0001_T3_graded_two_layer_coarse_hot__SOLAR_SALT_60_40_V10,0.1,3.0,1,2.27902708782296,1.97902708782296,True,True,0.9740812082521085,1.0597858999972232
UG0001_T3_graded_two_layer_coarse_hot__SOLAR_SALT_60_40_V10,0.1,9.0,1,2.27902708782296,1.3790270878229602,True,True,0.9740812082521085,1.0591024000314064
UG0001_T3_graded_two_layer_coarse_hot__SOLAR_SALT_60_40_V10,0.1,15.0,1,2.27902708782296,0.7790270878229602,True,True,0.9740812082521085,1.0641887999954633
UG0001_T3_graded_two_layer_coarse_hot__SOLAR_SALT_60_40_V10,0.35,0.75,3,6.829997301917111,6.567497301917111,True,True,0.9730719539282747,0.8987458000192419
UG0001_T3_graded_two_layer_coarse_hot__SOLAR_SALT_60_40_V10,0.35,3.0,3,6.829997301917111,5.779997301917112,True,True,0.9730719539282747,0.893423699948471
UG0001_T3_graded_two_layer_coarse_hot__SOLAR_SALT_60_40_V10,0.35,9.0,3,6.829997301917111,3.6799973019171115,True,True,0.9730719539282747,0.8756893000099808
UG0001_T3_graded_two_layer_coarse_hot__SOLAR_SALT_60_40_V10,0.35,15.0,3,6.829997301917111,1.5799973019171114,True,True,0.9730719539282747,0.8957489000167698
UG0001_T3_graded_two_layer_coarse_hot__SOLAR_SALT_60_40_V10,0.75,0.75,6,13.653226404086517,13.090726404086517,True,True,0.9725898201102109,0.834667699993588
UG0001_T3_graded_two_layer_coarse_hot__SOLAR_SALT_60_40_V10,0.75,3.0,6,13.653226404086517,11.403226404086517,True,True,0.9725898201102109,0.8379591999691911
UG0001_T3_graded_two_layer_coarse_hot__SOLAR_SALT_60_40_V10,0.75,9.0,6,13.653226404086517,6.903226404086517,True,True,0.9725898201102109,0.8446343999821693
UG0001_T3_graded_two_layer_coarse_hot__SOLAR_SALT_60_40_V10,0.75,15.0,6,13.653226404086517,2.403226404086517,True,True,0.9725898201102109,0.8333436999819241
UG0001_T3_graded_two_layer_coarse_hot__NREL_MGCL2_KCL_NACL_BASELINE_V10,0.1,0.75,1,1.859464261930388,1.784464261930388,True,True,0.9695590275244566,0.8545342999859713
UG0001_T3_graded_two_layer_coarse_hot__NREL_MGCL2_KCL_NACL_BASELINE_V10,0.1,3.0,1,1.859464261930388,1.559464261930388,True,True,0.9695590275244566,0.8547428000019863
UG0001_T3_graded_two_layer_coarse_hot__NREL_MGCL2_KCL_NACL_BASELINE_V10,0.1,9.0,1,1.859464261930388,0.959464261930388,True,True,0.9695590275244566,0.8497775999712758
UG0001_T3_graded_two_layer_coarse_hot__NREL_MGCL2_KCL_NACL_BASELINE_V10,0.1,15.0,1,1.859464261930388,0.35946426193038805,True,True,0.9695590275244566,0.8417540999944322
UG0001_T3_graded_two_layer_coarse_hot__NREL_MGCL2_KCL_NACL_BASELINE_V10,0.35,0.75,3,5.570023338079942,5.307523338079942,True,True,0.968104365958767,0.7332196999923326
UG0001_T3_graded_two_layer_coarse_hot__NREL_MGCL2_KCL_NACL_BASELINE_V10,0.35,3.0,3,5.570023338079942,4.520023338079942,True,True,0.968104365958767,0.7371843999717385
UG0001_T3_graded_two_layer_coarse_hot__NREL_MGCL2_KCL_NACL_BASELINE_V10,0.35,9.0,3,5.570023338079942,2.420023338079942,True,True,0.968104365958767,0.7387845999910496
UG0001_T3_graded_two_layer_coarse_hot__NREL_MGCL2_KCL_NACL_BASELINE_V10,0.35,15.0,3,5.570023338079942,0.32002333807994177,True,True,0.968104365958767,0.7227207000250928
UG0001_T3_graded_two_layer_coarse_hot__NREL_MGCL2_KCL_NACL_BASELINE_V10,0.75,0.75,6,11.132100112922814,10.569600112922814,True,True,0.9674137851391518,0.6909873000113294
UG0001_T3_graded_two_layer_coarse_hot__NREL_MGCL2_KCL_NACL_BASELINE_V10,0.75,3.0,6,11.132100112922814,8.882100112922814,True,True,0.9674137851391518,0.6739648999646306
UG0001_T3_graded_two_layer_coarse_hot__NREL_MGCL2_KCL_NACL_BASELINE_V10,0.75,9.0,6,11.132100112922814,4.382100112922814,True,True,0.9674137851391518,0.6821692000376061
UG0001_T3_graded_two_layer_coarse_hot__NREL_MGCL2_KCL_NACL_BASELINE_V10,0.75,15.0,6,11.132100112922814,-0.11789988707718635,True,False,0.9674137851391518,0.6820443000178784
UG0001_T3_graded_two_layer_coarse_hot__NREL_MGCL2_KCL_NACL_BASELINE_V10,0.75,15.0,7,13.007708497416592,1.7577084974165924,True,True,0.9689227974562692,0.8263477999716997
UG0001_T3_graded_two_layer_coarse_hot__AIP_FLINAK_2017_V10,0.1,0.75,1,2.840200022377233,2.7652000223772326,True,True,0.9779134843994847,1.332807100028731
UG0001_T3_graded_two_layer_coarse_hot__AIP_FLINAK_2017_V10,0.1,3.0,1,2.840200022377233,2.540200022377233,True,True,0.9779134843994847,1.329402300005313
UG0001_T3_graded_two_layer_coarse_hot__AIP_FLINAK_2017_V10,0.1,9.0,1,2.840200022377233,1.9402000223772329,True,True,0.9779134843994847,1.3288360000005923
UG0001_T3_graded_two_layer_coarse_hot__AIP_FLINAK_2017_V10,0.1,15.0,1,2.840200022377233,1.3402000223772328,True,True,0.9779134843994847,1.3082745000137947
UG0001_T3_graded_two_layer_coarse_hot__AIP_FLINAK_2017_V10,0.35,0.75,3,8.515367969356834,8.252867969356835,True,True,0.9773129939498185,1.1354369999608025
UG0001_T3_graded_two_layer_coarse_hot__AIP_FLINAK_2017_V10,0.35,3.0,3,8.515367969356834,7.465367969356834,True,True,0.9773129939498185,1.1415177999879234
UG0001_T3_graded_two_layer_coarse_hot__AIP_FLINAK_2017_V10,0.35,9.0,3,8.515367969356834,5.365367969356834,True,True,0.9773129939498185,1.1414876999915577
UG0001_T3_graded_two_layer_coarse_hot__AIP_FLINAK_2017_V10,0.35,15.0,3,8.515367969356834,3.2653679693568343,True,True,0.9773129939498185,1.0978026999509893
UG0001_T3_graded_two_layer_coarse_hot__AIP_FLINAK_2017_V10,0.75,0.75,6,17.025672012683234,16.463172012683234,True,True,0.9770223993021324,1.0308437999919988
UG0001_T3_graded_two_layer_coarse_hot__AIP_FLINAK_2017_V10,0.75,3.0,6,17.025672012683234,14.775672012683234,True,True,0.9770223993021324,1.0360783000360243
UG0001_T3_graded_two_layer_coarse_hot__AIP_FLINAK_2017_V10,0.75,9.0,6,17.025672012683234,10.275672012683234,True,True,0.9770223993021324,1.0159738999791443
UG0001_T3_graded_two_layer_coarse_hot__AIP_FLINAK_2017_V10,0.75,15.0,6,17.025672012683234,5.775672012683234,True,True,0.9770223993021324,1.0275363000109792
UG0001_T3_graded_two_layer_coarse_hot__AIP_LINAK_CARBONATE_2017_V10,0.1,0.75,1,2.5412860015796133,2.466286001579613,True,True,0.9757029720214383,1.1437872999813408
UG0001_T3_graded_two_layer_coarse_hot__AIP_LINAK_CARBONATE_2017_V10,0.1,3.0,1,2.5412860015796133,2.2412860015796134,True,True,0.9757029720214383,1.1625381000339985
UG0001_T3_graded_two_layer_coarse_hot__AIP_LINAK_CARBONATE_2017_V10,0.1,9.0,1,2.5412860015796133,1.6412860015796134,True,True,0.9757029720214383,1.1439880999969319
UG0001_T3_graded_two_layer_coarse_hot__AIP_LINAK_CARBONATE_2017_V10,0.1,15.0,1,2.5412860015796133,1.0412860015796133,True,True,0.9757029720214383,1.1512199999997392
UG0001_T3_graded_two_layer_coarse_hot__AIP_LINAK_CARBONATE_2017_V10,0.35,0.75,3,7.617188102311866,7.354688102311866,True,True,0.9748493564875386,0.9718555000144988
UG0001_T3_graded_two_layer_coarse_hot__AIP_LINAK_CARBONATE_2017_V10,0.35,3.0,3,7.617188102311866,6.567188102311866,True,True,0.9748493564875386,0.9811099999933504
UG0001_T3_graded_two_layer_coarse_hot__AIP_LINAK_CARBONATE_2017_V10,0.35,9.0,3,7.617188102311866,4.467188102311866,True,True,0.9748493564875386,1.0026004999526776
UG0001_T3_graded_two_layer_coarse_hot__AIP_LINAK_CARBONATE_2017_V10,0.35,15.0,3,7.617188102311866,2.367188102311866,True,True,0.9748493564875386,0.9894348000525497
UG0001_T3_graded_two_layer_coarse_hot__AIP_LINAK_CARBONATE_2017_V10,0.75,0.75,6,15.227955798601105,14.665455798601105,True,True,0.9744385140220856,0.9379349999944679
UG0001_T3_graded_two_layer_coarse_hot__AIP_LINAK_CARBONATE_2017_V10,0.75,3.0,6,15.227955798601105,12.977955798601105,True,True,0.9744385140220856,0.9184896000078879
UG0001_T3_graded_two_layer_coarse_hot__AIP_LINAK_CARBONATE_2017_V10,0.75,9.0,6,15.227955798601105,8.477955798601105,True,True,0.9744385140220856,0.918904299964197
UG0001_T3_graded_two_layer_coarse_hot__AIP_LINAK_CARBONATE_2017_V10,0.75,15.0,6,15.227955798601105,3.977955798601105,True,True,0.9744385140220856,0.9089138000272214
UG0001_T3_graded_two_layer_coarse_hot__AIP_LIF_NAK_CARBONATE_RECIPROCAL_2017_V10,0.1,0.75,1,2.7739659373766297,2.6989659373766295,True,True,0.9778697684348735,1.2773365000030026
UG0001_T3_graded_two_layer_coarse_hot__AIP_LIF_NAK_CARBONATE_RECIPROCAL_2017_V10,0.1,3.0,1,2.7739659373766297,2.4739659373766294,True,True,0.9778697684348735,1.2978935000137426
UG0001_T3_graded_two_layer_coarse_hot__AIP_LIF_NAK_CARBONATE_RECIPROCAL_2017_V10,0.1,9.0,1,2.7739659373766297,1.8739659373766298,True,True,0.9778697684348735,1.291896699985955
UG0001_T3_graded_two_layer_coarse_hot__AIP_LIF_NAK_CARBONATE_RECIPROCAL_2017_V10,0.1,15.0,1,2.7739659373766297,1.2739659373766297,True,True,0.9778697684348735,1.2888402999960817
UG0001_T3_graded_two_layer_coarse_hot__AIP_LIF_NAK_CARBONATE_RECIPROCAL_2017_V10,0.35,0.75,3,8.316721068148105,8.054221068148106,True,True,0.9772614719197042,1.1092026000260375
UG0001_T3_graded_two_layer_coarse_hot__AIP_LIF_NAK_CARBONATE_RECIPROCAL_2017_V10,0.35,3.0,3,8.316721068148105,7.266721068148105,True,True,0.9772614719197042,1.1073424000060186
UG0001_T3_graded_two_layer_coarse_hot__AIP_LIF_NAK_CARBONATE_RECIPROCAL_2017_V10,0.35,9.0,3,8.316721068148105,5.166721068148105,True,True,0.9772614719197042,1.1162265000166371
UG0001_T3_graded_two_layer_coarse_hot__AIP_LIF_NAK_CARBONATE_RECIPROCAL_2017_V10,0.35,15.0,3,8.316721068148105,3.066721068148105,True,True,0.9772614719197042,1.1282771000405774
UG0001_T3_graded_two_layer_coarse_hot__AIP_LIF_NAK_CARBONATE_RECIPROCAL_2017_V10,0.75,0.75,6,16.62842814769957,16.06592814769957,True,True,0.9769668859984024,1.0417178999632597
UG0001_T3_graded_two_layer_coarse_hot__AIP_LIF_NAK_CARBONATE_RECIPROCAL_2017_V10,0.75,3.0,6,16.62842814769957,14.37842814769957,True,True,0.9769668859984024,1.0449368000263348
UG0001_T3_graded_two_layer_coarse_hot__AIP_LIF_NAK_CARBONATE_RECIPROCAL_2017_V10,0.75,9.0,6,16.62842814769957,9.87842814769957,True,True,0.9769668859984024,1.0332964999834076
UG0001_T3_graded_two_layer_coarse_hot__AIP_LIF_NAK_CARBONATE_RECIPROCAL_2017_V10,0.75,15.0,6,16.62842814769957,5.3784281476995695,True,True,0.9769668859984024,1.0396271999925375
UG0002_T1_homogeneous_none__SOLAR_SALT_60_40_V10,0.1,0.75,1,2.323780677210111,2.2487806772101107,True,True,0.9611282643716602,1.1229158000205643
UG0002_T1_homogeneous_none__SOLAR_SALT_60_40_V10,0.1,3.0,1,2.323780677210111,2.0237806772101106,True,True,0.9611282643716602,1.1075248999986798
UG0002_T1_homogeneous_none__SOLAR_SALT_60_40_V10,0.1,9.0,1,2.323780677210111,1.423780677210111,True,True,0.9611282643716602,1.0944025000208057
UG0002_T1_homogeneous_none__SOLAR_SALT_60_40_V10,0.1,15.0,1,2.323780677210111,0.8237806772101108,True,True,0.9611282643716602,1.0806491000112146
UG0002_T1_homogeneous_none__SOLAR_SALT_60_40_V10,0.35,0.75,1,2.2624837185389306,1.9999837185389306,True,True,0.9357755105267387,0.31633709999732673
UG0002_T1_homogeneous_none__SOLAR_SALT_60_40_V10,0.35,3.0,1,2.2624837185389306,1.2124837185389308,True,True,0.9357755105267387,0.3129633000353351
UG0002_T1_homogeneous_none__SOLAR_SALT_60_40_V10,0.35,9.0,1,2.2624837185389306,-0.8875162814610693,True,False,0.9357755105267387,0.3080465999664739
UG0002_T1_homogeneous_none__SOLAR_SALT_60_40_V10,0.35,9.0,2,4.601252191862295,1.4512521918622947,True,True,0.9515514042423209,0.6311574000283144
UG0002_T1_homogeneous_none__SOLAR_SALT_60_40_V10,0.35,15.0,1,2.2624837185389306,-2.9875162814610694,True,False,0.9357755105267387,0.3123386999941431
UG0002_T1_homogeneous_none__SOLAR_SALT_60_40_V10,0.35,15.0,2,4.601252191862295,-0.6487478081377054,True,False,0.9515514042423209,0.6208991999737918
UG0002_T1_homogeneous_none__SOLAR_SALT_60_40_V10,0.35,15.0,3,6.954061823041236,1.7040618230412363,True,True,0.9587458684407386,0.9311482000048272
UG0002_T1_homogeneous_none__SOLAR_SALT_60_40_V10,0.75,0.75,3,6.8472497729757995,6.2847497729757995,True,True,0.944019854449805,0.4356848999741487
UG0002_T1_homogeneous_none__SOLAR_SALT_60_40_V10,0.75,3.0,3,6.8472497729757995,4.5972497729757995,True,True,0.944019854449805,0.4299843000480905
UG0002_T1_homogeneous_none__SOLAR_SALT_60_40_V10,0.75,9.0,3,6.8472497729757995,0.09724977297579951,True,True,0.944019854449805,0.43177900003502145
UG0002_T1_homogeneous_none__SOLAR_SALT_60_40_V10,0.75,15.0,3,6.8472497729757995,-4.4027502270242005,True,False,0.944019854449805,0.4367542999680154
UG0002_T1_homogeneous_none__SOLAR_SALT_60_40_V10,0.75,15.0,4,9.1893001105629,-2.0606998894370996,True,False,0.950186064532054,0.5714331999770366
UG0002_T1_homogeneous_none__SOLAR_SALT_60_40_V10,0.75,15.0,5,11.538178388630467,0.28817838863046674,True,True,0.9544506052084963,0.7200200000079349
UG0002_T1_homogeneous_none__NREL_MGCL2_KCL_NACL_BASELINE_V10,0.1,0.75,1,1.9819965952925096,1.9069965952925096,True,True,0.9539929980658591,0.8969830999849364
UG0002_T1_homogeneous_none__NREL_MGCL2_KCL_NACL_BASELINE_V10,0.1,3.0,1,1.9819965952925096,1.6819965952925096,True,True,0.9539929980658591,0.9178444999852218
UG0002_T1_homogeneous_none__NREL_MGCL2_KCL_NACL_BASELINE_V10,0.1,9.0,1,1.9819965952925096,1.0819965952925097,True,True,0.9539929980658591,0.9151660000206903
UG0002_T1_homogeneous_none__NREL_MGCL2_KCL_NACL_BASELINE_V10,0.1,15.0,1,1.9819965952925096,0.4819965952925096,True,True,0.9539929980658591,0.9155434999847785
UG0002_T1_homogeneous_none__NREL_MGCL2_KCL_NACL_BASELINE_V10,0.35,0.75,1,1.9175593415842977,1.6550593415842978,True,True,0.9229774610067982,0.26288840000052005
UG0002_T1_homogeneous_none__NREL_MGCL2_KCL_NACL_BASELINE_V10,0.35,3.0,1,1.9175593415842977,0.8675593415842979,True,True,0.9229774610067982,0.2624410999706015
UG0002_T1_homogeneous_none__NREL_MGCL2_KCL_NACL_BASELINE_V10,0.35,9.0,1,1.9175593415842977,-1.2324406584157022,True,False,0.9229774610067982,0.26459740003338084
UG0002_T1_homogeneous_none__NREL_MGCL2_KCL_NACL_BASELINE_V10,0.35,9.0,2,3.9148801328162817,0.7648801328162818,True,True,0.9421732216504347,0.5357096000225283
UG0002_T1_homogeneous_none__NREL_MGCL2_KCL_NACL_BASELINE_V10,0.35,15.0,1,1.9175593415842977,-3.3324406584157025,True,False,0.9229774610067982,0.26537869998719543
UG0002_T1_homogeneous_none__NREL_MGCL2_KCL_NACL_BASELINE_V10,0.35,15.0,2,3.9148801328162817,-1.3351198671837183,True,False,0.9421732216504347,0.5388802000088617
UG0002_T1_homogeneous_none__NREL_MGCL2_KCL_NACL_BASELINE_V10,0.35,15.0,3,5.927534206225202,0.6775342062252019,True,True,0.9510319277651021,0.8213097000261769
UG0002_T1_homogeneous_none__NREL_MGCL2_KCL_NACL_BASELINE_V10,0.75,0.75,3,5.815037327547257,5.252537327547257,True,True,0.9329825804860461,0.36123580002458766
UG0002_T1_homogeneous_none__NREL_MGCL2_KCL_NACL_BASELINE_V10,0.75,3.0,3,5.815037327547257,3.565037327547257,True,True,0.9329825804860461,0.36736370000289753
UG0002_T1_homogeneous_none__NREL_MGCL2_KCL_NACL_BASELINE_V10,0.75,9.0,3,5.815037327547257,-0.9349626724527429,True,False,0.9329825804860461,0.3771736000198871
UG0002_T1_homogeneous_none__NREL_MGCL2_KCL_NACL_BASELINE_V10,0.75,9.0,4,7.815873869530008,1.0658738695300078,True,True,0.9405022393841594,0.5291798000107519
UG0002_T1_homogeneous_none__NREL_MGCL2_KCL_NACL_BASELINE_V10,0.75,15.0,3,5.815037327547257,-5.434962672452743,True,False,0.9329825804860461,0.37772859999677166
UG0002_T1_homogeneous_none__NREL_MGCL2_KCL_NACL_BASELINE_V10,0.75,15.0,4,7.815873869530008,-3.434126130469992,True,False,0.9405022393841594,0.5227885999483988
UG0002_T1_homogeneous_none__NREL_MGCL2_KCL_NACL_BASELINE_V10,0.75,15.0,5,9.824156250796067,-1.425843749203933,True,False,0.9457308148181972,0.623048200039193
UG0002_T1_homogeneous_none__NREL_MGCL2_KCL_NACL_BASELINE_V10,0.75,15.0,6,11.837670130457994,0.5876701304579939,True,True,0.9496362106686351,0.7740159999812022
UG0002_T1_homogeneous_none__AIP_FLINAK_2017_V10,0.1,0.75,1,2.7821184186901706,2.7071184186901704,True,True,0.9683151129369758,1.299786799994763
UG0002_T1_homogeneous_none__AIP_FLINAK_2017_V10,0.1,3.0,1,2.7821184186901706,2.4821184186901704,True,True,0.9683151129369758,1.31313379999483
UG0002_T1_homogeneous_none__AIP_FLINAK_2017_V10,0.1,9.0,1,2.7821184186901706,1.8821184186901707,True,True,0.9683151129369758,1.3008467000327073
UG0002_T1_homogeneous_none__AIP_FLINAK_2017_V10,0.1,15.0,1,2.7821184186901706,1.2821184186901706,True,True,0.9683151129369758,1.310602799989283
UG0002_T1_homogeneous_none__AIP_FLINAK_2017_V10,0.35,0.75,1,2.7246689370964225,2.462168937096423,True,True,0.9483198457032355,0.40920729999197647
UG0002_T1_homogeneous_none__AIP_FLINAK_2017_V10,0.35,3.0,1,2.7246689370964225,1.6746689370964227,True,True,0.9483198457032355,0.3822946000145748
UG0002_T1_homogeneous_none__AIP_FLINAK_2017_V10,0.35,9.0,1,2.7246689370964225,-0.42533106290357736,True,False,0.9483198457032355,0.3676289999857545
UG0002_T1_homogeneous_none__AIP_FLINAK_2017_V10,0.35,9.0,2,5.522242656687131,2.372242656687131,True,True,0.9610070847187185,0.7428197000408545
UG0002_T1_homogeneous_none__AIP_FLINAK_2017_V10,0.35,15.0,1,2.7246689370964225,-2.5253310629035775,True,False,0.9483198457032355,0.3688672000425868
UG0002_T1_homogeneous_none__AIP_FLINAK_2017_V10,0.35,15.0,2,5.522242656687131,0.27224265668713077,True,True,0.9610070847187185,0.7300660999608226
UG0002_T1_homogeneous_none__AIP_FLINAK_2017_V10,0.75,0.75,3,8.23182628011323,7.66932628011323,True,True,0.9550278594129934,0.529682699998375
UG0002_T1_homogeneous_none__AIP_FLINAK_2017_V10,0.75,3.0,3,8.23182628011323,5.98182628011323,True,True,0.9550278594129934,0.5312550999806263
UG0002_T1_homogeneous_none__AIP_FLINAK_2017_V10,0.75,9.0,3,8.23182628011323,1.4818262801132303,True,True,0.9550278594129934,0.5077470999676734
UG0002_T1_homogeneous_none__AIP_FLINAK_2017_V10,0.75,15.0,3,8.23182628011323,-3.0181737198867697,True,False,0.9550278594129934,0.5228447000263259
UG0002_T1_homogeneous_none__AIP_FLINAK_2017_V10,0.75,15.0,4,11.032174199054426,-0.21782580094557424,True,False,0.9599358652144635,0.6837934000068344
UG0002_T1_homogeneous_none__AIP_FLINAK_2017_V10,0.75,15.0,5,13.837971866498432,2.5879718664984317,True,True,0.9632600252174495,0.885695000004489
UG0002_T1_homogeneous_none__AIP_LINAK_CARBONATE_2017_V10,0.1,0.75,1,2.536419227292494,2.461419227292494,True,True,0.9639065806445817,1.1668237000121735
UG0002_T1_homogeneous_none__AIP_LINAK_CARBONATE_2017_V10,0.1,3.0,1,2.536419227292494,2.236419227292494,True,True,0.9639065806445817,1.1709300999646075
UG0002_T1_homogeneous_none__AIP_LINAK_CARBONATE_2017_V10,0.1,9.0,1,2.536419227292494,1.6364192272924942,True,True,0.9639065806445817,1.1680564999696799
UG0002_T1_homogeneous_none__AIP_LINAK_CARBONATE_2017_V10,0.1,15.0,1,2.536419227292494,1.0364192272924941,True,True,0.9639065806445817,1.1678789999568835
UG0002_T1_homogeneous_none__AIP_LINAK_CARBONATE_2017_V10,0.35,0.75,1,2.4735759128739425,2.211075912873943,True,True,0.9400244543518318,0.3454343000194058
UG0002_T1_homogeneous_none__AIP_LINAK_CARBONATE_2017_V10,0.35,3.0,1,2.4735759128739425,1.4235759128739427,True,True,0.9400244543518318,0.3339300000225194
UG0002_T1_homogeneous_none__AIP_LINAK_CARBONATE_2017_V10,0.35,9.0,1,2.4735759128739425,-0.6764240871260574,True,False,0.9400244543518318,0.3520433999947272
UG0002_T1_homogeneous_none__AIP_LINAK_CARBONATE_2017_V10,0.35,9.0,2,5.026188584224376,1.876188584224376,True,True,0.955042486621211,0.6733963000006042
UG0002_T1_homogeneous_none__AIP_LINAK_CARBONATE_2017_V10,0.35,15.0,1,2.4735759128739425,-2.7764240871260575,True,False,0.9400244543518318,0.33652700000675395
UG0002_T1_homogeneous_none__AIP_LINAK_CARBONATE_2017_V10,0.35,15.0,2,5.026188584224376,-0.22381141577562413,True,False,0.955042486621211,0.6643713000230491
UG0002_T1_homogeneous_none__AIP_LINAK_CARBONATE_2017_V10,0.35,15.0,3,7.592028840635829,2.3420288406358294,True,True,0.9617241084319159,1.0176997000235133
UG0002_T1_homogeneous_none__AIP_LINAK_CARBONATE_2017_V10,0.75,0.75,3,7.483112676590444,6.920612676590444,True,True,0.947927098046534,0.4721099999733269
UG0002_T1_homogeneous_none__AIP_LINAK_CARBONATE_2017_V10,0.75,3.0,3,7.483112676590444,5.233112676590444,True,True,0.947927098046534,0.46389100002124906
UG0002_T1_homogeneous_none__AIP_LINAK_CARBONATE_2017_V10,0.75,9.0,3,7.483112676590444,0.7331126765904443,True,True,0.947927098046534,0.4688660000101663
UG0002_T1_homogeneous_none__AIP_LINAK_CARBONATE_2017_V10,0.75,15.0,3,7.483112676590444,-3.7668873234095557,True,False,0.947927098046534,0.46759999997448176
UG0002_T1_homogeneous_none__AIP_LINAK_CARBONATE_2017_V10,0.75,15.0,4,10.038886857458007,-1.2111131425419934,True,False,0.9537608176251121,0.6527391000417992
UG0002_T1_homogeneous_none__AIP_LINAK_CARBONATE_2017_V10,0.75,15.0,5,12.60109418433131,1.3510941843313091,True,True,0.9577500025943806,0.7576001000124961
UG0002_T1_homogeneous_none__AIP_LIF_NAK_CARBONATE_RECIPROCAL_2017_V10,0.1,0.75,1,2.729027455221788,2.654027455221788,True,True,0.9682089895243415,1.2828140000347048
UG0002_T1_homogeneous_none__AIP_LIF_NAK_CARBONATE_RECIPROCAL_2017_V10,0.1,3.0,1,2.729027455221788,2.429027455221788,True,True,0.9682089895243415,1.2762001000228338
UG0002_T1_homogeneous_none__AIP_LIF_NAK_CARBONATE_RECIPROCAL_2017_V10,0.1,9.0,1,2.729027455221788,1.8290274552217882,True,True,0.9682089895243415,1.2882085000164807
UG0002_T1_homogeneous_none__AIP_LIF_NAK_CARBONATE_RECIPROCAL_2017_V10,0.1,15.0,1,2.729027455221788,1.2290274552217881,True,True,0.9682089895243415,1.2665357999503613
UG0002_T1_homogeneous_none__AIP_LIF_NAK_CARBONATE_RECIPROCAL_2017_V10,0.35,0.75,1,2.6719779245824378,2.409477924582438,True,True,0.9479688602770254,0.3860549000091851
UG0002_T1_homogeneous_none__AIP_LIF_NAK_CARBONATE_RECIPROCAL_2017_V10,0.35,3.0,1,2.6719779245824378,1.621977924582438,True,True,0.9479688602770254,0.3703457999508828
UG0002_T1_homogeneous_none__AIP_LIF_NAK_CARBONATE_RECIPROCAL_2017_V10,0.35,9.0,1,2.6719779245824378,-0.47802207541756214,True,False,0.9479688602770254,0.36217999999644235
UG0002_T1_homogeneous_none__AIP_LIF_NAK_CARBONATE_RECIPROCAL_2017_V10,0.35,9.0,2,5.4164131993549525,2.2664131993549526,True,True,0.9608221310781146,0.7232937999651767
UG0002_T1_homogeneous_none__AIP_LIF_NAK_CARBONATE_RECIPROCAL_2017_V10,0.35,15.0,1,2.6719779245824378,-2.5780220754175622,True,False,0.9479688602770254,0.3562169999931939
UG0002_T1_homogeneous_none__AIP_LIF_NAK_CARBONATE_RECIPROCAL_2017_V10,0.35,15.0,2,5.4164131993549525,0.16641319935495247,True,True,0.9608221310781146,0.7064201000030152
UG0002_T1_homogeneous_none__AIP_LIF_NAK_CARBONATE_RECIPROCAL_2017_V10,0.75,0.75,3,8.073437140264058,7.510937140264058,True,True,0.9547692409135894,0.5034822999732569
UG0002_T1_homogeneous_none__AIP_LIF_NAK_CARBONATE_RECIPROCAL_2017_V10,0.75,3.0,3,8.073437140264058,5.823437140264058,True,True,0.9547692409135894,0.5035481000086293
UG0002_T1_homogeneous_none__AIP_LIF_NAK_CARBONATE_RECIPROCAL_2017_V10,0.75,9.0,3,8.073437140264058,1.3234371402640583,True,True,0.9547692409135894,0.4974835999892093
UG0002_T1_homogeneous_none__AIP_LIF_NAK_CARBONATE_RECIPROCAL_2017_V10,0.75,15.0,3,8.073437140264058,-3.1765628597359417,True,False,0.9547692409135894,0.49983839999185875
UG0002_T1_homogeneous_none__AIP_LIF_NAK_CARBONATE_RECIPROCAL_2017_V10,0.75,15.0,4,10.820606929356412,-0.429393070643588,True,False,0.959738320062158,0.6787804000196047
UG0002_T1_homogeneous_none__AIP_LIF_NAK_CARBONATE_RECIPROCAL_2017_V10,0.75,15.0,5,13.573145423502213,2.323145423502213,True,True,0.9631007112083448,0.8327116000000387
UG0002_T2_graded_two_layer_fine_hot__SOLAR_SALT_60_40_V10,0.1,0.75,1,2.317420612424849,2.2424206124248487,True,True,0.9584977071558695,1.0826245000353083
UG0002_T2_graded_two_layer_fine_hot__SOLAR_SALT_60_40_V10,0.1,3.0,1,2.317420612424849,2.017420612424849,True,True,0.9584977071558695,1.0786370999994688
UG0002_T2_graded_two_layer_fine_hot__SOLAR_SALT_60_40_V10,0.1,9.0,1,2.317420612424849,1.417420612424849,True,True,0.9584977071558695,1.0852951999986544
UG0002_T2_graded_two_layer_fine_hot__SOLAR_SALT_60_40_V10,0.1,15.0,1,2.317420612424849,0.8174206124248489,True,True,0.9584977071558695,1.0803082999773324
UG0002_T2_graded_two_layer_fine_hot__SOLAR_SALT_60_40_V10,0.35,0.75,1,2.2502021422539,1.9877021422539,True,True,0.9306957841074832,0.30889669997850433
UG0002_T2_graded_two_layer_fine_hot__SOLAR_SALT_60_40_V10,0.35,3.0,1,2.2502021422539,1.2002021422539002,True,True,0.9306957841074832,0.31564759998582304
UG0002_T2_graded_two_layer_fine_hot__SOLAR_SALT_60_40_V10,0.35,9.0,1,2.2502021422539,-0.8997978577460999,True,False,0.9306957841074832,0.3097152999835089
UG0002_T2_graded_two_layer_fine_hot__SOLAR_SALT_60_40_V10,0.35,9.0,2,4.583612357651602,1.4336123576516022,True,True,0.9479034387942472,0.6173660000204109
UG0002_T2_graded_two_layer_fine_hot__SOLAR_SALT_60_40_V10,0.35,15.0,1,2.2502021422539,-2.9997978577461,True,False,0.9306957841074832,0.30824560002656654
UG0002_T2_graded_two_layer_fine_hot__SOLAR_SALT_60_40_V10,0.35,15.0,2,4.583612357651602,-0.6663876423483979,True,False,0.9479034387942472,0.6249982999870554
UG0002_T2_graded_two_layer_fine_hot__SOLAR_SALT_60_40_V10,0.35,15.0,3,6.9330267794985705,1.6830267794985705,True,True,0.9558457991571753,0.9305908000096679
UG0002_T2_graded_two_layer_fine_hot__SOLAR_SALT_60_40_V10,0.75,0.75,3,6.815644060767563,6.253144060767563,True,True,0.9396624232434311,0.43273870000848547
UG0002_T2_graded_two_layer_fine_hot__SOLAR_SALT_60_40_V10,0.75,3.0,3,6.815644060767563,4.565644060767563,True,True,0.9396624232434311,0.439520200015977
UG0002_T2_graded_two_layer_fine_hot__SOLAR_SALT_60_40_V10,0.75,9.0,3,6.815644060767563,0.06564406076756324,True,True,0.9396624232434311,0.4320210999576375
UG0002_T2_graded_two_layer_fine_hot__SOLAR_SALT_60_40_V10,0.75,15.0,3,6.815644060767563,-4.434355939232437,True,False,0.9396624232434311,0.42999629996484146
UG0002_T2_graded_two_layer_fine_hot__SOLAR_SALT_60_40_V10,0.75,15.0,4,9.152731383630062,-2.097268616369938,True,False,0.9464048086898031,0.5711512000416405
UG0002_T2_graded_two_layer_fine_hot__SOLAR_SALT_60_40_V10,0.75,15.0,5,11.497598516041197,0.24759851604119731,True,True,0.9510937942243398,0.754622099979315
UG0002_T2_graded_two_layer_fine_hot__NREL_MGCL2_KCL_NACL_BASELINE_V10,0.1,0.75,1,1.9748070293874567,1.8998070293874567,True,True,0.950532449471152,0.907261100015603
UG0002_T2_graded_two_layer_fine_hot__NREL_MGCL2_KCL_NACL_BASELINE_V10,0.1,3.0,1,1.9748070293874567,1.6748070293874566,True,True,0.950532449471152,0.9181129000498913
UG0002_T2_graded_two_layer_fine_hot__NREL_MGCL2_KCL_NACL_BASELINE_V10,0.1,9.0,1,1.9748070293874567,1.0748070293874568,True,True,0.950532449471152,0.9169328000280075
UG0002_T2_graded_two_layer_fine_hot__NREL_MGCL2_KCL_NACL_BASELINE_V10,0.1,15.0,1,1.9748070293874567,0.47480702938745667,True,True,0.950532449471152,0.928828899981454
UG0002_T2_graded_two_layer_fine_hot__NREL_MGCL2_KCL_NACL_BASELINE_V10,0.35,0.75,1,1.90454121417791,1.64204121417791,True,True,0.9167114550897747,0.25939620001008734
UG0002_T2_graded_two_layer_fine_hot__NREL_MGCL2_KCL_NACL_BASELINE_V10,0.35,3.0,1,1.90454121417791,0.8545412141779101,True,True,0.9167114550897747,0.26020819996483624
UG0002_T2_graded_two_layer_fine_hot__NREL_MGCL2_KCL_NACL_BASELINE_V10,0.35,9.0,1,1.90454121417791,-1.24545878582209,True,False,0.9167114550897747,0.27450930001214147
UG0002_T2_graded_two_layer_fine_hot__NREL_MGCL2_KCL_NACL_BASELINE_V10,0.35,9.0,2,3.895720212926548,0.7457202129265479,True,True,0.9375621064089347,0.5615191000397317
UG0002_T2_graded_two_layer_fine_hot__NREL_MGCL2_KCL_NACL_BASELINE_V10,0.35,15.0,1,1.90454121417791,-3.34545878582209,True,False,0.9167114550897747,0.2587895999895409
UG0002_T2_graded_two_layer_fine_hot__NREL_MGCL2_KCL_NACL_BASELINE_V10,0.35,15.0,2,3.895720212926548,-1.3542797870734522,True,False,0.9375621064089347,0.5590330000268295
UG0002_T2_graded_two_layer_fine_hot__NREL_MGCL2_KCL_NACL_BASELINE_V10,0.35,15.0,3,5.9040767437327055,0.6540767437327055,True,True,0.947268339905704,0.8212557000224479
UG0002_T2_graded_two_layer_fine_hot__NREL_MGCL2_KCL_NACL_BASELINE_V10,0.75,0.75,3,5.781214519849569,5.218714519849569,True,True,0.9275559445716756,0.393186200002674
UG0002_T2_graded_two_layer_fine_hot__NREL_MGCL2_KCL_NACL_BASELINE_V10,0.75,3.0,3,5.781214519849569,3.531214519849569,True,True,0.9275559445716756,0.39230400003725663
UG0002_T2_graded_two_layer_fine_hot__NREL_MGCL2_KCL_NACL_BASELINE_V10,0.75,9.0,3,5.781214519849569,-0.968785480150431,True,False,0.9275559445716756,0.40050950000295416
UG0002_T2_graded_two_layer_fine_hot__NREL_MGCL2_KCL_NACL_BASELINE_V10,0.75,9.0,4,7.776288779808265,1.0262887798082652,True,True,0.9357388736811045,0.526968099991791
UG0002_T2_graded_two_layer_fine_hot__NREL_MGCL2_KCL_NACL_BASELINE_V10,0.75,15.0,3,5.781214519849569,-5.468785480150431,True,False,0.9275559445716756,0.3973734999890439
UG0002_T2_graded_two_layer_fine_hot__NREL_MGCL2_KCL_NACL_BASELINE_V10,0.75,15.0,4,7.776288779808265,-3.473711220191735,True,False,0.9357388736811045,0.5230248000007123
UG0002_T2_graded_two_layer_fine_hot__NREL_MGCL2_KCL_NACL_BASELINE_V10,0.75,15.0,5,9.779698402685806,-1.4703015973141937,True,False,0.9414510419964882,0.6061846999800764
UG0002_T2_graded_two_layer_fine_hot__NREL_MGCL2_KCL_NACL_BASELINE_V10,0.75,15.0,6,11.789024276535292,0.539024276535292,True,True,0.9457337650121174,0.7264263000106439
UG0002_T2_graded_two_layer_fine_hot__AIP_FLINAK_2017_V10,0.1,0.75,1,2.776955684678287,2.701955684678287,True,True,0.9665182255959494,1.3229538000305183
UG0002_T2_graded_two_layer_fine_hot__AIP_FLINAK_2017_V10,0.1,3.0,1,2.776955684678287,2.4769556846782868,True,True,0.9665182255959494,1.2885747000109404
UG0002_T2_graded_two_layer_fine_hot__AIP_FLINAK_2017_V10,0.1,9.0,1,2.776955684678287,1.876955684678287,True,True,0.9665182255959494,1.2933944999822415
UG0002_T2_graded_two_layer_fine_hot__AIP_FLINAK_2017_V10,0.1,15.0,1,2.776955684678287,1.276955684678287,True,True,0.9665182255959494,1.3045935000409372
UG0002_T2_graded_two_layer_fine_hot__AIP_FLINAK_2017_V10,0.35,0.75,1,2.7128029579912303,2.45030295799123,True,True,0.9441898968052437,0.3876149000134319
UG0002_T2_graded_two_layer_fine_hot__AIP_FLINAK_2017_V10,0.35,3.0,1,2.7128029579912303,1.6628029579912305,True,True,0.9441898968052437,0.36846210004296154
UG0002_T2_graded_two_layer_fine_hot__AIP_FLINAK_2017_V10,0.35,9.0,1,2.7128029579912303,-0.43719704200876963,True,False,0.9441898968052437,0.3671570000005886
UG0002_T2_graded_two_layer_fine_hot__AIP_FLINAK_2017_V10,0.35,9.0,2,5.506389592397565,2.3563895923975653,True,True,0.958248258632305,0.7199355000047944
UG0002_T2_graded_two_layer_fine_hot__AIP_FLINAK_2017_V10,0.35,15.0,1,2.7128029579912303,-2.5371970420087697,True,False,0.9441898968052437,0.3610241000424139
UG0002_T2_graded_two_layer_fine_hot__AIP_FLINAK_2017_V10,0.35,15.0,2,5.506389592397565,0.2563895923975652,True,True,0.958248258632305,0.7188560999929905
UG0002_T2_graded_two_layer_fine_hot__AIP_FLINAK_2017_V10,0.75,0.75,3,8.20217327390055,7.63967327390055,True,True,0.9515876207484736,0.5003697999636643
UG0002_T2_graded_two_layer_fine_hot__AIP_FLINAK_2017_V10,0.75,3.0,3,8.20217327390055,5.95217327390055,True,True,0.9515876207484736,0.5116418999969028
UG0002_T2_graded_two_layer_fine_hot__AIP_FLINAK_2017_V10,0.75,9.0,3,8.20217327390055,1.4521732739005504,True,True,0.9515876207484736,0.5082819999661297
UG0002_T2_graded_two_layer_fine_hot__AIP_FLINAK_2017_V10,0.75,15.0,3,8.20217327390055,-3.0478267260994496,True,False,0.9515876207484736,0.5046370000345632
UG0002_T2_graded_two_layer_fine_hot__AIP_FLINAK_2017_V10,0.75,15.0,4,10.99899744192417,-0.2510025580758306,True,False,0.9570490762201807,0.670460399996955
UG0002_T2_graded_two_layer_fine_hot__AIP_FLINAK_2017_V10,0.75,15.0,5,13.802345925736798,2.552345925736798,True,True,0.9607801065611956,0.8857929999940097
UG0002_T2_graded_two_layer_fine_hot__AIP_LINAK_CARBONATE_2017_V10,0.1,0.75,1,2.5303021364220846,2.4553021364220844,True,True,0.9615819238682322,1.1676288000307977
UG0002_T2_graded_two_layer_fine_hot__AIP_LINAK_CARBONATE_2017_V10,0.1,3.0,1,2.5303021364220846,2.2303021364220843,True,True,0.9615819238682322,1.1690584999741986
UG0002_T2_graded_two_layer_fine_hot__AIP_LINAK_CARBONATE_2017_V10,0.1,9.0,1,2.5303021364220846,1.6303021364220847,True,True,0.9615819238682322,1.160498599987477
UG0002_T2_graded_two_layer_fine_hot__AIP_LINAK_CARBONATE_2017_V10,0.1,15.0,1,2.5303021364220846,1.0303021364220846,True,True,0.9615819238682322,1.177748000016436
UG0002_T2_graded_two_layer_fine_hot__AIP_LINAK_CARBONATE_2017_V10,0.35,0.75,1,2.460958426988446,2.198458426988446,True,True,0.9352294750576546,0.3342362999683246
UG0002_T2_graded_two_layer_fine_hot__AIP_LINAK_CARBONATE_2017_V10,0.35,3.0,1,2.460958426988446,1.4109584269884463,True,True,0.9352294750576546,0.33540919999359176
UG0002_T2_graded_two_layer_fine_hot__AIP_LINAK_CARBONATE_2017_V10,0.35,9.0,1,2.460958426988446,-0.6890415730115538,True,False,0.9352294750576546,0.3390295999706723
UG0002_T2_graded_two_layer_fine_hot__AIP_LINAK_CARBONATE_2017_V10,0.35,9.0,2,5.0085813406749224,1.8585813406749225,True,True,0.9516968768454869,0.6909167999983765
UG0002_T2_graded_two_layer_fine_hot__AIP_LINAK_CARBONATE_2017_V10,0.35,15.0,1,2.460958426988446,-2.789041573011554,True,False,0.9352294750576546,0.337811800010968
UG0002_T2_graded_two_layer_fine_hot__AIP_LINAK_CARBONATE_2017_V10,0.35,15.0,2,5.0085813406749224,-0.24141865932507756,True,False,0.9516968768454869,0.6731772000202909
UG0002_T2_graded_two_layer_fine_hot__AIP_LINAK_CARBONATE_2017_V10,0.35,15.0,3,7.571557342903466,2.321557342903466,True,True,0.959130871061749,1.0488540999940597
UG0002_T2_graded_two_layer_fine_hot__AIP_LINAK_CARBONATE_2017_V10,0.75,0.75,3,7.451033413597464,6.888533413597464,True,True,0.9438634411178422,0.4683059999952093
UG0002_T2_graded_two_layer_fine_hot__AIP_LINAK_CARBONATE_2017_V10,0.75,3.0,3,7.451033413597464,5.201033413597464,True,True,0.9438634411178422,0.4788144999765791
UG0002_T2_graded_two_layer_fine_hot__AIP_LINAK_CARBONATE_2017_V10,0.75,9.0,3,7.451033413597464,0.7010334135974636,True,True,0.9438634411178422,0.477607499982696
UG0002_T2_graded_two_layer_fine_hot__AIP_LINAK_CARBONATE_2017_V10,0.75,15.0,3,7.451033413597464,-3.7989665864025364,True,False,0.9438634411178422,0.4762666000169702
UG0002_T2_graded_two_layer_fine_hot__AIP_LINAK_CARBONATE_2017_V10,0.75,15.0,4,10.00225507971026,-1.2477449202897404,True,False,0.9502805558399324,0.6668202999862842
UG0002_T2_graded_two_layer_fine_hot__AIP_LINAK_CARBONATE_2017_V10,0.75,15.0,5,12.560941157705852,1.3109411577058516,True,True,0.9546981595724848,0.7975718000088818
UG0002_T2_graded_two_layer_fine_hot__AIP_LIF_NAK_CARBONATE_RECIPROCAL_2017_V10,0.1,0.75,1,2.723864348540245,2.6488643485402448,True,True,0.9663772137782318,1.2954727000324056
UG0002_T2_graded_two_layer_fine_hot__AIP_LIF_NAK_CARBONATE_RECIPROCAL_2017_V10,0.1,3.0,1,2.723864348540245,2.4238643485402447,True,True,0.9663772137782318,1.3004120999830775
UG0002_T2_graded_two_layer_fine_hot__AIP_LIF_NAK_CARBONATE_RECIPROCAL_2017_V10,0.1,9.0,1,2.723864348540245,1.823864348540245,True,True,0.9663772137782318,1.3120773000409827
UG0002_T2_graded_two_layer_fine_hot__AIP_LIF_NAK_CARBONATE_RECIPROCAL_2017_V10,0.1,15.0,1,2.723864348540245,1.223864348540245,True,True,0.9663772137782318,1.3124414999620058
UG0002_T2_graded_two_layer_fine_hot__AIP_LIF_NAK_CARBONATE_RECIPROCAL_2017_V10,0.35,0.75,1,2.6600997328828124,2.3975997328828127,True,True,0.9437546952781115,0.39327329996740445
UG0002_T2_graded_two_layer_fine_hot__AIP_LIF_NAK_CARBONATE_RECIPROCAL_2017_V10,0.35,3.0,1,2.6600997328828124,1.6100997328828126,True,True,0.9437546952781115,0.3867531000287272
UG0002_T2_graded_two_layer_fine_hot__AIP_LIF_NAK_CARBONATE_RECIPROCAL_2017_V10,0.35,9.0,1,2.6600997328828124,-0.4899002671171875,True,False,0.9437546952781115,0.38110779999988154
UG0002_T2_graded_two_layer_fine_hot__AIP_LIF_NAK_CARBONATE_RECIPROCAL_2017_V10,0.35,9.0,2,5.400560318398058,2.250560318398058,True,True,0.9580099750803881,0.7090925999800675
UG0002_T2_graded_two_layer_fine_hot__AIP_LIF_NAK_CARBONATE_RECIPROCAL_2017_V10,0.35,15.0,1,2.6600997328828124,-2.5899002671171876,True,False,0.9437546952781115,0.38794340001186356
UG0002_T2_graded_two_layer_fine_hot__AIP_LIF_NAK_CARBONATE_RECIPROCAL_2017_V10,0.35,15.0,2,5.400560318398058,0.15056031839805772,True,True,0.9580099750803881,0.7125977000105195
UG0002_T2_graded_two_layer_fine_hot__AIP_LIF_NAK_CARBONATE_RECIPROCAL_2017_V10,0.75,0.75,3,8.043772917719178,7.481272917719178,True,True,0.951261133183337,0.4838994999881834
UG0002_T2_graded_two_layer_fine_hot__AIP_LIF_NAK_CARBONATE_RECIPROCAL_2017_V10,0.75,3.0,3,8.043772917719178,5.793772917719178,True,True,0.951261133183337,0.491784900019411
UG0002_T2_graded_two_layer_fine_hot__AIP_LIF_NAK_CARBONATE_RECIPROCAL_2017_V10,0.75,9.0,3,8.043772917719178,1.2937729177191777,True,True,0.951261133183337,0.4929358000517823
UG0002_T2_graded_two_layer_fine_hot__AIP_LIF_NAK_CARBONATE_RECIPROCAL_2017_V10,0.75,15.0,3,8.043772917719178,-3.2062270822808223,True,False,0.951261133183337,0.4994400999858044
UG0002_T2_graded_two_layer_fine_hot__AIP_LIF_NAK_CARBONATE_RECIPROCAL_2017_V10,0.75,15.0,4,10.787429157780249,-0.4625708422197512,True,False,0.9567956035432237,0.664404800045304
UG0002_T2_graded_two_layer_fine_hot__AIP_LIF_NAK_CARBONATE_RECIPROCAL_2017_V10,0.75,15.0,5,13.537522054307525,2.2875220543075248,True,True,0.9605730073389356,0.8460943999816664
UG0002_T3_graded_two_layer_coarse_hot__SOLAR_SALT_60_40_V10,0.1,0.75,1,2.315131302011523,2.2401313020115228,True,True,0.957550835979193,1.0594189999974333
UG0002_T3_graded_two_layer_coarse_hot__SOLAR_SALT_60_40_V10,0.1,3.0,1,2.315131302011523,2.0151313020115227,True,True,0.957550835979193,1.0697512999759056
UG0002_T3_graded_two_layer_coarse_hot__SOLAR_SALT_60_40_V10,0.1,9.0,1,2.315131302011523,1.415131302011523,True,True,0.957550835979193,1.0630529000191018
UG0002_T3_graded_two_layer_coarse_hot__SOLAR_SALT_60_40_V10,0.1,15.0,1,2.315131302011523,0.815131302011523,True,True,0.957550835979193,1.060717799991835
UG0002_T3_graded_two_layer_coarse_hot__SOLAR_SALT_60_40_V10,0.35,0.75,1,2.249168951375775,1.9866689513757751,True,True,0.9302684507686722,0.3158203000202775
UG0002_T3_graded_two_layer_coarse_hot__SOLAR_SALT_60_40_V10,0.35,3.0,1,2.249168951375775,1.1991689513757753,True,True,0.9302684507686722,0.3082748000160791
UG0002_T3_graded_two_layer_coarse_hot__SOLAR_SALT_60_40_V10,0.35,9.0,1,2.249168951375775,-0.9008310486242248,True,False,0.9302684507686722,0.3146823000279255
UG0002_T3_graded_two_layer_coarse_hot__SOLAR_SALT_60_40_V10,0.35,9.0,2,4.580268664710325,1.4302686647103253,True,True,0.9472119540459751,0.6096911000204273
UG0002_T3_graded_two_layer_coarse_hot__SOLAR_SALT_60_40_V10,0.35,15.0,1,2.249168951375775,-3.000831048624225,True,False,0.9302684507686722,0.3081838999642059
UG0002_T3_graded_two_layer_coarse_hot__SOLAR_SALT_60_40_V10,0.35,15.0,2,4.580268664710325,-0.6697313352896748,True,False,0.9472119540459751,0.6184515000204556
UG0002_T3_graded_two_layer_coarse_hot__SOLAR_SALT_60_40_V10,0.35,15.0,3,6.92667474289513,1.6766747428951296,True,True,0.9549700535850617,0.9510389000060968
UG0002_T3_graded_two_layer_coarse_hot__SOLAR_SALT_60_40_V10,0.75,0.75,3,6.811686287212497,6.249186287212497,True,True,0.9391167710561624,0.4275047000264749
UG0002_T3_graded_two_layer_coarse_hot__SOLAR_SALT_60_40_V10,0.75,3.0,3,6.811686287212497,4.561686287212497,True,True,0.9391167710561624,0.42347480001626536
UG0002_T3_graded_two_layer_coarse_hot__SOLAR_SALT_60_40_V10,0.75,9.0,3,6.811686287212497,0.06168628721249725,True,True,0.9391167710561624,0.4351956000318751
UG0002_T3_graded_two_layer_coarse_hot__SOLAR_SALT_60_40_V10,0.75,15.0,3,6.811686287212497,-4.438313712787503,True,False,0.9391167710561624,0.4397051999694668
UG0002_T3_graded_two_layer_coarse_hot__SOLAR_SALT_60_40_V10,0.75,15.0,4,9.146331793384554,-2.1036682066154455,True,False,0.9457430823997882,0.5773198999813758
UG0002_T3_graded_two_layer_coarse_hot__SOLAR_SALT_60_40_V10,0.75,15.0,5,11.488410615151246,0.2384106151512455,True,True,0.9503337611177577,0.7576471000211313
UG0002_T3_graded_two_layer_coarse_hot__NREL_MGCL2_KCL_NACL_BASELINE_V10,0.1,0.75,1,1.9732499266745172,1.8982499266745172,True,True,0.9497829703403898,0.9269826000090688
UG0002_T3_graded_two_layer_coarse_hot__NREL_MGCL2_KCL_NACL_BASELINE_V10,0.1,3.0,1,1.9732499266745172,1.673249926674517,True,True,0.9497829703403898,0.9326766000012867
UG0002_T3_graded_two_layer_coarse_hot__NREL_MGCL2_KCL_NACL_BASELINE_V10,0.1,9.0,1,1.9732499266745172,1.0732499266745172,True,True,0.9497829703403898,0.922211299999617
UG0002_T3_graded_two_layer_coarse_hot__NREL_MGCL2_KCL_NACL_BASELINE_V10,0.1,15.0,1,1.9732499266745172,0.47324992667451715,True,True,0.9497829703403898,0.9141332000144757
UG0002_T3_graded_two_layer_coarse_hot__NREL_MGCL2_KCL_NACL_BASELINE_V10,0.35,0.75,1,1.9039067626323642,1.6414067626323643,True,True,0.9164060749829166,0.2663332999800332
UG0002_T3_graded_two_layer_coarse_hot__NREL_MGCL2_KCL_NACL_BASELINE_V10,0.35,3.0,1,1.9039067626323642,0.8539067626323644,True,True,0.9164060749829166,0.27314290002686903
UG0002_T3_graded_two_layer_coarse_hot__NREL_MGCL2_KCL_NACL_BASELINE_V10,0.35,9.0,1,1.9039067626323642,-1.2460932373676357,True,False,0.9164060749829166,0.2665765000274405
UG0002_T3_graded_two_layer_coarse_hot__NREL_MGCL2_KCL_NACL_BASELINE_V10,0.35,9.0,2,3.8935687282922613,0.7435687282922614,True,True,0.9370443201318466,0.5578889000462368
UG0002_T3_graded_two_layer_coarse_hot__NREL_MGCL2_KCL_NACL_BASELINE_V10,0.35,15.0,1,1.9039067626323642,-3.3460932373676355,True,False,0.9164060749829166,0.27440749999368563
UG0002_T3_graded_two_layer_coarse_hot__NREL_MGCL2_KCL_NACL_BASELINE_V10,0.35,15.0,2,3.8935687282922613,-1.3564312717077387,True,False,0.9370443201318466,0.5624573000241071
UG0002_T3_graded_two_layer_coarse_hot__NREL_MGCL2_KCL_NACL_BASELINE_V10,0.35,15.0,3,5.8998326125180895,0.6498326125180895,True,True,0.9465873983623408,0.8852977000060491
UG0002_T3_graded_two_layer_coarse_hot__NREL_MGCL2_KCL_NACL_BASELINE_V10,0.75,0.75,3,5.778731255104284,5.216231255104284,True,True,0.9271575218927512,0.41083160002017394
UG0002_T3_graded_two_layer_coarse_hot__NREL_MGCL2_KCL_NACL_BASELINE_V10,0.75,3.0,3,5.778731255104284,3.528731255104284,True,True,0.9271575218927512,0.40192049997858703
UG0002_T3_graded_two_layer_coarse_hot__NREL_MGCL2_KCL_NACL_BASELINE_V10,0.75,9.0,3,5.778731255104284,-0.971268744895716,True,False,0.9271575218927512,0.40232699998887256
UG0002_T3_graded_two_layer_coarse_hot__NREL_MGCL2_KCL_NACL_BASELINE_V10,0.75,9.0,4,7.7721923661109615,1.0221923661109615,True,True,0.9352459427152177,0.5132413999526761
UG0002_T3_graded_two_layer_coarse_hot__NREL_MGCL2_KCL_NACL_BASELINE_V10,0.75,15.0,3,5.778731255104284,-5.471268744895716,True,False,0.9271575218927512,0.40102639998076484
UG0002_T3_graded_two_layer_coarse_hot__NREL_MGCL2_KCL_NACL_BASELINE_V10,0.75,15.0,4,7.7721923661109615,-3.4778076338890385,True,False,0.9352459427152177,0.5408501999918371
UG0002_T3_graded_two_layer_coarse_hot__NREL_MGCL2_KCL_NACL_BASELINE_V10,0.75,15.0,5,9.773710187944056,-1.4762898120559438,True,False,0.9408745813761105,0.6783514000126161
UG0002_T3_graded_two_layer_coarse_hot__NREL_MGCL2_KCL_NACL_BASELINE_V10,0.75,15.0,6,11.78090576576454,0.5309057657645404,True,True,0.9450824855188014,0.74884330003988
UG0002_T3_graded_two_layer_coarse_hot__AIP_FLINAK_2017_V10,0.1,0.75,1,2.7734883354170017,2.6984883354170015,True,True,0.9653114161844671,1.4060476999729872
UG0002_T3_graded_two_layer_coarse_hot__AIP_FLINAK_2017_V10,0.1,3.0,1,2.7734883354170017,2.4734883354170014,True,True,0.9653114161844671,1.385835799970664
UG0002_T3_graded_two_layer_coarse_hot__AIP_FLINAK_2017_V10,0.1,9.0,1,2.7734883354170017,1.8734883354170018,True,True,0.9653114161844671,1.3681646999903023
UG0002_T3_graded_two_layer_coarse_hot__AIP_FLINAK_2017_V10,0.1,15.0,1,2.7734883354170017,1.2734883354170017,True,True,0.9653114161844671,1.3950330999796279
UG0002_T3_graded_two_layer_coarse_hot__AIP_FLINAK_2017_V10,0.35,0.75,1,2.710949733822549,2.4484497338225486,True,True,0.9435448829344685,0.43620240001473576
UG0002_T3_graded_two_layer_coarse_hot__AIP_FLINAK_2017_V10,0.35,3.0,1,2.710949733822549,1.660949733822549,True,True,0.9435448829344685,0.4361843999940902
UG0002_T3_graded_two_layer_coarse_hot__AIP_FLINAK_2017_V10,0.35,9.0,1,2.710949733822549,-0.43905026617745113,True,False,0.9435448829344685,0.38169479998759925
UG0002_T3_graded_two_layer_coarse_hot__AIP_FLINAK_2017_V10,0.35,9.0,2,5.500787413635397,2.350787413635397,True,True,0.9572733406841079,0.7468900000094436
UG0002_T3_graded_two_layer_coarse_hot__AIP_FLINAK_2017_V10,0.35,15.0,1,2.710949733822549,-2.539050266177451,True,False,0.9435448829344685,0.37930849997792393
UG0002_T3_graded_two_layer_coarse_hot__AIP_FLINAK_2017_V10,0.35,15.0,2,5.500787413635397,0.2507874136353969,True,True,0.9572733406841079,0.7323061999632046
UG0002_T3_graded_two_layer_coarse_hot__AIP_FLINAK_2017_V10,0.75,0.75,3,8.195261750107765,7.632761750107765,True,True,0.9507857697923799,0.5080878000007942
UG0002_T3_graded_two_layer_coarse_hot__AIP_FLINAK_2017_V10,0.75,3.0,3,8.195261750107765,5.945261750107765,True,True,0.9507857697923799,0.5230851999949664
UG0002_T3_graded_two_layer_coarse_hot__AIP_FLINAK_2017_V10,0.75,9.0,3,8.195261750107765,1.4452617501077647,True,True,0.9507857697923799,0.5098998000030406
UG0002_T3_graded_two_layer_coarse_hot__AIP_FLINAK_2017_V10,0.75,15.0,3,8.195261750107765,-3.0547382498922353,True,False,0.9507857697923799,0.5114088999689557
UG0002_T3_graded_two_layer_coarse_hot__AIP_FLINAK_2017_V10,0.75,15.0,4,10.988174874908466,-0.26182512509153355,True,False,0.9561073787773546,0.6797372000291944
UG0002_T3_graded_two_layer_coarse_hot__AIP_FLINAK_2017_V10,0.75,15.0,5,13.78730636471009,2.5373063647100906,True,True,0.9597332040184234,0.8718583000008948
UG0002_T3_graded_two_layer_coarse_hot__AIP_LINAK_CARBONATE_2017_V10,0.1,0.75,1,2.527569339686915,2.452569339686915,True,True,0.9605433886260097,1.16274549998343
UG0002_T3_graded_two_layer_coarse_hot__AIP_LINAK_CARBONATE_2017_V10,0.1,3.0,1,2.527569339686915,2.227569339686915,True,True,0.9605433886260097,1.1719466000213288
UG0002_T3_graded_two_layer_coarse_hot__AIP_LINAK_CARBONATE_2017_V10,0.1,9.0,1,2.527569339686915,1.6275693396869153,True,True,0.9605433886260097,1.1836815999704413
UG0002_T3_graded_two_layer_coarse_hot__AIP_LINAK_CARBONATE_2017_V10,0.1,15.0,1,2.527569339686915,1.0275693396869152,True,True,0.9605433886260097,1.1549514000071213
UG0002_T3_graded_two_layer_coarse_hot__AIP_LINAK_CARBONATE_2017_V10,0.35,0.75,1,2.4596834383886175,2.1971834383886177,True,True,0.9347449455727818,0.3404364000307396
UG0002_T3_graded_two_layer_coarse_hot__AIP_LINAK_CARBONATE_2017_V10,0.35,3.0,1,2.4596834383886175,1.4096834383886176,True,True,0.9347449455727818,0.33653939998475835
UG0002_T3_graded_two_layer_coarse_hot__AIP_LINAK_CARBONATE_2017_V10,0.35,9.0,1,2.4596834383886175,-0.6903165616113824,True,False,0.9347449455727818,0.3431385000003502
UG0002_T3_graded_two_layer_coarse_hot__AIP_LINAK_CARBONATE_2017_V10,0.35,9.0,2,5.0044838732347925,1.8544838732347926,True,True,0.9509183036926302,0.6623514000093564
UG0002_T3_graded_two_layer_coarse_hot__AIP_LINAK_CARBONATE_2017_V10,0.35,15.0,1,2.4596834383886175,-2.7903165616113825,True,False,0.9347449455727818,0.32675340003333986
UG0002_T3_graded_two_layer_coarse_hot__AIP_LINAK_CARBONATE_2017_V10,0.35,15.0,2,5.0044838732347925,-0.2455161267652075,True,False,0.9509183036926302,0.6873141000396572
UG0002_T3_graded_two_layer_coarse_hot__AIP_LINAK_CARBONATE_2017_V10,0.35,15.0,3,7.56390388745945,2.3139038874594497,True,True,0.9581613657071429,1.0122291999869049
UG0002_T3_graded_two_layer_coarse_hot__AIP_LINAK_CARBONATE_2017_V10,0.75,0.75,3,7.446152903702243,6.883652903702243,True,True,0.9432452000486631,0.4711539999698289
UG0002_T3_graded_two_layer_coarse_hot__AIP_LINAK_CARBONATE_2017_V10,0.75,3.0,3,7.446152903702243,5.196152903702243,True,True,0.9432452000486631,0.4663983000209555
UG0002_T3_graded_two_layer_coarse_hot__AIP_LINAK_CARBONATE_2017_V10,0.75,9.0,3,7.446152903702243,0.6961529037022434,True,True,0.9432452000486631,0.48977450001984835
UG0002_T3_graded_two_layer_coarse_hot__AIP_LINAK_CARBONATE_2017_V10,0.75,15.0,3,7.446152903702243,-3.8038470962977566,True,False,0.9432452000486631,0.5015487000346184
UG0002_T3_graded_two_layer_coarse_hot__AIP_LINAK_CARBONATE_2017_V10,0.75,15.0,4,9.994398179958573,-1.2556018200414272,True,False,0.9495340982657443,0.6233502000104636
UG0002_T3_graded_two_layer_coarse_hot__AIP_LINAK_CARBONATE_2017_V10,0.75,15.0,5,12.549739894493001,1.2997398944930012,True,True,0.9538468041493576,0.7871280000545084
UG0002_T3_graded_two_layer_coarse_hot__AIP_LIF_NAK_CARBONATE_RECIPROCAL_2017_V10,0.1,0.75,1,2.7204525842250966,2.6454525842250964,True,True,0.9651667822474883,1.2961278999573551
UG0002_T3_graded_two_layer_coarse_hot__AIP_LIF_NAK_CARBONATE_RECIPROCAL_2017_V10,0.1,3.0,1,2.7204525842250966,2.420452584225097,True,True,0.9651667822474883,1.279256500012707
UG0002_T3_graded_two_layer_coarse_hot__AIP_LIF_NAK_CARBONATE_RECIPROCAL_2017_V10,0.1,9.0,1,2.7204525842250966,1.8204525842250967,True,True,0.9651667822474883,1.2773403999744914
UG0002_T3_graded_two_layer_coarse_hot__AIP_LIF_NAK_CARBONATE_RECIPROCAL_2017_V10,0.1,15.0,1,2.7204525842250966,1.2204525842250966,True,True,0.9651667822474883,1.2862431000103243
UG0002_T3_graded_two_layer_coarse_hot__AIP_LIF_NAK_CARBONATE_RECIPROCAL_2017_V10,0.35,0.75,1,2.658288921412512,2.395788921412512,True,True,0.9431122525131903,0.3753675000043586
UG0002_T3_graded_two_layer_coarse_hot__AIP_LIF_NAK_CARBONATE_RECIPROCAL_2017_V10,0.35,3.0,1,2.658288921412512,1.608288921412512,True,True,0.9431122525131903,0.36972949997289106
UG0002_T3_graded_two_layer_coarse_hot__AIP_LIF_NAK_CARBONATE_RECIPROCAL_2017_V10,0.35,9.0,1,2.658288921412512,-0.4917110785874881,True,False,0.9431122525131903,0.36136100004659966
UG0002_T3_graded_two_layer_coarse_hot__AIP_LIF_NAK_CARBONATE_RECIPROCAL_2017_V10,0.35,9.0,2,5.395064198090161,2.245064198090161,True,True,0.9570350136377264,0.7208236000151373
UG0002_T3_graded_two_layer_coarse_hot__AIP_LIF_NAK_CARBONATE_RECIPROCAL_2017_V10,0.35,15.0,1,2.658288921412512,-2.591711078587488,True,False,0.9431122525131903,0.3726760999998078
UG0002_T3_graded_two_layer_coarse_hot__AIP_LIF_NAK_CARBONATE_RECIPROCAL_2017_V10,0.35,15.0,2,5.395064198090161,0.1450641980901608,True,True,0.9570350136377264,0.7277443000348285
UG0002_T3_graded_two_layer_coarse_hot__AIP_LIF_NAK_CARBONATE_RECIPROCAL_2017_V10,0.75,0.75,3,8.037006925060384,7.474506925060384,True,True,0.9504609830660287,0.5204153999802656
UG0002_T3_graded_two_layer_coarse_hot__AIP_LIF_NAK_CARBONATE_RECIPROCAL_2017_V10,0.75,3.0,3,8.037006925060384,5.787006925060384,True,True,0.9504609830660287,0.5122569000232033
UG0002_T3_graded_two_layer_coarse_hot__AIP_LIF_NAK_CARBONATE_RECIPROCAL_2017_V10,0.75,9.0,3,8.037006925060384,1.2870069250603837,True,True,0.9504609830660287,0.5246246999595314
UG0002_T3_graded_two_layer_coarse_hot__AIP_LIF_NAK_CARBONATE_RECIPROCAL_2017_V10,0.75,15.0,3,8.037006925060384,-3.2129930749396163,True,False,0.9504609830660287,0.5164202000014484
UG0002_T3_graded_two_layer_coarse_hot__AIP_LIF_NAK_CARBONATE_RECIPROCAL_2017_V10,0.75,15.0,4,10.776815504319144,-0.4731844956808562,True,False,0.9558542210487864,0.6798523000325076
UG0002_T3_graded_two_layer_coarse_hot__AIP_LIF_NAK_CARBONATE_RECIPROCAL_2017_V10,0.75,15.0,5,13.522754310166645,2.272754310166645,True,True,0.9595251422758827,0.8569601000053808
UG0003_T1_homogeneous_none__SOLAR_SALT_60_40_V10,0.1,0.75,1,1.6236078379620158,1.5486078379620158,True,True,0.9679435487555493,0.7504679000121541
UG0003_T1_homogeneous_none__SOLAR_SALT_60_40_V10,0.1,3.0,1,1.6236078379620158,1.3236078379620158,True,True,0.9679435487555493,0.7499241000041366
UG0003_T1_homogeneous_none__SOLAR_SALT_60_40_V10,0.1,9.0,1,1.6236078379620158,0.7236078379620158,True,True,0.9679435487555493,0.7619538999861106
UG0003_T1_homogeneous_none__SOLAR_SALT_60_40_V10,0.1,15.0,1,1.6236078379620158,0.1236078379620158,True,True,0.9679435487555493,0.7492040999932215
UG0003_T1_homogeneous_none__SOLAR_SALT_60_40_V10,0.35,0.75,2,3.22423829757481,2.9617382975748097,True,True,0.9610943562903412,0.438289999961853
UG0003_T1_homogeneous_none__SOLAR_SALT_60_40_V10,0.35,3.0,2,3.22423829757481,2.17423829757481,True,True,0.9610943562903412,0.44503780000377446
UG0003_T1_homogeneous_none__SOLAR_SALT_60_40_V10,0.35,9.0,2,3.22423829757481,0.07423829757480993,True,True,0.9610943562903412,0.441159600042738
UG0003_T1_homogeneous_none__SOLAR_SALT_60_40_V10,0.35,15.0,2,3.22423829757481,-2.02576170242519,True,False,0.9610943562903412,0.43644960003439337
UG0003_T1_homogeneous_none__SOLAR_SALT_60_40_V10,0.35,15.0,3,4.862302462763686,-0.3876975372363143,True,False,0.9662502218593905,0.6632404999691062
UG0003_T1_homogeneous_none__SOLAR_SALT_60_40_V10,0.35,15.0,4,6.5035144017556386,1.2535144017556386,True,True,0.9692973053948524,0.9109293000074103
UG0003_T1_homogeneous_none__SOLAR_SALT_60_40_V10,0.75,0.75,3,4.809035545043358,4.246535545043358,True,True,0.955664872334306,0.2966295999940485
UG0003_T1_homogeneous_none__SOLAR_SALT_60_40_V10,0.75,3.0,3,4.809035545043358,2.5590355450433577,True,True,0.955664872334306,0.30580259999260306
UG0003_T1_homogeneous_none__SOLAR_SALT_60_40_V10,0.75,9.0,3,4.809035545043358,-1.9409644549566423,True,False,0.955664872334306,0.3032464000280015
UG0003_T1_homogeneous_none__SOLAR_SALT_60_40_V10,0.75,9.0,4,6.441879980618674,-0.3081200193813256,True,False,0.9601111831481632,0.40387800004100427
UG0003_T1_homogeneous_none__SOLAR_SALT_60_40_V10,0.75,9.0,5,8.078068916109022,1.3280689161090216,True,True,0.963177746612158,0.5293134999810718
UG0003_T1_homogeneous_none__SOLAR_SALT_60_40_V10,0.75,15.0,3,4.809035545043358,-6.440964454956642,True,False,0.955664872334306,0.31320739997318015
UG0003_T1_homogeneous_none__SOLAR_SALT_60_40_V10,0.75,15.0,4,6.441879980618674,-4.808120019381326,True,False,0.9601111831481632,0.40170629997737706
UG0003_T1_homogeneous_none__SOLAR_SALT_60_40_V10,0.75,15.0,5,8.078068916109022,-3.1719310838909784,True,False,0.963177746612158,0.5294619000051171
UG0003_T1_homogeneous_none__SOLAR_SALT_60_40_V10,0.75,15.0,6,9.716512000327365,-1.5334879996726354,True,False,0.9654460975962577,0.6253191999858245
UG0003_T1_homogeneous_none__SOLAR_SALT_60_40_V10,0.75,15.0,7,11.356562786544766,0.10656278654476559,True,True,0.9672032712979831,0.6838977000443265
UG0003_T1_homogeneous_none__NREL_MGCL2_KCL_NACL_BASELINE_V10,0.1,0.75,1,1.3486715124612154,1.2736715124612155,True,True,0.9614848869482291,0.6264596999972127
UG0003_T1_homogeneous_none__NREL_MGCL2_KCL_NACL_BASELINE_V10,0.1,3.0,1,1.3486715124612154,1.0486715124612154,True,True,0.9614848869482291,0.6227869999711402
UG0003_T1_homogeneous_none__NREL_MGCL2_KCL_NACL_BASELINE_V10,0.1,9.0,1,1.3486715124612154,0.4486715124612154,True,True,0.9614848869482291,0.629509299993515
UG0003_T1_homogeneous_none__NREL_MGCL2_KCL_NACL_BASELINE_V10,0.1,15.0,1,1.3486715124612154,-0.15132848753878458,True,False,0.9614848869482291,0.6195862999884412
UG0003_T1_homogeneous_none__NREL_MGCL2_KCL_NACL_BASELINE_V10,0.1,15.0,2,2.720370546610729,1.220370546610729,True,True,0.9696931918922427,1.304136999999173
UG0003_T1_homogeneous_none__NREL_MGCL2_KCL_NACL_BASELINE_V10,0.35,0.75,2,2.6719498451621706,2.409449845162171,True,True,0.9524333283049781,0.39384869998320937
UG0003_T1_homogeneous_none__NREL_MGCL2_KCL_NACL_BASELINE_V10,0.35,3.0,2,2.6719498451621706,1.6219498451621708,True,True,0.9524333283049781,0.3941369999665767
UG0003_T1_homogeneous_none__NREL_MGCL2_KCL_NACL_BASELINE_V10,0.35,9.0,2,2.6719498451621706,-0.4780501548378293,True,False,0.9524333283049781,0.3841530000208877
UG0003_T1_homogeneous_none__NREL_MGCL2_KCL_NACL_BASELINE_V10,0.35,9.0,3,4.036489121182558,0.8864891211825578,True,True,0.9592212906030808,0.5614335999707691
UG0003_T1_homogeneous_none__NREL_MGCL2_KCL_NACL_BASELINE_V10,0.35,15.0,2,2.6719498451621706,-2.5780501548378294,True,False,0.9524333283049781,0.36826339998515323
UG0003_T1_homogeneous_none__NREL_MGCL2_KCL_NACL_BASELINE_V10,0.35,15.0,3,4.036489121182558,-1.2135108788174422,True,False,0.9592212906030808,0.5665175999747589
UG0003_T1_homogeneous_none__NREL_MGCL2_KCL_NACL_BASELINE_V10,0.35,15.0,4,5.404933880039864,0.15493388003986386,True,True,0.9633113387130708,0.705328100011684
UG0003_T1_homogeneous_none__NREL_MGCL2_KCL_NACL_BASELINE_V10,0.75,0.75,3,3.9783150603492627,3.4158150603492627,True,True,0.945396950678739,0.2671154999989085
UG0003_T1_homogeneous_none__NREL_MGCL2_KCL_NACL_BASELINE_V10,0.75,3.0,3,3.9783150603492627,1.7283150603492627,True,True,0.945396950678739,0.2680458999820985
UG0003_T1_homogeneous_none__NREL_MGCL2_KCL_NACL_BASELINE_V10,0.75,9.0,3,3.9783150603492627,-2.7716849396507373,True,False,0.945396950678739,0.25802790001034737
UG0003_T1_homogeneous_none__NREL_MGCL2_KCL_NACL_BASELINE_V10,0.75,9.0,4,5.336716187996305,-1.4132838120036952,True,False,0.9511530260112119,0.3569149000104517
UG0003_T1_homogeneous_none__NREL_MGCL2_KCL_NACL_BASELINE_V10,0.75,9.0,5,6.699001156752772,-0.050998843247228365,True,False,0.9551604390474916,0.41275130002759397
UG0003_T1_homogeneous_none__NREL_MGCL2_KCL_NACL_BASELINE_V10,0.75,9.0,6,8.063987851776986,1.3139878517769858,True,True,0.9581530635121521,0.5038381000049412
UG0003_T1_homogeneous_none__NREL_MGCL2_KCL_NACL_BASELINE_V10,0.75,15.0,3,3.9783150603492627,-7.271684939650737,True,False,0.945396950678739,0.2722644999739714
UG0003_T1_homogeneous_none__NREL_MGCL2_KCL_NACL_BASELINE_V10,0.75,15.0,4,5.336716187996305,-5.913283812003695,True,False,0.9511530260112119,0.33926249999785796
UG0003_T1_homogeneous_none__NREL_MGCL2_KCL_NACL_BASELINE_V10,0.75,15.0,5,6.699001156752772,-4.550998843247228,True,False,0.9551604390474916,0.41788979998091236
UG0003_T1_homogeneous_none__NREL_MGCL2_KCL_NACL_BASELINE_V10,0.75,15.0,6,8.063987851776986,-3.186012148223014,True,False,0.9581530635121521,0.4977870999719016
UG0003_T1_homogeneous_none__NREL_MGCL2_KCL_NACL_BASELINE_V10,0.75,15.0,7,9.430957455375408,-1.8190425446245921,True,False,0.9604926010535814,0.5801372000132687
UG0003_T1_homogeneous_none__NREL_MGCL2_KCL_NACL_BASELINE_V10,0.75,15.0,8,10.799450853115262,-0.4505491468847378,True,False,0.962383045711167,0.6743244000244886
UG0003_T1_homogeneous_none__NREL_MGCL2_KCL_NACL_BASELINE_V10,0.75,15.0,9,12.169141230163017,0.9191412301630173,True,True,0.9639482072899662,0.7605659999535419
UG0003_T1_homogeneous_none__AIP_FLINAK_2017_V10,0.1,0.75,1,1.991577027360116,1.9165770273601161,True,True,0.9738357867662811,0.9463308000122197
UG0003_T1_homogeneous_none__AIP_FLINAK_2017_V10,0.1,3.0,1,1.991577027360116,1.691577027360116,True,True,0.9738357867662811,0.8963958999956958
UG0003_T1_homogeneous_none__AIP_FLINAK_2017_V10,0.1,9.0,1,1.991577027360116,1.091577027360116,True,True,0.9738357867662811,0.9088388999807648
UG0003_T1_homogeneous_none__AIP_FLINAK_2017_V10,0.1,15.0,1,1.991577027360116,0.4915770273601161,True,True,0.9738357867662811,0.9128596999798901
UG0003_T1_homogeneous_none__AIP_FLINAK_2017_V10,0.35,0.75,2,3.9637976978415908,3.701297697841591,True,True,0.9691033780341853,0.5191824000212364
UG0003_T1_homogeneous_none__AIP_FLINAK_2017_V10,0.35,3.0,2,3.9637976978415908,2.913797697841591,True,True,0.9691033780341853,0.5262470999732614
UG0003_T1_homogeneous_none__AIP_FLINAK_2017_V10,0.35,9.0,2,3.9637976978415908,0.8137976978415908,True,True,0.9691033780341853,0.5243981999810785
UG0003_T1_homogeneous_none__AIP_FLINAK_2017_V10,0.35,15.0,2,3.9637976978415908,-1.2862023021584092,True,False,0.9691033780341853,0.5350448999670334
UG0003_T1_homogeneous_none__AIP_FLINAK_2017_V10,0.35,15.0,3,5.967766589378787,0.7177665893787868,True,True,0.9727006273530324,0.7715882000047714
UG0003_T1_homogeneous_none__AIP_FLINAK_2017_V10,0.75,0.75,3,5.921271001900264,5.358771001900264,True,True,0.9651221997399285,0.3705517000053078
UG0003_T1_homogeneous_none__AIP_FLINAK_2017_V10,0.75,3.0,3,5.921271001900264,3.671271001900264,True,True,0.9651221997399285,0.3574178999988362
UG0003_T1_homogeneous_none__AIP_FLINAK_2017_V10,0.75,9.0,3,5.921271001900264,-0.8287289980997361,True,False,0.9651221997399285,0.3703798000351526
UG0003_T1_homogeneous_none__AIP_FLINAK_2017_V10,0.75,9.0,4,7.921808988081087,1.1718089880810867,True,True,0.968396022666765,0.47639150003669783
UG0003_T1_homogeneous_none__AIP_FLINAK_2017_V10,0.75,15.0,3,5.921271001900264,-5.328728998099736,True,False,0.9651221997399285,0.3721853999886662
UG0003_T1_homogeneous_none__AIP_FLINAK_2017_V10,0.75,15.0,4,7.921808988081087,-3.3281910119189133,True,False,0.968396022666765,0.47332280001137406
UG0003_T1_homogeneous_none__AIP_FLINAK_2017_V10,0.75,15.0,5,9.924600954941138,-1.3253990450588624,True,False,0.9705807454615594,0.6359296000446193
UG0003_T1_homogeneous_none__AIP_FLINAK_2017_V10,0.75,15.0,6,11.928812316784477,0.6788123167844766,True,True,0.9721529026255591,0.7295603000093251
UG0003_T1_homogeneous_none__AIP_LINAK_CARBONATE_2017_V10,0.1,0.75,1,1.7948839188684869,1.719883918868487,True,True,0.9702723768251469,0.823921800008975
UG0003_T1_homogeneous_none__AIP_LINAK_CARBONATE_2017_V10,0.1,3.0,1,1.7948839188684869,1.4948839188684868,True,True,0.9702723768251469,0.8199211999890395
UG0003_T1_homogeneous_none__AIP_LINAK_CARBONATE_2017_V10,0.1,9.0,1,1.7948839188684869,0.8948839188684868,True,True,0.9702723768251469,0.8124722999637015
UG0003_T1_homogeneous_none__AIP_LINAK_CARBONATE_2017_V10,0.1,15.0,1,1.7948839188684869,0.29488391886848686,True,True,0.9702723768251469,0.8066439999965951
UG0003_T1_homogeneous_none__AIP_LINAK_CARBONATE_2017_V10,0.35,0.75,2,3.5667613554195747,3.304261355419575,True,True,0.9640539929937956,0.4735215000109747
UG0003_T1_homogeneous_none__AIP_LINAK_CARBONATE_2017_V10,0.35,3.0,2,3.5667613554195747,2.516761355419575,True,True,0.9640539929937956,0.4845152000198141
UG0003_T1_homogeneous_none__AIP_LINAK_CARBONATE_2017_V10,0.35,9.0,2,3.5667613554195747,0.4167613554195748,True,True,0.9640539929937956,0.486910900042858
UG0003_T1_homogeneous_none__AIP_LINAK_CARBONATE_2017_V10,0.35,15.0,2,3.5667613554195747,-1.6832386445804253,True,False,0.9640539929937956,0.47808159998385236
UG0003_T1_homogeneous_none__AIP_LINAK_CARBONATE_2017_V10,0.35,15.0,3,5.376253104152886,0.1262531041528856,True,True,0.968759004959029,0.7349191999528557
UG0003_T1_homogeneous_none__AIP_LINAK_CARBONATE_2017_V10,0.75,0.75,3,5.3219083910613,4.7594083910613,True,True,0.9589665102309217,0.3396643999731168
UG0003_T1_homogeneous_none__AIP_LINAK_CARBONATE_2017_V10,0.75,3.0,3,5.3219083910613,3.0719083910613003,True,True,0.9589665102309217,0.3342994999838993
UG0003_T1_homogeneous_none__AIP_LINAK_CARBONATE_2017_V10,0.75,9.0,3,5.3219083910613,-1.4280916089386997,True,False,0.9589665102309217,0.3534286999492906
UG0003_T1_homogeneous_none__AIP_LINAK_CARBONATE_2017_V10,0.75,9.0,4,7.126778161588271,0.3767781615882706,True,True,0.9631425064954946,0.448043400014285
UG0003_T1_homogeneous_none__AIP_LINAK_CARBONATE_2017_V10,0.75,15.0,3,5.3219083910613,-5.9280916089387,True,False,0.9589665102309217,0.36226850003004074
UG0003_T1_homogeneous_none__AIP_LINAK_CARBONATE_2017_V10,0.75,15.0,4,7.126778161588271,-4.123221838411729,True,False,0.9631425064954946,0.44488189998082817
UG0003_T1_homogeneous_none__AIP_LINAK_CARBONATE_2017_V10,0.75,15.0,5,8.934642161431437,-2.3153578385685627,True,False,0.9659718263584752,0.5520612000254914
UG0003_T1_homogeneous_none__AIP_LINAK_CARBONATE_2017_V10,0.75,15.0,6,10.744463205413409,-0.5055367945865914,True,False,0.968034361668624,0.6585330000380054
UG0003_T1_homogeneous_none__AIP_LINAK_CARBONATE_2017_V10,0.75,15.0,7,12.55564746770857,1.3056474677085692,True,True,0.9696128760358687,0.7671624000067823
UG0003_T1_homogeneous_none__AIP_LIF_NAK_CARBONATE_RECIPROCAL_2017_V10,0.1,0.75,1,1.948540326351438,1.873540326351438,True,True,0.9737524535531322,0.9265329000190832
UG0003_T1_homogeneous_none__AIP_LIF_NAK_CARBONATE_RECIPROCAL_2017_V10,0.1,3.0,1,1.948540326351438,1.648540326351438,True,True,0.9737524535531322,0.9232876999885775
UG0003_T1_homogeneous_none__AIP_LIF_NAK_CARBONATE_RECIPROCAL_2017_V10,0.1,9.0,1,1.948540326351438,1.048540326351438,True,True,0.9737524535531322,0.9128075999906287
UG0003_T1_homogeneous_none__AIP_LIF_NAK_CARBONATE_RECIPROCAL_2017_V10,0.1,15.0,1,1.948540326351438,0.44854032635143803,True,True,0.9737524535531322,0.8961042999872006
UG0003_T1_homogeneous_none__AIP_LIF_NAK_CARBONATE_RECIPROCAL_2017_V10,0.35,0.75,2,3.8778539857660816,3.615353985766082,True,True,0.9689483409950902,0.5154912000289187
UG0003_T1_homogeneous_none__AIP_LIF_NAK_CARBONATE_RECIPROCAL_2017_V10,0.35,3.0,2,3.8778539857660816,2.827853985766082,True,True,0.9689483409950902,0.5188004999654368
UG0003_T1_homogeneous_none__AIP_LIF_NAK_CARBONATE_RECIPROCAL_2017_V10,0.35,9.0,2,3.8778539857660816,0.7278539857660817,True,True,0.9689483409950902,0.5278978999704123
UG0003_T1_homogeneous_none__AIP_LIF_NAK_CARBONATE_RECIPROCAL_2017_V10,0.35,15.0,2,3.8778539857660816,-1.3721460142339184,True,False,0.9689483409950902,0.512116999947466
UG0003_T1_homogeneous_none__AIP_LIF_NAK_CARBONATE_RECIPROCAL_2017_V10,0.35,15.0,3,5.838710584802701,0.5887105848027012,True,True,0.9726013331877101,0.796082699962426
UG0003_T1_homogeneous_none__AIP_LIF_NAK_CARBONATE_RECIPROCAL_2017_V10,0.75,0.75,3,5.792465839563766,5.229965839563766,True,True,0.9648979712520485,0.35744890000205487
UG0003_T1_homogeneous_none__AIP_LIF_NAK_CARBONATE_RECIPROCAL_2017_V10,0.75,3.0,3,5.792465839563766,3.542465839563766,True,True,0.9648979712520485,0.3628362000454217
UG0003_T1_homogeneous_none__AIP_LIF_NAK_CARBONATE_RECIPROCAL_2017_V10,0.75,9.0,3,5.792465839563766,-0.957534160436234,True,False,0.9648979712520485,0.3574805000098422
UG0003_T1_homogeneous_none__AIP_LIF_NAK_CARBONATE_RECIPROCAL_2017_V10,0.75,9.0,4,7.749952574775185,0.9999525747751852,True,True,0.968229298689744,0.48170060000848025
UG0003_T1_homogeneous_none__AIP_LIF_NAK_CARBONATE_RECIPROCAL_2017_V10,0.75,15.0,3,5.792465839563766,-5.457534160436234,True,False,0.9648979712520485,0.3619911000132561
UG0003_T1_homogeneous_none__AIP_LIF_NAK_CARBONATE_RECIPROCAL_2017_V10,0.75,15.0,4,7.749952574775185,-3.500047425224815,True,False,0.968229298689744,0.49118340003769845
UG0003_T1_homogeneous_none__AIP_LIF_NAK_CARBONATE_RECIPROCAL_2017_V10,0.75,15.0,5,9.709655716073344,-1.5403442839266557,True,False,0.9704496179852066,0.6020010999636725
UG0003_T1_homogeneous_none__AIP_LIF_NAK_CARBONATE_RECIPROCAL_2017_V10,0.75,15.0,6,11.670748845781091,0.42074884578109106,True,True,0.9720456016650794,0.7414260000223294
UG0003_T2_graded_two_layer_fine_hot__SOLAR_SALT_60_40_V10,0.1,0.75,1,1.6202369969890889,1.545236996989089,True,True,0.9659339601730497,0.7421685999725014
UG0003_T2_graded_two_layer_fine_hot__SOLAR_SALT_60_40_V10,0.1,3.0,1,1.6202369969890889,1.3202369969890888,True,True,0.9659339601730497,0.7613263999810442
UG0003_T2_graded_two_layer_fine_hot__SOLAR_SALT_60_40_V10,0.1,9.0,1,1.6202369969890889,0.7202369969890888,True,True,0.9659339601730497,0.7498846999951638
UG0003_T2_graded_two_layer_fine_hot__SOLAR_SALT_60_40_V10,0.1,15.0,1,1.6202369969890889,0.12023699698908885,True,True,0.9659339601730497,0.7712190999882296
UG0003_T2_graded_two_layer_fine_hot__SOLAR_SALT_60_40_V10,0.35,0.75,2,3.2141739668436893,2.951673966843689,True,True,0.9580943387442452,0.4354773000231944
UG0003_T2_graded_two_layer_fine_hot__SOLAR_SALT_60_40_V10,0.35,3.0,2,3.2141739668436893,2.1641739668436895,True,True,0.9580943387442452,0.4381817000103183
UG0003_T2_graded_two_layer_fine_hot__SOLAR_SALT_60_40_V10,0.35,9.0,2,3.2141739668436893,0.06417396684368937,True,True,0.9580943387442452,0.42778319999342784
UG0003_T2_graded_two_layer_fine_hot__SOLAR_SALT_60_40_V10,0.35,15.0,2,3.2141739668436893,-2.0358260331563107,True,False,0.9580943387442452,0.43030099995667115
UG0003_T2_graded_two_layer_fine_hot__SOLAR_SALT_60_40_V10,0.35,15.0,3,4.850888362320532,-0.3991116376794679,True,False,0.963981980183768,0.6573819000041112
UG0003_T2_graded_two_layer_fine_hot__SOLAR_SALT_60_40_V10,0.35,15.0,4,6.491467312558894,1.2414673125588944,True,True,0.9675017821784968,0.8644077000208199
UG0003_T2_graded_two_layer_fine_hot__SOLAR_SALT_60_40_V10,0.75,0.75,3,4.79041053894508,4.22791053894508,True,True,0.9519636595010007,0.29645430005621165
UG0003_T2_graded_two_layer_fine_hot__SOLAR_SALT_60_40_V10,0.75,3.0,3,4.79041053894508,2.54041053894508,True,True,0.9519636595010007,0.30892110004788265
UG0003_T2_graded_two_layer_fine_hot__SOLAR_SALT_60_40_V10,0.75,9.0,3,4.79041053894508,-1.9595894610549198,True,False,0.9519636595010007,0.30080059997271746
UG0003_T2_graded_two_layer_fine_hot__SOLAR_SALT_60_40_V10,0.75,9.0,4,6.420869607370588,-0.3291303926294118,True,False,0.9569797534446768,0.4294246000354178
UG0003_T2_graded_two_layer_fine_hot__SOLAR_SALT_60_40_V10,0.75,9.0,5,8.055310140427688,1.3053101404276877,True,True,0.9604641344229027,0.4911791000049561
UG0003_T2_graded_two_layer_fine_hot__SOLAR_SALT_60_40_V10,0.75,15.0,3,4.79041053894508,-6.45958946105492,True,False,0.9519636595010007,0.31058230000780895
UG0003_T2_graded_two_layer_fine_hot__SOLAR_SALT_60_40_V10,0.75,15.0,4,6.420869607370588,-4.829130392629412,True,False,0.9569797534446768,0.42027119995327666
UG0003_T2_graded_two_layer_fine_hot__SOLAR_SALT_60_40_V10,0.75,15.0,5,8.055310140427688,-3.1946898595723123,True,False,0.9604641344229027,0.5007639999967068
UG0003_T2_graded_two_layer_fine_hot__SOLAR_SALT_60_40_V10,0.75,15.0,6,9.692480792614292,-1.5575192073857078,True,False,0.9630583234951883,0.5984702999703586
UG0003_T2_graded_two_layer_fine_hot__SOLAR_SALT_60_40_V10,0.75,15.0,7,11.331624274080944,0.0816242740809443,True,True,0.9650793354478778,0.6973284999839962
UG0003_T2_graded_two_layer_fine_hot__NREL_MGCL2_KCL_NACL_BASELINE_V10,0.1,0.75,1,1.3445510548837964,1.2695510548837965,True,True,0.9585473609076814,0.6397818999830633
UG0003_T2_graded_two_layer_fine_hot__NREL_MGCL2_KCL_NACL_BASELINE_V10,0.1,3.0,1,1.3445510548837964,1.0445510548837964,True,True,0.9585473609076814,0.6452654000022449
UG0003_T2_graded_two_layer_fine_hot__NREL_MGCL2_KCL_NACL_BASELINE_V10,0.1,9.0,1,1.3445510548837964,0.4445510548837964,True,True,0.9585473609076814,0.6524232000228949
UG0003_T2_graded_two_layer_fine_hot__NREL_MGCL2_KCL_NACL_BASELINE_V10,0.1,15.0,1,1.3445510548837964,-0.15544894511620355,True,False,0.9585473609076814,0.6599350999458693
UG0003_T2_graded_two_layer_fine_hot__NREL_MGCL2_KCL_NACL_BASELINE_V10,0.1,15.0,2,2.7155250873758066,1.2155250873758066,True,True,0.9679659974710454,1.2570616999873891
UG0003_T2_graded_two_layer_fine_hot__NREL_MGCL2_KCL_NACL_BASELINE_V10,0.35,0.75,2,2.6605221169367392,2.3980221169367395,True,True,0.94835984270104,0.3596317999763414
UG0003_T2_graded_two_layer_fine_hot__NREL_MGCL2_KCL_NACL_BASELINE_V10,0.35,3.0,2,2.6605221169367392,1.6105221169367394,True,True,0.94835984270104,0.3691666999948211
UG0003_T2_graded_two_layer_fine_hot__NREL_MGCL2_KCL_NACL_BASELINE_V10,0.35,9.0,2,2.6605221169367392,-0.4894778830632607,True,False,0.94835984270104,0.3655787999741733
UG0003_T2_graded_two_layer_fine_hot__NREL_MGCL2_KCL_NACL_BASELINE_V10,0.35,9.0,3,4.022869111155105,0.8728691111551048,True,True,0.9559846651089106,0.544527200050652
UG0003_T2_graded_two_layer_fine_hot__NREL_MGCL2_KCL_NACL_BASELINE_V10,0.35,15.0,2,2.6605221169367392,-2.5894778830632608,True,False,0.94835984270104,0.3720086999819614
UG0003_T2_graded_two_layer_fine_hot__NREL_MGCL2_KCL_NACL_BASELINE_V10,0.35,15.0,3,4.022869111155105,-1.2271308888448953,True,False,0.9559846651089106,0.5406045999843627
UG0003_T2_graded_two_layer_fine_hot__NREL_MGCL2_KCL_NACL_BASELINE_V10,0.35,15.0,4,5.389859675884023,0.13985967588402293,True,True,0.9606246912706252,0.7192844999954104
UG0003_T2_graded_two_layer_fine_hot__NREL_MGCL2_KCL_NACL_BASELINE_V10,0.75,0.75,3,3.957792570931301,3.395292570931301,True,True,0.9405200370553182,0.2604381999699399
UG0003_T2_graded_two_layer_fine_hot__NREL_MGCL2_KCL_NACL_BASELINE_V10,0.75,3.0,3,3.957792570931301,1.7077925709313009,True,True,0.9405200370553182,0.25276689999736845
UG0003_T2_graded_two_layer_fine_hot__NREL_MGCL2_KCL_NACL_BASELINE_V10,0.75,9.0,3,3.957792570931301,-2.792207429068699,True,False,0.9405200370553182,0.2545898999669589
UG0003_T2_graded_two_layer_fine_hot__NREL_MGCL2_KCL_NACL_BASELINE_V10,0.75,9.0,4,5.313018652007109,-1.4369813479928908,True,False,0.9469294581333039,0.33721170003991574
UG0003_T2_graded_two_layer_fine_hot__NREL_MGCL2_KCL_NACL_BASELINE_V10,0.75,9.0,5,6.672725618430721,-0.07727438156927935,True,False,0.9514140066865118,0.41539930005092174
UG0003_T2_graded_two_layer_fine_hot__NREL_MGCL2_KCL_NACL_BASELINE_V10,0.75,9.0,6,8.035592973869111,1.285592973869111,True,True,0.9547792192361482,0.5116072000237182
UG0003_T2_graded_two_layer_fine_hot__NREL_MGCL2_KCL_NACL_BASELINE_V10,0.75,15.0,3,3.957792570931301,-7.292207429068699,True,False,0.9405200370553182,0.25875530001940206
UG0003_T2_graded_two_layer_fine_hot__NREL_MGCL2_KCL_NACL_BASELINE_V10,0.75,15.0,4,5.313018652007109,-5.936981347992891,True,False,0.9469294581333039,0.33944850001716986
UG0003_T2_graded_two_layer_fine_hot__NREL_MGCL2_KCL_NACL_BASELINE_V10,0.75,15.0,5,6.672725618430721,-4.577274381569279,True,False,0.9514140066865118,0.42676880001090467
UG0003_T2_graded_two_layer_fine_hot__NREL_MGCL2_KCL_NACL_BASELINE_V10,0.75,15.0,6,8.035592973869111,-3.214407026130889,True,False,0.9547792192361482,0.5156832999782637
UG0003_T2_graded_two_layer_fine_hot__NREL_MGCL2_KCL_NACL_BASELINE_V10,0.75,15.0,7,9.400812070825793,-1.8491879291742066,True,False,0.9574224547876455,0.5898101000348106
UG0003_T2_graded_two_layer_fine_hot__NREL_MGCL2_KCL_NACL_BASELINE_V10,0.75,15.0,8,10.767858239511979,-0.4821417604880214,True,False,0.9595676992537373,0.7221804999862798
UG0003_T2_graded_two_layer_fine_hot__NREL_MGCL2_KCL_NACL_BASELINE_V10,0.75,15.0,9,12.13635737837323,0.8863573783732299,True,True,0.9613513161402032,0.773680999991484
UG0003_T2_graded_two_layer_fine_hot__AIP_FLINAK_2017_V10,0.1,0.75,1,1.9892149042830554,1.9142149042830554,True,True,0.9726807624043877,0.9157324999687262
UG0003_T2_graded_two_layer_fine_hot__AIP_FLINAK_2017_V10,0.1,3.0,1,1.9892149042830554,1.6892149042830553,True,True,0.9726807624043877,0.911617000005208
UG0003_T2_graded_two_layer_fine_hot__AIP_FLINAK_2017_V10,0.1,9.0,1,1.9892149042830554,1.0892149042830552,True,True,0.9726807624043877,0.9191983999917284
UG0003_T2_graded_two_layer_fine_hot__AIP_FLINAK_2017_V10,0.1,15.0,1,1.9892149042830554,0.48921490428305536,True,True,0.9726807624043877,0.9103792000096291
UG0003_T2_graded_two_layer_fine_hot__AIP_FLINAK_2017_V10,0.35,0.75,2,3.9555080478547153,3.6930080478547156,True,True,0.9670766530554166,0.5302806000108831
UG0003_T2_graded_two_layer_fine_hot__AIP_FLINAK_2017_V10,0.35,3.0,2,3.9555080478547153,2.9055080478547155,True,True,0.9670766530554166,0.5172405999619514
UG0003_T2_graded_two_layer_fine_hot__AIP_FLINAK_2017_V10,0.35,9.0,2,3.9555080478547153,0.8055080478547154,True,True,0.9670766530554166,0.5186963999876752
UG0003_T2_graded_two_layer_fine_hot__AIP_FLINAK_2017_V10,0.35,15.0,2,3.9555080478547153,-1.2944919521452847,True,False,0.9670766530554166,0.5269778000074439
UG0003_T2_graded_two_layer_fine_hot__AIP_FLINAK_2017_V10,0.35,15.0,3,5.959365590542079,0.7093655905420793,True,True,0.9713313283503868,0.8099093000055291
UG0003_T2_graded_two_layer_fine_hot__AIP_FLINAK_2017_V10,0.75,0.75,3,5.904720587530694,5.342220587530694,True,True,0.9624246079023246,0.36539609997998923
UG0003_T2_graded_two_layer_fine_hot__AIP_FLINAK_2017_V10,0.75,3.0,3,5.904720587530694,3.6547205875306936,True,True,0.9624246079023246,0.3730286999489181
UG0003_T2_graded_two_layer_fine_hot__AIP_FLINAK_2017_V10,0.75,9.0,3,5.904720587530694,-0.8452794124693064,True,False,0.9624246079023246,0.370343100046739
UG0003_T2_graded_two_layer_fine_hot__AIP_FLINAK_2017_V10,0.75,9.0,4,7.904216090035449,1.1542160900354492,True,True,0.9662453910976108,0.514044500014279
UG0003_T2_graded_two_layer_fine_hot__AIP_FLINAK_2017_V10,0.75,15.0,3,5.904720587530694,-5.345279412469306,True,False,0.9624246079023246,0.3656034999876283
UG0003_T2_graded_two_layer_fine_hot__AIP_FLINAK_2017_V10,0.75,15.0,4,7.904216090035449,-3.3457839099645508,True,False,0.9662453910976108,0.5196947000222281
UG0003_T2_graded_two_layer_fine_hot__AIP_FLINAK_2017_V10,0.75,15.0,5,9.906583853494983,-1.3434161465050174,True,False,0.9688187550468251,0.6516834000358358
UG0003_T2_graded_two_layer_fine_hot__AIP_FLINAK_2017_V10,0.75,15.0,6,11.910750162474661,0.6607501624746615,True,True,0.9706809056426532,0.7267173999571241
UG0003_T2_graded_two_layer_fine_hot__AIP_LINAK_CARBONATE_2017_V10,0.1,0.75,1,1.791771456109064,1.7167714561090641,True,True,0.9685898520626159,0.8420207999879494
UG0003_T2_graded_two_layer_fine_hot__AIP_LINAK_CARBONATE_2017_V10,0.1,3.0,1,1.791771456109064,1.491771456109064,True,True,0.9685898520626159,0.8442870999570005
UG0003_T2_graded_two_layer_fine_hot__AIP_LINAK_CARBONATE_2017_V10,0.1,9.0,1,1.791771456109064,0.891771456109064,True,True,0.9685898520626159,0.8393514999770559
UG0003_T2_graded_two_layer_fine_hot__AIP_LINAK_CARBONATE_2017_V10,0.1,15.0,1,1.791771456109064,0.2917714561090641,True,True,0.9685898520626159,0.8458262999774888
UG0003_T2_graded_two_layer_fine_hot__AIP_LINAK_CARBONATE_2017_V10,0.35,0.75,2,3.556907471181322,3.294407471181322,True,True,0.9613906030162317,0.48924710002029315
UG0003_T2_graded_two_layer_fine_hot__AIP_LINAK_CARBONATE_2017_V10,0.35,3.0,2,3.556907471181322,2.506907471181322,True,True,0.9613906030162317,0.5130217999685556
UG0003_T2_graded_two_layer_fine_hot__AIP_LINAK_CARBONATE_2017_V10,0.35,9.0,2,3.556907471181322,0.40690747118132187,True,True,0.9613906030162317,0.4922981999698095
UG0003_T2_graded_two_layer_fine_hot__AIP_LINAK_CARBONATE_2017_V10,0.35,15.0,2,3.556907471181322,-1.6930925288186782,True,False,0.9613906030162317,0.5053794999839738
UG0003_T2_graded_two_layer_fine_hot__AIP_LINAK_CARBONATE_2017_V10,0.35,15.0,3,5.365519345209606,0.11551934520960572,True,True,0.9668248650604946,0.6978395999758504
UG0003_T2_graded_two_layer_fine_hot__AIP_LINAK_CARBONATE_2017_V10,0.75,0.75,3,5.30319119216616,4.74069119216616,True,True,0.955593816530309,0.35445939999772236
UG0003_T2_graded_two_layer_fine_hot__AIP_LINAK_CARBONATE_2017_V10,0.75,3.0,3,5.30319119216616,3.0531911921661603,True,True,0.955593816530309,0.36256289994344115
UG0003_T2_graded_two_layer_fine_hot__AIP_LINAK_CARBONATE_2017_V10,0.75,9.0,3,5.30319119216616,-1.4468088078338397,True,False,0.955593816530309,0.35583089996362105
UG0003_T2_graded_two_layer_fine_hot__AIP_LINAK_CARBONATE_2017_V10,0.75,9.0,4,7.106088339862943,0.35608833986294286,True,True,0.9603463977485043,0.44025599997257814
UG0003_T2_graded_two_layer_fine_hot__AIP_LINAK_CARBONATE_2017_V10,0.75,15.0,3,5.30319119216616,-5.94680880783384,True,False,0.955593816530309,0.3339722999953665
UG0003_T2_graded_two_layer_fine_hot__AIP_LINAK_CARBONATE_2017_V10,0.75,15.0,4,7.106088339862943,-4.143911660137057,True,False,0.9603463977485043,0.4375554000143893
UG0003_T2_graded_two_layer_fine_hot__AIP_LINAK_CARBONATE_2017_V10,0.75,15.0,5,8.912668396284246,-2.3373316037157537,True,False,0.9635961253882863,0.5539173999568447
UG0003_T2_graded_two_layer_fine_hot__AIP_LINAK_CARBONATE_2017_V10,0.75,15.0,6,10.721691285737403,-0.5283087142625966,True,False,0.9659827002402127,0.6563843000330962
UG0003_T2_graded_two_layer_fine_hot__AIP_LINAK_CARBONATE_2017_V10,0.75,15.0,7,12.532427898618963,1.2824278986189626,True,True,0.9678197392642931,0.7816415999550372
UG0003_T2_graded_two_layer_fine_hot__AIP_LIF_NAK_CARBONATE_RECIPROCAL_2017_V10,0.1,0.75,1,1.9461566921689053,1.8711566921689053,True,True,0.9725612697720089,0.8838577999849804
UG0003_T2_graded_two_layer_fine_hot__AIP_LIF_NAK_CARBONATE_RECIPROCAL_2017_V10,0.1,3.0,1,1.9461566921689053,1.6461566921689053,True,True,0.9725612697720089,0.8857941000023857
UG0003_T2_graded_two_layer_fine_hot__AIP_LIF_NAK_CARBONATE_RECIPROCAL_2017_V10,0.1,9.0,1,1.9461566921689053,1.0461566921689052,True,True,0.9725612697720089,0.8908385999966413
UG0003_T2_graded_two_layer_fine_hot__AIP_LIF_NAK_CARBONATE_RECIPROCAL_2017_V10,0.1,15.0,1,1.9461566921689053,0.4461566921689053,True,True,0.9725612697720089,0.8945212999824435
UG0003_T2_graded_two_layer_fine_hot__AIP_LIF_NAK_CARBONATE_RECIPROCAL_2017_V10,0.35,0.75,2,3.869498477633809,3.606998477633809,True,True,0.9668605739536663,0.5199066000059247
UG0003_T2_graded_two_layer_fine_hot__AIP_LIF_NAK_CARBONATE_RECIPROCAL_2017_V10,0.35,3.0,2,3.869498477633809,2.8194984776338092,True,True,0.9668605739536663,0.5078729999950156
UG0003_T2_graded_two_layer_fine_hot__AIP_LIF_NAK_CARBONATE_RECIPROCAL_2017_V10,0.35,9.0,2,3.869498477633809,0.7194984776338091,True,True,0.9668605739536663,0.5026249999646097
UG0003_T2_graded_two_layer_fine_hot__AIP_LIF_NAK_CARBONATE_RECIPROCAL_2017_V10,0.35,15.0,2,3.869498477633809,-1.380501522366191,True,False,0.9668605739536663,0.5122388000017963
UG0003_T2_graded_two_layer_fine_hot__AIP_LIF_NAK_CARBONATE_RECIPROCAL_2017_V10,0.35,15.0,3,5.830235899211297,0.5802358992112966,True,True,0.9711896361383648,0.7617665000143461
UG0003_T2_graded_two_layer_fine_hot__AIP_LIF_NAK_CARBONATE_RECIPROCAL_2017_V10,0.75,0.75,3,5.7757934554944566,5.2132934554944566,True,True,0.9621207171412803,0.3606479999725707
UG0003_T2_graded_two_layer_fine_hot__AIP_LIF_NAK_CARBONATE_RECIPROCAL_2017_V10,0.75,3.0,3,5.7757934554944566,3.5257934554944566,True,True,0.9621207171412803,0.35217279999051243
UG0003_T2_graded_two_layer_fine_hot__AIP_LIF_NAK_CARBONATE_RECIPROCAL_2017_V10,0.75,9.0,3,5.7757934554944566,-0.9742065445055434,True,False,0.9621207171412803,0.35730179998790845
UG0003_T2_graded_two_layer_fine_hot__AIP_LIF_NAK_CARBONATE_RECIPROCAL_2017_V10,0.75,9.0,4,7.732223335425899,0.9822233354258989,True,True,0.9660143213959042,0.47563800000352785
UG0003_T2_graded_two_layer_fine_hot__AIP_LIF_NAK_CARBONATE_RECIPROCAL_2017_V10,0.75,15.0,3,5.7757934554944566,-5.4742065445055434,True,False,0.9621207171412803,0.37437500001396984
UG0003_T2_graded_two_layer_fine_hot__AIP_LIF_NAK_CARBONATE_RECIPROCAL_2017_V10,0.75,15.0,4,7.732223335425899,-3.517776664574101,True,False,0.9660143213959042,0.4859065000200644
UG0003_T2_graded_two_layer_fine_hot__AIP_LIF_NAK_CARBONATE_RECIPROCAL_2017_V10,0.75,15.0,5,9.691489278443935,-1.5585107215560647,True,False,0.9686339395540516,0.5963195000076666
UG0003_T2_graded_two_layer_fine_hot__AIP_LIF_NAK_CARBONATE_RECIPROCAL_2017_V10,0.75,15.0,6,11.65253099126431,0.40253099126431025,True,True,0.9705282538420035,0.7297996999695897
UG0003_T3_graded_two_layer_coarse_hot__SOLAR_SALT_60_40_V10,0.1,0.75,1,1.618044204245443,1.543044204245443,True,True,0.9646266866182274,0.7526413999730721
UG0003_T3_graded_two_layer_coarse_hot__SOLAR_SALT_60_40_V10,0.1,3.0,1,1.618044204245443,1.318044204245443,True,True,0.9646266866182274,0.751926299999468
UG0003_T3_graded_two_layer_coarse_hot__SOLAR_SALT_60_40_V10,0.1,9.0,1,1.618044204245443,0.718044204245443,True,True,0.9646266866182274,0.7422448999714106
UG0003_T3_graded_two_layer_coarse_hot__SOLAR_SALT_60_40_V10,0.1,15.0,1,1.618044204245443,0.11804420424544304,True,True,0.9646266866182274,0.7522603000397794
UG0003_T3_graded_two_layer_coarse_hot__SOLAR_SALT_60_40_V10,0.35,0.75,2,3.2105176857934365,2.9480176857934364,True,True,0.9570044592880484,0.42629439994925633
UG0003_T3_graded_two_layer_coarse_hot__SOLAR_SALT_60_40_V10,0.35,3.0,2,3.2105176857934365,2.1605176857934367,True,True,0.9570044592880484,0.4226716000121087
UG0003_T3_graded_two_layer_coarse_hot__SOLAR_SALT_60_40_V10,0.35,9.0,2,3.2105176857934365,0.06051768579343664,True,True,0.9570044592880484,0.4362256999593228
UG0003_T3_graded_two_layer_coarse_hot__SOLAR_SALT_60_40_V10,0.35,15.0,2,3.2105176857934365,-2.0394823142065635,True,False,0.9570044592880484,0.42112199997063726
UG0003_T3_graded_two_layer_coarse_hot__SOLAR_SALT_60_40_V10,0.35,15.0,3,4.844568677121107,-0.4054313228788926,True,False,0.962726114825167,0.6789675999898463
UG0003_T3_graded_two_layer_coarse_hot__SOLAR_SALT_60_40_V10,0.35,15.0,4,6.48244976164793,1.2324497616479304,True,True,0.9661577876458024,0.8539357999688946
UG0003_T3_graded_two_layer_coarse_hot__SOLAR_SALT_60_40_V10,0.75,0.75,3,4.785738405410962,4.223238405410962,True,True,0.951035200175718,0.299505400005728
UG0003_T3_graded_two_layer_coarse_hot__SOLAR_SALT_60_40_V10,0.75,3.0,3,4.785738405410962,2.535738405410962,True,True,0.951035200175718,0.3083420000039041
UG0003_T3_graded_two_layer_coarse_hot__SOLAR_SALT_60_40_V10,0.75,9.0,3,4.785738405410962,-1.964261594589038,True,False,0.951035200175718,0.3034639999968931
UG0003_T3_graded_two_layer_coarse_hot__SOLAR_SALT_60_40_V10,0.75,9.0,4,6.413764924147768,-0.33623507585223233,True,False,0.9559208566885314,0.4369616999756545
UG0003_T3_graded_two_layer_coarse_hot__SOLAR_SALT_60_40_V10,0.75,9.0,5,8.045608860580776,1.295608860580776,True,True,0.9593074152912339,0.5051515000523068
UG0003_T3_graded_two_layer_coarse_hot__SOLAR_SALT_60_40_V10,0.75,15.0,3,4.785738405410962,-6.464261594589038,True,False,0.951035200175718,0.32423539995215833
UG0003_T3_graded_two_layer_coarse_hot__SOLAR_SALT_60_40_V10,0.75,15.0,4,6.413764924147768,-4.836235075852232,True,False,0.9559208566885314,0.40604370000073686
UG0003_T3_graded_two_layer_coarse_hot__SOLAR_SALT_60_40_V10,0.75,15.0,5,8.045608860580776,-3.204391139419224,True,False,0.9593074152912339,0.48852730001090094
UG0003_T3_graded_two_layer_coarse_hot__SOLAR_SALT_60_40_V10,0.75,15.0,6,9.680098894811291,-1.569901105188709,True,False,0.961828040970519,0.5951593999634497
UG0003_T3_graded_two_layer_coarse_hot__SOLAR_SALT_60_40_V10,0.75,15.0,7,11.316531773237479,0.06653177323747883,True,True,0.9637939539057476,0.7069291999796405
UG0003_T3_graded_two_layer_coarse_hot__NREL_MGCL2_KCL_NACL_BASELINE_V10,0.1,0.75,1,1.3430475894421419,1.268047589442142,True,True,0.9574755214813694,0.657951699977275
UG0003_T3_graded_two_layer_coarse_hot__NREL_MGCL2_KCL_NACL_BASELINE_V10,0.1,3.0,1,1.3430475894421419,1.0430475894421418,True,True,0.9574755214813694,0.682053399970755
UG0003_T3_graded_two_layer_coarse_hot__NREL_MGCL2_KCL_NACL_BASELINE_V10,0.1,9.0,1,1.3430475894421419,0.44304758944214184,True,True,0.9574755214813694,0.6630712999613024
UG0003_T3_graded_two_layer_coarse_hot__NREL_MGCL2_KCL_NACL_BASELINE_V10,0.1,15.0,1,1.3430475894421419,-0.15695241055785814,True,False,0.9574755214813694,0.6437563999788836
UG0003_T3_graded_two_layer_coarse_hot__NREL_MGCL2_KCL_NACL_BASELINE_V10,0.1,15.0,2,2.71180237272868,1.21180237272868,True,True,0.9666390124199927,1.232426399947144
UG0003_T3_graded_two_layer_coarse_hot__NREL_MGCL2_KCL_NACL_BASELINE_V10,0.35,0.75,2,2.6582379133738114,2.3957379133738117,True,True,0.9475456239738792,0.364923799992539
UG0003_T3_graded_two_layer_coarse_hot__NREL_MGCL2_KCL_NACL_BASELINE_V10,0.35,3.0,2,2.6582379133738114,1.6082379133738116,True,True,0.9475456239738792,0.36224759998731315
UG0003_T3_graded_two_layer_coarse_hot__NREL_MGCL2_KCL_NACL_BASELINE_V10,0.35,9.0,2,2.6582379133738114,-0.4917620866261885,True,False,0.9475456239738792,0.36374960001558065
UG0003_T3_graded_two_layer_coarse_hot__NREL_MGCL2_KCL_NACL_BASELINE_V10,0.35,9.0,3,4.0186564146618196,0.8686564146618196,True,True,0.9549835703342455,0.5420981000061147
UG0003_T3_graded_two_layer_coarse_hot__NREL_MGCL2_KCL_NACL_BASELINE_V10,0.35,15.0,2,2.6582379133738114,-2.5917620866261886,True,False,0.9475456239738792,0.3572740000090562
UG0003_T3_graded_two_layer_coarse_hot__NREL_MGCL2_KCL_NACL_BASELINE_V10,0.35,15.0,3,4.0186564146618196,-1.2313435853381804,True,False,0.9549835703342455,0.5352745000272989
UG0003_T3_graded_two_layer_coarse_hot__NREL_MGCL2_KCL_NACL_BASELINE_V10,0.35,15.0,4,5.383513180750168,0.13351318075016838,True,True,0.9594935672163409,0.7254289999837056
UG0003_T3_graded_two_layer_coarse_hot__NREL_MGCL2_KCL_NACL_BASELINE_V10,0.75,0.75,3,3.9550077504764003,3.3925077504764003,True,True,0.9398582592105992,0.2526174000231549
UG0003_T3_graded_two_layer_coarse_hot__NREL_MGCL2_KCL_NACL_BASELINE_V10,0.75,3.0,3,3.9550077504764003,1.7050077504764003,True,True,0.9398582592105992,0.25298560003284365
UG0003_T3_graded_two_layer_coarse_hot__NREL_MGCL2_KCL_NACL_BASELINE_V10,0.75,9.0,3,3.9550077504764003,-2.7949922495235997,True,False,0.9398582592105992,0.24599700001999736
UG0003_T3_graded_two_layer_coarse_hot__NREL_MGCL2_KCL_NACL_BASELINE_V10,0.75,9.0,4,5.308622392039378,-1.4413776079606224,True,False,0.9461459208747842,0.34471110004233196
UG0003_T3_graded_two_layer_coarse_hot__NREL_MGCL2_KCL_NACL_BASELINE_V10,0.75,9.0,5,6.666522919197484,-0.08347708080251603,True,False,0.9505296102243727,0.4175012999912724
UG0003_T3_graded_two_layer_coarse_hot__NREL_MGCL2_KCL_NACL_BASELINE_V10,0.75,9.0,6,8.027438168127071,1.2774381681270714,True,True,0.9538102753032329,0.4955548999714665
UG0003_T3_graded_two_layer_coarse_hot__NREL_MGCL2_KCL_NACL_BASELINE_V10,0.75,15.0,3,3.9550077504764003,-7.2949922495236,True,False,0.9398582592105992,0.256977699988056
UG0003_T3_graded_two_layer_coarse_hot__NREL_MGCL2_KCL_NACL_BASELINE_V10,0.75,15.0,4,5.308622392039378,-5.941377607960622,True,False,0.9461459208747842,0.33935869997367263
UG0003_T3_graded_two_layer_coarse_hot__NREL_MGCL2_KCL_NACL_BASELINE_V10,0.75,15.0,5,6.666522919197484,-4.583477080802516,True,False,0.9505296102243727,0.4268010000232607
UG0003_T3_graded_two_layer_coarse_hot__NREL_MGCL2_KCL_NACL_BASELINE_V10,0.75,15.0,6,8.027438168127071,-3.2225618318729286,True,False,0.9538102753032329,0.5007081999792717
UG0003_T3_graded_two_layer_coarse_hot__NREL_MGCL2_KCL_NACL_BASELINE_V10,0.75,15.0,7,9.390596457514334,-1.8594035424856656,True,False,0.9563820491822436,0.6061526000266895
UG0003_T3_graded_two_layer_coarse_hot__NREL_MGCL2_KCL_NACL_BASELINE_V10,0.75,15.0,8,10.755505280818543,-0.49449471918145704,True,False,0.958466876797797,0.6770396000356413
UG0003_T3_graded_two_layer_coarse_hot__NREL_MGCL2_KCL_NACL_BASELINE_V10,0.75,15.0,9,12.12181412272128,0.8718141227212808,True,True,0.9601993083732864,0.766087600030005
UG0003_T3_graded_two_layer_coarse_hot__AIP_FLINAK_2017_V10,0.1,0.75,1,1.9861427139964323,1.9111427139964323,True,True,0.9711785313564453,0.9105051999795251
UG0003_T3_graded_two_layer_coarse_hot__AIP_FLINAK_2017_V10,0.1,3.0,1,1.9861427139964323,1.6861427139964322,True,True,0.9711785313564453,0.9273511999635957
UG0003_T3_graded_two_layer_coarse_hot__AIP_FLINAK_2017_V10,0.1,9.0,1,1.9861427139964323,1.0861427139964324,True,True,0.9711785313564453,0.9214778000023216
UG0003_T3_graded_two_layer_coarse_hot__AIP_FLINAK_2017_V10,0.1,15.0,1,1.9861427139964323,0.4861427139964323,True,True,0.9711785313564453,0.9309832999715582
UG0003_T3_graded_two_layer_coarse_hot__AIP_FLINAK_2017_V10,0.35,0.75,2,3.949554153787815,3.687054153787815,True,True,0.9656209937880849,0.5281173000112176
UG0003_T3_graded_two_layer_coarse_hot__AIP_FLINAK_2017_V10,0.35,3.0,2,3.949554153787815,2.899554153787815,True,True,0.9656209937880849,0.5251974000129849
UG0003_T3_graded_two_layer_coarse_hot__AIP_FLINAK_2017_V10,0.35,9.0,2,3.949554153787815,0.799554153787815,True,True,0.9656209937880849,0.5327426000148989
UG0003_T3_graded_two_layer_coarse_hot__AIP_FLINAK_2017_V10,0.35,15.0,2,3.949554153787815,-1.300445846212185,True,False,0.9656209937880849,0.5153119000024162
UG0003_T3_graded_two_layer_coarse_hot__AIP_FLINAK_2017_V10,0.35,15.0,3,5.950102815207593,0.7001028152075932,True,True,0.9698215663240167,0.8404474000562914
UG0003_T3_graded_two_layer_coarse_hot__AIP_FLINAK_2017_V10,0.75,0.75,3,5.8965216581742625,5.3340216581742625,True,True,0.9610882446901947,0.36592720000771806
UG0003_T3_graded_two_layer_coarse_hot__AIP_FLINAK_2017_V10,0.75,3.0,3,5.8965216581742625,3.6465216581742625,True,True,0.9610882446901947,0.3753539999597706
UG0003_T3_graded_two_layer_coarse_hot__AIP_FLINAK_2017_V10,0.75,9.0,3,5.8965216581742625,-0.8534783418257375,True,False,0.9610882446901947,0.3725173999555409
UG0003_T3_graded_two_layer_coarse_hot__AIP_FLINAK_2017_V10,0.75,9.0,4,7.892461269464437,1.1424612694644374,True,True,0.9648084312434593,0.5120452999835834
UG0003_T3_graded_two_layer_coarse_hot__AIP_FLINAK_2017_V10,0.75,15.0,3,5.8965216581742625,-5.3534783418257375,True,False,0.9610882446901947,0.3897514999844134
UG0003_T3_graded_two_layer_coarse_hot__AIP_FLINAK_2017_V10,0.75,15.0,4,7.892461269464437,-3.3575387305355626,True,False,0.9648084312434593,0.49459210003260523
UG0003_T3_graded_two_layer_coarse_hot__AIP_FLINAK_2017_V10,0.75,15.0,5,9.89136759940623,-1.3586324005937698,True,False,0.9673306747397534,0.6098455999745056
UG0003_T3_graded_two_layer_coarse_hot__AIP_FLINAK_2017_V10,0.75,15.0,6,11.89224778326351,0.6422477832635103,True,True,0.9691730320020987,0.7480529999593273
UG0003_T3_graded_two_layer_coarse_hot__AIP_LINAK_CARBONATE_2017_V10,0.1,0.75,1,1.789204880787968,1.714204880787968,True,True,0.9672024213151886,0.8503839000477456
UG0003_T3_graded_two_layer_coarse_hot__AIP_LINAK_CARBONATE_2017_V10,0.1,3.0,1,1.789204880787968,1.4892048807879679,True,True,0.9672024213151886,0.8537171999923885
UG0003_T3_graded_two_layer_coarse_hot__AIP_LINAK_CARBONATE_2017_V10,0.1,9.0,1,1.789204880787968,0.8892048807879679,True,True,0.9672024213151886,0.8499388999771327
UG0003_T3_graded_two_layer_coarse_hot__AIP_LINAK_CARBONATE_2017_V10,0.1,15.0,1,1.789204880787968,0.2892048807879679,True,True,0.9672024213151886,0.8496108000399545
UG0003_T3_graded_two_layer_coarse_hot__AIP_LINAK_CARBONATE_2017_V10,0.35,0.75,2,3.5524496327832935,3.2899496327832933,True,True,0.9601857012918117,0.47706429997924715
UG0003_T3_graded_two_layer_coarse_hot__AIP_LINAK_CARBONATE_2017_V10,0.35,3.0,2,3.5524496327832935,2.5024496327832937,True,True,0.9601857012918117,0.46961369999917224
UG0003_T3_graded_two_layer_coarse_hot__AIP_LINAK_CARBONATE_2017_V10,0.35,9.0,2,3.5524496327832935,0.4024496327832936,True,True,0.9601857012918117,0.4765792000107467
UG0003_T3_graded_two_layer_coarse_hot__AIP_LINAK_CARBONATE_2017_V10,0.35,15.0,2,3.5524496327832935,-1.6975503672167065,True,False,0.9601857012918117,0.4612705000326969
UG0003_T3_graded_two_layer_coarse_hot__AIP_LINAK_CARBONATE_2017_V10,0.35,15.0,3,5.358021313695834,0.10802131369583368,True,True,0.9654737780845444,0.7222983000101522
UG0003_T3_graded_two_layer_coarse_hot__AIP_LINAK_CARBONATE_2017_V10,0.75,0.75,3,5.297416923831172,4.734916923831172,True,True,0.954553338275621,0.3385346000432037
UG0003_T3_graded_two_layer_coarse_hot__AIP_LINAK_CARBONATE_2017_V10,0.75,3.0,3,5.297416923831172,3.0474169238311717,True,True,0.954553338275621,0.3346095999586396
UG0003_T3_graded_two_layer_coarse_hot__AIP_LINAK_CARBONATE_2017_V10,0.75,9.0,3,5.297416923831172,-1.4525830761688283,True,False,0.954553338275621,0.3360776999616064
UG0003_T3_graded_two_layer_coarse_hot__AIP_LINAK_CARBONATE_2017_V10,0.75,9.0,4,7.097395532122575,0.347395532122575,True,True,0.9591716154772295,0.4487275999854319
UG0003_T3_graded_two_layer_coarse_hot__AIP_LINAK_CARBONATE_2017_V10,0.75,15.0,3,5.297416923831172,-5.952583076168828,True,False,0.954553338275621,0.33565369999269024
UG0003_T3_graded_two_layer_coarse_hot__AIP_LINAK_CARBONATE_2017_V10,0.75,15.0,4,7.097395532122575,-4.152604467877425,True,False,0.9591716154772295,0.45860610000090674
UG0003_T3_graded_two_layer_coarse_hot__AIP_LINAK_CARBONATE_2017_V10,0.75,15.0,5,8.90094428134789,-2.34905571865211,True,False,0.9623285687796514,0.5515988999977708
UG0003_T3_graded_two_layer_coarse_hot__AIP_LINAK_CARBONATE_2017_V10,0.75,15.0,6,10.706919572281528,-0.543080427718472,True,False,0.9646518262884265,0.6694859999697655
UG0003_T3_graded_two_layer_coarse_hot__AIP_LINAK_CARBONATE_2017_V10,0.75,15.0,7,12.51465191966372,1.26465191966372,True,True,0.9664469850416635,0.8032731999992393
UG0003_T3_graded_two_layer_coarse_hot__AIP_LIF_NAK_CARBONATE_RECIPROCAL_2017_V10,0.1,0.75,1,1.9431237580199412,1.8681237580199412,True,True,0.9710456085208257,0.8983706000144593
UG0003_T3_graded_two_layer_coarse_hot__AIP_LIF_NAK_CARBONATE_RECIPROCAL_2017_V10,0.1,3.0,1,1.9431237580199412,1.6431237580199411,True,True,0.9710456085208257,0.9175725000095554
UG0003_T3_graded_two_layer_coarse_hot__AIP_LIF_NAK_CARBONATE_RECIPROCAL_2017_V10,0.1,9.0,1,1.9431237580199412,1.043123758019941,True,True,0.9710456085208257,0.9143347999779508
UG0003_T3_graded_two_layer_coarse_hot__AIP_LIF_NAK_CARBONATE_RECIPROCAL_2017_V10,0.1,15.0,1,1.9431237580199412,0.4431237580199412,True,True,0.9710456085208257,0.9125528000295162
UG0003_T3_graded_two_layer_coarse_hot__AIP_LIF_NAK_CARBONATE_RECIPROCAL_2017_V10,0.35,0.75,2,3.863643272312555,3.601143272312555,True,True,0.9653975504610233,0.5219316000002436
UG0003_T3_graded_two_layer_coarse_hot__AIP_LIF_NAK_CARBONATE_RECIPROCAL_2017_V10,0.35,3.0,2,3.863643272312555,2.813643272312555,True,True,0.9653975504610233,0.5166105999960564
UG0003_T3_graded_two_layer_coarse_hot__AIP_LIF_NAK_CARBONATE_RECIPROCAL_2017_V10,0.35,9.0,2,3.863643272312555,0.713643272312555,True,True,0.9653975504610233,0.5102334999828599
UG0003_T3_graded_two_layer_coarse_hot__AIP_LIF_NAK_CARBONATE_RECIPROCAL_2017_V10,0.35,15.0,2,3.863643272312555,-1.3863567276874451,True,False,0.9653975504610233,0.5183564000180922
UG0003_T3_graded_two_layer_coarse_hot__AIP_LIF_NAK_CARBONATE_RECIPROCAL_2017_V10,0.35,15.0,3,5.8211000295586315,0.5711000295586315,True,True,0.9696678003023604,0.7879609999945387
UG0003_T3_graded_two_layer_coarse_hot__AIP_LIF_NAK_CARBONATE_RECIPROCAL_2017_V10,0.75,0.75,3,5.767754147110377,5.205254147110377,True,True,0.9607815444012212,0.36157220002496615
UG0003_T3_graded_two_layer_coarse_hot__AIP_LIF_NAK_CARBONATE_RECIPROCAL_2017_V10,0.75,3.0,3,5.767754147110377,3.5177541471103773,True,True,0.9607815444012212,0.36740039999131113
UG0003_T3_graded_two_layer_coarse_hot__AIP_LIF_NAK_CARBONATE_RECIPROCAL_2017_V10,0.75,9.0,3,5.767754147110377,-0.9822458528896227,True,False,0.9607815444012212,0.3644108999869786
UG0003_T3_graded_two_layer_coarse_hot__AIP_LIF_NAK_CARBONATE_RECIPROCAL_2017_V10,0.75,9.0,4,7.720669273524688,0.9706692735246882,True,True,0.9645708311108101,0.48975619999691844
UG0003_T3_graded_two_layer_coarse_hot__AIP_LIF_NAK_CARBONATE_RECIPROCAL_2017_V10,0.75,15.0,3,5.767754147110377,-5.482245852889623,True,False,0.9607815444012212,0.3651448999880813
UG0003_T3_graded_two_layer_coarse_hot__AIP_LIF_NAK_CARBONATE_RECIPROCAL_2017_V10,0.75,15.0,4,7.720669273524688,-3.5293307264753118,True,False,0.9645708311108101,0.4991128999972716
UG0003_T3_graded_two_layer_coarse_hot__AIP_LIF_NAK_CARBONATE_RECIPROCAL_2017_V10,0.75,15.0,5,9.67650824170389,-1.5734917582961092,True,False,0.9671366319453657,0.6053480999544263
UG0003_T3_graded_two_layer_coarse_hot__AIP_LIF_NAK_CARBONATE_RECIPROCAL_2017_V10,0.75,15.0,6,11.634290789112134,0.3842907891121339,True,True,0.9690090447055723,0.7175771000329405
UG0004_T1_homogeneous_none__SOLAR_SALT_60_40_V10,0.1,0.75,1,4.883410593245943,4.808410593245942,True,True,0.9732763708944104,2.248155100038275
UG0004_T1_homogeneous_none__SOLAR_SALT_60_40_V10,0.1,3.0,1,4.883410593245943,4.583410593245943,True,True,0.9732763708944104,2.2503387999604456
UG0004_T1_homogeneous_none__SOLAR_SALT_60_40_V10,0.1,9.0,1,4.883410593245943,3.9834105932459427,True,True,0.9732763708944104,2.256942500011064
UG0004_T1_homogeneous_none__SOLAR_SALT_60_40_V10,0.1,15.0,1,4.883410593245943,3.3834105932459426,True,True,0.9732763708944104,2.2744811000302434
UG0004_T1_homogeneous_none__SOLAR_SALT_60_40_V10,0.35,0.75,1,4.813759332794307,4.551259332794307,True,True,0.9593946944090567,0.666838800010737
UG0004_T1_homogeneous_none__SOLAR_SALT_60_40_V10,0.35,3.0,1,4.813759332794307,3.763759332794307,True,True,0.9593946944090567,0.6491459000390023
UG0004_T1_homogeneous_none__SOLAR_SALT_60_40_V10,0.35,9.0,1,4.813759332794307,1.663759332794307,True,True,0.9593946944090567,0.6594786000205204
UG0004_T1_homogeneous_none__SOLAR_SALT_60_40_V10,0.35,15.0,1,4.813759332794307,-0.4362406672056931,True,False,0.9593946944090567,0.6475008000270464
UG0004_T1_homogeneous_none__SOLAR_SALT_60_40_V10,0.35,15.0,2,9.716678319771994,4.466678319771994,True,True,0.9682795693337475,1.280748599965591
UG0004_T1_homogeneous_none__SOLAR_SALT_60_40_V10,0.75,0.75,2,9.6168092463986,9.0543092463986,True,True,0.9583274869272549,0.5960888999979943
UG0004_T1_homogeneous_none__SOLAR_SALT_60_40_V10,0.75,3.0,2,9.6168092463986,7.366809246398599,True,True,0.9583274869272549,0.6066218999912962
UG0004_T1_homogeneous_none__SOLAR_SALT_60_40_V10,0.75,9.0,2,9.6168092463986,2.8668092463985992,True,True,0.9583274869272549,0.6022430000011809
UG0004_T1_homogeneous_none__SOLAR_SALT_60_40_V10,0.75,15.0,2,9.6168092463986,-1.6331907536014008,True,False,0.9583274869272549,0.5976437999634072
UG0004_T1_homogeneous_none__SOLAR_SALT_60_40_V10,0.75,15.0,3,14.512281386163592,3.2622813861635915,True,True,0.9641117473962972,0.8970952000236139
UG0004_T1_homogeneous_none__NREL_MGCL2_KCL_NACL_BASELINE_V10,0.1,0.75,1,4.2255138628597155,4.150513862859715,True,True,0.9699248300171018,1.917250900005456
UG0004_T1_homogeneous_none__NREL_MGCL2_KCL_NACL_BASELINE_V10,0.1,3.0,1,4.2255138628597155,3.9255138628597157,True,True,0.9699248300171018,1.8956910999841057
UG0004_T1_homogeneous_none__NREL_MGCL2_KCL_NACL_BASELINE_V10,0.1,9.0,1,4.2255138628597155,3.3255138628597156,True,True,0.9699248300171018,1.9297901000245474
UG0004_T1_homogeneous_none__NREL_MGCL2_KCL_NACL_BASELINE_V10,0.1,15.0,1,4.2255138628597155,2.7255138628597155,True,True,0.9699248300171018,1.9363887999788858
UG0004_T1_homogeneous_none__NREL_MGCL2_KCL_NACL_BASELINE_V10,0.35,0.75,1,4.149955655957574,3.8874556559575737,True,True,0.9525811924467452,0.5666610999614932
UG0004_T1_homogeneous_none__NREL_MGCL2_KCL_NACL_BASELINE_V10,0.35,3.0,1,4.149955655957574,3.099955655957574,True,True,0.9525811924467452,0.5461478999932297
UG0004_T1_homogeneous_none__NREL_MGCL2_KCL_NACL_BASELINE_V10,0.35,9.0,1,4.149955655957574,0.999955655957574,True,True,0.9525811924467452,0.5554356000502594
UG0004_T1_homogeneous_none__NREL_MGCL2_KCL_NACL_BASELINE_V10,0.35,15.0,1,4.149955655957574,-1.1000443440424261,True,False,0.9525811924467452,0.5470720999874175
UG0004_T1_homogeneous_none__NREL_MGCL2_KCL_NACL_BASELINE_V10,0.35,15.0,2,8.395453898275862,3.1454538982758624,True,True,0.9635466193561003,1.1692015000153333
UG0004_T1_homogeneous_none__NREL_MGCL2_KCL_NACL_BASELINE_V10,0.75,0.75,2,8.288601784138494,7.7261017841384945,True,True,0.9512831974380481,0.5157841999898665
UG0004_T1_homogeneous_none__NREL_MGCL2_KCL_NACL_BASELINE_V10,0.75,3.0,2,8.288601784138494,6.0386017841384945,True,True,0.9512831974380481,0.5272783000255004
UG0004_T1_homogeneous_none__NREL_MGCL2_KCL_NACL_BASELINE_V10,0.75,9.0,2,8.288601784138494,1.5386017841384945,True,True,0.9512831974380481,0.5393093999591656
UG0004_T1_homogeneous_none__NREL_MGCL2_KCL_NACL_BASELINE_V10,0.75,15.0,2,8.288601784138494,-2.9613982158615055,True,False,0.9512831974380481,0.5375094000482932
UG0004_T1_homogeneous_none__NREL_MGCL2_KCL_NACL_BASELINE_V10,0.75,15.0,3,12.525392309140061,1.2753923091400612,True,True,0.9583598903099468,0.7963985999813303
UG0004_T1_homogeneous_none__AIP_FLINAK_2017_V10,0.1,0.75,1,5.764231087965036,5.689231087965036,True,True,0.9766081760910875,2.6455848999903537
UG0004_T1_homogeneous_none__AIP_FLINAK_2017_V10,0.1,3.0,1,5.764231087965036,5.464231087965036,True,True,0.9766081760910875,2.638805599999614
UG0004_T1_homogeneous_none__AIP_FLINAK_2017_V10,0.1,9.0,1,5.764231087965036,4.8642310879650354,True,True,0.9766081760910875,2.6776594999828376
UG0004_T1_homogeneous_none__AIP_FLINAK_2017_V10,0.1,15.0,1,5.764231087965036,4.264231087965036,True,True,0.9766081760910875,2.6516162999905646
UG0004_T1_homogeneous_none__AIP_FLINAK_2017_V10,0.35,0.75,1,5.703360659610408,5.440860659610408,True,True,0.9662951686654462,0.7738040999975055
UG0004_T1_homogeneous_none__AIP_FLINAK_2017_V10,0.35,3.0,1,5.703360659610408,4.653360659610408,True,True,0.9662951686654462,0.7871755000087433
UG0004_T1_homogeneous_none__AIP_FLINAK_2017_V10,0.35,9.0,1,5.703360659610408,2.553360659610408,True,True,0.9662951686654462,0.7538573000347242
UG0004_T1_homogeneous_none__AIP_FLINAK_2017_V10,0.35,15.0,1,5.703360659610408,0.45336065961040806,True,True,0.9662951686654462,0.7500594999874011
UG0004_T1_homogeneous_none__AIP_FLINAK_2017_V10,0.75,0.75,2,11.396713952696826,10.834213952696826,True,True,0.965447416743349,0.6995171000016853
UG0004_T1_homogeneous_none__AIP_FLINAK_2017_V10,0.75,3.0,2,11.396713952696826,9.146713952696826,True,True,0.965447416743349,0.6980351000092924
UG0004_T1_homogeneous_none__AIP_FLINAK_2017_V10,0.75,9.0,2,11.396713952696826,4.646713952696826,True,True,0.965447416743349,0.6906924999784678
UG0004_T1_homogeneous_none__AIP_FLINAK_2017_V10,0.75,15.0,2,11.396713952696826,0.1467139526968264,True,True,0.965447416743349,0.703150600020308
UG0004_T1_homogeneous_none__AIP_LINAK_CARBONATE_2017_V10,0.1,0.75,1,5.294315752819725,5.219315752819725,True,True,0.9745504932030947,2.434731500048656
UG0004_T1_homogeneous_none__AIP_LINAK_CARBONATE_2017_V10,0.1,3.0,1,5.294315752819725,4.994315752819725,True,True,0.9745504932030947,2.4412122000358067
UG0004_T1_homogeneous_none__AIP_LINAK_CARBONATE_2017_V10,0.1,9.0,1,5.294315752819725,4.3943157528197245,True,True,0.9745504932030947,2.4275643000146374
UG0004_T1_homogeneous_none__AIP_LINAK_CARBONATE_2017_V10,0.1,15.0,1,5.294315752819725,3.794315752819725,True,True,0.9745504932030947,2.4623306000139564
UG0004_T1_homogeneous_none__AIP_LINAK_CARBONATE_2017_V10,0.35,0.75,1,5.224329830392996,4.961829830392996,True,True,0.9616678435081052,0.6947799000190571
UG0004_T1_homogeneous_none__AIP_LINAK_CARBONATE_2017_V10,0.35,3.0,1,5.224329830392996,4.174329830392996,True,True,0.9616678435081052,0.6977469999692403
UG0004_T1_homogeneous_none__AIP_LINAK_CARBONATE_2017_V10,0.35,9.0,1,5.224329830392996,2.0743298303929962,True,True,0.9616678435081052,0.708509000018239
UG0004_T1_homogeneous_none__AIP_LINAK_CARBONATE_2017_V10,0.35,15.0,1,5.224329830392996,-0.025670169607003857,True,False,0.9616678435081052,0.6949484000215307
UG0004_T1_homogeneous_none__AIP_LINAK_CARBONATE_2017_V10,0.35,15.0,2,10.539459564690835,5.289459564690835,True,True,0.970024833841193,1.4084634999744594
UG0004_T1_homogeneous_none__AIP_LINAK_CARBONATE_2017_V10,0.75,0.75,2,10.437523297014339,9.875023297014339,True,True,0.9606428811415921,0.6799578000209294
UG0004_T1_homogeneous_none__AIP_LINAK_CARBONATE_2017_V10,0.75,3.0,2,10.437523297014339,8.187523297014339,True,True,0.9606428811415921,0.6753972999867983
UG0004_T1_homogeneous_none__AIP_LINAK_CARBONATE_2017_V10,0.75,9.0,2,10.437523297014339,3.687523297014339,True,True,0.9606428811415921,0.6817094000289217
UG0004_T1_homogeneous_none__AIP_LINAK_CARBONATE_2017_V10,0.75,15.0,2,10.437523297014339,-0.812476702985661,True,False,0.9606428811415921,0.6524721999885514
UG0004_T1_homogeneous_none__AIP_LINAK_CARBONATE_2017_V10,0.75,15.0,3,15.745993789022812,4.495993789022812,True,True,0.9661472624290331,1.0017468999722041
UG0004_T1_homogeneous_none__AIP_LIF_NAK_CARBONATE_RECIPROCAL_2017_V10,0.1,0.75,1,5.660646076334669,5.585646076334669,True,True,0.9765849285929806,2.580318399996031
UG0004_T1_homogeneous_none__AIP_LIF_NAK_CARBONATE_RECIPROCAL_2017_V10,0.1,3.0,1,5.660646076334669,5.360646076334669,True,True,0.9765849285929806,2.606900400016457
UG0004_T1_homogeneous_none__AIP_LIF_NAK_CARBONATE_RECIPROCAL_2017_V10,0.1,9.0,1,5.660646076334669,4.760646076334669,True,True,0.9765849285929806,2.600143800023943
UG0004_T1_homogeneous_none__AIP_LIF_NAK_CARBONATE_RECIPROCAL_2017_V10,0.1,15.0,1,5.660646076334669,4.160646076334669,True,True,0.9765849285929806,2.6032620999612845
UG0004_T1_homogeneous_none__AIP_LIF_NAK_CARBONATE_RECIPROCAL_2017_V10,0.35,0.75,1,5.6002670827872425,5.337767082787242,True,True,0.9661682351083722,0.778304899984505
UG0004_T1_homogeneous_none__AIP_LIF_NAK_CARBONATE_RECIPROCAL_2017_V10,0.35,3.0,1,5.6002670827872425,4.550267082787243,True,True,0.9661682351083722,0.7666688000317663
UG0004_T1_homogeneous_none__AIP_LIF_NAK_CARBONATE_RECIPROCAL_2017_V10,0.35,9.0,1,5.6002670827872425,2.4502670827872426,True,True,0.9661682351083722,0.7693420000141487
UG0004_T1_homogeneous_none__AIP_LIF_NAK_CARBONATE_RECIPROCAL_2017_V10,0.35,15.0,1,5.6002670827872425,0.3502670827872425,True,True,0.9661682351083722,0.7260150999645703
UG0004_T1_homogeneous_none__AIP_LIF_NAK_CARBONATE_RECIPROCAL_2017_V10,0.75,0.75,2,11.19058243585003,10.62808243585003,True,True,0.9653097898769203,0.6828945999732241
UG0004_T1_homogeneous_none__AIP_LIF_NAK_CARBONATE_RECIPROCAL_2017_V10,0.75,3.0,2,11.19058243585003,8.94058243585003,True,True,0.9653097898769203,0.6820093999849632
UG0004_T1_homogeneous_none__AIP_LIF_NAK_CARBONATE_RECIPROCAL_2017_V10,0.75,9.0,2,11.19058243585003,4.440582435850031,True,True,0.9653097898769203,0.6964412999805063
UG0004_T1_homogeneous_none__AIP_LIF_NAK_CARBONATE_RECIPROCAL_2017_V10,0.75,15.0,2,11.19058243585003,-0.05941756414996924,True,False,0.9653097898769203,0.6967337999958545
UG0004_T1_homogeneous_none__AIP_LIF_NAK_CARBONATE_RECIPROCAL_2017_V10,0.75,15.0,3,16.86531265424118,5.61531265424118,True,True,0.9698781100269261,1.0145974000333808
UG0004_T2_graded_two_layer_fine_hot__SOLAR_SALT_60_40_V10,0.1,0.75,1,4.878027806330034,4.803027806330034,True,True,0.9722035675298809,2.2629186999984086
UG0004_T2_graded_two_layer_fine_hot__SOLAR_SALT_60_40_V10,0.1,3.0,1,4.878027806330034,4.578027806330034,True,True,0.9722035675298809,2.2298835999681614
UG0004_T2_graded_two_layer_fine_hot__SOLAR_SALT_60_40_V10,0.1,9.0,1,4.878027806330034,3.9780278063300343,True,True,0.9722035675298809,2.25607730000047
UG0004_T2_graded_two_layer_fine_hot__SOLAR_SALT_60_40_V10,0.1,15.0,1,4.878027806330034,3.378027806330034,True,True,0.9722035675298809,2.2635114999720827
UG0004_T2_graded_two_layer_fine_hot__SOLAR_SALT_60_40_V10,0.35,0.75,1,4.798469335157951,4.535969335157951,True,True,0.9563473583052527,0.6431832000380382
UG0004_T2_graded_two_layer_fine_hot__SOLAR_SALT_60_40_V10,0.35,3.0,1,4.798469335157951,3.748469335157951,True,True,0.9563473583052527,0.6402556999819353
UG0004_T2_graded_two_layer_fine_hot__SOLAR_SALT_60_40_V10,0.35,9.0,1,4.798469335157951,1.6484693351579511,True,True,0.9563473583052527,0.6498415999813005
UG0004_T2_graded_two_layer_fine_hot__SOLAR_SALT_60_40_V10,0.35,15.0,1,4.798469335157951,-0.45153066484204896,True,False,0.9563473583052527,0.6521193000371568
UG0004_T2_graded_two_layer_fine_hot__SOLAR_SALT_60_40_V10,0.35,15.0,2,9.698093392556649,4.448093392556649,True,True,0.9664275572851901,1.2839835999766365
UG0004_T2_graded_two_layer_fine_hot__SOLAR_SALT_60_40_V10,0.75,0.75,2,9.584923817731356,9.022423817731356,True,True,0.9551500626962689,0.5943184999632649
UG0004_T2_graded_two_layer_fine_hot__SOLAR_SALT_60_40_V10,0.75,3.0,2,9.584923817731356,7.334923817731356,True,True,0.9551500626962689,0.6153593999915756
UG0004_T2_graded_two_layer_fine_hot__SOLAR_SALT_60_40_V10,0.75,9.0,2,9.584923817731356,2.8349238177313563,True,True,0.9551500626962689,0.627167799975723
UG0004_T2_graded_two_layer_fine_hot__SOLAR_SALT_60_40_V10,0.75,15.0,2,9.584923817731356,-1.6650761822686437,True,False,0.9551500626962689,0.6326644999790005
UG0004_T2_graded_two_layer_fine_hot__SOLAR_SALT_60_40_V10,0.75,15.0,3,14.475536054672169,3.225536054672169,True,True,0.9616706008384149,0.9037527000182308
UG0004_T2_graded_two_layer_fine_hot__NREL_MGCL2_KCL_NACL_BASELINE_V10,0.1,0.75,1,4.218372777191323,4.143372777191323,True,True,0.9682856645740697,1.9352457000059076
UG0004_T2_graded_two_layer_fine_hot__NREL_MGCL2_KCL_NACL_BASELINE_V10,0.1,3.0,1,4.218372777191323,3.9183727771913235,True,True,0.9682856645740697,1.94979709998006
UG0004_T2_graded_two_layer_fine_hot__NREL_MGCL2_KCL_NACL_BASELINE_V10,0.1,9.0,1,4.218372777191323,3.3183727771913234,True,True,0.9682856645740697,1.9111147000221536
UG0004_T2_graded_two_layer_fine_hot__NREL_MGCL2_KCL_NACL_BASELINE_V10,0.1,15.0,1,4.218372777191323,2.7183727771913233,True,True,0.9682856645740697,1.9356568999937735
UG0004_T2_graded_two_layer_fine_hot__NREL_MGCL2_KCL_NACL_BASELINE_V10,0.35,0.75,1,4.132834220456073,3.8703342204560727,True,True,0.9486511366103637,0.5481303999549709
UG0004_T2_graded_two_layer_fine_hot__NREL_MGCL2_KCL_NACL_BASELINE_V10,0.35,3.0,1,4.132834220456073,3.082834220456073,True,True,0.9486511366103637,0.5594654000014998
UG0004_T2_graded_two_layer_fine_hot__NREL_MGCL2_KCL_NACL_BASELINE_V10,0.35,9.0,1,4.132834220456073,0.9828342204560729,True,True,0.9486511366103637,0.5462544999900274
UG0004_T2_graded_two_layer_fine_hot__NREL_MGCL2_KCL_NACL_BASELINE_V10,0.35,15.0,1,4.132834220456073,-1.1171657795439272,True,False,0.9486511366103637,0.5641438000020571
UG0004_T2_graded_two_layer_fine_hot__NREL_MGCL2_KCL_NACL_BASELINE_V10,0.35,15.0,2,8.373033242517279,3.1230332425172787,True,True,0.9609733996920191,1.1259103000047617
UG0004_T2_graded_two_layer_fine_hot__NREL_MGCL2_KCL_NACL_BASELINE_V10,0.75,0.75,2,8.253076667074358,7.6905766670743585,True,True,0.9472059781638875,0.5237169999745674
UG0004_T2_graded_two_layer_fine_hot__NREL_MGCL2_KCL_NACL_BASELINE_V10,0.75,3.0,2,8.253076667074358,6.0030766670743585,True,True,0.9472059781638875,0.5283981000538915
UG0004_T2_graded_two_layer_fine_hot__NREL_MGCL2_KCL_NACL_BASELINE_V10,0.75,9.0,2,8.253076667074358,1.5030766670743585,True,True,0.9472059781638875,0.5210810999851674
UG0004_T2_graded_two_layer_fine_hot__NREL_MGCL2_KCL_NACL_BASELINE_V10,0.75,15.0,2,8.253076667074358,-2.9969233329256415,True,False,0.9472059781638875,0.5241646000067703
UG0004_T2_graded_two_layer_fine_hot__NREL_MGCL2_KCL_NACL_BASELINE_V10,0.75,15.0,3,12.482983143196739,1.2329831431967389,True,True,0.955115022395357,0.773321799992118
UG0004_T2_graded_two_layer_fine_hot__AIP_FLINAK_2017_V10,0.1,0.75,1,5.760829451961823,5.685829451961823,True,True,0.9760318519496491,2.6838206999818794
UG0004_T2_graded_two_layer_fine_hot__AIP_FLINAK_2017_V10,0.1,3.0,1,5.760829451961823,5.460829451961823,True,True,0.9760318519496491,2.696195099968463
UG0004_T2_graded_two_layer_fine_hot__AIP_FLINAK_2017_V10,0.1,9.0,1,5.760829451961823,4.8608294519618225,True,True,0.9760318519496491,2.678344100015238
UG0004_T2_graded_two_layer_fine_hot__AIP_FLINAK_2017_V10,0.1,15.0,1,5.760829451961823,4.260829451961823,True,True,0.9760318519496491,2.7104883999563754
UG0004_T2_graded_two_layer_fine_hot__AIP_FLINAK_2017_V10,0.35,0.75,1,5.690023391449748,5.427523391449748,True,True,0.9640354943162316,0.7544436000171117
UG0004_T2_graded_two_layer_fine_hot__AIP_FLINAK_2017_V10,0.35,3.0,1,5.690023391449748,4.640023391449748,True,True,0.9640354943162316,0.753446199989412
UG0004_T2_graded_two_layer_fine_hot__AIP_FLINAK_2017_V10,0.35,9.0,1,5.690023391449748,2.5400233914497483,True,True,0.9640354943162316,0.7706901999772526
UG0004_T2_graded_two_layer_fine_hot__AIP_FLINAK_2017_V10,0.35,15.0,1,5.690023391449748,0.4400233914497482,True,True,0.9640354943162316,0.7838191000046209
UG0004_T2_graded_two_layer_fine_hot__AIP_FLINAK_2017_V10,0.75,0.75,2,11.368565563962633,10.806065563962633,True,True,0.9630628882466516,0.7180028999573551
UG0004_T2_graded_two_layer_fine_hot__AIP_FLINAK_2017_V10,0.75,3.0,2,11.368565563962633,9.118565563962633,True,True,0.9630628882466516,0.7493467000313103
UG0004_T2_graded_two_layer_fine_hot__AIP_FLINAK_2017_V10,0.75,9.0,2,11.368565563962633,4.618565563962633,True,True,0.9630628882466516,0.7447433000197634
UG0004_T2_graded_two_layer_fine_hot__AIP_FLINAK_2017_V10,0.75,15.0,2,11.368565563962633,0.11856556396263329,True,True,0.9630628882466516,0.7326736000250094
UG0004_T2_graded_two_layer_fine_hot__AIP_LINAK_CARBONATE_2017_V10,0.1,0.75,1,5.289555185313282,5.214555185313282,True,True,0.9736741923498902,2.4455726000014693
UG0004_T2_graded_two_layer_fine_hot__AIP_LINAK_CARBONATE_2017_V10,0.1,3.0,1,5.289555185313282,4.989555185313282,True,True,0.9736741923498902,2.453009099990595
UG0004_T2_graded_two_layer_fine_hot__AIP_LINAK_CARBONATE_2017_V10,0.1,9.0,1,5.289555185313282,4.389555185313282,True,True,0.9736741923498902,2.447740799980238
UG0004_T2_graded_two_layer_fine_hot__AIP_LINAK_CARBONATE_2017_V10,0.1,15.0,1,5.289555185313282,3.789555185313282,True,True,0.9736741923498902,2.452354699955322
UG0004_T2_graded_two_layer_fine_hot__AIP_LINAK_CARBONATE_2017_V10,0.35,0.75,1,5.209090440185751,4.946590440185751,True,True,0.9588626547101616,0.6982761999825016
UG0004_T2_graded_two_layer_fine_hot__AIP_LINAK_CARBONATE_2017_V10,0.35,3.0,1,5.209090440185751,4.159090440185751,True,True,0.9588626547101616,0.6913716000271961
UG0004_T2_graded_two_layer_fine_hot__AIP_LINAK_CARBONATE_2017_V10,0.35,9.0,1,5.209090440185751,2.059090440185751,True,True,0.9588626547101616,0.6726374999852851
UG0004_T2_graded_two_layer_fine_hot__AIP_LINAK_CARBONATE_2017_V10,0.35,15.0,1,5.209090440185751,-0.04090955981424926,True,False,0.9588626547101616,0.7098633999703452
UG0004_T2_graded_two_layer_fine_hot__AIP_LINAK_CARBONATE_2017_V10,0.35,15.0,2,10.521964199614555,5.271964199614555,True,True,0.968414605299877,1.3968846999923699
UG0004_T2_graded_two_layer_fine_hot__AIP_LINAK_CARBONATE_2017_V10,0.75,0.75,2,10.405610525466196,9.843110525466196,True,True,0.9577057114766401,0.658976300037466
UG0004_T2_graded_two_layer_fine_hot__AIP_LINAK_CARBONATE_2017_V10,0.75,3.0,2,10.405610525466196,8.155610525466196,True,True,0.9577057114766401,0.6428950999979861
UG0004_T2_graded_two_layer_fine_hot__AIP_LINAK_CARBONATE_2017_V10,0.75,9.0,2,10.405610525466196,3.655610525466196,True,True,0.9577057114766401,0.6433834999916144
UG0004_T2_graded_two_layer_fine_hot__AIP_LINAK_CARBONATE_2017_V10,0.75,15.0,2,10.405610525466196,-0.8443894745338039,True,False,0.9577057114766401,0.65755490004085
UG0004_T2_graded_two_layer_fine_hot__AIP_LINAK_CARBONATE_2017_V10,0.75,15.0,3,15.710248368313266,4.460248368313266,True,True,0.9639539845181161,0.9928448999999091
UG0004_T2_graded_two_layer_fine_hot__AIP_LIF_NAK_CARBONATE_RECIPROCAL_2017_V10,0.1,0.75,1,5.657230038868491,5.582230038868491,True,True,0.9759955876131717,2.6236912999884225
UG0004_T2_graded_two_layer_fine_hot__AIP_LIF_NAK_CARBONATE_RECIPROCAL_2017_V10,0.1,3.0,1,5.657230038868491,5.357230038868491,True,True,0.9759955876131717,2.596723499998916
UG0004_T2_graded_two_layer_fine_hot__AIP_LIF_NAK_CARBONATE_RECIPROCAL_2017_V10,0.1,9.0,1,5.657230038868491,4.7572300388684905,True,True,0.9759955876131717,2.624876599991694
UG0004_T2_graded_two_layer_fine_hot__AIP_LIF_NAK_CARBONATE_RECIPROCAL_2017_V10,0.1,15.0,1,5.657230038868491,4.157230038868491,True,True,0.9759955876131717,2.613272999995388
UG0004_T2_graded_two_layer_fine_hot__AIP_LIF_NAK_CARBONATE_RECIPROCAL_2017_V10,0.35,0.75,1,5.58686838061902,5.32436838061902,True,True,0.9638566667072145,0.7618178999982774
UG0004_T2_graded_two_layer_fine_hot__AIP_LIF_NAK_CARBONATE_RECIPROCAL_2017_V10,0.35,3.0,1,5.58686838061902,4.53686838061902,True,True,0.9638566667072145,0.7586041999747977
UG0004_T2_graded_two_layer_fine_hot__AIP_LIF_NAK_CARBONATE_RECIPROCAL_2017_V10,0.35,9.0,1,5.58686838061902,2.43686838061902,True,True,0.9638566667072145,0.7191330000059679
UG0004_T2_graded_two_layer_fine_hot__AIP_LIF_NAK_CARBONATE_RECIPROCAL_2017_V10,0.35,15.0,1,5.58686838061902,0.3368683806190198,True,True,0.9638566667072145,0.7594505999586545
UG0004_T2_graded_two_layer_fine_hot__AIP_LIF_NAK_CARBONATE_RECIPROCAL_2017_V10,0.75,0.75,2,11.162303343995287,10.599803343995287,True,True,0.9628704097666625,0.6908884000149556
UG0004_T2_graded_two_layer_fine_hot__AIP_LIF_NAK_CARBONATE_RECIPROCAL_2017_V10,0.75,3.0,2,11.162303343995287,8.912303343995287,True,True,0.9628704097666625,0.7075480000348762
UG0004_T2_graded_two_layer_fine_hot__AIP_LIF_NAK_CARBONATE_RECIPROCAL_2017_V10,0.75,9.0,2,11.162303343995287,4.412303343995287,True,True,0.9628704097666625,0.6989751999499276
UG0004_T2_graded_two_layer_fine_hot__AIP_LIF_NAK_CARBONATE_RECIPROCAL_2017_V10,0.75,15.0,2,11.162303343995287,-0.08769665600471299,True,False,0.9628704097666625,0.703009299992118
UG0004_T2_graded_two_layer_fine_hot__AIP_LIF_NAK_CARBONATE_RECIPROCAL_2017_V10,0.75,15.0,3,16.835259452389035,5.585259452389035,True,True,0.968149832395187,1.0588003000011668
UG0004_T3_graded_two_layer_coarse_hot__SOLAR_SALT_60_40_V10,0.1,0.75,1,4.871358609092857,4.796358609092857,True,True,0.9708743792587253,2.2911050000111572
UG0004_T3_graded_two_layer_coarse_hot__SOLAR_SALT_60_40_V10,0.1,3.0,1,4.871358609092857,4.571358609092857,True,True,0.9708743792587253,2.2693486000061966
UG0004_T3_graded_two_layer_coarse_hot__SOLAR_SALT_60_40_V10,0.1,9.0,1,4.871358609092857,3.971358609092857,True,True,0.9708743792587253,2.2558990999823436
UG0004_T3_graded_two_layer_coarse_hot__SOLAR_SALT_60_40_V10,0.1,15.0,1,4.871358609092857,3.371358609092857,True,True,0.9708743792587253,2.2655434999614954
UG0004_T3_graded_two_layer_coarse_hot__SOLAR_SALT_60_40_V10,0.35,0.75,1,4.7936359890506015,4.531135989050601,True,True,0.9553840599159786,0.6465554999886081
UG0004_T3_graded_two_layer_coarse_hot__SOLAR_SALT_60_40_V10,0.35,3.0,1,4.7936359890506015,3.7436359890506017,True,True,0.9553840599159786,0.6584139000042342
UG0004_T3_graded_two_layer_coarse_hot__SOLAR_SALT_60_40_V10,0.35,9.0,1,4.7936359890506015,1.6436359890506016,True,True,0.9553840599159786,0.6384069999912754
UG0004_T3_graded_two_layer_coarse_hot__SOLAR_SALT_60_40_V10,0.35,15.0,1,4.7936359890506015,-0.4563640109493985,True,False,0.9553840599159786,0.6488564999890514
UG0004_T3_graded_two_layer_coarse_hot__SOLAR_SALT_60_40_V10,0.35,15.0,2,9.685618747478337,4.435618747478337,True,True,0.9651844427591653,1.3193811999517493
UG0004_T3_graded_two_layer_coarse_hot__SOLAR_SALT_60_40_V10,0.75,0.75,2,9.575574978691549,9.013074978691549,True,True,0.95421843878722,0.6074785999953747
UG0004_T3_graded_two_layer_coarse_hot__SOLAR_SALT_60_40_V10,0.75,3.0,2,9.575574978691549,7.325574978691549,True,True,0.95421843878722,0.6001383000402711
UG0004_T3_graded_two_layer_coarse_hot__SOLAR_SALT_60_40_V10,0.75,9.0,2,9.575574978691549,2.8255749786915487,True,True,0.95421843878722,0.6161041000159457
UG0004_T3_graded_two_layer_coarse_hot__SOLAR_SALT_60_40_V10,0.75,15.0,2,9.575574978691549,-1.6744250213084513,True,False,0.95421843878722,0.6166807999834418
UG0004_T3_graded_two_layer_coarse_hot__SOLAR_SALT_60_40_V10,0.75,15.0,3,14.458792596966575,3.2087925969665747,True,True,0.9605582626858908,0.9339901999919675
UG0004_T3_graded_two_layer_coarse_hot__NREL_MGCL2_KCL_NACL_BASELINE_V10,0.1,0.75,1,4.212747492665373,4.137747492665373,True,True,0.9669944362608491,1.972431099973619
UG0004_T3_graded_two_layer_coarse_hot__NREL_MGCL2_KCL_NACL_BASELINE_V10,0.1,3.0,1,4.212747492665373,3.912747492665373,True,True,0.9669944362608491,1.9562856000266038
UG0004_T3_graded_two_layer_coarse_hot__NREL_MGCL2_KCL_NACL_BASELINE_V10,0.1,9.0,1,4.212747492665373,3.312747492665373,True,True,0.9669944362608491,1.9679912999854423
UG0004_T3_graded_two_layer_coarse_hot__NREL_MGCL2_KCL_NACL_BASELINE_V10,0.1,15.0,1,4.212747492665373,2.7127474926653727,True,True,0.9669944362608491,1.943042400002014
UG0004_T3_graded_two_layer_coarse_hot__NREL_MGCL2_KCL_NACL_BASELINE_V10,0.35,0.75,1,4.129437561394409,3.8669375613944093,True,True,0.9478714671855473,0.5764054999453947
UG0004_T3_graded_two_layer_coarse_hot__NREL_MGCL2_KCL_NACL_BASELINE_V10,0.35,3.0,1,4.129437561394409,3.0794375613944096,True,True,0.9478714671855473,0.5866950000054203
UG0004_T3_graded_two_layer_coarse_hot__NREL_MGCL2_KCL_NACL_BASELINE_V10,0.35,9.0,1,4.129437561394409,0.9794375613944095,True,True,0.9478714671855473,0.5612778999493457
UG0004_T3_graded_two_layer_coarse_hot__NREL_MGCL2_KCL_NACL_BASELINE_V10,0.35,15.0,1,4.129437561394409,-1.1205624386055906,True,False,0.9478714671855473,0.5580671000061557
UG0004_T3_graded_two_layer_coarse_hot__NREL_MGCL2_KCL_NACL_BASELINE_V10,0.35,15.0,2,8.363475588392609,3.1134755883926086,True,True,0.9598764673007053,1.1050663000205532
UG0004_T3_graded_two_layer_coarse_hot__NREL_MGCL2_KCL_NACL_BASELINE_V10,0.75,0.75,2,8.246549848916338,7.684049848916338,True,True,0.9464568949520072,0.5206565000116825
UG0004_T3_graded_two_layer_coarse_hot__NREL_MGCL2_KCL_NACL_BASELINE_V10,0.75,3.0,2,8.246549848916338,5.996549848916338,True,True,0.9464568949520072,0.5237468000268564
UG0004_T3_graded_two_layer_coarse_hot__NREL_MGCL2_KCL_NACL_BASELINE_V10,0.75,9.0,2,8.246549848916338,1.496549848916338,True,True,0.9464568949520072,0.5211079000146128
UG0004_T3_graded_two_layer_coarse_hot__NREL_MGCL2_KCL_NACL_BASELINE_V10,0.75,15.0,2,8.246549848916338,-3.003450151083662,True,False,0.9464568949520072,0.5222700000158511
UG0004_T3_graded_two_layer_coarse_hot__NREL_MGCL2_KCL_NACL_BASELINE_V10,0.75,15.0,3,12.470770189662467,1.220770189662467,True,True,0.9541805682464896,0.7782496999716386
UG0004_T3_graded_two_layer_coarse_hot__AIP_FLINAK_2017_V10,0.1,0.75,1,5.753328854078423,5.678328854078423,True,True,0.974761058827945,2.6851620000088587
UG0004_T3_graded_two_layer_coarse_hot__AIP_FLINAK_2017_V10,0.1,3.0,1,5.753328854078423,5.453328854078423,True,True,0.974761058827945,2.6625431000138633
UG0004_T3_graded_two_layer_coarse_hot__AIP_FLINAK_2017_V10,0.1,9.0,1,5.753328854078423,4.8533288540784225,True,True,0.974761058827945,2.677758800040465
UG0004_T3_graded_two_layer_coarse_hot__AIP_FLINAK_2017_V10,0.1,15.0,1,5.753328854078423,4.253328854078423,True,True,0.974761058827945,2.6707702999701723
UG0004_T3_graded_two_layer_coarse_hot__AIP_FLINAK_2017_V10,0.35,0.75,1,5.682771564851957,5.420271564851957,True,True,0.9628068494130485,0.7473617999930866
UG0004_T3_graded_two_layer_coarse_hot__AIP_FLINAK_2017_V10,0.35,3.0,1,5.682771564851957,4.632771564851957,True,True,0.9628068494130485,0.7568303999723867
UG0004_T3_graded_two_layer_coarse_hot__AIP_FLINAK_2017_V10,0.35,9.0,1,5.682771564851957,2.532771564851957,True,True,0.9628068494130485,0.7416455000056885
UG0004_T3_graded_two_layer_coarse_hot__AIP_FLINAK_2017_V10,0.35,15.0,1,5.682771564851957,0.432771564851957,True,True,0.9628068494130485,0.7427888000383973
UG0004_T3_graded_two_layer_coarse_hot__AIP_FLINAK_2017_V10,0.75,0.75,2,11.354388349616324,10.791888349616324,True,True,0.96186189688861,0.7112623999710195
UG0004_T3_graded_two_layer_coarse_hot__AIP_FLINAK_2017_V10,0.75,3.0,2,11.354388349616324,9.104388349616324,True,True,0.96186189688861,0.7329338999697939
UG0004_T3_graded_two_layer_coarse_hot__AIP_FLINAK_2017_V10,0.75,9.0,2,11.354388349616324,4.604388349616324,True,True,0.96186189688861,0.7292832999955863
UG0004_T3_graded_two_layer_coarse_hot__AIP_FLINAK_2017_V10,0.75,15.0,2,11.354388349616324,0.1043883496163236,True,True,0.96186189688861,0.7569510000175796
UG0004_T3_graded_two_layer_coarse_hot__AIP_LINAK_CARBONATE_2017_V10,0.1,0.75,1,5.282394808408601,5.207394808408601,True,True,0.9723561468894811,2.4495774999959394
UG0004_T3_graded_two_layer_coarse_hot__AIP_LINAK_CARBONATE_2017_V10,0.1,3.0,1,5.282394808408601,4.982394808408602,True,True,0.9723561468894811,2.4281318000284955
UG0004_T3_graded_two_layer_coarse_hot__AIP_LINAK_CARBONATE_2017_V10,0.1,9.0,1,5.282394808408601,4.382394808408601,True,True,0.9723561468894811,2.4021803000359796
UG0004_T3_graded_two_layer_coarse_hot__AIP_LINAK_CARBONATE_2017_V10,0.1,15.0,1,5.282394808408601,3.7823948084086014,True,True,0.9723561468894811,2.3991166000487283
UG0004_T3_graded_two_layer_coarse_hot__AIP_LINAK_CARBONATE_2017_V10,0.35,0.75,1,5.203461941835106,4.940961941835106,True,True,0.9578265895981228,0.6761703999945894
UG0004_T3_graded_two_layer_coarse_hot__AIP_LINAK_CARBONATE_2017_V10,0.35,3.0,1,5.203461941835106,4.153461941835106,True,True,0.9578265895981228,0.6814333000220358
UG0004_T3_graded_two_layer_coarse_hot__AIP_LINAK_CARBONATE_2017_V10,0.35,9.0,1,5.203461941835106,2.053461941835106,True,True,0.9578265895981228,0.6770926999743097
UG0004_T3_graded_two_layer_coarse_hot__AIP_LINAK_CARBONATE_2017_V10,0.35,15.0,1,5.203461941835106,-0.0465380581648942,True,False,0.9578265895981228,0.6732047999976203
UG0004_T3_graded_two_layer_coarse_hot__AIP_LINAK_CARBONATE_2017_V10,0.35,15.0,2,10.507922806429017,5.257922806429017,True,True,0.9671222714749691,1.3776171999634244
UG0004_T3_graded_two_layer_coarse_hot__AIP_LINAK_CARBONATE_2017_V10,0.75,0.75,2,10.394706066808205,9.832206066808205,True,True,0.9567020930621548,0.6428141999640502
UG0004_T3_graded_two_layer_coarse_hot__AIP_LINAK_CARBONATE_2017_V10,0.75,3.0,2,10.394706066808205,8.144706066808205,True,True,0.9567020930621548,0.6417539999820292
UG0004_T3_graded_two_layer_coarse_hot__AIP_LINAK_CARBONATE_2017_V10,0.75,9.0,2,10.394706066808205,3.6447060668082045,True,True,0.9567020930621548,0.6472551999613643
UG0004_T3_graded_two_layer_coarse_hot__AIP_LINAK_CARBONATE_2017_V10,0.75,15.0,2,10.394706066808205,-0.8552939331917955,True,False,0.9567020930621548,0.6230922000249848
UG0004_T3_graded_two_layer_coarse_hot__AIP_LINAK_CARBONATE_2017_V10,0.75,15.0,3,15.69099217386138,4.44099217386138,True,True,0.9627724573434094,0.9880101000308059
UG0004_T3_graded_two_layer_coarse_hot__AIP_LIF_NAK_CARBONATE_RECIPROCAL_2017_V10,0.1,0.75,1,5.649799511421743,5.574799511421743,True,True,0.9747136595402742,2.598130400001537
UG0004_T3_graded_two_layer_coarse_hot__AIP_LIF_NAK_CARBONATE_RECIPROCAL_2017_V10,0.1,3.0,1,5.649799511421743,5.349799511421743,True,True,0.9747136595402742,2.564879999961704
UG0004_T3_graded_two_layer_coarse_hot__AIP_LIF_NAK_CARBONATE_RECIPROCAL_2017_V10,0.1,9.0,1,5.649799511421743,4.749799511421743,True,True,0.9747136595402742,2.5590526000014506
UG0004_T3_graded_two_layer_coarse_hot__AIP_LIF_NAK_CARBONATE_RECIPROCAL_2017_V10,0.1,15.0,1,5.649799511421743,4.149799511421743,True,True,0.9747136595402742,2.528236399986781
UG0004_T3_graded_two_layer_coarse_hot__AIP_LIF_NAK_CARBONATE_RECIPROCAL_2017_V10,0.35,0.75,1,5.579719032773328,5.317219032773328,True,True,0.962623248249106,0.7701025000424124
UG0004_T3_graded_two_layer_coarse_hot__AIP_LIF_NAK_CARBONATE_RECIPROCAL_2017_V10,0.35,3.0,1,5.579719032773328,4.529719032773328,True,True,0.962623248249106,0.7818803999689408
UG0004_T3_graded_two_layer_coarse_hot__AIP_LIF_NAK_CARBONATE_RECIPROCAL_2017_V10,0.35,9.0,1,5.579719032773328,2.429719032773328,True,True,0.962623248249106,0.7739545999793336
UG0004_T3_graded_two_layer_coarse_hot__AIP_LIF_NAK_CARBONATE_RECIPROCAL_2017_V10,0.35,15.0,1,5.579719032773328,0.3297190327733279,True,True,0.962623248249106,0.742231999989599
UG0004_T3_graded_two_layer_coarse_hot__AIP_LIF_NAK_CARBONATE_RECIPROCAL_2017_V10,0.75,0.75,2,11.14833240192923,10.58583240192923,True,True,0.9616652636335208,0.6898957000230439
UG0004_T3_graded_two_layer_coarse_hot__AIP_LIF_NAK_CARBONATE_RECIPROCAL_2017_V10,0.75,3.0,2,11.14833240192923,8.89833240192923,True,True,0.9616652636335208,0.6839849000098184
UG0004_T3_graded_two_layer_coarse_hot__AIP_LIF_NAK_CARBONATE_RECIPROCAL_2017_V10,0.75,9.0,2,11.14833240192923,4.398332401929229,True,True,0.9616652636335208,0.6867320000310428
UG0004_T3_graded_two_layer_coarse_hot__AIP_LIF_NAK_CARBONATE_RECIPROCAL_2017_V10,0.75,15.0,2,11.14833240192923,-0.10166759807077064,True,False,0.9616652636335208,0.6438727999920957
UG0004_T3_graded_two_layer_coarse_hot__AIP_LIF_NAK_CARBONATE_RECIPROCAL_2017_V10,0.75,15.0,3,16.811918658055856,5.5619186580558555,True,True,0.9668075670035816,0.7391748999943957
